game_id,game,player,bookmaker,book_label,market_std,market_label,name,point,price,mu,model_prob,push_prob,mkt_prob,prob_devig,consensus_prob,consensus_line,book_count,edge_bps,ev_per_100,model_status,last_update,commence_time,kick_et,home_team,away_team
d55cb69fed50a09170560b5b75d8de86,Pittsburgh Steelers @ Cleveland Browns,Aaron Rodgers,draftkings,DraftKings,pass_tds,Passing touchdowns,over,1.5,157,1.2533333333,0.5,0.0,0.3891050584,0.3677813771,0.3612034978,1.5,6,1108.9494163424,28.5,Calibration fitted; not prospectively validated,2026-09-30T18:55:15Z,2026-10-02T00:15:00Z,Thu 8:15 PM ET,Cleveland Browns,Pittsburgh Steelers
d55cb69fed50a09170560b5b75d8de86,Pittsburgh Steelers @ Cleveland Browns,Deshaun Watson,draftkings,DraftKings,pass_tds,Passing touchdowns,under,0.5,165,1.7666666667,0.4666666667,0.0,0.3773584906,0.3563727159,0.3548677772,0.5,6,893.0817610063,23.6666666667,Calibration fitted; not prospectively validated,2026-09-30T18:55:15Z,2026-10-02T00:15:00Z,Thu 8:15 PM ET,Cleveland Browns,Pittsburgh Steelers
d55cb69fed50a09170560b5b75d8de86,Pittsburgh Steelers @ Cleveland Browns,Deshaun Watson,fanduel,FanDuel,pass_tds,Passing touchdowns,under,0.5,158,1.7666666667,0.4666666667,0.0,0.3875968992,0.36219386,0.3548677772,0.5,6,790.6976744186,20.4,Calibration fitted; not prospectively validated,2026-09-30T18:55:18Z,2026-10-02T00:15:00Z,Thu 8:15 PM ET,Cleveland Browns,Pittsburgh Steelers
d55cb69fed50a09170560b5b75d8de86,Pittsburgh Steelers @ Cleveland Browns,Aaron Rodgers,fanduel,FanDuel,pass_tds,Passing touchdowns,over,1.5,158,1.2533333333,0.5,0.0,0.3875968992,0.36219386,0.3612034978,1.5,6,1124.0310077519,29.0,Calibration fitted; not prospectively validated,2026-09-30T18:55:18Z,2026-10-02T00:15:00Z,Thu 8:15 PM ET,Cleveland Browns,Pittsburgh Steelers
d55cb69fed50a09170560b5b75d8de86,Pittsburgh Steelers @ Cleveland Browns,Deshaun Watson,betonlineag,BetOnline.ag,pass_tds,Passing touchdowns,under,0.5,165,1.7666666667,0.4666666667,0.0,0.3773584906,0.3553612466,0.3548677772,0.5,6,893.0817610063,23.6666666667,Calibration fitted; not prospectively validated,2026-09-30T18:54:42Z,2026-10-02T00:15:00Z,Thu 8:15 PM ET,Cleveland Browns,Pittsburgh Steelers
d55cb69fed50a09170560b5b75d8de86,Pittsburgh Steelers @ Cleveland Browns,Aaron Rodgers,betonlineag,BetOnline.ag,pass_tds,Passing touchdowns,over,1.5,161,1.2533333333,0.5,0.0,0.3831417625,0.3602131357,0.3612034978,1.5,6,1168.5823754789,30.5,Calibration fitted; not prospectively validated,2026-09-30T18:54:42Z,2026-10-02T00:15:00Z,Thu 8:15 PM ET,Cleveland Browns,Pittsburgh Steelers
d55cb69fed50a09170560b5b75d8de86,Pittsburgh Steelers @ Cleveland Browns,Deshaun Watson,betrivers,BetRivers,pass_tds,Passing touchdowns,under,0.5,175,1.7666666667,0.4666666667,0.0,0.3636363636,0.34,0.3548677772,0.5,6,1030.303030303,28.3333333333,Calibration fitted; not prospectively validated,2026-09-30T18:54:32Z,2026-10-02T00:15:00Z,Thu 8:15 PM ET,Cleveland Browns,Pittsburgh Steelers
d55cb69fed50a09170560b5b75d8de86,Pittsburgh Steelers @ Cleveland Browns,Aaron Rodgers,betrivers,BetRivers,pass_tds,Passing touchdowns,over,1.5,160,1.2533333333,0.5,0.0,0.3846153846,0.3587443946,0.3612034978,1.5,6,1153.8461538462,30.0,Calibration fitted; not prospectively validated,2026-09-30T18:54:32Z,2026-10-02T00:15:00Z,Thu 8:15 PM ET,Cleveland Browns,Pittsburgh Steelers
d55cb69fed50a09170560b5b75d8de86,Pittsburgh Steelers @ Cleveland Browns,Aaron Rodgers,bovada,Bovada,pass_tds,Passing touchdowns,over,1.5,155,1.2533333333,0.5,0.0,0.3921568627,0.3666469545,0.3612034978,1.5,6,1078.431372549,27.5,Calibration fitted; not prospectively validated,2026-09-30T18:54:55Z,2026-10-02T00:15:00Z,Thu 8:15 PM ET,Cleveland Browns,Pittsburgh Steelers
d55cb69fed50a09170560b5b75d8de86,Pittsburgh Steelers @ Cleveland Browns,Deshaun Watson,fanatics,Fanatics,pass_tds,Passing touchdowns,under,0.5,165,1.7666666667,0.4666666667,0.0,0.3773584906,0.3543743079,0.3548677772,0.5,6,893.0817610063,23.6666666667,Calibration fitted; not prospectively validated,2026-09-30T18:54:59Z,2026-10-02T00:15:00Z,Thu 8:15 PM ET,Cleveland Browns,Pittsburgh Steelers
d55cb69fed50a09170560b5b75d8de86,Pittsburgh Steelers @ Cleveland Browns,Deshaun Watson,betmgm,BetMGM,pass_tds,Passing touchdowns,under,0.5,165,1.7666666667,0.4666666667,0.0,0.3773584906,0.3527815468,0.3548677772,0.5,6,893.0817610063,23.6666666667,Calibration fitted; not prospectively validated,2026-09-30T18:54:52Z,2026-10-02T00:15:00Z,Thu 8:15 PM ET,Cleveland Browns,Pittsburgh Steelers
d55cb69fed50a09170560b5b75d8de86,Pittsburgh Steelers @ Cleveland Browns,Aaron Rodgers,betmgm,BetMGM,pass_tds,Passing touchdowns,over,1.5,165,1.2533333333,0.5,0.0,0.3773584906,0.3543743079,0.3612034978,1.5,6,1226.4150943396,32.5,Calibration fitted; not prospectively validated,2026-09-30T18:54:52Z,2026-10-02T00:15:00Z,Thu 8:15 PM ET,Cleveland Browns,Pittsburgh Steelers
d55cb69fed50a09170560b5b75d8de86,Pittsburgh Steelers @ Cleveland Browns,Harold Fannin,draftkings,DraftKings,receptions,Receptions,over,4.5,-111,4.6036627151,0.5408805031,0.0,0.5260663507,0.4958445876,0.4948402543,4.5,5,148.1415243375,2.8160235707,Calibration fitted; not prospectively validated,2026-09-30T18:55:15Z,2026-10-02T00:15:00Z,Thu 8:15 PM ET,Cleveland Browns,Pittsburgh Steelers
d55cb69fed50a09170560b5b75d8de86,Pittsburgh Steelers @ Cleveland Browns,KC Concepcion,draftkings,DraftKings,receptions,Receptions,under,3.5,118,3.0084420163,0.5475728155,0.0,0.4587155963,0.432624358,0.4366812227,3.5,5,888.5721920371,19.3708737864,Calibration fitted; not prospectively validated,2026-09-30T18:55:15Z,2026-10-02T00:15:00Z,Thu 8:15 PM ET,Cleveland Browns,Pittsburgh Steelers
d55cb69fed50a09170560b5b75d8de86,Pittsburgh Steelers @ Cleveland Browns,DK Metcalf,draftkings,DraftKings,receptions,Receptions,under,3.5,104,3.4444330301,0.5408805031,0.0,0.4901960784,0.4620082487,0.4653465347,3.5,5,506.8442471328,10.3396226415,Calibration fitted; not prospectively validated,2026-09-30T18:55:15Z,2026-10-02T00:15:00Z,Thu 8:15 PM ET,Cleveland Browns,Pittsburgh Steelers
d55cb69fed50a09170560b5b75d8de86,Pittsburgh Steelers @ Cleveland Browns,Denzel Boston,draftkings,DraftKings,receptions,Receptions,under,2.5,120,2.5800511224,0.4591194969,0.0,0.4545454545,0.4291044776,0.4291044776,2.5,5,45.7404230989,1.0062893082,Calibration fitted; not prospectively validated,2026-09-30T18:55:15Z,2026-10-02T00:15:00Z,Thu 8:15 PM ET,Cleveland Browns,Pittsburgh Steelers
d55cb69fed50a09170560b5b75d8de86,Pittsburgh Steelers @ Cleveland Browns,Roman Wilson,draftkings,DraftKings,receptions,Receptions,over,2.5,135,2.7544610802,0.5420560748,0.0,0.4255319149,0.4017364432,0.3887399464,2.5,5,1165.2415987274,27.3831775701,Calibration fitted; not prospectively validated,2026-09-30T18:55:15Z,2026-10-02T00:15:00Z,Thu 8:15 PM ET,Cleveland Browns,Pittsburgh Steelers
d55cb69fed50a09170560b5b75d8de86,Pittsburgh Steelers @ Cleveland Browns,Quinshon Judkins,draftkings,DraftKings,receptions,Receptions,over,2.5,139,2.4220002511,0.4591194969,0.0,0.4184100418,0.3952119644,0.3952119644,2.5,5,407.0945501434,9.7295597484,Calibration fitted; not prospectively validated,2026-09-30T18:55:15Z,2026-10-02T00:15:00Z,Thu 8:15 PM ET,Cleveland Browns,Pittsburgh Steelers
d55cb69fed50a09170560b5b75d8de86,Pittsburgh Steelers @ Cleveland Browns,Darnell Washington,draftkings,DraftKings,receptions,Receptions,under,1.5,148,2.1145508521,0.4524271845,0.0,0.4032258065,0.3809774041,0.3845514501,1.5,4,492.0137801441,12.2019417476,Calibration fitted; not prospectively validated,2026-09-30T18:55:15Z,2026-10-02T00:15:00Z,Thu 8:15 PM ET,Cleveland Browns,Pittsburgh Steelers
d55cb69fed50a09170560b5b75d8de86,Pittsburgh Steelers @ Cleveland Browns,Raheim Sanders,draftkings,DraftKings,receptions,Receptions,under,1.5,144,2.4936632482,0.4524271845,0.0,0.4098360656,0.387017925,0.387017925,1.5,5,425.9111889225,10.3922330097,Calibration fitted; not prospectively validated,2026-09-30T18:55:15Z,2026-10-02T00:15:00Z,Thu 8:15 PM ET,Cleveland Browns,Pittsburgh Steelers
d55cb69fed50a09170560b5b75d8de86,Pittsburgh Steelers @ Cleveland Browns,Jerry Jeudy,draftkings,DraftKings,receptions,Receptions,over,1.5,116,2.4017628231,0.5475728155,0.0,0.462962963,0.4368658399,0.4368658399,1.5,5,846.0985257102,18.2757281553,Calibration fitted; not prospectively validated,2026-09-30T18:55:15Z,2026-10-02T00:15:00Z,Thu 8:15 PM ET,Cleveland Browns,Pittsburgh Steelers
d55cb69fed50a09170560b5b75d8de86,Pittsburgh Steelers @ Cleveland Browns,Quinshon Judkins,draftkings,DraftKings,rush_attempts,Rushing attempts,under,16.5,-109,12.9915513287,0.5526315789,0.0,0.5215311005,0.4926759856,0.4926759856,16.5,3,311.004784689,5.9633027523,Calibration fitted; not prospectively validated,2026-09-30T18:55:15Z,2026-10-02T00:15:00Z,Thu 8:15 PM ET,Cleveland Browns,Pittsburgh Steelers
d55cb69fed50a09170560b5b75d8de86,Pittsburgh Steelers @ Cleveland Browns,Jaylen Warren,draftkings,DraftKings,rush_attempts,Rushing attempts,under,15.5,-112,11.366329604,0.5945945946,0.0,0.5283018868,0.4979225528,0.4974136082,15.5,2,662.9270780214,12.5482625483,Calibration fitted; not prospectively validated,2026-09-30T18:55:15Z,2026-10-02T00:15:00Z,Thu 8:15 PM ET,Cleveland Browns,Pittsburgh Steelers
d55cb69fed50a09170560b5b75d8de86,Pittsburgh Steelers @ Cleveland Browns,Raheim Sanders,draftkings,DraftKings,rush_yds,Rushing yards,over,5.5,-124,33.581371524,0.5647668394,0.0,0.5535714286,0.5241860856,0.5102580936,5.5,3,111.9541080681,2.0223967909,Calibration fitted; not prospectively validated,2026-09-30T18:55:15Z,2026-10-02T00:15:00Z,Thu 8:15 PM ET,Cleveland Browns,Pittsburgh Steelers
d55cb69fed50a09170560b5b75d8de86,Pittsburgh Steelers @ Cleveland Browns,Aaron Rodgers,draftkings,DraftKings,rush_yds,Rushing yards,over,1.5,-104,10.6006093719,0.5647668394,0.0,0.5098039216,0.482168331,0.4809318812,1.5,2,549.6291780961,10.7811877242,Calibration fitted; not prospectively validated,2026-09-30T18:55:15Z,2026-10-02T00:15:00Z,Thu 8:15 PM ET,Cleveland Browns,Pittsburgh Steelers
d55cb69fed50a09170560b5b75d8de86,Pittsburgh Steelers @ Cleveland Browns,DK Metcalf,fanduel,FanDuel,receptions,Receptions,under,3.5,-108,3.4444330301,0.5408805031,0.0,0.5192307692,0.4858161777,0.4653465347,3.5,5,216.4973391388,4.1695783834,Calibration fitted; not prospectively validated,2026-09-30T18:55:18Z,2026-10-02T00:15:00Z,Thu 8:15 PM ET,Cleveland Browns,Pittsburgh Steelers
d55cb69fed50a09170560b5b75d8de86,Pittsburgh Steelers @ Cleveland Browns,Darnell Washington,fanduel,FanDuel,receptions,Receptions,under,1.5,140,2.1145508521,0.4524271845,0.0,0.4166666667,0.3896103896,0.3845514501,1.5,4,357.6051779935,8.5825242718,Calibration fitted; not prospectively validated,2026-09-30T18:55:18Z,2026-10-02T00:15:00Z,Thu 8:15 PM ET,Cleveland Browns,Pittsburgh Steelers
d55cb69fed50a09170560b5b75d8de86,Pittsburgh Steelers @ Cleveland Browns,KC Concepcion,fanduel,FanDuel,receptions,Receptions,under,3.5,104,3.0084420163,0.5475728155,0.0,0.4901960784,0.4581151832,0.4366812227,3.5,5,573.7673710261,11.7048543689,Calibration fitted; not prospectively validated,2026-09-30T18:55:18Z,2026-10-02T00:15:00Z,Thu 8:15 PM ET,Cleveland Browns,Pittsburgh Steelers
d55cb69fed50a09170560b5b75d8de86,Pittsburgh Steelers @ Cleveland Browns,Harold Fannin,fanduel,FanDuel,receptions,Receptions,over,4.5,-114,4.6036627151,0.5408805031,0.0,0.5327102804,0.5,0.4948402543,4.5,5,81.7022277082,1.533708485,Calibration fitted; not prospectively validated,2026-09-30T18:55:18Z,2026-10-02T00:15:00Z,Thu 8:15 PM ET,Cleveland Browns,Pittsburgh Steelers
d55cb69fed50a09170560b5b75d8de86,Pittsburgh Steelers @ Cleveland Browns,Quinshon Judkins,fanduel,FanDuel,receptions,Receptions,over,2.5,140,2.4220002511,0.4591194969,0.0,0.4166666667,0.3896103896,0.3952119644,2.5,5,424.5283018868,10.1886792453,Calibration fitted; not prospectively validated,2026-09-30T18:55:18Z,2026-10-02T00:15:00Z,Thu 8:15 PM ET,Cleveland Browns,Pittsburgh Steelers
d55cb69fed50a09170560b5b75d8de86,Pittsburgh Steelers @ Cleveland Browns,Jerry Jeudy,fanduel,FanDuel,receptions,Receptions,over,1.5,124,2.4017628231,0.5475728155,0.0,0.4464285714,0.4170324846,0.4368658399,1.5,5,1011.4424410541,22.6563106796,Calibration fitted; not prospectively validated,2026-09-30T18:55:18Z,2026-10-02T00:15:00Z,Thu 8:15 PM ET,Cleveland Browns,Pittsburgh Steelers
d55cb69fed50a09170560b5b75d8de86,Pittsburgh Steelers @ Cleveland Browns,Raheim Sanders,fanduel,FanDuel,receptions,Receptions,under,1.5,128,2.4936632482,0.4524271845,0.0,0.4385964912,0.4095398699,0.387017925,1.5,5,138.3069323795,3.1533980583,Calibration fitted; not prospectively validated,2026-09-30T18:55:18Z,2026-10-02T00:15:00Z,Thu 8:15 PM ET,Cleveland Browns,Pittsburgh Steelers
d55cb69fed50a09170560b5b75d8de86,Pittsburgh Steelers @ Cleveland Browns,Roman Wilson,fanduel,FanDuel,receptions,Receptions,over,2.5,144,2.7544610802,0.5420560748,0.0,0.4098360656,0.3831317765,0.3887399464,2.5,5,1322.2000919258,32.261682243,Calibration fitted; not prospectively validated,2026-09-30T18:55:18Z,2026-10-02T00:15:00Z,Thu 8:15 PM ET,Cleveland Browns,Pittsburgh Steelers
d55cb69fed50a09170560b5b75d8de86,Pittsburgh Steelers @ Cleveland Browns,Raheim Sanders,fanduel,FanDuel,rush_yds,Rushing yards,over,5.5,-114,33.581371524,0.5647668394,0.0,0.5327102804,0.5,0.5102580936,5.5,3,320.5655900441,6.0176347605,Calibration fitted; not prospectively validated,2026-09-30T18:55:18Z,2026-10-02T00:15:00Z,Thu 8:15 PM ET,Cleveland Browns,Pittsburgh Steelers
d55cb69fed50a09170560b5b75d8de86,Pittsburgh Steelers @ Cleveland Browns,Jaylen Warren,fanduel,FanDuel,rush_yds,Rushing yards,under,71.5,-114,57.2187838409,0.5647668394,0.0,0.5327102804,0.5,0.5,68.5,1,320.5655900441,6.0176347605,Calibration fitted; not prospectively validated,2026-09-30T18:55:18Z,2026-10-02T00:15:00Z,Thu 8:15 PM ET,Cleveland Browns,Pittsburgh Steelers
d55cb69fed50a09170560b5b75d8de86,Pittsburgh Steelers @ Cleveland Browns,DK Metcalf,betonlineag,BetOnline.ag,receptions,Receptions,under,3.5,-102,3.4444330301,0.5408805031,0.0,0.504950495,0.4743894444,0.4653465347,3.5,5,359.3000809515,7.1155506228,Calibration fitted; not prospectively validated,2026-09-30T18:54:42Z,2026-10-02T00:15:00Z,Thu 8:15 PM ET,Cleveland Browns,Pittsburgh Steelers
d55cb69fed50a09170560b5b75d8de86,Pittsburgh Steelers @ Cleveland Browns,KC Concepcion,betonlineag,BetOnline.ag,receptions,Receptions,under,3.5,120,3.0084420163,0.5475728155,0.0,0.4545454545,0.4272363151,0.4366812227,3.5,5,930.2736098853,20.4660194175,Calibration fitted; not prospectively validated,2026-09-30T18:54:42Z,2026-10-02T00:15:00Z,Thu 8:15 PM ET,Cleveland Browns,Pittsburgh Steelers
d55cb69fed50a09170560b5b75d8de86,Pittsburgh Steelers @ Cleveland Browns,Harold Fannin,betonlineag,BetOnline.ag,receptions,Receptions,over,4.5,-111,4.6036627151,0.5408805031,0.0,0.5260663507,0.4948402543,0.4948402543,4.5,5,148.1415243375,2.8160235707,Calibration fitted; not prospectively validated,2026-09-30T18:54:42Z,2026-10-02T00:15:00Z,Thu 8:15 PM ET,Cleveland Browns,Pittsburgh Steelers
d55cb69fed50a09170560b5b75d8de86,Pittsburgh Steelers @ Cleveland Browns,Darnell Washington,betonlineag,BetOnline.ag,receptions,Receptions,under,1.5,144,2.1145508521,0.4524271845,0.0,0.4098360656,0.3852511464,0.3845514501,1.5,4,425.9111889225,10.3922330097,Calibration fitted; not prospectively validated,2026-09-30T18:54:42Z,2026-10-02T00:15:00Z,Thu 8:15 PM ET,Cleveland Browns,Pittsburgh Steelers
d55cb69fed50a09170560b5b75d8de86,Pittsburgh Steelers @ Cleveland Browns,Jerry Jeudy,betonlineag,BetOnline.ag,receptions,Receptions,over,1.5,115,2.4017628231,0.5475728155,0.0,0.4651162791,0.4373408273,0.4368658399,1.5,5,824.5653646421,17.7281553398,Calibration fitted; not prospectively validated,2026-09-30T18:54:42Z,2026-10-02T00:15:00Z,Thu 8:15 PM ET,Cleveland Browns,Pittsburgh Steelers
d55cb69fed50a09170560b5b75d8de86,Pittsburgh Steelers @ Cleveland Browns,Roman Wilson,betonlineag,BetOnline.ag,receptions,Receptions,over,2.5,145,2.7544610802,0.5420560748,0.0,0.4081632653,0.3830010493,0.3887399464,2.5,5,1338.9280946023,32.8037383178,Calibration fitted; not prospectively validated,2026-09-30T18:54:42Z,2026-10-02T00:15:00Z,Thu 8:15 PM ET,Cleveland Browns,Pittsburgh Steelers
d55cb69fed50a09170560b5b75d8de86,Pittsburgh Steelers @ Cleveland Browns,Raheim Sanders,betonlineag,BetOnline.ag,receptions,Receptions,under,1.5,138,2.4936632482,0.4524271845,0.0,0.4201680672,0.3943173556,0.387017925,1.5,5,322.5911723913,7.6776699029,Calibration fitted; not prospectively validated,2026-09-30T18:54:42Z,2026-10-02T00:15:00Z,Thu 8:15 PM ET,Cleveland Browns,Pittsburgh Steelers
d55cb69fed50a09170560b5b75d8de86,Pittsburgh Steelers @ Cleveland Browns,Quinshon Judkins,betonlineag,BetOnline.ag,receptions,Receptions,over,2.5,141,2.4220002511,0.4591194969,0.0,0.4149377593,0.3899568995,0.3952119644,2.5,5,441.8173751925,10.6477987421,Calibration fitted; not prospectively validated,2026-09-30T18:54:42Z,2026-10-02T00:15:00Z,Thu 8:15 PM ET,Cleveland Browns,Pittsburgh Steelers
d55cb69fed50a09170560b5b75d8de86,Pittsburgh Steelers @ Cleveland Browns,Quinshon Judkins,betonlineag,BetOnline.ag,rush_attempts,Rushing attempts,under,16.5,-110,12.9915513287,0.5526315789,0.0,0.5238095238,0.4917965546,0.4926759856,16.5,3,288.2205513784,5.5023923445,Calibration fitted; not prospectively validated,2026-09-30T18:54:42Z,2026-10-02T00:15:00Z,Thu 8:15 PM ET,Cleveland Browns,Pittsburgh Steelers
d55cb69fed50a09170560b5b75d8de86,Pittsburgh Steelers @ Cleveland Browns,Jaylen Warren,betonlineag,BetOnline.ag,rush_attempts,Rushing attempts,under,15.5,-112,11.366329604,0.5945945946,0.0,0.5283018868,0.4969046636,0.4974136082,15.5,2,662.9270780214,12.5482625483,Calibration fitted; not prospectively validated,2026-09-30T18:54:42Z,2026-10-02T00:15:00Z,Thu 8:15 PM ET,Cleveland Browns,Pittsburgh Steelers
d55cb69fed50a09170560b5b75d8de86,Pittsburgh Steelers @ Cleveland Browns,Raheim Sanders,betonlineag,BetOnline.ag,rush_yds,Rushing yards,over,5.5,-119,33.581371524,0.5647668394,0.0,0.5433789954,0.5102580936,0.5102580936,5.5,3,213.8784394445,3.9360822049,Calibration fitted; not prospectively validated,2026-09-30T18:54:42Z,2026-10-02T00:15:00Z,Thu 8:15 PM ET,Cleveland Browns,Pittsburgh Steelers
d55cb69fed50a09170560b5b75d8de86,Pittsburgh Steelers @ Cleveland Browns,Harold Fannin,betrivers,BetRivers,receptions,Receptions,over,4.5,-114,4.6036627151,0.5408805031,0.0,0.5327102804,,0.4948402543,4.5,5,81.7022277082,1.533708485,Calibration fitted; not prospectively validated,2026-09-30T18:54:32Z,2026-10-02T00:15:00Z,Thu 8:15 PM ET,Cleveland Browns,Pittsburgh Steelers
d55cb69fed50a09170560b5b75d8de86,Pittsburgh Steelers @ Cleveland Browns,Quinshon Judkins,betrivers,BetRivers,receptions,Receptions,over,2.5,140,2.4220002511,0.4591194969,0.0,0.4166666667,,0.3952119644,2.5,5,424.5283018868,10.1886792453,Calibration fitted; not prospectively validated,2026-09-30T18:54:32Z,2026-10-02T00:15:00Z,Thu 8:15 PM ET,Cleveland Browns,Pittsburgh Steelers
d55cb69fed50a09170560b5b75d8de86,Pittsburgh Steelers @ Cleveland Browns,Roman Wilson,betrivers,BetRivers,receptions,Receptions,over,2.5,128,2.7544610802,0.5420560748,0.0,0.4385964912,,0.3887399464,2.5,5,1034.5958353828,23.5887850467,Calibration fitted; not prospectively validated,2026-09-30T18:54:32Z,2026-10-02T00:15:00Z,Thu 8:15 PM ET,Cleveland Browns,Pittsburgh Steelers
d55cb69fed50a09170560b5b75d8de86,Pittsburgh Steelers @ Cleveland Browns,Jerry Jeudy,betrivers,BetRivers,receptions,Receptions,over,1.5,114,2.4017628231,0.5475728155,0.0,0.4672897196,,0.4368658399,1.5,5,802.8309590781,17.1805825243,Calibration fitted; not prospectively validated,2026-09-30T18:54:32Z,2026-10-02T00:15:00Z,Thu 8:15 PM ET,Cleveland Browns,Pittsburgh Steelers
d55cb69fed50a09170560b5b75d8de86,Pittsburgh Steelers @ Cleveland Browns,Darnell Washington,bovada,Bovada,receptions,Receptions,under,1.5,145,2.1145508521,0.4524271845,0.0,0.4081632653,0.3838517538,0.3845514501,1.5,4,442.639191599,10.8446601942,Calibration fitted; not prospectively validated,2026-09-30T18:54:55Z,2026-10-02T00:15:00Z,Thu 8:15 PM ET,Cleveland Browns,Pittsburgh Steelers
d55cb69fed50a09170560b5b75d8de86,Pittsburgh Steelers @ Cleveland Browns,Denzel Boston,bovada,Bovada,receptions,Receptions,under,2.5,120,2.5800511224,0.4591194969,0.0,0.4545454545,0.4248366013,0.4291044776,2.5,5,45.7404230989,1.0062893082,Calibration fitted; not prospectively validated,2026-09-30T18:54:55Z,2026-10-02T00:15:00Z,Thu 8:15 PM ET,Cleveland Browns,Pittsburgh Steelers
d55cb69fed50a09170560b5b75d8de86,Pittsburgh Steelers @ Cleveland Browns,DK Metcalf,bovada,Bovada,receptions,Receptions,under,3.5,105,3.4444330301,0.5408805031,0.0,0.487804878,0.4592085979,0.4653465347,3.5,5,530.7562509587,10.8805031447,Calibration fitted; not prospectively validated,2026-09-30T18:54:55Z,2026-10-02T00:15:00Z,Thu 8:15 PM ET,Cleveland Browns,Pittsburgh Steelers
d55cb69fed50a09170560b5b75d8de86,Pittsburgh Steelers @ Cleveland Browns,Harold Fannin,bovada,Bovada,receptions,Receptions,over,4.5,-110,4.6036627151,0.5408805031,0.0,0.5238095238,0.4898785425,0.4948402543,4.5,5,170.7097933513,3.2590051458,Calibration fitted; not prospectively validated,2026-09-30T18:54:55Z,2026-10-02T00:15:00Z,Thu 8:15 PM ET,Cleveland Browns,Pittsburgh Steelers
d55cb69fed50a09170560b5b75d8de86,Pittsburgh Steelers @ Cleveland Browns,Jerry Jeudy,bovada,Bovada,receptions,Receptions,over,1.5,115,2.4017628231,0.5475728155,0.0,0.4651162791,0.4366812227,0.4368658399,1.5,5,824.5653646421,17.7281553398,Calibration fitted; not prospectively validated,2026-09-30T18:54:55Z,2026-10-02T00:15:00Z,Thu 8:15 PM ET,Cleveland Browns,Pittsburgh Steelers
d55cb69fed50a09170560b5b75d8de86,Pittsburgh Steelers @ Cleveland Browns,KC Concepcion,bovada,Bovada,receptions,Receptions,under,3.5,115,3.0084420163,0.5475728155,0.0,0.4651162791,0.4366812227,0.4366812227,3.5,5,824.5653646421,17.7281553398,Calibration fitted; not prospectively validated,2026-09-30T18:54:55Z,2026-10-02T00:15:00Z,Thu 8:15 PM ET,Cleveland Browns,Pittsburgh Steelers
d55cb69fed50a09170560b5b75d8de86,Pittsburgh Steelers @ Cleveland Browns,Quinshon Judkins,bovada,Bovada,receptions,Receptions,over,2.5,135,2.4220002511,0.4591194969,0.0,0.4255319149,0.3982930299,0.3952119644,2.5,5,335.8758196173,7.893081761,Calibration fitted; not prospectively validated,2026-09-30T18:54:55Z,2026-10-02T00:15:00Z,Thu 8:15 PM ET,Cleveland Browns,Pittsburgh Steelers
d55cb69fed50a09170560b5b75d8de86,Pittsburgh Steelers @ Cleveland Browns,Raheim Sanders,bovada,Bovada,receptions,Receptions,under,1.5,145,2.4936632482,0.4524271845,0.0,0.4081632653,0.3838517538,0.387017925,1.5,5,442.639191599,10.8446601942,Calibration fitted; not prospectively validated,2026-09-30T18:54:55Z,2026-10-02T00:15:00Z,Thu 8:15 PM ET,Cleveland Browns,Pittsburgh Steelers
d55cb69fed50a09170560b5b75d8de86,Pittsburgh Steelers @ Cleveland Browns,Roman Wilson,bovada,Bovada,receptions,Receptions,over,2.5,135,2.7544610802,0.5420560748,0.0,0.4255319149,0.3982930299,0.3887399464,2.5,5,1165.2415987274,27.3831775701,Calibration fitted; not prospectively validated,2026-09-30T18:54:55Z,2026-10-02T00:15:00Z,Thu 8:15 PM ET,Cleveland Browns,Pittsburgh Steelers
d55cb69fed50a09170560b5b75d8de86,Pittsburgh Steelers @ Cleveland Browns,Aaron Rodgers,bovada,Bovada,rush_yds,Rushing yards,over,1.5,-105,10.6006093719,0.5647668394,0.0,0.512195122,0.4796954315,0.4809318812,1.5,2,525.7171742702,10.2640019738,Calibration fitted; not prospectively validated,2026-09-30T18:54:55Z,2026-10-02T00:15:00Z,Thu 8:15 PM ET,Cleveland Browns,Pittsburgh Steelers
d55cb69fed50a09170560b5b75d8de86,Pittsburgh Steelers @ Cleveland Browns,Quinshon Judkins,betmgm,BetMGM,receptions,Receptions,over,2.5,135,2.4220002511,0.4591194969,0.0,0.4255319149,0.3959708232,0.3952119644,2.5,5,335.8758196173,7.893081761,Calibration fitted; not prospectively validated,2026-09-30T18:54:52Z,2026-10-02T00:15:00Z,Thu 8:15 PM ET,Cleveland Browns,Pittsburgh Steelers
d55cb69fed50a09170560b5b75d8de86,Pittsburgh Steelers @ Cleveland Browns,Raheim Sanders,betmgm,BetMGM,receptions,Receptions,under,1.5,145,2.4936632482,0.4524271845,0.0,0.4081632653,0.3797468354,0.387017925,1.5,5,442.639191599,10.8446601942,Calibration fitted; not prospectively validated,2026-09-30T18:54:52Z,2026-10-02T00:15:00Z,Thu 8:15 PM ET,Cleveland Browns,Pittsburgh Steelers
d55cb69fed50a09170560b5b75d8de86,Pittsburgh Steelers @ Cleveland Browns,Harold Fannin,betmgm,BetMGM,receptions,Receptions,over,4.5,-111,4.6036627151,0.5408805031,0.0,0.5260663507,0.4909529554,0.4948402543,4.5,5,148.1415243375,2.8160235707,Calibration fitted; not prospectively validated,2026-09-30T18:54:52Z,2026-10-02T00:15:00Z,Thu 8:15 PM ET,Cleveland Browns,Pittsburgh Steelers
d55cb69fed50a09170560b5b75d8de86,Pittsburgh Steelers @ Cleveland Browns,Denzel Boston,betmgm,BetMGM,receptions,Receptions,under,2.5,120,2.5800511224,0.4591194969,0.0,0.4545454545,0.4248366013,0.4291044776,2.5,5,45.7404230989,1.0062893082,Calibration fitted; not prospectively validated,2026-09-30T18:54:52Z,2026-10-02T00:15:00Z,Thu 8:15 PM ET,Cleveland Browns,Pittsburgh Steelers
d55cb69fed50a09170560b5b75d8de86,Pittsburgh Steelers @ Cleveland Browns,KC Concepcion,betmgm,BetMGM,receptions,Receptions,under,3.5,110,3.0084420163,0.5475728155,0.0,0.4761904762,0.4424778761,0.4366812227,3.5,5,713.823393435,14.9902912621,Calibration fitted; not prospectively validated,2026-09-30T18:54:52Z,2026-10-02T00:15:00Z,Thu 8:15 PM ET,Cleveland Browns,Pittsburgh Steelers
d55cb69fed50a09170560b5b75d8de86,Pittsburgh Steelers @ Cleveland Browns,Jerry Jeudy,betmgm,BetMGM,receptions,Receptions,over,1.5,110,2.4017628231,0.5475728155,0.0,0.4761904762,0.4424778761,0.4368658399,1.5,5,713.823393435,14.9902912621,Calibration fitted; not prospectively validated,2026-09-30T18:54:52Z,2026-10-02T00:15:00Z,Thu 8:15 PM ET,Cleveland Browns,Pittsburgh Steelers
d55cb69fed50a09170560b5b75d8de86,Pittsburgh Steelers @ Cleveland Browns,DK Metcalf,betmgm,BetMGM,receptions,Receptions,under,3.5,100,3.4444330301,0.5408805031,0.0,0.5,0.4653465347,0.4653465347,3.5,5,408.8050314465,8.1761006289,Calibration fitted; not prospectively validated,2026-09-30T18:54:52Z,2026-10-02T00:15:00Z,Thu 8:15 PM ET,Cleveland Browns,Pittsburgh Steelers
d55cb69fed50a09170560b5b75d8de86,Pittsburgh Steelers @ Cleveland Browns,Roman Wilson,betmgm,BetMGM,receptions,Receptions,over,2.5,140,2.7544610802,0.5420560748,0.0,0.4166666667,0.3887399464,0.3887399464,2.5,5,1253.8940809969,30.0934579439,Calibration fitted; not prospectively validated,2026-09-30T18:54:52Z,2026-10-02T00:15:00Z,Thu 8:15 PM ET,Cleveland Browns,Pittsburgh Steelers
d55cb69fed50a09170560b5b75d8de86,Pittsburgh Steelers @ Cleveland Browns,Jaylen Warren,betmgm,BetMGM,receptions,Receptions,under,3.5,-135,2.2887777087,0.5789473684,0.0,0.5744680851,0.5346534653,0.5649148073,3.5,6,44.7928331467,0.7797270955,Calibration fitted; not prospectively validated,2026-09-30T18:54:52Z,2026-10-02T00:15:00Z,Thu 8:15 PM ET,Cleveland Browns,Pittsburgh Steelers
d55cb69fed50a09170560b5b75d8de86,Pittsburgh Steelers @ Cleveland Browns,Darnell Washington,betmgm,BetMGM,receptions,Receptions,over,2.5,145,2.1145508521,0.4524271845,0.0,0.4081632653,0.3797468354,0.3797468354,1.5,1,442.639191599,10.8446601942,Calibration fitted; not prospectively validated,2026-09-30T18:54:52Z,2026-10-02T00:15:00Z,Thu 8:15 PM ET,Cleveland Browns,Pittsburgh Steelers
d55cb69fed50a09170560b5b75d8de86,Pittsburgh Steelers @ Cleveland Browns,Quinshon Judkins,betmgm,BetMGM,rush_attempts,Rushing attempts,under,16.5,-120,12.9915513287,0.5526315789,0.0,0.5454545455,0.5101214575,0.4926759856,16.5,3,71.7703349282,1.3157894737,Calibration fitted; not prospectively validated,2026-09-30T18:54:52Z,2026-10-02T00:15:00Z,Thu 8:15 PM ET,Cleveland Browns,Pittsburgh Steelers
c9d8ed8aa4889486eaf10a630138ede0,Indianapolis Colts @ Washington Commanders,Daniel Jones,draftkings,DraftKings,pass_attempts,Passing attempts,over,31.5,-107,35.2591323431,0.6363636364,0.0,0.5169082126,0.4865646962,0.4898102244,31.5,4,1194.5542380325,23.1096006797,Calibration fitted; not prospectively validated,2026-09-30T18:55:26Z,2026-10-04T13:30:00Z,Sun 9:30 AM ET,Washington Commanders,Indianapolis Colts
c9d8ed8aa4889486eaf10a630138ede0,Indianapolis Colts @ Washington Commanders,Marcus Mariota,draftkings,DraftKings,pass_attempts,Passing attempts,under,30.5,-106,26.9894260727,0.5625,0.0,0.5145631068,0.4844887492,0.4844887492,30.5,3,479.3689320388,9.3160377358,Calibration fitted; not prospectively validated,2026-09-30T18:55:26Z,2026-10-04T13:30:00Z,Sun 9:30 AM ET,Washington Commanders,Indianapolis Colts
c9d8ed8aa4889486eaf10a630138ede0,Indianapolis Colts @ Washington Commanders,Marcus Mariota,draftkings,DraftKings,pass_tds,Passing touchdowns,over,1.5,128,2.12,0.5,0.0,0.4385964912,0.4138449962,0.4017531045,1.5,5,614.0350877193,14.0,Calibration fitted; not prospectively validated,2026-09-30T18:55:26Z,2026-10-04T13:30:00Z,Sun 9:30 AM ET,Washington Commanders,Indianapolis Colts
c9d8ed8aa4889486eaf10a630138ede0,Indianapolis Colts @ Washington Commanders,Marcus Mariota,fanduel,FanDuel,pass_tds,Passing touchdowns,over,1.5,142,2.12,0.5,0.0,0.4132231405,0.3859166843,0.4017531045,1.5,5,867.7685950413,21.0,Calibration fitted; not prospectively validated,2026-09-30T18:54:55Z,2026-10-04T13:30:00Z,Sun 9:30 AM ET,Washington Commanders,Indianapolis Colts
c9d8ed8aa4889486eaf10a630138ede0,Indianapolis Colts @ Washington Commanders,Daniel Jones,betmgm,BetMGM,pass_attempts,Passing attempts,over,31.5,-115,35.2591323431,0.6363636364,0.0,0.5348837209,0.5,0.4898102244,31.5,4,1014.799154334,18.9723320158,Calibration fitted; not prospectively validated,2026-09-30T18:55:24Z,2026-10-04T13:30:00Z,Sun 9:30 AM ET,Washington Commanders,Indianapolis Colts
c9d8ed8aa4889486eaf10a630138ede0,Indianapolis Colts @ Washington Commanders,Daniel Jones,bovada,Bovada,pass_attempts,Passing attempts,over,31.5,-110,35.2591323431,0.6363636364,0.0,0.5238095238,0.4898785425,0.4898102244,31.5,4,1125.5411255411,21.4876033058,Calibration fitted; not prospectively validated,2026-09-30T18:54:05Z,2026-10-04T13:30:00Z,Sun 9:30 AM ET,Washington Commanders,Indianapolis Colts
c9d8ed8aa4889486eaf10a630138ede0,Indianapolis Colts @ Washington Commanders,Marcus Mariota,bovada,Bovada,pass_attempts,Passing attempts,under,30.5,-105,26.9894260727,0.5625,0.0,0.512195122,0.4796954315,0.4844887492,30.5,3,503.0487804878,9.8214285714,Calibration fitted; not prospectively validated,2026-09-30T18:54:05Z,2026-10-04T13:30:00Z,Sun 9:30 AM ET,Washington Commanders,Indianapolis Colts
c9d8ed8aa4889486eaf10a630138ede0,Indianapolis Colts @ Washington Commanders,Marcus Mariota,bovada,Bovada,pass_tds,Passing touchdowns,over,1.5,130,2.12,0.5,0.0,0.4347826087,0.4084720121,0.4017531045,1.5,5,652.1739130435,15.0,Calibration fitted; not prospectively validated,2026-09-30T18:54:05Z,2026-10-04T13:30:00Z,Sun 9:30 AM ET,Washington Commanders,Indianapolis Colts
c9d8ed8aa4889486eaf10a630138ede0,Indianapolis Colts @ Washington Commanders,Daniel Jones,betonlineag,BetOnline.ag,pass_attempts,Passing attempts,over,31.5,-109,35.2591323431,0.6363636364,0.0,0.5215311005,0.4897419064,0.4898102244,31.5,4,1148.3253588517,22.0183486239,Calibration fitted; not prospectively validated,2026-09-30T18:54:55Z,2026-10-04T13:30:00Z,Sun 9:30 AM ET,Washington Commanders,Indianapolis Colts
c9d8ed8aa4889486eaf10a630138ede0,Indianapolis Colts @ Washington Commanders,Marcus Mariota,betonlineag,BetOnline.ag,pass_attempts,Passing attempts,under,30.5,-110,26.9894260727,0.5625,0.0,0.5238095238,0.4917965546,0.4844887492,30.5,3,386.9047619048,7.3863636364,Calibration fitted; not prospectively validated,2026-09-30T18:54:55Z,2026-10-04T13:30:00Z,Sun 9:30 AM ET,Washington Commanders,Indianapolis Colts
c9d8ed8aa4889486eaf10a630138ede0,Indianapolis Colts @ Washington Commanders,Marcus Mariota,betonlineag,BetOnline.ag,pass_tds,Passing touchdowns,over,1.5,134,2.12,0.5,0.0,0.4273504274,0.4017531045,0.4017531045,1.5,5,726.4957264957,17.0,Calibration fitted; not prospectively validated,2026-09-30T18:54:55Z,2026-10-04T13:30:00Z,Sun 9:30 AM ET,Washington Commanders,Indianapolis Colts
c9d8ed8aa4889486eaf10a630138ede0,Indianapolis Colts @ Washington Commanders,Daniel Jones,betrivers,BetRivers,pass_completions,Passing completions,over,20.5,100,23.7005141032,0.5416666667,0.0,0.5,,0.5241855483,20.5,4,416.6666666667,8.3333333333,Calibration fitted; not prospectively validated,2026-09-30T18:55:25Z,2026-10-04T13:30:00Z,Sun 9:30 AM ET,Washington Commanders,Indianapolis Colts
c9d8ed8aa4889486eaf10a630138ede0,Indianapolis Colts @ Washington Commanders,Marcus Mariota,betrivers,BetRivers,pass_tds,Passing touchdowns,over,1.5,150,2.12,0.5,0.0,0.4,0.375,0.4017531045,1.5,5,1000.0,25.0,Calibration fitted; not prospectively validated,2026-09-30T18:55:25Z,2026-10-04T13:30:00Z,Sun 9:30 AM ET,Washington Commanders,Indianapolis Colts
c9d8ed8aa4889486eaf10a630138ede0,Indianapolis Colts @ Washington Commanders,Tyler Warren,draftkings,DraftKings,receptions,Receptions,over,5.5,100,5.6815137674,0.5408805031,0.0,0.5,0.4719334719,0.4693877551,5.5,5,408.8050314465,8.1761006289,Calibration fitted; not prospectively validated,2026-09-30T18:55:26Z,2026-10-04T13:30:00Z,Sun 9:30 AM ET,Washington Commanders,Indianapolis Colts
c9d8ed8aa4889486eaf10a630138ede0,Indianapolis Colts @ Washington Commanders,Stefon Diggs,draftkings,DraftKings,receptions,Receptions,over,4.5,121,4.9805592993,0.5475728155,0.0,0.4524886878,0.426742532,0.426742532,4.5,5,950.8412775118,21.013592233,Calibration fitted; not prospectively validated,2026-09-30T18:55:26Z,2026-10-04T13:30:00Z,Sun 9:30 AM ET,Washington Commanders,Indianapolis Colts
c9d8ed8aa4889486eaf10a630138ede0,Indianapolis Colts @ Washington Commanders,Jonathan Taylor,draftkings,DraftKings,receptions,Receptions,under,2.5,103,2.4092749877,0.5408805031,0.0,0.4926108374,0.464037123,0.464037123,2.5,5,482.6966570623,9.7987421384,Calibration fitted; not prospectively validated,2026-09-30T18:55:26Z,2026-10-04T13:30:00Z,Sun 9:30 AM ET,Washington Commanders,Indianapolis Colts
c9d8ed8aa4889486eaf10a630138ede0,Indianapolis Colts @ Washington Commanders,Jonathan Taylor,draftkings,DraftKings,rush_attempts,Rushing attempts,under,19.5,102,16.7577189664,0.55,0.0,0.495049505,0.4660828861,0.4660828861,20.5,1,549.5049504951,11.1,Calibration fitted; not prospectively validated,2026-09-30T18:55:26Z,2026-10-04T13:30:00Z,Sun 9:30 AM ET,Washington Commanders,Indianapolis Colts
c9d8ed8aa4889486eaf10a630138ede0,Indianapolis Colts @ Washington Commanders,Marcus Mariota,draftkings,DraftKings,rush_attempts,Rushing attempts,over,5.5,102,5.1552117187,0.5,0.0,0.495049505,0.466910272,0.4752355075,5.5,2,49.504950495,1.0,Calibration fitted; not prospectively validated,2026-09-30T18:55:26Z,2026-10-04T13:30:00Z,Sun 9:30 AM ET,Washington Commanders,Indianapolis Colts
c9d8ed8aa4889486eaf10a630138ede0,Indianapolis Colts @ Washington Commanders,Daniel Jones,draftkings,DraftKings,rush_attempts,Rushing attempts,over,3.5,110,4.3351365067,0.506993007,0.0,0.4761904762,0.4494382022,0.4494382022,3.5,1,308.0253080253,6.4685314685,Calibration fitted; not prospectively validated,2026-09-30T18:55:26Z,2026-10-04T13:30:00Z,Sun 9:30 AM ET,Washington Commanders,Indianapolis Colts
c9d8ed8aa4889486eaf10a630138ede0,Indianapolis Colts @ Washington Commanders,Jonathan Taylor,draftkings,DraftKings,rush_yds,Rushing yards,under,88.5,-112,66.8020445499,0.5647668394,0.0,0.5283018868,0.5,0.5,90.5,2,364.6495258579,6.9022945966,Calibration fitted; not prospectively validated,2026-09-30T18:55:26Z,2026-10-04T13:30:00Z,Sun 9:30 AM ET,Washington Commanders,Indianapolis Colts
c9d8ed8aa4889486eaf10a630138ede0,Indianapolis Colts @ Washington Commanders,Jacory Croskey-Merritt,draftkings,DraftKings,rush_yds,Rushing yards,under,55.5,-111,40.6205651588,0.5647668394,0.0,0.5260663507,0.4978941162,0.4978941162,55.5,3,387.0048866734,7.3565793773,Calibration fitted; not prospectively validated,2026-09-30T18:55:26Z,2026-10-04T13:30:00Z,Sun 9:30 AM ET,Washington Commanders,Indianapolis Colts
c9d8ed8aa4889486eaf10a630138ede0,Indianapolis Colts @ Washington Commanders,Tyler Warren,fanduel,FanDuel,receptions,Receptions,over,5.5,-102,5.6815137674,0.5408805031,0.0,0.504950495,0.471842317,0.4693877551,5.5,5,359.3000809515,7.1155506228,Calibration fitted; not prospectively validated,2026-09-30T18:54:55Z,2026-10-04T13:30:00Z,Sun 9:30 AM ET,Washington Commanders,Indianapolis Colts
c9d8ed8aa4889486eaf10a630138ede0,Indianapolis Colts @ Washington Commanders,Stefon Diggs,fanduel,FanDuel,receptions,Receptions,over,4.5,116,4.9805592993,0.5475728155,0.0,0.462962963,0.4329742261,0.426742532,4.5,5,846.0985257102,18.2757281553,Calibration fitted; not prospectively validated,2026-09-30T18:54:55Z,2026-10-04T13:30:00Z,Sun 9:30 AM ET,Washington Commanders,Indianapolis Colts
c9d8ed8aa4889486eaf10a630138ede0,Indianapolis Colts @ Washington Commanders,Josh Downs,fanduel,FanDuel,receptions,Receptions,over,5.5,122,4.223838624,0.4524271845,0.0,0.4504504505,0.4214658001,0.4332755633,5.5,5,19.7673401557,0.4388349515,Calibration fitted; not prospectively validated,2026-09-30T18:54:55Z,2026-10-04T13:30:00Z,Sun 9:30 AM ET,Washington Commanders,Indianapolis Colts
c9d8ed8aa4889486eaf10a630138ede0,Indianapolis Colts @ Washington Commanders,Jonathan Taylor,fanduel,FanDuel,receptions,Receptions,under,2.5,-102,2.4092749877,0.5408805031,0.0,0.504950495,0.471842317,0.464037123,2.5,5,359.3000809515,7.1155506228,Calibration fitted; not prospectively validated,2026-09-30T18:54:55Z,2026-10-04T13:30:00Z,Sun 9:30 AM ET,Washington Commanders,Indianapolis Colts
c9d8ed8aa4889486eaf10a630138ede0,Indianapolis Colts @ Washington Commanders,Jonathan Taylor,fanduel,FanDuel,rush_yds,Rushing yards,under,90.5,-114,66.8020445499,0.5647668394,0.0,0.5327102804,0.5,0.5,90.5,4,320.5655900441,6.0176347605,Calibration fitted; not prospectively validated,2026-09-30T18:54:55Z,2026-10-04T13:30:00Z,Sun 9:30 AM ET,Washington Commanders,Indianapolis Colts
c9d8ed8aa4889486eaf10a630138ede0,Indianapolis Colts @ Washington Commanders,Jacory Croskey-Merritt,fanduel,FanDuel,rush_yds,Rushing yards,under,57.5,-114,40.6205651588,0.5647668394,0.0,0.5327102804,0.5,0.5,55.5,1,320.5655900441,6.0176347605,Calibration fitted; not prospectively validated,2026-09-30T18:54:55Z,2026-10-04T13:30:00Z,Sun 9:30 AM ET,Washington Commanders,Indianapolis Colts
c9d8ed8aa4889486eaf10a630138ede0,Indianapolis Colts @ Washington Commanders,Keenan Allen,betmgm,BetMGM,recv_yds,Receiving yards,over,37.5,110,46.1436107953,0.5010141988,0.0,0.4761904762,0.4424778761,0.4424778761,34.5,1,248.2372259249,5.2129817444,Calibration fitted; not prospectively validated,2026-09-30T18:55:24Z,2026-10-04T13:30:00Z,Sun 9:30 AM ET,Washington Commanders,Indianapolis Colts
c9d8ed8aa4889486eaf10a630138ede0,Indianapolis Colts @ Washington Commanders,Stefon Diggs,betmgm,BetMGM,receptions,Receptions,over,4.5,120,4.9805592993,0.5475728155,0.0,0.4545454545,0.4248366013,0.426742532,4.5,5,930.2736098853,20.4660194175,Calibration fitted; not prospectively validated,2026-09-30T18:55:24Z,2026-10-04T13:30:00Z,Sun 9:30 AM ET,Washington Commanders,Indianapolis Colts
c9d8ed8aa4889486eaf10a630138ede0,Indianapolis Colts @ Washington Commanders,Jonathan Taylor,betmgm,BetMGM,receptions,Receptions,under,2.5,105,2.4092749877,0.5408805031,0.0,0.487804878,0.4554079696,0.464037123,2.5,5,530.7562509587,10.8805031447,Calibration fitted; not prospectively validated,2026-09-30T18:55:24Z,2026-10-04T13:30:00Z,Sun 9:30 AM ET,Washington Commanders,Indianapolis Colts
c9d8ed8aa4889486eaf10a630138ede0,Indianapolis Colts @ Washington Commanders,Tyler Warren,betmgm,BetMGM,receptions,Receptions,over,5.5,105,5.6815137674,0.5408805031,0.0,0.487804878,0.4554079696,0.4693877551,5.5,5,530.7562509587,10.8805031447,Calibration fitted; not prospectively validated,2026-09-30T18:55:24Z,2026-10-04T13:30:00Z,Sun 9:30 AM ET,Washington Commanders,Indianapolis Colts
c9d8ed8aa4889486eaf10a630138ede0,Indianapolis Colts @ Washington Commanders,Jonathan Taylor,betmgm,BetMGM,rush_attempts,Rushing attempts,under,20.5,-125,16.7577189664,0.5945945946,0.0,0.5555555556,0.5203045685,0.5214808116,20.5,2,390.3903903904,7.027027027,Calibration fitted; not prospectively validated,2026-09-30T18:55:24Z,2026-10-04T13:30:00Z,Sun 9:30 AM ET,Washington Commanders,Indianapolis Colts
c9d8ed8aa4889486eaf10a630138ede0,Indianapolis Colts @ Washington Commanders,Jonathan Taylor,betmgm,BetMGM,rush_yds,Rushing yards,under,90.5,-115,66.8020445499,0.5647668394,0.0,0.5348837209,0.5,0.5,90.5,4,298.8311844801,5.5868438838,Calibration fitted; not prospectively validated,2026-09-30T18:55:24Z,2026-10-04T13:30:00Z,Sun 9:30 AM ET,Washington Commanders,Indianapolis Colts
c9d8ed8aa4889486eaf10a630138ede0,Indianapolis Colts @ Washington Commanders,Jonathan Taylor,bovada,Bovada,receptions,Receptions,under,2.5,105,2.4092749877,0.5408805031,0.0,0.487804878,0.4592085979,0.464037123,2.5,5,530.7562509587,10.8805031447,Calibration fitted; not prospectively validated,2026-09-30T18:54:05Z,2026-10-04T13:30:00Z,Sun 9:30 AM ET,Washington Commanders,Indianapolis Colts
c9d8ed8aa4889486eaf10a630138ede0,Indianapolis Colts @ Washington Commanders,Stefon Diggs,bovada,Bovada,receptions,Receptions,over,4.5,120,4.9805592993,0.5475728155,0.0,0.4545454545,0.4248366013,0.426742532,4.5,5,930.2736098853,20.4660194175,Calibration fitted; not prospectively validated,2026-09-30T18:54:05Z,2026-10-04T13:30:00Z,Sun 9:30 AM ET,Washington Commanders,Indianapolis Colts
c9d8ed8aa4889486eaf10a630138ede0,Indianapolis Colts @ Washington Commanders,Tyler Warren,bovada,Bovada,receptions,Receptions,over,5.5,100,5.6815137674,0.5408805031,0.0,0.5,0.4693877551,0.4693877551,5.5,5,408.8050314465,8.1761006289,Calibration fitted; not prospectively validated,2026-09-30T18:54:05Z,2026-10-04T13:30:00Z,Sun 9:30 AM ET,Washington Commanders,Indianapolis Colts
c9d8ed8aa4889486eaf10a630138ede0,Indianapolis Colts @ Washington Commanders,Jacory Croskey-Merritt,bovada,Bovada,rush_yds,Rushing yards,under,55.5,-115,40.6205651588,0.5647668394,0.0,0.5348837209,0.5,0.4978941162,55.5,3,298.8311844801,5.5868438838,Calibration fitted; not prospectively validated,2026-09-30T18:54:05Z,2026-10-04T13:30:00Z,Sun 9:30 AM ET,Washington Commanders,Indianapolis Colts
c9d8ed8aa4889486eaf10a630138ede0,Indianapolis Colts @ Washington Commanders,Jonathan Taylor,bovada,Bovada,rush_yds,Rushing yards,under,88.5,-115,66.8020445499,0.5647668394,0.0,0.5348837209,0.5,0.5,90.5,2,298.8311844801,5.5868438838,Calibration fitted; not prospectively validated,2026-09-30T18:54:05Z,2026-10-04T13:30:00Z,Sun 9:30 AM ET,Washington Commanders,Indianapolis Colts
c9d8ed8aa4889486eaf10a630138ede0,Indianapolis Colts @ Washington Commanders,Tyler Warren,betonlineag,BetOnline.ag,receptions,Receptions,over,5.5,100,5.6815137674,0.5408805031,0.0,0.5,0.4693877551,0.4693877551,5.5,5,408.8050314465,8.1761006289,Calibration fitted; not prospectively validated,2026-09-30T18:54:55Z,2026-10-04T13:30:00Z,Sun 9:30 AM ET,Washington Commanders,Indianapolis Colts
c9d8ed8aa4889486eaf10a630138ede0,Indianapolis Colts @ Washington Commanders,Jonathan Taylor,betonlineag,BetOnline.ag,receptions,Receptions,under,2.5,101,2.4092749877,0.5408805031,0.0,0.4975124378,0.4681457358,0.464037123,2.5,5,433.6806533371,8.7169811321,Calibration fitted; not prospectively validated,2026-09-30T18:54:55Z,2026-10-04T13:30:00Z,Sun 9:30 AM ET,Washington Commanders,Indianapolis Colts
c9d8ed8aa4889486eaf10a630138ede0,Indianapolis Colts @ Washington Commanders,Stefon Diggs,betonlineag,BetOnline.ag,receptions,Receptions,over,4.5,117,4.9805592993,0.5475728155,0.0,0.4608294931,0.4331087584,0.426742532,4.5,5,867.4332244642,18.8233009709,Calibration fitted; not prospectively validated,2026-09-30T18:54:55Z,2026-10-04T13:30:00Z,Sun 9:30 AM ET,Washington Commanders,Indianapolis Colts
c9d8ed8aa4889486eaf10a630138ede0,Indianapolis Colts @ Washington Commanders,Jonathan Taylor,betonlineag,BetOnline.ag,rush_attempts,Rushing attempts,under,20.5,-125,16.7577189664,0.5945945946,0.0,0.5555555556,0.5226570546,0.5214808116,20.5,2,390.3903903904,7.027027027,Calibration fitted; not prospectively validated,2026-09-30T18:54:55Z,2026-10-04T13:30:00Z,Sun 9:30 AM ET,Washington Commanders,Indianapolis Colts
c9d8ed8aa4889486eaf10a630138ede0,Indianapolis Colts @ Washington Commanders,Jonathan Taylor,betonlineag,BetOnline.ag,rush_yds,Rushing yards,under,90.5,-114,66.8020445499,0.5647668394,0.0,0.5327102804,0.5,0.5,90.5,4,320.5655900441,6.0176347605,Calibration fitted; not prospectively validated,2026-09-30T18:54:55Z,2026-10-04T13:30:00Z,Sun 9:30 AM ET,Washington Commanders,Indianapolis Colts
c9d8ed8aa4889486eaf10a630138ede0,Indianapolis Colts @ Washington Commanders,Jacory Croskey-Merritt,betonlineag,BetOnline.ag,rush_yds,Rushing yards,under,55.5,-112,40.6205651588,0.5647668394,0.0,0.5283018868,0.4969046636,0.4978941162,55.5,3,364.6495258579,6.9022945966,Calibration fitted; not prospectively validated,2026-09-30T18:54:55Z,2026-10-04T13:30:00Z,Sun 9:30 AM ET,Washington Commanders,Indianapolis Colts
c9d8ed8aa4889486eaf10a630138ede0,Indianapolis Colts @ Washington Commanders,Stefon Diggs,betrivers,BetRivers,receptions,Receptions,over,4.5,118,4.9805592993,0.5475728155,0.0,0.4587155963,,0.426742532,4.5,5,888.5721920371,19.3708737864,Calibration fitted; not prospectively validated,2026-09-30T18:55:25Z,2026-10-04T13:30:00Z,Sun 9:30 AM ET,Washington Commanders,Indianapolis Colts
c9d8ed8aa4889486eaf10a630138ede0,Indianapolis Colts @ Washington Commanders,Tyler Warren,betrivers,BetRivers,receptions,Receptions,over,5.5,-104,5.6815137674,0.5408805031,0.0,0.5098039216,,0.4693877551,5.5,5,310.7658157603,6.0957910015,Calibration fitted; not prospectively validated,2026-09-30T18:55:25Z,2026-10-04T13:30:00Z,Sun 9:30 AM ET,Washington Commanders,Indianapolis Colts
c9d8ed8aa4889486eaf10a630138ede0,Indianapolis Colts @ Washington Commanders,Jonathan Taylor,betrivers,BetRivers,rush_yds,Rushing yards,under,90.5,-115,66.8020445499,0.5647668394,0.0,0.5348837209,0.5,0.5,90.5,4,298.8311844801,5.5868438838,Calibration fitted; not prospectively validated,2026-09-30T18:55:25Z,2026-10-04T13:30:00Z,Sun 9:30 AM ET,Washington Commanders,Indianapolis Colts
664e6bda5721dc63be16bcf7d962a436,Arizona Cardinals @ New York Giants,Jacoby Brissett,draftkings,DraftKings,pass_tds,Passing touchdowns,over,1.5,112,1.2533333333,0.5,0.0,0.4716981132,0.4456393636,0.4456393636,1.5,1,283.0188679245,6.0,Calibration fitted; not prospectively validated,2026-09-30T18:54:31Z,2026-10-04T17:00:00Z,Sun 1:00 PM ET,New York Giants,Arizona Cardinals
664e6bda5721dc63be16bcf7d962a436,Arizona Cardinals @ New York Giants,Michael Wilson,draftkings,DraftKings,receptions,Receptions,under,4.5,121,4.6760849881,0.4591194969,0.0,0.4524886878,0.426742532,0.426742532,4.5,1,66.3080907254,1.465408805,Calibration fitted; not prospectively validated,2026-09-30T18:54:31Z,2026-10-04T17:00:00Z,Sun 1:00 PM ET,New York Giants,Arizona Cardinals
664e6bda5721dc63be16bcf7d962a436,Arizona Cardinals @ New York Giants,Cam Skattebo,draftkings,DraftKings,rush_attempts,Rushing attempts,under,16.5,102,12.4406460483,0.5526315789,0.0,0.495049505,0.466910272,0.466910272,16.5,1,575.8207399687,11.6315789474,Calibration fitted; not prospectively validated,2026-09-30T18:54:31Z,2026-10-04T17:00:00Z,Sun 1:00 PM ET,New York Giants,Arizona Cardinals
664e6bda5721dc63be16bcf7d962a436,Arizona Cardinals @ New York Giants,Cam Skattebo,draftkings,DraftKings,rush_yds,Rushing yards,under,65.5,-111,46.2622519638,0.5647668394,0.0,0.5260663507,0.4978941162,0.4938863293,65.5,2,387.0048866734,7.3565793773,Calibration fitted; not prospectively validated,2026-09-30T18:54:31Z,2026-10-04T17:00:00Z,Sun 1:00 PM ET,New York Giants,Arizona Cardinals
664e6bda5721dc63be16bcf7d962a436,Arizona Cardinals @ New York Giants,Trey McBride,fanatics,Fanatics,recv_yds,Receiving yards,under,65.5,100,55.2878148295,0.5010141988,0.0,0.5,0.4653465347,0.4653465347,67.0,1,10.1419878296,0.2028397566,Calibration fitted; not prospectively validated,2026-09-30T18:53:50Z,2026-10-04T17:00:00Z,Sun 1:00 PM ET,New York Giants,Arizona Cardinals
664e6bda5721dc63be16bcf7d962a436,Arizona Cardinals @ New York Giants,Cam Skattebo,fanatics,Fanatics,rush_yds,Rushing yards,under,65.5,-110,46.2622519638,0.5647668394,0.0,0.5238095238,0.4898785425,0.4938863293,65.5,2,409.5731556871,7.8191238813,Calibration fitted; not prospectively validated,2026-09-30T18:53:50Z,2026-10-04T17:00:00Z,Sun 1:00 PM ET,New York Giants,Arizona Cardinals
f01589b0e7e6dd4f4ac1220a1db81f53,Tennessee Titans @ Baltimore Ravens,Cam Ward,draftkings,DraftKings,pass_attempts,Passing attempts,under,33.5,-105,30.0616040973,0.5625,0.0,0.512195122,0.4833368048,0.4833368048,33.5,1,503.0487804878,9.8214285714,Calibration fitted; not prospectively validated,2026-09-30T18:54:32Z,2026-10-04T17:00:00Z,Sun 1:00 PM ET,Baltimore Ravens,Tennessee Titans
f01589b0e7e6dd4f4ac1220a1db81f53,Tennessee Titans @ Baltimore Ravens,Lamar Jackson,draftkings,DraftKings,pass_attempts,Passing attempts,under,27.5,-122,24.7338629633,0.5625,0.0,0.5495495495,0.5175910596,0.5175910596,27.5,1,129.5045045045,2.356557377,Calibration fitted; not prospectively validated,2026-09-30T18:54:32Z,2026-10-04T17:00:00Z,Sun 1:00 PM ET,Baltimore Ravens,Tennessee Titans
f01589b0e7e6dd4f4ac1220a1db81f53,Tennessee Titans @ Baltimore Ravens,Lamar Jackson,draftkings,DraftKings,pass_tds,Passing touchdowns,under,1.5,105,1.4133333333,0.5,0.0,0.487804878,0.4599960684,0.4599960684,1.5,3,121.9512195122,2.5,Calibration fitted; not prospectively validated,2026-09-30T18:54:32Z,2026-10-04T17:00:00Z,Sun 1:00 PM ET,Baltimore Ravens,Tennessee Titans
f01589b0e7e6dd4f4ac1220a1db81f53,Tennessee Titans @ Baltimore Ravens,Cam Ward,draftkings,DraftKings,pass_tds,Passing touchdowns,under,0.5,152,0.6266666667,0.5,0.0,0.3968253968,0.3751271617,0.3796426182,0.5,4,1031.746031746,26.0,Calibration fitted; not prospectively validated,2026-09-30T18:54:32Z,2026-10-04T17:00:00Z,Sun 1:00 PM ET,Baltimore Ravens,Tennessee Titans
f01589b0e7e6dd4f4ac1220a1db81f53,Tennessee Titans @ Baltimore Ravens,Lamar Jackson,fanduel,FanDuel,pass_tds,Passing touchdowns,under,1.5,116,1.4133333333,0.5,0.0,0.462962963,0.4329742261,0.4599960684,1.5,3,370.3703703704,8.0,Calibration fitted; not prospectively validated,2026-09-30T18:55:15Z,2026-10-04T17:00:00Z,Sun 1:00 PM ET,Baltimore Ravens,Tennessee Titans
f01589b0e7e6dd4f4ac1220a1db81f53,Tennessee Titans @ Baltimore Ravens,Cam Ward,fanduel,FanDuel,pass_tds,Passing touchdowns,under,0.5,140,0.6266666667,0.5,0.0,0.4166666667,0.3896103896,0.3796426182,0.5,4,833.3333333333,20.0,Calibration fitted; not prospectively validated,2026-09-30T18:55:15Z,2026-10-04T17:00:00Z,Sun 1:00 PM ET,Baltimore Ravens,Tennessee Titans
f01589b0e7e6dd4f4ac1220a1db81f53,Tennessee Titans @ Baltimore Ravens,Cam Ward,betonlineag,BetOnline.ag,pass_tds,Passing touchdowns,under,0.5,149,0.6266666667,0.5,0.0,0.4016064257,0.3775317586,0.3796426182,0.5,4,983.9357429719,24.5,Calibration fitted; not prospectively validated,2026-09-30T18:54:40Z,2026-10-04T17:00:00Z,Sun 1:00 PM ET,Baltimore Ravens,Tennessee Titans
f01589b0e7e6dd4f4ac1220a1db81f53,Tennessee Titans @ Baltimore Ravens,Cam Ward,betrivers,BetRivers,pass_tds,Passing touchdowns,under,0.5,145,0.6266666667,0.5,0.0,0.4081632653,0.3817534778,0.3796426182,0.5,4,918.3673469388,22.5,Calibration fitted; not prospectively validated,2026-09-30T18:55:10Z,2026-10-04T17:00:00Z,Sun 1:00 PM ET,Baltimore Ravens,Tennessee Titans
f01589b0e7e6dd4f4ac1220a1db81f53,Tennessee Titans @ Baltimore Ravens,Mark Andrews,draftkings,DraftKings,receptions,Receptions,over,4.5,129,3.5528424991,0.4524271845,0.0,0.4366812227,0.4122268025,0.4057711309,4.5,2,157.459617586,3.6058252427,Calibration fitted; not prospectively validated,2026-09-30T18:54:32Z,2026-10-04T17:00:00Z,Sun 1:00 PM ET,Baltimore Ravens,Tennessee Titans
f01589b0e7e6dd4f4ac1220a1db81f53,Tennessee Titans @ Baltimore Ravens,Rashod Bateman,draftkings,DraftKings,receptions,Receptions,under,2.5,119,2.6808842901,0.4591194969,0.0,0.4566210046,0.4308576118,0.431915919,2.5,2,24.9849228914,0.5471698113,Calibration fitted; not prospectively validated,2026-09-30T18:54:32Z,2026-10-04T17:00:00Z,Sun 1:00 PM ET,Baltimore Ravens,Tennessee Titans
f01589b0e7e6dd4f4ac1220a1db81f53,Tennessee Titans @ Baltimore Ravens,Gunnar Helm,draftkings,DraftKings,receptions,Receptions,under,2.5,112,2.1626648334,0.5475728155,0.0,0.4716981132,0.4449245642,0.4373408273,2.5,3,758.7470232643,16.0854368932,Calibration fitted; not prospectively validated,2026-09-30T18:54:32Z,2026-10-04T17:00:00Z,Sun 1:00 PM ET,Baltimore Ravens,Tennessee Titans
f01589b0e7e6dd4f4ac1220a1db81f53,Tennessee Titans @ Baltimore Ravens,Elic Ayomanor,draftkings,DraftKings,receptions,Receptions,under,1.5,127,1.8962166958,0.4524271845,0.0,0.4405286344,0.415475269,0.4307128807,1.5,3,118.9855010479,2.7009708738,Calibration fitted; not prospectively validated,2026-09-30T18:54:32Z,2026-10-04T17:00:00Z,Sun 1:00 PM ET,Baltimore Ravens,Tennessee Titans
f01589b0e7e6dd4f4ac1220a1db81f53,Tennessee Titans @ Baltimore Ravens,Tony Pollard,draftkings,DraftKings,rush_attempts,Rushing attempts,over,13.5,103,12.7314939058,0.4927536232,0.0,0.4926108374,0.4648542048,0.4648542048,13.5,1,1.4278574998,0.0289855072,Calibration fitted; not prospectively validated,2026-09-30T18:54:32Z,2026-10-04T17:00:00Z,Sun 1:00 PM ET,Baltimore Ravens,Tennessee Titans
f01589b0e7e6dd4f4ac1220a1db81f53,Tennessee Titans @ Baltimore Ravens,Lamar Jackson,draftkings,DraftKings,rush_attempts,Rushing attempts,over,7.5,112,6.8007060166,0.4927536232,0.0,0.4716981132,0.4449245642,0.4449245642,7.5,1,210.5550998086,4.4637681159,Calibration fitted; not prospectively validated,2026-09-30T18:54:32Z,2026-10-04T17:00:00Z,Sun 1:00 PM ET,Baltimore Ravens,Tennessee Titans
f01589b0e7e6dd4f4ac1220a1db81f53,Tennessee Titans @ Baltimore Ravens,Mark Andrews,fanduel,FanDuel,receptions,Receptions,over,4.5,134,3.5528424991,0.4524271845,0.0,0.4273504274,0.3993154592,0.4057711309,4.5,2,250.7675711559,5.867961165,Calibration fitted; not prospectively validated,2026-09-30T18:55:15Z,2026-10-04T17:00:00Z,Sun 1:00 PM ET,Baltimore Ravens,Tennessee Titans
f01589b0e7e6dd4f4ac1220a1db81f53,Tennessee Titans @ Baltimore Ravens,Gunnar Helm,fanduel,FanDuel,receptions,Receptions,under,2.5,118,2.1626648334,0.5475728155,0.0,0.4587155963,0.4282584158,0.4373408273,2.5,3,888.5721920371,19.3708737864,Calibration fitted; not prospectively validated,2026-09-30T18:55:15Z,2026-10-04T17:00:00Z,Sun 1:00 PM ET,Baltimore Ravens,Tennessee Titans
f01589b0e7e6dd4f4ac1220a1db81f53,Tennessee Titans @ Baltimore Ravens,Wan'Dale Robinson,fanduel,FanDuel,receptions,Receptions,under,3.5,122,5.028720763,0.4524271845,0.0,0.4504504505,0.4214658001,0.4387434117,3.5,2,19.7673401557,0.4388349515,Calibration fitted; not prospectively validated,2026-09-30T18:55:15Z,2026-10-04T17:00:00Z,Sun 1:00 PM ET,Baltimore Ravens,Tennessee Titans
f01589b0e7e6dd4f4ac1220a1db81f53,Tennessee Titans @ Baltimore Ravens,Gunnar Helm,betonlineag,BetOnline.ag,receptions,Receptions,under,2.5,115,2.1626648334,0.5475728155,0.0,0.4651162791,0.4373408273,0.4373408273,2.5,3,824.5653646421,17.7281553398,Calibration fitted; not prospectively validated,2026-09-30T18:54:40Z,2026-10-04T17:00:00Z,Sun 1:00 PM ET,Baltimore Ravens,Tennessee Titans
573cc0ef39631a4f6673ec843a8bedd4,New England Patriots @ Buffalo Bills,Josh Allen,draftkings,DraftKings,pass_attempts,Passing attempts,over,29.5,-109,32.2011517878,0.6363636364,0.0,0.5215311005,0.4916850289,0.4916850289,29.5,3,1148.3253588517,22.0183486239,Calibration fitted; not prospectively validated,2026-09-30T18:53:26Z,2026-10-04T17:00:00Z,Sun 1:00 PM ET,Buffalo Bills,New England Patriots
573cc0ef39631a4f6673ec843a8bedd4,New England Patriots @ Buffalo Bills,Josh Allen,draftkings,DraftKings,pass_completions,Passing completions,over,20.5,104,20.3072426955,0.5,0.0,0.4901960784,0.4628151931,0.4628151931,20.5,3,98.0392156863,2.0,Calibration fitted; not prospectively validated,2026-09-30T18:53:26Z,2026-10-04T17:00:00Z,Sun 1:00 PM ET,Buffalo Bills,New England Patriots
573cc0ef39631a4f6673ec843a8bedd4,New England Patriots @ Buffalo Bills,Drake Maye,draftkings,DraftKings,pass_completions,Passing completions,under,19.5,103,17.2009978255,0.5,0.0,0.4926108374,0.4648542048,0.4648542048,19.5,3,73.8916256158,1.5,Calibration fitted; not prospectively validated,2026-09-30T18:53:26Z,2026-10-04T17:00:00Z,Sun 1:00 PM ET,Buffalo Bills,New England Patriots
573cc0ef39631a4f6673ec843a8bedd4,New England Patriots @ Buffalo Bills,Josh Allen,draftkings,DraftKings,pass_tds,Passing touchdowns,under,1.5,126,1.7666666667,0.5,0.0,0.4424778761,0.4176935634,0.4214658001,1.5,5,575.2212389381,13.0,Calibration fitted; not prospectively validated,2026-09-30T18:53:26Z,2026-10-04T17:00:00Z,Sun 1:00 PM ET,Buffalo Bills,New England Patriots
573cc0ef39631a4f6673ec843a8bedd4,New England Patriots @ Buffalo Bills,Josh Allen,fanduel,FanDuel,pass_tds,Passing touchdowns,under,1.5,122,1.7666666667,0.5,0.0,0.4504504505,0.4214658001,0.4214658001,1.5,5,495.4954954955,11.0,Calibration fitted; not prospectively validated,2026-09-30T18:55:17Z,2026-10-04T17:00:00Z,Sun 1:00 PM ET,Buffalo Bills,New England Patriots
573cc0ef39631a4f6673ec843a8bedd4,New England Patriots @ Buffalo Bills,Drake Maye,fanduel,FanDuel,pass_tds,Passing touchdowns,over,1.5,134,0.3133333333,0.4421052632,0.0,0.4273504274,0.3993154592,0.416502947,1.5,5,147.5483580747,3.4526315789,Calibration fitted; not prospectively validated,2026-09-30T18:55:17Z,2026-10-04T17:00:00Z,Sun 1:00 PM ET,Buffalo Bills,New England Patriots
573cc0ef39631a4f6673ec843a8bedd4,New England Patriots @ Buffalo Bills,Josh Allen,betonlineag,BetOnline.ag,pass_attempts,Passing attempts,over,29.5,-112,32.2011517878,0.6363636364,0.0,0.5283018868,0.4969046636,0.4916850289,29.5,3,1080.6174957118,20.4545454545,Calibration fitted; not prospectively validated,2026-09-30T18:54:20Z,2026-10-04T17:00:00Z,Sun 1:00 PM ET,Buffalo Bills,New England Patriots
573cc0ef39631a4f6673ec843a8bedd4,New England Patriots @ Buffalo Bills,Josh Allen,betonlineag,BetOnline.ag,pass_completions,Passing completions,over,20.5,103,20.3072426955,0.5,0.0,0.4926108374,0.4632298853,0.4628151931,20.5,3,73.8916256158,1.5,Calibration fitted; not prospectively validated,2026-09-30T18:54:20Z,2026-10-04T17:00:00Z,Sun 1:00 PM ET,Buffalo Bills,New England Patriots
573cc0ef39631a4f6673ec843a8bedd4,New England Patriots @ Buffalo Bills,Josh Allen,betonlineag,BetOnline.ag,pass_tds,Passing touchdowns,under,1.5,122,1.7666666667,0.5,0.0,0.4504504505,0.423216445,0.4214658001,1.5,5,495.4954954955,11.0,Calibration fitted; not prospectively validated,2026-09-30T18:54:20Z,2026-10-04T17:00:00Z,Sun 1:00 PM ET,Buffalo Bills,New England Patriots
573cc0ef39631a4f6673ec843a8bedd4,New England Patriots @ Buffalo Bills,Drake Maye,betrivers,BetRivers,pass_tds,Passing touchdowns,over,1.5,135,0.3133333333,0.4421052632,0.0,0.4255319149,0.3982930299,0.416502947,1.5,5,165.7334826428,3.8947368421,Calibration fitted; not prospectively validated,2026-09-30T18:55:10Z,2026-10-04T17:00:00Z,Sun 1:00 PM ET,Buffalo Bills,New England Patriots
573cc0ef39631a4f6673ec843a8bedd4,New England Patriots @ Buffalo Bills,Josh Allen,betrivers,BetRivers,pass_tds,Passing touchdowns,under,1.5,118,1.7666666667,0.5,0.0,0.4587155963,0.4288622635,0.4214658001,1.5,5,412.8440366972,9.0,Calibration fitted; not prospectively validated,2026-09-30T18:55:10Z,2026-10-04T17:00:00Z,Sun 1:00 PM ET,Buffalo Bills,New England Patriots
573cc0ef39631a4f6673ec843a8bedd4,New England Patriots @ Buffalo Bills,Josh Allen,bovada,Bovada,pass_attempts,Passing attempts,over,29.5,-110,32.2011517878,0.6363636364,0.0,0.5238095238,0.4898785425,0.4916850289,29.5,3,1125.5411255411,21.4876033058,Calibration fitted; not prospectively validated,2026-09-30T18:54:21Z,2026-10-04T17:00:00Z,Sun 1:00 PM ET,Buffalo Bills,New England Patriots
573cc0ef39631a4f6673ec843a8bedd4,New England Patriots @ Buffalo Bills,Drake Maye,bovada,Bovada,pass_completions,Passing completions,under,19.5,105,17.2009978255,0.5,0.0,0.487804878,0.4592085979,0.4648542048,19.5,3,121.9512195122,2.5,Calibration fitted; not prospectively validated,2026-09-30T18:54:21Z,2026-10-04T17:00:00Z,Sun 1:00 PM ET,Buffalo Bills,New England Patriots
573cc0ef39631a4f6673ec843a8bedd4,New England Patriots @ Buffalo Bills,Josh Allen,bovada,Bovada,pass_completions,Passing completions,over,20.5,105,20.3072426955,0.5,0.0,0.487804878,0.4592085979,0.4628151931,20.5,3,121.9512195122,2.5,Calibration fitted; not prospectively validated,2026-09-30T18:54:21Z,2026-10-04T17:00:00Z,Sun 1:00 PM ET,Buffalo Bills,New England Patriots
573cc0ef39631a4f6673ec843a8bedd4,New England Patriots @ Buffalo Bills,Josh Allen,bovada,Bovada,pass_tds,Passing touchdowns,under,1.5,125,1.7666666667,0.5,0.0,0.4444444444,0.416502947,0.4214658001,1.5,5,555.5555555556,12.5,Calibration fitted; not prospectively validated,2026-09-30T18:54:21Z,2026-10-04T17:00:00Z,Sun 1:00 PM ET,Buffalo Bills,New England Patriots
573cc0ef39631a4f6673ec843a8bedd4,New England Patriots @ Buffalo Bills,Dalton Kincaid,draftkings,DraftKings,receptions,Receptions,under,4.5,-119,3.5743129867,0.5475728155,0.0,0.5433789954,0.5124828361,0.5091624515,4.5,4,41.9382010019,0.7718038672,Calibration fitted; not prospectively validated,2026-09-30T18:53:26Z,2026-10-04T17:00:00Z,Sun 1:00 PM ET,Buffalo Bills,New England Patriots
573cc0ef39631a4f6673ec843a8bedd4,New England Patriots @ Buffalo Bills,Khalil Shakir,draftkings,DraftKings,receptions,Receptions,under,3.5,108,2.5441815259,0.5475728155,0.0,0.4807692308,0.4532987963,0.446563288,3.5,4,668.0358476475,13.8951456311,Calibration fitted; not prospectively validated,2026-09-30T18:53:26Z,2026-10-04T17:00:00Z,Sun 1:00 PM ET,Buffalo Bills,New England Patriots
573cc0ef39631a4f6673ec843a8bedd4,New England Patriots @ Buffalo Bills,Mack Hollins,draftkings,DraftKings,receptions,Receptions,over,3.5,-109,4.0985512527,0.5475728155,0.0,0.5215311005,0.4916850289,0.4999442372,3.5,4,260.4171505551,4.9933196758,Calibration fitted; not prospectively validated,2026-09-30T18:53:26Z,2026-10-04T17:00:00Z,Sun 1:00 PM ET,Buffalo Bills,New England Patriots
573cc0ef39631a4f6673ec843a8bedd4,New England Patriots @ Buffalo Bills,Hunter Henry,draftkings,DraftKings,receptions,Receptions,under,3.5,-131,2.3030982905,0.5789473684,0.0,0.5670995671,0.5351457952,0.5359579549,3.5,4,118.4780132149,2.0891924468,Calibration fitted; not prospectively validated,2026-09-30T18:53:26Z,2026-10-04T17:00:00Z,Sun 1:00 PM ET,Buffalo Bills,New England Patriots
573cc0ef39631a4f6673ec843a8bedd4,New England Patriots @ Buffalo Bills,Romeo Doubs,draftkings,DraftKings,receptions,Receptions,over,3.5,120,3.2064706221,0.4579439252,0.0,0.4545454545,0.4291044776,0.4299086792,3.5,4,33.9847068819,0.7476635514,Calibration fitted; not prospectively validated,2026-09-30T18:53:26Z,2026-10-04T17:00:00Z,Sun 1:00 PM ET,Buffalo Bills,New England Patriots
573cc0ef39631a4f6673ec843a8bedd4,New England Patriots @ Buffalo Bills,DeMario Douglas,draftkings,DraftKings,receptions,Receptions,under,2.5,-103,2.2638996084,0.5420560748,0.0,0.5073891626,0.4782356355,0.4731906857,2.5,4,346.6691220478,6.832410852,Calibration fitted; not prospectively validated,2026-09-30T18:53:26Z,2026-10-04T17:00:00Z,Sun 1:00 PM ET,Buffalo Bills,New England Patriots
573cc0ef39631a4f6673ec843a8bedd4,New England Patriots @ Buffalo Bills,Keon Coleman,draftkings,DraftKings,receptions,Receptions,over,1.5,-102,2.7917691715,0.5475728155,0.0,0.504950495,0.4761410788,0.4752652616,1.5,4,426.2232048448,8.4408909195,Calibration fitted; not prospectively validated,2026-09-30T18:53:26Z,2026-10-04T17:00:00Z,Sun 1:00 PM ET,Buffalo Bills,New England Patriots
573cc0ef39631a4f6673ec843a8bedd4,New England Patriots @ Buffalo Bills,TreVeyon Henderson,draftkings,DraftKings,receptions,Receptions,over,1.5,128,1.6603276902,0.5408805031,0.0,0.4385964912,0.4138449962,0.4051125583,1.5,4,1022.8401191658,23.320754717,Calibration fitted; not prospectively validated,2026-09-30T18:53:26Z,2026-10-04T17:00:00Z,Sun 1:00 PM ET,Buffalo Bills,New England Patriots
573cc0ef39631a4f6673ec843a8bedd4,New England Patriots @ Buffalo Bills,James Cook,draftkings,DraftKings,rush_attempts,Rushing attempts,under,17.5,-102,16.4622425312,0.506993007,0.0,0.504950495,0.4761410788,0.4752652616,17.5,2,20.425119435,0.4044974633,Calibration fitted; not prospectively validated,2026-09-30T18:53:26Z,2026-10-04T17:00:00Z,Sun 1:00 PM ET,Buffalo Bills,New England Patriots
573cc0ef39631a4f6673ec843a8bedd4,New England Patriots @ Buffalo Bills,Josh Allen,draftkings,DraftKings,rush_attempts,Rushing attempts,under,7.5,105,8.2278988691,0.4915254237,0.0,0.487804878,0.4599960684,0.4748689874,7.5,2,37.2054568003,0.7627118644,Calibration fitted; not prospectively validated,2026-09-30T18:53:26Z,2026-10-04T17:00:00Z,Sun 1:00 PM ET,Buffalo Bills,New England Patriots
573cc0ef39631a4f6673ec843a8bedd4,New England Patriots @ Buffalo Bills,Hunter Henry,fanduel,FanDuel,receptions,Receptions,under,3.5,-122,2.3030982905,0.5789473684,0.0,0.5495495495,0.5141838223,0.5359579549,3.5,4,293.978188715,5.3494391717,Calibration fitted; not prospectively validated,2026-09-30T18:55:17Z,2026-10-04T17:00:00Z,Sun 1:00 PM ET,Buffalo Bills,New England Patriots
573cc0ef39631a4f6673ec843a8bedd4,New England Patriots @ Buffalo Bills,Dalton Kincaid,fanduel,FanDuel,receptions,Receptions,under,4.5,-112,3.5743129867,0.5475728155,0.0,0.5283018868,0.4939310568,0.5091624515,4.5,4,192.7092874153,3.6477115118,Calibration fitted; not prospectively validated,2026-09-30T18:55:17Z,2026-10-04T17:00:00Z,Sun 1:00 PM ET,Buffalo Bills,New England Patriots
573cc0ef39631a4f6673ec843a8bedd4,New England Patriots @ Buffalo Bills,TreVeyon Henderson,fanduel,FanDuel,receptions,Receptions,over,1.5,134,1.6603276902,0.5408805031,0.0,0.4273504274,0.3993154592,0.4051125583,1.5,4,1135.3007579423,26.5660377358,Calibration fitted; not prospectively validated,2026-09-30T18:55:17Z,2026-10-04T17:00:00Z,Sun 1:00 PM ET,Buffalo Bills,New England Patriots
573cc0ef39631a4f6673ec843a8bedd4,New England Patriots @ Buffalo Bills,Khalil Shakir,fanduel,FanDuel,receptions,Receptions,under,3.5,112,2.5441815259,0.5475728155,0.0,0.4716981132,0.4414696668,0.446563288,3.5,4,758.7470232643,16.0854368932,Calibration fitted; not prospectively validated,2026-09-30T18:55:17Z,2026-10-04T17:00:00Z,Sun 1:00 PM ET,Buffalo Bills,New England Patriots
573cc0ef39631a4f6673ec843a8bedd4,New England Patriots @ Buffalo Bills,DeMario Douglas,fanduel,FanDuel,receptions,Receptions,under,2.5,102,2.2638996084,0.5420560748,0.0,0.495049505,0.4620927318,0.4731906857,2.5,4,470.0656981586,9.4953271028,Calibration fitted; not prospectively validated,2026-09-30T18:55:17Z,2026-10-04T17:00:00Z,Sun 1:00 PM ET,Buffalo Bills,New England Patriots
573cc0ef39631a4f6673ec843a8bedd4,New England Patriots @ Buffalo Bills,Keon Coleman,fanduel,FanDuel,receptions,Receptions,over,1.5,-102,2.7917691715,0.5475728155,0.0,0.504950495,0.471842317,0.4752652616,1.5,4,426.2232048448,8.4408909195,Calibration fitted; not prospectively validated,2026-09-30T18:55:17Z,2026-10-04T17:00:00Z,Sun 1:00 PM ET,Buffalo Bills,New England Patriots
573cc0ef39631a4f6673ec843a8bedd4,New England Patriots @ Buffalo Bills,Keon Coleman,betonlineag,BetOnline.ag,receptions,Receptions,over,1.5,-102,2.7917691715,0.5475728155,0.0,0.504950495,0.4743894444,0.4752652616,1.5,4,426.2232048448,8.4408909195,Calibration fitted; not prospectively validated,2026-09-30T18:54:20Z,2026-10-04T17:00:00Z,Sun 1:00 PM ET,Buffalo Bills,New England Patriots
573cc0ef39631a4f6673ec843a8bedd4,New England Patriots @ Buffalo Bills,Mack Hollins,betonlineag,BetOnline.ag,receptions,Receptions,over,3.5,-118,4.0985512527,0.5475728155,0.0,0.5412844037,0.5082034454,0.4999442372,3.5,4,62.8841186426,1.1617574461,Calibration fitted; not prospectively validated,2026-09-30T18:54:20Z,2026-10-04T17:00:00Z,Sun 1:00 PM ET,Buffalo Bills,New England Patriots
573cc0ef39631a4f6673ec843a8bedd4,New England Patriots @ Buffalo Bills,Hunter Henry,betonlineag,BetOnline.ag,receptions,Receptions,under,3.5,-133,2.3030982905,0.5789473684,0.0,0.5708154506,0.5367701147,0.5359579549,3.5,4,81.3191777728,1.424614167,Calibration fitted; not prospectively validated,2026-09-30T18:54:20Z,2026-10-04T17:00:00Z,Sun 1:00 PM ET,Buffalo Bills,New England Patriots
573cc0ef39631a4f6673ec843a8bedd4,New England Patriots @ Buffalo Bills,Khalil Shakir,betonlineag,BetOnline.ag,receptions,Receptions,under,3.5,110,2.5441815259,0.5475728155,0.0,0.4761904762,0.4472667035,0.446563288,3.5,4,713.823393435,14.9902912621,Calibration fitted; not prospectively validated,2026-09-30T18:54:20Z,2026-10-04T17:00:00Z,Sun 1:00 PM ET,Buffalo Bills,New England Patriots
573cc0ef39631a4f6673ec843a8bedd4,New England Patriots @ Buffalo Bills,TreVeyon Henderson,betonlineag,BetOnline.ag,receptions,Receptions,over,1.5,134,1.6603276902,0.5408805031,0.0,0.4273504274,0.4017531045,0.4051125583,1.5,4,1135.3007579423,26.5660377358,Calibration fitted; not prospectively validated,2026-09-30T18:54:20Z,2026-10-04T17:00:00Z,Sun 1:00 PM ET,Buffalo Bills,New England Patriots
573cc0ef39631a4f6673ec843a8bedd4,New England Patriots @ Buffalo Bills,DeMario Douglas,betonlineag,BetOnline.ag,receptions,Receptions,under,2.5,101,2.2638996084,0.5420560748,0.0,0.4975124378,0.4681457358,0.4731906857,2.5,4,445.4363695541,8.953271028,Calibration fitted; not prospectively validated,2026-09-30T18:54:20Z,2026-10-04T17:00:00Z,Sun 1:00 PM ET,Buffalo Bills,New England Patriots
573cc0ef39631a4f6673ec843a8bedd4,New England Patriots @ Buffalo Bills,Dalton Kincaid,betonlineag,BetOnline.ag,receptions,Receptions,under,4.5,-118,3.5743129867,0.5475728155,0.0,0.5412844037,0.5082034454,0.5091624515,4.5,4,62.8841186426,1.1617574461,Calibration fitted; not prospectively validated,2026-09-30T18:54:20Z,2026-10-04T17:00:00Z,Sun 1:00 PM ET,Buffalo Bills,New England Patriots
573cc0ef39631a4f6673ec843a8bedd4,New England Patriots @ Buffalo Bills,James Cook,betonlineag,BetOnline.ag,rush_attempts,Rushing attempts,under,17.5,-102,16.4622425312,0.506993007,0.0,0.504950495,0.4743894444,0.4752652616,17.5,2,20.425119435,0.4044974633,Calibration fitted; not prospectively validated,2026-09-30T18:54:20Z,2026-10-04T17:00:00Z,Sun 1:00 PM ET,Buffalo Bills,New England Patriots
573cc0ef39631a4f6673ec843a8bedd4,New England Patriots @ Buffalo Bills,Keon Coleman,betrivers,BetRivers,receptions,Receptions,over,1.5,-103,2.7917691715,0.5475728155,0.0,0.5073891626,,0.4752652616,1.5,4,401.836529724,7.9196908285,Calibration fitted; not prospectively validated,2026-09-30T18:55:10Z,2026-10-04T17:00:00Z,Sun 1:00 PM ET,Buffalo Bills,New England Patriots
573cc0ef39631a4f6673ec843a8bedd4,New England Patriots @ Buffalo Bills,Dalton Kincaid,bovada,Bovada,receptions,Receptions,under,4.5,-120,3.5743129867,0.5475728155,0.0,0.5454545455,0.5101214575,0.5091624515,4.5,4,21.1827007944,0.3883495146,Calibration fitted; not prospectively validated,2026-09-30T18:54:21Z,2026-10-04T17:00:00Z,Sun 1:00 PM ET,Buffalo Bills,New England Patriots
573cc0ef39631a4f6673ec843a8bedd4,New England Patriots @ Buffalo Bills,DeMario Douglas,bovada,Bovada,receptions,Receptions,under,2.5,-105,2.2638996084,0.5420560748,0.0,0.512195122,0.4796954315,0.4731906857,2.5,4,298.6095281514,5.8299955496,Calibration fitted; not prospectively validated,2026-09-30T18:54:21Z,2026-10-04T17:00:00Z,Sun 1:00 PM ET,Buffalo Bills,New England Patriots
573cc0ef39631a4f6673ec843a8bedd4,New England Patriots @ Buffalo Bills,Hunter Henry,bovada,Bovada,receptions,Receptions,under,3.5,-135,2.3030982905,0.5789473684,0.0,0.5744680851,0.5407914021,0.5359579549,3.5,4,44.7928331467,0.7797270955,Calibration fitted; not prospectively validated,2026-09-30T18:54:21Z,2026-10-04T17:00:00Z,Sun 1:00 PM ET,Buffalo Bills,New England Patriots
573cc0ef39631a4f6673ec843a8bedd4,New England Patriots @ Buffalo Bills,Keon Coleman,bovada,Bovada,receptions,Receptions,over,1.5,-105,2.7917691715,0.5475728155,0.0,0.512195122,0.4796954315,0.4752652616,1.5,4,353.7769358276,6.907073509,Calibration fitted; not prospectively validated,2026-09-30T18:54:21Z,2026-10-04T17:00:00Z,Sun 1:00 PM ET,Buffalo Bills,New England Patriots
573cc0ef39631a4f6673ec843a8bedd4,New England Patriots @ Buffalo Bills,Khalil Shakir,bovada,Bovada,receptions,Receptions,under,3.5,110,2.5441815259,0.5475728155,0.0,0.4761904762,0.4458598726,0.446563288,3.5,4,713.823393435,14.9902912621,Calibration fitted; not prospectively validated,2026-09-30T18:54:21Z,2026-10-04T17:00:00Z,Sun 1:00 PM ET,Buffalo Bills,New England Patriots
573cc0ef39631a4f6673ec843a8bedd4,New England Patriots @ Buffalo Bills,Mack Hollins,bovada,Bovada,receptions,Receptions,over,3.5,-110,4.0985512527,0.5475728155,0.0,0.5238095238,0.4898785425,0.4999442372,3.5,4,237.6329172446,4.5366284201,Calibration fitted; not prospectively validated,2026-09-30T18:54:21Z,2026-10-04T17:00:00Z,Sun 1:00 PM ET,Buffalo Bills,New England Patriots
573cc0ef39631a4f6673ec843a8bedd4,New England Patriots @ Buffalo Bills,Romeo Doubs,bovada,Bovada,receptions,Receptions,over,3.5,120,3.2064706221,0.4579439252,0.0,0.4545454545,0.4248366013,0.4299086792,3.5,4,33.9847068819,0.7476635514,Calibration fitted; not prospectively validated,2026-09-30T18:54:21Z,2026-10-04T17:00:00Z,Sun 1:00 PM ET,Buffalo Bills,New England Patriots
573cc0ef39631a4f6673ec843a8bedd4,New England Patriots @ Buffalo Bills,TreVeyon Henderson,bovada,Bovada,receptions,Receptions,over,1.5,130,1.6603276902,0.5408805031,0.0,0.4347826087,0.4084720121,0.4051125583,1.5,4,1060.97894449,24.4025157233,Calibration fitted; not prospectively validated,2026-09-30T18:54:21Z,2026-10-04T17:00:00Z,Sun 1:00 PM ET,Buffalo Bills,New England Patriots
164e6eb68f31bac190381903c3cccd31,New York Jets @ Chicago Bears,Geno Smith,fanduel,FanDuel,pass_tds,Passing touchdowns,over,1.5,162,1.2533333333,0.5,0.0,0.3816793893,0.3569834895,0.3569834895,1.5,1,1183.2061068702,31.0,Calibration fitted; not prospectively validated,2026-09-30T18:55:14Z,2026-10-04T17:00:00Z,Sun 1:00 PM ET,Chicago Bears,New York Jets
164e6eb68f31bac190381903c3cccd31,New York Jets @ Chicago Bears,Tyson Bagent,fanduel,FanDuel,pass_tds,Passing touchdowns,under,1.5,-158,0.0106,0.75,0.0,0.6124031008,0.5717415842,0.5717415842,1.5,1,1375.9689922481,22.4683544304,Calibration fitted; not prospectively validated,2026-09-30T18:55:14Z,2026-10-04T17:00:00Z,Sun 1:00 PM ET,Chicago Bears,New York Jets
164e6eb68f31bac190381903c3cccd31,New York Jets @ Chicago Bears,Cole Kmet,fanduel,FanDuel,receptions,Receptions,over,1.5,182,1.3146633775,0.4579439252,0.0,0.3546099291,0.3317535545,0.3317535545,1.5,1,1033.3399615563,29.1401869159,Calibration fitted; not prospectively validated,2026-09-30T18:55:14Z,2026-10-04T17:00:00Z,Sun 1:00 PM ET,Chicago Bears,New York Jets
164e6eb68f31bac190381903c3cccd31,New York Jets @ Chicago Bears,Kalif Raymond,fanduel,FanDuel,receptions,Receptions,over,3.5,-108,4.1456705081,0.5475728155,0.0,0.5192307692,0.4858161777,0.4858161777,3.5,1,283.4204630321,5.4584681769,Calibration fitted; not prospectively validated,2026-09-30T18:55:14Z,2026-10-04T17:00:00Z,Sun 1:00 PM ET,Chicago Bears,New York Jets
164e6eb68f31bac190381903c3cccd31,New York Jets @ Chicago Bears,Rome Odunze,fanduel,FanDuel,receptions,Receptions,over,2.5,104,3.0580153419,0.5475728155,0.0,0.4901960784,0.4581151832,0.4581151832,2.5,1,573.7673710261,11.7048543689,Calibration fitted; not prospectively validated,2026-09-30T18:55:14Z,2026-10-04T17:00:00Z,Sun 1:00 PM ET,Chicago Bears,New York Jets
164e6eb68f31bac190381903c3cccd31,New York Jets @ Chicago Bears,D'Andre Swift,fanduel,FanDuel,receptions,Receptions,over,2.5,140,2.5029732717,0.5,0.0,0.4166666667,0.3896103896,0.3896103896,2.5,1,833.3333333333,20.0,Calibration fitted; not prospectively validated,2026-09-30T18:55:14Z,2026-10-04T17:00:00Z,Sun 1:00 PM ET,Chicago Bears,New York Jets
164e6eb68f31bac190381903c3cccd31,New York Jets @ Chicago Bears,Braelon Allen,fanduel,FanDuel,rush_yds,Rushing yards,under,55.5,-114,20.7889657301,0.98,0.0,0.5327102804,0.5,0.5,55.5,1,4472.8971962617,83.9649122807,Calibration fitted; not prospectively validated,2026-09-30T18:55:14Z,2026-10-04T17:00:00Z,Sun 1:00 PM ET,Chicago Bears,New York Jets
2ea94ddf20f66432b9024fe2e2eaba5f,Jacksonville Jaguars @ Cincinnati Bengals,Joe Burrow,draftkings,DraftKings,pass_tds,Passing touchdowns,under,1.5,151,2.12,0.5,0.0,0.3984063745,0.3764693831,0.3784779051,1.5,5,1015.9362549801,25.5,Calibration fitted; not prospectively validated,2026-09-30T18:54:00Z,2026-10-04T17:00:00Z,Sun 1:00 PM ET,Cincinnati Bengals,Jacksonville Jaguars
2ea94ddf20f66432b9024fe2e2eaba5f,Jacksonville Jaguars @ Cincinnati Bengals,Trevor Lawrence,draftkings,DraftKings,pass_tds,Passing touchdowns,under,1.5,115,2.1933333333,0.5,0.0,0.4651162791,0.4393641722,0.4472667035,1.5,5,348.8372093023,7.5,Calibration fitted; not prospectively validated,2026-09-30T18:54:00Z,2026-10-04T17:00:00Z,Sun 1:00 PM ET,Cincinnati Bengals,Jacksonville Jaguars
2ea94ddf20f66432b9024fe2e2eaba5f,Jacksonville Jaguars @ Cincinnati Bengals,Joe Burrow,fanduel,FanDuel,pass_tds,Passing touchdowns,under,1.5,136,2.12,0.5,0.0,0.4237288136,0.3945045244,0.3784779051,1.5,5,762.7118644068,18.0,Calibration fitted; not prospectively validated,2026-09-30T18:55:16Z,2026-10-04T17:00:00Z,Sun 1:00 PM ET,Cincinnati Bengals,Jacksonville Jaguars
2ea94ddf20f66432b9024fe2e2eaba5f,Jacksonville Jaguars @ Cincinnati Bengals,Joe Burrow,betonlineag,BetOnline.ag,pass_tds,Passing touchdowns,under,1.5,148,2.12,0.5,0.0,0.4032258065,0.3784779051,0.3784779051,1.5,5,967.7419354839,24.0,Calibration fitted; not prospectively validated,2026-09-30T18:54:58Z,2026-10-04T17:00:00Z,Sun 1:00 PM ET,Cincinnati Bengals,Jacksonville Jaguars
2ea94ddf20f66432b9024fe2e2eaba5f,Jacksonville Jaguars @ Cincinnati Bengals,Trevor Lawrence,betonlineag,BetOnline.ag,pass_tds,Passing touchdowns,under,1.5,110,2.1933333333,0.5,0.0,0.4761904762,0.4472667035,0.4472667035,1.5,5,238.0952380952,5.0,Calibration fitted; not prospectively validated,2026-09-30T18:54:58Z,2026-10-04T17:00:00Z,Sun 1:00 PM ET,Cincinnati Bengals,Jacksonville Jaguars
2ea94ddf20f66432b9024fe2e2eaba5f,Jacksonville Jaguars @ Cincinnati Bengals,Joe Burrow,betrivers,BetRivers,pass_completions,Passing completions,over,24.5,102,27.4255720555,0.5,0.0,0.495049505,,,24.5,0,49.5049504951,1.0,Calibration fitted; not prospectively validated,2026-09-30T18:55:10Z,2026-10-04T17:00:00Z,Sun 1:00 PM ET,Cincinnati Bengals,Jacksonville Jaguars
2ea94ddf20f66432b9024fe2e2eaba5f,Jacksonville Jaguars @ Cincinnati Bengals,Joe Burrow,betrivers,BetRivers,pass_tds,Passing touchdowns,under,1.5,138,2.12,0.5,0.0,0.4201680672,0.3943173556,0.3784779051,1.5,5,798.3193277311,19.0,Calibration fitted; not prospectively validated,2026-09-30T18:55:10Z,2026-10-04T17:00:00Z,Sun 1:00 PM ET,Cincinnati Bengals,Jacksonville Jaguars
2ea94ddf20f66432b9024fe2e2eaba5f,Jacksonville Jaguars @ Cincinnati Bengals,Joe Burrow,bovada,Bovada,pass_tds,Passing touchdowns,under,1.5,150,2.12,0.5,0.0,0.4,0.375,0.3784779051,1.5,5,1000.0,25.0,Calibration fitted; not prospectively validated,2026-09-30T18:55:29Z,2026-10-04T17:00:00Z,Sun 1:00 PM ET,Cincinnati Bengals,Jacksonville Jaguars
2ea94ddf20f66432b9024fe2e2eaba5f,Jacksonville Jaguars @ Cincinnati Bengals,Trevor Lawrence,bovada,Bovada,pass_tds,Passing touchdowns,under,1.5,115,2.1933333333,0.5,0.0,0.4651162791,0.4366812227,0.4472667035,1.5,5,348.8372093023,7.5,Calibration fitted; not prospectively validated,2026-09-30T18:55:29Z,2026-10-04T17:00:00Z,Sun 1:00 PM ET,Cincinnati Bengals,Jacksonville Jaguars
2ea94ddf20f66432b9024fe2e2eaba5f,Jacksonville Jaguars @ Cincinnati Bengals,Tee Higgins,draftkings,DraftKings,receptions,Receptions,over,4.5,-103,5.7581143859,0.5475728155,0.0,0.5073891626,0.4782356355,0.4693294165,4.5,4,401.836529724,7.9196908285,Calibration fitted; not prospectively validated,2026-09-30T18:54:00Z,2026-10-04T17:00:00Z,Sun 1:00 PM ET,Cincinnati Bengals,Jacksonville Jaguars
2ea94ddf20f66432b9024fe2e2eaba5f,Jacksonville Jaguars @ Cincinnati Bengals,Chase Brown,draftkings,DraftKings,rush_attempts,Rushing attempts,under,16.5,-110,11.864390549,0.5945945946,0.0,0.5238095238,0.493765586,0.5009845157,16.5,2,707.8507078507,13.5135135135,Calibration fitted; not prospectively validated,2026-09-30T18:54:00Z,2026-10-04T17:00:00Z,Sun 1:00 PM ET,Cincinnati Bengals,Jacksonville Jaguars
2ea94ddf20f66432b9024fe2e2eaba5f,Jacksonville Jaguars @ Cincinnati Bengals,Bhayshul Tuten,draftkings,DraftKings,rush_attempts,Rushing attempts,under,12.5,100,9.5819003818,0.5526315789,0.0,0.5,0.4719334719,0.4719334719,13.0,1,526.3157894737,10.5263157895,Calibration fitted; not prospectively validated,2026-09-30T18:54:00Z,2026-10-04T17:00:00Z,Sun 1:00 PM ET,Cincinnati Bengals,Jacksonville Jaguars
2ea94ddf20f66432b9024fe2e2eaba5f,Jacksonville Jaguars @ Cincinnati Bengals,Bhayshul Tuten,draftkings,DraftKings,rush_yds,Rushing yards,under,55.5,-115,41.9205324049,0.5647668394,0.0,0.5348837209,0.5063197809,0.5057397633,55.5,4,298.8311844801,5.5868438838,Calibration fitted; not prospectively validated,2026-09-30T18:54:00Z,2026-10-04T17:00:00Z,Sun 1:00 PM ET,Cincinnati Bengals,Jacksonville Jaguars
2ea94ddf20f66432b9024fe2e2eaba5f,Jacksonville Jaguars @ Cincinnati Bengals,Tee Higgins,fanduel,FanDuel,receptions,Receptions,over,4.5,106,5.7581143859,0.5475728155,0.0,0.4854368932,0.4542013626,0.4693294165,4.5,4,621.359223301,12.8,Calibration fitted; not prospectively validated,2026-09-30T18:55:16Z,2026-10-04T17:00:00Z,Sun 1:00 PM ET,Cincinnati Bengals,Jacksonville Jaguars
2ea94ddf20f66432b9024fe2e2eaba5f,Jacksonville Jaguars @ Cincinnati Bengals,Bhayshul Tuten,fanduel,FanDuel,rush_yds,Rushing yards,under,55.5,-114,41.9205324049,0.5647668394,0.0,0.5327102804,0.5,0.5057397633,55.5,4,320.5655900441,6.0176347605,Calibration fitted; not prospectively validated,2026-09-30T18:55:16Z,2026-10-04T17:00:00Z,Sun 1:00 PM ET,Cincinnati Bengals,Jacksonville Jaguars
2ea94ddf20f66432b9024fe2e2eaba5f,Jacksonville Jaguars @ Cincinnati Bengals,Tee Higgins,betonlineag,BetOnline.ag,receptions,Receptions,over,4.5,104,5.7581143859,0.5475728155,0.0,0.4901960784,0.4604231975,0.4693294165,4.5,4,573.7673710261,11.7048543689,Calibration fitted; not prospectively validated,2026-09-30T18:54:58Z,2026-10-04T17:00:00Z,Sun 1:00 PM ET,Cincinnati Bengals,Jacksonville Jaguars
2ea94ddf20f66432b9024fe2e2eaba5f,Jacksonville Jaguars @ Cincinnati Bengals,Mike Gesicki,betonlineag,BetOnline.ag,receptions,Receptions,over,2.5,-116,4.1931279386,0.5475728155,0.0,0.537037037,0.5051597457,0.5166587144,2.5,2,105.3577849694,1.9618346167,Calibration fitted; not prospectively validated,2026-09-30T18:54:58Z,2026-10-04T17:00:00Z,Sun 1:00 PM ET,Cincinnati Bengals,Jacksonville Jaguars
2ea94ddf20f66432b9024fe2e2eaba5f,Jacksonville Jaguars @ Cincinnati Bengals,Dohnte Meyers,betonlineag,BetOnline.ag,receptions,Receptions,over,2.5,128,2.2384082624,0.4579439252,0.0,0.4385964912,0.4121896999,0.4344048653,2.5,3,193.4743400557,4.4112149533,Calibration fitted; not prospectively validated,2026-09-30T18:54:58Z,2026-10-04T17:00:00Z,Sun 1:00 PM ET,Cincinnati Bengals,Jacksonville Jaguars
2ea94ddf20f66432b9024fe2e2eaba5f,Jacksonville Jaguars @ Cincinnati Bengals,Chase Brown,betonlineag,BetOnline.ag,rush_attempts,Rushing attempts,under,16.5,-118,11.864390549,0.5945945946,0.0,0.5412844037,0.5082034454,0.5009845157,16.5,2,533.1019092487,9.8488318827,Calibration fitted; not prospectively validated,2026-09-30T18:54:58Z,2026-10-04T17:00:00Z,Sun 1:00 PM ET,Cincinnati Bengals,Jacksonville Jaguars
2ea94ddf20f66432b9024fe2e2eaba5f,Jacksonville Jaguars @ Cincinnati Bengals,Bhayshul Tuten,betonlineag,BetOnline.ag,rush_attempts,Rushing attempts,under,13.5,-130,9.5819003818,0.5945945946,0.0,0.5652173913,0.5306122449,0.5306122449,13.0,1,293.7720329025,5.1975051975,Calibration fitted; not prospectively validated,2026-09-30T18:54:58Z,2026-10-04T17:00:00Z,Sun 1:00 PM ET,Cincinnati Bengals,Jacksonville Jaguars
2ea94ddf20f66432b9024fe2e2eaba5f,Jacksonville Jaguars @ Cincinnati Bengals,Bhayshul Tuten,betonlineag,BetOnline.ag,rush_yds,Rushing yards,under,55.5,-116,41.9205324049,0.5647668394,0.0,0.537037037,0.5051597457,0.5057397633,55.5,4,277.298023412,5.1634804359,Calibration fitted; not prospectively validated,2026-09-30T18:54:58Z,2026-10-04T17:00:00Z,Sun 1:00 PM ET,Cincinnati Bengals,Jacksonville Jaguars
2ea94ddf20f66432b9024fe2e2eaba5f,Jacksonville Jaguars @ Cincinnati Bengals,Tee Higgins,betrivers,BetRivers,receptions,Receptions,over,4.5,-103,5.7581143859,0.5475728155,0.0,0.5073891626,,0.4693294165,4.5,4,401.836529724,7.9196908285,Calibration fitted; not prospectively validated,2026-09-30T18:55:10Z,2026-10-04T17:00:00Z,Sun 1:00 PM ET,Cincinnati Bengals,Jacksonville Jaguars
2ea94ddf20f66432b9024fe2e2eaba5f,Jacksonville Jaguars @ Cincinnati Bengals,Ja'Marr Chase,betrivers,BetRivers,receptions,Receptions,over,6.5,-121,7.6651297632,0.5475728155,0.0,0.5475113122,,0.5236874601,6.5,4,0.6150331679,0.0112332504,Calibration fitted; not prospectively validated,2026-09-30T18:55:10Z,2026-10-04T17:00:00Z,Sun 1:00 PM ET,Cincinnati Bengals,Jacksonville Jaguars
2ea94ddf20f66432b9024fe2e2eaba5f,Jacksonville Jaguars @ Cincinnati Bengals,Bhayshul Tuten,betrivers,BetRivers,rush_yds,Rushing yards,under,54.5,-113,41.9205324049,0.5647668394,0.0,0.5305164319,0.4949766919,0.4949766919,55.5,1,342.5040745336,6.4560502545,Calibration fitted; not prospectively validated,2026-09-30T18:55:10Z,2026-10-04T17:00:00Z,Sun 1:00 PM ET,Cincinnati Bengals,Jacksonville Jaguars
2ea94ddf20f66432b9024fe2e2eaba5f,Jacksonville Jaguars @ Cincinnati Bengals,Tee Higgins,bovada,Bovada,receptions,Receptions,over,4.5,-105,5.7581143859,0.5475728155,0.0,0.512195122,0.4796954315,0.4693294165,4.5,4,353.7769358276,6.907073509,Calibration fitted; not prospectively validated,2026-09-30T18:55:29Z,2026-10-04T17:00:00Z,Sun 1:00 PM ET,Cincinnati Bengals,Jacksonville Jaguars
2ea94ddf20f66432b9024fe2e2eaba5f,Jacksonville Jaguars @ Cincinnati Bengals,Bhayshul Tuten,bovada,Bovada,rush_yds,Rushing yards,under,55.5,-120,41.9205324049,0.5647668394,0.0,0.5454545455,0.5101214575,0.5057397633,55.5,4,193.1229392369,3.5405872193,Calibration fitted; not prospectively validated,2026-09-30T18:55:29Z,2026-10-04T17:00:00Z,Sun 1:00 PM ET,Cincinnati Bengals,Jacksonville Jaguars
daf55e2df5341c007fee5a0fc5bbc2d4,Dallas Cowboys @ Houston Texans,Dak Prescott,betonlineag,BetOnline.ag,pass_tds,Passing touchdowns,under,1.5,101,2.1933333333,0.5,0.0,0.4975124378,0.4681457358,0.4719334719,1.5,5,24.8756218905,0.5,Calibration fitted; not prospectively validated,2026-09-30T18:54:54Z,2026-10-04T17:00:00Z,Sun 1:00 PM ET,Houston Texans,Dallas Cowboys
daf55e2df5341c007fee5a0fc5bbc2d4,Dallas Cowboys @ Houston Texans,Javonte Williams,draftkings,DraftKings,receptions,Receptions,under,2.5,103,2.3734320559,0.5408805031,0.0,0.4926108374,0.4648542048,0.4592085979,2.5,4,482.6966570623,9.7987421384,Calibration fitted; not prospectively validated,2026-09-30T18:54:52Z,2026-10-04T17:00:00Z,Sun 1:00 PM ET,Houston Texans,Dallas Cowboys
daf55e2df5341c007fee5a0fc5bbc2d4,Dallas Cowboys @ Houston Texans,Woody Marks,draftkings,DraftKings,receptions,Receptions,under,1.5,130,2.2467016727,0.4524271845,0.0,0.4347826087,0.4106205619,0.4183737339,1.5,4,176.4457577037,4.0582524272,Calibration fitted; not prospectively validated,2026-09-30T18:54:52Z,2026-10-04T17:00:00Z,Sun 1:00 PM ET,Houston Texans,Dallas Cowboys
daf55e2df5341c007fee5a0fc5bbc2d4,Dallas Cowboys @ Houston Texans,Javonte Williams,draftkings,DraftKings,rush_attempts,Rushing attempts,under,15.5,-108,12.0663413996,0.5526315789,0.0,0.5192307692,0.4896023956,0.4948011978,15.5,2,334.008097166,6.432748538,Calibration fitted; not prospectively validated,2026-09-30T18:54:52Z,2026-10-04T17:00:00Z,Sun 1:00 PM ET,Houston Texans,Dallas Cowboys
daf55e2df5341c007fee5a0fc5bbc2d4,Dallas Cowboys @ Houston Texans,Woody Marks,draftkings,DraftKings,rush_attempts,Rushing attempts,over,9.5,106,7.5362434398,0.4915254237,0.0,0.4854368932,0.4580003898,0.4661949171,9.5,2,60.8853052493,1.2542372881,Calibration fitted; not prospectively validated,2026-09-30T18:54:52Z,2026-10-04T17:00:00Z,Sun 1:00 PM ET,Houston Texans,Dallas Cowboys
daf55e2df5341c007fee5a0fc5bbc2d4,Dallas Cowboys @ Houston Texans,C.J. Stroud,draftkings,DraftKings,rush_attempts,Rushing attempts,over,3.5,102,3.6796461039,0.506993007,0.0,0.495049505,0.466910272,0.466910272,3.5,1,119.4350204251,2.4125874126,Calibration fitted; not prospectively validated,2026-09-30T18:54:52Z,2026-10-04T17:00:00Z,Sun 1:00 PM ET,Houston Texans,Dallas Cowboys
daf55e2df5341c007fee5a0fc5bbc2d4,Dallas Cowboys @ Houston Texans,Dak Prescott,draftkings,DraftKings,rush_attempts,Rushing attempts,over,3.5,130,3.906308122,0.506993007,0.0,0.4347826087,0.4100752573,0.4100752573,3.5,1,722.1039829735,16.6083916084,Calibration fitted; not prospectively validated,2026-09-30T18:54:52Z,2026-10-04T17:00:00Z,Sun 1:00 PM ET,Houston Texans,Dallas Cowboys
daf55e2df5341c007fee5a0fc5bbc2d4,Dallas Cowboys @ Houston Texans,Woody Marks,draftkings,DraftKings,rush_yds,Rushing yards,under,36.5,-112,26.1053077579,0.5647668394,0.0,0.5283018868,0.5,0.5,36.5,4,364.6495258579,6.9022945966,Calibration fitted; not prospectively validated,2026-09-30T18:54:52Z,2026-10-04T17:00:00Z,Sun 1:00 PM ET,Houston Texans,Dallas Cowboys
daf55e2df5341c007fee5a0fc5bbc2d4,Dallas Cowboys @ Houston Texans,C.J. Stroud,draftkings,DraftKings,rush_yds,Rushing yards,over,11.5,-114,19.7377791907,0.5647668394,0.0,0.5327102804,0.5042122999,0.5,11.5,5,320.5655900441,6.0176347605,Calibration fitted; not prospectively validated,2026-09-30T18:54:52Z,2026-10-04T17:00:00Z,Sun 1:00 PM ET,Houston Texans,Dallas Cowboys
daf55e2df5341c007fee5a0fc5bbc2d4,Dallas Cowboys @ Houston Texans,Dak Prescott,draftkings,DraftKings,rush_yds,Rushing yards,over,10.5,-118,17.2497024332,0.5647668394,0.0,0.5412844037,0.5126539565,0.5101214575,10.5,3,234.8243570851,4.3382804953,Calibration fitted; not prospectively validated,2026-09-30T18:54:52Z,2026-10-04T17:00:00Z,Sun 1:00 PM ET,Houston Texans,Dallas Cowboys
daf55e2df5341c007fee5a0fc5bbc2d4,Dallas Cowboys @ Houston Texans,Javonte Williams,fanduel,FanDuel,receptions,Receptions,under,2.5,106,2.3734320559,0.5408805031,0.0,0.4854368932,0.4542013626,0.4592085979,2.5,4,554.4360994077,11.4213836478,Calibration fitted; not prospectively validated,2026-09-30T18:55:14Z,2026-10-04T17:00:00Z,Sun 1:00 PM ET,Houston Texans,Dallas Cowboys
daf55e2df5341c007fee5a0fc5bbc2d4,Dallas Cowboys @ Houston Texans,C.J. Stroud,fanduel,FanDuel,rush_yds,Rushing yards,over,11.5,-114,19.7377791907,0.5647668394,0.0,0.5327102804,0.5,0.5,11.5,5,320.5655900441,6.0176347605,Calibration fitted; not prospectively validated,2026-09-30T18:55:14Z,2026-10-04T17:00:00Z,Sun 1:00 PM ET,Houston Texans,Dallas Cowboys
daf55e2df5341c007fee5a0fc5bbc2d4,Dallas Cowboys @ Houston Texans,Dak Prescott,fanduel,FanDuel,rush_yds,Rushing yards,over,9.5,-114,17.2497024332,0.5647668394,0.0,0.5327102804,0.5,0.5025798729,10.5,2,320.5655900441,6.0176347605,Calibration fitted; not prospectively validated,2026-09-30T18:55:14Z,2026-10-04T17:00:00Z,Sun 1:00 PM ET,Houston Texans,Dallas Cowboys
daf55e2df5341c007fee5a0fc5bbc2d4,Dallas Cowboys @ Houston Texans,Javonte Williams,betonlineag,BetOnline.ag,receptions,Receptions,under,2.5,105,2.3734320559,0.5408805031,0.0,0.487804878,0.4592085979,0.4592085979,2.5,4,530.7562509587,10.8805031447,Calibration fitted; not prospectively validated,2026-09-30T18:54:54Z,2026-10-04T17:00:00Z,Sun 1:00 PM ET,Houston Texans,Dallas Cowboys
daf55e2df5341c007fee5a0fc5bbc2d4,Dallas Cowboys @ Houston Texans,Javonte Williams,betonlineag,BetOnline.ag,rush_attempts,Rushing attempts,under,15.5,-114,12.0663413996,0.5526315789,0.0,0.5327102804,0.5,0.4948011978,15.5,2,199.2129857354,3.7396121884,Calibration fitted; not prospectively validated,2026-09-30T18:54:54Z,2026-10-04T17:00:00Z,Sun 1:00 PM ET,Houston Texans,Dallas Cowboys
daf55e2df5341c007fee5a0fc5bbc2d4,Dallas Cowboys @ Houston Texans,David Montgomery,betonlineag,BetOnline.ag,rush_attempts,Rushing attempts,under,11.5,-102,10.4151730387,0.506993007,0.0,0.504950495,0.4743894444,0.48199592,11.5,2,20.425119435,0.4044974633,Calibration fitted; not prospectively validated,2026-09-30T18:54:54Z,2026-10-04T17:00:00Z,Sun 1:00 PM ET,Houston Texans,Dallas Cowboys
daf55e2df5341c007fee5a0fc5bbc2d4,Dallas Cowboys @ Houston Texans,C.J. Stroud,betonlineag,BetOnline.ag,rush_yds,Rushing yards,over,11.5,-114,19.7377791907,0.5647668394,0.0,0.5327102804,0.5,0.5,11.5,5,320.5655900441,6.0176347605,Calibration fitted; not prospectively validated,2026-09-30T18:54:54Z,2026-10-04T17:00:00Z,Sun 1:00 PM ET,Houston Texans,Dallas Cowboys
daf55e2df5341c007fee5a0fc5bbc2d4,Dallas Cowboys @ Houston Texans,Dak Prescott,betonlineag,BetOnline.ag,rush_yds,Rushing yards,over,9.5,-116,17.2497024332,0.5647668394,0.0,0.537037037,0.5051597457,0.5025798729,10.5,2,277.298023412,5.1634804359,Calibration fitted; not prospectively validated,2026-09-30T18:54:54Z,2026-10-04T17:00:00Z,Sun 1:00 PM ET,Houston Texans,Dallas Cowboys
daf55e2df5341c007fee5a0fc5bbc2d4,Dallas Cowboys @ Houston Texans,Woody Marks,betonlineag,BetOnline.ag,rush_yds,Rushing yards,under,36.5,-114,26.1053077579,0.5647668394,0.0,0.5327102804,0.5,0.5,36.5,4,320.5655900441,6.0176347605,Calibration fitted; not prospectively validated,2026-09-30T18:54:54Z,2026-10-04T17:00:00Z,Sun 1:00 PM ET,Houston Texans,Dallas Cowboys
daf55e2df5341c007fee5a0fc5bbc2d4,Dallas Cowboys @ Houston Texans,Woody Marks,betrivers,BetRivers,rush_yds,Rushing yards,under,36.5,-115,26.1053077579,0.5647668394,0.0,0.5348837209,0.5,0.5,36.5,4,298.8311844801,5.5868438838,Calibration fitted; not prospectively validated,2026-09-30T18:55:25Z,2026-10-04T17:00:00Z,Sun 1:00 PM ET,Houston Texans,Dallas Cowboys
daf55e2df5341c007fee5a0fc5bbc2d4,Dallas Cowboys @ Houston Texans,Javonte Williams,betrivers,BetRivers,rush_yds,Rushing yards,under,63.5,-117,49.3454977121,0.5647668394,0.0,0.5391705069,0.5030135005,0.5030135005,61.5,1,255.963324658,4.7473539702,Calibration fitted; not prospectively validated,2026-09-30T18:55:25Z,2026-10-04T17:00:00Z,Sun 1:00 PM ET,Houston Texans,Dallas Cowboys
daf55e2df5341c007fee5a0fc5bbc2d4,Dallas Cowboys @ Houston Texans,C.J. Stroud,betrivers,BetRivers,rush_yds,Rushing yards,over,11.5,-118,19.7377791907,0.5647668394,0.0,0.5412844037,0.5050233081,0.5,11.5,5,234.8243570851,4.3382804953,Calibration fitted; not prospectively validated,2026-09-30T18:55:25Z,2026-10-04T17:00:00Z,Sun 1:00 PM ET,Houston Texans,Dallas Cowboys
daf55e2df5341c007fee5a0fc5bbc2d4,Dallas Cowboys @ Houston Texans,Javonte Williams,bovada,Bovada,receptions,Receptions,under,2.5,105,2.3734320559,0.5408805031,0.0,0.487804878,0.4592085979,0.4592085979,2.5,4,530.7562509587,10.8805031447,Calibration fitted; not prospectively validated,2026-09-30T18:54:20Z,2026-10-04T17:00:00Z,Sun 1:00 PM ET,Houston Texans,Dallas Cowboys
daf55e2df5341c007fee5a0fc5bbc2d4,Dallas Cowboys @ Houston Texans,Woody Marks,bovada,Bovada,receptions,Receptions,under,1.5,130,2.2467016727,0.4524271845,0.0,0.4347826087,0.4084720121,0.4183737339,1.5,4,176.4457577037,4.0582524272,Calibration fitted; not prospectively validated,2026-09-30T18:54:20Z,2026-10-04T17:00:00Z,Sun 1:00 PM ET,Houston Texans,Dallas Cowboys
daf55e2df5341c007fee5a0fc5bbc2d4,Dallas Cowboys @ Houston Texans,C.J. Stroud,bovada,Bovada,rush_yds,Rushing yards,over,11.5,-115,19.7377791907,0.5647668394,0.0,0.5348837209,0.5,0.5,11.5,5,298.8311844801,5.5868438838,Calibration fitted; not prospectively validated,2026-09-30T18:54:20Z,2026-10-04T17:00:00Z,Sun 1:00 PM ET,Houston Texans,Dallas Cowboys
daf55e2df5341c007fee5a0fc5bbc2d4,Dallas Cowboys @ Houston Texans,Dak Prescott,bovada,Bovada,rush_yds,Rushing yards,over,10.5,-120,17.2497024332,0.5647668394,0.0,0.5454545455,0.5101214575,0.5101214575,10.5,3,193.1229392369,3.5405872193,Calibration fitted; not prospectively validated,2026-09-30T18:54:20Z,2026-10-04T17:00:00Z,Sun 1:00 PM ET,Houston Texans,Dallas Cowboys
daf55e2df5341c007fee5a0fc5bbc2d4,Dallas Cowboys @ Houston Texans,Woody Marks,bovada,Bovada,rush_yds,Rushing yards,under,36.5,-115,26.1053077579,0.5647668394,0.0,0.5348837209,0.5,0.5,36.5,4,298.8311844801,5.5868438838,Calibration fitted; not prospectively validated,2026-09-30T18:54:20Z,2026-10-04T17:00:00Z,Sun 1:00 PM ET,Houston Texans,Dallas Cowboys
daf55e2df5341c007fee5a0fc5bbc2d4,Dallas Cowboys @ Houston Texans,Dak Prescott,fanatics,Fanatics,rush_yds,Rushing yards,over,10.5,-105,17.2497024332,0.5647668394,0.0,0.512195122,0.4796954315,0.5101214575,10.5,3,525.7171742702,10.2640019738,Calibration fitted; not prospectively validated,2026-09-30T18:54:48Z,2026-10-04T17:00:00Z,Sun 1:00 PM ET,Houston Texans,Dallas Cowboys
99a9bae4dc0dc2590496bd3102b211f2,Green Bay Packers @ Tampa Bay Buccaneers,Jalon Daniels,draftkings,DraftKings,pass_attempts,Passing attempts,under,27.5,-106,22.3518565205,0.6363636364,0.0,0.5145631068,0.4854288093,0.4854288093,27.5,1,1218.0052956752,23.6706689537,Calibration fitted; not prospectively validated,2026-09-30T18:53:59Z,2026-10-04T17:00:00Z,Sun 1:00 PM ET,Tampa Bay Buccaneers,Green Bay Packers
99a9bae4dc0dc2590496bd3102b211f2,Green Bay Packers @ Tampa Bay Buccaneers,Jalon Daniels,draftkings,DraftKings,pass_tds,Passing touchdowns,under,0.5,158,0.0106,0.5578947368,0.0,0.3875968992,0.366499746,0.3801255732,0.5,4,1702.978376173,43.9368421053,Calibration fitted; not prospectively validated,2026-09-30T18:53:59Z,2026-10-04T17:00:00Z,Sun 1:00 PM ET,Tampa Bay Buccaneers,Green Bay Packers
99a9bae4dc0dc2590496bd3102b211f2,Green Bay Packers @ Tampa Bay Buccaneers,Jordan Love,fanduel,FanDuel,pass_tds,Passing touchdowns,over,1.5,116,1.88,0.5,0.0,0.462962963,0.4329742261,0.4563455526,1.5,4,370.3703703704,8.0,Calibration fitted; not prospectively validated,2026-09-30T18:55:31Z,2026-10-04T17:00:00Z,Sun 1:00 PM ET,Tampa Bay Buccaneers,Green Bay Packers
99a9bae4dc0dc2590496bd3102b211f2,Green Bay Packers @ Tampa Bay Buccaneers,Jalon Daniels,fanduel,FanDuel,pass_tds,Passing touchdowns,under,0.5,136,0.0106,0.5578947368,0.0,0.4237288136,0.3963346076,0.3801255732,0.5,4,1341.6592328278,31.6631578947,Calibration fitted; not prospectively validated,2026-09-30T18:55:31Z,2026-10-04T17:00:00Z,Sun 1:00 PM ET,Tampa Bay Buccaneers,Green Bay Packers
99a9bae4dc0dc2590496bd3102b211f2,Green Bay Packers @ Tampa Bay Buccaneers,Jordan Love,betonlineag,BetOnline.ag,pass_tds,Passing touchdowns,over,1.5,104,1.88,0.5,0.0,0.4901960784,0.4604231975,0.4563455526,1.5,4,98.0392156863,2.0,Calibration fitted; not prospectively validated,2026-09-30T18:55:12Z,2026-10-04T17:00:00Z,Sun 1:00 PM ET,Tampa Bay Buccaneers,Green Bay Packers
99a9bae4dc0dc2590496bd3102b211f2,Green Bay Packers @ Tampa Bay Buccaneers,Jalon Daniels,betonlineag,BetOnline.ag,pass_tds,Passing touchdowns,under,0.5,144,0.0106,0.5578947368,0.0,0.4098360656,0.3852511464,0.3801255732,0.5,4,1480.5867126833,36.1263157895,Calibration fitted; not prospectively validated,2026-09-30T18:55:12Z,2026-10-04T17:00:00Z,Sun 1:00 PM ET,Tampa Bay Buccaneers,Green Bay Packers
99a9bae4dc0dc2590496bd3102b211f2,Green Bay Packers @ Tampa Bay Buccaneers,Jordan Love,betrivers,BetRivers,pass_tds,Passing touchdowns,over,1.5,107,1.88,0.5,0.0,0.4830917874,0.4522679077,0.4563455526,1.5,4,169.0821256039,3.5,Calibration fitted; not prospectively validated,2026-09-30T18:55:10Z,2026-10-04T17:00:00Z,Sun 1:00 PM ET,Tampa Bay Buccaneers,Green Bay Packers
99a9bae4dc0dc2590496bd3102b211f2,Green Bay Packers @ Tampa Bay Buccaneers,Jalon Daniels,betrivers,BetRivers,pass_tds,Passing touchdowns,under,0.5,150,0.0106,0.5578947368,0.0,0.4,0.375,0.3801255732,0.5,4,1578.9473684211,39.4736842105,Calibration fitted; not prospectively validated,2026-09-30T18:55:10Z,2026-10-04T17:00:00Z,Sun 1:00 PM ET,Tampa Bay Buccaneers,Green Bay Packers
99a9bae4dc0dc2590496bd3102b211f2,Green Bay Packers @ Tampa Bay Buccaneers,Christian Watson,draftkings,DraftKings,receptions,Receptions,under,4.5,116,4.0517187128,0.5475728155,0.0,0.462962963,0.4368658399,0.4368658399,4.5,3,846.0985257102,18.2757281553,Calibration fitted; not prospectively validated,2026-09-30T18:53:59Z,2026-10-04T17:00:00Z,Sun 1:00 PM ET,Tampa Bay Buccaneers,Green Bay Packers
99a9bae4dc0dc2590496bd3102b211f2,Green Bay Packers @ Tampa Bay Buccaneers,Matthew Golden,draftkings,DraftKings,receptions,Receptions,under,4.5,-120,3.1983140327,0.5789473684,0.0,0.5454545455,0.5145711907,0.5145711907,4.5,3,334.9282296651,6.1403508772,Calibration fitted; not prospectively validated,2026-09-30T18:53:59Z,2026-10-04T17:00:00Z,Sun 1:00 PM ET,Tampa Bay Buccaneers,Green Bay Packers
99a9bae4dc0dc2590496bd3102b211f2,Green Bay Packers @ Tampa Bay Buccaneers,Tucker Kraft,draftkings,DraftKings,receptions,Receptions,under,3.5,117,2.5211990256,0.5475728155,0.0,0.4608294931,0.435063687,0.4451682953,3.5,3,867.4332244642,18.8233009709,Calibration fitted; not prospectively validated,2026-09-30T18:53:59Z,2026-10-04T17:00:00Z,Sun 1:00 PM ET,Tampa Bay Buccaneers,Green Bay Packers
99a9bae4dc0dc2590496bd3102b211f2,Green Bay Packers @ Tampa Bay Buccaneers,Emeka Egbuka,draftkings,DraftKings,receptions,Receptions,over,3.5,109,3.7473490571,0.5408805031,0.0,0.4784688995,0.451360692,0.4537429043,3.5,3,624.1160362312,13.0440251572,Calibration fitted; not prospectively validated,2026-09-30T18:53:59Z,2026-10-04T17:00:00Z,Sun 1:00 PM ET,Tampa Bay Buccaneers,Green Bay Packers
99a9bae4dc0dc2590496bd3102b211f2,Green Bay Packers @ Tampa Bay Buccaneers,Cade Otton,draftkings,DraftKings,receptions,Receptions,under,2.5,133,3.0216068091,0.4524271845,0.0,0.4291845494,0.4048220128,0.4048220128,2.5,3,232.426351098,5.4155339806,Calibration fitted; not prospectively validated,2026-09-30T18:53:59Z,2026-10-04T17:00:00Z,Sun 1:00 PM ET,Tampa Bay Buccaneers,Green Bay Packers
99a9bae4dc0dc2590496bd3102b211f2,Green Bay Packers @ Tampa Bay Buccaneers,Bucky Irving,draftkings,DraftKings,receptions,Receptions,under,2.5,-113,2.2551627062,0.5420560748,0.0,0.5305164319,0.5,0.5,2.5,3,115.3964284147,2.1751716153,Calibration fitted; not prospectively validated,2026-09-30T18:53:59Z,2026-10-04T17:00:00Z,Sun 1:00 PM ET,Tampa Bay Buccaneers,Green Bay Packers
99a9bae4dc0dc2590496bd3102b211f2,Green Bay Packers @ Tampa Bay Buccaneers,Bucky Irving,draftkings,DraftKings,rush_attempts,Rushing attempts,under,15.5,-127,11.3776748419,0.5945945946,0.0,0.5594713656,0.5268295703,0.5268295703,15.5,1,351.2322895583,6.2779314748,Calibration fitted; not prospectively validated,2026-09-30T18:53:59Z,2026-10-04T17:00:00Z,Sun 1:00 PM ET,Tampa Bay Buccaneers,Green Bay Packers
99a9bae4dc0dc2590496bd3102b211f2,Green Bay Packers @ Tampa Bay Buccaneers,Kaleb Johnson,draftkings,DraftKings,rush_attempts,Rushing attempts,under,8.5,-119,5.1377246926,0.5526315789,0.0,0.5433789954,0.5124828361,0.5124828361,8.5,1,92.5258351358,1.7027863777,Calibration fitted; not prospectively validated,2026-09-30T18:53:59Z,2026-10-04T17:00:00Z,Sun 1:00 PM ET,Tampa Bay Buccaneers,Green Bay Packers
99a9bae4dc0dc2590496bd3102b211f2,Green Bay Packers @ Tampa Bay Buccaneers,Jalon Daniels,draftkings,DraftKings,rush_attempts,Rushing attempts,over,7.5,107,5.8299801577,0.4915254237,0.0,0.4830917874,0.4552526941,0.4552526941,7.5,1,84.336362892,1.7457627119,Calibration fitted; not prospectively validated,2026-09-30T18:53:59Z,2026-10-04T17:00:00Z,Sun 1:00 PM ET,Tampa Bay Buccaneers,Green Bay Packers
99a9bae4dc0dc2590496bd3102b211f2,Green Bay Packers @ Tampa Bay Buccaneers,Bucky Irving,draftkings,DraftKings,rush_yds,Rushing yards,under,61.5,-111,47.1725323859,0.5647668394,0.0,0.5260663507,0.4978941162,0.4978941162,60.5,1,387.0048866734,7.3565793773,Calibration fitted; not prospectively validated,2026-09-30T18:53:59Z,2026-10-04T17:00:00Z,Sun 1:00 PM ET,Tampa Bay Buccaneers,Green Bay Packers
99a9bae4dc0dc2590496bd3102b211f2,Green Bay Packers @ Tampa Bay Buccaneers,Kaleb Johnson,draftkings,DraftKings,rush_yds,Rushing yards,under,29.5,-110,16.021428654,0.5647668394,0.0,0.5238095238,0.4957877001,0.4969046636,29.5,3,409.5731556871,7.8191238813,Calibration fitted; not prospectively validated,2026-09-30T18:53:59Z,2026-10-04T17:00:00Z,Sun 1:00 PM ET,Tampa Bay Buccaneers,Green Bay Packers
99a9bae4dc0dc2590496bd3102b211f2,Green Bay Packers @ Tampa Bay Buccaneers,Christian Watson,fanduel,FanDuel,receptions,Receptions,under,4.5,116,4.0517187128,0.5475728155,0.0,0.462962963,0.4329742261,0.4368658399,4.5,3,846.0985257102,18.2757281553,Calibration fitted; not prospectively validated,2026-09-30T18:55:31Z,2026-10-04T17:00:00Z,Sun 1:00 PM ET,Tampa Bay Buccaneers,Green Bay Packers
99a9bae4dc0dc2590496bd3102b211f2,Green Bay Packers @ Tampa Bay Buccaneers,Tucker Kraft,fanduel,FanDuel,receptions,Receptions,under,3.5,110,2.5211990256,0.5475728155,0.0,0.4761904762,0.4451682953,0.4451682953,3.5,3,713.823393435,14.9902912621,Calibration fitted; not prospectively validated,2026-09-30T18:55:31Z,2026-10-04T17:00:00Z,Sun 1:00 PM ET,Tampa Bay Buccaneers,Green Bay Packers
99a9bae4dc0dc2590496bd3102b211f2,Green Bay Packers @ Tampa Bay Buccaneers,Emeka Egbuka,fanduel,FanDuel,receptions,Receptions,over,3.5,104,3.7473490571,0.5408805031,0.0,0.4901960784,0.4581151832,0.4537429043,3.5,3,506.8442471328,10.3396226415,Calibration fitted; not prospectively validated,2026-09-30T18:55:31Z,2026-10-04T17:00:00Z,Sun 1:00 PM ET,Tampa Bay Buccaneers,Green Bay Packers
99a9bae4dc0dc2590496bd3102b211f2,Green Bay Packers @ Tampa Bay Buccaneers,Chris Godwin,fanduel,FanDuel,receptions,Receptions,over,2.5,-130,4.5528098428,0.5789473684,0.0,0.5652173913,0.528157683,0.528157683,2.5,3,137.299771167,2.4291497976,Calibration fitted; not prospectively validated,2026-09-30T18:55:31Z,2026-10-04T17:00:00Z,Sun 1:00 PM ET,Tampa Bay Buccaneers,Green Bay Packers
99a9bae4dc0dc2590496bd3102b211f2,Green Bay Packers @ Tampa Bay Buccaneers,Cade Otton,fanduel,FanDuel,receptions,Receptions,under,2.5,132,3.0216068091,0.4524271845,0.0,0.4310344828,0.402338775,0.4048220128,2.5,3,213.927017074,4.9631067961,Calibration fitted; not prospectively validated,2026-09-30T18:55:31Z,2026-10-04T17:00:00Z,Sun 1:00 PM ET,Tampa Bay Buccaneers,Green Bay Packers
99a9bae4dc0dc2590496bd3102b211f2,Green Bay Packers @ Tampa Bay Buccaneers,Matthew Golden,fanduel,FanDuel,receptions,Receptions,under,4.5,-122,3.1983140327,0.5789473684,0.0,0.5495495495,0.5141838223,0.5145711907,4.5,3,293.978188715,5.3494391717,Calibration fitted; not prospectively validated,2026-09-30T18:55:31Z,2026-10-04T17:00:00Z,Sun 1:00 PM ET,Tampa Bay Buccaneers,Green Bay Packers
99a9bae4dc0dc2590496bd3102b211f2,Green Bay Packers @ Tampa Bay Buccaneers,Bucky Irving,fanduel,FanDuel,receptions,Receptions,under,2.5,-114,2.2551627062,0.5420560748,0.0,0.5327102804,0.5,0.5,2.5,3,93.4579439252,1.7543859649,Calibration fitted; not prospectively validated,2026-09-30T18:55:31Z,2026-10-04T17:00:00Z,Sun 1:00 PM ET,Tampa Bay Buccaneers,Green Bay Packers
99a9bae4dc0dc2590496bd3102b211f2,Green Bay Packers @ Tampa Bay Buccaneers,Kaleb Johnson,fanduel,FanDuel,rush_yds,Rushing yards,under,29.5,-114,16.021428654,0.5647668394,0.0,0.5327102804,0.5,0.4969046636,29.5,3,320.5655900441,6.0176347605,Calibration fitted; not prospectively validated,2026-09-30T18:55:31Z,2026-10-04T17:00:00Z,Sun 1:00 PM ET,Tampa Bay Buccaneers,Green Bay Packers
99a9bae4dc0dc2590496bd3102b211f2,Green Bay Packers @ Tampa Bay Buccaneers,Tucker Kraft,betonlineag,BetOnline.ag,receptions,Receptions,under,3.5,108,2.5211990256,0.5475728155,0.0,0.4807692308,0.451074343,0.4451682953,3.5,3,668.0358476475,13.8951456311,Calibration fitted; not prospectively validated,2026-09-30T18:55:12Z,2026-10-04T17:00:00Z,Sun 1:00 PM ET,Tampa Bay Buccaneers,Green Bay Packers
99a9bae4dc0dc2590496bd3102b211f2,Green Bay Packers @ Tampa Bay Buccaneers,Emeka Egbuka,betonlineag,BetOnline.ag,receptions,Receptions,over,3.5,107,3.7473490571,0.5408805031,0.0,0.4830917874,0.4537429043,0.4537429043,3.5,3,577.8871570504,11.9622641509,Calibration fitted; not prospectively validated,2026-09-30T18:55:12Z,2026-10-04T17:00:00Z,Sun 1:00 PM ET,Tampa Bay Buccaneers,Green Bay Packers
99a9bae4dc0dc2590496bd3102b211f2,Green Bay Packers @ Tampa Bay Buccaneers,Christian Watson,betonlineag,BetOnline.ag,receptions,Receptions,under,4.5,112,4.0517187128,0.5475728155,0.0,0.4716981132,0.443519189,0.4368658399,4.5,3,758.7470232643,16.0854368932,Calibration fitted; not prospectively validated,2026-09-30T18:55:12Z,2026-10-04T17:00:00Z,Sun 1:00 PM ET,Tampa Bay Buccaneers,Green Bay Packers
99a9bae4dc0dc2590496bd3102b211f2,Green Bay Packers @ Tampa Bay Buccaneers,Matthew Golden,betonlineag,BetOnline.ag,receptions,Receptions,under,4.5,-123,3.1983140327,0.5789473684,0.0,0.5515695067,0.5185070944,0.5145711907,4.5,3,273.778616946,4.9636285837,Calibration fitted; not prospectively validated,2026-09-30T18:55:12Z,2026-10-04T17:00:00Z,Sun 1:00 PM ET,Tampa Bay Buccaneers,Green Bay Packers
99a9bae4dc0dc2590496bd3102b211f2,Green Bay Packers @ Tampa Bay Buccaneers,Chris Godwin,betonlineag,BetOnline.ag,receptions,Receptions,over,2.5,-127,4.5528098428,0.5789473684,0.0,0.5594713656,0.5256105556,0.528157683,2.5,3,194.7600278229,3.4811438044,Calibration fitted; not prospectively validated,2026-09-30T18:55:12Z,2026-10-04T17:00:00Z,Sun 1:00 PM ET,Tampa Bay Buccaneers,Green Bay Packers
99a9bae4dc0dc2590496bd3102b211f2,Green Bay Packers @ Tampa Bay Buccaneers,Bucky Irving,betonlineag,BetOnline.ag,receptions,Receptions,under,2.5,-115,2.2551627062,0.5420560748,0.0,0.5348837209,0.5030953364,0.5,2.5,3,71.7235383612,1.3409183259,Calibration fitted; not prospectively validated,2026-09-30T18:55:12Z,2026-10-04T17:00:00Z,Sun 1:00 PM ET,Tampa Bay Buccaneers,Green Bay Packers
99a9bae4dc0dc2590496bd3102b211f2,Green Bay Packers @ Tampa Bay Buccaneers,Cade Otton,betonlineag,BetOnline.ag,receptions,Receptions,under,2.5,132,3.0216068091,0.4524271845,0.0,0.4310344828,0.4053409633,0.4048220128,2.5,3,213.927017074,4.9631067961,Calibration fitted; not prospectively validated,2026-09-30T18:55:12Z,2026-10-04T17:00:00Z,Sun 1:00 PM ET,Tampa Bay Buccaneers,Green Bay Packers
99a9bae4dc0dc2590496bd3102b211f2,Green Bay Packers @ Tampa Bay Buccaneers,Kaleb Johnson,betonlineag,BetOnline.ag,rush_yds,Rushing yards,under,29.5,-112,16.021428654,0.5647668394,0.0,0.5283018868,0.4969046636,0.4969046636,29.5,3,364.6495258579,6.9022945966,Calibration fitted; not prospectively validated,2026-09-30T18:55:12Z,2026-10-04T17:00:00Z,Sun 1:00 PM ET,Tampa Bay Buccaneers,Green Bay Packers
99a9bae4dc0dc2590496bd3102b211f2,Green Bay Packers @ Tampa Bay Buccaneers,Chris Godwin,betrivers,BetRivers,receptions,Receptions,over,2.5,-132,4.5528098428,0.5789473684,0.0,0.5689655172,,0.528157683,2.5,3,99.8185117967,1.7543859649,Calibration fitted; not prospectively validated,2026-09-30T18:55:10Z,2026-10-04T17:00:00Z,Sun 1:00 PM ET,Tampa Bay Buccaneers,Green Bay Packers
99a9bae4dc0dc2590496bd3102b211f2,Green Bay Packers @ Tampa Bay Buccaneers,Emeka Egbuka,betrivers,BetRivers,receptions,Receptions,over,3.5,110,3.7473490571,0.5408805031,0.0,0.4761904762,,0.4537429043,3.5,3,646.9002695418,13.5849056604,Calibration fitted; not prospectively validated,2026-09-30T18:55:10Z,2026-10-04T17:00:00Z,Sun 1:00 PM ET,Tampa Bay Buccaneers,Green Bay Packers
99a9bae4dc0dc2590496bd3102b211f2,Green Bay Packers @ Tampa Bay Buccaneers,Kaleb Johnson,betrivers,BetRivers,rush_yds,Rushing yards,under,30.5,-118,16.021428654,0.5647668394,0.0,0.5412844037,0.5050233081,0.5050233081,29.5,1,234.8243570851,4.3382804953,Calibration fitted; not prospectively validated,2026-09-30T18:55:10Z,2026-10-04T17:00:00Z,Sun 1:00 PM ET,Tampa Bay Buccaneers,Green Bay Packers
1b4f2e60ce83fa1d63a5dff83769d27c,Los Angeles Rams @ Philadelphia Eagles,Jalen Hurts,draftkings,DraftKings,pass_attempts,Passing attempts,under,29.5,-102,25.9617519345,0.6363636364,0.0,0.504950495,0.4761410788,0.478232912,29.5,2,1314.1314131413,26.0249554367,Calibration fitted; not prospectively validated,2026-09-30T18:54:01Z,2026-10-04T17:00:00Z,Sun 1:00 PM ET,Philadelphia Eagles,Los Angeles Rams
1b4f2e60ce83fa1d63a5dff83769d27c,Los Angeles Rams @ Philadelphia Eagles,Matthew Stafford,draftkings,DraftKings,pass_completions,Passing completions,over,21.5,105,21.2438594419,0.5,0.0,0.487804878,0.4599960684,0.4626307953,21.5,2,121.9512195122,2.5,Calibration fitted; not prospectively validated,2026-09-30T18:54:01Z,2026-10-04T17:00:00Z,Sun 1:00 PM ET,Philadelphia Eagles,Los Angeles Rams
1b4f2e60ce83fa1d63a5dff83769d27c,Los Angeles Rams @ Philadelphia Eagles,Jalen Hurts,draftkings,DraftKings,pass_tds,Passing touchdowns,over,1.5,192,1.7666666667,0.5,0.0,0.3424657534,0.324325329,0.3289914101,1.5,4,1575.3424657534,46.0,Calibration fitted; not prospectively validated,2026-09-30T18:54:01Z,2026-10-04T17:00:00Z,Sun 1:00 PM ET,Philadelphia Eagles,Los Angeles Rams
1b4f2e60ce83fa1d63a5dff83769d27c,Los Angeles Rams @ Philadelphia Eagles,Jalen Hurts,fanduel,FanDuel,pass_tds,Passing touchdowns,over,1.5,188,1.7666666667,0.5,0.0,0.3472222222,0.3246753247,0.3289914101,1.5,4,1527.7777777778,44.0,Calibration fitted; not prospectively validated,2026-09-30T18:55:18Z,2026-10-04T17:00:00Z,Sun 1:00 PM ET,Philadelphia Eagles,Los Angeles Rams
1b4f2e60ce83fa1d63a5dff83769d27c,Los Angeles Rams @ Philadelphia Eagles,Jalen Hurts,betonlineag,BetOnline.ag,pass_attempts,Passing attempts,under,29.5,-104,25.9617519345,0.6363636364,0.0,0.5098039216,0.4803247453,0.478232912,29.5,2,1265.5971479501,24.8251748252,Calibration fitted; not prospectively validated,2026-09-30T18:54:58Z,2026-10-04T17:00:00Z,Sun 1:00 PM ET,Philadelphia Eagles,Los Angeles Rams
1b4f2e60ce83fa1d63a5dff83769d27c,Los Angeles Rams @ Philadelphia Eagles,Matthew Stafford,betonlineag,BetOnline.ag,pass_completions,Passing completions,over,21.5,102,21.2438594419,0.5,0.0,0.495049505,0.4652655222,0.4626307953,21.5,2,49.5049504951,1.0,Calibration fitted; not prospectively validated,2026-09-30T18:54:58Z,2026-10-04T17:00:00Z,Sun 1:00 PM ET,Philadelphia Eagles,Los Angeles Rams
1b4f2e60ce83fa1d63a5dff83769d27c,Los Angeles Rams @ Philadelphia Eagles,Jalen Hurts,betonlineag,BetOnline.ag,pass_tds,Passing touchdowns,over,1.5,182,1.7666666667,0.5,0.0,0.3546099291,0.3333074955,0.3289914101,1.5,4,1453.9007092199,41.0,Calibration fitted; not prospectively validated,2026-09-30T18:54:58Z,2026-10-04T17:00:00Z,Sun 1:00 PM ET,Philadelphia Eagles,Los Angeles Rams
1b4f2e60ce83fa1d63a5dff83769d27c,Los Angeles Rams @ Philadelphia Eagles,Jalen Hurts,betrivers,BetRivers,pass_completions,Passing completions,over,19.5,102,16.8199048153,0.5,0.0,0.495049505,,,18.5,0,49.5049504951,1.0,Calibration fitted; not prospectively validated,2026-09-30T18:55:10Z,2026-10-04T17:00:00Z,Sun 1:00 PM ET,Philadelphia Eagles,Los Angeles Rams
1b4f2e60ce83fa1d63a5dff83769d27c,Los Angeles Rams @ Philadelphia Eagles,Jalen Hurts,betrivers,BetRivers,pass_tds,Passing touchdowns,over,1.5,175,1.7666666667,0.5,0.0,0.3636363636,0.34,0.3289914101,1.5,4,1363.6363636364,37.5,Calibration fitted; not prospectively validated,2026-09-30T18:55:10Z,2026-10-04T17:00:00Z,Sun 1:00 PM ET,Philadelphia Eagles,Los Angeles Rams
1b4f2e60ce83fa1d63a5dff83769d27c,Los Angeles Rams @ Philadelphia Eagles,DeVonta Smith,draftkings,DraftKings,receptions,Receptions,under,5.5,106,5.1803111762,0.5420560748,0.0,0.4854368932,0.4580003898,0.4564539116,5.5,3,566.1918156247,11.6635514019,Calibration fitted; not prospectively validated,2026-09-30T18:54:01Z,2026-10-04T17:00:00Z,Sun 1:00 PM ET,Philadelphia Eagles,Los Angeles Rams
1b4f2e60ce83fa1d63a5dff83769d27c,Los Angeles Rams @ Philadelphia Eagles,Davante Adams,draftkings,DraftKings,receptions,Receptions,under,4.5,123,5.3870011644,0.4524271845,0.0,0.4484304933,0.4233170266,0.4233170266,5.5,1,39.9669119248,0.8912621359,Calibration fitted; not prospectively validated,2026-09-30T18:54:01Z,2026-10-04T17:00:00Z,Sun 1:00 PM ET,Philadelphia Eagles,Los Angeles Rams
1b4f2e60ce83fa1d63a5dff83769d27c,Los Angeles Rams @ Philadelphia Eagles,Makai Lemon,draftkings,DraftKings,receptions,Receptions,under,2.5,134,2.973334068,0.4579439252,0.0,0.4273504274,0.403273633,0.419857152,2.5,3,305.9349788322,7.1588785047,Calibration fitted; not prospectively validated,2026-09-30T18:54:01Z,2026-10-04T17:00:00Z,Sun 1:00 PM ET,Philadelphia Eagles,Los Angeles Rams
1b4f2e60ce83fa1d63a5dff83769d27c,Los Angeles Rams @ Philadelphia Eagles,Dontayvion Wicks,draftkings,DraftKings,receptions,Receptions,under,2.5,131,2.2788464095,0.5420560748,0.0,0.4329004329,0.4090261501,0.4090261501,3.5,1,1091.5564186592,25.214953271,Calibration fitted; not prospectively validated,2026-09-30T18:54:01Z,2026-10-04T17:00:00Z,Sun 1:00 PM ET,Philadelphia Eagles,Los Angeles Rams
1b4f2e60ce83fa1d63a5dff83769d27c,Los Angeles Rams @ Philadelphia Eagles,Jalen Hurts,draftkings,DraftKings,rush_attempts,Rushing attempts,under,5.5,107,7.049304416,0.4915254237,0.0,0.4830917874,0.4552526941,0.4648210692,5.5,2,84.336362892,1.7457627119,Calibration fitted; not prospectively validated,2026-09-30T18:54:01Z,2026-10-04T17:00:00Z,Sun 1:00 PM ET,Philadelphia Eagles,Los Angeles Rams
1b4f2e60ce83fa1d63a5dff83769d27c,Los Angeles Rams @ Philadelphia Eagles,DeVonta Smith,fanduel,FanDuel,receptions,Receptions,under,5.5,116,5.1803111762,0.5420560748,0.0,0.462962963,0.4329742261,0.4564539116,5.5,3,790.9311180339,17.0841121495,Calibration fitted; not prospectively validated,2026-09-30T18:55:18Z,2026-10-04T17:00:00Z,Sun 1:00 PM ET,Philadelphia Eagles,Los Angeles Rams
1b4f2e60ce83fa1d63a5dff83769d27c,Los Angeles Rams @ Philadelphia Eagles,Jalen Hurts,fanduel,FanDuel,rush_yds,Rushing yards,over,24.5,-114,34.629758854,0.5647668394,0.0,0.5327102804,0.5,0.5,24.5,2,320.5655900441,6.0176347605,Calibration fitted; not prospectively validated,2026-09-30T18:55:18Z,2026-10-04T17:00:00Z,Sun 1:00 PM ET,Philadelphia Eagles,Los Angeles Rams
1b4f2e60ce83fa1d63a5dff83769d27c,Los Angeles Rams @ Philadelphia Eagles,DeVonta Smith,betonlineag,BetOnline.ag,receptions,Receptions,under,5.5,106,5.1803111762,0.5420560748,0.0,0.4854368932,0.4564539116,0.4564539116,5.5,3,566.1918156247,11.6635514019,Calibration fitted; not prospectively validated,2026-09-30T18:54:58Z,2026-10-04T17:00:00Z,Sun 1:00 PM ET,Philadelphia Eagles,Los Angeles Rams
1b4f2e60ce83fa1d63a5dff83769d27c,Los Angeles Rams @ Philadelphia Eagles,Makai Lemon,betonlineag,BetOnline.ag,receptions,Receptions,under,2.5,124,2.973334068,0.4579439252,0.0,0.4464285714,0.419857152,0.419857152,2.5,3,115.1535380507,2.5794392523,Calibration fitted; not prospectively validated,2026-09-30T18:54:58Z,2026-10-04T17:00:00Z,Sun 1:00 PM ET,Philadelphia Eagles,Los Angeles Rams
1b4f2e60ce83fa1d63a5dff83769d27c,Los Angeles Rams @ Philadelphia Eagles,Jalen Hurts,betonlineag,BetOnline.ag,rush_yds,Rushing yards,over,24.5,-114,34.629758854,0.5647668394,0.0,0.5327102804,0.5,0.5,24.5,2,320.5655900441,6.0176347605,Calibration fitted; not prospectively validated,2026-09-30T18:54:58Z,2026-10-04T17:00:00Z,Sun 1:00 PM ET,Philadelphia Eagles,Los Angeles Rams
1b4f2e60ce83fa1d63a5dff83769d27c,Los Angeles Rams @ Philadelphia Eagles,Jalen Hurts,betrivers,BetRivers,rush_yds,Rushing yards,over,23.5,-113,34.629758854,0.5647668394,0.0,0.5305164319,0.4949766919,0.4949766919,24.5,1,342.5040745336,6.4560502545,Calibration fitted; not prospectively validated,2026-09-30T18:55:10Z,2026-10-04T17:00:00Z,Sun 1:00 PM ET,Philadelphia Eagles,Los Angeles Rams
1b4f2e60ce83fa1d63a5dff83769d27c,Los Angeles Rams @ Philadelphia Eagles,Kyren Williams,fanatics,Fanatics,rush_yds,Rushing yards,over,55.5,-125,69.9963492983,0.5647668394,0.0,0.5555555556,0.5203045685,0.5203045685,57.5,1,92.1128382268,1.6580310881,Calibration fitted; not prospectively validated,2026-09-30T18:54:58Z,2026-10-04T17:00:00Z,Sun 1:00 PM ET,Philadelphia Eagles,Los Angeles Rams
c327223d76a3b7b0db8c6c104442f44b,Miami Dolphins @ Minnesota Vikings,Malik Washington,fanduel,FanDuel,receptions,Receptions,under,3.5,108,3.4008031063,0.5408805031,0.0,0.4807692308,0.4489255225,0.4489255225,3.5,1,601.1127237542,12.5031446541,Calibration fitted; not prospectively validated,2026-09-30T18:54:57Z,2026-10-04T20:05:00Z,Sun 4:05 PM ET,Minnesota Vikings,Miami Dolphins
c327223d76a3b7b0db8c6c104442f44b,Miami Dolphins @ Minnesota Vikings,Jaylen Wright,fanduel,FanDuel,receptions,Receptions,over,1.5,162,0.7078916362,0.4210526316,0.0,0.3816793893,0.3569834895,0.3569834895,1.5,1,393.7324226597,10.3157894737,Calibration fitted; not prospectively validated,2026-09-30T18:54:57Z,2026-10-04T20:05:00Z,Sun 4:05 PM ET,Minnesota Vikings,Miami Dolphins
a7e7efb75a9792ac63480ae6328dca18,Denver Broncos @ San Francisco 49ers,Bo Nix,draftkings,DraftKings,pass_attempts,Passing attempts,under,34.5,-106,30.8046773667,0.6363636364,0.0,0.5145631068,0.4844887492,0.4948242475,34.5,2,1218.0052956752,23.6706689537,Calibration fitted; not prospectively validated,2026-09-30T18:55:26Z,2026-10-04T20:25:00Z,Sun 4:25 PM ET,San Francisco 49ers,Denver Broncos
a7e7efb75a9792ac63480ae6328dca18,Denver Broncos @ San Francisco 49ers,Brock Purdy,draftkings,DraftKings,pass_attempts,Passing attempts,under,31.5,-123,26.6778848539,0.6363636364,0.0,0.5515695067,0.5196752547,0.5180572558,31.5,2,847.9412963718,15.3732446415,Calibration fitted; not prospectively validated,2026-09-30T18:55:26Z,2026-10-04T20:25:00Z,Sun 4:25 PM ET,San Francisco 49ers,Denver Broncos
a7e7efb75a9792ac63480ae6328dca18,Denver Broncos @ San Francisco 49ers,Bo Nix,draftkings,DraftKings,pass_completions,Passing completions,under,21.5,-101,17.3970170713,0.5428571429,0.0,0.5024875622,0.4740405383,0.485472601,21.5,2,403.6958066809,8.0339462518,Calibration fitted; not prospectively validated,2026-09-30T18:55:26Z,2026-10-04T20:25:00Z,Sun 4:25 PM ET,San Francisco 49ers,Denver Broncos
a7e7efb75a9792ac63480ae6328dca18,Denver Broncos @ San Francisco 49ers,Bo Nix,draftkings,DraftKings,pass_tds,Passing touchdowns,over,1.5,109,1.2533333333,0.5,0.0,0.4784688995,0.451360692,0.4432111956,1.5,4,215.3110047847,4.5,Calibration fitted; not prospectively validated,2026-09-30T18:55:26Z,2026-10-04T20:25:00Z,Sun 4:25 PM ET,San Francisco 49ers,Denver Broncos
a7e7efb75a9792ac63480ae6328dca18,Denver Broncos @ San Francisco 49ers,Brock Purdy,fanduel,FanDuel,pass_tds,Passing touchdowns,over,1.5,-114,3.18,0.5333333333,0.0,0.5327102804,0.5,0.5015476682,1.5,4,6.230529595,0.1169590643,Calibration fitted; not prospectively validated,2026-09-30T18:55:16Z,2026-10-04T20:25:00Z,Sun 4:25 PM ET,San Francisco 49ers,Denver Broncos
a7e7efb75a9792ac63480ae6328dca18,Denver Broncos @ San Francisco 49ers,Bo Nix,fanduel,FanDuel,pass_tds,Passing touchdowns,over,1.5,114,1.2533333333,0.5,0.0,0.4672897196,0.4391556878,0.4432111956,1.5,4,327.1028037383,7.0,Calibration fitted; not prospectively validated,2026-09-30T18:55:16Z,2026-10-04T20:25:00Z,Sun 4:25 PM ET,San Francisco 49ers,Denver Broncos
a7e7efb75a9792ac63480ae6328dca18,Denver Broncos @ San Francisco 49ers,Bo Nix,betonlineag,BetOnline.ag,pass_attempts,Passing attempts,under,34.5,-116,30.8046773667,0.6363636364,0.0,0.537037037,0.5051597457,0.4948242475,34.5,2,993.265993266,18.4952978056,Calibration fitted; not prospectively validated,2026-09-30T18:54:57Z,2026-10-04T20:25:00Z,Sun 4:25 PM ET,San Francisco 49ers,Denver Broncos
a7e7efb75a9792ac63480ae6328dca18,Denver Broncos @ San Francisco 49ers,Brock Purdy,betonlineag,BetOnline.ag,pass_attempts,Passing attempts,under,31.5,-122,26.6778848539,0.6363636364,0.0,0.5495495495,0.5164392569,0.5180572558,31.5,2,868.1408681409,15.7973174367,Calibration fitted; not prospectively validated,2026-09-30T18:54:57Z,2026-10-04T20:25:00Z,Sun 4:25 PM ET,San Francisco 49ers,Denver Broncos
a7e7efb75a9792ac63480ae6328dca18,Denver Broncos @ San Francisco 49ers,Bo Nix,betonlineag,BetOnline.ag,pass_completions,Passing completions,under,21.5,-112,17.3970170713,0.5428571429,0.0,0.5283018868,0.4969046636,0.485472601,21.5,2,145.5525606469,2.7551020408,Calibration fitted; not prospectively validated,2026-09-30T18:54:57Z,2026-10-04T20:25:00Z,Sun 4:25 PM ET,San Francisco 49ers,Denver Broncos
a7e7efb75a9792ac63480ae6328dca18,Denver Broncos @ San Francisco 49ers,Bo Nix,betonlineag,BetOnline.ag,pass_tds,Passing touchdowns,over,1.5,110,1.2533333333,0.5,0.0,0.4761904762,0.4472667035,0.4432111956,1.5,4,238.0952380952,5.0,Calibration fitted; not prospectively validated,2026-09-30T18:54:57Z,2026-10-04T20:25:00Z,Sun 4:25 PM ET,San Francisco 49ers,Denver Broncos
a7e7efb75a9792ac63480ae6328dca18,Denver Broncos @ San Francisco 49ers,Bo Nix,betrivers,BetRivers,pass_tds,Passing touchdowns,over,1.5,115,1.2533333333,0.5,0.0,0.4651162791,0.4353835522,0.4432111956,1.5,4,348.8372093023,7.5,Calibration fitted; not prospectively validated,2026-09-30T18:54:32Z,2026-10-04T20:25:00Z,Sun 4:25 PM ET,San Francisco 49ers,Denver Broncos
a7e7efb75a9792ac63480ae6328dca18,Denver Broncos @ San Francisco 49ers,Brock Purdy,betrivers,BetRivers,pass_tds,Passing touchdowns,over,1.5,-109,3.18,0.5333333333,0.0,0.5215311005,0.4869204765,0.5015476682,1.5,4,118.0223285486,2.2629969419,Calibration fitted; not prospectively validated,2026-09-30T18:54:32Z,2026-10-04T20:25:00Z,Sun 4:25 PM ET,San Francisco 49ers,Denver Broncos
a7e7efb75a9792ac63480ae6328dca18,Denver Broncos @ San Francisco 49ers,Christian McCaffrey,draftkings,DraftKings,receptions,Receptions,under,4.5,-102,4.1396570213,0.5420560748,0.0,0.504950495,0.4761410788,0.4761410788,4.5,3,371.0557971685,7.3483599047,Calibration fitted; not prospectively validated,2026-09-30T18:55:26Z,2026-10-04T20:25:00Z,Sun 4:25 PM ET,San Francisco 49ers,Denver Broncos
a7e7efb75a9792ac63480ae6328dca18,Denver Broncos @ San Francisco 49ers,Jaylen Waddle,draftkings,DraftKings,receptions,Receptions,under,4.5,-117,3.0441355763,0.5789473684,0.0,0.5391705069,0.5083149711,0.5395768025,4.5,3,397.7686150861,7.3774179037,Calibration fitted; not prospectively validated,2026-09-30T18:55:26Z,2026-10-04T20:25:00Z,Sun 4:25 PM ET,San Francisco 49ers,Denver Broncos
a7e7efb75a9792ac63480ae6328dca18,Denver Broncos @ San Francisco 49ers,Christian McCaffrey,draftkings,DraftKings,rush_attempts,Rushing attempts,under,15.5,100,13.3131871492,0.506993007,0.0,0.5,0.4719334719,0.4818650132,15.5,2,69.9300699301,1.3986013986,Calibration fitted; not prospectively validated,2026-09-30T18:55:26Z,2026-10-04T20:25:00Z,Sun 4:25 PM ET,San Francisco 49ers,Denver Broncos
a7e7efb75a9792ac63480ae6328dca18,Denver Broncos @ San Francisco 49ers,Brock Purdy,draftkings,DraftKings,rush_attempts,Rushing attempts,over,4.5,117,4.1371750746,0.4927536232,0.0,0.4608294931,0.435063687,0.435063687,4.5,1,319.2413010085,6.9275362319,Calibration fitted; not prospectively validated,2026-09-30T18:55:26Z,2026-10-04T20:25:00Z,Sun 4:25 PM ET,San Francisco 49ers,Denver Broncos
a7e7efb75a9792ac63480ae6328dca18,Denver Broncos @ San Francisco 49ers,Christian McCaffrey,fanduel,FanDuel,receptions,Receptions,under,4.5,-108,4.1396570213,0.5420560748,0.0,0.5192307692,0.4858161777,0.4761410788,4.5,3,228.2530553559,4.3959847698,Calibration fitted; not prospectively validated,2026-09-30T18:55:16Z,2026-10-04T20:25:00Z,Sun 4:25 PM ET,San Francisco 49ers,Denver Broncos
a7e7efb75a9792ac63480ae6328dca18,Denver Broncos @ San Francisco 49ers,Brock Purdy,fanduel,FanDuel,rush_yds,Rushing yards,over,16.5,-114,27.4189250045,0.5647668394,0.0,0.5327102804,0.5,0.5,17.5,1,320.5655900441,6.0176347605,Calibration fitted; not prospectively validated,2026-09-30T18:55:16Z,2026-10-04T20:25:00Z,Sun 4:25 PM ET,San Francisco 49ers,Denver Broncos
a7e7efb75a9792ac63480ae6328dca18,Denver Broncos @ San Francisco 49ers,Jaylen Waddle,betonlineag,BetOnline.ag,receptions,Receptions,under,4.5,-135,3.0441355763,0.5789473684,0.0,0.5744680851,0.5395768025,0.5395768025,4.5,3,44.7928331467,0.7797270955,Calibration fitted; not prospectively validated,2026-09-30T18:54:57Z,2026-10-04T20:25:00Z,Sun 4:25 PM ET,San Francisco 49ers,Denver Broncos
a7e7efb75a9792ac63480ae6328dca18,Denver Broncos @ San Francisco 49ers,Christian McCaffrey,betonlineag,BetOnline.ag,receptions,Receptions,under,4.5,-102,4.1396570213,0.5420560748,0.0,0.504950495,0.4743894444,0.4761410788,4.5,3,371.0557971685,7.3483599047,Calibration fitted; not prospectively validated,2026-09-30T18:54:57Z,2026-10-04T20:25:00Z,Sun 4:25 PM ET,San Francisco 49ers,Denver Broncos
a7e7efb75a9792ac63480ae6328dca18,Denver Broncos @ San Francisco 49ers,Pat Bryant,betrivers,BetRivers,receptions,Receptions,over,2.5,125,2.1471837901,0.4579439252,0.0,0.4444444444,,0.4498870615,2.5,3,134.994807892,3.0373831776,Calibration fitted; not prospectively validated,2026-09-30T18:54:32Z,2026-10-04T20:25:00Z,Sun 4:25 PM ET,San Francisco 49ers,Denver Broncos
e0cbd266dcf997089203a1b33ba0333d,Kansas City Chiefs @ Las Vegas Raiders,Kirk Cousins,draftkings,DraftKings,pass_tds,Passing touchdowns,over,1.5,123,3.18,0.5333333333,0.0,0.4484304933,0.4233170266,0.4196504457,1.5,4,849.0284005979,18.9333333333,Calibration fitted; not prospectively validated,2026-09-30T18:54:15Z,2026-10-04T20:25:00Z,Sun 4:25 PM ET,Las Vegas Raiders,Kansas City Chiefs
e0cbd266dcf997089203a1b33ba0333d,Kansas City Chiefs @ Las Vegas Raiders,Kirk Cousins,fanduel,FanDuel,pass_tds,Passing touchdowns,over,1.5,128,3.18,0.5333333333,0.0,0.4385964912,0.4095398699,0.4196504457,1.5,4,947.3684210526,21.6,Calibration fitted; not prospectively validated,2026-09-30T18:55:00Z,2026-10-04T20:25:00Z,Sun 4:25 PM ET,Las Vegas Raiders,Kansas City Chiefs
e0cbd266dcf997089203a1b33ba0333d,Kansas City Chiefs @ Las Vegas Raiders,Kirk Cousins,betonlineag,BetOnline.ag,pass_tds,Passing touchdowns,over,1.5,126,3.18,0.5333333333,0.0,0.4424778761,0.4159838649,0.4196504457,1.5,4,908.5545722714,20.5333333333,Calibration fitted; not prospectively validated,2026-09-30T18:54:32Z,2026-10-04T20:25:00Z,Sun 4:25 PM ET,Las Vegas Raiders,Kansas City Chiefs
e0cbd266dcf997089203a1b33ba0333d,Kansas City Chiefs @ Las Vegas Raiders,Kirk Cousins,bovada,Bovada,pass_tds,Passing touchdowns,over,1.5,120,3.18,0.5333333333,0.0,0.4545454545,0.4248366013,0.4196504457,1.5,4,787.8787878788,17.3333333333,Calibration fitted; not prospectively validated,2026-09-30T18:54:03Z,2026-10-04T20:25:00Z,Sun 4:25 PM ET,Las Vegas Raiders,Kansas City Chiefs
e0cbd266dcf997089203a1b33ba0333d,Kansas City Chiefs @ Las Vegas Raiders,Kenneth Walker,draftkings,DraftKings,rush_attempts,Rushing attempts,under,18.5,101,15.1835309387,0.5526315789,0.0,0.4975124378,0.4698318497,0.4698318497,18.5,1,551.1914113642,11.0789473684,Calibration fitted; not prospectively validated,2026-09-30T18:54:15Z,2026-10-04T20:25:00Z,Sun 4:25 PM ET,Las Vegas Raiders,Kansas City Chiefs
e0cbd266dcf997089203a1b33ba0333d,Kansas City Chiefs @ Las Vegas Raiders,Kenneth Walker,draftkings,DraftKings,rush_yds,Rushing yards,under,87.5,-111,65.519938493,0.5647668394,0.0,0.5260663507,0.4978941162,0.4989470581,88.5,2,387.0048866734,7.3565793773,Calibration fitted; not prospectively validated,2026-09-30T18:54:15Z,2026-10-04T20:25:00Z,Sun 4:25 PM ET,Las Vegas Raiders,Kansas City Chiefs
e0cbd266dcf997089203a1b33ba0333d,Kansas City Chiefs @ Las Vegas Raiders,Kenneth Walker,fanduel,FanDuel,rush_yds,Rushing yards,under,91.5,-114,65.519938493,0.5647668394,0.0,0.5327102804,0.5,0.5,88.5,1,320.5655900441,6.0176347605,Calibration fitted; not prospectively validated,2026-09-30T18:55:00Z,2026-10-04T20:25:00Z,Sun 4:25 PM ET,Las Vegas Raiders,Kansas City Chiefs
e0cbd266dcf997089203a1b33ba0333d,Kansas City Chiefs @ Las Vegas Raiders,Kenneth Walker,betonlineag,BetOnline.ag,rush_yds,Rushing yards,under,88.5,-111,65.519938493,0.5647668394,0.0,0.5260663507,0.4948402543,0.4948402543,88.5,1,387.0048866734,7.3565793773,Calibration fitted; not prospectively validated,2026-09-30T18:54:32Z,2026-10-04T20:25:00Z,Sun 4:25 PM ET,Las Vegas Raiders,Kansas City Chiefs
e0cbd266dcf997089203a1b33ba0333d,Kansas City Chiefs @ Las Vegas Raiders,Kenneth Walker,bovada,Bovada,rush_yds,Rushing yards,under,87.5,-115,65.519938493,0.5647668394,0.0,0.5348837209,0.5,0.4989470581,88.5,2,298.8311844801,5.5868438838,Calibration fitted; not prospectively validated,2026-09-30T18:54:03Z,2026-10-04T20:25:00Z,Sun 4:25 PM ET,Las Vegas Raiders,Kansas City Chiefs
e0cbd266dcf997089203a1b33ba0333d,Kansas City Chiefs @ Las Vegas Raiders,Kenneth Walker,fanatics,Fanatics,rush_yds,Rushing yards,under,90.5,-120,65.519938493,0.5647668394,0.0,0.5454545455,0.5101214575,0.5101214575,88.5,1,193.1229392369,3.5405872193,Calibration fitted; not prospectively validated,2026-09-30T18:54:45Z,2026-10-04T20:25:00Z,Sun 4:25 PM ET,Las Vegas Raiders,Kansas City Chiefs
96d2373cda647873b971f268482bced0,Los Angeles Chargers @ Seattle Seahawks,Sam Darnold,draftkings,DraftKings,pass_attempts,Passing attempts,under,30.5,-124,24.7095259206,0.6363636364,0.0,0.5535714286,0.5217643645,0.5203045685,30.5,3,827.9220779221,14.9560117302,Calibration fitted; not prospectively validated,2026-09-30T18:54:31Z,2026-10-04T20:25:00Z,Sun 4:25 PM ET,Seattle Seahawks,Los Angeles Chargers
96d2373cda647873b971f268482bced0,Los Angeles Chargers @ Seattle Seahawks,Justin Herbert,draftkings,DraftKings,pass_attempts,Passing attempts,under,30.5,-126,27.2074513694,0.6363636364,0.0,0.5575221239,0.5259594617,0.5306122449,30.5,3,788.4151246983,14.1414141414,Calibration fitted; not prospectively validated,2026-09-30T18:54:31Z,2026-10-04T20:25:00Z,Sun 4:25 PM ET,Seattle Seahawks,Los Angeles Chargers
96d2373cda647873b971f268482bced0,Los Angeles Chargers @ Seattle Seahawks,Sam Darnold,draftkings,DraftKings,pass_tds,Passing touchdowns,under,1.5,104,2.12,0.5,0.0,0.4901960784,0.4620082487,0.4681457358,1.5,5,98.0392156863,2.0,Calibration fitted; not prospectively validated,2026-09-30T18:54:31Z,2026-10-04T20:25:00Z,Sun 4:25 PM ET,Seattle Seahawks,Los Angeles Chargers
96d2373cda647873b971f268482bced0,Los Angeles Chargers @ Seattle Seahawks,Justin Herbert,draftkings,DraftKings,pass_tds,Passing touchdowns,under,0.5,201,0.94,0.5,0.0,0.3322259136,0.3146129913,0.3161222339,0.5,5,1677.7408637874,50.5,Calibration fitted; not prospectively validated,2026-09-30T18:54:31Z,2026-10-04T20:25:00Z,Sun 4:25 PM ET,Seattle Seahawks,Los Angeles Chargers
96d2373cda647873b971f268482bced0,Los Angeles Chargers @ Seattle Seahawks,Justin Herbert,fanduel,FanDuel,pass_tds,Passing touchdowns,under,0.5,172,0.94,0.5,0.0,0.3676470588,0.3438718949,0.3161222339,0.5,5,1323.5294117647,36.0,Calibration fitted; not prospectively validated,2026-09-30T18:54:53Z,2026-10-04T20:25:00Z,Sun 4:25 PM ET,Seattle Seahawks,Los Angeles Chargers
96d2373cda647873b971f268482bced0,Los Angeles Chargers @ Seattle Seahawks,Sam Darnold,betonlineag,BetOnline.ag,pass_attempts,Passing attempts,under,30.5,-123,24.7095259206,0.6363636364,0.0,0.5515695067,0.5185070944,0.5203045685,30.5,3,847.9412963718,15.3732446415,Calibration fitted; not prospectively validated,2026-09-30T18:54:34Z,2026-10-04T20:25:00Z,Sun 4:25 PM ET,Seattle Seahawks,Los Angeles Chargers
96d2373cda647873b971f268482bced0,Los Angeles Chargers @ Seattle Seahawks,Justin Herbert,betonlineag,BetOnline.ag,pass_attempts,Passing attempts,under,30.5,-130,27.2074513694,0.6363636364,0.0,0.5652173913,0.5306122449,0.5306122449,30.5,3,711.4624505929,12.5874125874,Calibration fitted; not prospectively validated,2026-09-30T18:54:34Z,2026-10-04T20:25:00Z,Sun 4:25 PM ET,Seattle Seahawks,Los Angeles Chargers
96d2373cda647873b971f268482bced0,Los Angeles Chargers @ Seattle Seahawks,Sam Darnold,betonlineag,BetOnline.ag,pass_tds,Passing touchdowns,under,1.5,101,2.12,0.5,0.0,0.4975124378,0.4681457358,0.4681457358,1.5,5,24.8756218905,0.5,Calibration fitted; not prospectively validated,2026-09-30T18:54:34Z,2026-10-04T20:25:00Z,Sun 4:25 PM ET,Seattle Seahawks,Los Angeles Chargers
96d2373cda647873b971f268482bced0,Los Angeles Chargers @ Seattle Seahawks,Justin Herbert,betonlineag,BetOnline.ag,pass_tds,Passing touchdowns,under,0.5,189,0.94,0.5,0.0,0.3460207612,0.3248649438,0.3161222339,0.5,5,1539.7923875433,44.5,Calibration fitted; not prospectively validated,2026-09-30T18:54:34Z,2026-10-04T20:25:00Z,Sun 4:25 PM ET,Seattle Seahawks,Los Angeles Chargers
96d2373cda647873b971f268482bced0,Los Angeles Chargers @ Seattle Seahawks,Justin Herbert,betrivers,BetRivers,pass_tds,Passing touchdowns,under,0.5,195,0.94,0.5,0.0,0.3389830508,0.3161222339,0.3161222339,0.5,5,1610.1694915254,47.5,Calibration fitted; not prospectively validated,2026-09-30T18:54:33Z,2026-10-04T20:25:00Z,Sun 4:25 PM ET,Seattle Seahawks,Los Angeles Chargers
96d2373cda647873b971f268482bced0,Los Angeles Chargers @ Seattle Seahawks,Justin Herbert,bovada,Bovada,pass_attempts,Passing attempts,under,30.5,-130,27.2074513694,0.6363636364,0.0,0.5652173913,0.5306122449,0.5306122449,30.5,3,711.4624505929,12.5874125874,Calibration fitted; not prospectively validated,2026-09-30T18:55:29Z,2026-10-04T20:25:00Z,Sun 4:25 PM ET,Seattle Seahawks,Los Angeles Chargers
96d2373cda647873b971f268482bced0,Los Angeles Chargers @ Seattle Seahawks,Sam Darnold,bovada,Bovada,pass_attempts,Passing attempts,under,30.5,-125,24.7095259206,0.6363636364,0.0,0.5555555556,0.5203045685,0.5203045685,30.5,3,808.0808080808,14.5454545455,Calibration fitted; not prospectively validated,2026-09-30T18:55:29Z,2026-10-04T20:25:00Z,Sun 4:25 PM ET,Seattle Seahawks,Los Angeles Chargers
96d2373cda647873b971f268482bced0,Los Angeles Chargers @ Seattle Seahawks,Justin Herbert,bovada,Bovada,pass_tds,Passing touchdowns,under,0.5,200,0.94,0.5,0.0,0.3333333333,0.3125,0.3161222339,0.5,5,1666.6666666667,50.0,Calibration fitted; not prospectively validated,2026-09-30T18:55:29Z,2026-10-04T20:25:00Z,Sun 4:25 PM ET,Seattle Seahawks,Los Angeles Chargers
96d2373cda647873b971f268482bced0,Los Angeles Chargers @ Seattle Seahawks,Sam Darnold,bovada,Bovada,pass_tds,Passing touchdowns,under,1.5,105,2.12,0.5,0.0,0.487804878,0.4592085979,0.4681457358,1.5,5,121.9512195122,2.5,Calibration fitted; not prospectively validated,2026-09-30T18:55:29Z,2026-10-04T20:25:00Z,Sun 4:25 PM ET,Seattle Seahawks,Los Angeles Chargers
96d2373cda647873b971f268482bced0,Los Angeles Chargers @ Seattle Seahawks,Jaxon Smith-Njigba,draftkings,DraftKings,receptions,Receptions,under,6.5,106,5.989991423,0.5420560748,0.0,0.4854368932,0.4580003898,0.4586618906,6.5,4,566.1918156247,11.6635514019,Calibration fitted; not prospectively validated,2026-09-30T18:54:31Z,2026-10-04T20:25:00Z,Sun 4:25 PM ET,Seattle Seahawks,Los Angeles Chargers
96d2373cda647873b971f268482bced0,Los Angeles Chargers @ Seattle Seahawks,Ladd McConkey,draftkings,DraftKings,receptions,Receptions,under,3.5,123,3.54754076,0.4591194969,0.0,0.4484304933,0.4233170266,0.4221322,3.5,4,106.890035818,2.3836477987,Calibration fitted; not prospectively validated,2026-09-30T18:54:31Z,2026-10-04T20:25:00Z,Sun 4:25 PM ET,Seattle Seahawks,Los Angeles Chargers
96d2373cda647873b971f268482bced0,Los Angeles Chargers @ Seattle Seahawks,AJ Barner,draftkings,DraftKings,receptions,Receptions,over,3.5,137,2.8208954627,0.4524271845,0.0,0.4219409283,0.3986951794,0.4073395221,3.5,4,304.8625619598,7.2252427184,Calibration fitted; not prospectively validated,2026-09-30T18:54:31Z,2026-10-04T20:25:00Z,Sun 4:25 PM ET,Seattle Seahawks,Los Angeles Chargers
96d2373cda647873b971f268482bced0,Los Angeles Chargers @ Seattle Seahawks,Quentin Johnston,draftkings,DraftKings,receptions,Receptions,under,2.5,134,2.1816587614,0.5475728155,0.0,0.4273504274,0.403273633,0.409005941,2.5,4,1202.2238818355,28.132038835,Calibration fitted; not prospectively validated,2026-09-30T18:54:31Z,2026-10-04T20:25:00Z,Sun 4:25 PM ET,Seattle Seahawks,Los Angeles Chargers
96d2373cda647873b971f268482bced0,Los Angeles Chargers @ Seattle Seahawks,Cooper Kupp,draftkings,DraftKings,receptions,Receptions,over,2.5,115,3.962607693,0.5475728155,0.0,0.4651162791,0.4386821774,0.439833492,2.5,4,824.5653646421,17.7281553398,Calibration fitted; not prospectively validated,2026-09-30T18:54:31Z,2026-10-04T20:25:00Z,Sun 4:25 PM ET,Seattle Seahawks,Los Angeles Chargers
96d2373cda647873b971f268482bced0,Los Angeles Chargers @ Seattle Seahawks,Emanuel Wilson,draftkings,DraftKings,rush_yds,Rushing yards,under,41.5,-109,29.2271255467,0.5647668394,0.0,0.5215311005,0.4936802191,0.4898785425,41.5,3,432.3573889977,8.2901554404,Calibration fitted; not prospectively validated,2026-09-30T18:54:31Z,2026-10-04T20:25:00Z,Sun 4:25 PM ET,Seattle Seahawks,Los Angeles Chargers
96d2373cda647873b971f268482bced0,Los Angeles Chargers @ Seattle Seahawks,Jadarian Price,draftkings,DraftKings,rush_yds,Rushing yards,under,40.5,-116,28.3767096733,0.5647668394,0.0,0.537037037,0.5084288604,0.5057620984,40.5,4,277.298023412,5.1634804359,Calibration fitted; not prospectively validated,2026-09-30T18:54:31Z,2026-10-04T20:25:00Z,Sun 4:25 PM ET,Seattle Seahawks,Los Angeles Chargers
96d2373cda647873b971f268482bced0,Los Angeles Chargers @ Seattle Seahawks,Ladd McConkey,fanduel,FanDuel,receptions,Receptions,under,3.5,124,3.54754076,0.4591194969,0.0,0.4464285714,0.4170324846,0.4221322,3.5,4,126.9092542677,2.8427672956,Calibration fitted; not prospectively validated,2026-09-30T18:54:53Z,2026-10-04T20:25:00Z,Sun 4:25 PM ET,Seattle Seahawks,Los Angeles Chargers
96d2373cda647873b971f268482bced0,Los Angeles Chargers @ Seattle Seahawks,Quentin Johnston,fanduel,FanDuel,receptions,Receptions,under,2.5,128,2.1816587614,0.5475728155,0.0,0.4385964912,0.4095398699,0.409005941,2.5,4,1089.7632430591,24.8466019417,Calibration fitted; not prospectively validated,2026-09-30T18:54:53Z,2026-10-04T20:25:00Z,Sun 4:25 PM ET,Seattle Seahawks,Los Angeles Chargers
96d2373cda647873b971f268482bced0,Los Angeles Chargers @ Seattle Seahawks,Jaxon Smith-Njigba,fanduel,FanDuel,receptions,Receptions,under,6.5,104,5.989991423,0.5420560748,0.0,0.4901960784,0.4581151832,0.4586618906,6.5,4,518.5999633498,10.5794392523,Calibration fitted; not prospectively validated,2026-09-30T18:54:53Z,2026-10-04T20:25:00Z,Sun 4:25 PM ET,Seattle Seahawks,Los Angeles Chargers
96d2373cda647873b971f268482bced0,Los Angeles Chargers @ Seattle Seahawks,Cooper Kupp,fanduel,FanDuel,receptions,Receptions,over,2.5,110,3.962607693,0.5475728155,0.0,0.4761904762,0.4451682953,0.439833492,2.5,4,713.823393435,14.9902912621,Calibration fitted; not prospectively validated,2026-09-30T18:54:53Z,2026-10-04T20:25:00Z,Sun 4:25 PM ET,Seattle Seahawks,Los Angeles Chargers
96d2373cda647873b971f268482bced0,Los Angeles Chargers @ Seattle Seahawks,Jaxon Smith-Njigba,betonlineag,BetOnline.ag,receptions,Receptions,under,6.5,105,5.989991423,0.5420560748,0.0,0.487804878,0.4592085979,0.4586618906,6.5,4,542.5119671757,11.1214953271,Calibration fitted; not prospectively validated,2026-09-30T18:54:34Z,2026-10-04T20:25:00Z,Sun 4:25 PM ET,Seattle Seahawks,Los Angeles Chargers
96d2373cda647873b971f268482bced0,Los Angeles Chargers @ Seattle Seahawks,Cooper Kupp,betonlineag,BetOnline.ag,receptions,Receptions,over,2.5,113,3.962607693,0.5475728155,0.0,0.4694835681,0.4409848066,0.439833492,2.5,4,780.8924745886,16.6330097087,Calibration fitted; not prospectively validated,2026-09-30T18:54:34Z,2026-10-04T20:25:00Z,Sun 4:25 PM ET,Seattle Seahawks,Los Angeles Chargers
96d2373cda647873b971f268482bced0,Los Angeles Chargers @ Seattle Seahawks,AJ Barner,betonlineag,BetOnline.ag,receptions,Receptions,over,3.5,126,2.8208954627,0.4524271845,0.0,0.4424778761,0.4159838649,0.4073395221,3.5,4,99.4930835982,2.2485436893,Calibration fitted; not prospectively validated,2026-09-30T18:54:34Z,2026-10-04T20:25:00Z,Sun 4:25 PM ET,Seattle Seahawks,Los Angeles Chargers
96d2373cda647873b971f268482bced0,Los Angeles Chargers @ Seattle Seahawks,Quentin Johnston,betonlineag,BetOnline.ag,receptions,Receptions,under,2.5,127,2.1816587614,0.5475728155,0.0,0.4405286344,0.4132551193,0.409005941,2.5,4,1070.4418117275,24.2990291262,Calibration fitted; not prospectively validated,2026-09-30T18:54:34Z,2026-10-04T20:25:00Z,Sun 4:25 PM ET,Seattle Seahawks,Los Angeles Chargers
96d2373cda647873b971f268482bced0,Los Angeles Chargers @ Seattle Seahawks,Ladd McConkey,betonlineag,BetOnline.ag,receptions,Receptions,under,3.5,123,3.54754076,0.4591194969,0.0,0.4484304933,0.4209473735,0.4221322,3.5,4,106.890035818,2.3836477987,Calibration fitted; not prospectively validated,2026-09-30T18:54:34Z,2026-10-04T20:25:00Z,Sun 4:25 PM ET,Seattle Seahawks,Los Angeles Chargers
96d2373cda647873b971f268482bced0,Los Angeles Chargers @ Seattle Seahawks,Emanuel Wilson,betonlineag,BetOnline.ag,rush_yds,Rushing yards,under,41.5,-109,29.2271255467,0.5647668394,0.0,0.5215311005,0.4897419064,0.4898785425,41.5,3,432.3573889977,8.2901554404,Calibration fitted; not prospectively validated,2026-09-30T18:54:34Z,2026-10-04T20:25:00Z,Sun 4:25 PM ET,Seattle Seahawks,Los Angeles Chargers
96d2373cda647873b971f268482bced0,Los Angeles Chargers @ Seattle Seahawks,Jadarian Price,betonlineag,BetOnline.ag,rush_yds,Rushing yards,under,40.5,-115,28.3767096733,0.5647668394,0.0,0.5348837209,0.5030953364,0.5057620984,40.5,4,298.8311844801,5.5868438838,Calibration fitted; not prospectively validated,2026-09-30T18:54:34Z,2026-10-04T20:25:00Z,Sun 4:25 PM ET,Seattle Seahawks,Los Angeles Chargers
96d2373cda647873b971f268482bced0,Los Angeles Chargers @ Seattle Seahawks,Cooper Kupp,betrivers,BetRivers,receptions,Receptions,over,2.5,108,3.962607693,0.5475728155,0.0,0.4807692308,,0.439833492,2.5,4,668.0358476475,13.8951456311,Calibration fitted; not prospectively validated,2026-09-30T18:54:33Z,2026-10-04T20:25:00Z,Sun 4:25 PM ET,Seattle Seahawks,Los Angeles Chargers
96d2373cda647873b971f268482bced0,Los Angeles Chargers @ Seattle Seahawks,AJ Barner,betrivers,BetRivers,receptions,Receptions,over,3.5,125,2.8208954627,0.4524271845,0.0,0.4444444444,,0.4073395221,3.5,4,79.8274002158,1.7961165049,Calibration fitted; not prospectively validated,2026-09-30T18:54:33Z,2026-10-04T20:25:00Z,Sun 4:25 PM ET,Seattle Seahawks,Los Angeles Chargers
96d2373cda647873b971f268482bced0,Los Angeles Chargers @ Seattle Seahawks,Jadarian Price,betrivers,BetRivers,rush_yds,Rushing yards,under,40.5,-114,28.3767096733,0.5647668394,0.0,0.5327102804,0.4969864995,0.5057620984,40.5,4,320.5655900441,6.0176347605,Calibration fitted; not prospectively validated,2026-09-30T18:54:33Z,2026-10-04T20:25:00Z,Sun 4:25 PM ET,Seattle Seahawks,Los Angeles Chargers
96d2373cda647873b971f268482bced0,Los Angeles Chargers @ Seattle Seahawks,AJ Barner,bovada,Bovada,receptions,Receptions,over,3.5,135,2.8208954627,0.4524271845,0.0,0.4255319149,0.3982930299,0.4073395221,3.5,4,268.952695724,6.3203883495,Calibration fitted; not prospectively validated,2026-09-30T18:55:29Z,2026-10-04T20:25:00Z,Sun 4:25 PM ET,Seattle Seahawks,Los Angeles Chargers
96d2373cda647873b971f268482bced0,Los Angeles Chargers @ Seattle Seahawks,Cooper Kupp,bovada,Bovada,receptions,Receptions,over,2.5,115,3.962607693,0.5475728155,0.0,0.4651162791,0.4366812227,0.439833492,2.5,4,824.5653646421,17.7281553398,Calibration fitted; not prospectively validated,2026-09-30T18:55:29Z,2026-10-04T20:25:00Z,Sun 4:25 PM ET,Seattle Seahawks,Los Angeles Chargers
96d2373cda647873b971f268482bced0,Los Angeles Chargers @ Seattle Seahawks,Jaxon Smith-Njigba,bovada,Bovada,receptions,Receptions,under,6.5,105,5.989991423,0.5420560748,0.0,0.487804878,0.4592085979,0.4586618906,6.5,4,542.5119671757,11.1214953271,Calibration fitted; not prospectively validated,2026-09-30T18:55:29Z,2026-10-04T20:25:00Z,Sun 4:25 PM ET,Seattle Seahawks,Los Angeles Chargers
96d2373cda647873b971f268482bced0,Los Angeles Chargers @ Seattle Seahawks,Ladd McConkey,bovada,Bovada,receptions,Receptions,under,3.5,120,3.54754076,0.4591194969,0.0,0.4545454545,0.4248366013,0.4221322,3.5,4,45.7404230989,1.0062893082,Calibration fitted; not prospectively validated,2026-09-30T18:55:29Z,2026-10-04T20:25:00Z,Sun 4:25 PM ET,Seattle Seahawks,Los Angeles Chargers
96d2373cda647873b971f268482bced0,Los Angeles Chargers @ Seattle Seahawks,Quentin Johnston,bovada,Bovada,receptions,Receptions,under,2.5,130,2.1816587614,0.5475728155,0.0,0.4347826087,0.4084720121,0.409005941,2.5,4,1127.9020683833,25.9417475728,Calibration fitted; not prospectively validated,2026-09-30T18:55:29Z,2026-10-04T20:25:00Z,Sun 4:25 PM ET,Seattle Seahawks,Los Angeles Chargers
96d2373cda647873b971f268482bced0,Los Angeles Chargers @ Seattle Seahawks,Emanuel Wilson,bovada,Bovada,rush_yds,Rushing yards,under,41.5,-110,29.2271255467,0.5647668394,0.0,0.5238095238,0.4898785425,0.4898785425,41.5,3,409.5731556871,7.8191238813,Calibration fitted; not prospectively validated,2026-09-30T18:55:29Z,2026-10-04T20:25:00Z,Sun 4:25 PM ET,Seattle Seahawks,Los Angeles Chargers
96d2373cda647873b971f268482bced0,Los Angeles Chargers @ Seattle Seahawks,Jadarian Price,bovada,Bovada,rush_yds,Rushing yards,under,40.5,-120,28.3767096733,0.5647668394,0.0,0.5454545455,0.5101214575,0.5057620984,40.5,4,193.1229392369,3.5405872193,Calibration fitted; not prospectively validated,2026-09-30T18:55:29Z,2026-10-04T20:25:00Z,Sun 4:25 PM ET,Seattle Seahawks,Los Angeles Chargers
a73a76599a4f3422803e57bd8f61b626,Detroit Lions @ Carolina Panthers,Bryce Young,draftkings,DraftKings,pass_attempts,Passing attempts,under,35.5,-124,32.3434858591,0.5625,0.0,0.5535714286,0.5217643645,0.5203045685,35.5,3,89.2857142857,1.6129032258,Calibration fitted; not prospectively validated,2026-09-30T18:54:33Z,2026-10-05T00:20:00Z,Sun 8:20 PM ET,Carolina Panthers,Detroit Lions
a73a76599a4f3422803e57bd8f61b626,Detroit Lions @ Carolina Panthers,Jared Goff,draftkings,DraftKings,pass_attempts,Passing attempts,under,34.5,-111,30.3255325197,0.6363636364,0.0,0.5260663507,0.4958445876,0.4958445876,34.5,3,1102.9728565274,20.9664209664,Calibration fitted; not prospectively validated,2026-09-30T18:54:33Z,2026-10-05T00:20:00Z,Sun 8:20 PM ET,Carolina Panthers,Detroit Lions
a73a76599a4f3422803e57bd8f61b626,Detroit Lions @ Carolina Panthers,Jared Goff,draftkings,DraftKings,pass_tds,Passing touchdowns,under,1.5,147,2.5066666667,0.4821981424,0.0,0.4048582996,0.3823611129,0.3838517538,1.5,5,773.3984281972,19.1029411765,Calibration fitted; not prospectively validated,2026-09-30T18:54:33Z,2026-10-05T00:20:00Z,Sun 8:20 PM ET,Carolina Panthers,Detroit Lions
a73a76599a4f3422803e57bd8f61b626,Detroit Lions @ Carolina Panthers,Jared Goff,fanduel,FanDuel,pass_tds,Passing touchdowns,under,1.5,132,2.5066666667,0.4821981424,0.0,0.4310344828,0.402338775,0.3838517538,1.5,5,511.6365965624,11.8699690402,Calibration fitted; not prospectively validated,2026-09-30T18:55:15Z,2026-10-05T00:20:00Z,Sun 8:20 PM ET,Carolina Panthers,Detroit Lions
a73a76599a4f3422803e57bd8f61b626,Detroit Lions @ Carolina Panthers,Jared Goff,betonlineag,BetOnline.ag,pass_attempts,Passing attempts,under,34.5,-114,30.3255325197,0.6363636364,0.0,0.5327102804,0.5,0.4958445876,34.5,3,1036.533559898,19.4577352472,Calibration fitted; not prospectively validated,2026-09-30T18:54:34Z,2026-10-05T00:20:00Z,Sun 8:20 PM ET,Carolina Panthers,Detroit Lions
a73a76599a4f3422803e57bd8f61b626,Detroit Lions @ Carolina Panthers,Bryce Young,betonlineag,BetOnline.ag,pass_attempts,Passing attempts,under,35.5,-120,32.3434858591,0.5625,0.0,0.5454545455,0.5123152709,0.5203045685,35.5,3,170.4545454545,3.125,Calibration fitted; not prospectively validated,2026-09-30T18:54:34Z,2026-10-05T00:20:00Z,Sun 8:20 PM ET,Carolina Panthers,Detroit Lions
a73a76599a4f3422803e57bd8f61b626,Detroit Lions @ Carolina Panthers,Jared Goff,betonlineag,BetOnline.ag,pass_tds,Passing touchdowns,under,1.5,145,2.5066666667,0.4821981424,0.0,0.4081632653,0.3830010493,0.3838517538,1.5,5,740.3487710874,18.1385448916,Calibration fitted; not prospectively validated,2026-09-30T18:54:34Z,2026-10-05T00:20:00Z,Sun 8:20 PM ET,Carolina Panthers,Detroit Lions
a73a76599a4f3422803e57bd8f61b626,Detroit Lions @ Carolina Panthers,Bryce Young,betrivers,BetRivers,pass_completions,Passing completions,over,21.5,102,18.5909046741,0.5,0.0,0.495049505,,0.5,21.5,3,49.504950495,1.0,Calibration fitted; not prospectively validated,2026-09-30T18:54:33Z,2026-10-05T00:20:00Z,Sun 8:20 PM ET,Carolina Panthers,Detroit Lions
a73a76599a4f3422803e57bd8f61b626,Detroit Lions @ Carolina Panthers,Jared Goff,betrivers,BetRivers,pass_tds,Passing touchdowns,under,1.5,138,2.5066666667,0.4821981424,0.0,0.4201680672,0.3924905308,0.3838517538,1.5,5,620.3007518797,14.7631578947,Calibration fitted; not prospectively validated,2026-09-30T18:54:33Z,2026-10-05T00:20:00Z,Sun 8:20 PM ET,Carolina Panthers,Detroit Lions
a73a76599a4f3422803e57bd8f61b626,Detroit Lions @ Carolina Panthers,Bryce Young,bovada,Bovada,pass_attempts,Passing attempts,under,35.5,-125,32.3434858591,0.5625,0.0,0.5555555556,0.5203045685,0.5203045685,35.5,3,69.4444444444,1.25,Calibration fitted; not prospectively validated,2026-09-30T18:53:47Z,2026-10-05T00:20:00Z,Sun 8:20 PM ET,Carolina Panthers,Detroit Lions
a73a76599a4f3422803e57bd8f61b626,Detroit Lions @ Carolina Panthers,Jared Goff,bovada,Bovada,pass_attempts,Passing attempts,under,34.5,-110,30.3255325197,0.6363636364,0.0,0.5238095238,0.4898785425,0.4958445876,34.5,3,1125.5411255411,21.4876033058,Calibration fitted; not prospectively validated,2026-09-30T18:53:47Z,2026-10-05T00:20:00Z,Sun 8:20 PM ET,Carolina Panthers,Detroit Lions
a73a76599a4f3422803e57bd8f61b626,Detroit Lions @ Carolina Panthers,Jared Goff,bovada,Bovada,pass_tds,Passing touchdowns,under,1.5,145,2.5066666667,0.4821981424,0.0,0.4081632653,0.3838517538,0.3838517538,1.5,5,740.3487710874,18.1385448916,Calibration fitted; not prospectively validated,2026-09-30T18:53:47Z,2026-10-05T00:20:00Z,Sun 8:20 PM ET,Carolina Panthers,Detroit Lions
a73a76599a4f3422803e57bd8f61b626,Detroit Lions @ Carolina Panthers,Tetairoa McMillan,draftkings,DraftKings,receptions,Receptions,under,5.5,-158,2.7063139656,0.6363636364,0.0,0.6124031008,0.5783762583,0.5767698285,4.5,2,239.6053558844,3.912543153,Calibration fitted; not prospectively validated,2026-09-30T18:54:33Z,2026-10-05T00:20:00Z,Sun 8:20 PM ET,Carolina Panthers,Detroit Lions
a73a76599a4f3422803e57bd8f61b626,Detroit Lions @ Carolina Panthers,Jahmyr Gibbs,draftkings,DraftKings,receptions,Receptions,under,4.5,-101,4.0832261566,0.5420560748,0.0,0.5024875622,0.4740405383,0.4729414276,4.5,4,395.685125773,7.8745257703,Calibration fitted; not prospectively validated,2026-09-30T18:54:33Z,2026-10-05T00:20:00Z,Sun 8:20 PM ET,Carolina Panthers,Detroit Lions
a73a76599a4f3422803e57bd8f61b626,Detroit Lions @ Carolina Panthers,Sam LaPorta,draftkings,DraftKings,receptions,Receptions,under,4.5,-113,3.3209510015,0.5475728155,0.0,0.5305164319,0.5,0.5025798729,4.5,4,170.563836091,3.2150528396,Calibration fitted; not prospectively validated,2026-09-30T18:54:33Z,2026-10-05T00:20:00Z,Sun 8:20 PM ET,Carolina Panthers,Detroit Lions
a73a76599a4f3422803e57bd8f61b626,Detroit Lions @ Carolina Panthers,Chuba Hubbard,draftkings,DraftKings,receptions,Receptions,under,2.5,120,2.5513494813,0.4591194969,0.0,0.4545454545,0.4284750337,0.4283667248,2.5,4,45.7404230989,1.0062893082,Calibration fitted; not prospectively validated,2026-09-30T18:54:33Z,2026-10-05T00:20:00Z,Sun 8:20 PM ET,Carolina Panthers,Detroit Lions
a73a76599a4f3422803e57bd8f61b626,Detroit Lions @ Carolina Panthers,Isaac TeSlaa,draftkings,DraftKings,receptions,Receptions,over,1.5,-106,2.2948440708,0.5475728155,0.0,0.5145631068,0.4854288093,0.4878473601,1.5,4,330.0970873786,6.4150943396,Calibration fitted; not prospectively validated,2026-09-30T18:54:33Z,2026-10-05T00:20:00Z,Sun 8:20 PM ET,Carolina Panthers,Detroit Lions
a73a76599a4f3422803e57bd8f61b626,Detroit Lions @ Carolina Panthers,Jahmyr Gibbs,draftkings,DraftKings,rush_attempts,Rushing attempts,under,19.5,-115,16.7839826265,0.55,0.0,0.5348837209,0.5041554124,0.5036253744,19.5,2,151.1627906977,2.8260869565,Calibration fitted; not prospectively validated,2026-09-30T18:54:33Z,2026-10-05T00:20:00Z,Sun 8:20 PM ET,Carolina Panthers,Detroit Lions
a73a76599a4f3422803e57bd8f61b626,Detroit Lions @ Carolina Panthers,Bryce Young,draftkings,DraftKings,rush_attempts,Rushing attempts,under,2.5,108,3.6907252085,0.4915254237,0.0,0.4807692308,0.4532987963,0.4532987963,2.5,1,107.5619295958,2.2372881356,Calibration fitted; not prospectively validated,2026-09-30T18:54:33Z,2026-10-05T00:20:00Z,Sun 8:20 PM ET,Carolina Panthers,Detroit Lions
a73a76599a4f3422803e57bd8f61b626,Detroit Lions @ Carolina Panthers,Jahmyr Gibbs,draftkings,DraftKings,rush_yds,Rushing yards,under,97.5,-114,77.0235970054,0.5647668394,0.0,0.5327102804,0.5042122999,0.50210615,96.5,2,320.5655900441,6.0176347605,Calibration fitted; not prospectively validated,2026-09-30T18:54:33Z,2026-10-05T00:20:00Z,Sun 8:20 PM ET,Carolina Panthers,Detroit Lions
a73a76599a4f3422803e57bd8f61b626,Detroit Lions @ Carolina Panthers,Amon-Ra St. Brown,fanduel,FanDuel,receptions,Receptions,under,6.5,112,4.3814128534,0.5789473684,0.0,0.4716981132,0.4414696668,0.4476062855,6.5,2,1072.4925521351,22.7368421053,Calibration fitted; not prospectively validated,2026-09-30T18:55:15Z,2026-10-05T00:20:00Z,Sun 8:20 PM ET,Carolina Panthers,Detroit Lions
a73a76599a4f3422803e57bd8f61b626,Detroit Lions @ Carolina Panthers,Isaac TeSlaa,fanduel,FanDuel,receptions,Receptions,over,1.5,-108,2.2948440708,0.5475728155,0.0,0.5192307692,0.4858161777,0.4878473601,1.5,4,283.4204630321,5.4584681769,Calibration fitted; not prospectively validated,2026-09-30T18:55:15Z,2026-10-05T00:20:00Z,Sun 8:20 PM ET,Carolina Panthers,Detroit Lions
a73a76599a4f3422803e57bd8f61b626,Detroit Lions @ Carolina Panthers,Tetairoa McMillan,fanduel,FanDuel,receptions,Receptions,under,4.5,112,2.7063139656,0.5789473684,0.0,0.4716981132,0.4414696668,0.4292656391,4.5,2,1072.4925521351,22.7368421053,Calibration fitted; not prospectively validated,2026-09-30T18:55:15Z,2026-10-05T00:20:00Z,Sun 8:20 PM ET,Carolina Panthers,Detroit Lions
a73a76599a4f3422803e57bd8f61b626,Detroit Lions @ Carolina Panthers,Chuba Hubbard,fanduel,FanDuel,receptions,Receptions,under,2.5,118,2.5513494813,0.4591194969,0.0,0.4587155963,0.4282584158,0.4283667248,2.5,4,4.0390052507,0.0880503145,Calibration fitted; not prospectively validated,2026-09-30T18:55:15Z,2026-10-05T00:20:00Z,Sun 8:20 PM ET,Carolina Panthers,Detroit Lions
a73a76599a4f3422803e57bd8f61b626,Detroit Lions @ Carolina Panthers,Jahmyr Gibbs,fanduel,FanDuel,receptions,Receptions,under,4.5,-102,4.0832261566,0.5420560748,0.0,0.504950495,0.471842317,0.4729414276,4.5,4,371.0557971685,7.3483599047,Calibration fitted; not prospectively validated,2026-09-30T18:55:15Z,2026-10-05T00:20:00Z,Sun 8:20 PM ET,Carolina Panthers,Detroit Lions
a73a76599a4f3422803e57bd8f61b626,Detroit Lions @ Carolina Panthers,Jahmyr Gibbs,fanduel,FanDuel,rush_yds,Rushing yards,under,94.5,-114,77.0235970054,0.5647668394,0.0,0.5327102804,0.5,0.5,96.5,1,320.5655900441,6.0176347605,Calibration fitted; not prospectively validated,2026-09-30T18:55:15Z,2026-10-05T00:20:00Z,Sun 8:20 PM ET,Carolina Panthers,Detroit Lions
a73a76599a4f3422803e57bd8f61b626,Detroit Lions @ Carolina Panthers,Sam LaPorta,betonlineag,BetOnline.ag,receptions,Receptions,under,4.5,-116,3.3209510015,0.5475728155,0.0,0.537037037,0.5051597457,0.5025798729,4.5,4,105.3577849694,1.9618346167,Calibration fitted; not prospectively validated,2026-09-30T18:54:34Z,2026-10-05T00:20:00Z,Sun 8:20 PM ET,Carolina Panthers,Detroit Lions
a73a76599a4f3422803e57bd8f61b626,Detroit Lions @ Carolina Panthers,Jahmyr Gibbs,betonlineag,BetOnline.ag,receptions,Receptions,under,4.5,-104,4.0832261566,0.5420560748,0.0,0.5098039216,0.4803247453,0.4729414276,4.5,4,322.5215319773,6.3263838965,Calibration fitted; not prospectively validated,2026-09-30T18:54:34Z,2026-10-05T00:20:00Z,Sun 8:20 PM ET,Carolina Panthers,Detroit Lions
a73a76599a4f3422803e57bd8f61b626,Detroit Lions @ Carolina Panthers,Tetairoa McMillan,betonlineag,BetOnline.ag,receptions,Receptions,under,4.5,125,2.7063139656,0.5789473684,0.0,0.4444444444,0.4170616114,0.4292656391,4.5,2,1345.0292397661,30.2631578947,Calibration fitted; not prospectively validated,2026-09-30T18:54:34Z,2026-10-05T00:20:00Z,Sun 8:20 PM ET,Carolina Panthers,Detroit Lions
a73a76599a4f3422803e57bd8f61b626,Detroit Lions @ Carolina Panthers,Amon-Ra St. Brown,betonlineag,BetOnline.ag,receptions,Receptions,under,6.5,107,4.3814128534,0.5789473684,0.0,0.4830917874,0.4537429043,0.4476062855,6.5,2,958.5558098144,19.8421052632,Calibration fitted; not prospectively validated,2026-09-30T18:54:34Z,2026-10-05T00:20:00Z,Sun 8:20 PM ET,Carolina Panthers,Detroit Lions
a73a76599a4f3422803e57bd8f61b626,Detroit Lions @ Carolina Panthers,Chuba Hubbard,betonlineag,BetOnline.ag,receptions,Receptions,under,2.5,119,2.5513494813,0.4591194969,0.0,0.4566210046,0.4295910429,0.4283667248,2.5,4,24.9849228914,0.5471698113,Calibration fitted; not prospectively validated,2026-09-30T18:54:34Z,2026-10-05T00:20:00Z,Sun 8:20 PM ET,Carolina Panthers,Detroit Lions
a73a76599a4f3422803e57bd8f61b626,Detroit Lions @ Carolina Panthers,Isaac TeSlaa,betonlineag,BetOnline.ag,receptions,Receptions,over,1.5,-110,2.2948440708,0.5475728155,0.0,0.5238095238,0.4917965546,0.4878473601,1.5,4,237.6329172446,4.5366284201,Calibration fitted; not prospectively validated,2026-09-30T18:54:34Z,2026-10-05T00:20:00Z,Sun 8:20 PM ET,Carolina Panthers,Detroit Lions
a73a76599a4f3422803e57bd8f61b626,Detroit Lions @ Carolina Panthers,Jahmyr Gibbs,betonlineag,BetOnline.ag,rush_attempts,Rushing attempts,under,19.5,-115,16.7839826265,0.55,0.0,0.5348837209,0.5030953364,0.5036253744,19.5,2,151.1627906977,2.8260869565,Calibration fitted; not prospectively validated,2026-09-30T18:54:34Z,2026-10-05T00:20:00Z,Sun 8:20 PM ET,Carolina Panthers,Detroit Lions
a73a76599a4f3422803e57bd8f61b626,Detroit Lions @ Carolina Panthers,Jahmyr Gibbs,betonlineag,BetOnline.ag,rush_yds,Rushing yards,under,96.5,-114,77.0235970054,0.5647668394,0.0,0.5327102804,0.5,0.4974883459,96.5,2,320.5655900441,6.0176347605,Calibration fitted; not prospectively validated,2026-09-30T18:54:34Z,2026-10-05T00:20:00Z,Sun 8:20 PM ET,Carolina Panthers,Detroit Lions
a73a76599a4f3422803e57bd8f61b626,Detroit Lions @ Carolina Panthers,Isaac TeSlaa,betrivers,BetRivers,receptions,Receptions,over,1.5,-112,2.2948440708,0.5475728155,0.0,0.5283018868,,0.4878473601,1.5,4,192.7092874153,3.6477115118,Calibration fitted; not prospectively validated,2026-09-30T18:54:33Z,2026-10-05T00:20:00Z,Sun 8:20 PM ET,Carolina Panthers,Detroit Lions
a73a76599a4f3422803e57bd8f61b626,Detroit Lions @ Carolina Panthers,Jahmyr Gibbs,betrivers,BetRivers,rush_yds,Rushing yards,under,96.5,-113,77.0235970054,0.5647668394,0.0,0.5305164319,0.4949766919,0.4974883459,96.5,2,342.5040745336,6.4560502545,Calibration fitted; not prospectively validated,2026-09-30T18:54:33Z,2026-10-05T00:20:00Z,Sun 8:20 PM ET,Carolina Panthers,Detroit Lions
a73a76599a4f3422803e57bd8f61b626,Detroit Lions @ Carolina Panthers,Chuba Hubbard,bovada,Bovada,receptions,Receptions,under,2.5,120,2.5513494813,0.4591194969,0.0,0.4545454545,0.4248366013,0.4283667248,2.5,4,45.7404230989,1.0062893082,Calibration fitted; not prospectively validated,2026-09-30T18:53:47Z,2026-10-05T00:20:00Z,Sun 8:20 PM ET,Carolina Panthers,Detroit Lions
a73a76599a4f3422803e57bd8f61b626,Detroit Lions @ Carolina Panthers,Isaac TeSlaa,bovada,Bovada,receptions,Receptions,over,1.5,-110,2.2948440708,0.5475728155,0.0,0.5238095238,0.4898785425,0.4878473601,1.5,4,237.6329172446,4.5366284201,Calibration fitted; not prospectively validated,2026-09-30T18:53:47Z,2026-10-05T00:20:00Z,Sun 8:20 PM ET,Carolina Panthers,Detroit Lions
a73a76599a4f3422803e57bd8f61b626,Detroit Lions @ Carolina Panthers,Jahmyr Gibbs,bovada,Bovada,receptions,Receptions,under,4.5,100,4.0832261566,0.5420560748,0.0,0.5,0.4693877551,0.4729414276,4.5,4,420.5607476636,8.4112149533,Calibration fitted; not prospectively validated,2026-09-30T18:53:47Z,2026-10-05T00:20:00Z,Sun 8:20 PM ET,Carolina Panthers,Detroit Lions
a73a76599a4f3422803e57bd8f61b626,Detroit Lions @ Carolina Panthers,Sam LaPorta,bovada,Bovada,receptions,Receptions,under,4.5,-115,3.3209510015,0.5475728155,0.0,0.5348837209,0.5,0.5025798729,4.5,4,126.8909460375,2.3723089911,Calibration fitted; not prospectively validated,2026-09-30T18:53:47Z,2026-10-05T00:20:00Z,Sun 8:20 PM ET,Carolina Panthers,Detroit Lions
a73a76599a4f3422803e57bd8f61b626,Detroit Lions @ Carolina Panthers,Tetairoa McMillan,bovada,Bovada,receptions,Receptions,under,5.5,-160,2.7063139656,0.6363636364,0.0,0.6153846154,0.5751633987,0.5767698285,4.5,2,209.7902097902,3.4090909091,Calibration fitted; not prospectively validated,2026-09-30T18:53:47Z,2026-10-05T00:20:00Z,Sun 8:20 PM ET,Carolina Panthers,Detroit Lions
a73a76599a4f3422803e57bd8f61b626,Detroit Lions @ Carolina Panthers,Jahmyr Gibbs,bovada,Bovada,rush_yds,Rushing yards,under,97.5,-115,77.0235970054,0.5647668394,0.0,0.5348837209,0.5,0.50210615,96.5,2,298.8311844801,5.5868438838,Calibration fitted; not prospectively validated,2026-09-30T18:53:47Z,2026-10-05T00:20:00Z,Sun 8:20 PM ET,Carolina Panthers,Detroit Lions
8bd90781e17e6d97df3941063cedae1e,Atlanta Falcons @ New Orleans Saints,Tyler Shough,draftkings,DraftKings,pass_completions,Passing completions,over,23.5,101,23.9797267424,0.5,0.0,0.4975124378,0.4698318497,0.4698318497,23.5,1,24.8756218905,0.5,Calibration fitted; not prospectively validated,2026-09-30T18:54:39Z,2026-10-06T00:15:00Z,Mon 8:15 PM ET,New Orleans Saints,Atlanta Falcons
8bd90781e17e6d97df3941063cedae1e,Atlanta Falcons @ New Orleans Saints,Tyler Shough,draftkings,DraftKings,pass_tds,Passing touchdowns,under,1.5,121,2.8266666667,0.4666666667,0.0,0.4524886878,0.427364808,0.4342461553,1.5,4,141.7797888386,3.1333333333,Calibration fitted; not prospectively validated,2026-09-30T18:54:39Z,2026-10-06T00:15:00Z,Mon 8:15 PM ET,New Orleans Saints,Atlanta Falcons
8bd90781e17e6d97df3941063cedae1e,Atlanta Falcons @ New Orleans Saints,Michael Penix,draftkings,DraftKings,pass_tds,Passing touchdowns,over,1.5,134,0.94,0.4666666667,0.0,0.4273504274,0.403273633,0.4072097318,1.5,4,393.1623931624,9.2,Calibration fitted; not prospectively validated,2026-09-30T18:54:39Z,2026-10-06T00:15:00Z,Mon 8:15 PM ET,New Orleans Saints,Atlanta Falcons
8bd90781e17e6d97df3941063cedae1e,Atlanta Falcons @ New Orleans Saints,Michael Penix,fanduel,FanDuel,pass_tds,Passing touchdowns,over,1.5,130,0.94,0.4666666667,0.0,0.4347826087,0.4064075942,0.4072097318,1.5,4,318.8405797101,7.3333333333,Calibration fitted; not prospectively validated,2026-09-30T18:55:29Z,2026-10-06T00:15:00Z,Mon 8:15 PM ET,New Orleans Saints,Atlanta Falcons
8bd90781e17e6d97df3941063cedae1e,Atlanta Falcons @ New Orleans Saints,Michael Penix,betonlineag,BetOnline.ag,pass_tds,Passing touchdowns,over,1.5,128,0.94,0.4666666667,0.0,0.4385964912,0.4121896999,0.4072097318,1.5,4,280.701754386,6.4,Calibration fitted; not prospectively validated,2026-09-30T18:55:00Z,2026-10-06T00:15:00Z,Mon 8:15 PM ET,New Orleans Saints,Atlanta Falcons
8bd90781e17e6d97df3941063cedae1e,Atlanta Falcons @ New Orleans Saints,Tyler Shough,betonlineag,BetOnline.ag,pass_tds,Passing touchdowns,under,1.5,117,2.8266666667,0.4666666667,0.0,0.4608294931,0.4331087584,0.4342461553,1.5,4,58.3717357911,1.2666666667,Calibration fitted; not prospectively validated,2026-09-30T18:55:00Z,2026-10-06T00:15:00Z,Mon 8:15 PM ET,New Orleans Saints,Atlanta Falcons
8bd90781e17e6d97df3941063cedae1e,Atlanta Falcons @ New Orleans Saints,Tyler Shough,betrivers,BetRivers,pass_tds,Passing touchdowns,under,1.5,115,2.8266666667,0.4666666667,0.0,0.4651162791,0.4353835522,0.4342461553,1.5,4,15.503875969,0.3333333333,Calibration fitted; not prospectively validated,2026-09-30T18:54:40Z,2026-10-06T00:15:00Z,Mon 8:15 PM ET,New Orleans Saints,Atlanta Falcons
8bd90781e17e6d97df3941063cedae1e,Atlanta Falcons @ New Orleans Saints,Michael Penix,betrivers,BetRivers,pass_tds,Passing touchdowns,over,1.5,128,0.94,0.4666666667,0.0,0.4385964912,0.4080118694,0.4072097318,1.5,4,280.701754386,6.4,Calibration fitted; not prospectively validated,2026-09-30T18:54:40Z,2026-10-06T00:15:00Z,Mon 8:15 PM ET,New Orleans Saints,Atlanta Falcons
8bd90781e17e6d97df3941063cedae1e,Atlanta Falcons @ New Orleans Saints,Chris Olave,draftkings,DraftKings,receptions,Receptions,under,6.5,118,6.7718649315,0.4591194969,0.0,0.4587155963,0.432624358,0.432624358,7.5,1,4.0390052507,0.0880503145,Calibration fitted; not prospectively validated,2026-09-30T18:54:39Z,2026-10-06T00:15:00Z,Mon 8:15 PM ET,New Orleans Saints,Atlanta Falcons
8bd90781e17e6d97df3941063cedae1e,Atlanta Falcons @ New Orleans Saints,Juwan Johnson,draftkings,DraftKings,receptions,Receptions,over,3.5,-113,5.1363428032,0.5475728155,0.0,0.5305164319,0.5,0.5,3.5,3,170.563836091,3.2150528396,Calibration fitted; not prospectively validated,2026-09-30T18:54:39Z,2026-10-06T00:15:00Z,Mon 8:15 PM ET,New Orleans Saints,Atlanta Falcons
8bd90781e17e6d97df3941063cedae1e,Atlanta Falcons @ New Orleans Saints,Alvin Kamara,draftkings,DraftKings,receptions,Receptions,over,3.5,128,3.6078588369,0.5408805031,0.0,0.4385964912,0.4138449962,0.4138449962,3.5,3,1022.8401191658,23.320754717,Calibration fitted; not prospectively validated,2026-09-30T18:54:39Z,2026-10-06T00:15:00Z,Mon 8:15 PM ET,New Orleans Saints,Atlanta Falcons
8bd90781e17e6d97df3941063cedae1e,Atlanta Falcons @ New Orleans Saints,Kyle Pitts,draftkings,DraftKings,receptions,Receptions,under,2.5,108,1.8006470712,0.5475728155,0.0,0.4807692308,0.4532987963,0.4652655222,2.5,3,668.0358476475,13.8951456311,Calibration fitted; not prospectively validated,2026-09-30T18:54:39Z,2026-10-06T00:15:00Z,Mon 8:15 PM ET,New Orleans Saints,Atlanta Falcons
8bd90781e17e6d97df3941063cedae1e,Atlanta Falcons @ New Orleans Saints,Noah Fant,draftkings,DraftKings,receptions,Receptions,under,1.5,150,3.1524109435,0.4210526316,0.0,0.4,0.378238342,0.378238342,2.5,1,210.5263157895,5.2631578947,Calibration fitted; not prospectively validated,2026-09-30T18:54:39Z,2026-10-06T00:15:00Z,Mon 8:15 PM ET,New Orleans Saints,Atlanta Falcons
8bd90781e17e6d97df3941063cedae1e,Atlanta Falcons @ New Orleans Saints,Austin Hooper,draftkings,DraftKings,receptions,Receptions,over,1.5,124,2.3884093544,0.5475728155,0.0,0.4464285714,0.4210286755,0.4282584158,1.5,3,1011.4424410541,22.6563106796,Calibration fitted; not prospectively validated,2026-09-30T18:54:39Z,2026-10-06T00:15:00Z,Mon 8:15 PM ET,New Orleans Saints,Atlanta Falcons
8bd90781e17e6d97df3941063cedae1e,Atlanta Falcons @ New Orleans Saints,Tyler Shough,draftkings,DraftKings,rush_yds,Rushing yards,over,16.5,-114,37.9017742201,0.5647668394,0.0,0.5327102804,0.5042122999,0.5030135005,16.5,3,320.5655900441,6.0176347605,Calibration fitted; not prospectively validated,2026-09-30T18:54:39Z,2026-10-06T00:15:00Z,Mon 8:15 PM ET,New Orleans Saints,Atlanta Falcons
8bd90781e17e6d97df3941063cedae1e,Atlanta Falcons @ New Orleans Saints,Noah Fant,fanduel,FanDuel,receptions,Receptions,over,2.5,128,3.1524109435,0.5475728155,0.0,0.4385964912,0.4095398699,0.4036465317,2.5,2,1089.7632430591,24.8466019417,Calibration fitted; not prospectively validated,2026-09-30T18:55:29Z,2026-10-06T00:15:00Z,Mon 8:15 PM ET,New Orleans Saints,Atlanta Falcons
8bd90781e17e6d97df3941063cedae1e,Atlanta Falcons @ New Orleans Saints,Alvin Kamara,fanduel,FanDuel,receptions,Receptions,over,3.5,124,3.6078588369,0.5408805031,0.0,0.4464285714,0.4170324846,0.4138449962,3.5,3,944.5193171608,21.1572327044,Calibration fitted; not prospectively validated,2026-09-30T18:55:29Z,2026-10-06T00:15:00Z,Mon 8:15 PM ET,New Orleans Saints,Atlanta Falcons
8bd90781e17e6d97df3941063cedae1e,Atlanta Falcons @ New Orleans Saints,Austin Hooper,fanduel,FanDuel,receptions,Receptions,over,1.5,118,2.3884093544,0.5475728155,0.0,0.4587155963,0.4282584158,0.4282584158,1.5,3,888.5721920371,19.3708737864,Calibration fitted; not prospectively validated,2026-09-30T18:55:29Z,2026-10-06T00:15:00Z,Mon 8:15 PM ET,New Orleans Saints,Atlanta Falcons
8bd90781e17e6d97df3941063cedae1e,Atlanta Falcons @ New Orleans Saints,Juwan Johnson,fanduel,FanDuel,receptions,Receptions,over,3.5,-114,5.1363428032,0.5475728155,0.0,0.5327102804,0.5,0.5,3.5,3,148.6253516015,2.7899846704,Calibration fitted; not prospectively validated,2026-09-30T18:55:29Z,2026-10-06T00:15:00Z,Mon 8:15 PM ET,New Orleans Saints,Atlanta Falcons
8bd90781e17e6d97df3941063cedae1e,Atlanta Falcons @ New Orleans Saints,Devaughn Vele,fanduel,FanDuel,receptions,Receptions,under,3.5,128,3.122884353,0.5475728155,0.0,0.4385964912,0.4095398699,0.4095398699,4.5,1,1089.7632430591,24.8466019417,Calibration fitted; not prospectively validated,2026-09-30T18:55:29Z,2026-10-06T00:15:00Z,Mon 8:15 PM ET,New Orleans Saints,Atlanta Falcons
8bd90781e17e6d97df3941063cedae1e,Atlanta Falcons @ New Orleans Saints,Chris Olave,fanduel,FanDuel,receptions,Receptions,over,7.5,124,6.7718649315,0.4524271845,0.0,0.4464285714,0.4170324846,0.4146110923,7.5,2,59.9861303745,1.3436893204,Calibration fitted; not prospectively validated,2026-09-30T18:55:29Z,2026-10-06T00:15:00Z,Mon 8:15 PM ET,New Orleans Saints,Atlanta Falcons
8bd90781e17e6d97df3941063cedae1e,Atlanta Falcons @ New Orleans Saints,Kyle Pitts,fanduel,FanDuel,receptions,Receptions,under,2.5,-102,1.8006470712,0.5475728155,0.0,0.504950495,0.471842317,0.4652655222,2.5,3,426.2232048448,8.4408909195,Calibration fitted; not prospectively validated,2026-09-30T18:55:29Z,2026-10-06T00:15:00Z,Mon 8:15 PM ET,New Orleans Saints,Atlanta Falcons
8bd90781e17e6d97df3941063cedae1e,Atlanta Falcons @ New Orleans Saints,Bijan Robinson,fanduel,FanDuel,receptions,Receptions,under,4.5,-114,3.2026384794,0.5475728155,0.0,0.5327102804,0.5,0.5102580936,4.5,3,148.6253516015,2.7899846704,Calibration fitted; not prospectively validated,2026-09-30T18:55:29Z,2026-10-06T00:15:00Z,Mon 8:15 PM ET,New Orleans Saints,Atlanta Falcons
8bd90781e17e6d97df3941063cedae1e,Atlanta Falcons @ New Orleans Saints,Tyler Shough,fanduel,FanDuel,rush_yds,Rushing yards,over,16.5,-114,37.9017742201,0.5647668394,0.0,0.5327102804,0.5,0.5030135005,16.5,3,320.5655900441,6.0176347605,Calibration fitted; not prospectively validated,2026-09-30T18:55:29Z,2026-10-06T00:15:00Z,Mon 8:15 PM ET,New Orleans Saints,Atlanta Falcons
8bd90781e17e6d97df3941063cedae1e,Atlanta Falcons @ New Orleans Saints,Michael Penix,fanduel,FanDuel,rush_yds,Rushing yards,over,5.5,-114,15.7035226298,0.5647668394,0.0,0.5327102804,0.5,0.5,5.5,1,320.5655900441,6.0176347605,Calibration fitted; not prospectively validated,2026-09-30T18:55:29Z,2026-10-06T00:15:00Z,Mon 8:15 PM ET,New Orleans Saints,Atlanta Falcons
8bd90781e17e6d97df3941063cedae1e,Atlanta Falcons @ New Orleans Saints,Alvin Kamara,betonlineag,BetOnline.ag,receptions,Receptions,over,3.5,128,3.6078588369,0.5408805031,0.0,0.4385964912,0.4121896999,0.4138449962,3.5,3,1022.8401191658,23.320754717,Calibration fitted; not prospectively validated,2026-09-30T18:55:00Z,2026-10-06T00:15:00Z,Mon 8:15 PM ET,New Orleans Saints,Atlanta Falcons
8bd90781e17e6d97df3941063cedae1e,Atlanta Falcons @ New Orleans Saints,Noah Fant,betonlineag,BetOnline.ag,receptions,Receptions,over,2.5,136,3.1524109435,0.5475728155,0.0,0.4237288136,0.3977531934,0.4036465317,2.5,2,1238.4400197466,29.227184466,Calibration fitted; not prospectively validated,2026-09-30T18:55:00Z,2026-10-06T00:15:00Z,Mon 8:15 PM ET,New Orleans Saints,Atlanta Falcons
8bd90781e17e6d97df3941063cedae1e,Atlanta Falcons @ New Orleans Saints,Kyle Pitts,betonlineag,BetOnline.ag,receptions,Receptions,under,2.5,102,1.8006470712,0.5475728155,0.0,0.495049505,0.4652655222,0.4652655222,2.5,3,525.2331058349,10.6097087379,Calibration fitted; not prospectively validated,2026-09-30T18:55:00Z,2026-10-06T00:15:00Z,Mon 8:15 PM ET,New Orleans Saints,Atlanta Falcons
8bd90781e17e6d97df3941063cedae1e,Atlanta Falcons @ New Orleans Saints,Chris Olave,betonlineag,BetOnline.ag,receptions,Receptions,over,7.5,128,6.7718649315,0.4524271845,0.0,0.4385964912,0.4121896999,0.4146110923,7.5,2,138.3069323795,3.1533980583,Calibration fitted; not prospectively validated,2026-09-30T18:55:00Z,2026-10-06T00:15:00Z,Mon 8:15 PM ET,New Orleans Saints,Atlanta Falcons
8bd90781e17e6d97df3941063cedae1e,Atlanta Falcons @ New Orleans Saints,Juwan Johnson,betonlineag,BetOnline.ag,receptions,Receptions,over,3.5,-108,5.1363428032,0.5475728155,0.0,0.5192307692,0.4876847291,0.5,3.5,3,283.4204630321,5.4584681769,Calibration fitted; not prospectively validated,2026-09-30T18:55:00Z,2026-10-06T00:15:00Z,Mon 8:15 PM ET,New Orleans Saints,Atlanta Falcons
8bd90781e17e6d97df3941063cedae1e,Atlanta Falcons @ New Orleans Saints,Bijan Robinson,betonlineag,BetOnline.ag,receptions,Receptions,under,4.5,-119,3.2026384794,0.5475728155,0.0,0.5433789954,0.5102580936,0.5102580936,4.5,3,41.9382010019,0.7718038672,Calibration fitted; not prospectively validated,2026-09-30T18:55:00Z,2026-10-06T00:15:00Z,Mon 8:15 PM ET,New Orleans Saints,Atlanta Falcons
8bd90781e17e6d97df3941063cedae1e,Atlanta Falcons @ New Orleans Saints,Austin Hooper,betonlineag,BetOnline.ag,receptions,Receptions,over,1.5,-105,2.3884093544,0.5475728155,0.0,0.512195122,0.4814929056,0.4282584158,1.5,3,353.7769358276,6.907073509,Calibration fitted; not prospectively validated,2026-09-30T18:55:00Z,2026-10-06T00:15:00Z,Mon 8:15 PM ET,New Orleans Saints,Atlanta Falcons
8bd90781e17e6d97df3941063cedae1e,Atlanta Falcons @ New Orleans Saints,Noah Fant,betrivers,BetRivers,receptions,Receptions,over,2.5,150,3.1524109435,0.5475728155,0.0,0.4,,0.4036465317,2.5,2,1475.7281553398,36.8932038835,Calibration fitted; not prospectively validated,2026-09-30T18:54:40Z,2026-10-06T00:15:00Z,Mon 8:15 PM ET,New Orleans Saints,Atlanta Falcons
8bd90781e17e6d97df3941063cedae1e,Atlanta Falcons @ New Orleans Saints,Austin Hooper,betrivers,BetRivers,receptions,Receptions,over,1.5,112,2.3884093544,0.5475728155,0.0,0.4716981132,,0.4282584158,1.5,3,758.7470232643,16.0854368932,Calibration fitted; not prospectively validated,2026-09-30T18:54:40Z,2026-10-06T00:15:00Z,Mon 8:15 PM ET,New Orleans Saints,Atlanta Falcons
8bd90781e17e6d97df3941063cedae1e,Atlanta Falcons @ New Orleans Saints,Alvin Kamara,betrivers,BetRivers,receptions,Receptions,over,3.5,132,3.6078588369,0.5408805031,0.0,0.4310344828,,0.4138449962,3.5,3,1098.4602038603,25.4842767296,Calibration fitted; not prospectively validated,2026-09-30T18:54:40Z,2026-10-06T00:15:00Z,Mon 8:15 PM ET,New Orleans Saints,Atlanta Falcons
8bd90781e17e6d97df3941063cedae1e,Atlanta Falcons @ New Orleans Saints,Tyler Shough,betrivers,BetRivers,rush_yds,Rushing yards,over,16.5,-117,37.9017742201,0.5647668394,0.0,0.5391705069,0.5030135005,0.5030135005,16.5,3,255.963324658,4.7473539702,Calibration fitted; not prospectively validated,2026-09-30T18:54:40Z,2026-10-06T00:15:00Z,Mon 8:15 PM ET,New Orleans Saints,Atlanta Falcons
