game_id,game,player,bookmaker,book_label,market_std,market_label,name,point,price,mu,model_prob,push_prob,mkt_prob,prob_devig,consensus_prob,consensus_line,book_count,edge_bps,ev_per_100,model_status,last_update,commence_time,kick_et,home_team,away_team,stat_game,actual,grading_status,outcome,units
2a529c108305ffa049d8b6cfdbaa4d36,Seattle Seahawks @ Washington Commanders,Sam Darnold,betmgm,BetMGM,pass_yds,Passing yards,under,224.5,-115,125.9678506421,0.98,0.0,0.5348837209,0.5,0.5,222.0,1,4451.1627906977,83.2173913043,Calibration fitted; not prospectively validated,2026-09-26T13:05:30Z,2026-09-27T17:00:00Z,Sun 1:00 PM ET,Washington Commanders,Seattle Seahawks,2026_03_SEA_WAS,379.0,graded,loss,-1.0
17a730b7d399feeab6a78c30767c29d2,Houston Texans @ Indianapolis Colts,C.J. Stroud,fanatics,Fanatics,pass_attempts,Passing attempts,over,32.5,-115,42.1712175429,0.98,0.0,0.5348837209,0.5,0.5101214575,32.5,5,4451.1627906977,83.2173913043,Calibration fitted; not prospectively validated,2026-09-26T13:04:48Z,2026-09-27T17:00:00Z,Sun 1:00 PM ET,Indianapolis Colts,Houston Texans,2026_03_HOU_IND,27.0,graded,loss,-1.0
555afd4a27aaa392662881cffa8f2eef,Tennessee Titans @ New York Giants,Jameis Winston,draftkings,DraftKings,pass_tds,Passing touchdowns,under,0.5,203,0.0106,0.5578947368,0.0,0.3300330033,0.3127362705,0.3220114689,0.5,5,2278.6173354178,69.0421052632,Calibration fitted; not prospectively validated,2026-09-26T13:04:57Z,2026-09-27T17:00:00Z,Sun 1:00 PM ET,New York Giants,Tennessee Titans,2026_03_TEN_NYG,0.0,graded,win,2.03
07f552badfa8a565d1be22123713e4da,New York Jets @ Detroit Lions,Jared Goff,betonlineag,BetOnline.ag,pass_attempts,Passing attempts,over,32.5,-123,39.5022322725,0.9304884107,0.0,0.5515695067,0.5185070944,0.5185070944,33.5,1,3789.1890393682,68.6983053479,Calibration fitted; not prospectively validated,2026-09-26T13:05:06Z,2026-09-27T17:00:00Z,Sun 1:00 PM ET,Detroit Lions,New York Jets,2026_03_NYJ_DET,32.0,graded,loss,-1.0
84cfca14efc21363fd605508404cf1ff,Baltimore Ravens @ Dallas Cowboys,Derrick Henry,bovada,Bovada,rush_yds,Rushing yards,under,70.5,225,86.0906409641,0.5,0.0,0.3076923077,0.2892416226,0.2892416226,90.5,1,1923.0769230769,62.5,Calibration fitted; not prospectively validated,2026-09-26T13:01:56Z,2026-09-27T20:25:00Z,Sun 4:25 PM ET,Dallas Cowboys,Baltimore Ravens,2026_03_BAL_DAL,89.0,graded,loss,-1.0
17a730b7d399feeab6a78c30767c29d2,Houston Texans @ Indianapolis Colts,Darius Slayton,fanduel,FanDuel,receptions,Receptions,over,1.5,154,3.0941210992,0.5789473684,0.0,0.3937007874,0.3675598767,0.3898823465,1.5,3,1852.4658101948,47.0526315789,Calibration fitted; not prospectively validated,2026-09-26T13:05:50Z,2026-09-27T17:00:00Z,Sun 1:00 PM ET,Indianapolis Colts,Houston Texans,2026_03_HOU_IND,,no matching game/player result,,
84cfca14efc21363fd605508404cf1ff,Baltimore Ravens @ Dallas Cowboys,CeeDee Lamb,bovada,Bovada,recv_yds,Receiving yards,under,61.5,200,98.2775065868,0.4836956522,0.0,0.3333333333,0.3125,0.3125,81.5,1,1503.6231884058,45.1086956522,Calibration fitted; not prospectively validated,2026-09-26T13:01:56Z,2026-09-27T20:25:00Z,Sun 4:25 PM ET,Dallas Cowboys,Baltimore Ravens,2026_03_BAL_DAL,112.0,graded,loss,-1.0
84cfca14efc21363fd605508404cf1ff,Baltimore Ravens @ Dallas Cowboys,Lamar Jackson,bovada,Bovada,pass_yds,Passing yards,under,209.5,185,203.4511369046,0.5,0.0,0.350877193,0.3294117647,0.3294117647,239.5,1,1491.2280701754,42.5,Calibration fitted; not prospectively validated,2026-09-26T13:01:56Z,2026-09-27T20:25:00Z,Sun 4:25 PM ET,Dallas Cowboys,Baltimore Ravens,2026_03_BAL_DAL,186.0,graded,win,1.85
613b8cd3a5fab58f7be4e3fd6f76223e,Carolina Panthers @ Cleveland Browns,Deshaun Watson,betmgm,BetMGM,pass_tds,Passing touchdowns,under,0.5,200,1.59,0.4666666667,0.0,0.3333333333,0.3125,0.3125,1.5,1,1333.3333333333,40.0,Calibration fitted; not prospectively validated,2026-09-26T13:04:55Z,2026-09-27T17:00:00Z,Sun 1:00 PM ET,Cleveland Browns,Carolina Panthers,2026_03_CAR_CLE,2.0,graded,loss,-1.0
84cfca14efc21363fd605508404cf1ff,Baltimore Ravens @ Dallas Cowboys,Dak Prescott,bovada,Bovada,pass_yds,Passing yards,under,236.5,180,273.8017412938,0.5,0.0,0.3571428571,0.3346265761,0.3346265761,264.5,1,1428.5714285714,40.0,Calibration fitted; not prospectively validated,2026-09-26T13:01:56Z,2026-09-27T20:25:00Z,Sun 4:25 PM ET,Dallas Cowboys,Baltimore Ravens,2026_03_BAL_DAL,276.0,graded,loss,-1.0
2e523fcb0497aa689473e290eb2b97de,Las Vegas Raiders @ New Orleans Saints,Kirk Cousins,betmgm,BetMGM,pass_tds,Passing touchdowns,over,1.5,160,2.82,0.5333333333,0.0,0.3846153846,0.3587443946,0.3806108425,1.5,6,1487.1794871795,38.6666666667,Calibration fitted; not prospectively validated,2026-09-26T13:03:15Z,2026-09-27T20:25:00Z,Sun 4:25 PM ET,New Orleans Saints,Las Vegas Raiders,2026_03_LV_NO,3.0,graded,win,1.6
555afd4a27aaa392662881cffa8f2eef,Tennessee Titans @ New York Giants,Cam Skattebo,bovada,Bovada,receptions,Receptions,over,2.5,155,2.5721495465,0.5408805031,0.0,0.3921568627,0.3666469545,0.3747994066,2.5,4,1487.2364039956,37.9245283019,Calibration fitted; not prospectively validated,2026-09-26T13:04:27Z,2026-09-27T17:00:00Z,Sun 1:00 PM ET,New York Giants,Tennessee Titans,2026_03_TEN_NYG,3.0,graded,win,1.55
b225458a282e140c44c45651255f2f6c,Los Angeles Chargers @ Buffalo Bills,Dawson Knox,betmgm,BetMGM,receptions,Receptions,over,1.5,138,3.0045473613,0.5789473684,0.0,0.4201680672,0.3907302614,0.4053409633,1.5,5,1587.7930119416,37.7894736842,Calibration fitted; not prospectively validated,2026-09-26T13:04:23Z,2026-09-27T17:00:00Z,Sun 1:00 PM ET,Buffalo Bills,Los Angeles Chargers,2026_03_LAC_BUF,1.0,graded,loss,-1.0
71123be049587b6facce3a20c53e5d09,Cincinnati Bengals @ Pittsburgh Steelers,Jaylen Warren,betonlineag,BetOnline.ag,receptions,Receptions,under,4.5,-154,1.8830514431,0.8333333333,0.0,0.6062992126,0.5692871193,0.5692871193,3.5,1,2270.3412073491,37.4458874459,Calibration fitted; not prospectively validated,2026-09-26T13:05:48Z,2026-09-27T17:00:00Z,Sun 1:00 PM ET,Pittsburgh Steelers,Cincinnati Bengals,2026_03_CIN_PIT,3.0,graded,win,0.6493506493506493
17a730b7d399feeab6a78c30767c29d2,Houston Texans @ Indianapolis Colts,Daniel Jones,betrivers,BetRivers,pass_tds,Passing touchdowns,over,1.5,185,1.06,0.4821981424,0.0,0.350877193,0.3258201294,0.3585983126,1.5,6,1313.209494324,37.4264705882,Calibration fitted; not prospectively validated,2026-09-26T13:05:34Z,2026-09-27T17:00:00Z,Sun 1:00 PM ET,Indianapolis Colts,Houston Texans,2026_03_HOU_IND,1.0,graded,loss,-1.0
f1724dead3eab61546033032fc782375,Minnesota Vikings @ Tampa Bay Buccaneers,Jordan Addison,fanduel,FanDuel,receptions,Receptions,under,2.5,154,2.4414124674,0.5408805031,0.0,0.3937007874,0.3675598767,0.3792531894,3.5,2,1471.7971574308,37.3836477987,Calibration fitted; not prospectively validated,2026-09-26T13:05:52Z,2026-09-27T20:05:00Z,Sun 4:05 PM ET,Tampa Bay Buccaneers,Minnesota Vikings,2026_03_MIN_TB,5.0,graded,loss,-1.0
0339a0e41bcee12820eb3e64bb5fadb4,Kansas City Chiefs @ Miami Dolphins,Malik Willis,bovada,Bovada,pass_tds,Passing touchdowns,under,0.5,170,0.53,0.5,0.0,0.3703703704,0.3470031546,0.3572937218,0.5,6,1296.2962962963,35.0,Calibration fitted; not prospectively validated,2026-09-26T13:04:27Z,2026-09-27T17:00:00Z,Sun 1:00 PM ET,Miami Dolphins,Kansas City Chiefs,2026_03_KC_MIA,0.0,graded,win,1.7
07f552badfa8a565d1be22123713e4da,New York Jets @ Detroit Lions,Jared Goff,bovada,Bovada,pass_tds,Passing touchdowns,over,2.5,170,3.18,0.5,0.0,0.3703703704,0.3470031546,0.3512790301,1.5,3,1296.2962962963,35.0,Calibration fitted; not prospectively validated,2026-09-26T13:05:34Z,2026-09-27T17:00:00Z,Sun 1:00 PM ET,Detroit Lions,New York Jets,2026_03_NYJ_DET,2.0,graded,loss,-1.0
84cfca14efc21363fd605508404cf1ff,Baltimore Ravens @ Dallas Cowboys,Lamar Jackson,bovada,Bovada,rush_yds,Rushing yards,over,50.5,170,46.1082862934,0.5,0.0,0.3703703704,0.3470031546,0.3470031546,40.5,1,1296.2962962963,35.0,Calibration fitted; not prospectively validated,2026-09-26T13:01:56Z,2026-09-27T20:25:00Z,Sun 4:25 PM ET,Dallas Cowboys,Baltimore Ravens,2026_03_BAL_DAL,50.0,graded,loss,-1.0
2a529c108305ffa049d8b6cfdbaa4d36,Seattle Seahawks @ Washington Commanders,Sam Darnold,betrivers,BetRivers,pass_tds,Passing touchdowns,under,1.5,-127,0.0094,0.75,0.0,0.5594713656,0.5220573491,0.5339121029,1.5,6,1905.2863436123,34.0551181102,Calibration fitted; not prospectively validated,2026-09-26T13:05:46Z,2026-09-27T17:00:00Z,Sun 1:00 PM ET,Washington Commanders,Seattle Seahawks,2026_03_SEA_WAS,4.0,graded,loss,-1.0
555afd4a27aaa392662881cffa8f2eef,Tennessee Titans @ New York Giants,Tony Pollard,fanduel,FanDuel,receptions,Receptions,over,1.5,144,2.0119473387,0.5475728155,0.0,0.4098360656,0.3831317765,0.3980231117,1.5,4,1377.3674996021,33.6077669903,Calibration fitted; not prospectively validated,2026-09-26T13:05:52Z,2026-09-27T17:00:00Z,Sun 1:00 PM ET,New York Giants,Tennessee Titans,2026_03_TEN_NYG,4.0,graded,win,1.44
3bfd8bfb4b8e9a365a0877879b73b16b,Los Angeles Rams @ Denver Broncos,Matthew Stafford,draftkings,DraftKings,rush_yds,Rushing yards,over,0.5,136,9.4078147542,0.5647668394,0.0,0.4237288136,0.4017433586,0.4017433586,0.5,3,1410.3802581892,33.2849740933,Calibration fitted; not prospectively validated,2026-09-26T13:05:32Z,2026-09-28T00:20:00Z,Sun 8:20 PM ET,Denver Broncos,Los Angeles Rams,2026_03_LA_DEN,13.0,graded,win,1.36
3bfd8bfb4b8e9a365a0877879b73b16b,Los Angeles Rams @ Denver Broncos,Terrance Ferguson,betonlineag,BetOnline.ag,receptions,Receptions,under,3.5,130,1.978368024,0.5789473684,0.0,0.4347826087,0.4090010643,0.416502947,3.5,5,1441.647597254,33.1578947368,Calibration fitted; not prospectively validated,2026-09-26T13:05:30Z,2026-09-28T00:20:00Z,Sun 8:20 PM ET,Denver Broncos,Los Angeles Rams,2026_03_LA_DEN,1.0,graded,win,1.3
555afd4a27aaa392662881cffa8f2eef,Tennessee Titans @ New York Giants,Cam Ward,betmgm,BetMGM,pass_tds,Passing touchdowns,under,0.5,165,0.47,0.5,0.0,0.3773584906,0.3527815468,0.3666469545,0.5,7,1226.4150943396,32.5,Calibration fitted; not prospectively validated,2026-09-26T13:03:50Z,2026-09-27T17:00:00Z,Sun 1:00 PM ET,New York Giants,Tennessee Titans,2026_03_TEN_NYG,1.0,graded,loss,-1.0
2e523fcb0497aa689473e290eb2b97de,Las Vegas Raiders @ New Orleans Saints,Alvin Kamara,fanduel,FanDuel,receptions,Receptions,over,3.5,144,3.9661332263,0.5420560748,0.0,0.4098360656,0.3831317765,0.4037905653,3.5,3,1322.2000919258,32.261682243,Calibration fitted; not prospectively validated,2026-09-26T13:05:33Z,2026-09-27T20:25:00Z,Sun 4:25 PM ET,New Orleans Saints,Las Vegas Raiders,2026_03_LV_NO,1.0,graded,loss,-1.0
07f552badfa8a565d1be22123713e4da,New York Jets @ Detroit Lions,Isaac TeSlaa,betmgm,BetMGM,receptions,Receptions,over,1.5,140,2.188508048,0.5475728155,0.0,0.4166666667,0.3887399464,0.4064075942,1.5,5,1309.0614886731,31.4174757282,Calibration fitted; not prospectively validated,2026-09-26T13:05:29Z,2026-09-27T17:00:00Z,Sun 1:00 PM ET,Detroit Lions,New York Jets,2026_03_NYJ_DET,3.0,graded,win,1.4
f1724dead3eab61546033032fc782375,Minnesota Vikings @ Tampa Bay Buccaneers,Aaron Jones,bovada,Bovada,receptions,Receptions,under,1.5,140,1.1606765671,0.5475728155,0.0,0.4166666667,0.3909465021,0.3972313605,1.5,4,1309.0614886731,31.4174757282,Calibration fitted; not prospectively validated,2026-09-26T13:05:20Z,2026-09-27T20:05:00Z,Sun 4:05 PM ET,Tampa Bay Buccaneers,Minnesota Vikings,2026_03_MIN_TB,5.0,graded,loss,-1.0
555afd4a27aaa392662881cffa8f2eef,Tennessee Titans @ New York Giants,Calvin Ridley,draftkings,DraftKings,receptions,Receptions,over,1.5,126,5.0352964882,0.5789473684,0.0,0.4424778761,0.4176935634,0.424203222,1.5,4,1364.6949231486,30.8421052632,Calibration fitted; not prospectively validated,2026-09-26T13:04:57Z,2026-09-27T17:00:00Z,Sun 1:00 PM ET,New York Giants,Tennessee Titans,2026_03_TEN_NYG,0.0,graded,loss,-1.0
9d2b09e0f9b6dd5ce0d985894f4f98fa,Arizona Cardinals @ San Francisco 49ers,Jacoby Brissett,fanduel,FanDuel,pass_tds,Passing touchdowns,over,1.5,178,0.94,0.4666666667,0.0,0.3597122302,0.3362245395,0.3575361863,1.5,6,1069.5443645084,29.7333333333,Calibration fitted; not prospectively validated,2026-09-26T13:05:51Z,2026-09-27T20:05:00Z,Sun 4:05 PM ET,San Francisco 49ers,Arizona Cardinals,2026_03_ARI_SF,2.0,graded,win,1.78
71123be049587b6facce3a20c53e5d09,Cincinnati Bengals @ Pittsburgh Steelers,Aaron Rodgers,betrivers,BetRivers,pass_tds,Passing touchdowns,over,1.5,180,0.53,0.4615384615,0.0,0.3571428571,0.3346265761,0.3556788987,1.5,6,1043.956043956,29.2307692308,Calibration fitted; not prospectively validated,2026-09-26T13:04:55Z,2026-09-27T17:00:00Z,Sun 1:00 PM ET,Pittsburgh Steelers,Cincinnati Bengals,2026_03_CIN_PIT,3.0,graded,win,1.8
2a529c108305ffa049d8b6cfdbaa4d36,Seattle Seahawks @ Washington Commanders,Cooper Kupp,betonlineag,BetOnline.ag,receptions,Receptions,over,2.5,134,4.5331698853,0.5475728155,0.0,0.4273504274,0.4017531045,0.4167677158,2.5,4,1202.2238818355,28.132038835,Calibration fitted; not prospectively validated,2026-09-26T13:05:38Z,2026-09-27T17:00:00Z,Sun 1:00 PM ET,Washington Commanders,Seattle Seahawks,2026_03_SEA_WAS,4.0,graded,win,1.34
47dc7baa254659f3beb2ed2b38c207b6,Philadelphia Eagles @ Chicago Bears,Kalif Raymond,fanduel,FanDuel,receptions,Receptions,over,3.5,134,4.1202831605,0.5475728155,0.0,0.4273504274,0.3993154592,0.4069064877,3.5,4,1202.2238818355,28.132038835,Calibration fitted; not prospectively validated,2026-09-26T13:05:22Z,2026-09-29T00:15:00Z,Mon 8:15 PM ET,Chicago Bears,Philadelphia Eagles,2026_03_PHI_CHI,6.0,graded,win,1.34
71123be049587b6facce3a20c53e5d09,Cincinnati Bengals @ Pittsburgh Steelers,Erick All,draftkings,DraftKings,receptions,Receptions,under,0.5,183,1.8292219489,0.4524271845,0.0,0.3533568905,0.3341439785,0.3346265761,0.5,3,990.7029400666,28.0368932039,Calibration fitted; not prospectively validated,2026-09-26T13:05:14Z,2026-09-27T17:00:00Z,Sun 1:00 PM ET,Pittsburgh Steelers,Cincinnati Bengals,2026_03_CIN_PIT,,no matching game/player result,,
84cfca14efc21363fd605508404cf1ff,Baltimore Ravens @ Dallas Cowboys,Javonte Williams,bovada,Bovada,rush_yds,Rushing yards,under,50.5,155,47.7382539609,0.5,0.0,0.3921568627,0.3666469545,0.3666469545,59.5,1,1078.431372549,27.5,Calibration fitted; not prospectively validated,2026-09-26T13:01:56Z,2026-09-27T20:25:00Z,Sun 4:25 PM ET,Dallas Cowboys,Baltimore Ravens,2026_03_BAL_DAL,98.0,graded,loss,-1.0
f1724dead3eab61546033032fc782375,Minnesota Vikings @ Tampa Bay Buccaneers,Cade Otton,betmgm,BetMGM,receptions,Receptions,over,3.5,135,3.9178971384,0.5420560748,0.0,0.4255319149,0.3959708232,0.3993154592,3.5,3,1165.2415987274,27.3831775701,Calibration fitted; not prospectively validated,2026-09-26T13:05:09Z,2026-09-27T20:05:00Z,Sun 4:05 PM ET,Tampa Bay Buccaneers,Minnesota Vikings,2026_03_MIN_TB,3.0,graded,loss,-1.0
9d2b09e0f9b6dd5ce0d985894f4f98fa,Arizona Cardinals @ San Francisco 49ers,Jacoby Brissett,betonlineag,BetOnline.ag,pass_attempts,Passing attempts,under,32.5,100,26.2428696542,0.6363636364,0.0,0.5,0.4693877551,0.4804680259,32.5,4,1363.6363636364,27.2727272727,Calibration fitted; not prospectively validated,2026-09-26T13:05:34Z,2026-09-27T20:05:00Z,Sun 4:05 PM ET,San Francisco 49ers,Arizona Cardinals,2026_03_ARI_SF,52.0,graded,loss,-1.0
f1724dead3eab61546033032fc782375,Minnesota Vikings @ Tampa Bay Buccaneers,Josh Oliver,betmgm,BetMGM,receptions,Receptions,over,1.5,130,1.8928788964,0.5475728155,0.0,0.4347826087,0.405904059,0.4366812227,1.5,5,1127.9020683833,25.9417475728,Calibration fitted; not prospectively validated,2026-09-26T13:05:09Z,2026-09-27T20:05:00Z,Sun 4:05 PM ET,Tampa Bay Buccaneers,Minnesota Vikings,2026_03_MIN_TB,,no offensive usage evidence,,
613b8cd3a5fab58f7be4e3fd6f76223e,Carolina Panthers @ Cleveland Browns,Darren Waller,betmgm,BetMGM,receptions,Receptions,over,2.5,130,3.7337842259,0.5475728155,0.0,0.4347826087,0.405904059,0.4395196309,2.5,6,1127.9020683833,25.9417475728,Calibration fitted; not prospectively validated,2026-09-26T13:04:55Z,2026-09-27T17:00:00Z,Sun 1:00 PM ET,Cleveland Browns,Carolina Panthers,2026_03_CAR_CLE,5.0,graded,win,1.3
0339a0e41bcee12820eb3e64bb5fadb4,Kansas City Chiefs @ Miami Dolphins,Patrick Mahomes,betrivers,BetRivers,pass_tds,Passing touchdowns,under,1.5,160,2.35,0.4821981424,0.0,0.3846153846,0.3587443946,0.3809774041,1.5,5,975.8275779948,25.3715170279,Calibration fitted; not prospectively validated,2026-09-26T13:05:14Z,2026-09-27T17:00:00Z,Sun 1:00 PM ET,Miami Dolphins,Kansas City Chiefs,2026_03_KC_MIA,2.0,graded,loss,-1.0
2a529c108305ffa049d8b6cfdbaa4d36,Seattle Seahawks @ Washington Commanders,Marcus Mariota,betrivers,BetRivers,pass_tds,Passing touchdowns,under,0.5,150,1.06,0.5,0.0,0.4,0.375,0.3838517538,0.5,7,1000.0,25.0,Calibration fitted; not prospectively validated,2026-09-26T13:05:46Z,2026-09-27T17:00:00Z,Sun 1:00 PM ET,Washington Commanders,Seattle Seahawks,2026_03_SEA_WAS,3.0,graded,loss,-1.0
07f552badfa8a565d1be22123713e4da,New York Jets @ Detroit Lions,Amon-Ra St. Brown,fanduel,FanDuel,receptions,Receptions,over,7.5,130,7.9236032082,0.5420560748,0.0,0.4347826087,0.4064075942,0.4111957295,7.0,2,1072.734660707,24.6728971963,Calibration fitted; not prospectively validated,2026-09-26T13:05:00Z,2026-09-27T17:00:00Z,Sun 1:00 PM ET,Detroit Lions,New York Jets,2026_03_NYJ_DET,4.0,graded,loss,-1.0
b225458a282e140c44c45651255f2f6c,Los Angeles Chargers @ Buffalo Bills,Khalil Shakir,bovada,Bovada,receptions,Receptions,under,3.5,130,3.2981462538,0.5408805031,0.0,0.4347826087,0.4084720121,0.4108833362,3.5,4,1060.97894449,24.4025157233,Calibration fitted; not prospectively validated,2026-09-26T13:05:35Z,2026-09-27T17:00:00Z,Sun 1:00 PM ET,Buffalo Bills,Los Angeles Chargers,2026_03_LAC_BUF,1.0,graded,win,1.3
613b8cd3a5fab58f7be4e3fd6f76223e,Carolina Panthers @ Cleveland Browns,Bryce Young,betrivers,BetRivers,pass_tds,Passing touchdowns,over,1.5,133,2.82,0.5333333333,0.0,0.4291845494,0.4003431513,0.4248366013,1.5,7,1041.4878397711,24.2666666667,Calibration fitted; not prospectively validated,2026-09-26T13:04:56Z,2026-09-27T17:00:00Z,Sun 1:00 PM ET,Cleveland Browns,Carolina Panthers,2026_03_CAR_CLE,1.0,graded,loss,-1.0
b225458a282e140c44c45651255f2f6c,Los Angeles Chargers @ Buffalo Bills,Josh Allen,betmgm,BetMGM,pass_attempts,Passing attempts,over,30.5,-105,34.3357292913,0.6363636364,0.0,0.512195122,0.4753937008,0.4865646962,30.5,3,1241.6851441242,24.2424242424,Calibration fitted; not prospectively validated,2026-09-26T13:04:23Z,2026-09-27T17:00:00Z,Sun 1:00 PM ET,Buffalo Bills,Los Angeles Chargers,2026_03_LAC_BUF,26.0,graded,loss,-1.0
0339a0e41bcee12820eb3e64bb5fadb4,Kansas City Chiefs @ Miami Dolphins,Malik Willis,bovada,Bovada,pass_attempts,Passing attempts,under,27.5,-105,22.2565532545,0.6363636364,0.0,0.512195122,0.4796954315,0.4833368048,27.5,3,1241.6851441242,24.2424242424,Calibration fitted; not prospectively validated,2026-09-26T13:04:27Z,2026-09-27T17:00:00Z,Sun 1:00 PM ET,Miami Dolphins,Kansas City Chiefs,2026_03_KC_MIA,36.0,graded,loss,-1.0
71123be049587b6facce3a20c53e5d09,Cincinnati Bengals @ Pittsburgh Steelers,Aaron Rodgers,fanatics,Fanatics,pass_attempts,Passing attempts,under,34.5,-105,31.0852403104,0.6363636364,0.0,0.512195122,0.4796954315,0.4943712381,35.5,2,1241.6851441242,24.2424242424,Calibration fitted; not prospectively validated,2026-09-26T13:02:35Z,2026-09-27T17:00:00Z,Sun 1:00 PM ET,Pittsburgh Steelers,Cincinnati Bengals,2026_03_CIN_PIT,34.0,graded,win,0.9523809523809523
555afd4a27aaa392662881cffa8f2eef,Tennessee Titans @ New York Giants,Elic Ayomanor,draftkings,DraftKings,receptions,Receptions,over,1.5,126,2.3305167767,0.5475728155,0.0,0.4424778761,0.4176935634,0.4224649392,1.5,4,1050.9493942779,23.7514563107,Calibration fitted; not prospectively validated,2026-09-26T13:04:57Z,2026-09-27T17:00:00Z,Sun 1:00 PM ET,New York Giants,Tennessee Titans,2026_03_TEN_NYG,1.0,graded,loss,-1.0
1f3cfd315a24d1a7dd5859a8e6b88e18,New England Patriots @ Jacksonville Jaguars,DeMario Douglas,fanduel,FanDuel,receptions,Receptions,under,2.5,128,2.2095393575,0.5420560748,0.0,0.4385964912,0.4095398699,0.4209473735,2.5,3,1034.5958353828,23.5887850467,Calibration fitted; not prospectively validated,2026-09-26T13:05:35Z,2026-09-27T17:00:00Z,Sun 1:00 PM ET,Jacksonville Jaguars,New England Patriots,2026_03_NE_JAX,1.0,graded,win,1.28
f1724dead3eab61546033032fc782375,Minnesota Vikings @ Tampa Bay Buccaneers,Kyler Murray,betmgm,BetMGM,pass_tds,Passing touchdowns,under,1.5,-155,0.0094,0.75,0.0,0.6078431373,0.5665108372,0.6017069701,1.5,7,1421.568627451,23.3870967742,Calibration fitted; not prospectively validated,2026-09-26T13:05:09Z,2026-09-27T20:05:00Z,Sun 4:05 PM ET,Tampa Bay Buccaneers,Minnesota Vikings,2026_03_MIN_TB,1.0,graded,win,0.6451612903225806
2e523fcb0497aa689473e290eb2b97de,Las Vegas Raiders @ New Orleans Saints,Ashton Jeanty,betmgm,BetMGM,receptions,Receptions,under,3.5,125,2.7015921652,0.5475728155,0.0,0.4444444444,0.416502947,0.4250232435,3.5,5,1031.2837108954,23.2038834951,Calibration fitted; not prospectively validated,2026-09-26T13:03:15Z,2026-09-27T20:25:00Z,Sun 4:25 PM ET,New Orleans Saints,Las Vegas Raiders,2026_03_LV_NO,3.0,graded,win,1.25
17a730b7d399feeab6a78c30767c29d2,Houston Texans @ Indianapolis Colts,Laquon Treadwell,betrivers,BetRivers,receptions,Receptions,over,1.5,125,2.4817465526,0.5475728155,0.0,0.4444444444,,0.4248366013,1.5,5,1031.2837108954,23.2038834951,Calibration fitted; not prospectively validated,2026-09-26T13:05:34Z,2026-09-27T17:00:00Z,Sun 1:00 PM ET,Indianapolis Colts,Houston Texans,2026_03_HOU_IND,1.0,graded,loss,-1.0
17a730b7d399feeab6a78c30767c29d2,Houston Texans @ Indianapolis Colts,Dalton Schultz,bovada,Bovada,receptions,Receptions,over,5.5,125,6.2501686621,0.5475728155,0.0,0.4444444444,0.416502947,0.4582221104,5.5,4,1031.2837108954,23.2038834951,Calibration fitted; not prospectively validated,2026-09-26T13:04:10Z,2026-09-27T17:00:00Z,Sun 1:00 PM ET,Indianapolis Colts,Houston Texans,2026_03_HOU_IND,3.0,graded,loss,-1.0
9d2b09e0f9b6dd5ce0d985894f4f98fa,Arizona Cardinals @ San Francisco 49ers,Brock Purdy,draftkings,DraftKings,pass_attempts,Passing attempts,under,30.5,-107,25.5628467745,0.6363636364,0.0,0.5169082126,0.4875171639,0.4949392713,30.5,4,1194.5542380325,23.1096006797,Calibration fitted; not prospectively validated,2026-09-26T13:05:31Z,2026-09-27T20:05:00Z,Sun 4:05 PM ET,San Francisco 49ers,Arizona Cardinals,2026_03_ARI_SF,27.0,graded,win,0.9345794392523364
555afd4a27aaa392662881cffa8f2eef,Tennessee Titans @ New York Giants,Darnell Mooney,betrivers,BetRivers,receptions,Receptions,over,1.5,112,3.582862997,0.5789473684,0.0,0.4716981132,,0.4833368048,1.5,5,1072.4925521351,22.7368421053,Calibration fitted; not prospectively validated,2026-09-26T13:05:13Z,2026-09-27T17:00:00Z,Sun 1:00 PM ET,New York Giants,Tennessee Titans,2026_03_TEN_NYG,2.0,graded,win,1.12
07f552badfa8a565d1be22123713e4da,New York Jets @ Detroit Lions,Geno Smith,betonlineag,BetOnline.ag,pass_attempts,Passing attempts,over,32.5,-108,37.2155281791,0.6363636364,0.0,0.5192307692,0.4876847291,0.4909529554,32.5,5,1171.3286713287,22.5589225589,Calibration fitted; not prospectively validated,2026-09-26T13:05:06Z,2026-09-27T17:00:00Z,Sun 1:00 PM ET,Detroit Lions,New York Jets,2026_03_NYJ_DET,37.0,graded,win,0.9259259259259259
17a730b7d399feeab6a78c30767c29d2,Houston Texans @ Indianapolis Colts,Jared Wayne,betrivers,BetRivers,receptions,Receptions,over,1.5,123,2.5069700786,0.5475728155,0.0,0.4484304933,,0.4693877551,1.5,5,991.4232226044,22.1087378641,Calibration fitted; not prospectively validated,2026-09-26T13:05:34Z,2026-09-27T17:00:00Z,Sun 1:00 PM ET,Indianapolis Colts,Houston Texans,2026_03_HOU_IND,1.0,graded,loss,-1.0
b225458a282e140c44c45651255f2f6c,Los Angeles Chargers @ Buffalo Bills,Dalton Kincaid,betrivers,BetRivers,receptions,Receptions,over,4.5,123,5.1676702672,0.5475728155,0.0,0.4484304933,,0.4632298853,4.5,5,991.4232226044,22.1087378641,Calibration fitted; not prospectively validated,2026-09-26T13:05:47Z,2026-09-27T17:00:00Z,Sun 1:00 PM ET,Buffalo Bills,Los Angeles Chargers,2026_03_LAC_BUF,2.0,graded,loss,-1.0
1f3cfd315a24d1a7dd5859a8e6b88e18,New England Patriots @ Jacksonville Jaguars,Hunter Henry,betmgm,BetMGM,receptions,Receptions,under,3.5,125,3.1832753012,0.5420560748,0.0,0.4444444444,0.416502947,0.4170324846,3.5,3,976.1163032191,21.9626168224,Calibration fitted; not prospectively validated,2026-09-26T13:04:58Z,2026-09-27T17:00:00Z,Sun 1:00 PM ET,Jacksonville Jaguars,New England Patriots,2026_03_NE_JAX,1.0,graded,win,1.25
07f552badfa8a565d1be22123713e4da,New York Jets @ Detroit Lions,Breece Hall,betonlineag,BetOnline.ag,receptions,Receptions,over,3.5,125,3.8133902322,0.5408805031,0.0,0.4444444444,0.4170616114,0.4287304796,3.5,4,964.3605870021,21.6981132075,Calibration fitted; not prospectively validated,2026-09-26T13:05:06Z,2026-09-27T17:00:00Z,Sun 1:00 PM ET,Detroit Lions,New York Jets,2026_03_NYJ_DET,3.0,graded,loss,-1.0
47dc7baa254659f3beb2ed2b38c207b6,Philadelphia Eagles @ Chicago Bears,Jalen Hurts,betmgm,BetMGM,pass_tds,Passing touchdowns,over,1.5,135,2.35,0.5178018576,0.0,0.4255319149,0.3959708232,0.4186744609,1.5,7,922.6994269152,21.6834365325,Calibration fitted; not prospectively validated,2026-09-26T13:05:12Z,2026-09-29T00:15:00Z,Mon 8:15 PM ET,Chicago Bears,Philadelphia Eagles,2026_03_PHI_CHI,0.0,graded,loss,-1.0
9d2b09e0f9b6dd5ce0d985894f4f98fa,Arizona Cardinals @ San Francisco 49ers,Michael Wilson,draftkings,DraftKings,receptions,Receptions,under,3.5,122,2.5898539976,0.5475728155,0.0,0.4504504505,0.4250232435,0.4273071432,3.5,4,971.2236508353,21.5611650485,Calibration fitted; not prospectively validated,2026-09-26T13:05:31Z,2026-09-27T20:05:00Z,Sun 4:05 PM ET,San Francisco 49ers,Arizona Cardinals,2026_03_ARI_SF,11.0,graded,loss,-1.0
84cfca14efc21363fd605508404cf1ff,Baltimore Ravens @ Dallas Cowboys,Dak Prescott,bovada,Bovada,pass_attempts,Passing attempts,under,36.5,-110,32.2527328522,0.6363636364,0.0,0.5238095238,0.4898785425,0.4958445876,36.5,3,1125.5411255411,21.4876033058,Calibration fitted; not prospectively validated,2026-09-26T13:01:56Z,2026-09-27T20:25:00Z,Sun 4:25 PM ET,Dallas Cowboys,Baltimore Ravens,2026_03_BAL_DAL,40.0,graded,loss,-1.0
f1724dead3eab61546033032fc782375,Minnesota Vikings @ Tampa Bay Buccaneers,Chris Godwin,draftkings,DraftKings,receptions,Receptions,over,3.5,121,5.5309587431,0.5475728155,0.0,0.4524886878,0.426742532,0.426742532,3.5,5,950.8412775118,21.013592233,Calibration fitted; not prospectively validated,2026-09-26T13:05:14Z,2026-09-27T20:05:00Z,Sun 4:05 PM ET,Tampa Bay Buccaneers,Minnesota Vikings,2026_03_MIN_TB,3.0,graded,loss,-1.0
2a529c108305ffa049d8b6cfdbaa4d36,Seattle Seahawks @ Washington Commanders,Marcus Mariota,betmgm,BetMGM,pass_attempts,Passing attempts,under,28.5,-111,21.9859572342,0.6363636364,0.0,0.5260663507,0.4909529554,0.4909529554,29.5,1,1102.9728565274,20.9664209664,Calibration fitted; not prospectively validated,2026-09-26T13:05:30Z,2026-09-27T17:00:00Z,Sun 1:00 PM ET,Washington Commanders,Seattle Seahawks,2026_03_SEA_WAS,31.0,graded,loss,-1.0
2a529c108305ffa049d8b6cfdbaa4d36,Seattle Seahawks @ Washington Commanders,Sam Darnold,betmgm,BetMGM,pass_attempts,Passing attempts,under,28.5,-111,22.6913594072,0.6363636364,0.0,0.5260663507,0.4928711097,0.5066083969,28.5,4,1102.9728565274,20.9664209664,Calibration fitted; not prospectively validated,2026-09-26T13:05:30Z,2026-09-27T17:00:00Z,Sun 1:00 PM ET,Washington Commanders,Seattle Seahawks,2026_03_SEA_WAS,45.0,graded,loss,-1.0
9d2b09e0f9b6dd5ce0d985894f4f98fa,Arizona Cardinals @ San Francisco 49ers,Mike Evans,betrivers,BetRivers,receptions,Receptions,over,4.5,120,5.3965452892,0.5475728155,0.0,0.4545454545,,0.4278471066,4.5,4,930.2736098853,20.4660194175,Calibration fitted; not prospectively validated,2026-09-26T13:05:46Z,2026-09-27T20:05:00Z,Sun 4:05 PM ET,San Francisco 49ers,Arizona Cardinals,2026_03_ARI_SF,3.0,graded,loss,-1.0
f1724dead3eab61546033032fc782375,Minnesota Vikings @ Tampa Bay Buccaneers,Jalen McMillan,fanduel,FanDuel,receptions,Receptions,over,1.5,120,2.8575977015,0.5475728155,0.0,0.4545454545,0.4248366013,0.432558873,1.5,4,930.2736098853,20.4660194175,Calibration fitted; not prospectively validated,2026-09-26T13:05:52Z,2026-09-27T20:05:00Z,Sun 4:05 PM ET,Tampa Bay Buccaneers,Minnesota Vikings,2026_03_MIN_TB,0.0,graded,loss,-1.0
84cfca14efc21363fd605508404cf1ff,Baltimore Ravens @ Dallas Cowboys,Derrick Henry,draftkings,DraftKings,receptions,Receptions,over,1.5,122,1.8187592545,0.5420560748,0.0,0.4504504505,0.4250232435,0.4249299224,1.5,2,916.056243159,20.3364485981,Calibration fitted; not prospectively validated,2026-09-26T13:05:15Z,2026-09-27T20:25:00Z,Sun 4:25 PM ET,Dallas Cowboys,Baltimore Ravens,2026_03_BAL_DAL,1.0,graded,loss,-1.0
3bfd8bfb4b8e9a365a0877879b73b16b,Los Angeles Rams @ Denver Broncos,Bo Nix,betonlineag,BetOnline.ag,pass_attempts,Passing attempts,under,33.5,-114,28.9656587026,0.6363636364,0.0,0.5327102804,0.5,0.5020777062,33.5,4,1036.533559898,19.4577352472,Calibration fitted; not prospectively validated,2026-09-26T13:05:30Z,2026-09-28T00:20:00Z,Sun 8:20 PM ET,Denver Broncos,Los Angeles Rams,2026_03_LA_DEN,34.0,graded,loss,-1.0
f1724dead3eab61546033032fc782375,Minnesota Vikings @ Tampa Bay Buccaneers,Kyler Murray,draftkings,DraftKings,pass_attempts,Passing attempts,under,30.5,-114,26.7491250507,0.6363636364,0.0,0.5327102804,0.5020774472,0.5071963591,30.5,4,1036.533559898,19.4577352472,Calibration fitted; not prospectively validated,2026-09-26T13:05:14Z,2026-09-27T20:05:00Z,Sun 4:05 PM ET,Tampa Bay Buccaneers,Minnesota Vikings,2026_03_MIN_TB,29.0,graded,win,0.8771929824561403
0339a0e41bcee12820eb3e64bb5fadb4,Kansas City Chiefs @ Miami Dolphins,Tyquan Thornton,betonlineag,BetOnline.ag,receptions,Receptions,over,1.5,118,2.3834697925,0.5475728155,0.0,0.4587155963,0.4307128807,0.4348277244,1.5,4,888.5721920371,19.3708737864,Calibration fitted; not prospectively validated,2026-09-26T13:05:18Z,2026-09-27T17:00:00Z,Sun 1:00 PM ET,Miami Dolphins,Kansas City Chiefs,2026_03_KC_MIA,2.0,graded,win,1.18
84cfca14efc21363fd605508404cf1ff,Baltimore Ravens @ Dallas Cowboys,George Pickens,betmgm,BetMGM,receptions,Receptions,under,4.5,120,4.4501780205,0.5408805031,0.0,0.4545454545,0.4248366013,0.4248366013,5.5,1,863.350485992,18.9937106918,Calibration fitted; not prospectively validated,2026-09-26T13:04:55Z,2026-09-27T20:25:00Z,Sun 4:25 PM ET,Dallas Cowboys,Baltimore Ravens,2026_03_BAL_DAL,7.0,graded,loss,-1.0
b225458a282e140c44c45651255f2f6c,Los Angeles Chargers @ Buffalo Bills,Justin Herbert,betonlineag,BetOnline.ag,pass_attempts,Passing attempts,over,30.5,-115,33.9650986908,0.6363636364,0.0,0.5348837209,0.5030953364,0.5101214575,30.5,3,1014.799154334,18.9723320158,Calibration fitted; not prospectively validated,2026-09-26T13:05:16Z,2026-09-27T17:00:00Z,Sun 1:00 PM ET,Buffalo Bills,Los Angeles Chargers,2026_03_LAC_BUF,34.0,graded,win,0.8695652173913043
0339a0e41bcee12820eb3e64bb5fadb4,Kansas City Chiefs @ Miami Dolphins,Patrick Mahomes,betonlineag,BetOnline.ag,pass_attempts,Passing attempts,over,30.5,-115,36.4612299212,0.6363636364,0.0,0.5348837209,0.5030953364,0.5203045685,30.5,4,1014.799154334,18.9723320158,Calibration fitted; not prospectively validated,2026-09-26T13:05:18Z,2026-09-27T17:00:00Z,Sun 1:00 PM ET,Miami Dolphins,Kansas City Chiefs,2026_03_KC_MIA,24.0,graded,loss,-1.0
84cfca14efc21363fd605508404cf1ff,Baltimore Ravens @ Dallas Cowboys,Lamar Jackson,draftkings,DraftKings,pass_tds,Passing touchdowns,under,1.5,123,0.94,0.5333333333,0.0,0.4484304933,0.4227152079,0.4298080343,1.5,6,849.0284005979,18.9333333333,Calibration fitted; not prospectively validated,2026-09-26T13:05:15Z,2026-09-27T20:25:00Z,Sun 4:25 PM ET,Dallas Cowboys,Baltimore Ravens,2026_03_BAL_DAL,2.0,graded,loss,-1.0
f1724dead3eab61546033032fc782375,Minnesota Vikings @ Tampa Bay Buccaneers,Justin Jefferson,betmgm,BetMGM,receptions,Receptions,under,5.5,115,4.5111712295,0.5475728155,0.0,0.4651162791,0.4334891628,0.4458598726,5.5,5,824.5653646421,17.7281553398,Calibration fitted; not prospectively validated,2026-09-26T13:05:09Z,2026-09-27T20:05:00Z,Sun 4:05 PM ET,Tampa Bay Buccaneers,Minnesota Vikings,2026_03_MIN_TB,2.0,graded,win,1.15
07f552badfa8a565d1be22123713e4da,New York Jets @ Detroit Lions,Jameson Williams,betonlineag,BetOnline.ag,receptions,Receptions,under,3.5,115,2.9455965238,0.5475728155,0.0,0.4651162791,0.4373408273,0.4458598726,3.5,5,824.5653646421,17.7281553398,Calibration fitted; not prospectively validated,2026-09-26T13:05:06Z,2026-09-27T17:00:00Z,Sun 1:00 PM ET,Detroit Lions,New York Jets,2026_03_NYJ_DET,4.0,graded,loss,-1.0
71123be049587b6facce3a20c53e5d09,Cincinnati Bengals @ Pittsburgh Steelers,Roman Wilson,bovada,Bovada,receptions,Receptions,over,2.5,115,3.2114730853,0.5475728155,0.0,0.4651162791,0.4366812227,0.4412029534,2.5,3,824.5653646421,17.7281553398,Calibration fitted; not prospectively validated,2026-09-26T13:05:18Z,2026-09-27T17:00:00Z,Sun 1:00 PM ET,Pittsburgh Steelers,Cincinnati Bengals,2026_03_CIN_PIT,3.0,graded,win,1.15
f1724dead3eab61546033032fc782375,Minnesota Vikings @ Tampa Bay Buccaneers,Ted Hurst,betrivers,BetRivers,receptions,Receptions,over,2.5,135,2.5170557715,0.5,0.0,0.4255319149,,0.4240265231,2.5,4,744.6808510638,17.5,Calibration fitted; not prospectively validated,2026-09-26T13:05:47Z,2026-09-27T20:05:00Z,Sun 4:05 PM ET,Tampa Bay Buccaneers,Minnesota Vikings,2026_03_MIN_TB,1.0,graded,loss,-1.0
84cfca14efc21363fd605508404cf1ff,Baltimore Ravens @ Dallas Cowboys,George Pickens,bovada,Bovada,recv_yds,Receiving yards,under,55.5,135,55.4911098187,0.5,0.0,0.4255319149,0.3982930299,0.3982930299,61.5,1,744.6808510638,17.5,Calibration fitted; not prospectively validated,2026-09-26T13:01:56Z,2026-09-27T20:25:00Z,Sun 4:25 PM ET,Dallas Cowboys,Baltimore Ravens,2026_03_BAL_DAL,82.0,graded,loss,-1.0
07f552badfa8a565d1be22123713e4da,New York Jets @ Detroit Lions,Jared Goff,fanduel,FanDuel,rush_yds,Rushing yards,over,0.5,108,9.1523732119,0.5647668394,0.0,0.4807692308,0.4518072289,0.4852289513,0.5,3,839.9760860901,17.4715025907,Calibration fitted; not prospectively validated,2026-09-26T13:05:00Z,2026-09-27T17:00:00Z,Sun 1:00 PM ET,Detroit Lions,New York Jets,2026_03_NYJ_DET,6.0,graded,win,1.08
3bfd8bfb4b8e9a365a0877879b73b16b,Los Angeles Rams @ Denver Broncos,Jaylen Waddle,betonlineag,BetOnline.ag,receptions,Receptions,under,4.5,117,4.2235538407,0.5408805031,0.0,0.4608294931,0.4331087584,0.4386821774,4.5,5,800.510100571,17.3710691824,Calibration fitted; not prospectively validated,2026-09-26T13:05:30Z,2026-09-28T00:20:00Z,Sun 8:20 PM ET,Denver Broncos,Los Angeles Rams,2026_03_LA_DEN,2.0,graded,win,1.17
3bfd8bfb4b8e9a365a0877879b73b16b,Los Angeles Rams @ Denver Broncos,Matthew Stafford,betonlineag,BetOnline.ag,pass_attempts,Passing attempts,under,33.5,-119,29.591359183,0.6363636364,0.0,0.5433789954,0.5102580936,0.5101897756,33.5,4,929.8464092985,17.1122994652,Calibration fitted; not prospectively validated,2026-09-26T13:05:30Z,2026-09-28T00:20:00Z,Sun 8:20 PM ET,Denver Broncos,Los Angeles Rams,2026_03_LA_DEN,55.0,graded,loss,-1.0
2e523fcb0497aa689473e290eb2b97de,Las Vegas Raiders @ New Orleans Saints,Juwan Johnson,bovada,Bovada,receptions,Receptions,over,3.5,115,3.7392433777,0.5408805031,0.0,0.4651162791,0.4366812227,0.4462125409,3.5,4,757.6422407489,16.2893081761,Calibration fitted; not prospectively validated,2026-09-26T13:04:43Z,2026-09-27T20:25:00Z,Sun 4:25 PM ET,New Orleans Saints,Las Vegas Raiders,2026_03_LV_NO,8.0,graded,win,1.15
71123be049587b6facce3a20c53e5d09,Cincinnati Bengals @ Pittsburgh Steelers,Joe Burrow,draftkings,DraftKings,pass_attempts,Passing attempts,under,35.5,-121,30.5157129698,0.6363636364,0.0,0.5475113122,0.5166631952,0.5185070944,35.5,3,888.5232414644,16.2283996995,Calibration fitted; not prospectively validated,2026-09-26T13:05:14Z,2026-09-27T17:00:00Z,Sun 1:00 PM ET,Pittsburgh Steelers,Cincinnati Bengals,2026_03_CIN_PIT,37.0,graded,loss,-1.0
613b8cd3a5fab58f7be4e3fd6f76223e,Carolina Panthers @ Cleveland Browns,Xavier Legette,draftkings,DraftKings,receptions,Receptions,over,1.5,112,1.9583658235,0.5475728155,0.0,0.4716981132,0.4456393636,0.4458598726,1.5,3,758.7470232643,16.0854368932,Calibration fitted; not prospectively validated,2026-09-26T13:05:34Z,2026-09-27T17:00:00Z,Sun 1:00 PM ET,Cleveland Browns,Carolina Panthers,2026_03_CAR_CLE,,no matching game/player result,,
2a529c108305ffa049d8b6cfdbaa4d36,Seattle Seahawks @ Washington Commanders,Jadarian Price,betonlineag,BetOnline.ag,rush_attempts,Rushing attempts,under,13.5,-106,8.7345841198,0.5945945946,0.0,0.5145631068,0.4835607431,0.4980217896,13.5,2,800.3148779848,15.5532891382,Calibration fitted; not prospectively validated,2026-09-26T13:05:38Z,2026-09-27T17:00:00Z,Sun 1:00 PM ET,Washington Commanders,Seattle Seahawks,2026_03_SEA_WAS,5.0,graded,win,0.9433962264150944
3bfd8bfb4b8e9a365a0877879b73b16b,Los Angeles Rams @ Denver Broncos,Kyren Williams,betmgm,BetMGM,receptions,Receptions,under,1.5,155,2.1813633784,0.4524271845,0.0,0.3921568627,0.3666469545,0.3666469545,2.5,1,602.7032172092,15.3689320388,Calibration fitted; not prospectively validated,2026-09-26T13:04:55Z,2026-09-28T00:20:00Z,Sun 8:20 PM ET,Denver Broncos,Los Angeles Rams,2026_03_LA_DEN,6.0,graded,loss,-1.0
1f3cfd315a24d1a7dd5859a8e6b88e18,New England Patriots @ Jacksonville Jaguars,Parker Washington,betonlineag,BetOnline.ag,receptions,Receptions,under,4.5,130,4.4831828836,0.5,0.0,0.4347826087,0.4090010643,0.4090010643,4.5,3,652.1739130435,15.0,Calibration fitted; not prospectively validated,2026-09-26T13:05:32Z,2026-09-27T17:00:00Z,Sun 1:00 PM ET,Jacksonville Jaguars,New England Patriots,2026_03_NE_JAX,3.0,graded,win,1.3
0339a0e41bcee12820eb3e64bb5fadb4,Kansas City Chiefs @ Miami Dolphins,Emmett Johnson,bovada,Bovada,receptions,Receptions,over,1.5,110,3.1797451557,0.5475728155,0.0,0.4761904762,0.4458598726,0.4625705566,1.5,4,713.823393435,14.9902912621,Calibration fitted; not prospectively validated,2026-09-26T13:04:27Z,2026-09-27T17:00:00Z,Sun 1:00 PM ET,Miami Dolphins,Kansas City Chiefs,2026_03_KC_MIA,0.0,graded,loss,-1.0
613b8cd3a5fab58f7be4e3fd6f76223e,Carolina Panthers @ Cleveland Browns,Tetairoa McMillan,bovada,Bovada,receptions,Receptions,under,4.5,110,3.3391842684,0.5475728155,0.0,0.4761904762,0.4458598726,0.4693877551,4.5,5,713.823393435,14.9902912621,Calibration fitted; not prospectively validated,2026-09-26T13:04:27Z,2026-09-27T17:00:00Z,Sun 1:00 PM ET,Cleveland Browns,Carolina Panthers,2026_03_CAR_CLE,2.0,graded,win,1.1
84cfca14efc21363fd605508404cf1ff,Baltimore Ravens @ Dallas Cowboys,Chris Moore,betrivers,BetRivers,receptions,Receptions,over,1.5,112,1.5302414593,0.5408805031,0.0,0.4716981132,,,1.5,0,691.8238993711,14.6666666667,Calibration fitted; not prospectively validated,2026-09-26T13:04:56Z,2026-09-27T20:25:00Z,Sun 4:25 PM ET,Dallas Cowboys,Baltimore Ravens,2026_03_BAL_DAL,1.0,graded,loss,-1.0
17a730b7d399feeab6a78c30767c29d2,Houston Texans @ Indianapolis Colts,Daniel Jones,draftkings,DraftKings,pass_attempts,Passing attempts,over,31.5,-126,34.6280484223,0.6363636364,0.0,0.5575221239,0.5259594617,0.5282858533,32.0,2,788.4151246983,14.1414141414,Calibration fitted; not prospectively validated,2026-09-26T13:05:33Z,2026-09-27T17:00:00Z,Sun 1:00 PM ET,Indianapolis Colts,Houston Texans,2026_03_HOU_IND,36.0,graded,win,0.7936507936507936
555afd4a27aaa392662881cffa8f2eef,Tennessee Titans @ New York Giants,Cam Skattebo,draftkings,DraftKings,rush_attempts,Rushing attempts,under,15.5,-109,10.4978118126,0.5945945946,0.0,0.5215311005,0.4916850289,0.4916850289,15.5,1,730.6349411613,14.0094222663,Calibration fitted; not prospectively validated,2026-09-26T13:04:57Z,2026-09-27T17:00:00Z,Sun 1:00 PM ET,New York Giants,Tennessee Titans,2026_03_TEN_NYG,20.0,graded,loss,-1.0
17a730b7d399feeab6a78c30767c29d2,Houston Texans @ Indianapolis Colts,David Montgomery,betrivers,BetRivers,receptions,Receptions,over,1.5,108,2.415295001,0.5475728155,0.0,0.4807692308,,0.464037123,1.5,5,668.0358476475,13.8951456311,Calibration fitted; not prospectively validated,2026-09-26T13:05:34Z,2026-09-27T17:00:00Z,Sun 1:00 PM ET,Indianapolis Colts,Houston Texans,2026_03_HOU_IND,2.0,graded,win,1.08
b225458a282e140c44c45651255f2f6c,Los Angeles Chargers @ Buffalo Bills,Tre Harris,fanduel,FanDuel,receptions,Receptions,under,2.5,108,2.0377066303,0.5475728155,0.0,0.4807692308,0.4489255225,0.4592085979,2.5,5,668.0358476475,13.8951456311,Calibration fitted; not prospectively validated,2026-09-26T13:05:50Z,2026-09-27T17:00:00Z,Sun 1:00 PM ET,Buffalo Bills,Los Angeles Chargers,2026_03_LAC_BUF,6.0,graded,loss,-1.0
613b8cd3a5fab58f7be4e3fd6f76223e,Carolina Panthers @ Cleveland Browns,Chuba Hubbard,betmgm,BetMGM,rush_attempts,Rushing attempts,under,17.5,-110,10.9371632246,0.5945945946,0.0,0.5238095238,0.4898785425,0.5196752547,17.5,3,707.8507078507,13.5135135135,Calibration fitted; not prospectively validated,2026-09-26T13:04:55Z,2026-09-27T17:00:00Z,Sun 1:00 PM ET,Cleveland Browns,Carolina Panthers,2026_03_CAR_CLE,19.0,graded,loss,-1.0
3bfd8bfb4b8e9a365a0877879b73b16b,Los Angeles Rams @ Denver Broncos,Bo Nix,betmgm,BetMGM,pass_tds,Passing touchdowns,over,1.5,135,1.06,0.4821981424,0.0,0.4255319149,0.3959708232,0.4100737502,1.5,6,566.6622752124,13.3165634675,Calibration fitted; not prospectively validated,2026-09-26T13:04:55Z,2026-09-28T00:20:00Z,Sun 8:20 PM ET,Denver Broncos,Los Angeles Rams,2026_03_LA_DEN,2.0,graded,win,1.35
555afd4a27aaa392662881cffa8f2eef,Tennessee Titans @ New York Giants,Malachi Fields,bovada,Bovada,receptions,Receptions,under,1.5,150,2.4589953775,0.4524271845,0.0,0.4,0.375,0.3764103804,2.5,2,524.2718446602,13.1067961165,Calibration fitted; not prospectively validated,2026-09-26T13:04:27Z,2026-09-27T17:00:00Z,Sun 1:00 PM ET,New York Giants,Tennessee Titans,2026_03_TEN_NYG,2.0,graded,loss,-1.0
f1724dead3eab61546033032fc782375,Minnesota Vikings @ Tampa Bay Buccaneers,Baker Mayfield,betrivers,BetRivers,pass_tds,Passing touchdowns,over,1.5,145,0.53,0.4615384615,0.0,0.4081632653,0.3817534778,0.3914634001,1.5,6,533.7519623234,13.0769230769,Calibration fitted; not prospectively validated,2026-09-26T13:05:47Z,2026-09-27T20:05:00Z,Sun 4:05 PM ET,Tampa Bay Buccaneers,Minnesota Vikings,2026_03_MIN_TB,1.0,graded,loss,-1.0
84cfca14efc21363fd605508404cf1ff,Baltimore Ravens @ Dallas Cowboys,Emari Demercado,betmgm,BetMGM,rush_yds,Rushing yards,over,9.5,100,25.5460755121,0.5647668394,0.0,0.5,0.4653465347,0.4653465347,8.5,1,647.6683937824,12.9533678756,Calibration fitted; not prospectively validated,2026-09-26T13:04:55Z,2026-09-27T20:25:00Z,Sun 4:25 PM ET,Dallas Cowboys,Baltimore Ravens,2026_03_BAL_DAL,,no matching game/player result,,
71123be049587b6facce3a20c53e5d09,Cincinnati Bengals @ Pittsburgh Steelers,Ja'Marr Chase,draftkings,DraftKings,receptions,Receptions,under,6.5,106,5.0355754425,0.5475728155,0.0,0.4854368932,0.4580003898,0.4796954315,6.5,5,621.359223301,12.8,Calibration fitted; not prospectively validated,2026-09-26T13:05:14Z,2026-09-27T17:00:00Z,Sun 1:00 PM ET,Pittsburgh Steelers,Cincinnati Bengals,2026_03_CIN_PIT,9.0,graded,loss,-1.0
47dc7baa254659f3beb2ed2b38c207b6,Philadelphia Eagles @ Chicago Bears,Saquon Barkley,betonlineag,BetOnline.ag,rush_attempts,Rushing attempts,under,17.5,-112,12.3452979528,0.5945945946,0.0,0.5283018868,0.4969046636,0.5051699837,17.5,2,662.9270780214,12.5482625483,Calibration fitted; not prospectively validated,2026-09-26T13:05:52Z,2026-09-29T00:15:00Z,Mon 8:15 PM ET,Chicago Bears,Philadelphia Eagles,2026_03_PHI_CHI,15.0,graded,win,0.8928571428571429
2a529c108305ffa049d8b6cfdbaa4d36,Seattle Seahawks @ Washington Commanders,Terry McLaurin,betrivers,BetRivers,receptions,Receptions,over,3.5,108,3.5321835494,0.5408805031,0.0,0.4807692308,,0.4693877551,3.5,5,601.1127237542,12.5031446541,Calibration fitted; not prospectively validated,2026-09-26T13:05:46Z,2026-09-27T17:00:00Z,Sun 1:00 PM ET,Washington Commanders,Seattle Seahawks,2026_03_SEA_WAS,6.0,graded,win,1.08
2e523fcb0497aa689473e290eb2b97de,Las Vegas Raiders @ New Orleans Saints,Chris Olave,betonlineag,BetOnline.ag,receptions,Receptions,over,6.5,125,6.5157365206,0.5,0.0,0.4444444444,0.4170616114,0.4334891628,6.5,3,555.5555555556,12.5,Calibration fitted; not prospectively validated,2026-09-26T13:04:57Z,2026-09-27T20:25:00Z,Sun 4:25 PM ET,New Orleans Saints,Las Vegas Raiders,2026_03_LV_NO,9.0,graded,win,1.25
0339a0e41bcee12820eb3e64bb5fadb4,Kansas City Chiefs @ Miami Dolphins,Travis Kelce,betonlineag,BetOnline.ag,receptions,Receptions,over,4.5,105,5.5064101672,0.5475728155,0.0,0.487804878,0.4592085979,0.4757688742,4.5,4,597.679374852,12.2524271845,Calibration fitted; not prospectively validated,2026-09-26T13:05:18Z,2026-09-27T17:00:00Z,Sun 1:00 PM ET,Miami Dolphins,Kansas City Chiefs,2026_03_KC_MIA,2.0,graded,loss,-1.0
9d2b09e0f9b6dd5ce0d985894f4f98fa,Arizona Cardinals @ San Francisco 49ers,Trey McBride,betonlineag,BetOnline.ag,receptions,Receptions,under,6.5,105,5.3948627303,0.5475728155,0.0,0.487804878,0.4592085979,0.4592085979,7.5,1,597.679374852,12.2524271845,Calibration fitted; not prospectively validated,2026-09-26T13:05:34Z,2026-09-27T20:05:00Z,Sun 4:05 PM ET,San Francisco 49ers,Arizona Cardinals,2026_03_ARI_SF,9.0,graded,loss,-1.0
47dc7baa254659f3beb2ed2b38c207b6,Philadelphia Eagles @ Chicago Bears,Rome Odunze,betrivers,BetRivers,receptions,Receptions,over,2.5,105,3.6842568555,0.5475728155,0.0,0.487804878,,0.4652655222,2.5,5,597.679374852,12.2524271845,Calibration fitted; not prospectively validated,2026-09-26T13:05:12Z,2026-09-29T00:15:00Z,Mon 8:15 PM ET,Chicago Bears,Philadelphia Eagles,2026_03_PHI_CHI,3.0,graded,win,1.05
2e523fcb0497aa689473e290eb2b97de,Las Vegas Raiders @ New Orleans Saints,Bryce Lance,bovada,Bovada,receptions,Receptions,over,1.5,105,3.2404602722,0.5475728155,0.0,0.487804878,0.4592085979,0.4606084233,1.5,2,597.679374852,12.2524271845,Calibration fitted; not prospectively validated,2026-09-26T13:04:43Z,2026-09-27T20:25:00Z,Sun 4:25 PM ET,New Orleans Saints,Las Vegas Raiders,2026_03_LV_NO,0.0,graded,loss,-1.0
1f3cfd315a24d1a7dd5859a8e6b88e18,New England Patriots @ Jacksonville Jaguars,Jakobi Meyers,bovada,Bovada,receptions,Receptions,over,3.5,105,4.6743800375,0.5475728155,0.0,0.487804878,0.4592085979,0.4648542048,3.5,5,597.679374852,12.2524271845,Calibration fitted; not prospectively validated,2026-09-26T13:05:00Z,2026-09-27T17:00:00Z,Sun 1:00 PM ET,Jacksonville Jaguars,New England Patriots,2026_03_NE_JAX,7.0,graded,win,1.05
555afd4a27aaa392662881cffa8f2eef,Tennessee Titans @ New York Giants,Wan'Dale Robinson,bovada,Bovada,receptions,Receptions,over,3.5,105,4.6874052266,0.5475728155,0.0,0.487804878,0.4592085979,0.4688288174,3.5,6,597.679374852,12.2524271845,Calibration fitted; not prospectively validated,2026-09-26T13:04:27Z,2026-09-27T17:00:00Z,Sun 1:00 PM ET,New York Giants,Tennessee Titans,2026_03_TEN_NYG,7.0,graded,win,1.05
613b8cd3a5fab58f7be4e3fd6f76223e,Carolina Panthers @ Cleveland Browns,KC Concepcion,fanduel,FanDuel,rush_yds,Rushing yards,over,5.5,-102,15.1952454653,0.5647668394,0.0,0.504950495,0.4735298909,0.4969864995,5.5,5,598.1634432873,11.8459819161,Calibration fitted; not prospectively validated,2026-09-26T13:05:52Z,2026-09-27T17:00:00Z,Sun 1:00 PM ET,Cleveland Browns,Carolina Panthers,2026_03_CAR_CLE,0.0,graded,loss,-1.0
0339a0e41bcee12820eb3e64bb5fadb4,Kansas City Chiefs @ Miami Dolphins,Kevin Coleman,fanduel,FanDuel,receptions,Receptions,over,1.5,106,1.9276052879,0.5420560748,0.0,0.4854368932,0.4542013626,0.4775720324,1.5,4,566.1918156247,11.6635514019,Calibration fitted; not prospectively validated,2026-09-26T13:05:18Z,2026-09-27T17:00:00Z,Sun 1:00 PM ET,Miami Dolphins,Kansas City Chiefs,2026_03_KC_MIA,1.0,graded,loss,-1.0
2e523fcb0497aa689473e290eb2b97de,Las Vegas Raiders @ New Orleans Saints,Ashton Jeanty,draftkings,DraftKings,rush_attempts,Rushing attempts,under,17.5,102,14.2930632855,0.5526315789,0.0,0.495049505,0.466910272,0.4711519864,18.5,2,575.8207399687,11.6315789474,Calibration fitted; not prospectively validated,2026-09-26T13:04:56Z,2026-09-27T20:25:00Z,Sun 4:25 PM ET,New Orleans Saints,Las Vegas Raiders,2026_03_LV_NO,19.0,graded,loss,-1.0
84cfca14efc21363fd605508404cf1ff,Baltimore Ravens @ Dallas Cowboys,Lamar Jackson,bovada,Bovada,rush_attempts,Rushing attempts,over,6.5,120,7.4743457383,0.506993007,0.0,0.4545454545,0.4248366013,0.4373408273,6.5,3,524.4755244755,11.5384615385,Calibration fitted; not prospectively validated,2026-09-26T13:01:56Z,2026-09-27T20:25:00Z,Sun 4:25 PM ET,Dallas Cowboys,Baltimore Ravens,2026_03_BAL_DAL,6.0,graded,loss,-1.0
613b8cd3a5fab58f7be4e3fd6f76223e,Carolina Panthers @ Cleveland Browns,Quinshon Judkins,fanduel,FanDuel,receptions,Receptions,over,2.5,106,2.7235874825,0.5408805031,0.0,0.4854368932,0.4542013626,0.4896023956,2.5,5,554.4360994077,11.4213836478,Calibration fitted; not prospectively validated,2026-09-26T13:05:52Z,2026-09-27T17:00:00Z,Sun 1:00 PM ET,Cleveland Browns,Carolina Panthers,2026_03_CAR_CLE,2.0,graded,loss,-1.0
b225458a282e140c44c45651255f2f6c,Los Angeles Chargers @ Buffalo Bills,Quentin Johnston,betonlineag,BetOnline.ag,receptions,Receptions,over,3.5,146,2.7269847862,0.4524271845,0.0,0.406504065,0.3820389366,0.3959708232,3.5,3,459.2311942537,11.2970873786,Calibration fitted; not prospectively validated,2026-09-26T13:05:16Z,2026-09-27T17:00:00Z,Sun 1:00 PM ET,Buffalo Bills,Los Angeles Chargers,2026_03_LAC_BUF,3.0,graded,loss,-1.0
1f3cfd315a24d1a7dd5859a8e6b88e18,New England Patriots @ Jacksonville Jaguars,Bhayshul Tuten,draftkings,DraftKings,rush_attempts,Rushing attempts,under,12.5,101,9.0367275007,0.5526315789,0.0,0.4975124378,0.4689835958,0.4691856755,12.5,2,551.1914113642,11.0789473684,Calibration fitted; not prospectively validated,2026-09-26T13:05:48Z,2026-09-27T17:00:00Z,Sun 1:00 PM ET,Jacksonville Jaguars,New England Patriots,2026_03_NE_JAX,15.0,graded,loss,-1.0
b225458a282e140c44c45651255f2f6c,Los Angeles Chargers @ Buffalo Bills,James Cook,betonlineag,BetOnline.ag,receptions,Receptions,under,1.5,122,1.5135277234,0.5,0.0,0.4504504505,0.423216445,0.427364808,1.5,5,495.4954954955,11.0,Calibration fitted; not prospectively validated,2026-09-26T13:05:16Z,2026-09-27T17:00:00Z,Sun 1:00 PM ET,Buffalo Bills,Los Angeles Chargers,2026_03_LAC_BUF,0.0,graded,win,1.22
0339a0e41bcee12820eb3e64bb5fadb4,Kansas City Chiefs @ Miami Dolphins,Greg Dulcich,fanduel,FanDuel,receptions,Receptions,over,2.5,122,2.4911962909,0.5,0.0,0.4504504505,0.4214658001,0.4368846216,2.5,4,495.4954954955,11.0,Calibration fitted; not prospectively validated,2026-09-26T13:05:18Z,2026-09-27T17:00:00Z,Sun 1:00 PM ET,Miami Dolphins,Kansas City Chiefs,2026_03_KC_MIA,5.0,graded,win,1.22
b225458a282e140c44c45651255f2f6c,Los Angeles Chargers @ Buffalo Bills,Josh Allen,fanatics,Fanatics,pass_tds,Passing touchdowns,under,1.5,130,2.65,0.4821981424,0.0,0.4347826087,0.4084720121,0.4248366013,1.5,7,474.1553371921,10.9055727554,Calibration fitted; not prospectively validated,2026-09-26T13:04:50Z,2026-09-27T17:00:00Z,Sun 1:00 PM ET,Buffalo Bills,Los Angeles Chargers,2026_03_LAC_BUF,0.0,graded,win,1.3
9d2b09e0f9b6dd5ce0d985894f4f98fa,Arizona Cardinals @ San Francisco 49ers,Brock Purdy,fanatics,Fanatics,pass_tds,Passing touchdowns,under,1.5,130,2.65,0.4821981424,0.0,0.4347826087,0.4084720121,0.4227152079,1.5,7,474.1553371921,10.9055727554,Calibration fitted; not prospectively validated,2026-09-26T13:04:48Z,2026-09-27T20:05:00Z,Sun 4:05 PM ET,San Francisco 49ers,Arizona Cardinals,2026_03_ARI_SF,4.0,graded,loss,-1.0
71123be049587b6facce3a20c53e5d09,Cincinnati Bengals @ Pittsburgh Steelers,Samaje Perine,betmgm,BetMGM,receptions,Receptions,over,1.5,105,1.6526623017,0.5408805031,0.0,0.487804878,0.4554079696,0.4796954315,1.5,5,530.7562509587,10.8805031447,Calibration fitted; not prospectively validated,2026-09-26T13:04:56Z,2026-09-27T17:00:00Z,Sun 1:00 PM ET,Pittsburgh Steelers,Cincinnati Bengals,2026_03_CIN_PIT,1.0,graded,loss,-1.0
07f552badfa8a565d1be22123713e4da,New York Jets @ Detroit Lions,Jahmyr Gibbs,betmgm,BetMGM,receptions,Receptions,over,4.5,105,4.6857745155,0.5408805031,0.0,0.487804878,0.4554079696,0.4693877551,4.5,5,530.7562509587,10.8805031447,Calibration fitted; not prospectively validated,2026-09-26T13:05:29Z,2026-09-27T17:00:00Z,Sun 1:00 PM ET,Detroit Lions,New York Jets,2026_03_NYJ_DET,7.0,graded,win,1.05
1f3cfd315a24d1a7dd5859a8e6b88e18,New England Patriots @ Jacksonville Jaguars,Drake Maye,fanatics,Fanatics,rush_attempts,Rushing attempts,over,6.5,125,5.7493333296,0.4927536232,0.0,0.4444444444,0.4137931034,0.4137931034,5.5,1,483.0917874396,10.8695652174,Calibration fitted; not prospectively validated,2026-09-26T13:05:22Z,2026-09-27T17:00:00Z,Sun 1:00 PM ET,Jacksonville Jaguars,New England Patriots,2026_03_NE_JAX,4.0,graded,loss,-1.0
f1724dead3eab61546033032fc782375,Minnesota Vikings @ Tampa Bay Buccaneers,Kenny Gainwell,bovada,Bovada,receptions,Receptions,under,1.5,145,2.4412318571,0.4524271845,0.0,0.4081632653,0.3838517538,0.4121896999,1.5,5,442.639191599,10.8446601942,Calibration fitted; not prospectively validated,2026-09-26T13:05:20Z,2026-09-27T20:05:00Z,Sun 4:05 PM ET,Tampa Bay Buccaneers,Minnesota Vikings,2026_03_MIN_TB,2.0,graded,loss,-1.0
84cfca14efc21363fd605508404cf1ff,Baltimore Ravens @ Dallas Cowboys,Javonte Williams,fanatics,Fanatics,receptions,Receptions,over,3.5,145,2.8850867068,0.4524271845,0.0,0.4081632653,0.3778259523,0.3778259523,2.5,1,442.639191599,10.8446601942,Calibration fitted; not prospectively validated,2026-09-26T13:04:50Z,2026-09-27T20:25:00Z,Sun 4:25 PM ET,Dallas Cowboys,Baltimore Ravens,2026_03_BAL_DAL,2.0,graded,loss,-1.0
9d2b09e0f9b6dd5ce0d985894f4f98fa,Arizona Cardinals @ San Francisco 49ers,Kendrick Bourne,betrivers,BetRivers,receptions,Receptions,over,2.5,104,2.8821884258,0.5420560748,0.0,0.4901960784,,0.4918220643,2.5,4,518.5999633498,10.5794392523,Calibration fitted; not prospectively validated,2026-09-26T13:05:46Z,2026-09-27T20:05:00Z,Sun 4:05 PM ET,San Francisco 49ers,Arizona Cardinals,2026_03_ARI_SF,2.0,graded,loss,-1.0
1f3cfd315a24d1a7dd5859a8e6b88e18,New England Patriots @ Jacksonville Jaguars,Drake Maye,betrivers,BetRivers,pass_tds,Passing touchdowns,over,1.5,150,0.47,0.4421052632,0.0,0.4,0.375,0.4069064877,1.5,6,421.0526315789,10.5263157895,Calibration fitted; not prospectively validated,2026-09-26T13:05:13Z,2026-09-27T17:00:00Z,Sun 1:00 PM ET,Jacksonville Jaguars,New England Patriots,2026_03_NE_JAX,0.0,graded,loss,-1.0
613b8cd3a5fab58f7be4e3fd6f76223e,Carolina Panthers @ Cleveland Browns,Tommy Tremble,fanduel,FanDuel,receptions,Receptions,under,1.5,104,1.3886230389,0.5408805031,0.0,0.4901960784,0.4581151832,0.4875171639,1.5,5,506.8442471328,10.3396226415,Calibration fitted; not prospectively validated,2026-09-26T13:05:52Z,2026-09-27T17:00:00Z,Sun 1:00 PM ET,Cleveland Browns,Carolina Panthers,2026_03_CAR_CLE,3.0,graded,loss,-1.0
07f552badfa8a565d1be22123713e4da,New York Jets @ Detroit Lions,Jahmyr Gibbs,bovada,Bovada,rush_yds,Rushing yards,under,89.5,-105,69.9047625361,0.5647668394,0.0,0.512195122,0.4796954315,0.5010529419,89.5,4,525.7171742702,10.2640019738,Calibration fitted; not prospectively validated,2026-09-26T13:05:34Z,2026-09-27T17:00:00Z,Sun 1:00 PM ET,Detroit Lions,New York Jets,2026_03_NYJ_DET,99.0,graded,loss,-1.0
07f552badfa8a565d1be22123713e4da,New York Jets @ Detroit Lions,Sione Vaki,draftkings,DraftKings,rush_yds,Rushing yards,over,10.5,-105,21.4735241544,0.5647668394,0.0,0.512195122,0.4842767296,0.4923593984,10.5,4,525.7171742702,10.2640019738,Calibration fitted; not prospectively validated,2026-09-26T13:05:32Z,2026-09-27T17:00:00Z,Sun 1:00 PM ET,Detroit Lions,New York Jets,2026_03_NYJ_DET,26.0,graded,win,0.9523809523809523
1f3cfd315a24d1a7dd5859a8e6b88e18,New England Patriots @ Jacksonville Jaguars,Brian Thomas,fanduel,FanDuel,receptions,Receptions,over,3.5,140,3.4047790933,0.4591194969,0.0,0.4166666667,0.3896103896,0.4023315492,3.5,4,424.5283018868,10.1886792453,Calibration fitted; not prospectively validated,2026-09-26T13:05:35Z,2026-09-27T17:00:00Z,Sun 1:00 PM ET,Jacksonville Jaguars,New England Patriots,2026_03_NE_JAX,1.0,graded,loss,-1.0
f1724dead3eab61546033032fc782375,Minnesota Vikings @ Tampa Bay Buccaneers,Jauan Jennings,draftkings,DraftKings,receptions,Receptions,over,1.5,101,1.9925254511,0.5475728155,0.0,0.4975124378,0.4698318497,0.4698318497,1.5,5,500.6037772304,10.0621359223,Calibration fitted; not prospectively validated,2026-09-26T13:05:14Z,2026-09-27T20:05:00Z,Sun 4:05 PM ET,Tampa Bay Buccaneers,Minnesota Vikings,2026_03_MIN_TB,1.0,graded,loss,-1.0
3bfd8bfb4b8e9a365a0877879b73b16b,Los Angeles Rams @ Denver Broncos,Courtland Sutton,betmgm,BetMGM,receptions,Receptions,over,3.5,120,3.4934927329,0.5,0.0,0.4545454545,0.4248366013,0.4592085979,3.5,5,454.5454545455,10.0,Calibration fitted; not prospectively validated,2026-09-26T13:04:55Z,2026-09-28T00:20:00Z,Sun 8:20 PM ET,Denver Broncos,Los Angeles Rams,2026_03_LA_DEN,3.0,graded,loss,-1.0
9d2b09e0f9b6dd5ce0d985894f4f98fa,Arizona Cardinals @ San Francisco 49ers,George Kittle,fanduel,FanDuel,receptions,Receptions,under,3.5,140,3.8309792907,0.4579439252,0.0,0.4166666667,0.3896103896,0.3896103896,4.5,1,412.7725856698,9.9065420561,Calibration fitted; not prospectively validated,2026-09-26T13:05:51Z,2026-09-27T20:05:00Z,Sun 4:05 PM ET,San Francisco 49ers,Arizona Cardinals,2026_03_ARI_SF,6.0,graded,loss,-1.0
2a529c108305ffa049d8b6cfdbaa4d36,Seattle Seahawks @ Washington Commanders,Rachaad White,draftkings,DraftKings,rush_yds,Rushing yards,over,18.5,-106,39.3202524001,0.5647668394,0.0,0.5145631068,0.4873460435,0.4969046636,18.5,5,502.0373258212,9.7565744452,Calibration fitted; not prospectively validated,2026-09-26T13:05:31Z,2026-09-27T17:00:00Z,Sun 1:00 PM ET,Washington Commanders,Seattle Seahawks,2026_03_SEA_WAS,35.0,graded,win,0.9433962264150944
b225458a282e140c44c45651255f2f6c,Los Angeles Chargers @ Buffalo Bills,Justin Herbert,betrivers,BetRivers,pass_tds,Passing touchdowns,over,1.5,135,0.94,0.4666666667,0.0,0.4255319149,0.3982930299,0.4038202511,1.5,6,411.3475177305,9.6666666667,Calibration fitted; not prospectively validated,2026-09-26T13:05:47Z,2026-09-27T17:00:00Z,Sun 1:00 PM ET,Buffalo Bills,Los Angeles Chargers,2026_03_LAC_BUF,1.0,graded,loss,-1.0
0339a0e41bcee12820eb3e64bb5fadb4,Kansas City Chiefs @ Miami Dolphins,Emmett Johnson,betonlineag,BetOnline.ag,rush_attempts,Rushing attempts,under,5.5,122,6.2030336723,0.4927536232,0.0,0.4504504505,0.423216445,0.423216445,5.5,1,423.0317273796,9.3913043478,Calibration fitted; not prospectively validated,2026-09-26T13:05:18Z,2026-09-27T17:00:00Z,Sun 1:00 PM ET,Miami Dolphins,Kansas City Chiefs,2026_03_KC_MIA,6.0,graded,loss,-1.0
b225458a282e140c44c45651255f2f6c,Los Angeles Chargers @ Buffalo Bills,Justin Herbert,draftkings,DraftKings,rush_attempts,Rushing attempts,under,3.5,122,4.4123613189,0.4915254237,0.0,0.4504504505,0.4256384577,0.4256384577,3.5,1,410.7497327836,9.1186440678,Calibration fitted; not prospectively validated,2026-09-26T13:05:14Z,2026-09-27T17:00:00Z,Sun 1:00 PM ET,Buffalo Bills,Los Angeles Chargers,2026_03_LAC_BUF,4.0,graded,loss,-1.0
2e523fcb0497aa689473e290eb2b97de,Las Vegas Raiders @ New Orleans Saints,Kirk Cousins,betmgm,BetMGM,pass_attempts,Passing attempts,under,33.5,-140,30.3542186796,0.6363636364,0.0,0.5833333333,0.5445920304,0.5445920304,31.5,1,530.303030303,9.0909090909,Calibration fitted; not prospectively validated,2026-09-26T13:03:15Z,2026-09-27T20:25:00Z,Sun 4:25 PM ET,New Orleans Saints,Las Vegas Raiders,2026_03_LV_NO,33.0,graded,win,0.7142857142857143
f1724dead3eab61546033032fc782375,Minnesota Vikings @ Tampa Bay Buccaneers,Bucky Irving,betonlineag,BetOnline.ag,rush_attempts,Rushing attempts,under,13.5,115,11.0542775906,0.506993007,0.0,0.4651162791,0.4373408273,0.4373408273,14.5,1,418.7672792324,9.0034965035,Calibration fitted; not prospectively validated,2026-09-26T13:05:20Z,2026-09-27T20:05:00Z,Sun 4:05 PM ET,Tampa Bay Buccaneers,Minnesota Vikings,2026_03_MIN_TB,15.0,graded,loss,-1.0
9d2b09e0f9b6dd5ce0d985894f4f98fa,Arizona Cardinals @ San Francisco 49ers,Brock Purdy,draftkings,DraftKings,rush_yds,Rushing yards,over,17.5,-108,27.4430173098,0.5647668394,0.0,0.5192307692,0.4905802562,0.4902293994,17.5,2,455.3607014747,8.7699098062,Calibration fitted; not prospectively validated,2026-09-26T13:05:31Z,2026-09-27T20:05:00Z,Sun 4:05 PM ET,San Francisco 49ers,Arizona Cardinals,2026_03_ARI_SF,34.0,graded,win,0.9259259259259259
07f552badfa8a565d1be22123713e4da,New York Jets @ Detroit Lions,Geno Smith,betonlineag,BetOnline.ag,pass_tds,Passing touchdowns,over,1.5,146,0.47,0.4421052632,0.0,0.406504065,0.3820389366,0.389175168,1.5,6,356.0119811724,8.7578947368,Calibration fitted; not prospectively validated,2026-09-26T13:05:06Z,2026-09-27T17:00:00Z,Sun 1:00 PM ET,Detroit Lions,New York Jets,2026_03_NYJ_DET,3.0,graded,win,1.46
07f552badfa8a565d1be22123713e4da,New York Jets @ Detroit Lions,Adonai Mitchell,fanduel,FanDuel,receptions,Receptions,over,3.5,-102,4.2214472821,0.5475728155,0.0,0.504950495,0.471842317,0.5181349868,3.5,4,426.2232048448,8.4408909195,Calibration fitted; not prospectively validated,2026-09-26T13:05:00Z,2026-09-27T17:00:00Z,Sun 1:00 PM ET,Detroit Lions,New York Jets,2026_03_NYJ_DET,,no matching game/player result,,
71123be049587b6facce3a20c53e5d09,Cincinnati Bengals @ Pittsburgh Steelers,Mike Gesicki,betmgm,BetMGM,receptions,Receptions,over,2.5,100,2.912428733,0.5420560748,0.0,0.5,0.4653465347,0.5051597457,2.5,5,420.5607476636,8.4112149533,Calibration fitted; not prospectively validated,2026-09-26T13:04:56Z,2026-09-27T17:00:00Z,Sun 1:00 PM ET,Pittsburgh Steelers,Cincinnati Bengals,2026_03_CIN_PIT,3.0,graded,win,1.0
9d2b09e0f9b6dd5ce0d985894f4f98fa,Arizona Cardinals @ San Francisco 49ers,Jeremiyah Love,bovada,Bovada,receptions,Receptions,over,2.5,100,3.0268962386,0.5420560748,0.0,0.5,0.4693877551,0.4897419064,2.5,5,420.5607476636,8.4112149533,Calibration fitted; not prospectively validated,2026-09-26T13:05:02Z,2026-09-27T20:05:00Z,Sun 4:05 PM ET,San Francisco 49ers,Arizona Cardinals,2026_03_ARI_SF,5.0,graded,win,1.0
07f552badfa8a565d1be22123713e4da,New York Jets @ Detroit Lions,Jared Goff,betrivers,BetRivers,pass_completions,Passing completions,over,23.5,100,26.829836957,0.5416666667,0.0,0.5,,0.5010387236,23.5,4,416.6666666667,8.3333333333,Calibration fitted; not prospectively validated,2026-09-26T13:05:13Z,2026-09-27T17:00:00Z,Sun 1:00 PM ET,Detroit Lions,New York Jets,2026_03_NYJ_DET,25.0,graded,win,1.0
17a730b7d399feeab6a78c30767c29d2,Houston Texans @ Indianapolis Colts,C.J. Stroud,betrivers,BetRivers,rush_yds,Rushing yards,over,9.5,-109,27.7486833354,0.5647668394,0.0,0.5215311005,0.4869204765,0.4869204765,10.5,1,432.3573889977,8.2901554404,Calibration fitted; not prospectively validated,2026-09-26T13:05:34Z,2026-09-27T17:00:00Z,Sun 1:00 PM ET,Indianapolis Colts,Houston Texans,2026_03_HOU_IND,10.0,graded,win,0.9174311926605505
84cfca14efc21363fd605508404cf1ff,Baltimore Ravens @ Dallas Cowboys,Dak Prescott,betrivers,BetRivers,rush_yds,Rushing yards,over,13.5,-109,23.653119055,0.5647668394,0.0,0.5215311005,0.4878488396,0.4878488396,12.5,1,432.3573889977,8.2901554404,Calibration fitted; not prospectively validated,2026-09-26T13:04:56Z,2026-09-27T20:25:00Z,Sun 4:25 PM ET,Dallas Cowboys,Baltimore Ravens,2026_03_BAL_DAL,19.0,graded,win,0.9174311926605505
2e523fcb0497aa689473e290eb2b97de,Las Vegas Raiders @ New Orleans Saints,Tyler Shough,draftkings,DraftKings,rush_yds,Rushing yards,over,15.5,-109,27.380830563,0.5647668394,0.0,0.5215311005,0.4936802191,0.4917793808,14.5,2,432.3573889977,8.2901554404,Calibration fitted; not prospectively validated,2026-09-26T13:04:56Z,2026-09-27T20:25:00Z,Sun 4:25 PM ET,New Orleans Saints,Las Vegas Raiders,2026_03_LV_NO,36.0,graded,win,0.9174311926605505
2a529c108305ffa049d8b6cfdbaa4d36,Seattle Seahawks @ Washington Commanders,Jadarian Price,draftkings,DraftKings,rush_yds,Rushing yards,under,51.5,-109,35.8200743967,0.5647668394,0.0,0.5215311005,0.4936802191,0.5,51.5,5,432.3573889977,8.2901554404,Calibration fitted; not prospectively validated,2026-09-26T13:05:31Z,2026-09-27T17:00:00Z,Sun 1:00 PM ET,Washington Commanders,Seattle Seahawks,2026_03_SEA_WAS,15.0,graded,win,0.9174311926605505
47dc7baa254659f3beb2ed2b38c207b6,Philadelphia Eagles @ Chicago Bears,Saquon Barkley,draftkings,DraftKings,rush_yds,Rushing yards,under,72.5,-109,48.9492500482,0.5647668394,0.0,0.5215311005,0.4936802191,0.4936802191,72.5,3,432.3573889977,8.2901554404,Calibration fitted; not prospectively validated,2026-09-26T13:05:13Z,2026-09-29T00:15:00Z,Mon 8:15 PM ET,Chicago Bears,Philadelphia Eagles,2026_03_PHI_CHI,82.0,graded,loss,-1.0
47dc7baa254659f3beb2ed2b38c207b6,Philadelphia Eagles @ Chicago Bears,Dontayvion Wicks,fanatics,Fanatics,receptions,Receptions,over,3.5,135,3.3542024255,0.4591194969,0.0,0.4255319149,0.3959708232,0.4162434059,3.5,6,335.8758196173,7.893081761,Calibration fitted; not prospectively validated,2026-09-26T13:05:22Z,2026-09-29T00:15:00Z,Mon 8:15 PM ET,Chicago Bears,Philadelphia Eagles,2026_03_PHI_CHI,2.0,graded,loss,-1.0
17a730b7d399feeab6a78c30767c29d2,Houston Texans @ Indianapolis Colts,Daniel Jones,betrivers,BetRivers,rush_yds,Rushing yards,over,9.5,-110,23.5466345436,0.5647668394,0.0,0.5238095238,0.4898785425,0.5101214575,9.5,3,409.5731556871,7.8191238813,Calibration fitted; not prospectively validated,2026-09-26T13:05:34Z,2026-09-27T17:00:00Z,Sun 1:00 PM ET,Indianapolis Colts,Houston Texans,2026_03_HOU_IND,5.0,graded,loss,-1.0
613b8cd3a5fab58f7be4e3fd6f76223e,Carolina Panthers @ Cleveland Browns,Chuba Hubbard,draftkings,DraftKings,rush_yds,Rushing yards,under,69.5,-110,45.4667181571,0.5647668394,0.0,0.5238095238,0.4957877001,0.49789385,70.5,2,409.5731556871,7.8191238813,Calibration fitted; not prospectively validated,2026-09-26T13:05:34Z,2026-09-27T17:00:00Z,Sun 1:00 PM ET,Cleveland Browns,Carolina Panthers,2026_03_CAR_CLE,82.0,graded,loss,-1.0
17a730b7d399feeab6a78c30767c29d2,Houston Texans @ Indianapolis Colts,C.J. Stroud,draftkings,DraftKings,pass_tds,Passing touchdowns,over,1.5,131,0.94,0.4666666667,0.0,0.4329004329,0.4084867699,0.4154025671,1.5,7,337.6623376623,7.8,Calibration fitted; not prospectively validated,2026-09-26T13:05:33Z,2026-09-27T17:00:00Z,Sun 1:00 PM ET,Indianapolis Colts,Houston Texans,2026_03_HOU_IND,1.0,graded,loss,-1.0
07f552badfa8a565d1be22123713e4da,New York Jets @ Detroit Lions,Jahmyr Gibbs,fanatics,Fanatics,rush_attempts,Rushing attempts,under,18.5,-105,15.3267058796,0.55,0.0,0.512195122,0.4796954315,0.4911787091,18.5,4,378.0487804878,7.380952381,Calibration fitted; not prospectively validated,2026-09-26T13:05:07Z,2026-09-27T17:00:00Z,Sun 1:00 PM ET,Detroit Lions,New York Jets,2026_03_NYJ_DET,20.0,graded,loss,-1.0
9d2b09e0f9b6dd5ce0d985894f4f98fa,Arizona Cardinals @ San Francisco 49ers,Jacoby Brissett,betmgm,BetMGM,rush_yds,Rushing yards,over,8.5,-111,17.3394077396,0.5647668394,0.0,0.5260663507,0.4909529554,0.4909529554,7.5,1,387.0048866734,7.3565793773,Calibration fitted; not prospectively validated,2026-09-26T13:05:29Z,2026-09-27T20:05:00Z,Sun 4:05 PM ET,San Francisco 49ers,Arizona Cardinals,2026_03_ARI_SF,4.0,graded,loss,-1.0
555afd4a27aaa392662881cffa8f2eef,Tennessee Titans @ New York Giants,Cam Skattebo,betonlineag,BetOnline.ag,rush_yds,Rushing yards,under,57.5,-111,40.9122937758,0.5647668394,0.0,0.5260663507,0.4948402543,0.5050233081,57.5,5,387.0048866734,7.3565793773,Calibration fitted; not prospectively validated,2026-09-26T13:04:59Z,2026-09-27T17:00:00Z,Sun 1:00 PM ET,New York Giants,Tennessee Titans,2026_03_TEN_NYG,60.0,graded,loss,-1.0
2e523fcb0497aa689473e290eb2b97de,Las Vegas Raiders @ New Orleans Saints,Tre Tucker,fanduel,FanDuel,receptions,Receptions,under,3.5,-102,3.1400997454,0.5420560748,0.0,0.504950495,0.471842317,0.5,3.5,5,371.0557971685,7.3483599047,Calibration fitted; not prospectively validated,2026-09-26T13:05:33Z,2026-09-27T20:25:00Z,Sun 4:25 PM ET,New Orleans Saints,Las Vegas Raiders,2026_03_LV_NO,4.0,graded,loss,-1.0
84cfca14efc21363fd605508404cf1ff,Baltimore Ravens @ Dallas Cowboys,Mark Andrews,fanduel,FanDuel,receptions,Receptions,over,4.5,134,4.1592102788,0.4579439252,0.0,0.4273504274,0.3993154592,0.415475269,4.5,3,305.9349788322,7.1588785047,Calibration fitted; not prospectively validated,2026-09-26T13:05:35Z,2026-09-27T20:25:00Z,Sun 4:25 PM ET,Dallas Cowboys,Baltimore Ravens,2026_03_BAL_DAL,3.0,graded,loss,-1.0
3bfd8bfb4b8e9a365a0877879b73b16b,Los Angeles Rams @ Denver Broncos,RJ Harvey,fanduel,FanDuel,receptions,Receptions,over,2.5,-102,2.6343276098,0.5408805031,0.0,0.504950495,0.471842317,0.471842317,2.5,1,359.3000809515,7.1155506228,Calibration fitted; not prospectively validated,2026-09-26T13:05:54Z,2026-09-28T00:20:00Z,Sun 8:20 PM ET,Denver Broncos,Los Angeles Rams,2026_03_LA_DEN,6.0,graded,win,0.9803921568627451
9d2b09e0f9b6dd5ce0d985894f4f98fa,Arizona Cardinals @ San Francisco 49ers,Christian McCaffrey,fanduel,FanDuel,receptions,Receptions,under,4.5,-102,4.2906762195,0.5408805031,0.0,0.504950495,0.471842317,0.4909529554,4.5,5,359.3000809515,7.1155506228,Calibration fitted; not prospectively validated,2026-09-26T13:05:51Z,2026-09-27T20:05:00Z,Sun 4:05 PM ET,San Francisco 49ers,Arizona Cardinals,2026_03_ARI_SF,4.0,graded,win,0.9803921568627451
71123be049587b6facce3a20c53e5d09,Cincinnati Bengals @ Pittsburgh Steelers,Jaylen Warren,betmgm,BetMGM,rush_attempts,Rushing attempts,under,15.5,-125,9.9416111486,0.5945945946,0.0,0.5555555556,0.5203045685,0.5229575621,15.5,4,390.3903903904,7.027027027,Calibration fitted; not prospectively validated,2026-09-26T13:04:56Z,2026-09-27T17:00:00Z,Sun 1:00 PM ET,Pittsburgh Steelers,Cincinnati Bengals,2026_03_CIN_PIT,17.0,graded,loss,-1.0
613b8cd3a5fab58f7be4e3fd6f76223e,Carolina Panthers @ Cleveland Browns,Quinshon Judkins,betmgm,BetMGM,rush_attempts,Rushing attempts,under,16.5,-125,11.2617417982,0.5945945946,0.0,0.5555555556,0.5203045685,0.5259594617,16.5,3,390.3903903904,7.027027027,Calibration fitted; not prospectively validated,2026-09-26T13:04:55Z,2026-09-27T17:00:00Z,Sun 1:00 PM ET,Cleveland Browns,Carolina Panthers,2026_03_CAR_CLE,18.0,graded,loss,-1.0
07f552badfa8a565d1be22123713e4da,New York Jets @ Detroit Lions,Sam LaPorta,betonlineag,BetOnline.ag,receptions,Receptions,over,4.5,-105,5.2042773483,0.5475728155,0.0,0.512195122,0.4814929056,0.5,4.5,6,353.7769358276,6.907073509,Calibration fitted; not prospectively validated,2026-09-26T13:05:06Z,2026-09-27T17:00:00Z,Sun 1:00 PM ET,Detroit Lions,New York Jets,2026_03_NYJ_DET,3.0,graded,loss,-1.0
555afd4a27aaa392662881cffa8f2eef,Tennessee Titans @ New York Giants,Jameis Winston,betrivers,BetRivers,rush_yds,Rushing yards,over,5.5,-112,13.860067144,0.5647668394,0.0,0.5283018868,0.4920127796,0.5041017227,5.5,4,364.6495258579,6.9022945966,Calibration fitted; not prospectively validated,2026-09-26T13:05:13Z,2026-09-27T17:00:00Z,Sun 1:00 PM ET,New York Giants,Tennessee Titans,2026_03_TEN_NYG,14.0,graded,win,0.8928571428571429
71123be049587b6facce3a20c53e5d09,Cincinnati Bengals @ Pittsburgh Steelers,Aaron Rodgers,draftkings,DraftKings,rush_yds,Rushing yards,over,0.5,-112,10.8797134954,0.5647668394,0.0,0.5283018868,0.5,0.5,0.5,3,364.6495258579,6.9022945966,Calibration fitted; not prospectively validated,2026-09-26T13:05:14Z,2026-09-27T17:00:00Z,Sun 1:00 PM ET,Pittsburgh Steelers,Cincinnati Bengals,2026_03_CIN_PIT,10.0,graded,win,0.8928571428571429
07f552badfa8a565d1be22123713e4da,New York Jets @ Detroit Lions,Geno Smith,draftkings,DraftKings,rush_yds,Rushing yards,over,11.5,-112,18.1441940565,0.5647668394,0.0,0.5283018868,0.5,0.5,11.5,5,364.6495258579,6.9022945966,Calibration fitted; not prospectively validated,2026-09-26T13:05:32Z,2026-09-27T17:00:00Z,Sun 1:00 PM ET,Detroit Lions,New York Jets,2026_03_NYJ_DET,12.0,graded,win,0.8928571428571429
3bfd8bfb4b8e9a365a0877879b73b16b,Los Angeles Rams @ Denver Broncos,Kyren Williams,draftkings,DraftKings,rush_yds,Rushing yards,over,52.5,-112,68.0244457294,0.5647668394,0.0,0.5283018868,0.5,0.5,52.5,4,364.6495258579,6.9022945966,Calibration fitted; not prospectively validated,2026-09-26T13:05:32Z,2026-09-28T00:20:00Z,Sun 8:20 PM ET,Denver Broncos,Los Angeles Rams,2026_03_LA_DEN,88.0,graded,win,0.8928571428571429
2e523fcb0497aa689473e290eb2b97de,Las Vegas Raiders @ New Orleans Saints,Ashton Jeanty,draftkings,DraftKings,rush_yds,Rushing yards,under,69.5,-112,50.2056087813,0.5647668394,0.0,0.5283018868,0.5,0.5,69.5,5,364.6495258579,6.9022945966,Calibration fitted; not prospectively validated,2026-09-26T13:04:56Z,2026-09-27T20:25:00Z,Sun 4:25 PM ET,New Orleans Saints,Las Vegas Raiders,2026_03_LV_NO,56.0,graded,win,0.8928571428571429
17a730b7d399feeab6a78c30767c29d2,Houston Texans @ Indianapolis Colts,Woody Marks,draftkings,DraftKings,receptions,Receptions,under,1.5,136,2.8783944383,0.4524271845,0.0,0.4237288136,0.4002103295,0.4282584158,1.5,5,286.983709067,6.772815534,Calibration fitted; not prospectively validated,2026-09-26T13:05:33Z,2026-09-27T17:00:00Z,Sun 1:00 PM ET,Indianapolis Colts,Houston Texans,2026_03_HOU_IND,1.0,graded,win,1.36
1f3cfd315a24d1a7dd5859a8e6b88e18,New England Patriots @ Jacksonville Jaguars,Brenton Strange,draftkings,DraftKings,receptions,Receptions,over,3.5,136,2.9913372815,0.4524271845,0.0,0.4237288136,0.4002103295,0.3992516797,2.5,2,286.983709067,6.772815534,Calibration fitted; not prospectively validated,2026-09-26T13:05:48Z,2026-09-27T17:00:00Z,Sun 1:00 PM ET,Jacksonville Jaguars,New England Patriots,2026_03_NE_JAX,3.0,graded,loss,-1.0
1f3cfd315a24d1a7dd5859a8e6b88e18,New England Patriots @ Jacksonville Jaguars,Bhayshul Tuten,betrivers,BetRivers,rush_yds,Rushing yards,under,53.5,-113,40.4920674897,0.5647668394,0.0,0.5305164319,0.4949766919,0.5,53.0,3,342.5040745336,6.4560502545,Calibration fitted; not prospectively validated,2026-09-26T13:05:13Z,2026-09-27T17:00:00Z,Sun 1:00 PM ET,Jacksonville Jaguars,New England Patriots,2026_03_NE_JAX,73.0,graded,loss,-1.0
71123be049587b6facce3a20c53e5d09,Cincinnati Bengals @ Pittsburgh Steelers,Jaylen Warren,draftkings,DraftKings,rush_yds,Rushing yards,under,56.5,-113,42.911954722,0.5647668394,0.0,0.5305164319,0.5021058838,0.5010529419,57.0,2,342.5040745336,6.4560502545,Calibration fitted; not prospectively validated,2026-09-26T13:05:14Z,2026-09-27T17:00:00Z,Sun 1:00 PM ET,Pittsburgh Steelers,Cincinnati Bengals,2026_03_CIN_PIT,127.0,graded,loss,-1.0
17a730b7d399feeab6a78c30767c29d2,Houston Texans @ Indianapolis Colts,Keenan Allen,draftkings,DraftKings,receptions,Receptions,over,3.5,-106,3.9265633734,0.5475728155,0.0,0.5145631068,0.4854288093,0.4898785425,3.5,5,330.0970873786,6.4150943396,Calibration fitted; not prospectively validated,2026-09-26T13:05:33Z,2026-09-27T17:00:00Z,Sun 1:00 PM ET,Indianapolis Colts,Houston Texans,2026_03_HOU_IND,6.0,graded,win,0.9433962264150944
0339a0e41bcee12820eb3e64bb5fadb4,Kansas City Chiefs @ Miami Dolphins,De'Von Achane,fanduel,FanDuel,receptions,Receptions,under,3.5,-106,2.5704910079,0.5475728155,0.0,0.5145631068,0.4835607431,0.4886978532,3.5,4,330.0970873786,6.4150943396,Calibration fitted; not prospectively validated,2026-09-26T13:05:18Z,2026-09-27T17:00:00Z,Sun 1:00 PM ET,Miami Dolphins,Kansas City Chiefs,2026_03_KC_MIA,0.0,graded,win,0.9433962264150944
9d2b09e0f9b6dd5ce0d985894f4f98fa,Arizona Cardinals @ San Francisco 49ers,Jacoby Brissett,draftkings,DraftKings,pass_completions,Passing completions,under,21.5,-104,16.8523226668,0.5416666667,0.0,0.5098039216,0.4803247453,0.4819427442,21.5,4,318.6274509804,6.25,Calibration fitted; not prospectively validated,2026-09-26T13:05:31Z,2026-09-27T20:05:00Z,Sun 4:05 PM ET,San Francisco 49ers,Arizona Cardinals,2026_03_ARI_SF,38.0,graded,loss,-1.0
2a529c108305ffa049d8b6cfdbaa4d36,Seattle Seahawks @ Washington Commanders,AJ Barner,fanduel,FanDuel,receptions,Receptions,under,2.5,-104,2.4230604985,0.5408805031,0.0,0.5098039216,0.4759152216,0.5,2.5,5,310.7658157603,6.0957910015,Calibration fitted; not prospectively validated,2026-09-26T13:05:33Z,2026-09-27T17:00:00Z,Sun 1:00 PM ET,Washington Commanders,Seattle Seahawks,2026_03_SEA_WAS,5.0,graded,loss,-1.0
2e523fcb0497aa689473e290eb2b97de,Las Vegas Raiders @ New Orleans Saints,Alvin Kamara,betonlineag,BetOnline.ag,rush_yds,Rushing yards,over,27.5,-114,43.9990473864,0.5647668394,0.0,0.5327102804,0.5,0.5,27.5,5,320.5655900441,6.0176347605,Calibration fitted; not prospectively validated,2026-09-26T13:04:57Z,2026-09-27T20:25:00Z,Sun 4:25 PM ET,New Orleans Saints,Las Vegas Raiders,2026_03_LV_NO,36.0,graded,win,0.8771929824561403
613b8cd3a5fab58f7be4e3fd6f76223e,Carolina Panthers @ Cleveland Browns,Raheim Sanders,betrivers,BetRivers,rush_yds,Rushing yards,over,7.5,-114,19.748294167,0.5647668394,0.0,0.5327102804,0.4969864995,0.5051597457,7.5,5,320.5655900441,6.0176347605,Calibration fitted; not prospectively validated,2026-09-26T13:04:56Z,2026-09-27T17:00:00Z,Sun 1:00 PM ET,Cleveland Browns,Carolina Panthers,2026_03_CAR_CLE,17.0,graded,win,0.8771929824561403
b225458a282e140c44c45651255f2f6c,Los Angeles Chargers @ Buffalo Bills,Keaton Mitchell,betrivers,BetRivers,rush_yds,Rushing yards,over,14.5,-114,24.7479658111,0.5647668394,0.0,0.5327102804,0.4989820847,0.5,14.5,3,320.5655900441,6.0176347605,Calibration fitted; not prospectively validated,2026-09-26T13:05:47Z,2026-09-27T17:00:00Z,Sun 1:00 PM ET,Buffalo Bills,Los Angeles Chargers,2026_03_LAC_BUF,52.0,graded,win,0.8771929824561403
0339a0e41bcee12820eb3e64bb5fadb4,Kansas City Chiefs @ Miami Dolphins,Ollie Gordon,fanduel,FanDuel,rush_yds,Rushing yards,over,8.5,-114,20.1670074863,0.5647668394,0.0,0.5327102804,0.5,0.5067943031,8.5,4,320.5655900441,6.0176347605,Calibration fitted; not prospectively validated,2026-09-26T13:05:18Z,2026-09-27T17:00:00Z,Sun 1:00 PM ET,Miami Dolphins,Kansas City Chiefs,2026_03_KC_MIA,41.0,graded,win,0.8771929824561403
0339a0e41bcee12820eb3e64bb5fadb4,Kansas City Chiefs @ Miami Dolphins,Patrick Mahomes,fanduel,FanDuel,rush_yds,Rushing yards,over,16.5,-114,25.9398931042,0.5647668394,0.0,0.5327102804,0.5,0.5050233081,16.5,3,320.5655900441,6.0176347605,Calibration fitted; not prospectively validated,2026-09-26T13:05:18Z,2026-09-27T17:00:00Z,Sun 1:00 PM ET,Miami Dolphins,Kansas City Chiefs,2026_03_KC_MIA,1.0,graded,loss,-1.0
3bfd8bfb4b8e9a365a0877879b73b16b,Los Angeles Rams @ Denver Broncos,RJ Harvey,fanduel,FanDuel,rush_yds,Rushing yards,over,19.5,-114,34.4300118377,0.5647668394,0.0,0.5327102804,0.5,0.5051597457,19.5,5,320.5655900441,6.0176347605,Calibration fitted; not prospectively validated,2026-09-26T13:05:54Z,2026-09-28T00:20:00Z,Sun 8:20 PM ET,Denver Broncos,Los Angeles Rams,2026_03_LA_DEN,6.0,graded,loss,-1.0
613b8cd3a5fab58f7be4e3fd6f76223e,Carolina Panthers @ Cleveland Browns,Quinshon Judkins,fanduel,FanDuel,rush_yds,Rushing yards,under,59.5,-114,37.9777528652,0.5647668394,0.0,0.5327102804,0.5,0.5051290468,61.0,2,320.5655900441,6.0176347605,Calibration fitted; not prospectively validated,2026-09-26T13:05:52Z,2026-09-27T17:00:00Z,Sun 1:00 PM ET,Cleveland Browns,Carolina Panthers,2026_03_CAR_CLE,70.0,graded,loss,-1.0
84cfca14efc21363fd605508404cf1ff,Baltimore Ravens @ Dallas Cowboys,Dak Prescott,draftkings,DraftKings,rush_attempts,Rushing attempts,over,3.5,109,4.8743147458,0.506993007,0.0,0.4784688995,0.451360692,0.451360692,3.5,1,285.2410747148,5.9615384615,Calibration fitted; not prospectively validated,2026-09-26T13:05:15Z,2026-09-27T20:25:00Z,Sun 4:25 PM ET,Dallas Cowboys,Baltimore Ravens,2026_03_BAL_DAL,4.0,graded,win,1.09
0339a0e41bcee12820eb3e64bb5fadb4,Kansas City Chiefs @ Miami Dolphins,Malik Washington,bovada,Bovada,receptions,Receptions,under,3.5,-105,3.1316861427,0.5420560748,0.0,0.512195122,0.4796954315,0.4855107669,3.5,4,298.6095281514,5.8299955496,Calibration fitted; not prospectively validated,2026-09-26T13:04:27Z,2026-09-27T17:00:00Z,Sun 1:00 PM ET,Miami Dolphins,Kansas City Chiefs,2026_03_KC_MIA,5.0,graded,loss,-1.0
0339a0e41bcee12820eb3e64bb5fadb4,Kansas City Chiefs @ Miami Dolphins,Malik Willis,bovada,Bovada,pass_completions,Passing completions,under,16.5,-105,13.2095485154,0.5416666667,0.0,0.512195122,0.4796954315,0.4824089404,16.5,3,294.7154471545,5.753968254,Calibration fitted; not prospectively validated,2026-09-26T13:04:27Z,2026-09-27T17:00:00Z,Sun 1:00 PM ET,Miami Dolphins,Kansas City Chiefs,2026_03_KC_MIA,20.0,graded,loss,-1.0
84cfca14efc21363fd605508404cf1ff,Baltimore Ravens @ Dallas Cowboys,CeeDee Lamb,betmgm,BetMGM,receptions,Receptions,over,6.5,-105,6.7356080734,0.5408805031,0.0,0.512195122,0.4796954315,0.5,6.5,5,286.8538119343,5.6004791854,Calibration fitted; not prospectively validated,2026-09-26T13:04:55Z,2026-09-27T20:25:00Z,Sun 4:25 PM ET,Dallas Cowboys,Baltimore Ravens,2026_03_BAL_DAL,7.0,graded,win,0.9523809523809523
2a529c108305ffa049d8b6cfdbaa4d36,Seattle Seahawks @ Washington Commanders,Jaxon Smith-Njigba,betmgm,BetMGM,receptions,Receptions,under,6.5,-105,6.2523161273,0.5408805031,0.0,0.512195122,0.4796954315,0.5,6.5,6,286.8538119343,5.6004791854,Calibration fitted; not prospectively validated,2026-09-26T13:05:30Z,2026-09-27T17:00:00Z,Sun 1:00 PM ET,Washington Commanders,Seattle Seahawks,2026_03_SEA_WAS,10.0,graded,loss,-1.0
84cfca14efc21363fd605508404cf1ff,Baltimore Ravens @ Dallas Cowboys,Ryan Flournoy,bovada,Bovada,receptions,Receptions,over,3.5,130,3.2463157553,0.4591194969,0.0,0.4347826087,0.4084720121,0.4248366013,3.5,5,243.3688815969,5.5974842767,Calibration fitted; not prospectively validated,2026-09-26T13:01:56Z,2026-09-27T20:25:00Z,Sun 4:25 PM ET,Dallas Cowboys,Baltimore Ravens,2026_03_BAL_DAL,2.0,graded,loss,-1.0
07f552badfa8a565d1be22123713e4da,New York Jets @ Detroit Lions,Geno Smith,draftkings,DraftKings,pass_completions,Passing completions,over,21.5,-106,25.923360076,0.5416666667,0.0,0.5145631068,0.4854288093,0.4876536759,20.5,2,271.0355987055,5.2672955975,Calibration fitted; not prospectively validated,2026-09-26T13:05:32Z,2026-09-27T17:00:00Z,Sun 1:00 PM ET,Detroit Lions,New York Jets,2026_03_NYJ_DET,31.0,graded,win,0.9433962264150944
555afd4a27aaa392662881cffa8f2eef,Tennessee Titans @ New York Giants,Jameis Winston,betmgm,BetMGM,pass_attempts,Passing attempts,under,30.5,-115,26.3469956008,0.5625,0.0,0.5348837209,0.5,0.5210344665,30.5,4,276.1627906977,5.1630434783,Calibration fitted; not prospectively validated,2026-09-26T13:03:50Z,2026-09-27T17:00:00Z,Sun 1:00 PM ET,New York Giants,Tennessee Titans,2026_03_TEN_NYG,22.0,graded,win,0.8695652173913043
07f552badfa8a565d1be22123713e4da,New York Jets @ Detroit Lions,Kenyon Sadiq,betonlineag,BetOnline.ag,receptions,Receptions,under,2.5,132,3.2320727607,0.4524271845,0.0,0.4310344828,0.4053409633,0.4109219551,2.5,4,213.927017074,4.9631067961,Calibration fitted; not prospectively validated,2026-09-26T13:05:06Z,2026-09-27T17:00:00Z,Sun 1:00 PM ET,Detroit Lions,New York Jets,2026_03_NYJ_DET,7.0,graded,loss,-1.0
f1724dead3eab61546033032fc782375,Minnesota Vikings @ Tampa Bay Buccaneers,T.J. Hockenson,betrivers,BetRivers,receptions,Receptions,over,3.5,-107,3.7986158487,0.5420560748,0.0,0.5169082126,,0.4969655284,3.5,6,251.4786220597,4.8650537165,Calibration fitted; not prospectively validated,2026-09-26T13:05:47Z,2026-09-27T20:05:00Z,Sun 4:05 PM ET,Tampa Bay Buccaneers,Minnesota Vikings,2026_03_MIN_TB,2.0,graded,loss,-1.0
1f3cfd315a24d1a7dd5859a8e6b88e18,New England Patriots @ Jacksonville Jaguars,TreVeyon Henderson,betmgm,BetMGM,receptions,Receptions,under,1.5,-110,1.1078234081,0.5475728155,0.0,0.5238095238,0.4898785425,0.5,1.5,5,237.6329172446,4.5366284201,Calibration fitted; not prospectively validated,2026-09-26T13:04:58Z,2026-09-27T17:00:00Z,Sun 1:00 PM ET,Jacksonville Jaguars,New England Patriots,2026_03_NE_JAX,1.0,graded,win,0.9090909090909091
2a529c108305ffa049d8b6cfdbaa4d36,Seattle Seahawks @ Washington Commanders,Antonio Williams,draftkings,DraftKings,receptions,Receptions,under,1.5,131,2.4452832217,0.4524271845,0.0,0.4329004329,0.4090261501,0.4130293174,1.5,4,195.2675156559,4.5106796117,Calibration fitted; not prospectively validated,2026-09-26T13:05:31Z,2026-09-27T17:00:00Z,Sun 1:00 PM ET,Washington Commanders,Seattle Seahawks,2026_03_SEA_WAS,2.0,graded,loss,-1.0
07f552badfa8a565d1be22123713e4da,New York Jets @ Detroit Lions,Breece Hall,betonlineag,BetOnline.ag,rush_attempts,Rushing attempts,under,14.5,106,14.0897557733,0.506993007,0.0,0.4854368932,0.4564539116,0.4876536759,14.5,4,215.5611378912,4.4405594406,Calibration fitted; not prospectively validated,2026-09-26T13:05:06Z,2026-09-27T17:00:00Z,Sun 1:00 PM ET,Detroit Lions,New York Jets,2026_03_NYJ_DET,13.0,graded,win,1.06
17a730b7d399feeab6a78c30767c29d2,Houston Texans @ Indianapolis Colts,Jonathan Taylor,draftkings,DraftKings,receptions,Receptions,over,3.5,127,3.3767007035,0.4591194969,0.0,0.4405286344,0.415475269,0.4248058527,3.5,4,185.9086249411,4.2201257862,Calibration fitted; not prospectively validated,2026-09-26T13:05:33Z,2026-09-27T17:00:00Z,Sun 1:00 PM ET,Indianapolis Colts,Houston Texans,2026_03_HOU_IND,2.0,graded,loss,-1.0
47dc7baa254659f3beb2ed2b38c207b6,Philadelphia Eagles @ Chicago Bears,DeVonta Smith,betonlineag,BetOnline.ag,receptions,Receptions,under,5.5,-108,5.3737076417,0.5408805031,0.0,0.5192307692,0.4876847291,0.5101214575,5.5,5,216.4973391388,4.1695783834,Calibration fitted; not prospectively validated,2026-09-26T13:05:52Z,2026-09-29T00:15:00Z,Mon 8:15 PM ET,Chicago Bears,Philadelphia Eagles,2026_03_PHI_CHI,6.0,graded,loss,-1.0
f1724dead3eab61546033032fc782375,Minnesota Vikings @ Tampa Bay Buccaneers,Emeka Egbuka,betmgm,BetMGM,receptions,Receptions,over,4.5,130,3.6799924533,0.4524271845,0.0,0.4347826087,0.405904059,0.4111585042,4.5,4,176.4457577037,4.0582524272,Calibration fitted; not prospectively validated,2026-09-26T13:05:09Z,2026-09-27T20:05:00Z,Sun 4:05 PM ET,Tampa Bay Buccaneers,Minnesota Vikings,2026_03_MIN_TB,5.0,graded,win,1.3
613b8cd3a5fab58f7be4e3fd6f76223e,Carolina Panthers @ Cleveland Browns,Jalen Coker,betonlineag,BetOnline.ag,receptions,Receptions,over,5.5,130,4.9464224431,0.4524271845,0.0,0.4347826087,0.4090010643,0.4077043293,4.5,2,176.4457577037,4.0582524272,Calibration fitted; not prospectively validated,2026-09-26T13:05:34Z,2026-09-27T17:00:00Z,Sun 1:00 PM ET,Cleveland Browns,Carolina Panthers,2026_03_CAR_CLE,2.0,graded,loss,-1.0
84cfca14efc21363fd605508404cf1ff,Baltimore Ravens @ Dallas Cowboys,Justice Hill,bovada,Bovada,receptions,Receptions,over,2.5,130,1.9213102115,0.4524271845,0.0,0.4347826087,0.4084720121,0.409546287,2.5,2,176.4457577037,4.0582524272,Calibration fitted; not prospectively validated,2026-09-26T13:01:56Z,2026-09-27T20:25:00Z,Sun 4:25 PM ET,Dallas Cowboys,Baltimore Ravens,2026_03_BAL_DAL,0.0,graded,loss,-1.0
2e523fcb0497aa689473e290eb2b97de,Las Vegas Raiders @ New Orleans Saints,Devaughn Vele,bovada,Bovada,receptions,Receptions,over,4.5,130,3.9765331068,0.4524271845,0.0,0.4347826087,0.4084720121,0.4154387404,4.5,4,176.4457577037,4.0582524272,Calibration fitted; not prospectively validated,2026-09-26T13:04:43Z,2026-09-27T20:25:00Z,Sun 4:25 PM ET,New Orleans Saints,Las Vegas Raiders,2026_03_LV_NO,3.0,graded,loss,-1.0
2e523fcb0497aa689473e290eb2b97de,Las Vegas Raiders @ New Orleans Saints,Tyler Shough,fanduel,FanDuel,pass_tds,Passing touchdowns,over,1.5,108,2.12,0.5,0.0,0.4807692308,0.4489255225,0.4620082487,1.5,7,192.3076923077,4.0,Calibration fitted; not prospectively validated,2026-09-26T13:05:33Z,2026-09-27T20:25:00Z,Sun 4:25 PM ET,New Orleans Saints,Las Vegas Raiders,2026_03_LV_NO,4.0,graded,win,1.08
3bfd8bfb4b8e9a365a0877879b73b16b,Los Angeles Rams @ Denver Broncos,Kyren Williams,betmgm,BetMGM,rush_attempts,Rushing attempts,over,12.5,105,13.5976373379,0.506993007,0.0,0.487804878,0.4554079696,0.4698318497,12.5,3,191.8812894423,3.9335664336,Calibration fitted; not prospectively validated,2026-09-26T13:04:55Z,2026-09-28T00:20:00Z,Sun 8:20 PM ET,Denver Broncos,Los Angeles Rams,2026_03_LA_DEN,15.0,graded,win,1.05
07f552badfa8a565d1be22123713e4da,New York Jets @ Detroit Lions,Isaiah Williams,betrivers,BetRivers,receptions,Receptions,over,2.5,-112,3.946625779,0.5475728155,0.0,0.5283018868,,0.5163099197,2.5,4,192.7092874153,3.6477115118,Calibration fitted; not prospectively validated,2026-09-26T13:05:13Z,2026-09-27T17:00:00Z,Sun 1:00 PM ET,Detroit Lions,New York Jets,2026_03_NYJ_DET,1.0,graded,loss,-1.0
3bfd8bfb4b8e9a365a0877879b73b16b,Los Angeles Rams @ Denver Broncos,Evan Engram,fanduel,FanDuel,receptions,Receptions,over,2.5,-112,3.8067072374,0.5475728155,0.0,0.5283018868,0.4939310568,0.5101214575,2.5,5,192.7092874153,3.6477115118,Calibration fitted; not prospectively validated,2026-09-26T13:05:54Z,2026-09-28T00:20:00Z,Sun 8:20 PM ET,Denver Broncos,Los Angeles Rams,2026_03_LA_DEN,0.0,graded,loss,-1.0
3bfd8bfb4b8e9a365a0877879b73b16b,Los Angeles Rams @ Denver Broncos,Pat Bryant,fanduel,FanDuel,receptions,Receptions,under,2.5,-112,1.689437291,0.5475728155,0.0,0.5283018868,0.4939310568,0.506234414,2.5,5,192.7092874153,3.6477115118,Calibration fitted; not prospectively validated,2026-09-26T13:05:54Z,2026-09-28T00:20:00Z,Sun 8:20 PM ET,Denver Broncos,Los Angeles Rams,2026_03_LA_DEN,2.0,graded,win,0.8928571428571429
2a529c108305ffa049d8b6cfdbaa4d36,Seattle Seahawks @ Washington Commanders,Sam Darnold,betmgm,BetMGM,pass_completions,Passing completions,under,18.5,-110,11.3456797036,0.5428571429,0.0,0.5238095238,0.4898785425,0.4898785425,19.5,1,190.4761904762,3.6363636364,Calibration fitted; not prospectively validated,2026-09-26T13:05:30Z,2026-09-27T17:00:00Z,Sun 1:00 PM ET,Washington Commanders,Seattle Seahawks,2026_03_SEA_WAS,31.0,graded,loss,-1.0
555afd4a27aaa392662881cffa8f2eef,Tennessee Titans @ New York Giants,Gunnar Helm,bovada,Bovada,receptions,Receptions,over,2.5,-110,2.9390559663,0.5420560748,0.0,0.5238095238,0.4898785425,0.5145711907,2.5,5,182.4655095683,3.4834324554,Calibration fitted; not prospectively validated,2026-09-26T13:04:27Z,2026-09-27T17:00:00Z,Sun 1:00 PM ET,New York Giants,Tennessee Titans,2026_03_TEN_NYG,2.0,graded,loss,-1.0
71123be049587b6facce3a20c53e5d09,Cincinnati Bengals @ Pittsburgh Steelers,Tee Higgins,draftkings,DraftKings,receptions,Receptions,under,4.5,-127,3.2284027198,0.5789473684,0.0,0.5594713656,0.5280665281,0.5457986374,4.5,5,194.7600278229,3.4811438044,Calibration fitted; not prospectively validated,2026-09-26T13:05:14Z,2026-09-27T17:00:00Z,Sun 1:00 PM ET,Pittsburgh Steelers,Cincinnati Bengals,2026_03_CIN_PIT,6.0,graded,loss,-1.0
71123be049587b6facce3a20c53e5d09,Cincinnati Bengals @ Pittsburgh Steelers,Joe Burrow,betmgm,BetMGM,pass_completions,Passing completions,under,23.5,-110,20.2902370635,0.5416666667,0.0,0.5238095238,0.4898785425,0.5289256198,23.5,5,178.5714285714,3.4090909091,Calibration fitted; not prospectively validated,2026-09-26T13:04:56Z,2026-09-27T17:00:00Z,Sun 1:00 PM ET,Pittsburgh Steelers,Cincinnati Bengals,2026_03_CIN_PIT,28.0,graded,loss,-1.0
17a730b7d399feeab6a78c30767c29d2,Houston Texans @ Indianapolis Colts,C.J. Stroud,betmgm,BetMGM,pass_completions,Passing completions,over,20.5,-111,24.6743419116,0.5426988864,0.0,0.5260663507,0.4909529554,0.5102580936,20.5,5,166.3253570561,3.1616802107,Calibration fitted; not prospectively validated,2026-09-26T13:05:46Z,2026-09-27T17:00:00Z,Sun 1:00 PM ET,Indianapolis Colts,Houston Texans,2026_03_HOU_IND,16.0,graded,loss,-1.0
1f3cfd315a24d1a7dd5859a8e6b88e18,New England Patriots @ Jacksonville Jaguars,Mack Hollins,betonlineag,BetOnline.ag,receptions,Receptions,under,2.5,128,3.2827472387,0.4524271845,0.0,0.4385964912,0.4121896999,0.416502947,2.5,5,138.3069323795,3.1533980583,Calibration fitted; not prospectively validated,2026-09-26T13:05:32Z,2026-09-27T17:00:00Z,Sun 1:00 PM ET,Jacksonville Jaguars,New England Patriots,2026_03_NE_JAX,6.0,graded,loss,-1.0
47dc7baa254659f3beb2ed2b38c207b6,Philadelphia Eagles @ Chicago Bears,D'Andre Swift,draftkings,DraftKings,receptions,Receptions,over,1.5,-128,3.3716836505,0.5789473684,0.0,0.5614035088,0.5289256198,0.5397689509,1.5,4,175.4385964912,3.125,Calibration fitted; not prospectively validated,2026-09-26T13:05:13Z,2026-09-29T00:15:00Z,Mon 8:15 PM ET,Chicago Bears,Philadelphia Eagles,2026_03_PHI_CHI,2.0,graded,win,0.78125
47dc7baa254659f3beb2ed2b38c207b6,Philadelphia Eagles @ Chicago Bears,Jalen Hurts,fanatics,Fanatics,pass_attempts,Passing attempts,over,27.5,-120,30.5679530643,0.5625,0.0,0.5454545455,0.5101214575,0.5175851448,27.5,4,170.4545454545,3.125,Calibration fitted; not prospectively validated,2026-09-26T13:05:22Z,2026-09-29T00:15:00Z,Mon 8:15 PM ET,Chicago Bears,Philadelphia Eagles,2026_03_PHI_CHI,25.0,graded,loss,-1.0
0339a0e41bcee12820eb3e64bb5fadb4,Kansas City Chiefs @ Miami Dolphins,Rashee Rice,betrivers,BetRivers,receptions,Receptions,over,4.5,125,4.0541960749,0.4579439252,0.0,0.4444444444,,0.4336970517,4.5,4,134.994807892,3.0373831776,Calibration fitted; not prospectively validated,2026-09-26T13:05:14Z,2026-09-27T17:00:00Z,Sun 1:00 PM ET,Miami Dolphins,Kansas City Chiefs,2026_03_KC_MIA,7.0,graded,win,1.25
555afd4a27aaa392662881cffa8f2eef,Tennessee Titans @ New York Giants,Malik Nabers,fanduel,FanDuel,receptions,Receptions,under,4.5,-114,3.1974076068,0.5475728155,0.0,0.5327102804,0.5,0.5203045685,4.5,5,148.6253516015,2.7899846704,Calibration fitted; not prospectively validated,2026-09-26T13:05:52Z,2026-09-27T17:00:00Z,Sun 1:00 PM ET,New York Giants,Tennessee Titans,2026_03_TEN_NYG,5.0,graded,loss,-1.0
2e523fcb0497aa689473e290eb2b97de,Las Vegas Raiders @ New Orleans Saints,Travis Etienne,betrivers,BetRivers,receptions,Receptions,over,1.5,-129,3.1115580328,0.5789473684,0.0,0.5633187773,,0.5310164042,1.5,3,156.2859112848,2.774377805,Calibration fitted; not prospectively validated,2026-09-26T13:04:56Z,2026-09-27T20:25:00Z,Sun 4:25 PM ET,New Orleans Saints,Las Vegas Raiders,2026_03_LV_NO,2.0,graded,win,0.7751937984496124
84cfca14efc21363fd605508404cf1ff,Baltimore Ravens @ Dallas Cowboys,Dak Prescott,betmgm,BetMGM,pass_tds,Passing touchdowns,under,1.5,120,3.18,0.4666666667,0.0,0.4545454545,0.4248366013,0.4366812227,1.5,7,121.2121212121,2.6666666667,Calibration fitted; not prospectively validated,2026-09-26T13:04:55Z,2026-09-27T20:25:00Z,Sun 4:25 PM ET,Dallas Cowboys,Baltimore Ravens,2026_03_BAL_DAL,1.0,graded,win,1.2
47dc7baa254659f3beb2ed2b38c207b6,Philadelphia Eagles @ Chicago Bears,Makai Lemon,draftkings,DraftKings,receptions,Receptions,over,2.5,-112,3.1952162093,0.5420560748,0.0,0.5283018868,0.4989542374,0.5,2.5,5,137.541879739,2.6034712951,Calibration fitted; not prospectively validated,2026-09-26T13:05:13Z,2026-09-29T00:15:00Z,Mon 8:15 PM ET,Chicago Bears,Philadelphia Eagles,2026_03_PHI_CHI,3.0,graded,win,0.8928571428571429
f1724dead3eab61546033032fc782375,Minnesota Vikings @ Tampa Bay Buccaneers,Kyler Murray,betonlineag,BetOnline.ag,pass_completions,Passing completions,under,19.5,-112,16.0494750304,0.5416666667,0.0,0.5283018868,0.4969046636,0.5246150942,19.5,4,133.6477987421,2.5297619048,Calibration fitted; not prospectively validated,2026-09-26T13:05:20Z,2026-09-27T20:05:00Z,Sun 4:05 PM ET,Tampa Bay Buccaneers,Minnesota Vikings,2026_03_MIN_TB,15.0,graded,win,0.8928571428571429
555afd4a27aaa392662881cffa8f2eef,Tennessee Titans @ New York Giants,Jameis Winston,draftkings,DraftKings,pass_completions,Passing completions,under,17.5,-112,13.1734978004,0.5416666667,0.0,0.5283018868,0.4979225528,0.5,17.5,3,133.6477987421,2.5297619048,Calibration fitted; not prospectively validated,2026-09-26T13:04:57Z,2026-09-27T17:00:00Z,Sun 1:00 PM ET,New York Giants,Tennessee Titans,2026_03_TEN_NYG,14.0,graded,win,0.8928571428571429
2e523fcb0497aa689473e290eb2b97de,Las Vegas Raiders @ New Orleans Saints,Tyler Shough,betmgm,BetMGM,pass_attempts,Passing attempts,over,34.5,105,31.9088990427,0.5,0.0,0.487804878,0.4554079696,0.4554079696,33.5,1,121.9512195122,2.5,Calibration fitted; not prospectively validated,2026-09-26T13:03:15Z,2026-09-27T20:25:00Z,Sun 4:25 PM ET,New Orleans Saints,Las Vegas Raiders,2026_03_LV_NO,42.0,graded,win,1.05
07f552badfa8a565d1be22123713e4da,New York Jets @ Detroit Lions,Geno Smith,betmgm,BetMGM,pass_yds,Passing yards,under,221.5,105,253.0072338406,0.5,0.0,0.487804878,0.4554079696,0.4554079696,226.5,1,121.9512195122,2.5,Calibration fitted; not prospectively validated,2026-09-26T13:05:29Z,2026-09-27T17:00:00Z,Sun 1:00 PM ET,Detroit Lions,New York Jets,2026_03_NYJ_DET,321.0,graded,loss,-1.0
47dc7baa254659f3beb2ed2b38c207b6,Philadelphia Eagles @ Chicago Bears,Jalen Hurts,betrivers,BetRivers,pass_completions,Passing completions,over,18.5,105,20.2338605148,0.5,0.0,0.487804878,,0.4653465347,17.5,1,121.9512195122,2.5,Calibration fitted; not prospectively validated,2026-09-26T13:05:12Z,2026-09-29T00:15:00Z,Mon 8:15 PM ET,Chicago Bears,Philadelphia Eagles,2026_03_PHI_CHI,16.0,graded,loss,-1.0
1f3cfd315a24d1a7dd5859a8e6b88e18,New England Patriots @ Jacksonville Jaguars,Drake Maye,bovada,Bovada,pass_completions,Passing completions,over,20.5,105,18.1615685485,0.5,0.0,0.487804878,0.4592085979,0.4606084233,19.5,2,121.9512195122,2.5,Calibration fitted; not prospectively validated,2026-09-26T13:05:00Z,2026-09-27T17:00:00Z,Sun 1:00 PM ET,Jacksonville Jaguars,New England Patriots,2026_03_NE_JAX,14.0,graded,loss,-1.0
613b8cd3a5fab58f7be4e3fd6f76223e,Carolina Panthers @ Cleveland Browns,Bryce Young,fanatics,Fanatics,rush_yds,Rushing yards,over,15.5,105,19.0661154912,0.5,0.0,0.487804878,0.4554079696,0.4554079696,14.5,1,121.9512195122,2.5,Calibration fitted; not prospectively validated,2026-09-26T13:04:48Z,2026-09-27T17:00:00Z,Sun 1:00 PM ET,Cleveland Browns,Carolina Panthers,2026_03_CAR_CLE,0.0,graded,loss,-1.0
2a529c108305ffa049d8b6cfdbaa4d36,Seattle Seahawks @ Washington Commanders,Rashid Shaheed,fanatics,Fanatics,recv_yds,Receiving yards,under,25.5,105,28.7220773819,0.5,0.0,0.487804878,0.4554079696,0.4554079696,28.5,1,121.9512195122,2.5,Calibration fitted; not prospectively validated,2026-09-26T13:05:06Z,2026-09-27T17:00:00Z,Sun 1:00 PM ET,Washington Commanders,Seattle Seahawks,2026_03_SEA_WAS,14.0,graded,win,1.05
71123be049587b6facce3a20c53e5d09,Cincinnati Bengals @ Pittsburgh Steelers,Chase Brown,betmgm,BetMGM,receptions,Receptions,under,3.5,-130,2.293715091,0.5789473684,0.0,0.5652173913,0.5246062992,0.533089728,3.5,5,137.299771167,2.4291497976,Calibration fitted; not prospectively validated,2026-09-26T13:04:56Z,2026-09-27T17:00:00Z,Sun 1:00 PM ET,Pittsburgh Steelers,Cincinnati Bengals,2026_03_CIN_PIT,2.0,graded,win,0.7692307692307693
0339a0e41bcee12820eb3e64bb5fadb4,Kansas City Chiefs @ Miami Dolphins,Chris Bell,draftkings,DraftKings,receptions,Receptions,over,1.5,-112,1.6551179982,0.5408805031,0.0,0.5283018868,0.4979225528,0.5,1.5,4,125.786163522,2.380952381,Calibration fitted; not prospectively validated,2026-09-26T13:05:14Z,2026-09-27T17:00:00Z,Sun 1:00 PM ET,Miami Dolphins,Kansas City Chiefs,2026_03_KC_MIA,4.0,graded,win,0.8928571428571429
84cfca14efc21363fd605508404cf1ff,Baltimore Ravens @ Dallas Cowboys,Jake Ferguson,betmgm,BetMGM,receptions,Receptions,over,3.5,-115,4.0953785924,0.5475728155,0.0,0.5348837209,0.5,0.5166631952,3.5,5,126.8909460375,2.3723089911,Calibration fitted; not prospectively validated,2026-09-26T13:04:55Z,2026-09-27T20:25:00Z,Sun 4:25 PM ET,Dallas Cowboys,Baltimore Ravens,2026_03_BAL_DAL,3.0,graded,loss,-1.0
555afd4a27aaa392662881cffa8f2eef,Tennessee Titans @ New York Giants,Carnell Tate,betmgm,BetMGM,receptions,Receptions,under,3.5,-115,2.8375220328,0.5475728155,0.0,0.5348837209,0.5,0.5306122449,3.5,5,126.8909460375,2.3723089911,Calibration fitted; not prospectively validated,2026-09-26T13:03:50Z,2026-09-27T17:00:00Z,Sun 1:00 PM ET,New York Giants,Tennessee Titans,2026_03_TEN_NYG,6.0,graded,loss,-1.0
1f3cfd315a24d1a7dd5859a8e6b88e18,New England Patriots @ Jacksonville Jaguars,Brenton Strange,fanatics,Fanatics,recv_yds,Receiving yards,under,25.5,105,31.9757289714,0.4989858012,0.0,0.487804878,0.4554079696,0.4554079696,27.5,1,111.8092316826,2.2920892495,Calibration fitted; not prospectively validated,2026-09-26T13:05:22Z,2026-09-27T17:00:00Z,Sun 1:00 PM ET,Jacksonville Jaguars,New England Patriots,2026_03_NE_JAX,32.0,graded,loss,-1.0
b225458a282e140c44c45651255f2f6c,Los Angeles Chargers @ Buffalo Bills,Josh Allen,draftkings,DraftKings,rush_attempts,Rushing attempts,under,7.5,108,8.6095013693,0.4915254237,0.0,0.4807692308,0.4540577822,0.4796954315,7.5,3,107.5619295958,2.2372881356,Calibration fitted; not prospectively validated,2026-09-26T13:05:14Z,2026-09-27T17:00:00Z,Sun 1:00 PM ET,Buffalo Bills,Los Angeles Chargers,2026_03_LAC_BUF,8.0,graded,loss,-1.0
0339a0e41bcee12820eb3e64bb5fadb4,Kansas City Chiefs @ Miami Dolphins,Kenneth Walker,draftkings,DraftKings,receptions,Receptions,under,3.5,-131,2.5551886538,0.5789473684,0.0,0.5670995671,0.5351457952,0.5575221239,3.5,5,118.4780132149,2.0891924468,Calibration fitted; not prospectively validated,2026-09-26T13:05:14Z,2026-09-27T17:00:00Z,Sun 1:00 PM ET,Miami Dolphins,Kansas City Chiefs,2026_03_KC_MIA,2.0,graded,win,0.7633587786259542
2a529c108305ffa049d8b6cfdbaa4d36,Seattle Seahawks @ Washington Commanders,Marcus Mariota,betonlineag,BetOnline.ag,pass_completions,Passing completions,over,17.5,104,15.1153455985,0.5,0.0,0.4901960784,0.4604231975,0.4717141467,17.5,4,98.0392156863,2.0,Calibration fitted; not prospectively validated,2026-09-26T13:05:38Z,2026-09-27T17:00:00Z,Sun 1:00 PM ET,Washington Commanders,Seattle Seahawks,2026_03_SEA_WAS,19.0,graded,win,1.04
17a730b7d399feeab6a78c30767c29d2,Houston Texans @ Indianapolis Colts,Kayshon Boutte,betrivers,BetRivers,receptions,Receptions,over,2.5,-113,2.6074615241,0.5408805031,0.0,0.5305164319,,0.5217643645,2.5,5,103.6407121977,1.9535815662,Calibration fitted; not prospectively validated,2026-09-26T13:05:34Z,2026-09-27T17:00:00Z,Sun 1:00 PM ET,Indianapolis Colts,Houston Texans,2026_03_HOU_IND,2.0,graded,loss,-1.0
17a730b7d399feeab6a78c30767c29d2,Houston Texans @ Indianapolis Colts,Jonathan Taylor,draftkings,DraftKings,rush_attempts,Rushing attempts,over,19.5,101,20.6151785938,0.506993007,0.0,0.4975124378,0.4689835958,0.4689835958,19.0,1,94.8056918206,1.9055944056,Calibration fitted; not prospectively validated,2026-09-26T13:05:33Z,2026-09-27T17:00:00Z,Sun 1:00 PM ET,Indianapolis Colts,Houston Texans,2026_03_HOU_IND,23.0,graded,win,1.01
b225458a282e140c44c45651255f2f6c,Los Angeles Chargers @ Buffalo Bills,Ladd McConkey,betrivers,BetRivers,receptions,Receptions,over,4.5,-114,4.9383179661,0.5420560748,0.0,0.5327102804,,0.5481788843,4.5,5,93.4579439252,1.7543859649,Calibration fitted; not prospectively validated,2026-09-26T13:05:47Z,2026-09-27T17:00:00Z,Sun 1:00 PM ET,Buffalo Bills,Los Angeles Chargers,2026_03_LAC_BUF,4.0,graded,loss,-1.0
0339a0e41bcee12820eb3e64bb5fadb4,Kansas City Chiefs @ Miami Dolphins,Patrick Mahomes,draftkings,DraftKings,rush_attempts,Rushing attempts,under,3.5,107,4.5141119559,0.4915254237,0.0,0.4830917874,0.4552526941,0.4552526941,3.5,1,84.336362892,1.7457627119,Calibration fitted; not prospectively validated,2026-09-26T13:05:14Z,2026-09-27T17:00:00Z,Sun 1:00 PM ET,Miami Dolphins,Kansas City Chiefs,2026_03_KC_MIA,1.0,graded,win,1.07
b225458a282e140c44c45651255f2f6c,Los Angeles Chargers @ Buffalo Bills,Omarion Hampton,draftkings,DraftKings,rush_attempts,Rushing attempts,under,15.5,-119,11.6548633893,0.5526315789,0.0,0.5433789954,0.5124828361,0.5203045685,15.5,4,92.5258351358,1.7027863777,Calibration fitted; not prospectively validated,2026-09-26T13:05:14Z,2026-09-27T17:00:00Z,Sun 1:00 PM ET,Buffalo Bills,Los Angeles Chargers,2026_03_LAC_BUF,15.0,graded,win,0.8403361344537815
555afd4a27aaa392662881cffa8f2eef,Tennessee Titans @ New York Giants,Cam Ward,draftkings,DraftKings,pass_attempts,Passing attempts,under,31.5,-124,28.0755158449,0.5625,0.0,0.5535714286,0.5217643645,0.5203045685,31.5,3,89.2857142857,1.6129032258,Calibration fitted; not prospectively validated,2026-09-26T13:04:57Z,2026-09-27T17:00:00Z,Sun 1:00 PM ET,New York Giants,Tennessee Titans,2026_03_TEN_NYG,36.0,graded,loss,-1.0
613b8cd3a5fab58f7be4e3fd6f76223e,Carolina Panthers @ Cleveland Browns,Denzel Boston,draftkings,DraftKings,receptions,Receptions,under,3.5,-114,3.1966768629,0.5408805031,0.0,0.5327102804,0.5031375502,0.5031375502,3.5,5,81.7022277082,1.533708485,Calibration fitted; not prospectively validated,2026-09-26T13:05:34Z,2026-09-27T17:00:00Z,Sun 1:00 PM ET,Cleveland Browns,Carolina Panthers,2026_03_CAR_CLE,2.0,graded,win,0.8771929824561403
71123be049587b6facce3a20c53e5d09,Cincinnati Bengals @ Pittsburgh Steelers,Chase Brown,betmgm,BetMGM,rush_attempts,Rushing attempts,under,15.5,100,13.0705876071,0.506993007,0.0,0.5,0.4653465347,0.4653465347,16.5,1,69.9300699301,1.3986013986,Calibration fitted; not prospectively validated,2026-09-26T13:04:56Z,2026-09-27T17:00:00Z,Sun 1:00 PM ET,Pittsburgh Steelers,Cincinnati Bengals,2026_03_CIN_PIT,13.0,graded,win,1.0
2a529c108305ffa049d8b6cfdbaa4d36,Seattle Seahawks @ Washington Commanders,Stefon Diggs,draftkings,DraftKings,receptions,Receptions,under,3.5,124,5.2363733904,0.4524271845,0.0,0.4464285714,0.4216237417,0.4331087584,3.5,5,59.9861303745,1.3436893204,Calibration fitted; not prospectively validated,2026-09-26T13:05:31Z,2026-09-27T17:00:00Z,Sun 1:00 PM ET,Washington Commanders,Seattle Seahawks,2026_03_SEA_WAS,4.0,graded,loss,-1.0
9d2b09e0f9b6dd5ce0d985894f4f98fa,Arizona Cardinals @ San Francisco 49ers,Deebo Samuel,fanduel,FanDuel,receptions,Receptions,under,3.5,124,4.0355446493,0.4524271845,0.0,0.4464285714,0.4170324846,0.4249299224,3.5,4,59.9861303745,1.3436893204,Calibration fitted; not prospectively validated,2026-09-26T13:05:51Z,2026-09-27T20:05:00Z,Sun 4:05 PM ET,San Francisco 49ers,Arizona Cardinals,2026_03_ARI_SF,0.0,graded,win,1.24
07f552badfa8a565d1be22123713e4da,New York Jets @ Detroit Lions,Garrett Wilson,betrivers,BetRivers,receptions,Receptions,over,5.5,-115,5.9443155679,0.5420560748,0.0,0.5348837209,,0.5365247333,5.5,4,71.7235383612,1.3409183259,Calibration fitted; not prospectively validated,2026-09-26T13:05:13Z,2026-09-27T17:00:00Z,Sun 1:00 PM ET,Detroit Lions,New York Jets,2026_03_NYJ_DET,10.0,graded,win,0.8695652173913043
71123be049587b6facce3a20c53e5d09,Cincinnati Bengals @ Pittsburgh Steelers,Aaron Rodgers,betmgm,BetMGM,pass_completions,Passing completions,under,21.5,-115,18.423413488,0.5416666667,0.0,0.5348837209,0.5,0.5,22.5,1,67.8294573643,1.268115942,Calibration fitted; not prospectively validated,2026-09-26T13:04:56Z,2026-09-27T17:00:00Z,Sun 1:00 PM ET,Pittsburgh Steelers,Cincinnati Bengals,2026_03_CIN_PIT,19.0,graded,win,0.8695652173913043
47dc7baa254659f3beb2ed2b38c207b6,Philadelphia Eagles @ Chicago Bears,Saquon Barkley,betrivers,BetRivers,receptions,Receptions,over,2.5,140,1.3831696246,0.4210526316,0.0,0.4166666667,,0.4162738319,2.5,4,43.8596491228,1.0526315789,Calibration fitted; not prospectively validated,2026-09-26T13:05:12Z,2026-09-29T00:15:00Z,Mon 8:15 PM ET,Chicago Bears,Philadelphia Eagles,2026_03_PHI_CHI,1.0,graded,loss,-1.0
1f3cfd315a24d1a7dd5859a8e6b88e18,New England Patriots @ Jacksonville Jaguars,Rhamondre Stevenson,draftkings,DraftKings,rush_attempts,Rushing attempts,under,8.5,105,9.5361096244,0.4927536232,0.0,0.487804878,0.4599960684,0.4686695069,8.5,2,49.4874513963,1.0144927536,Calibration fitted; not prospectively validated,2026-09-26T13:05:48Z,2026-09-27T17:00:00Z,Sun 1:00 PM ET,Jacksonville Jaguars,New England Patriots,2026_03_NE_JAX,7.0,graded,win,1.05
84cfca14efc21363fd605508404cf1ff,Baltimore Ravens @ Dallas Cowboys,Lamar Jackson,betrivers,BetRivers,pass_completions,Passing completions,over,19.5,102,18.0364483071,0.5,0.0,0.495049505,,0.4876847291,19.5,5,49.5049504951,1.0,Calibration fitted; not prospectively validated,2026-09-26T13:04:56Z,2026-09-27T20:25:00Z,Sun 4:25 PM ET,Dallas Cowboys,Baltimore Ravens,2026_03_BAL_DAL,15.0,graded,loss,-1.0
b225458a282e140c44c45651255f2f6c,Los Angeles Chargers @ Buffalo Bills,Justin Herbert,draftkings,DraftKings,pass_completions,Passing completions,under,19.5,102,19.5883373402,0.5,0.0,0.495049505,0.466910272,0.4681490136,19.5,4,49.5049504951,1.0,Calibration fitted; not prospectively validated,2026-09-26T13:05:14Z,2026-09-27T17:00:00Z,Sun 1:00 PM ET,Buffalo Bills,Los Angeles Chargers,2026_03_LAC_BUF,20.0,graded,loss,-1.0
b225458a282e140c44c45651255f2f6c,Los Angeles Chargers @ Buffalo Bills,Omarion Hampton,draftkings,DraftKings,receptions,Receptions,under,1.5,123,2.0831946579,0.4524271845,0.0,0.4484304933,0.4233170266,0.4419737714,1.5,6,39.9669119248,0.8912621359,Calibration fitted; not prospectively validated,2026-09-26T13:05:14Z,2026-09-27T17:00:00Z,Sun 1:00 PM ET,Buffalo Bills,Los Angeles Chargers,2026_03_LAC_BUF,0.0,graded,win,1.23
17a730b7d399feeab6a78c30767c29d2,Houston Texans @ Indianapolis Colts,Jaylin Noel,draftkings,DraftKings,receptions,Receptions,over,2.5,123,2.0632726871,0.4524271845,0.0,0.4484304933,0.4233170266,0.4448722898,2.5,6,39.9669119248,0.8912621359,Calibration fitted; not prospectively validated,2026-09-26T13:05:33Z,2026-09-27T17:00:00Z,Sun 1:00 PM ET,Indianapolis Colts,Houston Texans,2026_03_HOU_IND,2.0,graded,loss,-1.0
b225458a282e140c44c45651255f2f6c,Los Angeles Chargers @ Buffalo Bills,James Cook,betonlineag,BetOnline.ag,rush_attempts,Rushing attempts,under,17.5,-120,13.9985707305,0.55,0.0,0.5454545455,0.5123152709,0.5203045685,17.5,5,45.4545454545,0.8333333333,Calibration fitted; not prospectively validated,2026-09-26T13:05:16Z,2026-09-27T17:00:00Z,Sun 1:00 PM ET,Buffalo Bills,Los Angeles Chargers,2026_03_LAC_BUF,24.0,graded,loss,-1.0
555afd4a27aaa392662881cffa8f2eef,Tennessee Titans @ New York Giants,Elic Ayomanor,fanatics,Fanatics,recv_yds,Receiving yards,over,15.5,-105,39.9147419563,0.5163043478,0.0,0.512195122,0.4796954315,0.4796954315,14.5,1,41.0922587487,0.8022774327,Calibration fitted; not prospectively validated,2026-09-26T13:05:38Z,2026-09-27T17:00:00Z,Sun 1:00 PM ET,New York Giants,Tennessee Titans,2026_03_TEN_NYG,11.0,graded,loss,-1.0
3bfd8bfb4b8e9a365a0877879b73b16b,Los Angeles Rams @ Denver Broncos,Blake Corum,fanatics,Fanatics,rush_attempts,Rushing attempts,over,11.5,105,9.4937719578,0.4915254237,0.0,0.487804878,0.4554079696,0.4628151931,11.5,3,37.2054568003,0.7627118644,Calibration fitted; not prospectively validated,2026-09-26T13:05:25Z,2026-09-28T00:20:00Z,Sun 8:20 PM ET,Denver Broncos,Los Angeles Rams,2026_03_LA_DEN,6.0,graded,loss,-1.0
2e523fcb0497aa689473e290eb2b97de,Las Vegas Raiders @ New Orleans Saints,Jalen Nailor,draftkings,DraftKings,receptions,Receptions,over,2.5,122,1.6906745305,0.4524271845,0.0,0.4504504505,0.4256384577,0.4256384577,2.5,3,19.7673401557,0.4388349515,Calibration fitted; not prospectively validated,2026-09-26T13:04:56Z,2026-09-27T20:25:00Z,Sun 4:25 PM ET,New Orleans Saints,Las Vegas Raiders,2026_03_LV_NO,1.0,graded,loss,-1.0
613b8cd3a5fab58f7be4e3fd6f76223e,Carolina Panthers @ Cleveland Browns,Quinshon Judkins,betmgm,BetMGM,recv_yds,Receiving yards,over,14.5,100,20.6813435007,0.5010141988,0.0,0.5,0.4653465347,0.4653465347,12.5,1,10.1419878296,0.2028397566,Calibration fitted; not prospectively validated,2026-09-26T13:04:55Z,2026-09-27T17:00:00Z,Sun 1:00 PM ET,Cleveland Browns,Carolina Panthers,2026_03_CAR_CLE,9.0,graded,loss,-1.0
1f3cfd315a24d1a7dd5859a8e6b88e18,New England Patriots @ Jacksonville Jaguars,Bhayshul Tuten,betonlineag,BetOnline.ag,receptions,Receptions,over,1.5,-118,1.7283939001,0.5420560748,0.0,0.5412844037,0.5082034454,0.5141838223,1.5,5,7.7167109663,0.1425629653,Calibration fitted; not prospectively validated,2026-09-26T13:05:32Z,2026-09-27T17:00:00Z,Sun 1:00 PM ET,Jacksonville Jaguars,New England Patriots,2026_03_NE_JAX,2.0,graded,win,0.847457627118644
