game_id,commence_time,home_team,away_team,game,bookmaker,bookmaker_title,market,market_std,player,name,price,point,last_update,name_std,player_key,point_key,mu,sigma,lam,no_real_data,projection_diagnostics,mkt_prob,model_prob_raw,push_prob,model_prob,calibration_diagnostics,model_status,edge_bps,ev_per_100,generated_at,season,week,side,prob_devig,consensus_prob,book_count,consensus_line,stat_game,actual,grading_status,outcome,units,y,model_brier,market_brier,model_abs_error,line_abs_error
164e6eb68f31bac190381903c3cccd31,2026-10-04T17:00:00Z,Chicago Bears,New York Jets,New York Jets @ Chicago Bears,fanduel,FanDuel,player_rush_yds,rush_yds,Braelon Allen,over,-114,55.5,2026-09-30T18:55:14Z,braelonallen,braelonallen,55.5,20.78896573006078,20.10124707297032,,False,,0.5327102803738317,0.0421008968213603,0.0,0.02,"{""version"":""nfl-calibration-trace-1"",""artifact_sha256"":""7c54bf5c44243e81b12bb6e72819cc44261a6c13e823cadd48cc848089163716"",""fitted_season"":2025,""fitted_weeks"":[4,5,6,7,9,10,11,12,14],""total_graded_rows"":12904,""market_sample_size"":null,""tail_sample_size"":null,""curve"":""market_specific"",""raw_probability"":0.042101,""fitted_raw_range"":[0.000122,0.999878],""outside_fitted_range"":false,""endpoint_probabilities"":[0.02,0.98],""limitation"":""Endpoint clipping is not held-out evidence; total rows are not independent games or tail sample size.""}",Calibration fitted; not prospectively validated,-5127.102803738317,-96.24561403508773,2026-09-30T18:55:46.584610+00:00,2026,4,over,0.5,0.5,1,55.5,2026_04_NYJ_CHI,59.0,graded,win,0.8771929824561403,1.0,0.9603999999999999,0.25,38.21103426993922,3.5
164e6eb68f31bac190381903c3cccd31,2026-10-04T17:00:00Z,Chicago Bears,New York Jets,New York Jets @ Chicago Bears,fanduel,FanDuel,player_receptions,receptions,Cole Kmet,over,182,1.5,2026-09-30T18:55:14Z,colekmet,colekmet,1.5,1.314663377543109,1.0486351159851963,,False,,0.3546099290780142,0.4298559908570937,0.0,0.4579439252336449,"{""version"":""nfl-calibration-trace-1"",""artifact_sha256"":""7c54bf5c44243e81b12bb6e72819cc44261a6c13e823cadd48cc848089163716"",""fitted_season"":2025,""fitted_weeks"":[4,5,6,7,9,10,11,12,14],""total_graded_rows"":12904,""market_sample_size"":null,""tail_sample_size"":null,""curve"":""market_specific"",""raw_probability"":0.429856,""fitted_raw_range"":[0.000771,0.999229],""outside_fitted_range"":false,""endpoint_probabilities"":[0.166667,0.833333],""limitation"":""Endpoint clipping is not held-out evidence; total rows are not independent games or tail sample size.""}",Calibration fitted; not prospectively validated,1033.3399615563071,29.140186915887867,2026-09-30T18:55:46.584610+00:00,2026,4,over,0.3317535545023697,0.3317535545023697,1,1.5,2026_04_NYJ_CHI,2.0,graded,win,1.82,1.0,0.29382478819110835,0.4465533119202173,0.6853366224568911,0.5
164e6eb68f31bac190381903c3cccd31,2026-10-04T17:00:00Z,Chicago Bears,New York Jets,New York Jets @ Chicago Bears,fanduel,FanDuel,player_reception_yds,recv_yds,Cole Kmet,over,-114,9.5,2026-09-30T18:55:14Z,colekmet,colekmet,9.5,16.02424299386073,14.540090622994978,,False,,0.5327102803738317,0.6731785461172909,0.0,0.5014367816091952,"{""version"":""nfl-calibration-trace-1"",""artifact_sha256"":""7c54bf5c44243e81b12bb6e72819cc44261a6c13e823cadd48cc848089163716"",""fitted_season"":2025,""fitted_weeks"":[4,5,6,7,9,10,11,12,14],""total_graded_rows"":12904,""market_sample_size"":null,""tail_sample_size"":null,""curve"":""market_specific"",""raw_probability"":0.673179,""fitted_raw_range"":[0.012265,0.987735],""outside_fitted_range"":false,""endpoint_probabilities"":[0.483696,0.516304],""limitation"":""Endpoint clipping is not held-out evidence; total rows are not independent games or tail sample size.""}",Calibration fitted; not prospectively validated,-312.73498764636474,-5.870639241782638,2026-09-30T18:55:46.584610+00:00,2026,4,over,0.5,0.5,1,9.5,2026_04_NYJ_CHI,13.0,graded,win,0.8771929824561403,1.0,0.24856528273219727,0.25,3.0242429938607316,3.5
164e6eb68f31bac190381903c3cccd31,2026-10-04T17:00:00Z,Chicago Bears,New York Jets,New York Jets @ Chicago Bears,fanduel,FanDuel,player_receptions,receptions,Colston Loveland,over,116,3.5,2026-09-30T18:55:14Z,colstonloveland,colstonloveland,3.5,2.7840783045928523,1.7534602868924951,,False,,0.4629629629629629,0.3415300980466906,0.0,0.4524271844660194,"{""version"":""nfl-calibration-trace-1"",""artifact_sha256"":""7c54bf5c44243e81b12bb6e72819cc44261a6c13e823cadd48cc848089163716"",""fitted_season"":2025,""fitted_weeks"":[4,5,6,7,9,10,11,12,14],""total_graded_rows"":12904,""market_sample_size"":null,""tail_sample_size"":null,""curve"":""market_specific"",""raw_probability"":0.34153,""fitted_raw_range"":[0.000771,0.999229],""outside_fitted_range"":false,""endpoint_probabilities"":[0.166667,0.833333],""limitation"":""Endpoint clipping is not held-out evidence; total rows are not independent games or tail sample size.""}",Calibration fitted; not prospectively validated,-105.35778496943536,-2.2757281553398068,2026-09-30T18:55:46.584610+00:00,2026,4,over,0.4329742261011864,0.4329742261011864,1,3.5,2026_04_NYJ_CHI,6.0,graded,win,1.16,1.0,0.29983598831181063,0.3215182282655485,3.2159216954071477,2.5
164e6eb68f31bac190381903c3cccd31,2026-10-04T17:00:00Z,Chicago Bears,New York Jets,New York Jets @ Chicago Bears,fanduel,FanDuel,player_reception_yds,recv_yds,Colston Loveland,over,-114,28.5,2026-09-30T18:55:14Z,colstonloveland,colstonloveland,28.5,27.184125448758376,22.204439245563435,,False,,0.5327102803738317,0.4763718021236366,0.0,0.5000000000000002,"{""version"":""nfl-calibration-trace-1"",""artifact_sha256"":""7c54bf5c44243e81b12bb6e72819cc44261a6c13e823cadd48cc848089163716"",""fitted_season"":2025,""fitted_weeks"":[4,5,6,7,9,10,11,12,14],""total_graded_rows"":12904,""market_sample_size"":null,""tail_sample_size"":null,""curve"":""market_specific"",""raw_probability"":0.476372,""fitted_raw_range"":[0.012265,0.987735],""outside_fitted_range"":false,""endpoint_probabilities"":[0.483696,0.516304],""limitation"":""Endpoint clipping is not held-out evidence; total rows are not independent games or tail sample size.""}",Calibration fitted; not prospectively validated,-327.102803738315,-6.140350877192935,2026-09-30T18:55:46.584610+00:00,2026,4,over,0.5,0.5,1,28.5,2026_04_NYJ_CHI,57.0,graded,win,0.8771929824561403,1.0,0.24999999999999978,0.25,29.815874551241624,28.5
164e6eb68f31bac190381903c3cccd31,2026-10-04T17:00:00Z,Chicago Bears,New York Jets,New York Jets @ Chicago Bears,fanduel,FanDuel,player_receptions,receptions,D'Andre Swift,over,140,2.5,2026-09-30T18:55:14Z,dandreswift,dandreswift,2.5,2.502973271697171,1.5256607362276702,,False,,0.4166666666666667,0.5007774749733791,0.0,0.5,"{""version"":""nfl-calibration-trace-1"",""artifact_sha256"":""7c54bf5c44243e81b12bb6e72819cc44261a6c13e823cadd48cc848089163716"",""fitted_season"":2025,""fitted_weeks"":[4,5,6,7,9,10,11,12,14],""total_graded_rows"":12904,""market_sample_size"":null,""tail_sample_size"":null,""curve"":""market_specific"",""raw_probability"":0.500777,""fitted_raw_range"":[0.000771,0.999229],""outside_fitted_range"":false,""endpoint_probabilities"":[0.166667,0.833333],""limitation"":""Endpoint clipping is not held-out evidence; total rows are not independent games or tail sample size.""}",Calibration fitted; not prospectively validated,833.3333333333331,20.0,2026-09-30T18:55:46.584610+00:00,2026,4,over,0.3896103896103896,0.3896103896103896,1,2.5,2026_04_NYJ_CHI,2.0,graded,loss,-1.0,0.0,0.25,0.15179625569235955,0.5029732716971709,0.5
164e6eb68f31bac190381903c3cccd31,2026-10-04T17:00:00Z,Chicago Bears,New York Jets,New York Jets @ Chicago Bears,fanduel,FanDuel,player_reception_yds,recv_yds,D'Andre Swift,over,-114,14.5,2026-09-30T18:55:14Z,dandreswift,dandreswift,14.5,17.708331902962897,17.354819286901215,,False,,0.5327102803738317,0.5733332891887359,0.0,0.5000000000000002,"{""version"":""nfl-calibration-trace-1"",""artifact_sha256"":""7c54bf5c44243e81b12bb6e72819cc44261a6c13e823cadd48cc848089163716"",""fitted_season"":2025,""fitted_weeks"":[4,5,6,7,9,10,11,12,14],""total_graded_rows"":12904,""market_sample_size"":null,""tail_sample_size"":null,""curve"":""market_specific"",""raw_probability"":0.573333,""fitted_raw_range"":[0.012265,0.987735],""outside_fitted_range"":false,""endpoint_probabilities"":[0.483696,0.516304],""limitation"":""Endpoint clipping is not held-out evidence; total rows are not independent games or tail sample size.""}",Calibration fitted; not prospectively validated,-327.102803738315,-6.140350877192935,2026-09-30T18:55:46.584610+00:00,2026,4,over,0.5,0.5,1,14.5,2026_04_NYJ_CHI,16.0,graded,win,0.8771929824561403,1.0,0.24999999999999978,0.25,1.7083319029628967,1.5
164e6eb68f31bac190381903c3cccd31,2026-10-04T17:00:00Z,Chicago Bears,New York Jets,New York Jets @ Chicago Bears,fanatics,Fanatics,player_rush_yds,rush_yds,D'Andre Swift,over,-135,65.5,2026-09-30T18:54:46Z,dandreswift,dandreswift,65.5,64.21794573502413,33.001774032190376,,False,,0.574468085106383,0.484505771339441,0.0,0.4999999999999998,"{""version"":""nfl-calibration-trace-1"",""artifact_sha256"":""7c54bf5c44243e81b12bb6e72819cc44261a6c13e823cadd48cc848089163716"",""fitted_season"":2025,""fitted_weeks"":[4,5,6,7,9,10,11,12,14],""total_graded_rows"":12904,""market_sample_size"":null,""tail_sample_size"":null,""curve"":""market_specific"",""raw_probability"":0.484506,""fitted_raw_range"":[0.000122,0.999878],""outside_fitted_range"":false,""endpoint_probabilities"":[0.02,0.98],""limitation"":""Endpoint clipping is not held-out evidence; total rows are not independent games or tail sample size.""}",Calibration fitted; not prospectively validated,-744.6808510638325,-12.96296296296301,2026-09-30T18:55:46.584610+00:00,2026,4,over,0.5346534653465347,0.5346534653465347,1,66.0,2026_04_NYJ_CHI,58.0,graded,loss,-1.0,0.0,0.24999999999999978,0.2858543280070582,6.217945735024131,7.5
164e6eb68f31bac190381903c3cccd31,2026-10-04T17:00:00Z,Chicago Bears,New York Jets,New York Jets @ Chicago Bears,fanduel,FanDuel,player_receptions,receptions,Garrett Wilson,over,-108,6.5,2026-09-30T18:55:14Z,garrettwilson,garrettwilson,6.5,6.295818745596033,2.6057552503322285,,False,,0.5192307692307693,0.468771719635582,0.0,0.4591194968553459,"{""version"":""nfl-calibration-trace-1"",""artifact_sha256"":""7c54bf5c44243e81b12bb6e72819cc44261a6c13e823cadd48cc848089163716"",""fitted_season"":2025,""fitted_weeks"":[4,5,6,7,9,10,11,12,14],""total_graded_rows"":12904,""market_sample_size"":null,""tail_sample_size"":null,""curve"":""market_specific"",""raw_probability"":0.468772,""fitted_raw_range"":[0.000771,0.999229],""outside_fitted_range"":false,""endpoint_probabilities"":[0.166667,0.833333],""limitation"":""Endpoint clipping is not held-out evidence; total rows are not independent games or tail sample size.""}",Calibration fitted; not prospectively validated,-601.1127237542336,-11.57698579082227,2026-09-30T18:55:46.584610+00:00,2026,4,over,0.485816177662506,0.485816177662506,1,6.5,2026_04_NYJ_CHI,3.0,graded,loss,-1.0,0.0,0.210790712392706,0.2360173584786076,3.2958187455960326,3.5
164e6eb68f31bac190381903c3cccd31,2026-10-04T17:00:00Z,Chicago Bears,New York Jets,New York Jets @ Chicago Bears,fanduel,FanDuel,player_reception_yds,recv_yds,Garrett Wilson,over,-114,77.5,2026-09-30T18:55:14Z,garrettwilson,garrettwilson,77.5,71.58714888678976,45.4982095611112,,False,,0.5327102803738317,0.4482998732331429,0.0,0.5000000000000002,"{""version"":""nfl-calibration-trace-1"",""artifact_sha256"":""7c54bf5c44243e81b12bb6e72819cc44261a6c13e823cadd48cc848089163716"",""fitted_season"":2025,""fitted_weeks"":[4,5,6,7,9,10,11,12,14],""total_graded_rows"":12904,""market_sample_size"":null,""tail_sample_size"":null,""curve"":""market_specific"",""raw_probability"":0.4483,""fitted_raw_range"":[0.012265,0.987735],""outside_fitted_range"":false,""endpoint_probabilities"":[0.483696,0.516304],""limitation"":""Endpoint clipping is not held-out evidence; total rows are not independent games or tail sample size.""}",Calibration fitted; not prospectively validated,-327.102803738315,-6.140350877192935,2026-09-30T18:55:46.584610+00:00,2026,4,over,0.5,0.5,1,77.5,2026_04_NYJ_CHI,27.0,graded,loss,-1.0,0.0,0.2500000000000002,0.25,44.58714888678976,50.5
164e6eb68f31bac190381903c3cccd31,2026-10-04T17:00:00Z,Chicago Bears,New York Jets,New York Jets @ Chicago Bears,fanduel,FanDuel,player_pass_tds,pass_tds,Geno Smith,over,162,1.5,2026-09-30T18:55:14Z,genosmith,genosmith,1.5,1.2533333333333332,,1.2533333333333332,False,,0.3816793893129771,0.3565575778043259,0.0,0.5000000000000001,"{""version"":""nfl-calibration-trace-1"",""artifact_sha256"":""7c54bf5c44243e81b12bb6e72819cc44261a6c13e823cadd48cc848089163716"",""fitted_season"":2025,""fitted_weeks"":[4,5,6,7,9,10,11,12,14],""total_graded_rows"":12904,""market_sample_size"":null,""tail_sample_size"":null,""curve"":""pooled"",""raw_probability"":0.356558,""fitted_raw_range"":[4.8e-05,0.999952],""outside_fitted_range"":false,""endpoint_probabilities"":[0.25,0.75],""limitation"":""Endpoint clipping is not held-out evidence; total rows are not independent games or tail sample size.""}",Calibration fitted; not prospectively validated,1183.20610687023,31.00000000000003,2026-09-30T18:55:46.584610+00:00,2026,4,over,0.35698348951361,0.35698348951361,1,1.5,2026_04_NYJ_CHI,1.0,graded,loss,-1.0,0.0,0.2500000000000001,0.12743721178531367,0.2533333333333332,0.5
164e6eb68f31bac190381903c3cccd31,2026-10-04T17:00:00Z,Chicago Bears,New York Jets,New York Jets @ Chicago Bears,fanduel,FanDuel,player_pass_yds,pass_yds,Geno Smith,over,-114,227.5,2026-09-30T18:55:14Z,genosmith,genosmith,227.5,238.60178641719745,86.36375990322084,,False,"{""version"":""nfl-projection-trace-1"",""current_sample"":[{""season"":2026,""week"":1,""attempts"":24,""completions"":19,""passing_yards"":215},{""season"":2026,""week"":2,""attempts"":41,""completions"":27,""passing_yards"":247},{""season"":2026,""week"":3,""attempts"":37,""completions"":31,""passing_yards"":321}],""recent_mean_weight"":0.428571,""yards_per_completion_recent_weight"":0.428571,""career_baselines"":{""attempts"":{""mean"":30.479421,""games"":70,""position_pool_mean"":27.802292},""yards_per_completion"":{""mean"":10.690159,""games"":70,""position_pool_mean"":10.957484}},""attempts"":33.142087,""completion_rate"":0.75,""yards_per_completion"":10.456086,""limitations"":[""Appearance totals do not distinguish partial games from normal starter workloads."",""Completion rate uses recent games without career shrinkage."",""Variance omits completion-rate uncertainty and dependence among components.""],""mean_stages"":{""before_adjustments"":259.902388,""after_defense"":253.831688,""after_venue"":238.601786,""final"":238.601786}}",0.5327102803738317,0.5511418744424408,0.0,0.4999999999999999,"{""version"":""nfl-calibration-trace-1"",""artifact_sha256"":""7c54bf5c44243e81b12bb6e72819cc44261a6c13e823cadd48cc848089163716"",""fitted_season"":2025,""fitted_weeks"":[4,5,6,7,9,10,11,12,14],""total_graded_rows"":12904,""market_sample_size"":null,""tail_sample_size"":null,""curve"":""market_specific"",""raw_probability"":0.551142,""fitted_raw_range"":[0.092856,0.907144],""outside_fitted_range"":false,""endpoint_probabilities"":[0.02,0.98],""limitation"":""Endpoint clipping is not held-out evidence; total rows are not independent games or tail sample size.""}",Calibration fitted; not prospectively validated,-327.1028037383178,-6.140350877192979,2026-09-30T18:55:46.584610+00:00,2026,4,over,0.5,0.5,1,227.5,2026_04_NYJ_CHI,119.0,graded,loss,-1.0,0.0,0.2499999999999999,0.25,119.60178641719745,108.5
164e6eb68f31bac190381903c3cccd31,2026-10-04T17:00:00Z,Chicago Bears,New York Jets,New York Jets @ Chicago Bears,fanduel,FanDuel,player_rush_yds,rush_yds,Geno Smith,over,-114,11.5,2026-09-30T18:55:14Z,genosmith,genosmith,11.5,17.182459403962735,15.522944622247156,,False,,0.5327102803738317,0.6428429794013562,0.0,0.4999999999999998,"{""version"":""nfl-calibration-trace-1"",""artifact_sha256"":""7c54bf5c44243e81b12bb6e72819cc44261a6c13e823cadd48cc848089163716"",""fitted_season"":2025,""fitted_weeks"":[4,5,6,7,9,10,11,12,14],""total_graded_rows"":12904,""market_sample_size"":null,""tail_sample_size"":null,""curve"":""market_specific"",""raw_probability"":0.642843,""fitted_raw_range"":[0.000122,0.999878],""outside_fitted_range"":false,""endpoint_probabilities"":[0.02,0.98],""limitation"":""Endpoint clipping is not held-out evidence; total rows are not independent games or tail sample size.""}",Calibration fitted; not prospectively validated,-327.10280373831944,-6.140350877193013,2026-09-30T18:55:46.584610+00:00,2026,4,over,0.5,0.5,1,11.5,2026_04_NYJ_CHI,0.0,graded,loss,-1.0,0.0,0.24999999999999978,0.25,17.182459403962735,11.5
164e6eb68f31bac190381903c3cccd31,2026-10-04T17:00:00Z,Chicago Bears,New York Jets,New York Jets @ Chicago Bears,fanduel,FanDuel,player_receptions,receptions,Kalif Raymond,over,-108,3.5,2026-09-30T18:55:14Z,kalifraymond,kalifraymond,3.5,4.145670508121201,1.9047674201006943,,False,,0.5192307692307693,0.6326861081952002,0.0,0.5475728155339805,"{""version"":""nfl-calibration-trace-1"",""artifact_sha256"":""7c54bf5c44243e81b12bb6e72819cc44261a6c13e823cadd48cc848089163716"",""fitted_season"":2025,""fitted_weeks"":[4,5,6,7,9,10,11,12,14],""total_graded_rows"":12904,""market_sample_size"":null,""tail_sample_size"":null,""curve"":""market_specific"",""raw_probability"":0.632686,""fitted_raw_range"":[0.000771,0.999229],""outside_fitted_range"":false,""endpoint_probabilities"":[0.166667,0.833333],""limitation"":""Endpoint clipping is not held-out evidence; total rows are not independent games or tail sample size.""}",Calibration fitted; not prospectively validated,283.4204630321124,5.458468176914755,2026-09-30T18:55:46.584610+00:00,2026,4,over,0.485816177662506,0.485816177662506,1,3.5,2026_04_NYJ_CHI,2.0,graded,loss,-1.0,0.0,0.29983598831181063,0.2360173584786076,2.145670508121201,1.5
164e6eb68f31bac190381903c3cccd31,2026-10-04T17:00:00Z,Chicago Bears,New York Jets,New York Jets @ Chicago Bears,fanduel,FanDuel,player_reception_yds,recv_yds,Kalif Raymond,over,-114,36.5,2026-09-30T18:55:14Z,kalifraymond,kalifraymond,36.5,54.26920645204944,34.61884811346709,,False,,0.5327102803738317,0.6961227093561235,0.0,0.5014367816091952,"{""version"":""nfl-calibration-trace-1"",""artifact_sha256"":""7c54bf5c44243e81b12bb6e72819cc44261a6c13e823cadd48cc848089163716"",""fitted_season"":2025,""fitted_weeks"":[4,5,6,7,9,10,11,12,14],""total_graded_rows"":12904,""market_sample_size"":null,""tail_sample_size"":null,""curve"":""market_specific"",""raw_probability"":0.696123,""fitted_raw_range"":[0.012265,0.987735],""outside_fitted_range"":false,""endpoint_probabilities"":[0.483696,0.516304],""limitation"":""Endpoint clipping is not held-out evidence; total rows are not independent games or tail sample size.""}",Calibration fitted; not prospectively validated,-312.73498764636474,-5.870639241782638,2026-09-30T18:55:46.584610+00:00,2026,4,over,0.5,0.5,1,36.5,2026_04_NYJ_CHI,6.0,graded,loss,-1.0,0.0,0.2514388459505878,0.25,48.26920645204944,30.5
164e6eb68f31bac190381903c3cccd31,2026-10-04T17:00:00Z,Chicago Bears,New York Jets,New York Jets @ Chicago Bears,fanduel,FanDuel,player_rush_yds,rush_yds,Kyle Monangai,over,-114,38.5,2026-09-30T18:55:14Z,kylemonangai,kylemonangai,38.5,39.70302236174014,27.077373437256067,,False,,0.5327102803738317,0.5177188026665551,0.0,0.4999999999999998,"{""version"":""nfl-calibration-trace-1"",""artifact_sha256"":""7c54bf5c44243e81b12bb6e72819cc44261a6c13e823cadd48cc848089163716"",""fitted_season"":2025,""fitted_weeks"":[4,5,6,7,9,10,11,12,14],""total_graded_rows"":12904,""market_sample_size"":null,""tail_sample_size"":null,""curve"":""market_specific"",""raw_probability"":0.517719,""fitted_raw_range"":[0.000122,0.999878],""outside_fitted_range"":false,""endpoint_probabilities"":[0.02,0.98],""limitation"":""Endpoint clipping is not held-out evidence; total rows are not independent games or tail sample size.""}",Calibration fitted; not prospectively validated,-327.10280373831944,-6.140350877193013,2026-09-30T18:55:46.584610+00:00,2026,4,over,0.5,0.5,1,38.5,2026_04_NYJ_CHI,146.0,graded,win,0.8771929824561403,1.0,0.2500000000000002,0.25,106.29697763825986,107.5
164e6eb68f31bac190381903c3cccd31,2026-10-04T17:00:00Z,Chicago Bears,New York Jets,New York Jets @ Chicago Bears,fanduel,FanDuel,player_receptions,receptions,Luther Burden,over,106,4.5,2026-09-30T18:55:14Z,lutherburden,lutherburden,4.5,4.017721511511693,1.832204765571504,,False,,0.4854368932038835,0.3961893408850452,0.0,0.4524271844660194,"{""version"":""nfl-calibration-trace-1"",""artifact_sha256"":""7c54bf5c44243e81b12bb6e72819cc44261a6c13e823cadd48cc848089163716"",""fitted_season"":2025,""fitted_weeks"":[4,5,6,7,9,10,11,12,14],""total_graded_rows"":12904,""market_sample_size"":null,""tail_sample_size"":null,""curve"":""market_specific"",""raw_probability"":0.396189,""fitted_raw_range"":[0.000771,0.999229],""outside_fitted_range"":false,""endpoint_probabilities"":[0.166667,0.833333],""limitation"":""Endpoint clipping is not held-out evidence; total rows are not independent games or tail sample size.""}",Calibration fitted; not prospectively validated,-330.0970873786408,-6.799999999999995,2026-09-30T18:55:46.584610+00:00,2026,4,over,0.4542013626040878,0.4542013626040878,1,4.5,2026_04_NYJ_CHI,4.0,graded,loss,-1.0,0.0,0.20469035724384957,0.20629887779141004,0.017721511511693322,0.5
164e6eb68f31bac190381903c3cccd31,2026-10-04T17:00:00Z,Chicago Bears,New York Jets,New York Jets @ Chicago Bears,fanduel,FanDuel,player_reception_yds,recv_yds,Luther Burden,over,-114,46.5,2026-09-30T18:55:14Z,lutherburden,lutherburden,46.5,46.288669406933046,31.5435837602216,,False,,0.5327102803738317,0.4973272511246556,0.0,0.5000000000000002,"{""version"":""nfl-calibration-trace-1"",""artifact_sha256"":""7c54bf5c44243e81b12bb6e72819cc44261a6c13e823cadd48cc848089163716"",""fitted_season"":2025,""fitted_weeks"":[4,5,6,7,9,10,11,12,14],""total_graded_rows"":12904,""market_sample_size"":null,""tail_sample_size"":null,""curve"":""market_specific"",""raw_probability"":0.497327,""fitted_raw_range"":[0.012265,0.987735],""outside_fitted_range"":false,""endpoint_probabilities"":[0.483696,0.516304],""limitation"":""Endpoint clipping is not held-out evidence; total rows are not independent games or tail sample size.""}",Calibration fitted; not prospectively validated,-327.102803738315,-6.140350877192935,2026-09-30T18:55:46.584610+00:00,2026,4,over,0.5,0.5,1,46.5,2026_04_NYJ_CHI,63.0,graded,win,0.8771929824561403,1.0,0.24999999999999978,0.25,16.711330593066954,16.5
164e6eb68f31bac190381903c3cccd31,2026-10-04T17:00:00Z,Chicago Bears,New York Jets,New York Jets @ Chicago Bears,fanduel,FanDuel,player_receptions,receptions,Rome Odunze,over,104,2.5,2026-09-30T18:55:14Z,romeodunze,romeodunze,2.5,3.0580153419084715,1.4886627559232206,,False,,0.4901960784313725,0.6461115157245779,0.0,0.5475728155339805,"{""version"":""nfl-calibration-trace-1"",""artifact_sha256"":""7c54bf5c44243e81b12bb6e72819cc44261a6c13e823cadd48cc848089163716"",""fitted_season"":2025,""fitted_weeks"":[4,5,6,7,9,10,11,12,14],""total_graded_rows"":12904,""market_sample_size"":null,""tail_sample_size"":null,""curve"":""market_specific"",""raw_probability"":0.646112,""fitted_raw_range"":[0.000771,0.999229],""outside_fitted_range"":false,""endpoint_probabilities"":[0.166667,0.833333],""limitation"":""Endpoint clipping is not held-out evidence; total rows are not independent games or tail sample size.""}",Calibration fitted; not prospectively validated,573.7673710260799,11.704854368932027,2026-09-30T18:55:46.584610+00:00,2026,4,over,0.4581151832460733,0.4581151832460733,1,2.5,2026_04_NYJ_CHI,6.0,graded,win,1.04,1.0,0.20469035724384962,0.29363915462843676,2.9419846580915285,3.5
164e6eb68f31bac190381903c3cccd31,2026-10-04T17:00:00Z,Chicago Bears,New York Jets,New York Jets @ Chicago Bears,fanatics,Fanatics,player_reception_yds,recv_yds,Rome Odunze,over,-135,25.5,2026-09-30T18:54:46Z,romeodunze,romeodunze,25.5,45.74434787970524,27.95297033184349,,False,,0.574468085106383,0.765537378771152,0.0,0.5163043478260871,"{""version"":""nfl-calibration-trace-1"",""artifact_sha256"":""7c54bf5c44243e81b12bb6e72819cc44261a6c13e823cadd48cc848089163716"",""fitted_season"":2025,""fitted_weeks"":[4,5,6,7,9,10,11,12,14],""total_graded_rows"":12904,""market_sample_size"":null,""tail_sample_size"":null,""curve"":""market_specific"",""raw_probability"":0.765537,""fitted_raw_range"":[0.012265,0.987735],""outside_fitted_range"":false,""endpoint_probabilities"":[0.483696,0.516304],""limitation"":""Endpoint clipping is not held-out evidence; total rows are not independent games or tail sample size.""}",Calibration fitted; not prospectively validated,-581.6373728029589,-10.124798711755211,2026-09-30T18:55:46.584610+00:00,2026,4,over,0.5346534653465347,0.5346534653465347,1,27.0,2026_04_NYJ_CHI,94.0,graded,win,0.7407407407407407,1.0,0.23396148393194688,0.2165473973139888,48.25565212029476,68.5
164e6eb68f31bac190381903c3cccd31,2026-10-04T17:00:00Z,Chicago Bears,New York Jets,New York Jets @ Chicago Bears,fanduel,FanDuel,player_pass_tds,pass_tds,Tyson Bagent,over,118,1.5,2026-09-30T18:55:14Z,tysonbagent,tysonbagent,1.5,0.0106,,0.0106,False,,0.4587155963302752,5.578456831194767e-05,0.0,0.25,"{""version"":""nfl-calibration-trace-1"",""artifact_sha256"":""7c54bf5c44243e81b12bb6e72819cc44261a6c13e823cadd48cc848089163716"",""fitted_season"":2025,""fitted_weeks"":[4,5,6,7,9,10,11,12,14],""total_graded_rows"":12904,""market_sample_size"":null,""tail_sample_size"":null,""curve"":""pooled"",""raw_probability"":5.6e-05,""fitted_raw_range"":[4.8e-05,0.999952],""outside_fitted_range"":false,""endpoint_probabilities"":[0.25,0.75],""limitation"":""Endpoint clipping is not held-out evidence; total rows are not independent games or tail sample size.""}",Calibration fitted; not prospectively validated,-2087.1559633027528,-45.50000000000001,2026-09-30T18:55:46.584610+00:00,2026,4,over,0.4282584157758449,0.4282584157758449,1,1.5,2026_04_NYJ_CHI,0.0,graded,loss,-1.0,0.0,0.0625,0.18340527068283644,0.0106,1.5
164e6eb68f31bac190381903c3cccd31,2026-10-04T17:00:00Z,Chicago Bears,New York Jets,New York Jets @ Chicago Bears,fanatics,Fanatics,player_pass_yds,pass_yds,Tyson Bagent,over,-115,200.5,2026-09-30T18:54:46Z,tysonbagent,tysonbagent,200.5,132.360066469595,89.07181783839165,,False,"{""version"":""nfl-projection-trace-1"",""current_sample"":[{""season"":2026,""week"":2,""attempts"":9,""completions"":5,""passing_yards"":54}],""recent_mean_weight"":0.2,""yards_per_completion_recent_weight"":0.2,""career_baselines"":{""attempts"":{""mean"":24.178268,""games"":11,""position_pool_mean"":27.802292},""yards_per_completion"":{""mean"":10.906279,""games"":9,""position_pool_mean"":10.957484}},""attempts"":21.142615,""completion_rate"":0.555556,""yards_per_completion"":10.885023,""limitations"":[""Appearance totals do not distinguish partial games from normal starter workloads."",""Completion rate uses recent games without career shrinkage."",""Variance omits completion-rate uncertainty and dependence among components.""],""mean_stages"":{""before_adjustments"":127.854361,""after_defense"":124.867987,""after_venue"":132.360066,""final"":132.360066}}",0.5348837209302325,0.2221357960984408,0.0,0.4999999999999999,"{""version"":""nfl-calibration-trace-1"",""artifact_sha256"":""7c54bf5c44243e81b12bb6e72819cc44261a6c13e823cadd48cc848089163716"",""fitted_season"":2025,""fitted_weeks"":[4,5,6,7,9,10,11,12,14],""total_graded_rows"":12904,""market_sample_size"":null,""tail_sample_size"":null,""curve"":""market_specific"",""raw_probability"":0.222136,""fitted_raw_range"":[0.092856,0.907144],""outside_fitted_range"":false,""endpoint_probabilities"":[0.02,0.98],""limitation"":""Endpoint clipping is not held-out evidence; total rows are not independent games or tail sample size.""}",Calibration fitted; not prospectively validated,-348.8372093023256,-6.521739130434789,2026-09-30T18:55:46.584610+00:00,2026,4,over,0.5,0.5,1,201.5,2026_04_NYJ_CHI,268.0,graded,win,0.8695652173913043,1.0,0.2500000000000001,0.25,135.639933530405,67.5
1b4f2e60ce83fa1d63a5dff83769d27c,2026-10-04T17:00:00Z,Philadelphia Eagles,Los Angeles Rams,Los Angeles Rams @ Philadelphia Eagles,betonlineag,BetOnline.ag,player_rush_attempts,rush_attempts,Blake Corum,over,-103,9.5,2026-09-30T18:54:58Z,blakecorum,blakecorum,9.5,7.874173692066976,4.8131046639779305,,False,,0.5073891625615764,0.367760121587652,0.0,0.4915254237288136,"{""version"":""nfl-calibration-trace-1"",""artifact_sha256"":""7c54bf5c44243e81b12bb6e72819cc44261a6c13e823cadd48cc848089163716"",""fitted_season"":2025,""fitted_weeks"":[4,5,6,7,9,10,11,12,14],""total_graded_rows"":12904,""market_sample_size"":null,""tail_sample_size"":null,""curve"":""market_specific"",""raw_probability"":0.36776,""fitted_raw_range"":[4.8e-05,0.999952],""outside_fitted_range"":false,""endpoint_probabilities"":[0.405405,0.594595],""limitation"":""Endpoint clipping is not held-out evidence; total rows are not independent games or tail sample size.""}",Calibration fitted; not prospectively validated,-158.6373883276282,-3.12654270199112,2026-09-30T18:55:46.584610+00:00,2026,4,over,0.4773429454170958,0.4855542657260042,2,9.5,2026_04_LA_PHI,5.0,graded,loss,-1.0,0.0,0.24159724217178974,0.23576294496471908,2.874173692066976,4.5
1b4f2e60ce83fa1d63a5dff83769d27c,2026-10-04T17:00:00Z,Philadelphia Eagles,Los Angeles Rams,Los Angeles Rams @ Philadelphia Eagles,draftkings,DraftKings,player_rush_yds,rush_yds,Blake Corum,over,-109,41.5,2026-09-30T18:54:01Z,blakecorum,blakecorum,41.5,32.45604103978848,24.951711858407755,,False,,0.5215311004784688,0.3585047315196872,0.0,0.4999999999999998,"{""version"":""nfl-calibration-trace-1"",""artifact_sha256"":""7c54bf5c44243e81b12bb6e72819cc44261a6c13e823cadd48cc848089163716"",""fitted_season"":2025,""fitted_weeks"":[4,5,6,7,9,10,11,12,14],""total_graded_rows"":12904,""market_sample_size"":null,""tail_sample_size"":null,""curve"":""market_specific"",""raw_probability"":0.358505,""fitted_raw_range"":[0.000122,0.999878],""outside_fitted_range"":false,""endpoint_probabilities"":[0.02,0.98],""limitation"":""Endpoint clipping is not held-out evidence; total rows are not independent games or tail sample size.""}",Calibration fitted; not prospectively validated,-215.31100478469068,-4.128440366972508,2026-09-30T18:55:46.584610+00:00,2026,4,over,0.4936802190857384,0.5,3,41.5,2026_04_LA_PHI,14.0,graded,loss,-1.0,0.0,0.24999999999999978,0.25,18.45604103978848,27.5
1b4f2e60ce83fa1d63a5dff83769d27c,2026-10-04T17:00:00Z,Philadelphia Eagles,Los Angeles Rams,Los Angeles Rams @ Philadelphia Eagles,betrivers,BetRivers,player_receptions,receptions,Davante Adams,over,116,5.5,2026-09-30T18:55:10Z,davanteadams,davanteadams,5.5,5.387001164410909,1.8725172084320283,,False,,0.4629629629629629,0.4759400516745669,0.0,0.4591194968553459,"{""version"":""nfl-calibration-trace-1"",""artifact_sha256"":""7c54bf5c44243e81b12bb6e72819cc44261a6c13e823cadd48cc848089163716"",""fitted_season"":2025,""fitted_weeks"":[4,5,6,7,9,10,11,12,14],""total_graded_rows"":12904,""market_sample_size"":null,""tail_sample_size"":null,""curve"":""market_specific"",""raw_probability"":0.47594,""fitted_raw_range"":[0.000771,0.999229],""outside_fitted_range"":false,""endpoint_probabilities"":[0.166667,0.833333],""limitation"":""Endpoint clipping is not held-out evidence; total rows are not independent games or tail sample size.""}",Calibration fitted; not prospectively validated,-38.43466107617044,-0.8301886792452806,2026-09-30T18:55:46.584610+00:00,2026,4,over,,0.4394052470103807,2,5.5,2026_04_LA_PHI,4.0,graded,loss,-1.0,0.0,0.210790712392706,0.19307697110025368,1.3870011644109086,1.5
1b4f2e60ce83fa1d63a5dff83769d27c,2026-10-04T17:00:00Z,Philadelphia Eagles,Los Angeles Rams,Los Angeles Rams @ Philadelphia Eagles,draftkings,DraftKings,player_reception_yds,recv_yds,Davante Adams,over,-113,72.5,2026-09-30T18:54:01Z,davanteadams,davanteadams,72.5,84.13842042148035,42.90910958299083,,False,,0.5305164319248826,0.6068945662480149,0.0,0.5010141987829615,"{""version"":""nfl-calibration-trace-1"",""artifact_sha256"":""7c54bf5c44243e81b12bb6e72819cc44261a6c13e823cadd48cc848089163716"",""fitted_season"":2025,""fitted_weeks"":[4,5,6,7,9,10,11,12,14],""total_graded_rows"":12904,""market_sample_size"":null,""tail_sample_size"":null,""curve"":""market_specific"",""raw_probability"":0.606895,""fitted_raw_range"":[0.012265,0.987735],""outside_fitted_range"":false,""endpoint_probabilities"":[0.483696,0.516304],""limitation"":""Endpoint clipping is not held-out evidence; total rows are not independent games or tail sample size.""}",Calibration fitted; not prospectively validated,-295.0223314192113,-5.561040406397522,2026-09-30T18:55:46.584610+00:00,2026,4,over,0.5021058838394474,0.5010529419197237,2,73.5,2026_04_LA_PHI,32.0,graded,loss,-1.0,0.0,0.25101522738213283,0.25105405060641,52.13842042148035,40.5
1b4f2e60ce83fa1d63a5dff83769d27c,2026-10-04T17:00:00Z,Philadelphia Eagles,Los Angeles Rams,Los Angeles Rams @ Philadelphia Eagles,betrivers,BetRivers,player_receptions,receptions,Dontayvion Wicks,over,135,3.5,2026-09-30T18:55:10Z,dontayvionwicks,dontayvionwicks,3.5,2.278846409493518,1.197816969760968,,False,,0.425531914893617,0.1539869485114128,0.0,0.4210526315789473,"{""version"":""nfl-calibration-trace-1"",""artifact_sha256"":""7c54bf5c44243e81b12bb6e72819cc44261a6c13e823cadd48cc848089163716"",""fitted_season"":2025,""fitted_weeks"":[4,5,6,7,9,10,11,12,14],""total_graded_rows"":12904,""market_sample_size"":null,""tail_sample_size"":null,""curve"":""market_specific"",""raw_probability"":0.153987,""fitted_raw_range"":[0.000771,0.999229],""outside_fitted_range"":false,""endpoint_probabilities"":[0.166667,0.833333],""limitation"":""Endpoint clipping is not held-out evidence; total rows are not independent games or tail sample size.""}",Calibration fitted; not prospectively validated,-44.7928331466968,-1.0526315789473717,2026-09-30T18:55:46.584610+00:00,2026,4,over,,0.4077043292503693,2,3.5,2026_04_LA_PHI,3.0,graded,loss,-1.0,0.0,0.17728531855955673,0.16622282008949354,0.7211535905064821,0.5
1b4f2e60ce83fa1d63a5dff83769d27c,2026-10-04T17:00:00Z,Philadelphia Eagles,Los Angeles Rams,Los Angeles Rams @ Philadelphia Eagles,betonlineag,BetOnline.ag,player_reception_yds,recv_yds,Dontayvion Wicks,over,-114,40.5,2026-09-30T18:54:58Z,dontayvionwicks,dontayvionwicks,40.5,34.191835634358725,22.49125691272533,,False,,0.5327102803738317,0.3895577609635786,0.0,0.4989858012170386,"{""version"":""nfl-calibration-trace-1"",""artifact_sha256"":""7c54bf5c44243e81b12bb6e72819cc44261a6c13e823cadd48cc848089163716"",""fitted_season"":2025,""fitted_weeks"":[4,5,6,7,9,10,11,12,14],""total_graded_rows"":12904,""market_sample_size"":null,""tail_sample_size"":null,""curve"":""market_specific"",""raw_probability"":0.389558,""fitted_raw_range"":[0.012265,0.987735],""outside_fitted_range"":false,""endpoint_probabilities"":[0.483696,0.516304],""limitation"":""Endpoint clipping is not held-out evidence; total rows are not independent games or tail sample size.""}",Calibration fitted; not prospectively validated,-337.2447915679305,-6.330735561012036,2026-09-30T18:55:46.584610+00:00,2026,4,over,0.5,0.5,2,40.0,2026_04_LA_PHI,18.0,graded,loss,-1.0,0.0,0.24898682981620998,0.25,16.191835634358725,22.5
1b4f2e60ce83fa1d63a5dff83769d27c,2026-10-04T17:00:00Z,Philadelphia Eagles,Los Angeles Rams,Los Angeles Rams @ Philadelphia Eagles,betonlineag,BetOnline.ag,player_pass_attempts,pass_attempts,Jalen Hurts,over,-123,29.5,2026-09-30T18:54:58Z,jalenhurts,jalenhurts,29.5,25.96175193446878,9.096349431844356,,False,"{""version"":""nfl-projection-trace-1"",""current_sample"":[{""season"":2026,""week"":1,""attempts"":25,""completions"":14,""passing_yards"":203},{""season"":2026,""week"":2,""attempts"":37,""completions"":26,""passing_yards"":264},{""season"":2026,""week"":3,""attempts"":25,""completions"":16,""passing_yards"":153}],""recent_mean_weight"":0.428571,""yards_per_completion_recent_weight"":0.428571,""career_baselines"":{""attempts"":{""mean"":27.450774,""games"":102,""position_pool_mean"":27.802292},""yards_per_completion"":{""mean"":11.180585,""games"":96,""position_pool_mean"":10.957484}},""attempts"":27.719124,""completion_rate"":0.647872,""yards_per_completion"":10.769136,""limitations"":[""Appearance totals do not distinguish partial games from normal starter workloads."",""Completion rate uses recent games without career shrinkage."",""Variance omits completion-rate uncertainty and dependence among components.""],""mean_stages"":{""before_adjustments"":27.719124,""after_defense"":25.961752,""after_venue"":25.961752,""final"":25.961752}}",0.5515695067264574,0.3486475011683936,0.0,0.3636363636363636,"{""version"":""nfl-calibration-trace-1"",""artifact_sha256"":""7c54bf5c44243e81b12bb6e72819cc44261a6c13e823cadd48cc848089163716"",""fitted_season"":2025,""fitted_weeks"":[4,5,6,7,9,10,11,12,14],""total_graded_rows"":12904,""market_sample_size"":null,""tail_sample_size"":null,""curve"":""market_specific"",""raw_probability"":0.348648,""fitted_raw_range"":[0.187653,0.812347],""outside_fitted_range"":false,""endpoint_probabilities"":[0.02,0.98],""limitation"":""Endpoint clipping is not held-out evidence; total rows are not independent games or tail sample size.""}",Calibration fitted; not prospectively validated,-1879.331430900938,-34.07243163340724,2026-09-30T18:55:46.584610+00:00,2026,4,over,0.519675254742772,0.5217670879522989,2,29.5,2026_04_LA_PHI,27.0,graded,loss,-1.0,0.0,0.13223140495867766,0.272240894070222,1.0382480655312207,2.5
1b4f2e60ce83fa1d63a5dff83769d27c,2026-10-04T17:00:00Z,Philadelphia Eagles,Los Angeles Rams,Los Angeles Rams @ Philadelphia Eagles,betonlineag,BetOnline.ag,player_pass_completions,pass_completions,Jalen Hurts,over,-123,18.5,2026-09-30T18:54:58Z,jalenhurts,jalenhurts,18.5,16.81990481531266,5.893274536966494,,False,"{""version"":""nfl-projection-trace-1"",""current_sample"":[{""season"":2026,""week"":1,""attempts"":25,""completions"":14,""passing_yards"":203},{""season"":2026,""week"":2,""attempts"":37,""completions"":26,""passing_yards"":264},{""season"":2026,""week"":3,""attempts"":25,""completions"":16,""passing_yards"":153}],""recent_mean_weight"":0.428571,""yards_per_completion_recent_weight"":0.428571,""career_baselines"":{""attempts"":{""mean"":27.450774,""games"":102,""position_pool_mean"":27.802292},""yards_per_completion"":{""mean"":11.180585,""games"":96,""position_pool_mean"":10.957484}},""attempts"":27.719124,""completion_rate"":0.647872,""yards_per_completion"":10.769136,""limitations"":[""Appearance totals do not distinguish partial games from normal starter workloads."",""Completion rate uses recent games without career shrinkage."",""Variance omits completion-rate uncertainty and dependence among components.""],""mean_stages"":{""before_adjustments"":17.958458,""after_defense"":16.819905,""after_venue"":16.819905,""final"":16.819905}}",0.5515695067264574,0.3877887949945795,0.0,0.5000000000000001,"{""version"":""nfl-calibration-trace-1"",""artifact_sha256"":""7c54bf5c44243e81b12bb6e72819cc44261a6c13e823cadd48cc848089163716"",""fitted_season"":2025,""fitted_weeks"":[4,5,6,7,9,10,11,12,14],""total_graded_rows"":12904,""market_sample_size"":null,""tail_sample_size"":null,""curve"":""market_specific"",""raw_probability"":0.387789,""fitted_raw_range"":[0.026155,0.973845],""outside_fitted_range"":false,""endpoint_probabilities"":[0.457143,0.542857],""limitation"":""Endpoint clipping is not held-out evidence; total rows are not independent games or tail sample size.""}",Calibration fitted; not prospectively validated,-515.6950672645733,-9.349593495934949,2026-09-30T18:55:46.584610+00:00,2026,4,over,0.5185070943861814,0.5201357294333693,2,18.5,2026_04_LA_PHI,12.0,graded,loss,-1.0,0.0,0.2500000000000001,0.27054117703318314,4.819904815312661,6.5
1b4f2e60ce83fa1d63a5dff83769d27c,2026-10-04T17:00:00Z,Philadelphia Eagles,Los Angeles Rams,Los Angeles Rams @ Philadelphia Eagles,draftkings,DraftKings,player_pass_tds,pass_tds,Jalen Hurts,over,192,1.5,2026-09-30T18:54:01Z,jalenhurts,jalenhurts,1.5,1.7666666666666668,,1.7666666666666668,False,,0.3424657534246575,0.5271719279157814,0.0,0.5000000000000001,"{""version"":""nfl-calibration-trace-1"",""artifact_sha256"":""7c54bf5c44243e81b12bb6e72819cc44261a6c13e823cadd48cc848089163716"",""fitted_season"":2025,""fitted_weeks"":[4,5,6,7,9,10,11,12,14],""total_graded_rows"":12904,""market_sample_size"":null,""tail_sample_size"":null,""curve"":""pooled"",""raw_probability"":0.527172,""fitted_raw_range"":[4.8e-05,0.999952],""outside_fitted_range"":false,""endpoint_probabilities"":[0.25,0.75],""limitation"":""Endpoint clipping is not held-out evidence; total rows are not independent games or tail sample size.""}",Calibration fitted; not prospectively validated,1575.342465753426,46.00000000000004,2026-09-30T18:55:46.584610+00:00,2026,4,over,0.3243253289718236,0.3289914101091529,4,1.5,2026_04_LA_PHI,2.0,graded,win,1.92,1.0,0.2499999999999999,0.45025252770730306,0.23333333333333317,0.5
1b4f2e60ce83fa1d63a5dff83769d27c,2026-10-04T17:00:00Z,Philadelphia Eagles,Los Angeles Rams,Los Angeles Rams @ Philadelphia Eagles,betonlineag,BetOnline.ag,player_pass_yds,pass_yds,Jalen Hurts,over,-114,204.5,2026-09-30T18:54:58Z,jalenhurts,jalenhurts,204.5,192.0039919977471,76.2843135964347,,False,"{""version"":""nfl-projection-trace-1"",""current_sample"":[{""season"":2026,""week"":1,""attempts"":25,""completions"":14,""passing_yards"":203},{""season"":2026,""week"":2,""attempts"":37,""completions"":26,""passing_yards"":264},{""season"":2026,""week"":3,""attempts"":25,""completions"":16,""passing_yards"":153}],""recent_mean_weight"":0.428571,""yards_per_completion_recent_weight"":0.428571,""career_baselines"":{""attempts"":{""mean"":27.450774,""games"":102,""position_pool_mean"":27.802292},""yards_per_completion"":{""mean"":11.180585,""games"":96,""position_pool_mean"":10.957484}},""attempts"":27.719124,""completion_rate"":0.647872,""yards_per_completion"":10.769136,""limitations"":[""Appearance totals do not distinguish partial games from normal starter workloads."",""Completion rate uses recent games without career shrinkage."",""Variance omits completion-rate uncertainty and dependence among components.""],""mean_stages"":{""before_adjustments"":193.39707,""after_defense"":181.135842,""after_venue"":192.003992,""final"":192.003992}}",0.5327102803738317,0.4349410066842242,0.0,0.4999999999999999,"{""version"":""nfl-calibration-trace-1"",""artifact_sha256"":""7c54bf5c44243e81b12bb6e72819cc44261a6c13e823cadd48cc848089163716"",""fitted_season"":2025,""fitted_weeks"":[4,5,6,7,9,10,11,12,14],""total_graded_rows"":12904,""market_sample_size"":null,""tail_sample_size"":null,""curve"":""market_specific"",""raw_probability"":0.434941,""fitted_raw_range"":[0.092856,0.907144],""outside_fitted_range"":false,""endpoint_probabilities"":[0.02,0.98],""limitation"":""Endpoint clipping is not held-out evidence; total rows are not independent games or tail sample size.""}",Calibration fitted; not prospectively validated,-327.1028037383178,-6.140350877192979,2026-09-30T18:55:46.584610+00:00,2026,4,over,0.5,0.5,2,203.0,2026_04_LA_PHI,93.0,graded,loss,-1.0,0.0,0.2499999999999999,0.25,99.00399199774711,111.5
1b4f2e60ce83fa1d63a5dff83769d27c,2026-10-04T17:00:00Z,Philadelphia Eagles,Los Angeles Rams,Los Angeles Rams @ Philadelphia Eagles,betonlineag,BetOnline.ag,player_rush_attempts,rush_attempts,Jalen Hurts,over,-127,5.5,2026-09-30T18:54:58Z,jalenhurts,jalenhurts,5.5,7.049304416008898,3.7828616788218383,,False,,0.5594713656387665,0.6589351997709176,0.0,0.506993006993007,"{""version"":""nfl-calibration-trace-1"",""artifact_sha256"":""7c54bf5c44243e81b12bb6e72819cc44261a6c13e823cadd48cc848089163716"",""fitted_season"":2025,""fitted_weeks"":[4,5,6,7,9,10,11,12,14],""total_graded_rows"":12904,""market_sample_size"":null,""tail_sample_size"":null,""curve"":""market_specific"",""raw_probability"":0.658935,""fitted_raw_range"":[4.8e-05,0.999952],""outside_fitted_range"":false,""endpoint_probabilities"":[0.405405,0.594595],""limitation"":""Endpoint clipping is not held-out evidence; total rows are not independent games or tail sample size.""}",Calibration fitted; not prospectively validated,-524.7835864575956,-9.379990088651514,2026-09-30T18:55:46.584610+00:00,2026,4,over,0.5256105556466153,0.5351789307939756,2,5.5,2026_04_LA_PHI,5.0,graded,loss,-1.0,0.0,0.25704190913981123,0.28641648796578295,2.049304416008898,0.5
1b4f2e60ce83fa1d63a5dff83769d27c,2026-10-04T17:00:00Z,Philadelphia Eagles,Los Angeles Rams,Los Angeles Rams @ Philadelphia Eagles,betonlineag,BetOnline.ag,player_rush_yds,rush_yds,Jalen Hurts,over,-114,24.5,2026-09-30T18:54:58Z,jalenhurts,jalenhurts,24.5,34.62975885395397,22.5521733024944,,False,,0.5327102803738317,0.6733454732311898,0.0,0.5647668393782382,"{""version"":""nfl-calibration-trace-1"",""artifact_sha256"":""7c54bf5c44243e81b12bb6e72819cc44261a6c13e823cadd48cc848089163716"",""fitted_season"":2025,""fitted_weeks"":[4,5,6,7,9,10,11,12,14],""total_graded_rows"":12904,""market_sample_size"":null,""tail_sample_size"":null,""curve"":""market_specific"",""raw_probability"":0.673345,""fitted_raw_range"":[0.000122,0.999878],""outside_fitted_range"":false,""endpoint_probabilities"":[0.02,0.98],""limitation"":""Endpoint clipping is not held-out evidence; total rows are not independent games or tail sample size.""}",Calibration fitted; not prospectively validated,320.5655900440652,6.01763476047632,2026-09-30T18:55:46.584610+00:00,2026,4,over,0.5,0.5,2,24.5,2026_04_LA_PHI,18.0,graded,loss,-1.0,0.0,0.31896158286128473,0.25,16.629758853953973,6.5
1b4f2e60ce83fa1d63a5dff83769d27c,2026-10-04T17:00:00Z,Philadelphia Eagles,Los Angeles Rams,Los Angeles Rams @ Philadelphia Eagles,betonlineag,BetOnline.ag,player_rush_attempts,rush_attempts,Kyren Williams,over,-115,13.5,2026-09-30T18:54:58Z,kyrenwilliams,kyrenwilliams,13.5,13.74759290615912,5.0640241092090825,,False,,0.5348837209302325,0.5194975255264546,0.0,0.506993006993007,"{""version"":""nfl-calibration-trace-1"",""artifact_sha256"":""7c54bf5c44243e81b12bb6e72819cc44261a6c13e823cadd48cc848089163716"",""fitted_season"":2025,""fitted_weeks"":[4,5,6,7,9,10,11,12,14],""total_graded_rows"":12904,""market_sample_size"":null,""tail_sample_size"":null,""curve"":""market_specific"",""raw_probability"":0.519498,""fitted_raw_range"":[4.8e-05,0.999952],""outside_fitted_range"":false,""endpoint_probabilities"":[0.405405,0.594595],""limitation"":""Endpoint clipping is not held-out evidence; total rows are not independent games or tail sample size.""}",Calibration fitted; not prospectively validated,-278.9071393722553,-5.214350866524775,2026-09-30T18:55:46.584610+00:00,2026,4,over,0.5030953363598845,0.5030953363598845,3,13.5,2026_04_LA_PHI,16.0,graded,win,0.8695652173913043,1.0,0.24305589515379727,0.24691424474729637,2.25240709384088,2.5
1b4f2e60ce83fa1d63a5dff83769d27c,2026-10-04T17:00:00Z,Philadelphia Eagles,Los Angeles Rams,Los Angeles Rams @ Philadelphia Eagles,draftkings,DraftKings,player_rush_yds,rush_yds,Kyren Williams,over,-112,57.5,2026-09-30T18:54:01Z,kyrenwilliams,kyrenwilliams,57.5,69.99634929830593,33.4704277147395,,False,,0.5283018867924528,0.6455578516945913,0.0,0.4999999999999998,"{""version"":""nfl-calibration-trace-1"",""artifact_sha256"":""7c54bf5c44243e81b12bb6e72819cc44261a6c13e823cadd48cc848089163716"",""fitted_season"":2025,""fitted_weeks"":[4,5,6,7,9,10,11,12,14],""total_graded_rows"":12904,""market_sample_size"":null,""tail_sample_size"":null,""curve"":""market_specific"",""raw_probability"":0.645558,""fitted_raw_range"":[0.000122,0.999878],""outside_fitted_range"":false,""endpoint_probabilities"":[0.02,0.98],""limitation"":""Endpoint clipping is not held-out evidence; total rows are not independent games or tail sample size.""}",Calibration fitted; not prospectively validated,-283.01886792453047,-5.357142857142893,2026-09-30T18:55:46.584610+00:00,2026,4,over,0.5,0.5,3,57.5,2026_04_LA_PHI,80.0,graded,win,0.8928571428571429,1.0,0.2500000000000002,0.25,10.00365070169407,22.5
1b4f2e60ce83fa1d63a5dff83769d27c,2026-10-04T17:00:00Z,Philadelphia Eagles,Los Angeles Rams,Los Angeles Rams @ Philadelphia Eagles,fanduel,FanDuel,player_receptions,receptions,Makai Lemon,over,-158,2.5,2026-09-30T18:55:18Z,makailemon,makailemon,2.5,2.9733340680414115,2.4173845989428817,,False,,0.6124031007751938,0.577618290416367,0.0,0.5420560747663551,"{""version"":""nfl-calibration-trace-1"",""artifact_sha256"":""7c54bf5c44243e81b12bb6e72819cc44261a6c13e823cadd48cc848089163716"",""fitted_season"":2025,""fitted_weeks"":[4,5,6,7,9,10,11,12,14],""total_graded_rows"":12904,""market_sample_size"":null,""tail_sample_size"":null,""curve"":""market_specific"",""raw_probability"":0.577618,""fitted_raw_range"":[0.000771,0.999229],""outside_fitted_range"":false,""endpoint_probabilities"":[0.166667,0.833333],""limitation"":""Endpoint clipping is not held-out evidence; total rows are not independent games or tail sample size.""}",Calibration fitted; not prospectively validated,-703.4702600883869,-11.487046019164804,2026-09-30T18:55:46.584610+00:00,2026,4,over,0.571741584224155,0.5801428479505822,3,2.5,2026_04_LA_PHI,3.0,graded,win,0.6329113924050633,1.0,0.20971263865839815,0.1762800281270479,0.026665931958588462,0.5
1b4f2e60ce83fa1d63a5dff83769d27c,2026-10-04T17:00:00Z,Philadelphia Eagles,Los Angeles Rams,Los Angeles Rams @ Philadelphia Eagles,draftkings,DraftKings,player_reception_yds,recv_yds,Makai Lemon,over,-110,26.5,2026-09-30T18:54:01Z,makailemon,makailemon,26.5,34.775185861617494,33.11705085600753,,False,,0.5238095238095238,0.5986587244307889,0.0,0.5010141987829615,"{""version"":""nfl-calibration-trace-1"",""artifact_sha256"":""7c54bf5c44243e81b12bb6e72819cc44261a6c13e823cadd48cc848089163716"",""fitted_season"":2025,""fitted_weeks"":[4,5,6,7,9,10,11,12,14],""total_graded_rows"":12904,""market_sample_size"":null,""tail_sample_size"":null,""curve"":""market_specific"",""raw_probability"":0.598659,""fitted_raw_range"":[0.012265,0.987735],""outside_fitted_range"":false,""endpoint_probabilities"":[0.483696,0.516304],""limitation"":""Endpoint clipping is not held-out evidence; total rows are not independent games or tail sample size.""}",Calibration fitted; not prospectively validated,-227.9532502656234,-4.351834777798269,2026-09-30T18:55:46.584610+00:00,2026,4,over,0.495787700084246,0.497893850042123,4,26.5,2026_04_LA_PHI,27.0,graded,win,0.9090909090909091,1.0,0.24898682981620987,0.25211058582552204,7.775185861617494,0.5
1b4f2e60ce83fa1d63a5dff83769d27c,2026-10-04T17:00:00Z,Philadelphia Eagles,Los Angeles Rams,Los Angeles Rams @ Philadelphia Eagles,draftkings,DraftKings,player_pass_attempts,pass_attempts,Matthew Stafford,over,-123,34.5,2026-09-30T18:54:01Z,matthewstafford,matthewstafford,34.5,35.81487839325685,10.139393469362572,,False,"{""version"":""nfl-projection-trace-1"",""current_sample"":[{""season"":2026,""week"":1,""attempts"":25,""completions"":15,""passing_yards"":155},{""season"":2026,""week"":2,""attempts"":31,""completions"":22,""passing_yards"":327},{""season"":2026,""week"":3,""attempts"":55,""completions"":30,""passing_yards"":390}],""recent_mean_weight"":0.428571,""yards_per_completion_recent_weight"":0.428571,""career_baselines"":{""attempts"":{""mean"":32.591705,""games"":100,""position_pool_mean"":27.802292},""yards_per_completion"":{""mean"":11.683867,""games"":100,""position_pool_mean"":10.957484}},""attempts"":38.239216,""completion_rate"":0.593157,""yards_per_completion"":12.0,""limitations"":[""Appearance totals do not distinguish partial games from normal starter workloads."",""Completion rate uses recent games without career shrinkage."",""Variance omits completion-rate uncertainty and dependence among components.""],""mean_stages"":{""before_adjustments"":38.239216,""after_defense"":35.814878,""after_venue"":35.814878,""final"":35.814878}}",0.5515695067264574,0.5515902687970147,0.0,0.5,"{""version"":""nfl-calibration-trace-1"",""artifact_sha256"":""7c54bf5c44243e81b12bb6e72819cc44261a6c13e823cadd48cc848089163716"",""fitted_season"":2025,""fitted_weeks"":[4,5,6,7,9,10,11,12,14],""total_graded_rows"":12904,""market_sample_size"":null,""tail_sample_size"":null,""curve"":""market_specific"",""raw_probability"":0.55159,""fitted_raw_range"":[0.187653,0.812347],""outside_fitted_range"":false,""endpoint_probabilities"":[0.02,0.98],""limitation"":""Endpoint clipping is not held-out evidence; total rows are not independent games or tail sample size.""}",Calibration fitted; not prospectively validated,-515.6950672645744,-9.34959349593496,2026-09-30T18:55:46.584610+00:00,2026,4,over,0.519675254742772,0.5226429051946937,2,34.5,2026_04_LA_PHI,51.0,graded,win,0.8130081300813008,1.0,0.25,0.22786979596096218,15.185121606743152,16.5
1b4f2e60ce83fa1d63a5dff83769d27c,2026-10-04T17:00:00Z,Philadelphia Eagles,Los Angeles Rams,Los Angeles Rams @ Philadelphia Eagles,draftkings,DraftKings,player_pass_completions,pass_completions,Matthew Stafford,over,105,21.5,2026-09-30T18:54:01Z,matthewstafford,matthewstafford,21.5,21.24385944186536,6.014256067653185,,False,"{""version"":""nfl-projection-trace-1"",""current_sample"":[{""season"":2026,""week"":1,""attempts"":25,""completions"":15,""passing_yards"":155},{""season"":2026,""week"":2,""attempts"":31,""completions"":22,""passing_yards"":327},{""season"":2026,""week"":3,""attempts"":55,""completions"":30,""passing_yards"":390}],""recent_mean_weight"":0.428571,""yards_per_completion_recent_weight"":0.428571,""career_baselines"":{""attempts"":{""mean"":32.591705,""games"":100,""position_pool_mean"":27.802292},""yards_per_completion"":{""mean"":11.683867,""games"":100,""position_pool_mean"":10.957484}},""attempts"":38.239216,""completion_rate"":0.593157,""yards_per_completion"":12.0,""limitations"":[""Appearance totals do not distinguish partial games from normal starter workloads."",""Completion rate uses recent games without career shrinkage."",""Variance omits completion-rate uncertainty and dependence among components.""],""mean_stages"":{""before_adjustments"":22.681873,""after_defense"":21.243859,""after_venue"":21.243859,""final"":21.243859}}",0.4878048780487805,0.4830146214666875,0.0,0.5000000000000001,"{""version"":""nfl-calibration-trace-1"",""artifact_sha256"":""7c54bf5c44243e81b12bb6e72819cc44261a6c13e823cadd48cc848089163716"",""fitted_season"":2025,""fitted_weeks"":[4,5,6,7,9,10,11,12,14],""total_graded_rows"":12904,""market_sample_size"":null,""tail_sample_size"":null,""curve"":""market_specific"",""raw_probability"":0.483015,""fitted_raw_range"":[0.026155,0.973845],""outside_fitted_range"":false,""endpoint_probabilities"":[0.457143,0.542857],""limitation"":""Endpoint clipping is not held-out evidence; total rows are not independent games or tail sample size.""}",Calibration fitted; not prospectively validated,121.95121951219636,2.5000000000000355,2026-09-30T18:55:46.584610+00:00,2026,4,over,0.4599960684096717,0.4626307953150556,2,21.5,2026_04_LA_PHI,32.0,graded,win,1.05,1.0,0.2499999999999999,0.2887656621437297,10.75614055813464,10.5
1b4f2e60ce83fa1d63a5dff83769d27c,2026-10-04T17:00:00Z,Philadelphia Eagles,Los Angeles Rams,Los Angeles Rams @ Philadelphia Eagles,betrivers,BetRivers,player_pass_tds,pass_tds,Matthew Stafford,over,-103,1.5,2026-09-30T18:55:10Z,matthewstafford,matthewstafford,1.5,2.0,,2.0,False,,0.5073891625615764,0.5939941502901618,0.0,0.5000000000000001,"{""version"":""nfl-calibration-trace-1"",""artifact_sha256"":""7c54bf5c44243e81b12bb6e72819cc44261a6c13e823cadd48cc848089163716"",""fitted_season"":2025,""fitted_weeks"":[4,5,6,7,9,10,11,12,14],""total_graded_rows"":12904,""market_sample_size"":null,""tail_sample_size"":null,""curve"":""pooled"",""raw_probability"":0.593994,""fitted_raw_range"":[4.8e-05,0.999952],""outside_fitted_range"":false,""endpoint_probabilities"":[0.25,0.75],""limitation"":""Endpoint clipping is not held-out evidence; total rows are not independent games or tail sample size.""}",Calibration fitted; not prospectively validated,-73.8916256157629,-1.4563106796116387,2026-09-30T18:55:46.584610+00:00,2026,4,over,0.4738819463977177,0.4898473106103318,4,1.5,2026_04_LA_PHI,0.0,graded,loss,-1.0,0.0,0.2500000000000001,0.2399503877121749,2.0,1.5
1b4f2e60ce83fa1d63a5dff83769d27c,2026-10-04T17:00:00Z,Philadelphia Eagles,Los Angeles Rams,Los Angeles Rams @ Philadelphia Eagles,betonlineag,BetOnline.ag,player_pass_yds,pass_yds,Matthew Stafford,over,-114,252.5,2026-09-30T18:54:58Z,matthewstafford,matthewstafford,252.5,254.92631330238424,87.0335540958867,,False,"{""version"":""nfl-projection-trace-1"",""current_sample"":[{""season"":2026,""week"":1,""attempts"":25,""completions"":15,""passing_yards"":155},{""season"":2026,""week"":2,""attempts"":31,""completions"":22,""passing_yards"":327},{""season"":2026,""week"":3,""attempts"":55,""completions"":30,""passing_yards"":390}],""recent_mean_weight"":0.428571,""yards_per_completion_recent_weight"":0.428571,""career_baselines"":{""attempts"":{""mean"":32.591705,""games"":100,""position_pool_mean"":27.802292},""yards_per_completion"":{""mean"":11.683867,""games"":100,""position_pool_mean"":10.957484}},""attempts"":38.239216,""completion_rate"":0.593157,""yards_per_completion"":12.0,""limitations"":[""Appearance totals do not distinguish partial games from normal starter workloads."",""Completion rate uses recent games without career shrinkage."",""Variance omits completion-rate uncertainty and dependence among components.""],""mean_stages"":{""before_adjustments"":272.182478,""after_defense"":254.926313,""after_venue"":254.926313,""final"":254.926313}}",0.5327102803738317,0.5111202352602957,0.0,0.4999999999999999,"{""version"":""nfl-calibration-trace-1"",""artifact_sha256"":""7c54bf5c44243e81b12bb6e72819cc44261a6c13e823cadd48cc848089163716"",""fitted_season"":2025,""fitted_weeks"":[4,5,6,7,9,10,11,12,14],""total_graded_rows"":12904,""market_sample_size"":null,""tail_sample_size"":null,""curve"":""market_specific"",""raw_probability"":0.51112,""fitted_raw_range"":[0.092856,0.907144],""outside_fitted_range"":false,""endpoint_probabilities"":[0.02,0.98],""limitation"":""Endpoint clipping is not held-out evidence; total rows are not independent games or tail sample size.""}",Calibration fitted; not prospectively validated,-327.1028037383178,-6.140350877192979,2026-09-30T18:55:46.584610+00:00,2026,4,over,0.5,0.5,2,250.5,2026_04_LA_PHI,317.0,graded,win,0.8771929824561403,1.0,0.2500000000000001,0.25,62.073686697615756,64.5
1b4f2e60ce83fa1d63a5dff83769d27c,2026-10-04T17:00:00Z,Philadelphia Eagles,Los Angeles Rams,Los Angeles Rams @ Philadelphia Eagles,bovada,Bovada,player_rush_attempts,rush_attempts,Saquon Barkley,over,-115,17.5,2026-09-30T18:54:05Z,saquonbarkley,saquonbarkley,17.5,14.611748305437107,6.085840910838014,,False,,0.5348837209302325,0.3175412308724422,0.0,0.4915254237288136,"{""version"":""nfl-calibration-trace-1"",""artifact_sha256"":""7c54bf5c44243e81b12bb6e72819cc44261a6c13e823cadd48cc848089163716"",""fitted_season"":2025,""fitted_weeks"":[4,5,6,7,9,10,11,12,14],""total_graded_rows"":12904,""market_sample_size"":null,""tail_sample_size"":null,""curve"":""market_specific"",""raw_probability"":0.317541,""fitted_raw_range"":[4.8e-05,0.999952],""outside_fitted_range"":false,""endpoint_probabilities"":[0.405405,0.594595],""limitation"":""Endpoint clipping is not held-out evidence; total rows are not independent games or tail sample size.""}",Calibration fitted; not prospectively validated,-433.5829720141893,-8.106116433308753,2026-09-30T18:55:46.584610+00:00,2026,4,over,0.5,0.5082196284727931,2,17.5,2026_04_LA_PHI,2.0,graded,loss,-1.0,0.0,0.24159724217178974,0.2582871907650239,12.611748305437107,15.5
1b4f2e60ce83fa1d63a5dff83769d27c,2026-10-04T17:00:00Z,Philadelphia Eagles,Los Angeles Rams,Los Angeles Rams @ Philadelphia Eagles,betonlineag,BetOnline.ag,player_rush_yds,rush_yds,Saquon Barkley,over,-112,78.5,2026-09-30T18:54:58Z,saquonbarkley,saquonbarkley,78.5,67.79236919668482,39.04931732246831,,False,,0.5283018867924528,0.3919624335803463,0.0,0.4999999999999998,"{""version"":""nfl-calibration-trace-1"",""artifact_sha256"":""7c54bf5c44243e81b12bb6e72819cc44261a6c13e823cadd48cc848089163716"",""fitted_season"":2025,""fitted_weeks"":[4,5,6,7,9,10,11,12,14],""total_graded_rows"":12904,""market_sample_size"":null,""tail_sample_size"":null,""curve"":""market_specific"",""raw_probability"":0.391962,""fitted_raw_range"":[0.000122,0.999878],""outside_fitted_range"":false,""endpoint_probabilities"":[0.02,0.98],""limitation"":""Endpoint clipping is not held-out evidence; total rows are not independent games or tail sample size.""}",Calibration fitted; not prospectively validated,-283.01886792453047,-5.357142857142893,2026-09-30T18:55:46.584610+00:00,2026,4,over,0.4969046636401156,0.4984523318200577,2,78.5,2026_04_LA_PHI,8.0,graded,loss,-1.0,0.0,0.24999999999999978,0.24845472709685293,59.79236919668482,70.5
2ea94ddf20f66432b9024fe2e2eaba5f,2026-10-04T17:00:00Z,Cincinnati Bengals,Jacksonville Jaguars,Jacksonville Jaguars @ Cincinnati Bengals,draftkings,DraftKings,player_rush_attempts,rush_attempts,Bhayshul Tuten,over,-127,12.5,2026-09-30T18:54:00Z,bhayshultuten,bhayshultuten,12.5,9.581900381787383,4.564668481052641,,False,,0.5594713656387665,0.2613205158728248,0.0,0.4473684210526316,"{""version"":""nfl-calibration-trace-1"",""artifact_sha256"":""7c54bf5c44243e81b12bb6e72819cc44261a6c13e823cadd48cc848089163716"",""fitted_season"":2025,""fitted_weeks"":[4,5,6,7,9,10,11,12,14],""total_graded_rows"":12904,""market_sample_size"":null,""tail_sample_size"":null,""curve"":""market_specific"",""raw_probability"":0.261321,""fitted_raw_range"":[4.8e-05,0.999952],""outside_fitted_range"":false,""endpoint_probabilities"":[0.405405,0.594595],""limitation"":""Endpoint clipping is not held-out evidence; total rows are not independent games or tail sample size.""}",Calibration fitted; not prospectively validated,-1121.0294458613496,-20.03729796933278,2026-09-30T18:55:46.584610+00:00,2026,4,over,0.528066528066528,0.528066528066528,1,13.0,2026_04_JAX_CIN,17.0,graded,win,0.7874015748031497,1.0,0.3054016620498614,0.22272120193118122,7.418099618212617,4.5
2ea94ddf20f66432b9024fe2e2eaba5f,2026-10-04T17:00:00Z,Cincinnati Bengals,Jacksonville Jaguars,Jacksonville Jaguars @ Cincinnati Bengals,draftkings,DraftKings,player_rush_yds,rush_yds,Bhayshul Tuten,over,-109,55.5,2026-09-30T18:54:00Z,bhayshultuten,bhayshultuten,55.5,41.92053240490622,28.80830775874124,,False,,0.5215311004784688,0.3186870834962755,0.0,0.4352331606217616,"{""version"":""nfl-calibration-trace-1"",""artifact_sha256"":""7c54bf5c44243e81b12bb6e72819cc44261a6c13e823cadd48cc848089163716"",""fitted_season"":2025,""fitted_weeks"":[4,5,6,7,9,10,11,12,14],""total_graded_rows"":12904,""market_sample_size"":null,""tail_sample_size"":null,""curve"":""market_specific"",""raw_probability"":0.318687,""fitted_raw_range"":[0.000122,0.999878],""outside_fitted_range"":false,""endpoint_probabilities"":[0.02,0.98],""limitation"":""Endpoint clipping is not held-out evidence; total rows are not independent games or tail sample size.""}",Calibration fitted; not prospectively validated,-862.9793985670719,-16.54703617435945,2026-09-30T18:55:46.584610+00:00,2026,4,over,0.4936802190857384,0.4942602366790039,4,55.5,2026_04_JAX_CIN,73.0,graded,win,0.9174311926605505,1.0,0.3189615828612849,0.2557727082039772,31.07946759509378,17.5
2ea94ddf20f66432b9024fe2e2eaba5f,2026-10-04T17:00:00Z,Cincinnati Bengals,Jacksonville Jaguars,Jacksonville Jaguars @ Cincinnati Bengals,betrivers,BetRivers,player_receptions,receptions,Chase Brown,over,107,3.5,2026-09-30T18:55:10Z,chasebrown,chasebrown,3.5,3.153736658010252,2.0345929628469754,,False,,0.4830917874396135,0.4324311376009374,0.0,0.4579439252336449,"{""version"":""nfl-calibration-trace-1"",""artifact_sha256"":""7c54bf5c44243e81b12bb6e72819cc44261a6c13e823cadd48cc848089163716"",""fitted_season"":2025,""fitted_weeks"":[4,5,6,7,9,10,11,12,14],""total_graded_rows"":12904,""market_sample_size"":null,""tail_sample_size"":null,""curve"":""market_specific"",""raw_probability"":0.432431,""fitted_raw_range"":[0.000771,0.999229],""outside_fitted_range"":false,""endpoint_probabilities"":[0.166667,0.833333],""limitation"":""Endpoint clipping is not held-out evidence; total rows are not independent games or tail sample size.""}",Calibration fitted; not prospectively validated,-251.478622059686,-5.205607476635499,2026-09-30T18:55:46.584610+00:00,2026,4,over,,0.4685539195977499,2,3.5,2026_04_JAX_CIN,11.0,graded,win,1.07,1.0,0.29382478819110835,0.28243493637491485,7.846263341989748,7.5
2ea94ddf20f66432b9024fe2e2eaba5f,2026-10-04T17:00:00Z,Cincinnati Bengals,Jacksonville Jaguars,Jacksonville Jaguars @ Cincinnati Bengals,fanduel,FanDuel,player_reception_yds,recv_yds,Chase Brown,over,-114,17.5,2026-09-30T18:55:16Z,chasebrown,chasebrown,17.5,19.47355839315068,16.97077558446307,,False,,0.5327102803738317,0.5462892727603694,0.0,0.5000000000000002,"{""version"":""nfl-calibration-trace-1"",""artifact_sha256"":""7c54bf5c44243e81b12bb6e72819cc44261a6c13e823cadd48cc848089163716"",""fitted_season"":2025,""fitted_weeks"":[4,5,6,7,9,10,11,12,14],""total_graded_rows"":12904,""market_sample_size"":null,""tail_sample_size"":null,""curve"":""market_specific"",""raw_probability"":0.546289,""fitted_raw_range"":[0.012265,0.987735],""outside_fitted_range"":false,""endpoint_probabilities"":[0.483696,0.516304],""limitation"":""Endpoint clipping is not held-out evidence; total rows are not independent games or tail sample size.""}",Calibration fitted; not prospectively validated,-327.102803738315,-6.140350877192935,2026-09-30T18:55:46.584610+00:00,2026,4,over,0.5,0.5,1,18.0,2026_04_JAX_CIN,71.0,graded,win,0.8771929824561403,1.0,0.24999999999999978,0.25,51.52644160684932,53.5
2ea94ddf20f66432b9024fe2e2eaba5f,2026-10-04T17:00:00Z,Cincinnati Bengals,Jacksonville Jaguars,Jacksonville Jaguars @ Cincinnati Bengals,betonlineag,BetOnline.ag,player_rush_attempts,rush_attempts,Chase Brown,over,-110,16.5,2026-09-30T18:54:58Z,chasebrown,chasebrown,16.5,11.86439054898137,5.702092288369151,,False,,0.5238095238095238,0.2081186607848969,0.0,0.4054054054054054,"{""version"":""nfl-calibration-trace-1"",""artifact_sha256"":""7c54bf5c44243e81b12bb6e72819cc44261a6c13e823cadd48cc848089163716"",""fitted_season"":2025,""fitted_weeks"":[4,5,6,7,9,10,11,12,14],""total_graded_rows"":12904,""market_sample_size"":null,""tail_sample_size"":null,""curve"":""market_specific"",""raw_probability"":0.208119,""fitted_raw_range"":[4.8e-05,0.999952],""outside_fitted_range"":false,""endpoint_probabilities"":[0.405405,0.594595],""limitation"":""Endpoint clipping is not held-out evidence; total rows are not independent games or tail sample size.""}",Calibration fitted; not prospectively validated,-1184.041184041184,-22.6044226044226,2026-09-30T18:55:46.584610+00:00,2026,4,over,0.4917965545529122,0.4990154842589998,2,16.5,2026_04_JAX_CIN,9.0,graded,loss,-1.0,0.0,0.16435354273192107,0.24901645353024404,2.864390548981371,7.5
2ea94ddf20f66432b9024fe2e2eaba5f,2026-10-04T17:00:00Z,Cincinnati Bengals,Jacksonville Jaguars,Jacksonville Jaguars @ Cincinnati Bengals,fanduel,FanDuel,player_rush_yds,rush_yds,Chase Brown,over,-114,64.5,2026-09-30T18:55:16Z,chasebrown,chasebrown,64.5,52.07544826326712,32.54611376779847,,False,,0.5327102803738317,0.3513225748154615,0.0,0.4999999999999998,"{""version"":""nfl-calibration-trace-1"",""artifact_sha256"":""7c54bf5c44243e81b12bb6e72819cc44261a6c13e823cadd48cc848089163716"",""fitted_season"":2025,""fitted_weeks"":[4,5,6,7,9,10,11,12,14],""total_graded_rows"":12904,""market_sample_size"":null,""tail_sample_size"":null,""curve"":""market_specific"",""raw_probability"":0.351323,""fitted_raw_range"":[0.000122,0.999878],""outside_fitted_range"":false,""endpoint_probabilities"":[0.02,0.98],""limitation"":""Endpoint clipping is not held-out evidence; total rows are not independent games or tail sample size.""}",Calibration fitted; not prospectively validated,-327.10280373831944,-6.140350877193013,2026-09-30T18:55:46.584610+00:00,2026,4,over,0.5,0.5015476681799422,2,64.5,2026_04_JAX_CIN,10.0,graded,loss,-1.0,0.0,0.24999999999999978,0.2515500634567374,42.07544826326712,54.5
2ea94ddf20f66432b9024fe2e2eaba5f,2026-10-04T17:00:00Z,Cincinnati Bengals,Jacksonville Jaguars,Jacksonville Jaguars @ Cincinnati Bengals,betonlineag,BetOnline.ag,player_receptions,receptions,Dohnte Meyers,over,128,2.5,2026-09-30T18:54:58Z,dohntemeyers,dohntemeyers,2.5,2.2384082624172046,1.5677173390839063,,False,,0.4385964912280701,0.4337394956933441,0.0,0.4579439252336449,"{""version"":""nfl-calibration-trace-1"",""artifact_sha256"":""7c54bf5c44243e81b12bb6e72819cc44261a6c13e823cadd48cc848089163716"",""fitted_season"":2025,""fitted_weeks"":[4,5,6,7,9,10,11,12,14],""total_graded_rows"":12904,""market_sample_size"":null,""tail_sample_size"":null,""curve"":""market_specific"",""raw_probability"":0.433739,""fitted_raw_range"":[0.000771,0.999229],""outside_fitted_range"":false,""endpoint_probabilities"":[0.166667,0.833333],""limitation"":""Endpoint clipping is not held-out evidence; total rows are not independent games or tail sample size.""}",Calibration fitted; not prospectively validated,193.4743400557476,4.4112149532710365,2026-09-30T18:55:46.584610+00:00,2026,4,over,0.4121896998888477,0.4344048653344918,3,2.5,2026_04_JAX_CIN,7.0,graded,win,1.28,1.0,0.29382478819110835,0.3198978563572943,4.761591737582796,4.5
2ea94ddf20f66432b9024fe2e2eaba5f,2026-10-04T17:00:00Z,Cincinnati Bengals,Jacksonville Jaguars,Jacksonville Jaguars @ Cincinnati Bengals,draftkings,DraftKings,player_reception_yds,recv_yds,Dohnte Meyers,over,-115,19.5,2026-09-30T18:54:00Z,dohntemeyers,dohntemeyers,19.5,28.71897200877172,22.823524313411163,,False,,0.5348837209302325,0.6568657411111152,0.0,0.5014367816091952,"{""version"":""nfl-calibration-trace-1"",""artifact_sha256"":""7c54bf5c44243e81b12bb6e72819cc44261a6c13e823cadd48cc848089163716"",""fitted_season"":2025,""fitted_weeks"":[4,5,6,7,9,10,11,12,14],""total_graded_rows"":12904,""market_sample_size"":null,""tail_sample_size"":null,""curve"":""market_specific"",""raw_probability"":0.656866,""fitted_raw_range"":[0.012265,0.987735],""outside_fitted_range"":false,""endpoint_probabilities"":[0.483696,0.516304],""limitation"":""Endpoint clipping is not held-out evidence; total rows are not independent games or tail sample size.""}",Calibration fitted; not prospectively validated,-334.46939321037263,-6.253123438280883,2026-09-30T18:55:46.584610+00:00,2026,4,over,0.5063197809142617,0.507153500680773,2,19.5,2026_04_JAX_CIN,82.0,graded,win,0.8695652173913043,1.0,0.24856528273219727,0.2428976718912168,53.281027991228285,62.5
2ea94ddf20f66432b9024fe2e2eaba5f,2026-10-04T17:00:00Z,Cincinnati Bengals,Jacksonville Jaguars,Jacksonville Jaguars @ Cincinnati Bengals,betrivers,BetRivers,player_receptions,receptions,Ja'Marr Chase,over,-121,6.5,2026-09-30T18:55:10Z,jamarrchase,jamarrchase,6.5,7.665129763170836,2.62714631535499,,False,,0.5475113122171946,0.6712966153258247,0.0,0.5475728155339805,"{""version"":""nfl-calibration-trace-1"",""artifact_sha256"":""7c54bf5c44243e81b12bb6e72819cc44261a6c13e823cadd48cc848089163716"",""fitted_season"":2025,""fitted_weeks"":[4,5,6,7,9,10,11,12,14],""total_graded_rows"":12904,""market_sample_size"":null,""tail_sample_size"":null,""curve"":""market_specific"",""raw_probability"":0.671297,""fitted_raw_range"":[0.000771,0.999229],""outside_fitted_range"":false,""endpoint_probabilities"":[0.166667,0.833333],""limitation"":""Endpoint clipping is not held-out evidence; total rows are not independent games or tail sample size.""}",Calibration fitted; not prospectively validated,0.615033167858936,0.0112332504212275,2026-09-30T18:55:46.584610+00:00,2026,4,over,,0.5236874600635862,4,6.5,2026_04_JAX_CIN,3.0,graded,loss,-1.0,0.0,0.29983598831181063,0.27424855582785024,4.665129763170836,3.5
2ea94ddf20f66432b9024fe2e2eaba5f,2026-10-04T17:00:00Z,Cincinnati Bengals,Jacksonville Jaguars,Jacksonville Jaguars @ Cincinnati Bengals,fanduel,FanDuel,player_reception_yds,recv_yds,Ja'Marr Chase,over,-114,78.5,2026-09-30T18:55:16Z,jamarrchase,jamarrchase,78.5,92.50858118139716,44.80286684888144,,False,,0.5327102803738317,0.6227348883855497,0.0,0.5010141987829615,"{""version"":""nfl-calibration-trace-1"",""artifact_sha256"":""7c54bf5c44243e81b12bb6e72819cc44261a6c13e823cadd48cc848089163716"",""fitted_season"":2025,""fitted_weeks"":[4,5,6,7,9,10,11,12,14],""total_graded_rows"":12904,""market_sample_size"":null,""tail_sample_size"":null,""curve"":""market_specific"",""raw_probability"":0.622735,""fitted_raw_range"":[0.012265,0.987735],""outside_fitted_range"":false,""endpoint_probabilities"":[0.483696,0.516304],""limitation"":""Endpoint clipping is not held-out evidence; total rows are not independent games or tail sample size.""}",Calibration fitted; not prospectively validated,-316.9608159087023,-5.94996619337389,2026-09-30T18:55:46.584610+00:00,2026,4,over,0.5,0.5,3,78.5,2026_04_JAX_CIN,27.0,graded,loss,-1.0,0.0,0.25101522738213283,0.25,65.50858118139716,51.5
2ea94ddf20f66432b9024fe2e2eaba5f,2026-10-04T17:00:00Z,Cincinnati Bengals,Jacksonville Jaguars,Jacksonville Jaguars @ Cincinnati Bengals,betonlineag,BetOnline.ag,player_receptions,receptions,Jakobi Meyers,over,-143,3.5,2026-09-30T18:54:58Z,jakobimeyers,jakobimeyers,3.5,5.931541970247836,2.9176684054063258,,False,,0.588477366255144,0.7976862697934879,0.0,0.5789473684210527,"{""version"":""nfl-calibration-trace-1"",""artifact_sha256"":""7c54bf5c44243e81b12bb6e72819cc44261a6c13e823cadd48cc848089163716"",""fitted_season"":2025,""fitted_weeks"":[4,5,6,7,9,10,11,12,14],""total_graded_rows"":12904,""market_sample_size"":null,""tail_sample_size"":null,""curve"":""market_specific"",""raw_probability"":0.797686,""fitted_raw_range"":[0.000771,0.999229],""outside_fitted_range"":false,""endpoint_probabilities"":[0.166667,0.833333],""limitation"":""Endpoint clipping is not held-out evidence; total rows are not independent games or tail sample size.""}",Calibration fitted; not prospectively validated,-95.29997834091364,-1.61943319838056,2026-09-30T18:55:46.584610+00:00,2026,4,over,0.552733296521259,0.560924555265485,4,3.5,2026_04_JAX_CIN,3.0,graded,loss,-1.0,0.0,0.33518005540166207,0.3146363566997821,2.931541970247836,0.5
2ea94ddf20f66432b9024fe2e2eaba5f,2026-10-04T17:00:00Z,Cincinnati Bengals,Jacksonville Jaguars,Jacksonville Jaguars @ Cincinnati Bengals,betrivers,BetRivers,player_reception_yds,recv_yds,Jakobi Meyers,over,-113,40.5,2026-09-30T18:55:10Z,jakobimeyers,jakobimeyers,40.5,77.05685554672716,51.28088643833465,,False,,0.5305164319248826,0.7620384063581462,0.0,0.5163043478260871,"{""version"":""nfl-calibration-trace-1"",""artifact_sha256"":""7c54bf5c44243e81b12bb6e72819cc44261a6c13e823cadd48cc848089163716"",""fitted_season"":2025,""fitted_weeks"":[4,5,6,7,9,10,11,12,14],""total_graded_rows"":12904,""market_sample_size"":null,""tail_sample_size"":null,""curve"":""market_specific"",""raw_probability"":0.762038,""fitted_raw_range"":[0.012265,0.987735],""outside_fitted_range"":false,""endpoint_probabilities"":[0.483696,0.516304],""limitation"":""Endpoint clipping is not held-out evidence; total rows are not independent games or tail sample size.""}",Calibration fitted; not prospectively validated,-142.12084098795486,-2.6789149672950763,2026-09-30T18:55:46.584610+00:00,2026,4,over,0.4959548561951377,0.5,5,40.5,2026_04_JAX_CIN,33.0,graded,loss,-1.0,0.0,0.26657017958412116,0.25,44.056855546727164,7.5
2ea94ddf20f66432b9024fe2e2eaba5f,2026-10-04T17:00:00Z,Cincinnati Bengals,Jacksonville Jaguars,Jacksonville Jaguars @ Cincinnati Bengals,betrivers,BetRivers,player_pass_tds,pass_tds,Joe Burrow,over,-182,1.5,2026-09-30T18:55:10Z,joeburrow,joeburrow,1.5,2.12,,2.12,False,,0.6453900709219859,0.6255013190442551,0.0,0.5000000000000001,"{""version"":""nfl-calibration-trace-1"",""artifact_sha256"":""7c54bf5c44243e81b12bb6e72819cc44261a6c13e823cadd48cc848089163716"",""fitted_season"":2025,""fitted_weeks"":[4,5,6,7,9,10,11,12,14],""total_graded_rows"":12904,""market_sample_size"":null,""tail_sample_size"":null,""curve"":""pooled"",""raw_probability"":0.625501,""fitted_raw_range"":[4.8e-05,0.999952],""outside_fitted_range"":false,""endpoint_probabilities"":[0.25,0.75],""limitation"":""Endpoint clipping is not held-out evidence; total rows are not independent games or tail sample size.""}",Calibration fitted; not prospectively validated,-1453.9007092198574,-22.527472527472515,2026-09-30T18:55:46.584610+00:00,2026,4,over,0.6056826444432015,0.6215220949263502,5,1.5,2026_04_JAX_CIN,1.0,graded,loss,-1.0,0.0,0.2500000000000001,0.3862897144816391,1.12,0.5
2ea94ddf20f66432b9024fe2e2eaba5f,2026-10-04T17:00:00Z,Cincinnati Bengals,Jacksonville Jaguars,Jacksonville Jaguars @ Cincinnati Bengals,draftkings,DraftKings,player_pass_yds,pass_yds,Joe Burrow,over,-113,263.5,2026-09-30T18:54:00Z,joeburrow,joeburrow,263.5,305.17058465786243,75.76597196695828,,False,"{""version"":""nfl-projection-trace-1"",""current_sample"":[{""season"":2026,""week"":1,""attempts"":35,""completions"":25,""passing_yards"":254},{""season"":2026,""week"":2,""attempts"":31,""completions"":20,""passing_yards"":207},{""season"":2026,""week"":3,""attempts"":37,""completions"":28,""passing_yards"":282}],""recent_mean_weight"":0.428571,""yards_per_completion_recent_weight"":0.428571,""career_baselines"":{""attempts"":{""mean"":33.496755,""games"":84,""position_pool_mean"":27.802292},""yards_per_completion"":{""mean"":10.756467,""games"":84,""position_pool_mean"":10.957484}},""attempts"":34.250893,""completion_rate"":0.723787,""yards_per_completion"":10.497385,""limitations"":[""Appearance totals do not distinguish partial games from normal starter workloads."",""Completion rate uses recent games without career shrinkage."",""Variance omits completion-rate uncertainty and dependence among components.""],""mean_stages"":{""before_adjustments"":260.233679,""after_defense"":287.896778,""after_venue"":305.170585,""final"":305.170585}}",0.5305164319248826,0.7088371450977073,0.0,0.4999999999999999,"{""version"":""nfl-calibration-trace-1"",""artifact_sha256"":""7c54bf5c44243e81b12bb6e72819cc44261a6c13e823cadd48cc848089163716"",""fitted_season"":2025,""fitted_weeks"":[4,5,6,7,9,10,11,12,14],""total_graded_rows"":12904,""market_sample_size"":null,""tail_sample_size"":null,""curve"":""market_specific"",""raw_probability"":0.708837,""fitted_raw_range"":[0.092856,0.907144],""outside_fitted_range"":false,""endpoint_probabilities"":[0.02,0.98],""limitation"":""Endpoint clipping is not held-out evidence; total rows are not independent games or tail sample size.""}",Calibration fitted; not prospectively validated,-305.1643192488268,-5.75221238938054,2026-09-30T18:55:46.584610+00:00,2026,4,over,0.5021058838394474,0.5010529419197237,2,265.5,2026_04_JAX_CIN,428.0,graded,win,0.8849557522123894,1.0,0.2500000000000001,0.2489481667669626,122.82941534213757,164.5
2ea94ddf20f66432b9024fe2e2eaba5f,2026-10-04T17:00:00Z,Cincinnati Bengals,Jacksonville Jaguars,Jacksonville Jaguars @ Cincinnati Bengals,betonlineag,BetOnline.ag,player_receptions,receptions,Mike Gesicki,over,-116,2.5,2026-09-30T18:54:58Z,mikegesicki,mikegesicki,2.5,4.193127938628519,2.3312747144253403,,False,,0.5370370370370371,0.7661624532776411,0.0,0.5475728155339805,"{""version"":""nfl-calibration-trace-1"",""artifact_sha256"":""7c54bf5c44243e81b12bb6e72819cc44261a6c13e823cadd48cc848089163716"",""fitted_season"":2025,""fitted_weeks"":[4,5,6,7,9,10,11,12,14],""total_graded_rows"":12904,""market_sample_size"":null,""tail_sample_size"":null,""curve"":""market_specific"",""raw_probability"":0.766162,""fitted_raw_range"":[0.000771,0.999229],""outside_fitted_range"":false,""endpoint_probabilities"":[0.166667,0.833333],""limitation"":""Endpoint clipping is not held-out evidence; total rows are not independent games or tail sample size.""}",Calibration fitted; not prospectively validated,105.35778496943426,1.9618346166722311,2026-09-30T18:55:46.584610+00:00,2026,4,over,0.5051597457277305,0.516658714376335,2,2.5,2026_04_JAX_CIN,3.0,graded,win,0.8620689655172413,1.0,0.20469035724384962,0.23361879838833727,1.1931279386285194,0.5
2ea94ddf20f66432b9024fe2e2eaba5f,2026-10-04T17:00:00Z,Cincinnati Bengals,Jacksonville Jaguars,Jacksonville Jaguars @ Cincinnati Bengals,betrivers,BetRivers,player_reception_yds,recv_yds,Mike Gesicki,over,-120,27.5,2026-09-30T18:55:10Z,mikegesicki,mikegesicki,27.5,48.37398670957738,31.601893875117053,,False,,0.5454545454545454,0.7455429890447216,0.0,0.5014367816091952,"{""version"":""nfl-calibration-trace-1"",""artifact_sha256"":""7c54bf5c44243e81b12bb6e72819cc44261a6c13e823cadd48cc848089163716"",""fitted_season"":2025,""fitted_weeks"":[4,5,6,7,9,10,11,12,14],""total_graded_rows"":12904,""market_sample_size"":null,""tail_sample_size"":null,""curve"":""market_specific"",""raw_probability"":0.745543,""fitted_raw_range"":[0.012265,0.987735],""outside_fitted_range"":false,""endpoint_probabilities"":[0.483696,0.516304],""limitation"":""Endpoint clipping is not held-out evidence; total rows are not independent games or tail sample size.""}",Calibration fitted; not prospectively validated,-440.1776384535017,-8.069923371647537,2026-09-30T18:55:46.584610+00:00,2026,4,over,0.5079872204472844,0.5079872204472844,1,28.0,2026_04_JAX_CIN,40.0,graded,win,0.8333333333333334,1.0,0.24856528273219727,0.24207657524318912,8.37398670957738,12.5
2ea94ddf20f66432b9024fe2e2eaba5f,2026-10-04T17:00:00Z,Cincinnati Bengals,Jacksonville Jaguars,Jacksonville Jaguars @ Cincinnati Bengals,betonlineag,BetOnline.ag,player_receptions,receptions,Parker Washington,over,118,5.5,2026-09-30T18:54:58Z,parkerwashington,parkerwashington,5.5,3.694859880847463,2.137812150072949,,False,,0.4587155963302752,0.1992266795785684,0.0,0.4210526315789473,"{""version"":""nfl-calibration-trace-1"",""artifact_sha256"":""7c54bf5c44243e81b12bb6e72819cc44261a6c13e823cadd48cc848089163716"",""fitted_season"":2025,""fitted_weeks"":[4,5,6,7,9,10,11,12,14],""total_graded_rows"":12904,""market_sample_size"":null,""tail_sample_size"":null,""curve"":""market_specific"",""raw_probability"":0.199227,""fitted_raw_range"":[0.000771,0.999229],""outside_fitted_range"":false,""endpoint_probabilities"":[0.166667,0.833333],""limitation"":""Endpoint clipping is not held-out evidence; total rows are not independent games or tail sample size.""}",Calibration fitted; not prospectively validated,-376.6296475132791,-8.21052631578948,2026-09-30T18:55:46.584610+00:00,2026,4,over,0.4307128806891405,0.4495793344468265,4,5.5,2026_04_JAX_CIN,1.0,graded,loss,-1.0,0.0,0.17728531855955673,0.2021215779616515,2.694859880847463,4.5
2ea94ddf20f66432b9024fe2e2eaba5f,2026-10-04T17:00:00Z,Cincinnati Bengals,Jacksonville Jaguars,Jacksonville Jaguars @ Cincinnati Bengals,draftkings,DraftKings,player_reception_yds,recv_yds,Parker Washington,over,-111,72.5,2026-09-30T18:54:00Z,parkerwashington,parkerwashington,72.5,47.21017056201613,33.31031341638839,,False,,0.5260663507109005,0.2238607218310595,0.0,0.4836956521739131,"{""version"":""nfl-calibration-trace-1"",""artifact_sha256"":""7c54bf5c44243e81b12bb6e72819cc44261a6c13e823cadd48cc848089163716"",""fitted_season"":2025,""fitted_weeks"":[4,5,6,7,9,10,11,12,14],""total_graded_rows"":12904,""market_sample_size"":null,""tail_sample_size"":null,""curve"":""market_specific"",""raw_probability"":0.223861,""fitted_raw_range"":[0.012265,0.987735],""outside_fitted_range"":false,""endpoint_probabilities"":[0.483696,0.516304],""limitation"":""Endpoint clipping is not held-out evidence; total rows are not independent games or tail sample size.""}",Calibration fitted; not prospectively validated,-423.7069853698733,-8.054249902075972,2026-09-30T18:55:46.584610+00:00,2026,4,over,0.4978941161605526,0.5,5,72.5,2026_04_JAX_CIN,7.0,graded,loss,-1.0,0.0,0.2339614839319471,0.25,40.21017056201613,65.5
2ea94ddf20f66432b9024fe2e2eaba5f,2026-10-04T17:00:00Z,Cincinnati Bengals,Jacksonville Jaguars,Jacksonville Jaguars @ Cincinnati Bengals,fanduel,FanDuel,player_receptions,receptions,Tee Higgins,over,106,4.5,2026-09-30T18:55:16Z,teehiggins,teehiggins,4.5,5.7581143858964285,1.9648027633684109,,False,,0.4854368932038835,0.7390196747072698,0.0,0.5475728155339805,"{""version"":""nfl-calibration-trace-1"",""artifact_sha256"":""7c54bf5c44243e81b12bb6e72819cc44261a6c13e823cadd48cc848089163716"",""fitted_season"":2025,""fitted_weeks"":[4,5,6,7,9,10,11,12,14],""total_graded_rows"":12904,""market_sample_size"":null,""tail_sample_size"":null,""curve"":""market_specific"",""raw_probability"":0.73902,""fitted_raw_range"":[0.000771,0.999229],""outside_fitted_range"":false,""endpoint_probabilities"":[0.166667,0.833333],""limitation"":""Endpoint clipping is not held-out evidence; total rows are not independent games or tail sample size.""}",Calibration fitted; not prospectively validated,621.3592233009701,12.79999999999999,2026-09-30T18:55:46.584610+00:00,2026,4,over,0.4542013626040878,0.4693294165058029,4,4.5,2026_04_JAX_CIN,11.0,graded,win,1.06,1.0,0.20469035724384962,0.2816112681860717,5.2418856141035715,6.5
2ea94ddf20f66432b9024fe2e2eaba5f,2026-10-04T17:00:00Z,Cincinnati Bengals,Jacksonville Jaguars,Jacksonville Jaguars @ Cincinnati Bengals,draftkings,DraftKings,player_reception_yds,recv_yds,Tee Higgins,over,-110,60.5,2026-09-30T18:54:00Z,teehiggins,teehiggins,60.5,89.32584862357459,41.15928775356248,,False,,0.5238095238095238,0.7581451791499123,0.0,0.5163043478260871,"{""version"":""nfl-calibration-trace-1"",""artifact_sha256"":""7c54bf5c44243e81b12bb6e72819cc44261a6c13e823cadd48cc848089163716"",""fitted_season"":2025,""fitted_weeks"":[4,5,6,7,9,10,11,12,14],""total_graded_rows"":12904,""market_sample_size"":null,""tail_sample_size"":null,""curve"":""market_specific"",""raw_probability"":0.758145,""fitted_raw_range"":[0.012265,0.987735],""outside_fitted_range"":false,""endpoint_probabilities"":[0.483696,0.516304],""limitation"":""Endpoint clipping is not held-out evidence; total rows are not independent games or tail sample size.""}",Calibration fitted; not prospectively validated,-75.05175983436696,-1.432806324110647,2026-09-30T18:55:46.584610+00:00,2026,4,over,0.495787700084246,0.5,5,60.5,2026_04_JAX_CIN,157.0,graded,win,0.9090909090909091,1.0,0.23396148393194688,0.25,67.67415137642541,96.5
2ea94ddf20f66432b9024fe2e2eaba5f,2026-10-04T17:00:00Z,Cincinnati Bengals,Jacksonville Jaguars,Jacksonville Jaguars @ Cincinnati Bengals,betrivers,BetRivers,player_pass_tds,pass_tds,Trevor Lawrence,over,-127,1.5,2026-09-30T18:55:10Z,trevorlawrence,trevorlawrence,1.5,2.1933333333333334,,2.1933333333333334,False,,0.5594713656387665,0.6438018244132933,0.0,0.5000000000000001,"{""version"":""nfl-calibration-trace-1"",""artifact_sha256"":""7c54bf5c44243e81b12bb6e72819cc44261a6c13e823cadd48cc848089163716"",""fitted_season"":2025,""fitted_weeks"":[4,5,6,7,9,10,11,12,14],""total_graded_rows"":12904,""market_sample_size"":null,""tail_sample_size"":null,""curve"":""pooled"",""raw_probability"":0.643802,""fitted_raw_range"":[4.8e-05,0.999952],""outside_fitted_range"":false,""endpoint_probabilities"":[0.25,0.75],""limitation"":""Endpoint clipping is not held-out evidence; total rows are not independent games or tail sample size.""}",Calibration fitted; not prospectively validated,-594.7136563876643,-10.6299212598425,2026-09-30T18:55:46.584610+00:00,2026,4,over,0.5232248162210195,0.552733296521259,5,1.5,2026_04_JAX_CIN,1.0,graded,loss,-1.0,0.0,0.2500000000000001,0.30551409708325805,1.1933333333333334,0.5
2ea94ddf20f66432b9024fe2e2eaba5f,2026-10-04T17:00:00Z,Cincinnati Bengals,Jacksonville Jaguars,Jacksonville Jaguars @ Cincinnati Bengals,draftkings,DraftKings,player_pass_yds,pass_yds,Trevor Lawrence,over,-112,263.5,2026-09-30T18:54:00Z,trevorlawrence,trevorlawrence,263.5,220.8676337426356,67.52219137920582,,False,"{""version"":""nfl-projection-trace-1"",""current_sample"":[{""season"":2026,""week"":1,""attempts"":23,""completions"":18,""passing_yards"":245},{""season"":2026,""week"":2,""attempts"":29,""completions"":17,""passing_yards"":189},{""season"":2026,""week"":3,""attempts"":29,""completions"":19,""passing_yards"":182}],""recent_mean_weight"":0.428571,""yards_per_completion_recent_weight"":0.428571,""career_baselines"":{""attempts"":{""mean"":31.446481,""games"":80,""position_pool_mean"":27.802292},""yards_per_completion"":{""mean"":11.16899,""games"":80,""position_pool_mean"":10.957484}},""attempts"":30.134253,""completion_rate"":0.650559,""yards_per_completion"":10.833869,""limitations"":[""Appearance totals do not distinguish partial games from normal starter workloads."",""Completion rate uses recent games without career shrinkage."",""Variance omits completion-rate uncertainty and dependence among components.""],""mean_stages"":{""before_adjustments"":212.388463,""after_defense"":234.965568,""after_venue"":220.867634,""final"":220.867634}}",0.5283018867924528,0.2638950523012293,0.0,0.4999999999999999,"{""version"":""nfl-calibration-trace-1"",""artifact_sha256"":""7c54bf5c44243e81b12bb6e72819cc44261a6c13e823cadd48cc848089163716"",""fitted_season"":2025,""fitted_weeks"":[4,5,6,7,9,10,11,12,14],""total_graded_rows"":12904,""market_sample_size"":null,""tail_sample_size"":null,""curve"":""market_specific"",""raw_probability"":0.263895,""fitted_raw_range"":[0.092856,0.907144],""outside_fitted_range"":false,""endpoint_probabilities"":[0.02,0.98],""limitation"":""Endpoint clipping is not held-out evidence; total rows are not independent games or tail sample size.""}",Calibration fitted; not prospectively validated,-283.0188679245288,-5.357142857142872,2026-09-30T18:55:46.584610+00:00,2026,4,over,0.5,0.5,3,263.5,2026_04_JAX_CIN,227.0,graded,loss,-1.0,0.0,0.2499999999999999,0.25,6.132366257364396,36.5
573cc0ef39631a4f6673ec843a8bedd4,2026-10-04T17:00:00Z,Buffalo Bills,New England Patriots,New England Patriots @ Buffalo Bills,betonlineag,BetOnline.ag,player_receptions,receptions,DJ Moore,over,-139,3.5,2026-09-30T18:54:20Z,djmoore,djmoore,3.5,4.552993527909813,2.0015992613523927,,False,,0.5815899581589958,0.7005823322601018,0.0,0.5475728155339805,"{""version"":""nfl-calibration-trace-1"",""artifact_sha256"":""7c54bf5c44243e81b12bb6e72819cc44261a6c13e823cadd48cc848089163716"",""fitted_season"":2025,""fitted_weeks"":[4,5,6,7,9,10,11,12,14],""total_graded_rows"":12904,""market_sample_size"":null,""tail_sample_size"":null,""curve"":""market_specific"",""raw_probability"":0.700582,""fitted_raw_range"":[0.000771,0.999229],""outside_fitted_range"":false,""endpoint_probabilities"":[0.166667,0.833333],""limitation"":""Endpoint clipping is not held-out evidence; total rows are not independent games or tail sample size.""}",Calibration fitted; not prospectively validated,-340.1714262501532,-5.84899071034436,2026-09-30T18:55:46.584610+00:00,2026,4,over,0.5462570956657111,0.5526073024343323,4,3.5,2026_04_NE_BUF,1.0,graded,loss,-1.0,0.0,0.29983598831181063,0.3053748307037496,3.5529935279098126,2.5
573cc0ef39631a4f6673ec843a8bedd4,2026-10-04T17:00:00Z,Buffalo Bills,New England Patriots,New England Patriots @ Buffalo Bills,fanduel,FanDuel,player_reception_yds,recv_yds,DJ Moore,over,-114,47.5,2026-09-30T18:55:17Z,djmoore,djmoore,47.5,60.54528793890447,35.3546837297214,,False,,0.5327102803738317,0.6439299144321783,0.0,0.5014367816091952,"{""version"":""nfl-calibration-trace-1"",""artifact_sha256"":""7c54bf5c44243e81b12bb6e72819cc44261a6c13e823cadd48cc848089163716"",""fitted_season"":2025,""fitted_weeks"":[4,5,6,7,9,10,11,12,14],""total_graded_rows"":12904,""market_sample_size"":null,""tail_sample_size"":null,""curve"":""market_specific"",""raw_probability"":0.64393,""fitted_raw_range"":[0.012265,0.987735],""outside_fitted_range"":false,""endpoint_probabilities"":[0.483696,0.516304],""limitation"":""Endpoint clipping is not held-out evidence; total rows are not independent games or tail sample size.""}",Calibration fitted; not prospectively validated,-312.73498764636474,-5.870639241782638,2026-09-30T18:55:46.584610+00:00,2026,4,over,0.5,0.5015476681799422,2,47.5,2026_04_NE_BUF,11.0,graded,loss,-1.0,0.0,0.2514388459505878,0.2515500634567374,49.54528793890447,36.5
573cc0ef39631a4f6673ec843a8bedd4,2026-10-04T17:00:00Z,Buffalo Bills,New England Patriots,New England Patriots @ Buffalo Bills,draftkings,DraftKings,player_receptions,receptions,Dalton Kincaid,over,-107,4.5,2026-09-30T18:53:26Z,daltonkincaid,daltonkincaid,4.5,3.5743129867070835,1.7576137751299568,,False,,0.5169082125603864,0.2992104838326991,0.0,0.4524271844660194,"{""version"":""nfl-calibration-trace-1"",""artifact_sha256"":""7c54bf5c44243e81b12bb6e72819cc44261a6c13e823cadd48cc848089163716"",""fitted_season"":2025,""fitted_weeks"":[4,5,6,7,9,10,11,12,14],""total_graded_rows"":12904,""market_sample_size"":null,""tail_sample_size"":null,""curve"":""market_specific"",""raw_probability"":0.29921,""fitted_raw_range"":[0.000771,0.999229],""outside_fitted_range"":false,""endpoint_probabilities"":[0.166667,0.833333],""limitation"":""Endpoint clipping is not held-out evidence; total rows are not independent games or tail sample size.""}",Calibration fitted; not prospectively validated,-644.8102809436701,-12.474367117321473,2026-09-30T18:55:46.584610+00:00,2026,4,over,0.487517163899638,0.4908375485315169,4,4.5,2026_04_NE_BUF,1.0,graded,loss,-1.0,0.0,0.20469035724384957,0.24092149904842922,2.5743129867070835,3.5
573cc0ef39631a4f6673ec843a8bedd4,2026-10-04T17:00:00Z,Buffalo Bills,New England Patriots,New England Patriots @ Buffalo Bills,betonlineag,BetOnline.ag,player_reception_yds,recv_yds,Dalton Kincaid,over,-114,50.5,2026-09-30T18:54:20Z,daltonkincaid,daltonkincaid,50.5,52.61105490862784,29.974832481597264,,False,,0.5327102803738317,0.5280733299077295,0.0,0.5000000000000002,"{""version"":""nfl-calibration-trace-1"",""artifact_sha256"":""7c54bf5c44243e81b12bb6e72819cc44261a6c13e823cadd48cc848089163716"",""fitted_season"":2025,""fitted_weeks"":[4,5,6,7,9,10,11,12,14],""total_graded_rows"":12904,""market_sample_size"":null,""tail_sample_size"":null,""curve"":""market_specific"",""raw_probability"":0.528073,""fitted_raw_range"":[0.012265,0.987735],""outside_fitted_range"":false,""endpoint_probabilities"":[0.483696,0.516304],""limitation"":""Endpoint clipping is not held-out evidence; total rows are not independent games or tail sample size.""}",Calibration fitted; not prospectively validated,-327.102803738315,-6.140350877192935,2026-09-30T18:55:46.584610+00:00,2026,4,over,0.5,0.5,3,51.5,2026_04_NE_BUF,7.0,graded,loss,-1.0,0.0,0.2500000000000002,0.25,45.61105490862784,43.5
573cc0ef39631a4f6673ec843a8bedd4,2026-10-04T17:00:00Z,Buffalo Bills,New England Patriots,New England Patriots @ Buffalo Bills,draftkings,DraftKings,player_receptions,receptions,DeMario Douglas,over,-124,2.5,2026-09-30T18:53:26Z,demariodouglas,demariodouglas,2.5,2.263899608424065,1.3002111387250004,,False,,0.5535714285714286,0.4279537423049426,0.0,0.4579439252336449,"{""version"":""nfl-calibration-trace-1"",""artifact_sha256"":""7c54bf5c44243e81b12bb6e72819cc44261a6c13e823cadd48cc848089163716"",""fitted_season"":2025,""fitted_weeks"":[4,5,6,7,9,10,11,12,14],""total_graded_rows"":12904,""market_sample_size"":null,""tail_sample_size"":null,""curve"":""market_specific"",""raw_probability"":0.427954,""fitted_raw_range"":[0.000771,0.999229],""outside_fitted_range"":false,""endpoint_probabilities"":[0.166667,0.833333],""limitation"":""Endpoint clipping is not held-out evidence; total rows are not independent games or tail sample size.""}",Calibration fitted; not prospectively validated,-956.275033377837,-17.274645764244802,2026-09-30T18:55:46.584610+00:00,2026,4,over,0.5217643644805572,0.5268093143387926,4,2.5,2026_04_NE_BUF,2.0,graded,loss,-1.0,0.0,0.20971263865839815,0.2775280536741088,0.2638996084240648,0.5
573cc0ef39631a4f6673ec843a8bedd4,2026-10-04T17:00:00Z,Buffalo Bills,New England Patriots,New England Patriots @ Buffalo Bills,betonlineag,BetOnline.ag,player_reception_yds,recv_yds,DeMario Douglas,over,-114,27.5,2026-09-30T18:54:20Z,demariodouglas,demariodouglas,27.5,39.48987770570636,26.728435911879263,,False,,0.5327102803738317,0.6731331528705755,0.0,0.5014367816091952,"{""version"":""nfl-calibration-trace-1"",""artifact_sha256"":""7c54bf5c44243e81b12bb6e72819cc44261a6c13e823cadd48cc848089163716"",""fitted_season"":2025,""fitted_weeks"":[4,5,6,7,9,10,11,12,14],""total_graded_rows"":12904,""market_sample_size"":null,""tail_sample_size"":null,""curve"":""market_specific"",""raw_probability"":0.673133,""fitted_raw_range"":[0.012265,0.987735],""outside_fitted_range"":false,""endpoint_probabilities"":[0.483696,0.516304],""limitation"":""Endpoint clipping is not held-out evidence; total rows are not independent games or tail sample size.""}",Calibration fitted; not prospectively validated,-312.73498764636474,-5.870639241782638,2026-09-30T18:55:46.584610+00:00,2026,4,over,0.5,0.5,2,27.5,2026_04_NE_BUF,15.0,graded,loss,-1.0,0.0,0.2514388459505878,0.25,24.489877705706363,12.5
573cc0ef39631a4f6673ec843a8bedd4,2026-10-04T17:00:00Z,Buffalo Bills,New England Patriots,New England Patriots @ Buffalo Bills,draftkings,DraftKings,player_pass_attempts,pass_attempts,Drake Maye,over,-119,30.5,2026-09-30T18:53:26Z,drakemaye,drakemaye,30.5,28.97602644164244,9.42007855401592,,False,"{""version"":""nfl-projection-trace-1"",""current_sample"":[{""season"":2026,""week"":1,""attempts"":33,""completions"":23,""passing_yards"":178},{""season"":2026,""week"":2,""attempts"":22,""completions"":14,""passing_yards"":208},{""season"":2026,""week"":3,""attempts"":25,""completions"":14,""passing_yards"":199}],""recent_mean_weight"":0.428571,""yards_per_completion_recent_weight"":0.428571,""career_baselines"":{""attempts"":{""mean"":27.960369,""games"":34,""position_pool_mean"":27.802292},""yards_per_completion"":{""mean"":11.287631,""games"":33,""position_pool_mean"":10.957484}},""attempts"":26.713617,""completion_rate"":0.593629,""yards_per_completion"":12.0,""limitations"":[""Appearance totals do not distinguish partial games from normal starter workloads."",""Completion rate uses recent games without career shrinkage."",""Variance omits completion-rate uncertainty and dependence among components.""],""mean_stages"":{""before_adjustments"":26.713617,""after_defense"":28.976026,""after_venue"":28.976026,""final"":28.976026}}",0.54337899543379,0.4357398337722482,0.0,0.5,"{""version"":""nfl-calibration-trace-1"",""artifact_sha256"":""7c54bf5c44243e81b12bb6e72819cc44261a6c13e823cadd48cc848089163716"",""fitted_season"":2025,""fitted_weeks"":[4,5,6,7,9,10,11,12,14],""total_graded_rows"":12904,""market_sample_size"":null,""tail_sample_size"":null,""curve"":""market_specific"",""raw_probability"":0.43574,""fitted_raw_range"":[0.187653,0.812347],""outside_fitted_range"":false,""endpoint_probabilities"":[0.02,0.98],""limitation"":""Endpoint clipping is not held-out evidence; total rows are not independent games or tail sample size.""}",Calibration fitted; not prospectively validated,-433.7899543378998,-7.98319327731093,2026-09-30T18:55:46.584610+00:00,2026,4,over,0.512482836100362,0.512482836100362,3,30.5,2026_04_NE_BUF,37.0,graded,win,0.8403361344537815,1.0,0.25,0.23767298509674645,8.02397355835756,6.5
573cc0ef39631a4f6673ec843a8bedd4,2026-10-04T17:00:00Z,Buffalo Bills,New England Patriots,New England Patriots @ Buffalo Bills,betonlineag,BetOnline.ag,player_pass_completions,pass_completions,Drake Maye,over,-128,19.5,2026-09-30T18:54:20Z,drakemaye,drakemaye,19.5,17.20099782549714,5.592027983891346,,False,"{""version"":""nfl-projection-trace-1"",""current_sample"":[{""season"":2026,""week"":1,""attempts"":33,""completions"":23,""passing_yards"":178},{""season"":2026,""week"":2,""attempts"":22,""completions"":14,""passing_yards"":208},{""season"":2026,""week"":3,""attempts"":25,""completions"":14,""passing_yards"":199}],""recent_mean_weight"":0.428571,""yards_per_completion_recent_weight"":0.428571,""career_baselines"":{""attempts"":{""mean"":27.960369,""games"":34,""position_pool_mean"":27.802292},""yards_per_completion"":{""mean"":11.287631,""games"":33,""position_pool_mean"":10.957484}},""attempts"":26.713617,""completion_rate"":0.593629,""yards_per_completion"":12.0,""limitations"":[""Appearance totals do not distinguish partial games from normal starter workloads."",""Completion rate uses recent games without career shrinkage."",""Variance omits completion-rate uncertainty and dependence among components.""],""mean_stages"":{""before_adjustments"":15.857967,""after_defense"":17.200998,""after_venue"":17.200998,""final"":17.200998}}",0.5614035087719298,0.3404917724935893,0.0,0.5000000000000001,"{""version"":""nfl-calibration-trace-1"",""artifact_sha256"":""7c54bf5c44243e81b12bb6e72819cc44261a6c13e823cadd48cc848089163716"",""fitted_season"":2025,""fitted_weeks"":[4,5,6,7,9,10,11,12,14],""total_graded_rows"":12904,""market_sample_size"":null,""tail_sample_size"":null,""curve"":""market_specific"",""raw_probability"":0.340492,""fitted_raw_range"":[0.026155,0.973845],""outside_fitted_range"":false,""endpoint_probabilities"":[0.457143,0.542857],""limitation"":""Endpoint clipping is not held-out evidence; total rows are not independent games or tail sample size.""}",Calibration fitted; not prospectively validated,-614.0350877192968,-10.93749999999998,2026-09-30T18:55:46.584610+00:00,2026,4,over,0.5276888998277135,0.53514579518242,3,19.5,2026_04_NE_BUF,22.0,graded,win,0.78125,1.0,0.2499999999999999,0.21608943173658463,4.79900217450286,2.5
573cc0ef39631a4f6673ec843a8bedd4,2026-10-04T17:00:00Z,Buffalo Bills,New England Patriots,New England Patriots @ Buffalo Bills,betrivers,BetRivers,player_pass_tds,pass_tds,Drake Maye,over,135,1.5,2026-09-30T18:55:10Z,drakemaye,drakemaye,1.5,0.3133333333333333,,0.3133333333333333,False,,0.425531914893617,0.0399451864396936,0.0,0.4421052631578947,"{""version"":""nfl-calibration-trace-1"",""artifact_sha256"":""7c54bf5c44243e81b12bb6e72819cc44261a6c13e823cadd48cc848089163716"",""fitted_season"":2025,""fitted_weeks"":[4,5,6,7,9,10,11,12,14],""total_graded_rows"":12904,""market_sample_size"":null,""tail_sample_size"":null,""curve"":""pooled"",""raw_probability"":0.039945,""fitted_raw_range"":[4.8e-05,0.999952],""outside_fitted_range"":false,""endpoint_probabilities"":[0.25,0.75],""limitation"":""Endpoint clipping is not held-out evidence; total rows are not independent games or tail sample size.""}",Calibration fitted; not prospectively validated,165.73348264277698,3.894736842105262,2026-09-30T18:55:46.584610+00:00,2026,4,over,0.3982930298719772,0.4165029469548134,5,1.5,2026_04_NE_BUF,3.0,graded,win,1.35,1.0,0.31124653739612185,0.3404688109124173,2.6866666666666665,1.5
573cc0ef39631a4f6673ec843a8bedd4,2026-10-04T17:00:00Z,Buffalo Bills,New England Patriots,New England Patriots @ Buffalo Bills,draftkings,DraftKings,player_pass_yds,pass_yds,Drake Maye,over,-112,231.5,2026-09-30T18:53:26Z,drakemaye,drakemaye,231.5,194.02725547160776,79.55596123580014,,False,"{""version"":""nfl-projection-trace-1"",""current_sample"":[{""season"":2026,""week"":1,""attempts"":33,""completions"":23,""passing_yards"":178},{""season"":2026,""week"":2,""attempts"":22,""completions"":14,""passing_yards"":208},{""season"":2026,""week"":3,""attempts"":25,""completions"":14,""passing_yards"":199}],""recent_mean_weight"":0.428571,""yards_per_completion_recent_weight"":0.428571,""career_baselines"":{""attempts"":{""mean"":27.960369,""games"":34,""position_pool_mean"":27.802292},""yards_per_completion"":{""mean"":11.287631,""games"":33,""position_pool_mean"":10.957484}},""attempts"":26.713617,""completion_rate"":0.593629,""yards_per_completion"":12.0,""limitations"":[""Appearance totals do not distinguish partial games from normal starter workloads."",""Completion rate uses recent games without career shrinkage."",""Variance omits completion-rate uncertainty and dependence among components.""],""mean_stages"":{""before_adjustments"":190.295606,""after_defense"":206.411974,""after_venue"":194.027255,""final"":194.027255}}",0.5283018867924528,0.3188118993614988,0.0,0.4999999999999999,"{""version"":""nfl-calibration-trace-1"",""artifact_sha256"":""7c54bf5c44243e81b12bb6e72819cc44261a6c13e823cadd48cc848089163716"",""fitted_season"":2025,""fitted_weeks"":[4,5,6,7,9,10,11,12,14],""total_graded_rows"":12904,""market_sample_size"":null,""tail_sample_size"":null,""curve"":""market_specific"",""raw_probability"":0.318812,""fitted_raw_range"":[0.092856,0.907144],""outside_fitted_range"":false,""endpoint_probabilities"":[0.02,0.98],""limitation"":""Endpoint clipping is not held-out evidence; total rows are not independent games or tail sample size.""}",Calibration fitted; not prospectively validated,-283.0188679245288,-5.357142857142872,2026-09-30T18:55:46.584610+00:00,2026,4,over,0.5,0.5,4,231.5,2026_04_NE_BUF,269.0,graded,win,0.8928571428571429,1.0,0.2500000000000001,0.25,74.97274452839224,37.5
573cc0ef39631a4f6673ec843a8bedd4,2026-10-04T17:00:00Z,Buffalo Bills,New England Patriots,New England Patriots @ Buffalo Bills,draftkings,DraftKings,player_rush_attempts,rush_attempts,Drake Maye,over,-105,5.5,2026-09-30T18:53:26Z,drakemaye,drakemaye,5.5,5.493812104934148,3.841167966101565,,False,,0.5121951219512195,0.4993573277913091,0.0,0.5,"{""version"":""nfl-calibration-trace-1"",""artifact_sha256"":""7c54bf5c44243e81b12bb6e72819cc44261a6c13e823cadd48cc848089163716"",""fitted_season"":2025,""fitted_weeks"":[4,5,6,7,9,10,11,12,14],""total_graded_rows"":12904,""market_sample_size"":null,""tail_sample_size"":null,""curve"":""market_specific"",""raw_probability"":0.499357,""fitted_raw_range"":[4.8e-05,0.999952],""outside_fitted_range"":false,""endpoint_probabilities"":[0.405405,0.594595],""limitation"":""Endpoint clipping is not held-out evidence; total rows are not independent games or tail sample size.""}",Calibration fitted; not prospectively validated,-121.95121951219522,-2.380952380952384,2026-09-30T18:55:46.584610+00:00,2026,4,over,0.4833368048323266,0.4916684024161633,2,5.5,2026_04_NE_BUF,8.0,graded,win,0.9523809523809523,1.0,0.25,0.2584010131021357,2.5061878950658523,2.5
573cc0ef39631a4f6673ec843a8bedd4,2026-10-04T17:00:00Z,Buffalo Bills,New England Patriots,New England Patriots @ Buffalo Bills,betonlineag,BetOnline.ag,player_rush_yds,rush_yds,Drake Maye,over,-114,26.5,2026-09-30T18:54:20Z,drakemaye,drakemaye,26.5,25.572855044565102,21.498953458987923,,False,,0.5327102803738317,0.4828008973877031,0.0,0.4999999999999998,"{""version"":""nfl-calibration-trace-1"",""artifact_sha256"":""7c54bf5c44243e81b12bb6e72819cc44261a6c13e823cadd48cc848089163716"",""fitted_season"":2025,""fitted_weeks"":[4,5,6,7,9,10,11,12,14],""total_graded_rows"":12904,""market_sample_size"":null,""tail_sample_size"":null,""curve"":""market_specific"",""raw_probability"":0.482801,""fitted_raw_range"":[0.000122,0.999878],""outside_fitted_range"":false,""endpoint_probabilities"":[0.02,0.98],""limitation"":""Endpoint clipping is not held-out evidence; total rows are not independent games or tail sample size.""}",Calibration fitted; not prospectively validated,-327.10280373831944,-6.140350877193013,2026-09-30T18:55:46.584610+00:00,2026,4,over,0.5,0.5,3,26.5,2026_04_NE_BUF,54.0,graded,win,0.8771929824561403,1.0,0.2500000000000002,0.25,28.427144955434898,27.5
573cc0ef39631a4f6673ec843a8bedd4,2026-10-04T17:00:00Z,Buffalo Bills,New England Patriots,New England Patriots @ Buffalo Bills,bovada,Bovada,player_receptions,receptions,Hunter Henry,over,105,3.5,2026-09-30T18:54:21Z,hunterhenry,hunterhenry,3.5,2.3030982904971293,1.2888807285830524,,False,,0.4878048780487805,0.1765387454752766,0.0,0.4210526315789473,"{""version"":""nfl-calibration-trace-1"",""artifact_sha256"":""7c54bf5c44243e81b12bb6e72819cc44261a6c13e823cadd48cc848089163716"",""fitted_season"":2025,""fitted_weeks"":[4,5,6,7,9,10,11,12,14],""total_graded_rows"":12904,""market_sample_size"":null,""tail_sample_size"":null,""curve"":""market_specific"",""raw_probability"":0.176539,""fitted_raw_range"":[0.000771,0.999229],""outside_fitted_range"":false,""endpoint_probabilities"":[0.166667,0.833333],""limitation"":""Endpoint clipping is not held-out evidence; total rows are not independent games or tail sample size.""}",Calibration fitted; not prospectively validated,-667.5224646983313,-13.684210526315788,2026-09-30T18:55:46.584610+00:00,2026,4,over,0.4592085979482169,0.4640420450517848,4,3.5,2026_04_NE_BUF,5.0,graded,win,1.05,1.0,0.33518005540166207,0.28725092947227304,2.6969017095028707,1.5
573cc0ef39631a4f6673ec843a8bedd4,2026-10-04T17:00:00Z,Buffalo Bills,New England Patriots,New England Patriots @ Buffalo Bills,bovada,Bovada,player_reception_yds,recv_yds,Hunter Henry,over,-110,31.5,2026-09-30T18:54:21Z,hunterhenry,hunterhenry,31.5,21.58602008674379,16.47148535099128,,False,,0.5238095238095238,0.2736245374733684,0.0,0.4985632183908046,"{""version"":""nfl-calibration-trace-1"",""artifact_sha256"":""7c54bf5c44243e81b12bb6e72819cc44261a6c13e823cadd48cc848089163716"",""fitted_season"":2025,""fitted_weeks"":[4,5,6,7,9,10,11,12,14],""total_graded_rows"":12904,""market_sample_size"":null,""tail_sample_size"":null,""curve"":""market_specific"",""raw_probability"":0.273625,""fitted_raw_range"":[0.012265,0.987735],""outside_fitted_range"":false,""endpoint_probabilities"":[0.483696,0.516304],""limitation"":""Endpoint clipping is not held-out evidence; total rows are not independent games or tail sample size.""}",Calibration fitted; not prospectively validated,-252.4630541871925,-4.81974921630095,2026-09-30T18:55:46.584610+00:00,2026,4,over,0.4898785425101215,0.4958372690585515,4,31.5,2026_04_NE_BUF,62.0,graded,win,0.9090909090909091,1.0,0.2514388459505879,0.2541800592703394,40.41397991325621,30.5
573cc0ef39631a4f6673ec843a8bedd4,2026-10-04T17:00:00Z,Buffalo Bills,New England Patriots,New England Patriots @ Buffalo Bills,fanduel,FanDuel,player_receptions,receptions,James Cook,over,106,1.5,2026-09-30T18:55:17Z,jamescook,jamescook,1.5,1.180870396860919,0.8656670019609647,,False,,0.4854368932038835,0.3561936810353509,0.0,0.4524271844660194,"{""version"":""nfl-calibration-trace-1"",""artifact_sha256"":""7c54bf5c44243e81b12bb6e72819cc44261a6c13e823cadd48cc848089163716"",""fitted_season"":2025,""fitted_weeks"":[4,5,6,7,9,10,11,12,14],""total_graded_rows"":12904,""market_sample_size"":null,""tail_sample_size"":null,""curve"":""market_specific"",""raw_probability"":0.356194,""fitted_raw_range"":[0.000771,0.999229],""outside_fitted_range"":false,""endpoint_probabilities"":[0.166667,0.833333],""limitation"":""Endpoint clipping is not held-out evidence; total rows are not independent games or tail sample size.""}",Calibration fitted; not prospectively validated,-330.0970873786408,-6.799999999999995,2026-09-30T18:55:46.584610+00:00,2026,4,over,0.4542013626040878,0.4598158977201899,4,1.5,2026_04_NE_BUF,2.0,graded,win,1.06,1.0,0.29983598831181063,0.2917988643558444,0.8191296031390809,0.5
573cc0ef39631a4f6673ec843a8bedd4,2026-10-04T17:00:00Z,Buffalo Bills,New England Patriots,New England Patriots @ Buffalo Bills,fanduel,FanDuel,player_reception_yds,recv_yds,James Cook,over,-114,6.5,2026-09-30T18:55:17Z,jamescook,jamescook,6.5,8.629035082383691,8.678468062404551,,False,,0.5327102803738317,0.5968971517526229,0.0,0.5010141987829615,"{""version"":""nfl-calibration-trace-1"",""artifact_sha256"":""7c54bf5c44243e81b12bb6e72819cc44261a6c13e823cadd48cc848089163716"",""fitted_season"":2025,""fitted_weeks"":[4,5,6,7,9,10,11,12,14],""total_graded_rows"":12904,""market_sample_size"":null,""tail_sample_size"":null,""curve"":""market_specific"",""raw_probability"":0.596897,""fitted_raw_range"":[0.012265,0.987735],""outside_fitted_range"":false,""endpoint_probabilities"":[0.483696,0.516304],""limitation"":""Endpoint clipping is not held-out evidence; total rows are not independent games or tail sample size.""}",Calibration fitted; not prospectively validated,-316.9608159087023,-5.94996619337389,2026-09-30T18:55:46.584610+00:00,2026,4,over,0.5,0.5152813310818988,4,6.5,2026_04_NE_BUF,8.0,graded,win,0.8771929824561403,1.0,0.24898682981620987,0.23495218799773582,0.629035082383691,1.5
573cc0ef39631a4f6673ec843a8bedd4,2026-10-04T17:00:00Z,Buffalo Bills,New England Patriots,New England Patriots @ Buffalo Bills,draftkings,DraftKings,player_rush_attempts,rush_attempts,James Cook,over,-125,17.5,2026-09-30T18:53:26Z,jamescook,jamescook,17.5,16.46224253119514,5.753060921387075,,False,,0.5555555555555556,0.4284257395504084,0.0,0.4927536231884058,"{""version"":""nfl-calibration-trace-1"",""artifact_sha256"":""7c54bf5c44243e81b12bb6e72819cc44261a6c13e823cadd48cc848089163716"",""fitted_season"":2025,""fitted_weeks"":[4,5,6,7,9,10,11,12,14],""total_graded_rows"":12904,""market_sample_size"":null,""tail_sample_size"":null,""curve"":""market_specific"",""raw_probability"":0.428426,""fitted_raw_range"":[4.8e-05,0.999952],""outside_fitted_range"":false,""endpoint_probabilities"":[0.405405,0.594595],""limitation"":""Endpoint clipping is not held-out evidence; total rows are not independent games or tail sample size.""}",Calibration fitted; not prospectively validated,-628.0193236714975,-11.304347826086955,2026-09-30T18:55:46.584610+00:00,2026,4,over,0.5238589211618258,0.5247347384042205,2,17.5,2026_04_NE_BUF,12.0,graded,loss,-1.0,0.0,0.24280613316530142,0.2753465456881457,4.462242531195141,5.5
573cc0ef39631a4f6673ec843a8bedd4,2026-10-04T17:00:00Z,Buffalo Bills,New England Patriots,New England Patriots @ Buffalo Bills,betonlineag,BetOnline.ag,player_rush_yds,rush_yds,James Cook,over,-112,87.5,2026-09-30T18:54:20Z,jamescook,jamescook,87.5,88.72685087788818,42.48437873485082,,False,,0.5283018867924528,0.5115189319913264,0.0,0.4999999999999998,"{""version"":""nfl-calibration-trace-1"",""artifact_sha256"":""7c54bf5c44243e81b12bb6e72819cc44261a6c13e823cadd48cc848089163716"",""fitted_season"":2025,""fitted_weeks"":[4,5,6,7,9,10,11,12,14],""total_graded_rows"":12904,""market_sample_size"":null,""tail_sample_size"":null,""curve"":""market_specific"",""raw_probability"":0.511519,""fitted_raw_range"":[0.000122,0.999878],""outside_fitted_range"":false,""endpoint_probabilities"":[0.02,0.98],""limitation"":""Endpoint clipping is not held-out evidence; total rows are not independent games or tail sample size.""}",Calibration fitted; not prospectively validated,-283.01886792453047,-5.357142857142893,2026-09-30T18:55:46.584610+00:00,2026,4,over,0.4969046636401156,0.5,3,87.5,2026_04_NE_BUF,75.0,graded,loss,-1.0,0.0,0.24999999999999978,0.25,13.726850877888182,12.5
573cc0ef39631a4f6673ec843a8bedd4,2026-10-04T17:00:00Z,Buffalo Bills,New England Patriots,New England Patriots @ Buffalo Bills,draftkings,DraftKings,player_pass_attempts,pass_attempts,Josh Allen,over,-109,29.5,2026-09-30T18:53:26Z,joshallen,joshallen,29.5,32.20115178782522,7.613204105885797,,False,"{""version"":""nfl-projection-trace-1"",""current_sample"":[{""season"":2026,""week"":1,""attempts"":29,""completions"":20,""passing_yards"":334},{""season"":2026,""week"":2,""attempts"":31,""completions"":20,""passing_yards"":248},{""season"":2026,""week"":3,""attempts"":26,""completions"":16,""passing_yards"":204}],""recent_mean_weight"":0.428571,""yards_per_completion_recent_weight"":0.428571,""career_baselines"":{""attempts"":{""mean"":31.259819,""games"":112,""position_pool_mean"":27.802292},""yards_per_completion"":{""mean"":11.433435,""games"":112,""position_pool_mean"":10.957484}},""attempts"":29.686929,""completion_rate"":0.630637,""yards_per_completion"":12.0,""limitations"":[""Appearance totals do not distinguish partial games from normal starter workloads."",""Completion rate uses recent games without career shrinkage."",""Variance omits completion-rate uncertainty and dependence among components.""],""mean_stages"":{""before_adjustments"":29.686929,""after_defense"":32.201152,""after_venue"":32.201152,""final"":32.201152}}",0.5215311004784688,0.6386296447242678,0.0,0.6363636363636364,"{""version"":""nfl-calibration-trace-1"",""artifact_sha256"":""7c54bf5c44243e81b12bb6e72819cc44261a6c13e823cadd48cc848089163716"",""fitted_season"":2025,""fitted_weeks"":[4,5,6,7,9,10,11,12,14],""total_graded_rows"":12904,""market_sample_size"":null,""tail_sample_size"":null,""curve"":""market_specific"",""raw_probability"":0.63863,""fitted_raw_range"":[0.187653,0.812347],""outside_fitted_range"":false,""endpoint_probabilities"":[0.02,0.98],""limitation"":""Endpoint clipping is not held-out evidence; total rows are not independent games or tail sample size.""}",Calibration fitted; not prospectively validated,1148.325358851675,22.01834862385321,2026-09-30T18:55:46.584610+00:00,2026,4,over,0.4916850288945246,0.4916850288945246,3,29.5,2026_04_NE_BUF,33.0,graded,win,0.9174311926605505,1.0,0.1322314049586777,0.2583841098499603,0.7988482121747822,3.5
573cc0ef39631a4f6673ec843a8bedd4,2026-10-04T17:00:00Z,Buffalo Bills,New England Patriots,New England Patriots @ Buffalo Bills,bovada,Bovada,player_pass_completions,pass_completions,Josh Allen,over,105,20.5,2026-09-30T18:54:21Z,joshallen,joshallen,20.5,20.307242695461493,4.801169364592728,,False,"{""version"":""nfl-projection-trace-1"",""current_sample"":[{""season"":2026,""week"":1,""attempts"":29,""completions"":20,""passing_yards"":334},{""season"":2026,""week"":2,""attempts"":31,""completions"":20,""passing_yards"":248},{""season"":2026,""week"":3,""attempts"":26,""completions"":16,""passing_yards"":204}],""recent_mean_weight"":0.428571,""yards_per_completion_recent_weight"":0.428571,""career_baselines"":{""attempts"":{""mean"":31.259819,""games"":112,""position_pool_mean"":27.802292},""yards_per_completion"":{""mean"":11.433435,""games"":112,""position_pool_mean"":10.957484}},""attempts"":29.686929,""completion_rate"":0.630637,""yards_per_completion"":12.0,""limitations"":[""Appearance totals do not distinguish partial games from normal starter workloads."",""Completion rate uses recent games without career shrinkage."",""Variance omits completion-rate uncertainty and dependence among components.""],""mean_stages"":{""before_adjustments"":18.721681,""after_defense"":20.307243,""after_venue"":20.307243,""final"":20.307243}}",0.4878048780487805,0.4839875706597292,0.0,0.5000000000000001,"{""version"":""nfl-calibration-trace-1"",""artifact_sha256"":""7c54bf5c44243e81b12bb6e72819cc44261a6c13e823cadd48cc848089163716"",""fitted_season"":2025,""fitted_weeks"":[4,5,6,7,9,10,11,12,14],""total_graded_rows"":12904,""market_sample_size"":null,""tail_sample_size"":null,""curve"":""market_specific"",""raw_probability"":0.483988,""fitted_raw_range"":[0.026155,0.973845],""outside_fitted_range"":false,""endpoint_probabilities"":[0.457143,0.542857],""limitation"":""Endpoint clipping is not held-out evidence; total rows are not independent games or tail sample size.""}",Calibration fitted; not prospectively validated,121.95121951219636,2.5000000000000355,2026-09-30T18:55:46.584610+00:00,2026,4,over,0.4592085979482169,0.4628151931056495,3,20.5,2026_04_NE_BUF,23.0,graded,win,1.05,1.0,0.2499999999999999,0.2885675167581207,2.6927573045385067,2.5
573cc0ef39631a4f6673ec843a8bedd4,2026-10-04T17:00:00Z,Buffalo Bills,New England Patriots,New England Patriots @ Buffalo Bills,betrivers,BetRivers,player_pass_tds,pass_tds,Josh Allen,over,-157,1.5,2026-09-30T18:55:10Z,joshallen,joshallen,1.5,1.7666666666666668,,1.7666666666666668,False,,0.6108949416342413,0.5271719279157814,0.0,0.5000000000000001,"{""version"":""nfl-calibration-trace-1"",""artifact_sha256"":""7c54bf5c44243e81b12bb6e72819cc44261a6c13e823cadd48cc848089163716"",""fitted_season"":2025,""fitted_weeks"":[4,5,6,7,9,10,11,12,14],""total_graded_rows"":12904,""market_sample_size"":null,""tail_sample_size"":null,""curve"":""pooled"",""raw_probability"":0.527172,""fitted_raw_range"":[4.8e-05,0.999952],""outside_fitted_range"":false,""endpoint_probabilities"":[0.25,0.75],""limitation"":""Endpoint clipping is not held-out evidence; total rows are not independent games or tail sample size.""}",Calibration fitted; not prospectively validated,-1108.949416342412,-18.1528662420382,2026-09-30T18:55:46.584610+00:00,2026,4,over,0.5711377365417348,0.5785341998584389,5,1.5,2026_04_NE_BUF,1.0,graded,loss,-1.0,0.0,0.2500000000000001,0.3347018204058441,0.7666666666666668,0.5
573cc0ef39631a4f6673ec843a8bedd4,2026-10-04T17:00:00Z,Buffalo Bills,New England Patriots,New England Patriots @ Buffalo Bills,draftkings,DraftKings,player_pass_yds,pass_yds,Josh Allen,over,-111,240.5,2026-09-30T18:53:26Z,joshallen,joshallen,240.5,258.3081270862702,70.98329407558036,,False,"{""version"":""nfl-projection-trace-1"",""current_sample"":[{""season"":2026,""week"":1,""attempts"":29,""completions"":20,""passing_yards"":334},{""season"":2026,""week"":2,""attempts"":31,""completions"":20,""passing_yards"":248},{""season"":2026,""week"":3,""attempts"":26,""completions"":16,""passing_yards"":204}],""recent_mean_weight"":0.428571,""yards_per_completion_recent_weight"":0.428571,""career_baselines"":{""attempts"":{""mean"":31.259819,""games"":112,""position_pool_mean"":27.802292},""yards_per_completion"":{""mean"":11.433435,""games"":112,""position_pool_mean"":10.957484}},""attempts"":29.686929,""completion_rate"":0.630637,""yards_per_completion"":12.0,""limitations"":[""Appearance totals do not distinguish partial games from normal starter workloads."",""Completion rate uses recent games without career shrinkage."",""Variance omits completion-rate uncertainty and dependence among components.""],""mean_stages"":{""before_adjustments"":224.660167,""after_defense"":243.686912,""after_venue"":258.308127,""final"":258.308127}}",0.5260663507109005,0.5990456753475761,0.0,0.4999999999999999,"{""version"":""nfl-calibration-trace-1"",""artifact_sha256"":""7c54bf5c44243e81b12bb6e72819cc44261a6c13e823cadd48cc848089163716"",""fitted_season"":2025,""fitted_weeks"":[4,5,6,7,9,10,11,12,14],""total_graded_rows"":12904,""market_sample_size"":null,""tail_sample_size"":null,""curve"":""market_specific"",""raw_probability"":0.599046,""fitted_raw_range"":[0.092856,0.907144],""outside_fitted_range"":false,""endpoint_probabilities"":[0.02,0.98],""limitation"":""Endpoint clipping is not held-out evidence; total rows are not independent games or tail sample size.""}",Calibration fitted; not prospectively validated,-260.6635071090052,-4.95495495495496,2026-09-30T18:55:46.584610+00:00,2026,4,over,0.4978941161605526,0.5,3,240.5,2026_04_NE_BUF,253.0,graded,win,0.9009009009009009,1.0,0.2500000000000001,0.25,5.30812708627019,12.5
573cc0ef39631a4f6673ec843a8bedd4,2026-10-04T17:00:00Z,Buffalo Bills,New England Patriots,New England Patriots @ Buffalo Bills,betonlineag,BetOnline.ag,player_rush_attempts,rush_attempts,Josh Allen,over,-119,7.5,2026-09-30T18:54:20Z,joshallen,joshallen,7.5,8.227898869130941,3.788437948789874,,False,,0.54337899543379,0.5761825294077606,0.0,0.506993006993007,"{""version"":""nfl-calibration-trace-1"",""artifact_sha256"":""7c54bf5c44243e81b12bb6e72819cc44261a6c13e823cadd48cc848089163716"",""fitted_season"":2025,""fitted_weeks"":[4,5,6,7,9,10,11,12,14],""total_graded_rows"":12904,""market_sample_size"":null,""tail_sample_size"":null,""curve"":""market_specific"",""raw_probability"":0.576183,""fitted_raw_range"":[4.8e-05,0.999952],""outside_fitted_range"":false,""endpoint_probabilities"":[0.405405,0.594595],""limitation"":""Endpoint clipping is not held-out evidence; total rows are not independent games or tail sample size.""}",Calibration fitted; not prospectively validated,-363.85988440783,-6.696244931539052,2026-09-30T18:55:46.584610+00:00,2026,4,over,0.5102580936358787,0.5251310126131035,2,7.5,2026_04_NE_BUF,5.0,graded,loss,-1.0,0.0,0.25704190913981123,0.27576258040806345,3.227898869130941,2.5
573cc0ef39631a4f6673ec843a8bedd4,2026-10-04T17:00:00Z,Buffalo Bills,New England Patriots,New England Patriots @ Buffalo Bills,draftkings,DraftKings,player_rush_yds,rush_yds,Josh Allen,over,-110,31.5,2026-09-30T18:53:26Z,joshallen,joshallen,31.5,36.285262418635554,23.14511394136681,,False,,0.5238095238095238,0.5818976173110391,0.0,0.4999999999999998,"{""version"":""nfl-calibration-trace-1"",""artifact_sha256"":""7c54bf5c44243e81b12bb6e72819cc44261a6c13e823cadd48cc848089163716"",""fitted_season"":2025,""fitted_weeks"":[4,5,6,7,9,10,11,12,14],""total_graded_rows"":12904,""market_sample_size"":null,""tail_sample_size"":null,""curve"":""market_specific"",""raw_probability"":0.581898,""fitted_raw_range"":[0.000122,0.999878],""outside_fitted_range"":false,""endpoint_probabilities"":[0.02,0.98],""limitation"":""Endpoint clipping is not held-out evidence; total rows are not independent games or tail sample size.""}",Calibration fitted; not prospectively validated,-238.09523809524052,-4.5454545454545965,2026-09-30T18:55:46.584610+00:00,2026,4,over,0.495787700084246,0.5,4,31.5,2026_04_NE_BUF,4.0,graded,loss,-1.0,0.0,0.24999999999999978,0.25,32.285262418635554,27.5
573cc0ef39631a4f6673ec843a8bedd4,2026-10-04T17:00:00Z,Buffalo Bills,New England Patriots,New England Patriots @ Buffalo Bills,betonlineag,BetOnline.ag,player_receptions,receptions,Keon Coleman,over,-102,1.5,2026-09-30T18:54:20Z,keoncoleman,keoncoleman,1.5,2.791769171467212,1.8974082519790163,,False,,0.504950495049505,0.7520032485511067,0.0,0.5475728155339805,"{""version"":""nfl-calibration-trace-1"",""artifact_sha256"":""7c54bf5c44243e81b12bb6e72819cc44261a6c13e823cadd48cc848089163716"",""fitted_season"":2025,""fitted_weeks"":[4,5,6,7,9,10,11,12,14],""total_graded_rows"":12904,""market_sample_size"":null,""tail_sample_size"":null,""curve"":""market_specific"",""raw_probability"":0.752003,""fitted_raw_range"":[0.000771,0.999229],""outside_fitted_range"":false,""endpoint_probabilities"":[0.166667,0.833333],""limitation"":""Endpoint clipping is not held-out evidence; total rows are not independent games or tail sample size.""}",Calibration fitted; not prospectively validated,426.2232048447556,8.440890919474576,2026-09-30T18:55:46.584610+00:00,2026,4,over,0.4743894443533846,0.4752652615957794,4,1.5,2026_04_NE_BUF,6.0,graded,win,0.9803921568627451,1.0,0.20469035724384962,0.2753465456881458,3.208230828532788,4.5
573cc0ef39631a4f6673ec843a8bedd4,2026-10-04T17:00:00Z,Buffalo Bills,New England Patriots,New England Patriots @ Buffalo Bills,draftkings,DraftKings,player_reception_yds,recv_yds,Keon Coleman,over,-110,13.5,2026-09-30T18:53:26Z,keoncoleman,keoncoleman,13.5,51.7154910598004,37.29933095260422,,False,,0.5238095238095238,0.8472151370382588,0.0,0.5163043478260871,"{""version"":""nfl-calibration-trace-1"",""artifact_sha256"":""7c54bf5c44243e81b12bb6e72819cc44261a6c13e823cadd48cc848089163716"",""fitted_season"":2025,""fitted_weeks"":[4,5,6,7,9,10,11,12,14],""total_graded_rows"":12904,""market_sample_size"":null,""tail_sample_size"":null,""curve"":""market_specific"",""raw_probability"":0.847215,""fitted_raw_range"":[0.012265,0.987735],""outside_fitted_range"":false,""endpoint_probabilities"":[0.483696,0.516304],""limitation"":""Endpoint clipping is not held-out evidence; total rows are not independent games or tail sample size.""}",Calibration fitted; not prospectively validated,-75.05175983436696,-1.432806324110647,2026-09-30T18:55:46.584610+00:00,2026,4,over,0.495787700084246,0.5,3,13.5,2026_04_NE_BUF,116.0,graded,win,0.9090909090909091,1.0,0.23396148393194688,0.25,64.2845089401996,102.5
573cc0ef39631a4f6673ec843a8bedd4,2026-10-04T17:00:00Z,Buffalo Bills,New England Patriots,New England Patriots @ Buffalo Bills,betrivers,BetRivers,player_receptions,receptions,Khalil Shakir,over,-125,3.5,2026-09-30T18:55:10Z,khalilshakir,khalilshakir,3.5,2.544181525913342,1.3561751182601582,,False,,0.5555555555555556,0.2404705093509685,0.0,0.4524271844660194,"{""version"":""nfl-calibration-trace-1"",""artifact_sha256"":""7c54bf5c44243e81b12bb6e72819cc44261a6c13e823cadd48cc848089163716"",""fitted_season"":2025,""fitted_weeks"":[4,5,6,7,9,10,11,12,14],""total_graded_rows"":12904,""market_sample_size"":null,""tail_sample_size"":null,""curve"":""market_specific"",""raw_probability"":0.240471,""fitted_raw_range"":[0.000771,0.999229],""outside_fitted_range"":false,""endpoint_probabilities"":[0.166667,0.833333],""limitation"":""Endpoint clipping is not held-out evidence; total rows are not independent games or tail sample size.""}",Calibration fitted; not prospectively validated,-1031.2837108953615,-18.5631067961165,2026-09-30T18:55:46.584610+00:00,2026,4,over,,0.5534367119548971,4,3.5,2026_04_NE_BUF,7.0,graded,win,0.8,1.0,0.29983598831181063,0.19941877022965357,4.455818474086659,3.5
573cc0ef39631a4f6673ec843a8bedd4,2026-10-04T17:00:00Z,Buffalo Bills,New England Patriots,New England Patriots @ Buffalo Bills,draftkings,DraftKings,player_reception_yds,recv_yds,Khalil Shakir,over,-110,37.5,2026-09-30T18:53:26Z,khalilshakir,khalilshakir,37.5,26.99318903630793,18.962144551410347,,False,,0.5238095238095238,0.2897572501316633,0.0,0.4985632183908046,"{""version"":""nfl-calibration-trace-1"",""artifact_sha256"":""7c54bf5c44243e81b12bb6e72819cc44261a6c13e823cadd48cc848089163716"",""fitted_season"":2025,""fitted_weeks"":[4,5,6,7,9,10,11,12,14],""total_graded_rows"":12904,""market_sample_size"":null,""tail_sample_size"":null,""curve"":""market_specific"",""raw_probability"":0.289757,""fitted_raw_range"":[0.012265,0.987735],""outside_fitted_range"":false,""endpoint_probabilities"":[0.483696,0.516304],""limitation"":""Endpoint clipping is not held-out evidence; total rows are not independent games or tail sample size.""}",Calibration fitted; not prospectively validated,-252.4630541871925,-4.81974921630095,2026-09-30T18:55:46.584610+00:00,2026,4,over,0.495787700084246,0.5,3,37.5,2026_04_NE_BUF,82.0,graded,win,0.9090909090909091,1.0,0.2514388459505879,0.25,55.006810963692075,44.5
573cc0ef39631a4f6673ec843a8bedd4,2026-10-04T17:00:00Z,Buffalo Bills,New England Patriots,New England Patriots @ Buffalo Bills,draftkings,DraftKings,player_receptions,receptions,Mack Hollins,over,-109,3.5,2026-09-30T18:53:26Z,mackhollins,mackhollins,3.5,4.09855125267458,2.2670025031956964,,False,,0.5215311004784688,0.6041206781310672,0.0,0.5475728155339805,"{""version"":""nfl-calibration-trace-1"",""artifact_sha256"":""7c54bf5c44243e81b12bb6e72819cc44261a6c13e823cadd48cc848089163716"",""fitted_season"":2025,""fitted_weeks"":[4,5,6,7,9,10,11,12,14],""total_graded_rows"":12904,""market_sample_size"":null,""tail_sample_size"":null,""curve"":""market_specific"",""raw_probability"":0.604121,""fitted_raw_range"":[0.000771,0.999229],""outside_fitted_range"":false,""endpoint_probabilities"":[0.166667,0.833333],""limitation"":""Endpoint clipping is not held-out evidence; total rows are not independent games or tail sample size.""}",Calibration fitted; not prospectively validated,260.41715055511673,4.9933196757816045,2026-09-30T18:55:46.584610+00:00,2026,4,over,0.4916850288945246,0.4999442371708061,4,3.5,2026_04_NE_BUF,3.0,graded,loss,-1.0,0.0,0.29983598831181063,0.2499442402802992,1.0985512526745804,0.5
573cc0ef39631a4f6673ec843a8bedd4,2026-10-04T17:00:00Z,Buffalo Bills,New England Patriots,New England Patriots @ Buffalo Bills,draftkings,DraftKings,player_reception_yds,recv_yds,Mack Hollins,over,-112,43.5,2026-09-30T18:53:26Z,mackhollins,mackhollins,43.5,50.724789344191805,36.61556841363103,,False,,0.5283018867924528,0.5782093558249664,0.0,0.5000000000000002,"{""version"":""nfl-calibration-trace-1"",""artifact_sha256"":""7c54bf5c44243e81b12bb6e72819cc44261a6c13e823cadd48cc848089163716"",""fitted_season"":2025,""fitted_weeks"":[4,5,6,7,9,10,11,12,14],""total_graded_rows"":12904,""market_sample_size"":null,""tail_sample_size"":null,""curve"":""market_specific"",""raw_probability"":0.578209,""fitted_raw_range"":[0.012265,0.987735],""outside_fitted_range"":false,""endpoint_probabilities"":[0.483696,0.516304],""limitation"":""Endpoint clipping is not held-out evidence; total rows are not independent games or tail sample size.""}",Calibration fitted; not prospectively validated,-283.01886792452603,-5.357142857142816,2026-09-30T18:55:46.584610+00:00,2026,4,over,0.5,0.5,5,43.5,2026_04_NE_BUF,53.0,graded,win,0.8928571428571429,1.0,0.24999999999999978,0.25,2.275210655808195,9.5
573cc0ef39631a4f6673ec843a8bedd4,2026-10-04T17:00:00Z,Buffalo Bills,New England Patriots,New England Patriots @ Buffalo Bills,draftkings,DraftKings,player_receptions,receptions,Rhamondre Stevenson,over,-128,2.5,2026-09-30T18:53:26Z,rhamondrestevenson,rhamondrestevenson,2.5,2.6455672249296085,1.501599704970651,,False,,0.5614035087719298,0.5386135469196767,0.0,0.5408805031446541,"{""version"":""nfl-calibration-trace-1"",""artifact_sha256"":""7c54bf5c44243e81b12bb6e72819cc44261a6c13e823cadd48cc848089163716"",""fitted_season"":2025,""fitted_weeks"":[4,5,6,7,9,10,11,12,14],""total_graded_rows"":12904,""market_sample_size"":null,""tail_sample_size"":null,""curve"":""market_specific"",""raw_probability"":0.538614,""fitted_raw_range"":[0.000771,0.999229],""outside_fitted_range"":false,""endpoint_probabilities"":[0.166667,0.833333],""limitation"":""Endpoint clipping is not held-out evidence; total rows are not independent games or tail sample size.""}",Calibration fitted; not prospectively validated,-205.2300562727572,-3.655660377358483,2026-09-30T18:55:46.584610+00:00,2026,4,over,0.5289256198347108,0.5326733613387598,4,2.5,2026_04_NE_BUF,3.0,graded,win,0.78125,1.0,0.210790712392706,0.2183941872024134,0.3544327750703915,0.5
573cc0ef39631a4f6673ec843a8bedd4,2026-10-04T17:00:00Z,Buffalo Bills,New England Patriots,New England Patriots @ Buffalo Bills,draftkings,DraftKings,player_reception_yds,recv_yds,Rhamondre Stevenson,over,-109,18.5,2026-09-30T18:53:26Z,rhamondrestevenson,rhamondrestevenson,18.5,16.347377990995184,14.84928644371448,,False,,0.5215311004784688,0.4423693805104895,0.0,0.5000000000000002,"{""version"":""nfl-calibration-trace-1"",""artifact_sha256"":""7c54bf5c44243e81b12bb6e72819cc44261a6c13e823cadd48cc848089163716"",""fitted_season"":2025,""fitted_weeks"":[4,5,6,7,9,10,11,12,14],""total_graded_rows"":12904,""market_sample_size"":null,""tail_sample_size"":null,""curve"":""market_specific"",""raw_probability"":0.442369,""fitted_raw_range"":[0.012265,0.987735],""outside_fitted_range"":false,""endpoint_probabilities"":[0.483696,0.516304],""limitation"":""Endpoint clipping is not held-out evidence; total rows are not independent games or tail sample size.""}",Calibration fitted; not prospectively validated,-215.31100478468625,-4.128440366972419,2026-09-30T18:55:46.584610+00:00,2026,4,over,0.4936802190857384,0.4948402542722694,5,18.5,2026_04_NE_BUF,27.0,graded,win,0.9174311926605505,1.0,0.24999999999999978,0.2551863687037054,10.652622009004816,8.5
573cc0ef39631a4f6673ec843a8bedd4,2026-10-04T17:00:00Z,Buffalo Bills,New England Patriots,New England Patriots @ Buffalo Bills,draftkings,DraftKings,player_rush_attempts,rush_attempts,Rhamondre Stevenson,over,-111,8.5,2026-09-30T18:53:26Z,rhamondrestevenson,rhamondrestevenson,8.5,9.03345641615672,5.406909741808027,,False,,0.5260663507109005,0.5392966711116792,0.0,0.506993006993007,"{""version"":""nfl-calibration-trace-1"",""artifact_sha256"":""7c54bf5c44243e81b12bb6e72819cc44261a6c13e823cadd48cc848089163716"",""fitted_season"":2025,""fitted_weeks"":[4,5,6,7,9,10,11,12,14],""total_graded_rows"":12904,""market_sample_size"":null,""tail_sample_size"":null,""curve"":""market_specific"",""raw_probability"":0.539297,""fitted_raw_range"":[4.8e-05,0.999952],""outside_fitted_range"":false,""endpoint_probabilities"":[0.405405,0.594595],""limitation"":""Endpoint clipping is not held-out evidence; total rows are not independent games or tail sample size.""}",Calibration fitted; not prospectively validated,-190.73343717893488,-3.625653625653624,2026-09-30T18:55:46.584610+00:00,2026,4,over,0.4958445875753168,0.4963746256077161,2,8.5,2026_04_NE_BUF,13.0,graded,win,0.9009009009009009,1.0,0.24305589515379727,0.25363851773176804,3.966543583843279,4.5
573cc0ef39631a4f6673ec843a8bedd4,2026-10-04T17:00:00Z,Buffalo Bills,New England Patriots,New England Patriots @ Buffalo Bills,draftkings,DraftKings,player_rush_yds,rush_yds,Rhamondre Stevenson,over,-112,31.5,2026-09-30T18:53:26Z,rhamondrestevenson,rhamondrestevenson,31.5,37.34434299045584,29.48841921326281,,False,,0.5283018867924528,0.5785522346667771,0.0,0.4999999999999998,"{""version"":""nfl-calibration-trace-1"",""artifact_sha256"":""7c54bf5c44243e81b12bb6e72819cc44261a6c13e823cadd48cc848089163716"",""fitted_season"":2025,""fitted_weeks"":[4,5,6,7,9,10,11,12,14],""total_graded_rows"":12904,""market_sample_size"":null,""tail_sample_size"":null,""curve"":""market_specific"",""raw_probability"":0.578552,""fitted_raw_range"":[0.000122,0.999878],""outside_fitted_range"":false,""endpoint_probabilities"":[0.02,0.98],""limitation"":""Endpoint clipping is not held-out evidence; total rows are not independent games or tail sample size.""}",Calibration fitted; not prospectively validated,-283.01886792453047,-5.357142857142893,2026-09-30T18:55:46.584610+00:00,2026,4,over,0.5,0.5,4,31.5,2026_04_NE_BUF,47.0,graded,win,0.8928571428571429,1.0,0.2500000000000002,0.25,9.655657009544157,15.5
573cc0ef39631a4f6673ec843a8bedd4,2026-10-04T17:00:00Z,Buffalo Bills,New England Patriots,New England Patriots @ Buffalo Bills,bovada,Bovada,player_receptions,receptions,Romeo Doubs,over,120,3.5,2026-09-30T18:54:21Z,romeodoubs,romeodoubs,3.5,3.206470622116049,1.568008060762599,,False,,0.4545454545454545,0.4257523452040971,0.0,0.4579439252336449,"{""version"":""nfl-calibration-trace-1"",""artifact_sha256"":""7c54bf5c44243e81b12bb6e72819cc44261a6c13e823cadd48cc848089163716"",""fitted_season"":2025,""fitted_weeks"":[4,5,6,7,9,10,11,12,14],""total_graded_rows"":12904,""market_sample_size"":null,""tail_sample_size"":null,""curve"":""market_specific"",""raw_probability"":0.425752,""fitted_raw_range"":[0.000771,0.999229],""outside_fitted_range"":false,""endpoint_probabilities"":[0.166667,0.833333],""limitation"":""Endpoint clipping is not held-out evidence; total rows are not independent games or tail sample size.""}",Calibration fitted; not prospectively validated,33.984706881903804,0.7476635514018781,2026-09-30T18:55:46.584610+00:00,2026,4,over,0.4248366013071895,0.4299086791505404,4,3.5,2026_04_NE_BUF,6.0,graded,win,1.2,1.0,0.29382478819110835,0.32500411410788144,2.793529377883951,2.5
573cc0ef39631a4f6673ec843a8bedd4,2026-10-04T17:00:00Z,Buffalo Bills,New England Patriots,New England Patriots @ Buffalo Bills,draftkings,DraftKings,player_reception_yds,recv_yds,Romeo Doubs,over,-111,40.5,2026-09-30T18:53:26Z,romeodoubs,romeodoubs,40.5,48.45205279621713,30.531092304355845,,False,,0.5260663507109005,0.6027445632302048,0.0,0.5010141987829615,"{""version"":""nfl-calibration-trace-1"",""artifact_sha256"":""7c54bf5c44243e81b12bb6e72819cc44261a6c13e823cadd48cc848089163716"",""fitted_season"":2025,""fitted_weeks"":[4,5,6,7,9,10,11,12,14],""total_graded_rows"":12904,""market_sample_size"":null,""tail_sample_size"":null,""curve"":""market_specific"",""raw_probability"":0.602745,""fitted_raw_range"":[0.012265,0.987735],""outside_fitted_range"":false,""endpoint_probabilities"":[0.483696,0.516304],""limitation"":""Endpoint clipping is not held-out evidence; total rows are not independent games or tail sample size.""}",Calibration fitted; not prospectively validated,-250.5215192793897,-4.76216581693254,2026-09-30T18:55:46.584610+00:00,2026,4,over,0.4978941161605526,0.4989470580802763,2,40.5,2026_04_NE_BUF,58.0,graded,win,0.9009009009009009,1.0,0.24898682981620987,0.25105405060641,9.547947203782869,17.5
573cc0ef39631a4f6673ec843a8bedd4,2026-10-04T17:00:00Z,Buffalo Bills,New England Patriots,New England Patriots @ Buffalo Bills,betonlineag,BetOnline.ag,player_receptions,receptions,TreVeyon Henderson,over,134,1.5,2026-09-30T18:54:20Z,treveyonhenderson,treveyonhenderson,1.5,1.6603276902131838,1.683575858877446,,False,,0.4273504273504273,0.537934108697858,0.0,0.5408805031446541,"{""version"":""nfl-calibration-trace-1"",""artifact_sha256"":""7c54bf5c44243e81b12bb6e72819cc44261a6c13e823cadd48cc848089163716"",""fitted_season"":2025,""fitted_weeks"":[4,5,6,7,9,10,11,12,14],""total_graded_rows"":12904,""market_sample_size"":null,""tail_sample_size"":null,""curve"":""market_specific"",""raw_probability"":0.537934,""fitted_raw_range"":[0.000771,0.999229],""outside_fitted_range"":false,""endpoint_probabilities"":[0.166667,0.833333],""limitation"":""Endpoint clipping is not held-out evidence; total rows are not independent games or tail sample size.""}",Calibration fitted; not prospectively validated,1135.3007579422674,26.56603773584907,2026-09-30T18:55:46.584610+00:00,2026,4,over,0.4017531044558072,0.4051125582793408,4,1.5,2026_04_NE_BUF,0.0,graded,loss,-1.0,0.0,0.29255171868201413,0.1641161848756323,1.6603276902131838,1.5
573cc0ef39631a4f6673ec843a8bedd4,2026-10-04T17:00:00Z,Buffalo Bills,New England Patriots,New England Patriots @ Buffalo Bills,draftkings,DraftKings,player_reception_yds,recv_yds,TreVeyon Henderson,over,-110,7.5,2026-09-30T18:53:26Z,treveyonhenderson,treveyonhenderson,7.5,11.009895797766385,14.232177320427532,,False,,0.5238095238095238,0.5973976473518446,0.0,0.5010141987829615,"{""version"":""nfl-calibration-trace-1"",""artifact_sha256"":""7c54bf5c44243e81b12bb6e72819cc44261a6c13e823cadd48cc848089163716"",""fitted_season"":2025,""fitted_weeks"":[4,5,6,7,9,10,11,12,14],""total_graded_rows"":12904,""market_sample_size"":null,""tail_sample_size"":null,""curve"":""market_specific"",""raw_probability"":0.597398,""fitted_raw_range"":[0.012265,0.987735],""outside_fitted_range"":false,""endpoint_probabilities"":[0.483696,0.516304],""limitation"":""Endpoint clipping is not held-out evidence; total rows are not independent games or tail sample size.""}",Calibration fitted; not prospectively validated,-227.9532502656234,-4.351834777798269,2026-09-30T18:55:46.584610+00:00,2026,4,over,0.495787700084246,0.5,4,7.5,2026_04_NE_BUF,0.0,graded,loss,-1.0,0.0,0.25101522738213283,0.25,11.009895797766385,7.5
573cc0ef39631a4f6673ec843a8bedd4,2026-10-04T17:00:00Z,Buffalo Bills,New England Patriots,New England Patriots @ Buffalo Bills,draftkings,DraftKings,player_rush_attempts,rush_attempts,TreVeyon Henderson,over,-110,10.5,2026-09-30T18:53:26Z,treveyonhenderson,treveyonhenderson,10.5,8.768045965390991,5.793835323203292,,False,,0.5238095238095238,0.3824965410981563,0.0,0.4915254237288136,"{""version"":""nfl-calibration-trace-1"",""artifact_sha256"":""7c54bf5c44243e81b12bb6e72819cc44261a6c13e823cadd48cc848089163716"",""fitted_season"":2025,""fitted_weeks"":[4,5,6,7,9,10,11,12,14],""total_graded_rows"":12904,""market_sample_size"":null,""tail_sample_size"":null,""curve"":""market_specific"",""raw_probability"":0.382497,""fitted_raw_range"":[4.8e-05,0.999952],""outside_fitted_range"":false,""endpoint_probabilities"":[0.405405,0.594595],""limitation"":""Endpoint clipping is not held-out evidence; total rows are not independent games or tail sample size.""}",Calibration fitted; not prospectively validated,-322.84100080710255,-6.163328197226504,2026-09-30T18:55:46.584610+00:00,2026,4,over,0.4937655860349127,0.4968827930174563,2,10.5,2026_04_NE_BUF,14.0,graded,win,0.9090909090909091,1.0,0.2585463947141626,0.2531269239619157,5.231954034609009,3.5
573cc0ef39631a4f6673ec843a8bedd4,2026-10-04T17:00:00Z,Buffalo Bills,New England Patriots,New England Patriots @ Buffalo Bills,draftkings,DraftKings,player_rush_yds,rush_yds,TreVeyon Henderson,over,-110,41.5,2026-09-30T18:53:26Z,treveyonhenderson,treveyonhenderson,41.5,33.60875318301441,29.029034481935383,,False,,0.5238095238095238,0.3928726020490262,0.0,0.4999999999999998,"{""version"":""nfl-calibration-trace-1"",""artifact_sha256"":""7c54bf5c44243e81b12bb6e72819cc44261a6c13e823cadd48cc848089163716"",""fitted_season"":2025,""fitted_weeks"":[4,5,6,7,9,10,11,12,14],""total_graded_rows"":12904,""market_sample_size"":null,""tail_sample_size"":null,""curve"":""market_specific"",""raw_probability"":0.392873,""fitted_raw_range"":[0.000122,0.999878],""outside_fitted_range"":false,""endpoint_probabilities"":[0.02,0.98],""limitation"":""Endpoint clipping is not held-out evidence; total rows are not independent games or tail sample size.""}",Calibration fitted; not prospectively validated,-238.09523809524052,-4.5454545454545965,2026-09-30T18:55:46.584610+00:00,2026,4,over,0.495787700084246,0.5,4,41.5,2026_04_NE_BUF,42.0,graded,win,0.9090909090909091,1.0,0.2500000000000002,0.25,8.391246816985593,0.5
573cc0ef39631a4f6673ec843a8bedd4,2026-10-04T17:00:00Z,Buffalo Bills,New England Patriots,New England Patriots @ Buffalo Bills,draftkings,DraftKings,player_receptions,receptions,Ty Johnson,over,-141,1.5,2026-09-30T18:53:26Z,tyjohnson,tyjohnson,1.5,2.4667775354044825,1.776577200517305,,False,,0.5850622406639004,0.7068411458122302,0.0,0.5475728155339805,"{""version"":""nfl-calibration-trace-1"",""artifact_sha256"":""7c54bf5c44243e81b12bb6e72819cc44261a6c13e823cadd48cc848089163716"",""fitted_season"":2025,""fitted_weeks"":[4,5,6,7,9,10,11,12,14],""total_graded_rows"":12904,""market_sample_size"":null,""tail_sample_size"":null,""curve"":""market_specific"",""raw_probability"":0.706841,""fitted_raw_range"":[0.000771,0.999229],""outside_fitted_range"":false,""endpoint_probabilities"":[0.166667,0.833333],""limitation"":""Endpoint clipping is not held-out evidence; total rows are not independent games or tail sample size.""}",Calibration fitted; not prospectively validated,-374.8942512991993,-6.407766990291275,2026-09-30T18:55:46.584610+00:00,2026,4,over,0.551293986222305,0.5565776604163399,4,1.5,2026_04_NE_BUF,2.0,graded,win,0.7092198581560284,1.0,0.20469035724384962,0.19662337124184676,0.4667775354044825,0.5
573cc0ef39631a4f6673ec843a8bedd4,2026-10-04T17:00:00Z,Buffalo Bills,New England Patriots,New England Patriots @ Buffalo Bills,draftkings,DraftKings,player_reception_yds,recv_yds,Ty Johnson,over,-115,12.5,2026-09-30T18:53:26Z,tyjohnson,tyjohnson,12.5,25.05040187007712,21.97330577671136,,False,,0.5348837209302325,0.7160563875876101,0.0,0.5014367816091952,"{""version"":""nfl-calibration-trace-1"",""artifact_sha256"":""7c54bf5c44243e81b12bb6e72819cc44261a6c13e823cadd48cc848089163716"",""fitted_season"":2025,""fitted_weeks"":[4,5,6,7,9,10,11,12,14],""total_graded_rows"":12904,""market_sample_size"":null,""tail_sample_size"":null,""curve"":""market_specific"",""raw_probability"":0.716056,""fitted_raw_range"":[0.012265,0.987735],""outside_fitted_range"":false,""endpoint_probabilities"":[0.483696,0.516304],""limitation"":""Endpoint clipping is not held-out evidence; total rows are not independent games or tail sample size.""}",Calibration fitted; not prospectively validated,-334.46939321037263,-6.253123438280883,2026-09-30T18:55:46.584610+00:00,2026,4,over,0.5063197809142617,0.5101214574898786,3,12.5,2026_04_NE_BUF,9.0,graded,loss,-1.0,0.0,0.2514388459505878,0.260223901391598,16.05040187007712,3.5
664e6bda5721dc63be16bcf7d962a436,2026-10-04T17:00:00Z,New York Giants,Arizona Cardinals,Arizona Cardinals @ New York Giants,draftkings,DraftKings,player_rush_attempts,rush_attempts,Cam Skattebo,over,-130,16.5,2026-09-30T18:54:31Z,camskattebo,camskattebo,16.5,12.440646048304536,6.057551817574395,,False,,0.5652173913043478,0.25138710581557,0.0,0.4473684210526316,"{""version"":""nfl-calibration-trace-1"",""artifact_sha256"":""7c54bf5c44243e81b12bb6e72819cc44261a6c13e823cadd48cc848089163716"",""fitted_season"":2025,""fitted_weeks"":[4,5,6,7,9,10,11,12,14],""total_graded_rows"":12904,""market_sample_size"":null,""tail_sample_size"":null,""curve"":""market_specific"",""raw_probability"":0.251387,""fitted_raw_range"":[4.8e-05,0.999952],""outside_fitted_range"":false,""endpoint_probabilities"":[0.405405,0.594595],""limitation"":""Endpoint clipping is not held-out evidence; total rows are not independent games or tail sample size.""}",Calibration fitted; not prospectively validated,-1178.489702517162,-20.85020242914979,2026-09-30T18:55:46.584610+00:00,2026,4,over,0.5330897279740154,0.5330897279740154,1,16.5,2026_04_ARI_NYG,18.0,graded,win,0.7692307692307693,1.0,0.3054016620498614,0.2180052021233789,5.5593539516954635,1.5
664e6bda5721dc63be16bcf7d962a436,2026-10-04T17:00:00Z,New York Giants,Arizona Cardinals,Arizona Cardinals @ New York Giants,draftkings,DraftKings,player_rush_yds,rush_yds,Cam Skattebo,over,-113,65.5,2026-09-30T18:54:31Z,camskattebo,camskattebo,65.5,46.26225196383331,33.182503867543595,,False,,0.5305164319248826,0.2810396646363097,0.0,0.4352331606217616,"{""version"":""nfl-calibration-trace-1"",""artifact_sha256"":""7c54bf5c44243e81b12bb6e72819cc44261a6c13e823cadd48cc848089163716"",""fitted_season"":2025,""fitted_weeks"":[4,5,6,7,9,10,11,12,14],""total_graded_rows"":12904,""market_sample_size"":null,""tail_sample_size"":null,""curve"":""market_specific"",""raw_probability"":0.28104,""fitted_raw_range"":[0.000122,0.999878],""outside_fitted_range"":false,""endpoint_probabilities"":[0.02,0.98],""limitation"":""Endpoint clipping is not held-out evidence; total rows are not independent games or tail sample size.""}",Calibration fitted; not prospectively validated,-952.8327130312098,-17.960475033243164,2026-09-30T18:55:46.584610+00:00,2026,4,over,0.5021058838394474,0.506113670664663,2,65.5,2026_04_ARI_NYG,58.0,graded,loss,-1.0,0.0,0.18942790410480811,0.2561510476336589,11.737748036166693,7.5
664e6bda5721dc63be16bcf7d962a436,2026-10-04T17:00:00Z,New York Giants,Arizona Cardinals,Arizona Cardinals @ New York Giants,draftkings,DraftKings,player_pass_attempts,pass_attempts,Jacoby Brissett,over,-101,35.5,2026-09-30T18:54:31Z,jacobybrissett,jacobybrissett,35.5,34.110199595411416,14.27899055101215,,False,"{""version"":""nfl-projection-trace-1"",""current_sample"":[{""season"":2026,""week"":1,""attempts"":37,""completions"":27,""passing_yards"":277},{""season"":2026,""week"":2,""attempts"":28,""completions"":17,""passing_yards"":95},{""season"":2026,""week"":3,""attempts"":52,""completions"":38,""passing_yards"":280}],""recent_mean_weight"":0.428571,""yards_per_completion_recent_weight"":0.428571,""career_baselines"":{""attempts"":{""mean"":26.872737,""games"":59,""position_pool_mean"":27.802292},""yards_per_completion"":{""mean"":10.636296,""games"":40,""position_pool_mean"":10.957484}},""attempts"":34.344861,""completion_rate"":0.698964,""yards_per_completion"":9.167223,""limitations"":[""Appearance totals do not distinguish partial games from normal starter workloads."",""Completion rate uses recent games without career shrinkage."",""Variance omits completion-rate uncertainty and dependence among components.""],""mean_stages"":{""before_adjustments"":34.344861,""after_defense"":34.1102,""after_venue"":34.1102,""final"":34.1102}}",0.5024875621890548,0.4612314362151644,0.0,0.5,"{""version"":""nfl-calibration-trace-1"",""artifact_sha256"":""7c54bf5c44243e81b12bb6e72819cc44261a6c13e823cadd48cc848089163716"",""fitted_season"":2025,""fitted_weeks"":[4,5,6,7,9,10,11,12,14],""total_graded_rows"":12904,""market_sample_size"":null,""tail_sample_size"":null,""curve"":""market_specific"",""raw_probability"":0.461231,""fitted_raw_range"":[0.187653,0.812347],""outside_fitted_range"":false,""endpoint_probabilities"":[0.02,0.98],""limitation"":""Endpoint clipping is not held-out evidence; total rows are not independent games or tail sample size.""}",Calibration fitted; not prospectively validated,-24.875621890547706,-0.4950495049505066,2026-09-30T18:55:46.584610+00:00,2026,4,over,0.4740405382953979,0.4740405382953979,1,35.5,2026_04_ARI_NYG,35.0,graded,loss,-1.0,0.0,0.25,0.22471443194739057,0.8898004045885841,0.5
664e6bda5721dc63be16bcf7d962a436,2026-10-04T17:00:00Z,New York Giants,Arizona Cardinals,Arizona Cardinals @ New York Giants,draftkings,DraftKings,player_pass_completions,pass_completions,Jacoby Brissett,over,-108,23.5,2026-09-30T18:54:31Z,jacobybrissett,jacobybrissett,23.5,23.84178603387057,9.980493856233185,,False,"{""version"":""nfl-projection-trace-1"",""current_sample"":[{""season"":2026,""week"":1,""attempts"":37,""completions"":27,""passing_yards"":277},{""season"":2026,""week"":2,""attempts"":28,""completions"":17,""passing_yards"":95},{""season"":2026,""week"":3,""attempts"":52,""completions"":38,""passing_yards"":280}],""recent_mean_weight"":0.428571,""yards_per_completion_recent_weight"":0.428571,""career_baselines"":{""attempts"":{""mean"":26.872737,""games"":59,""position_pool_mean"":27.802292},""yards_per_completion"":{""mean"":10.636296,""games"":40,""position_pool_mean"":10.957484}},""attempts"":34.344861,""completion_rate"":0.698964,""yards_per_completion"":9.167223,""limitations"":[""Appearance totals do not distinguish partial games from normal starter workloads."",""Completion rate uses recent games without career shrinkage."",""Variance omits completion-rate uncertainty and dependence among components.""],""mean_stages"":{""before_adjustments"":24.005806,""after_defense"":23.841786,""after_venue"":23.841786,""final"":23.841786}}",0.5192307692307693,0.5136592692863222,0.0,0.5000000000000001,"{""version"":""nfl-calibration-trace-1"",""artifact_sha256"":""7c54bf5c44243e81b12bb6e72819cc44261a6c13e823cadd48cc848089163716"",""fitted_season"":2025,""fitted_weeks"":[4,5,6,7,9,10,11,12,14],""total_graded_rows"":12904,""market_sample_size"":null,""tail_sample_size"":null,""curve"":""market_specific"",""raw_probability"":0.513659,""fitted_raw_range"":[0.026155,0.973845],""outside_fitted_range"":false,""endpoint_probabilities"":[0.457143,0.542857],""limitation"":""Endpoint clipping is not held-out evidence; total rows are not independent games or tail sample size.""}",Calibration fitted; not prospectively validated,-192.30769230769164,-3.703703703703687,2026-09-30T18:55:46.584610+00:00,2026,4,over,0.4896023956080519,0.4896023956080519,1,23.5,2026_04_ARI_NYG,21.0,graded,loss,-1.0,0.0,0.2500000000000001,0.23971050578514336,2.8417860338705694,2.5
664e6bda5721dc63be16bcf7d962a436,2026-10-04T17:00:00Z,New York Giants,Arizona Cardinals,Arizona Cardinals @ New York Giants,draftkings,DraftKings,player_pass_tds,pass_tds,Jacoby Brissett,over,112,1.5,2026-09-30T18:54:31Z,jacobybrissett,jacobybrissett,1.5,1.2533333333333332,,1.2533333333333332,False,,0.4716981132075472,0.3565575778043259,0.0,0.5000000000000001,"{""version"":""nfl-calibration-trace-1"",""artifact_sha256"":""7c54bf5c44243e81b12bb6e72819cc44261a6c13e823cadd48cc848089163716"",""fitted_season"":2025,""fitted_weeks"":[4,5,6,7,9,10,11,12,14],""total_graded_rows"":12904,""market_sample_size"":null,""tail_sample_size"":null,""curve"":""pooled"",""raw_probability"":0.356558,""fitted_raw_range"":[4.8e-05,0.999952],""outside_fitted_range"":false,""endpoint_probabilities"":[0.25,0.75],""limitation"":""Endpoint clipping is not held-out evidence; total rows are not independent games or tail sample size.""}",Calibration fitted; not prospectively validated,283.01886792452933,6.000000000000028,2026-09-30T18:55:46.584610+00:00,2026,4,over,0.4456393635827931,0.4456393635827931,1,1.5,2026_04_ARI_NYG,2.0,graded,win,1.12,1.0,0.2499999999999999,0.30731571520889067,0.7466666666666668,0.5
664e6bda5721dc63be16bcf7d962a436,2026-10-04T17:00:00Z,New York Giants,Arizona Cardinals,Arizona Cardinals @ New York Giants,fanatics,Fanatics,player_pass_yds,pass_yds,Jacoby Brissett,over,-120,235.5,2026-09-30T18:53:50Z,jacobybrissett,jacobybrissett,235.5,205.4491988878413,112.63300044655792,,False,"{""version"":""nfl-projection-trace-1"",""current_sample"":[{""season"":2026,""week"":1,""attempts"":37,""completions"":27,""passing_yards"":277},{""season"":2026,""week"":2,""attempts"":28,""completions"":17,""passing_yards"":95},{""season"":2026,""week"":3,""attempts"":52,""completions"":38,""passing_yards"":280}],""recent_mean_weight"":0.428571,""yards_per_completion_recent_weight"":0.428571,""career_baselines"":{""attempts"":{""mean"":26.872737,""games"":59,""position_pool_mean"":27.802292},""yards_per_completion"":{""mean"":10.636296,""games"":40,""position_pool_mean"":10.957484}},""attempts"":34.344861,""completion_rate"":0.698964,""yards_per_completion"":9.167223,""limitations"":[""Appearance totals do not distinguish partial games from normal starter workloads."",""Completion rate uses recent games without career shrinkage."",""Variance omits completion-rate uncertainty and dependence among components.""],""mean_stages"":{""before_adjustments"":220.066583,""after_defense"":218.562978,""after_venue"":205.449199,""final"":205.449199}}",0.5454545454545454,0.3948104949741126,0.0,0.4999999999999999,"{""version"":""nfl-calibration-trace-1"",""artifact_sha256"":""7c54bf5c44243e81b12bb6e72819cc44261a6c13e823cadd48cc848089163716"",""fitted_season"":2025,""fitted_weeks"":[4,5,6,7,9,10,11,12,14],""total_graded_rows"":12904,""market_sample_size"":null,""tail_sample_size"":null,""curve"":""market_specific"",""raw_probability"":0.39481,""fitted_raw_range"":[0.092856,0.907144],""outside_fitted_range"":false,""endpoint_probabilities"":[0.02,0.98],""limitation"":""Endpoint clipping is not held-out evidence; total rows are not independent games or tail sample size.""}",Calibration fitted; not prospectively validated,-454.5454545454547,-8.333333333333337,2026-09-30T18:55:46.584610+00:00,2026,4,over,0.5101214574898786,0.5101214574898786,1,238.0,2026_04_ARI_NYG,166.0,graded,loss,-1.0,0.0,0.2499999999999999,0.260223901391598,39.449198887841305,69.5
664e6bda5721dc63be16bcf7d962a436,2026-10-04T17:00:00Z,New York Giants,Arizona Cardinals,Arizona Cardinals @ New York Giants,draftkings,DraftKings,player_receptions,receptions,Marvin Harrison,over,-105,2.5,2026-09-30T18:54:31Z,marvinharrison,marvinharrison,2.5,2.1965077216237074,1.432194231401353,,False,,0.5121951219512195,0.4160897142481882,0.0,0.4579439252336449,"{""version"":""nfl-calibration-trace-1"",""artifact_sha256"":""7c54bf5c44243e81b12bb6e72819cc44261a6c13e823cadd48cc848089163716"",""fitted_season"":2025,""fitted_weeks"":[4,5,6,7,9,10,11,12,14],""total_graded_rows"":12904,""market_sample_size"":null,""tail_sample_size"":null,""curve"":""market_specific"",""raw_probability"":0.41609,""fitted_raw_range"":[0.000771,0.999229],""outside_fitted_range"":false,""endpoint_probabilities"":[0.166667,0.833333],""limitation"":""Endpoint clipping is not held-out evidence; total rows are not independent games or tail sample size.""}",Calibration fitted; not prospectively validated,-542.5119671757461,-10.59190031152647,2026-09-30T18:55:46.584610+00:00,2026,4,over,0.4824089403973509,0.4824089403973509,1,2.5,2026_04_ARI_NYG,1.0,graded,loss,-1.0,0.0,0.20971263865839815,0.23271838577529483,1.1965077216237074,1.5
664e6bda5721dc63be16bcf7d962a436,2026-10-04T17:00:00Z,New York Giants,Arizona Cardinals,Arizona Cardinals @ New York Giants,draftkings,DraftKings,player_reception_yds,recv_yds,Marvin Harrison,over,-113,31.5,2026-09-30T18:54:31Z,marvinharrison,marvinharrison,31.5,32.664672718447,25.887934841939376,,False,,0.5305164319248826,0.5179419680295366,0.0,0.5000000000000002,"{""version"":""nfl-calibration-trace-1"",""artifact_sha256"":""7c54bf5c44243e81b12bb6e72819cc44261a6c13e823cadd48cc848089163716"",""fitted_season"":2025,""fitted_weeks"":[4,5,6,7,9,10,11,12,14],""total_graded_rows"":12904,""market_sample_size"":null,""tail_sample_size"":null,""curve"":""market_specific"",""raw_probability"":0.517942,""fitted_raw_range"":[0.012265,0.987735],""outside_fitted_range"":false,""endpoint_probabilities"":[0.483696,0.516304],""limitation"":""Endpoint clipping is not held-out evidence; total rows are not independent games or tail sample size.""}",Calibration fitted; not prospectively validated,-305.16431924882403,-5.752212389380484,2026-09-30T18:55:46.584610+00:00,2026,4,over,0.5021058838394474,0.5021058838394474,1,31.5,2026_04_ARI_NYG,12.0,graded,loss,-1.0,0.0,0.2500000000000002,0.25211031858619265,20.664672718447,19.5
664e6bda5721dc63be16bcf7d962a436,2026-10-04T17:00:00Z,New York Giants,Arizona Cardinals,Arizona Cardinals @ New York Giants,draftkings,DraftKings,player_receptions,receptions,Michael Wilson,over,-155,4.5,2026-09-30T18:54:31Z,michaelwilson,michaelwilson,4.5,4.676084988088935,2.267034706198465,,False,,0.6078431372549019,0.5309554931282716,0.0,0.5408805031446541,"{""version"":""nfl-calibration-trace-1"",""artifact_sha256"":""7c54bf5c44243e81b12bb6e72819cc44261a6c13e823cadd48cc848089163716"",""fitted_season"":2025,""fitted_weeks"":[4,5,6,7,9,10,11,12,14],""total_graded_rows"":12904,""market_sample_size"":null,""tail_sample_size"":null,""curve"":""market_specific"",""raw_probability"":0.530955,""fitted_raw_range"":[0.000771,0.999229],""outside_fitted_range"":false,""endpoint_probabilities"":[0.166667,0.833333],""limitation"":""Endpoint clipping is not held-out evidence; total rows are not independent games or tail sample size.""}",Calibration fitted; not prospectively validated,-669.6263411024784,-11.016433353621412,2026-09-30T18:55:46.584610+00:00,2026,4,over,0.5732574679943101,0.5732574679943101,1,4.5,2026_04_ARI_NYG,7.0,graded,win,0.6451612903225806,1.0,0.210790712392706,0.18210918862262726,2.3239150119110654,2.5
664e6bda5721dc63be16bcf7d962a436,2026-10-04T17:00:00Z,New York Giants,Arizona Cardinals,Arizona Cardinals @ New York Giants,draftkings,DraftKings,player_reception_yds,recv_yds,Michael Wilson,over,-112,55.5,2026-09-30T18:54:31Z,michaelwilson,michaelwilson,55.5,50.44380361914772,37.544268271321926,,False,,0.5283018867924528,0.4464352408953645,0.0,0.5000000000000002,"{""version"":""nfl-calibration-trace-1"",""artifact_sha256"":""7c54bf5c44243e81b12bb6e72819cc44261a6c13e823cadd48cc848089163716"",""fitted_season"":2025,""fitted_weeks"":[4,5,6,7,9,10,11,12,14],""total_graded_rows"":12904,""market_sample_size"":null,""tail_sample_size"":null,""curve"":""market_specific"",""raw_probability"":0.446435,""fitted_raw_range"":[0.012265,0.987735],""outside_fitted_range"":false,""endpoint_probabilities"":[0.483696,0.516304],""limitation"":""Endpoint clipping is not held-out evidence; total rows are not independent games or tail sample size.""}",Calibration fitted; not prospectively validated,-283.01886792452603,-5.357142857142816,2026-09-30T18:55:46.584610+00:00,2026,4,over,0.5,0.5,1,55.5,2026_04_ARI_NYG,95.0,graded,win,0.8928571428571429,1.0,0.24999999999999978,0.25,44.55619638085228,39.5
664e6bda5721dc63be16bcf7d962a436,2026-10-04T17:00:00Z,New York Giants,Arizona Cardinals,Arizona Cardinals @ New York Giants,draftkings,DraftKings,player_receptions,receptions,Trey McBride,over,-101,7.5,2026-09-30T18:54:31Z,treymcbride,treymcbride,7.5,6.344495312605002,2.148186390650289,,False,,0.5024875621890548,0.2953238110875001,0.0,0.4524271844660194,"{""version"":""nfl-calibration-trace-1"",""artifact_sha256"":""7c54bf5c44243e81b12bb6e72819cc44261a6c13e823cadd48cc848089163716"",""fitted_season"":2025,""fitted_weeks"":[4,5,6,7,9,10,11,12,14],""total_graded_rows"":12904,""market_sample_size"":null,""tail_sample_size"":null,""curve"":""market_specific"",""raw_probability"":0.295324,""fitted_raw_range"":[0.000771,0.999229],""outside_fitted_range"":false,""endpoint_probabilities"":[0.166667,0.833333],""limitation"":""Endpoint clipping is not held-out evidence; total rows are not independent games or tail sample size.""}",Calibration fitted; not prospectively validated,-500.60377723035344,-9.96251081418822,2026-09-30T18:55:46.584610+00:00,2026,4,over,0.4731704296858876,0.4731704296858876,1,7.5,2026_04_ARI_NYG,7.0,graded,loss,-1.0,0.0,0.20469035724384957,0.22389025552912747,0.6555046873949983,0.5
664e6bda5721dc63be16bcf7d962a436,2026-10-04T17:00:00Z,New York Giants,Arizona Cardinals,Arizona Cardinals @ New York Giants,fanatics,Fanatics,player_reception_yds,recv_yds,Trey McBride,over,-135,65.5,2026-09-30T18:53:50Z,treymcbride,treymcbride,65.5,55.28781482947133,30.340791712870043,,False,,0.574468085106383,0.3682157549824842,0.0,0.4989858012170386,"{""version"":""nfl-calibration-trace-1"",""artifact_sha256"":""7c54bf5c44243e81b12bb6e72819cc44261a6c13e823cadd48cc848089163716"",""fitted_season"":2025,""fitted_weeks"":[4,5,6,7,9,10,11,12,14],""total_graded_rows"":12904,""market_sample_size"":null,""tail_sample_size"":null,""curve"":""market_specific"",""raw_probability"":0.368216,""fitted_raw_range"":[0.012265,0.987735],""outside_fitted_range"":false,""endpoint_probabilities"":[0.483696,0.516304],""limitation"":""Endpoint clipping is not held-out evidence; total rows are not independent games or tail sample size.""}",Calibration fitted; not prospectively validated,-754.8228388934436,-13.139508677034016,2026-09-30T18:55:46.584610+00:00,2026,4,over,0.5346534653465347,0.5346534653465347,1,67.0,2026_04_ARI_NYG,31.0,graded,loss,-1.0,0.0,0.24898682981620998,0.2858543280070582,24.28781482947133,34.5
8bd90781e17e6d97df3941063cedae1e,2026-10-06T00:15:00Z,New Orleans Saints,Atlanta Falcons,Atlanta Falcons @ New Orleans Saints,betrivers,BetRivers,player_receptions,receptions,Alvin Kamara,over,132,3.5,2026-09-30T18:54:40Z,alvinkamara,alvinkamara,3.5,3.607858836866644,2.477110794974104,,False,,0.4310344827586206,0.5173653344626437,0.0,0.5408805031446541,"{""version"":""nfl-calibration-trace-1"",""artifact_sha256"":""7c54bf5c44243e81b12bb6e72819cc44261a6c13e823cadd48cc848089163716"",""fitted_season"":2025,""fitted_weeks"":[4,5,6,7,9,10,11,12,14],""total_graded_rows"":12904,""market_sample_size"":null,""tail_sample_size"":null,""curve"":""market_specific"",""raw_probability"":0.517365,""fitted_raw_range"":[0.000771,0.999229],""outside_fitted_range"":false,""endpoint_probabilities"":[0.166667,0.833333],""limitation"":""Endpoint clipping is not held-out evidence; total rows are not independent games or tail sample size.""}",Calibration fitted; not prospectively validated,1098.460203860334,25.48427672955976,2026-09-30T18:55:46.584610+00:00,2026,4,over,,0.4138449962377727,3,3.5,2026_04_ATL_NO,5.0,graded,win,1.32,1.0,0.210790712392706,0.3435776884354967,1.3921411631333558,1.5
8bd90781e17e6d97df3941063cedae1e,2026-10-06T00:15:00Z,New Orleans Saints,Atlanta Falcons,Atlanta Falcons @ New Orleans Saints,betrivers,BetRivers,player_reception_yds,recv_yds,Alvin Kamara,over,-112,16.5,2026-09-30T18:54:40Z,alvinkamara,alvinkamara,16.5,23.441541714969823,22.92066475235798,,False,,0.5283018867924528,0.6189982172670976,0.0,0.5010141987829615,"{""version"":""nfl-calibration-trace-1"",""artifact_sha256"":""7c54bf5c44243e81b12bb6e72819cc44261a6c13e823cadd48cc848089163716"",""fitted_season"":2025,""fitted_weeks"":[4,5,6,7,9,10,11,12,14],""total_graded_rows"":12904,""market_sample_size"":null,""tail_sample_size"":null,""curve"":""market_specific"",""raw_probability"":0.618998,""fitted_raw_range"":[0.012265,0.987735],""outside_fitted_range"":false,""endpoint_probabilities"":[0.483696,0.516304],""limitation"":""Endpoint clipping is not held-out evidence; total rows are not independent games or tail sample size.""}",Calibration fitted; not prospectively validated,-272.8768800949133,-5.16516951608229,2026-09-30T18:55:46.584610+00:00,2026,4,over,0.4939310568053083,0.5015476681799422,4,16.5,2026_04_ATL_NO,35.0,graded,win,0.8928571428571429,1.0,0.24898682981620987,0.24845472709685298,11.558458285030177,18.5
8bd90781e17e6d97df3941063cedae1e,2026-10-06T00:15:00Z,New Orleans Saints,Atlanta Falcons,Atlanta Falcons @ New Orleans Saints,betrivers,BetRivers,player_rush_yds,rush_yds,Alvin Kamara,over,-117,39.5,2026-09-30T18:54:40Z,alvinkamara,alvinkamara,39.5,45.170703768751096,25.8672029448312,,False,,0.5391705069124424,0.5867621001737612,0.0,0.4999999999999998,"{""version"":""nfl-calibration-trace-1"",""artifact_sha256"":""7c54bf5c44243e81b12bb6e72819cc44261a6c13e823cadd48cc848089163716"",""fitted_season"":2025,""fitted_weeks"":[4,5,6,7,9,10,11,12,14],""total_graded_rows"":12904,""market_sample_size"":null,""tail_sample_size"":null,""curve"":""market_specific"",""raw_probability"":0.586762,""fitted_raw_range"":[0.000122,0.999878],""outside_fitted_range"":false,""endpoint_probabilities"":[0.02,0.98],""limitation"":""Endpoint clipping is not held-out evidence; total rows are not independent games or tail sample size.""}",Calibration fitted; not prospectively validated,-391.7050691244261,-7.264957264957306,2026-09-30T18:55:46.584610+00:00,2026,4,over,0.5030135004821601,0.5030135004821601,1,40.5,2026_04_ATL_NO,23.0,graded,loss,-1.0,0.0,0.24999999999999978,0.25302258166731606,22.170703768751096,16.5
8bd90781e17e6d97df3941063cedae1e,2026-10-06T00:15:00Z,New Orleans Saints,Atlanta Falcons,Atlanta Falcons @ New Orleans Saints,draftkings,DraftKings,player_receptions,receptions,Austin Hooper,over,124,1.5,2026-09-30T18:54:39Z,austinhooper,austinhooper,1.5,2.388409354425265,1.6402010537778524,,False,,0.4464285714285714,0.7059690148708851,0.0,0.5475728155339805,"{""version"":""nfl-calibration-trace-1"",""artifact_sha256"":""7c54bf5c44243e81b12bb6e72819cc44261a6c13e823cadd48cc848089163716"",""fitted_season"":2025,""fitted_weeks"":[4,5,6,7,9,10,11,12,14],""total_graded_rows"":12904,""market_sample_size"":null,""tail_sample_size"":null,""curve"":""market_specific"",""raw_probability"":0.705969,""fitted_raw_range"":[0.000771,0.999229],""outside_fitted_range"":false,""endpoint_probabilities"":[0.166667,0.833333],""limitation"":""Endpoint clipping is not held-out evidence; total rows are not independent games or tail sample size.""}",Calibration fitted; not prospectively validated,1011.4424410540906,22.656310679611625,2026-09-30T18:55:46.584610+00:00,2026,4,over,0.4210286754665452,0.4282584157758449,3,1.5,2026_04_ATL_NO,1.0,graded,loss,-1.0,0.0,0.29983598831181063,0.18340527068283644,1.388409354425265,0.5
8bd90781e17e6d97df3941063cedae1e,2026-10-06T00:15:00Z,New Orleans Saints,Atlanta Falcons,Atlanta Falcons @ New Orleans Saints,fanduel,FanDuel,player_reception_yds,recv_yds,Austin Hooper,over,-114,11.5,2026-09-30T18:55:29Z,austinhooper,austinhooper,11.5,21.41190624485275,19.082736775154057,,False,,0.5327102803738317,0.6982651631988541,0.0,0.5014367816091952,"{""version"":""nfl-calibration-trace-1"",""artifact_sha256"":""7c54bf5c44243e81b12bb6e72819cc44261a6c13e823cadd48cc848089163716"",""fitted_season"":2025,""fitted_weeks"":[4,5,6,7,9,10,11,12,14],""total_graded_rows"":12904,""market_sample_size"":null,""tail_sample_size"":null,""curve"":""market_specific"",""raw_probability"":0.698265,""fitted_raw_range"":[0.012265,0.987735],""outside_fitted_range"":false,""endpoint_probabilities"":[0.483696,0.516304],""limitation"":""Endpoint clipping is not held-out evidence; total rows are not independent games or tail sample size.""}",Calibration fitted; not prospectively validated,-312.73498764636474,-5.870639241782638,2026-09-30T18:55:46.584610+00:00,2026,4,over,0.5,0.5051597457277305,3,11.5,2026_04_ATL_NO,9.0,graded,loss,-1.0,0.0,0.2514388459505878,0.2551863687037053,12.411906244852752,2.5
8bd90781e17e6d97df3941063cedae1e,2026-10-06T00:15:00Z,New Orleans Saints,Atlanta Falcons,Atlanta Falcons @ New Orleans Saints,draftkings,DraftKings,player_receptions,receptions,Bijan Robinson,over,102,4.5,2026-09-30T18:54:39Z,bijanrobinson,bijanrobinson,4.5,3.2026384793690457,2.213287754829665,,False,,0.495049504950495,0.2788808466736822,0.0,0.4524271844660194,"{""version"":""nfl-calibration-trace-1"",""artifact_sha256"":""7c54bf5c44243e81b12bb6e72819cc44261a6c13e823cadd48cc848089163716"",""fitted_season"":2025,""fitted_weeks"":[4,5,6,7,9,10,11,12,14],""total_graded_rows"":12904,""market_sample_size"":null,""tail_sample_size"":null,""curve"":""market_specific"",""raw_probability"":0.278881,""fitted_raw_range"":[0.000771,0.999229],""outside_fitted_range"":false,""endpoint_probabilities"":[0.166667,0.833333],""limitation"":""Endpoint clipping is not held-out evidence; total rows are not independent games or tail sample size.""}",Calibration fitted; not prospectively validated,-426.2232048447562,-8.609708737864075,2026-09-30T18:55:46.584610+00:00,2026,4,over,0.4669102720259846,0.4897419063641212,3,4.5,2026_04_ATL_NO,1.0,graded,loss,-1.0,0.0,0.20469035724384957,0.23984713484916365,2.2026384793690457,3.5
8bd90781e17e6d97df3941063cedae1e,2026-10-06T00:15:00Z,New Orleans Saints,Atlanta Falcons,Atlanta Falcons @ New Orleans Saints,betonlineag,BetOnline.ag,player_reception_yds,recv_yds,Bijan Robinson,over,-112,39.5,2026-09-30T18:55:00Z,bijanrobinson,bijanrobinson,39.5,24.82965576856586,23.538976969399314,,False,,0.5283018867924528,0.266564634863743,0.0,0.4985632183908046,"{""version"":""nfl-calibration-trace-1"",""artifact_sha256"":""7c54bf5c44243e81b12bb6e72819cc44261a6c13e823cadd48cc848089163716"",""fitted_season"":2025,""fitted_weeks"":[4,5,6,7,9,10,11,12,14],""total_graded_rows"":12904,""market_sample_size"":null,""tail_sample_size"":null,""curve"":""market_specific"",""raw_probability"":0.266565,""fitted_raw_range"":[0.012265,0.987735],""outside_fitted_range"":false,""endpoint_probabilities"":[0.483696,0.516304],""limitation"":""Endpoint clipping is not held-out evidence; total rows are not independent games or tail sample size.""}",Calibration fitted; not prospectively validated,-297.3866840164824,-5.629105090311992,2026-09-30T18:55:46.584610+00:00,2026,4,over,0.4969046636401156,0.5,3,39.5,2026_04_ATL_NO,2.0,graded,loss,-1.0,0.0,0.2485652827321971,0.25,22.82965576856586,37.5
8bd90781e17e6d97df3941063cedae1e,2026-10-06T00:15:00Z,New Orleans Saints,Atlanta Falcons,Atlanta Falcons @ New Orleans Saints,betonlineag,BetOnline.ag,player_rush_yds,rush_yds,Bijan Robinson,over,-112,87.5,2026-09-30T18:55:00Z,bijanrobinson,bijanrobinson,87.5,89.63512344948715,44.0148082436689,,False,,0.5283018867924528,0.5193447865699041,0.0,0.4999999999999998,"{""version"":""nfl-calibration-trace-1"",""artifact_sha256"":""7c54bf5c44243e81b12bb6e72819cc44261a6c13e823cadd48cc848089163716"",""fitted_season"":2025,""fitted_weeks"":[4,5,6,7,9,10,11,12,14],""total_graded_rows"":12904,""market_sample_size"":null,""tail_sample_size"":null,""curve"":""market_specific"",""raw_probability"":0.519345,""fitted_raw_range"":[0.000122,0.999878],""outside_fitted_range"":false,""endpoint_probabilities"":[0.02,0.98],""limitation"":""Endpoint clipping is not held-out evidence; total rows are not independent games or tail sample size.""}",Calibration fitted; not prospectively validated,-283.01886792453047,-5.357142857142893,2026-09-30T18:55:46.584610+00:00,2026,4,over,0.4969046636401156,0.5,3,87.5,2026_04_ATL_NO,145.0,graded,win,0.8928571428571429,1.0,0.2500000000000002,0.25,55.36487655051285,57.5
8bd90781e17e6d97df3941063cedae1e,2026-10-06T00:15:00Z,New Orleans Saints,Atlanta Falcons,Atlanta Falcons @ New Orleans Saints,fanduel,FanDuel,player_rush_yds,rush_yds,Brian Robinson,over,-114,31.5,2026-09-30T18:55:29Z,brianrobinson,brianrobinson,31.5,42.16035696587034,27.34912741536516,,False,,0.5327102803738317,0.6516532773332532,0.0,0.4999999999999998,"{""version"":""nfl-calibration-trace-1"",""artifact_sha256"":""7c54bf5c44243e81b12bb6e72819cc44261a6c13e823cadd48cc848089163716"",""fitted_season"":2025,""fitted_weeks"":[4,5,6,7,9,10,11,12,14],""total_graded_rows"":12904,""market_sample_size"":null,""tail_sample_size"":null,""curve"":""market_specific"",""raw_probability"":0.651653,""fitted_raw_range"":[0.000122,0.999878],""outside_fitted_range"":false,""endpoint_probabilities"":[0.02,0.98],""limitation"":""Endpoint clipping is not held-out evidence; total rows are not independent games or tail sample size.""}",Calibration fitted; not prospectively validated,-327.10280373831944,-6.140350877193013,2026-09-30T18:55:46.584610+00:00,2026,4,over,0.5,0.5039936102236422,2,32.0,2026_04_ATL_NO,62.0,graded,win,0.8771929824561403,1.0,0.2500000000000002,0.2460223386989762,19.839643034129658,30.5
8bd90781e17e6d97df3941063cedae1e,2026-10-06T00:15:00Z,New Orleans Saints,Atlanta Falcons,Atlanta Falcons @ New Orleans Saints,betonlineag,BetOnline.ag,player_receptions,receptions,Chris Olave,over,128,7.5,2026-09-30T18:55:00Z,chrisolave,chrisolave,7.5,6.771864931526263,2.209662029930619,,False,,0.4385964912280701,0.3708801022944754,0.0,0.4524271844660194,"{""version"":""nfl-calibration-trace-1"",""artifact_sha256"":""7c54bf5c44243e81b12bb6e72819cc44261a6c13e823cadd48cc848089163716"",""fitted_season"":2025,""fitted_weeks"":[4,5,6,7,9,10,11,12,14],""total_graded_rows"":12904,""market_sample_size"":null,""tail_sample_size"":null,""curve"":""market_specific"",""raw_probability"":0.37088,""fitted_raw_range"":[0.000771,0.999229],""outside_fitted_range"":false,""endpoint_probabilities"":[0.166667,0.833333],""limitation"":""Endpoint clipping is not held-out evidence; total rows are not independent games or tail sample size.""}",Calibration fitted; not prospectively validated,138.30693237949276,3.1533980582524324,2026-09-30T18:55:46.584610+00:00,2026,4,over,0.4121896998888477,0.4146110922622464,2,7.5,2026_04_ATL_NO,8.0,graded,win,1.28,1.0,0.29983598831181063,0.34268017330240025,1.2281350684737369,0.5
8bd90781e17e6d97df3941063cedae1e,2026-10-06T00:15:00Z,New Orleans Saints,Atlanta Falcons,Atlanta Falcons @ New Orleans Saints,draftkings,DraftKings,player_reception_yds,recv_yds,Chris Olave,over,-112,85.5,2026-09-30T18:54:39Z,chrisolave,chrisolave,85.5,86.25074567279552,42.74430068409847,,False,,0.5283018867924528,0.5070065198877516,0.0,0.5000000000000002,"{""version"":""nfl-calibration-trace-1"",""artifact_sha256"":""7c54bf5c44243e81b12bb6e72819cc44261a6c13e823cadd48cc848089163716"",""fitted_season"":2025,""fitted_weeks"":[4,5,6,7,9,10,11,12,14],""total_graded_rows"":12904,""market_sample_size"":null,""tail_sample_size"":null,""curve"":""market_specific"",""raw_probability"":0.507007,""fitted_raw_range"":[0.012265,0.987735],""outside_fitted_range"":false,""endpoint_probabilities"":[0.483696,0.516304],""limitation"":""Endpoint clipping is not held-out evidence; total rows are not independent games or tail sample size.""}",Calibration fitted; not prospectively validated,-283.01886792452603,-5.357142857142816,2026-09-30T18:55:46.584610+00:00,2026,4,over,0.5,0.5,4,85.5,2026_04_ATL_NO,116.0,graded,win,0.8928571428571429,1.0,0.24999999999999978,0.25,29.749254327204483,30.5
8bd90781e17e6d97df3941063cedae1e,2026-10-06T00:15:00Z,New Orleans Saints,Atlanta Falcons,Atlanta Falcons @ New Orleans Saints,betrivers,BetRivers,player_receptions,receptions,Devaughn Vele,over,123,4.5,2026-09-30T18:54:40Z,devaughnvele,devaughnvele,4.5,3.122884353011569,1.4635029930582673,,False,,0.4484304932735426,0.1733595500987841,0.0,0.4210526315789473,"{""version"":""nfl-calibration-trace-1"",""artifact_sha256"":""7c54bf5c44243e81b12bb6e72819cc44261a6c13e823cadd48cc848089163716"",""fitted_season"":2025,""fitted_weeks"":[4,5,6,7,9,10,11,12,14],""total_graded_rows"":12904,""market_sample_size"":null,""tail_sample_size"":null,""curve"":""market_specific"",""raw_probability"":0.17336,""fitted_raw_range"":[0.000771,0.999229],""outside_fitted_range"":false,""endpoint_probabilities"":[0.166667,0.833333],""limitation"":""Endpoint clipping is not held-out evidence; total rows are not independent games or tail sample size.""}",Calibration fitted; not prospectively validated,-273.7786169459528,-6.105263157894747,2026-09-30T18:55:46.584610+00:00,2026,4,over,,0.4378187224597014,2,4.5,2026_04_ATL_NO,6.0,graded,win,1.23,1.0,0.33518005540166207,0.3160477888168422,2.877115646988431,1.5
8bd90781e17e6d97df3941063cedae1e,2026-10-06T00:15:00Z,New Orleans Saints,Atlanta Falcons,Atlanta Falcons @ New Orleans Saints,betonlineag,BetOnline.ag,player_reception_yds,recv_yds,Devaughn Vele,over,-114,44.5,2026-09-30T18:55:00Z,devaughnvele,devaughnvele,44.5,40.105326720303125,23.937463070155413,,False,,0.5327102803738317,0.4271676455130486,0.0,0.5000000000000002,"{""version"":""nfl-calibration-trace-1"",""artifact_sha256"":""7c54bf5c44243e81b12bb6e72819cc44261a6c13e823cadd48cc848089163716"",""fitted_season"":2025,""fitted_weeks"":[4,5,6,7,9,10,11,12,14],""total_graded_rows"":12904,""market_sample_size"":null,""tail_sample_size"":null,""curve"":""market_specific"",""raw_probability"":0.427168,""fitted_raw_range"":[0.012265,0.987735],""outside_fitted_range"":false,""endpoint_probabilities"":[0.483696,0.516304],""limitation"":""Endpoint clipping is not held-out evidence; total rows are not independent games or tail sample size.""}",Calibration fitted; not prospectively validated,-327.102803738315,-6.140350877192935,2026-09-30T18:55:46.584610+00:00,2026,4,over,0.5,0.5,2,45.0,2026_04_ATL_NO,54.0,graded,win,0.8771929824561403,1.0,0.24999999999999978,0.25,13.894673279696875,9.5
8bd90781e17e6d97df3941063cedae1e,2026-10-06T00:15:00Z,New Orleans Saints,Atlanta Falcons,Atlanta Falcons @ New Orleans Saints,betrivers,BetRivers,player_receptions,receptions,Drake London,over,-125,5.5,2026-09-30T18:54:40Z,drakelondon,drakelondon,5.5,5.894955699055205,2.878478595360553,,False,,0.5555555555555556,0.5545675486743692,0.0,0.5408805031446541,"{""version"":""nfl-calibration-trace-1"",""artifact_sha256"":""7c54bf5c44243e81b12bb6e72819cc44261a6c13e823cadd48cc848089163716"",""fitted_season"":2025,""fitted_weeks"":[4,5,6,7,9,10,11,12,14],""total_graded_rows"":12904,""market_sample_size"":null,""tail_sample_size"":null,""curve"":""market_specific"",""raw_probability"":0.554568,""fitted_raw_range"":[0.000771,0.999229],""outside_fitted_range"":false,""endpoint_probabilities"":[0.166667,0.833333],""limitation"":""Endpoint clipping is not held-out evidence; total rows are not independent games or tail sample size.""}",Calibration fitted; not prospectively validated,-146.750524109015,-2.6415094339622747,2026-09-30T18:55:46.584610+00:00,2026,4,over,,0.55011293845321,3,5.5,2026_04_ATL_NO,5.0,graded,loss,-1.0,0.0,0.29255171868201413,0.3026242450536252,0.8949556990552052,0.5
8bd90781e17e6d97df3941063cedae1e,2026-10-06T00:15:00Z,New Orleans Saints,Atlanta Falcons,Atlanta Falcons @ New Orleans Saints,draftkings,DraftKings,player_reception_yds,recv_yds,Drake London,over,-112,78.5,2026-09-30T18:54:39Z,drakelondon,drakelondon,78.5,86.38638258357078,53.41257552040459,,False,,0.5283018867924528,0.5586906201793954,0.0,0.5000000000000002,"{""version"":""nfl-calibration-trace-1"",""artifact_sha256"":""7c54bf5c44243e81b12bb6e72819cc44261a6c13e823cadd48cc848089163716"",""fitted_season"":2025,""fitted_weeks"":[4,5,6,7,9,10,11,12,14],""total_graded_rows"":12904,""market_sample_size"":null,""tail_sample_size"":null,""curve"":""market_specific"",""raw_probability"":0.558691,""fitted_raw_range"":[0.012265,0.987735],""outside_fitted_range"":false,""endpoint_probabilities"":[0.483696,0.516304],""limitation"":""Endpoint clipping is not held-out evidence; total rows are not independent games or tail sample size.""}",Calibration fitted; not prospectively validated,-283.01886792452603,-5.357142857142816,2026-09-30T18:55:46.584610+00:00,2026,4,over,0.5,0.5,3,78.5,2026_04_ATL_NO,96.0,graded,win,0.8928571428571429,1.0,0.24999999999999978,0.25,9.613617416429221,17.5
8bd90781e17e6d97df3941063cedae1e,2026-10-06T00:15:00Z,New Orleans Saints,Atlanta Falcons,Atlanta Falcons @ New Orleans Saints,fanduel,FanDuel,player_receptions,receptions,Jahan Dotson,over,-125,1.5,2026-09-30T18:55:29Z,jahandotson,jahandotson,1.5,1.6746429437098982,1.1544344746598638,,False,,0.5555555555555556,0.5601226102340252,0.0,0.5420560747663551,"{""version"":""nfl-calibration-trace-1"",""artifact_sha256"":""7c54bf5c44243e81b12bb6e72819cc44261a6c13e823cadd48cc848089163716"",""fitted_season"":2025,""fitted_weeks"":[4,5,6,7,9,10,11,12,14],""total_graded_rows"":12904,""market_sample_size"":null,""tail_sample_size"":null,""curve"":""market_specific"",""raw_probability"":0.560123,""fitted_raw_range"":[0.000771,0.999229],""outside_fitted_range"":false,""endpoint_probabilities"":[0.166667,0.833333],""limitation"":""Endpoint clipping is not held-out evidence; total rows are not independent games or tail sample size.""}",Calibration fitted; not prospectively validated,-134.9948078920049,-2.429906542056093,2026-09-30T18:55:46.584610+00:00,2026,4,over,0.5191532258064516,0.5359628770301624,3,1.5,2026_04_ATL_NO,2.0,graded,win,0.8,1.0,0.20971263865839815,0.21533045149412416,0.3253570562901018,0.5
8bd90781e17e6d97df3941063cedae1e,2026-10-06T00:15:00Z,New Orleans Saints,Atlanta Falcons,Atlanta Falcons @ New Orleans Saints,betonlineag,BetOnline.ag,player_reception_yds,recv_yds,Jahan Dotson,over,-114,17.5,2026-09-30T18:55:00Z,jahandotson,jahandotson,17.5,19.19934621852103,17.16054692528591,,False,,0.5327102803738317,0.5394413231874454,0.0,0.5000000000000002,"{""version"":""nfl-calibration-trace-1"",""artifact_sha256"":""7c54bf5c44243e81b12bb6e72819cc44261a6c13e823cadd48cc848089163716"",""fitted_season"":2025,""fitted_weeks"":[4,5,6,7,9,10,11,12,14],""total_graded_rows"":12904,""market_sample_size"":null,""tail_sample_size"":null,""curve"":""market_specific"",""raw_probability"":0.539441,""fitted_raw_range"":[0.012265,0.987735],""outside_fitted_range"":false,""endpoint_probabilities"":[0.483696,0.516304],""limitation"":""Endpoint clipping is not held-out evidence; total rows are not independent games or tail sample size.""}",Calibration fitted; not prospectively validated,-327.102803738315,-6.140350877192935,2026-09-30T18:55:46.584610+00:00,2026,4,over,0.5,0.5,2,17.5,2026_04_ATL_NO,54.0,graded,win,0.8771929824561403,1.0,0.24999999999999978,0.25,34.80065378147897,36.5
8bd90781e17e6d97df3941063cedae1e,2026-10-06T00:15:00Z,New Orleans Saints,Atlanta Falcons,Atlanta Falcons @ New Orleans Saints,betonlineag,BetOnline.ag,player_receptions,receptions,Juwan Johnson,over,-108,3.5,2026-09-30T18:55:00Z,juwanjohnson,juwanjohnson,3.5,5.136342803170678,2.2864565022971988,,False,,0.5192307692307693,0.7629016846221857,0.0,0.5475728155339805,"{""version"":""nfl-calibration-trace-1"",""artifact_sha256"":""7c54bf5c44243e81b12bb6e72819cc44261a6c13e823cadd48cc848089163716"",""fitted_season"":2025,""fitted_weeks"":[4,5,6,7,9,10,11,12,14],""total_graded_rows"":12904,""market_sample_size"":null,""tail_sample_size"":null,""curve"":""market_specific"",""raw_probability"":0.762902,""fitted_raw_range"":[0.000771,0.999229],""outside_fitted_range"":false,""endpoint_probabilities"":[0.166667,0.833333],""limitation"":""Endpoint clipping is not held-out evidence; total rows are not independent games or tail sample size.""}",Calibration fitted; not prospectively validated,283.4204630321124,5.458468176914755,2026-09-30T18:55:46.584610+00:00,2026,4,over,0.4876847290640395,0.5,3,3.5,2026_04_ATL_NO,6.0,graded,win,0.9259259259259259,1.0,0.20469035724384962,0.25,0.8636571968293216,2.5
8bd90781e17e6d97df3941063cedae1e,2026-10-06T00:15:00Z,New Orleans Saints,Atlanta Falcons,Atlanta Falcons @ New Orleans Saints,draftkings,DraftKings,player_reception_yds,recv_yds,Juwan Johnson,over,-112,40.5,2026-09-30T18:54:39Z,juwanjohnson,juwanjohnson,40.5,56.6473654378351,36.52587300123204,,False,,0.5283018867924528,0.6707844160790604,0.0,0.5014367816091952,"{""version"":""nfl-calibration-trace-1"",""artifact_sha256"":""7c54bf5c44243e81b12bb6e72819cc44261a6c13e823cadd48cc848089163716"",""fitted_season"":2025,""fitted_weeks"":[4,5,6,7,9,10,11,12,14],""total_graded_rows"":12904,""market_sample_size"":null,""tail_sample_size"":null,""curve"":""market_specific"",""raw_probability"":0.670784,""fitted_raw_range"":[0.012265,0.987735],""outside_fitted_range"":false,""endpoint_probabilities"":[0.483696,0.516304],""limitation"":""Endpoint clipping is not held-out evidence; total rows are not independent games or tail sample size.""}",Calibration fitted; not prospectively validated,-268.6510518325758,-5.08518062397375,2026-09-30T18:55:46.584610+00:00,2026,4,over,0.5,0.5,4,40.5,2026_04_ATL_NO,59.0,graded,win,0.8928571428571429,1.0,0.24856528273219727,0.25,2.3526345621649014,18.5
8bd90781e17e6d97df3941063cedae1e,2026-10-06T00:15:00Z,New Orleans Saints,Atlanta Falcons,Atlanta Falcons @ New Orleans Saints,draftkings,DraftKings,player_rush_yds,rush_yds,Kendre Miller,over,-111,20.5,2026-09-30T18:54:39Z,kendremiller,kendremiller,20.5,27.36551643773279,23.438716880015903,,False,,0.5260663507109005,0.6152058625527197,0.0,0.4999999999999998,"{""version"":""nfl-calibration-trace-1"",""artifact_sha256"":""7c54bf5c44243e81b12bb6e72819cc44261a6c13e823cadd48cc848089163716"",""fitted_season"":2025,""fitted_weeks"":[4,5,6,7,9,10,11,12,14],""total_graded_rows"":12904,""market_sample_size"":null,""tail_sample_size"":null,""curve"":""market_specific"",""raw_probability"":0.615206,""fitted_raw_range"":[0.000122,0.999878],""outside_fitted_range"":false,""endpoint_probabilities"":[0.02,0.98],""limitation"":""Endpoint clipping is not held-out evidence; total rows are not independent games or tail sample size.""}",Calibration fitted; not prospectively validated,-260.6635071090069,-4.954954954954993,2026-09-30T18:55:46.584610+00:00,2026,4,over,0.4978941161605526,0.5,5,20.5,2026_04_ATL_NO,9.0,graded,loss,-1.0,0.0,0.24999999999999978,0.25,18.36551643773279,11.5
8bd90781e17e6d97df3941063cedae1e,2026-10-06T00:15:00Z,New Orleans Saints,Atlanta Falcons,Atlanta Falcons @ New Orleans Saints,fanduel,FanDuel,player_receptions,receptions,Kyle Pitts,over,-130,2.5,2026-09-30T18:55:29Z,kylepitts,kylepitts,2.5,1.800647071200865,1.0219941120942733,,False,,0.5652173913043478,0.2468921452038014,0.0,0.4524271844660194,"{""version"":""nfl-calibration-trace-1"",""artifact_sha256"":""7c54bf5c44243e81b12bb6e72819cc44261a6c13e823cadd48cc848089163716"",""fitted_season"":2025,""fitted_weeks"":[4,5,6,7,9,10,11,12,14],""total_graded_rows"":12904,""market_sample_size"":null,""tail_sample_size"":null,""curve"":""market_specific"",""raw_probability"":0.246892,""fitted_raw_range"":[0.000771,0.999229],""outside_fitted_range"":false,""endpoint_probabilities"":[0.166667,0.833333],""limitation"":""Endpoint clipping is not held-out evidence; total rows are not independent games or tail sample size.""}",Calibration fitted; not prospectively validated,-1127.9020683832834,-19.955190440627323,2026-09-30T18:55:46.584610+00:00,2026,4,over,0.5281576830249397,0.5347344777795604,3,2.5,2026_04_ATL_NO,3.0,graded,win,0.7692307692307693,1.0,0.29983598831181063,0.21647200616705836,1.199352928799135,0.5
8bd90781e17e6d97df3941063cedae1e,2026-10-06T00:15:00Z,New Orleans Saints,Atlanta Falcons,Atlanta Falcons @ New Orleans Saints,fanduel,FanDuel,player_reception_yds,recv_yds,Kyle Pitts,over,-114,26.5,2026-09-30T18:55:29Z,kylepitts,kylepitts,26.5,17.94385521792525,14.56189204458118,,False,,0.5327102803738317,0.2784101564057013,0.0,0.4985632183908046,"{""version"":""nfl-calibration-trace-1"",""artifact_sha256"":""7c54bf5c44243e81b12bb6e72819cc44261a6c13e823cadd48cc848089163716"",""fitted_season"":2025,""fitted_weeks"":[4,5,6,7,9,10,11,12,14],""total_graded_rows"":12904,""market_sample_size"":null,""tail_sample_size"":null,""curve"":""market_specific"",""raw_probability"":0.27841,""fitted_raw_range"":[0.012265,0.987735],""outside_fitted_range"":false,""endpoint_probabilities"":[0.483696,0.516304],""limitation"":""Endpoint clipping is not held-out evidence; total rows are not independent games or tail sample size.""}",Calibration fitted; not prospectively validated,-341.4706198302714,-6.410062512603343,2026-09-30T18:55:46.584610+00:00,2026,4,over,0.5,0.5051597457277305,3,26.5,2026_04_ATL_NO,47.0,graded,win,0.8771929824561403,1.0,0.2514388459505879,0.24486687724824435,29.05614478207475,20.5
8bd90781e17e6d97df3941063cedae1e,2026-10-06T00:15:00Z,New Orleans Saints,Atlanta Falcons,Atlanta Falcons @ New Orleans Saints,draftkings,DraftKings,player_pass_attempts,pass_attempts,Michael Penix,over,-116,30.5,2026-09-30T18:54:39Z,michaelpenix,michaelpenix,30.5,27.16398183584912,12.95059146200438,,False,"{""version"":""nfl-projection-trace-1"",""current_sample"":[{""season"":2026,""week"":3,""attempts"":25,""completions"":18,""passing_yards"":256}],""recent_mean_weight"":0.2,""yards_per_completion_recent_weight"":0.2,""career_baselines"":{""attempts"":{""mean"":27.807798,""games"":14,""position_pool_mean"":27.802292},""yards_per_completion"":{""mean"":11.303461,""games"":14,""position_pool_mean"":10.957484}},""attempts"":27.246239,""completion_rate"":0.72,""yards_per_completion"":11.887213,""limitations"":[""Appearance totals do not distinguish partial games from normal starter workloads."",""Completion rate uses recent games without career shrinkage."",""Variance omits completion-rate uncertainty and dependence among components.""],""mean_stages"":{""before_adjustments"":27.246239,""after_defense"":27.163982,""after_venue"":27.163982,""final"":27.163982}}",0.5370370370370371,0.3983594298911178,0.0,0.5,"{""version"":""nfl-calibration-trace-1"",""artifact_sha256"":""7c54bf5c44243e81b12bb6e72819cc44261a6c13e823cadd48cc848089163716"",""fitted_season"":2025,""fitted_weeks"":[4,5,6,7,9,10,11,12,14],""total_graded_rows"":12904,""market_sample_size"":null,""tail_sample_size"":null,""curve"":""market_specific"",""raw_probability"":0.398359,""fitted_raw_range"":[0.187653,0.812347],""outside_fitted_range"":false,""endpoint_probabilities"":[0.02,0.98],""limitation"":""Endpoint clipping is not held-out evidence; total rows are not independent games or tail sample size.""}",Calibration fitted; not prospectively validated,-370.3703703703709,-6.896551724137945,2026-09-30T18:55:46.584610+00:00,2026,4,over,0.5073240143969199,0.5073240143969199,1,30.5,2026_04_ATL_NO,20.0,graded,loss,-1.0,0.0,0.25,0.25737765558380615,7.163981835849121,10.5
8bd90781e17e6d97df3941063cedae1e,2026-10-06T00:15:00Z,New Orleans Saints,Atlanta Falcons,Atlanta Falcons @ New Orleans Saints,draftkings,DraftKings,player_pass_completions,pass_completions,Michael Penix,over,-105,20.5,2026-09-30T18:54:39Z,michaelpenix,michaelpenix,20.5,19.558066921811363,9.324425852643152,,False,"{""version"":""nfl-projection-trace-1"",""current_sample"":[{""season"":2026,""week"":3,""attempts"":25,""completions"":18,""passing_yards"":256}],""recent_mean_weight"":0.2,""yards_per_completion_recent_weight"":0.2,""career_baselines"":{""attempts"":{""mean"":27.807798,""games"":14,""position_pool_mean"":27.802292},""yards_per_completion"":{""mean"":11.303461,""games"":14,""position_pool_mean"":10.957484}},""attempts"":27.246239,""completion_rate"":0.72,""yards_per_completion"":11.887213,""limitations"":[""Appearance totals do not distinguish partial games from normal starter workloads."",""Completion rate uses recent games without career shrinkage."",""Variance omits completion-rate uncertainty and dependence among components.""],""mean_stages"":{""before_adjustments"":19.617292,""after_defense"":19.558067,""after_venue"":19.558067,""final"":19.558067}}",0.5121951219512195,0.4597681611211289,0.0,0.5000000000000001,"{""version"":""nfl-calibration-trace-1"",""artifact_sha256"":""7c54bf5c44243e81b12bb6e72819cc44261a6c13e823cadd48cc848089163716"",""fitted_season"":2025,""fitted_weeks"":[4,5,6,7,9,10,11,12,14],""total_graded_rows"":12904,""market_sample_size"":null,""tail_sample_size"":null,""curve"":""market_specific"",""raw_probability"":0.459768,""fitted_raw_range"":[0.026155,0.973845],""outside_fitted_range"":false,""endpoint_probabilities"":[0.457143,0.542857],""limitation"":""Endpoint clipping is not held-out evidence; total rows are not independent games or tail sample size.""}",Calibration fitted; not prospectively validated,-121.95121951219411,-2.3809523809523614,2026-09-30T18:55:46.584610+00:00,2026,4,over,0.4824089403973509,0.4824089403973509,1,20.5,2026_04_ATL_NO,15.0,graded,loss,-1.0,0.0,0.2500000000000001,0.23271838577529483,4.558066921811363,5.5
8bd90781e17e6d97df3941063cedae1e,2026-10-06T00:15:00Z,New Orleans Saints,Atlanta Falcons,Atlanta Falcons @ New Orleans Saints,draftkings,DraftKings,player_pass_tds,pass_tds,Michael Penix,over,134,1.5,2026-09-30T18:54:39Z,michaelpenix,michaelpenix,1.5,0.94,,0.94,False,,0.4273504273504273,0.242181999404469,0.0,0.4666666666666666,"{""version"":""nfl-calibration-trace-1"",""artifact_sha256"":""7c54bf5c44243e81b12bb6e72819cc44261a6c13e823cadd48cc848089163716"",""fitted_season"":2025,""fitted_weeks"":[4,5,6,7,9,10,11,12,14],""total_graded_rows"":12904,""market_sample_size"":null,""tail_sample_size"":null,""curve"":""pooled"",""raw_probability"":0.242182,""fitted_raw_range"":[4.8e-05,0.999952],""outside_fitted_range"":false,""endpoint_probabilities"":[0.25,0.75],""limitation"":""Endpoint clipping is not held-out evidence; total rows are not independent games or tail sample size.""}",Calibration fitted; not prospectively validated,393.1623931623929,9.199999999999983,2026-09-30T18:55:46.584610+00:00,2026,4,over,0.4032736330209939,0.4072097318109516,4,1.5,2026_04_ATL_NO,1.0,graded,loss,-1.0,0.0,0.21777777777777774,0.16581976568154713,0.06000000000000005,0.5
8bd90781e17e6d97df3941063cedae1e,2026-10-06T00:15:00Z,New Orleans Saints,Atlanta Falcons,Atlanta Falcons @ New Orleans Saints,betonlineag,BetOnline.ag,player_pass_yds,pass_yds,Michael Penix,over,-114,224.5,2026-09-30T18:55:00Z,michaelpenix,michaelpenix,224.5,218.54145246837945,125.21407270426344,,False,"{""version"":""nfl-projection-trace-1"",""current_sample"":[{""season"":2026,""week"":3,""attempts"":25,""completions"":18,""passing_yards"":256}],""recent_mean_weight"":0.2,""yards_per_completion_recent_weight"":0.2,""career_baselines"":{""attempts"":{""mean"":27.807798,""games"":14,""position_pool_mean"":27.802292},""yards_per_completion"":{""mean"":11.303461,""games"":14,""position_pool_mean"":10.957484}},""attempts"":27.246239,""completion_rate"":0.72,""yards_per_completion"":11.887213,""limitations"":[""Appearance totals do not distinguish partial games from normal starter workloads."",""Completion rate uses recent games without career shrinkage."",""Variance omits completion-rate uncertainty and dependence among components.""],""mean_stages"":{""before_adjustments"":233.194925,""after_defense"":232.490907,""after_venue"":218.541452,""final"":218.541452}}",0.5327102803738317,0.4810227426875552,0.0,0.4999999999999999,"{""version"":""nfl-calibration-trace-1"",""artifact_sha256"":""7c54bf5c44243e81b12bb6e72819cc44261a6c13e823cadd48cc848089163716"",""fitted_season"":2025,""fitted_weeks"":[4,5,6,7,9,10,11,12,14],""total_graded_rows"":12904,""market_sample_size"":null,""tail_sample_size"":null,""curve"":""market_specific"",""raw_probability"":0.481023,""fitted_raw_range"":[0.092856,0.907144],""outside_fitted_range"":false,""endpoint_probabilities"":[0.02,0.98],""limitation"":""Endpoint clipping is not held-out evidence; total rows are not independent games or tail sample size.""}",Calibration fitted; not prospectively validated,-327.1028037383178,-6.140350877192979,2026-09-30T18:55:46.584610+00:00,2026,4,over,0.5,0.5,3,224.5,2026_04_ATL_NO,223.0,graded,loss,-1.0,0.0,0.2499999999999999,0.25,4.458547531620553,1.5
8bd90781e17e6d97df3941063cedae1e,2026-10-06T00:15:00Z,New Orleans Saints,Atlanta Falcons,Atlanta Falcons @ New Orleans Saints,fanduel,FanDuel,player_rush_yds,rush_yds,Michael Penix,over,-114,5.5,2026-09-30T18:55:29Z,michaelpenix,michaelpenix,5.5,15.703522629823722,19.56140657802332,,False,,0.5327102803738317,0.6990307831262141,0.0,0.5647668393782382,"{""version"":""nfl-calibration-trace-1"",""artifact_sha256"":""7c54bf5c44243e81b12bb6e72819cc44261a6c13e823cadd48cc848089163716"",""fitted_season"":2025,""fitted_weeks"":[4,5,6,7,9,10,11,12,14],""total_graded_rows"":12904,""market_sample_size"":null,""tail_sample_size"":null,""curve"":""market_specific"",""raw_probability"":0.699031,""fitted_raw_range"":[0.000122,0.999878],""outside_fitted_range"":false,""endpoint_probabilities"":[0.02,0.98],""limitation"":""Endpoint clipping is not held-out evidence; total rows are not independent games or tail sample size.""}",Calibration fitted; not prospectively validated,320.5655900440652,6.01763476047632,2026-09-30T18:55:46.584610+00:00,2026,4,over,0.5,0.5,1,5.5,2026_04_ATL_NO,-2.0,graded,loss,-1.0,0.0,0.31896158286128473,0.25,17.703522629823723,7.5
8bd90781e17e6d97df3941063cedae1e,2026-10-06T00:15:00Z,New Orleans Saints,Atlanta Falcons,Atlanta Falcons @ New Orleans Saints,draftkings,DraftKings,player_pass_attempts,pass_attempts,Tyler Shough,over,-116,32.5,2026-09-30T18:54:39Z,tylershough,tylershough,32.5,33.758315008585114,11.144706211095697,,False,"{""version"":""nfl-projection-trace-1"",""current_sample"":[{""season"":2026,""week"":1,""attempts"":56,""completions"":35,""passing_yards"":410},{""season"":2026,""week"":2,""attempts"":34,""completions"":27,""passing_yards"":252},{""season"":2026,""week"":3,""attempts"":42,""completions"":29,""passing_yards"":255}],""recent_mean_weight"":0.428571,""yards_per_completion_recent_weight"":0.428571,""career_baselines"":{""attempts"":{""mean"":28.217484,""games"":11,""position_pool_mean"":27.802292},""yards_per_completion"":{""mean"":10.96258,""games"":10,""position_pool_mean"":10.957484}},""attempts"":33.86054,""completion_rate"":0.710335,""yards_per_completion"":10.220574,""limitations"":[""Appearance totals do not distinguish partial games from normal starter workloads."",""Completion rate uses recent games without career shrinkage."",""Variance omits completion-rate uncertainty and dependence among components.""],""mean_stages"":{""before_adjustments"":33.86054,""after_defense"":33.758315,""after_venue"":33.758315,""final"":33.758315}}",0.5370370370370371,0.5449478447511664,0.0,0.5,"{""version"":""nfl-calibration-trace-1"",""artifact_sha256"":""7c54bf5c44243e81b12bb6e72819cc44261a6c13e823cadd48cc848089163716"",""fitted_season"":2025,""fitted_weeks"":[4,5,6,7,9,10,11,12,14],""total_graded_rows"":12904,""market_sample_size"":null,""tail_sample_size"":null,""curve"":""market_specific"",""raw_probability"":0.544948,""fitted_raw_range"":[0.187653,0.812347],""outside_fitted_range"":false,""endpoint_probabilities"":[0.02,0.98],""limitation"":""Endpoint clipping is not held-out evidence; total rows are not independent games or tail sample size.""}",Calibration fitted; not prospectively validated,-370.3703703703709,-6.896551724137945,2026-09-30T18:55:46.584610+00:00,2026,4,over,0.5062344139650873,0.5062344139650873,1,32.5,2026_04_ATL_NO,48.0,graded,win,0.8620689655172413,1.0,0.25,0.2438044539524008,14.241684991414886,15.5
8bd90781e17e6d97df3941063cedae1e,2026-10-06T00:15:00Z,New Orleans Saints,Atlanta Falcons,Atlanta Falcons @ New Orleans Saints,draftkings,DraftKings,player_pass_completions,pass_completions,Tyler Shough,over,101,23.5,2026-09-30T18:54:39Z,tylershough,tylershough,23.5,23.97972674243387,7.916479525083417,,False,"{""version"":""nfl-projection-trace-1"",""current_sample"":[{""season"":2026,""week"":1,""attempts"":56,""completions"":35,""passing_yards"":410},{""season"":2026,""week"":2,""attempts"":34,""completions"":27,""passing_yards"":252},{""season"":2026,""week"":3,""attempts"":42,""completions"":29,""passing_yards"":255}],""recent_mean_weight"":0.428571,""yards_per_completion_recent_weight"":0.428571,""career_baselines"":{""attempts"":{""mean"":28.217484,""games"":11,""position_pool_mean"":27.802292},""yards_per_completion"":{""mean"":10.96258,""games"":10,""position_pool_mean"":10.957484}},""attempts"":33.86054,""completion_rate"":0.710335,""yards_per_completion"":10.220574,""limitations"":[""Appearance totals do not distinguish partial games from normal starter workloads."",""Completion rate uses recent games without career shrinkage."",""Variance omits completion-rate uncertainty and dependence among components.""],""mean_stages"":{""before_adjustments"":24.052341,""after_defense"":23.979727,""after_venue"":23.979727,""final"":23.979727}}",0.4975124378109453,0.5241605138054244,0.0,0.5000000000000001,"{""version"":""nfl-calibration-trace-1"",""artifact_sha256"":""7c54bf5c44243e81b12bb6e72819cc44261a6c13e823cadd48cc848089163716"",""fitted_season"":2025,""fitted_weeks"":[4,5,6,7,9,10,11,12,14],""total_graded_rows"":12904,""market_sample_size"":null,""tail_sample_size"":null,""curve"":""market_specific"",""raw_probability"":0.524161,""fitted_raw_range"":[0.026155,0.973845],""outside_fitted_range"":false,""endpoint_probabilities"":[0.457143,0.542857],""limitation"":""Endpoint clipping is not held-out evidence; total rows are not independent games or tail sample size.""}",Calibration fitted; not prospectively validated,24.87562189054826,0.5000000000000115,2026-09-30T18:55:46.584610+00:00,2026,4,over,0.4698318496538081,0.4698318496538081,1,23.5,2026_04_ATL_NO,30.0,graded,win,1.01,1.0,0.2499999999999999,0.28107826764150234,6.0202732575661315,6.5
8bd90781e17e6d97df3941063cedae1e,2026-10-06T00:15:00Z,New Orleans Saints,Atlanta Falcons,Atlanta Falcons @ New Orleans Saints,fanduel,FanDuel,player_pass_tds,pass_tds,Tyler Shough,over,-148,1.5,2026-09-30T18:55:29Z,tylershough,tylershough,1.5,2.8266666666666667,,2.8266666666666667,False,,0.5967741935483871,0.7734234822600894,0.0,0.5333333333333333,"{""version"":""nfl-calibration-trace-1"",""artifact_sha256"":""7c54bf5c44243e81b12bb6e72819cc44261a6c13e823cadd48cc848089163716"",""fitted_season"":2025,""fitted_weeks"":[4,5,6,7,9,10,11,12,14],""total_graded_rows"":12904,""market_sample_size"":null,""tail_sample_size"":null,""curve"":""pooled"",""raw_probability"":0.773423,""fitted_raw_range"":[4.8e-05,0.999952],""outside_fitted_range"":false,""endpoint_probabilities"":[0.25,0.75],""limitation"":""Endpoint clipping is not held-out evidence; total rows are not independent games or tail sample size.""}",Calibration fitted; not prospectively validated,-634.408602150538,-10.630630630630634,2026-09-30T18:55:46.584610+00:00,2026,4,over,0.5585303332383936,0.5657538447007615,4,1.5,2026_04_ATL_NO,1.0,graded,loss,-1.0,0.0,0.28444444444444444,0.3200774127936934,1.8266666666666667,0.5
8bd90781e17e6d97df3941063cedae1e,2026-10-06T00:15:00Z,New Orleans Saints,Atlanta Falcons,Atlanta Falcons @ New Orleans Saints,draftkings,DraftKings,player_pass_yds,pass_yds,Tyler Shough,over,-111,254.5,2026-09-30T18:54:39Z,tylershough,tylershough,254.5,259.7917688491477,101.32984899458027,,False,"{""version"":""nfl-projection-trace-1"",""current_sample"":[{""season"":2026,""week"":1,""attempts"":56,""completions"":35,""passing_yards"":410},{""season"":2026,""week"":2,""attempts"":34,""completions"":27,""passing_yards"":252},{""season"":2026,""week"":3,""attempts"":42,""completions"":29,""passing_yards"":255}],""recent_mean_weight"":0.428571,""yards_per_completion_recent_weight"":0.428571,""career_baselines"":{""attempts"":{""mean"":28.217484,""games"":11,""position_pool_mean"":27.802292},""yards_per_completion"":{""mean"":10.96258,""games"":10,""position_pool_mean"":10.957484}},""attempts"":33.86054,""completion_rate"":0.710335,""yards_per_completion"":10.220574,""limitations"":[""Appearance totals do not distinguish partial games from normal starter workloads."",""Completion rate uses recent games without career shrinkage."",""Variance omits completion-rate uncertainty and dependence among components.""],""mean_stages"":{""before_adjustments"":245.828734,""after_defense"":245.086574,""after_venue"":259.791769,""final"":259.791769}}",0.5260663507109005,0.5208245759112482,0.0,0.4999999999999999,"{""version"":""nfl-calibration-trace-1"",""artifact_sha256"":""7c54bf5c44243e81b12bb6e72819cc44261a6c13e823cadd48cc848089163716"",""fitted_season"":2025,""fitted_weeks"":[4,5,6,7,9,10,11,12,14],""total_graded_rows"":12904,""market_sample_size"":null,""tail_sample_size"":null,""curve"":""market_specific"",""raw_probability"":0.520825,""fitted_raw_range"":[0.092856,0.907144],""outside_fitted_range"":false,""endpoint_probabilities"":[0.02,0.98],""limitation"":""Endpoint clipping is not held-out evidence; total rows are not independent games or tail sample size.""}",Calibration fitted; not prospectively validated,-260.6635071090052,-4.95495495495496,2026-09-30T18:55:46.584610+00:00,2026,4,over,0.4978941161605526,0.5,3,254.5,2026_04_ATL_NO,286.0,graded,win,0.9009009009009009,1.0,0.2500000000000001,0.25,26.208231150852328,31.5
8bd90781e17e6d97df3941063cedae1e,2026-10-06T00:15:00Z,New Orleans Saints,Atlanta Falcons,Atlanta Falcons @ New Orleans Saints,draftkings,DraftKings,player_rush_yds,rush_yds,Tyler Shough,over,-114,16.5,2026-09-30T18:54:39Z,tylershough,tylershough,16.5,37.90177422013622,36.19666095086208,,False,,0.5327102803738317,0.7228281496684034,0.0,0.5647668393782382,"{""version"":""nfl-calibration-trace-1"",""artifact_sha256"":""7c54bf5c44243e81b12bb6e72819cc44261a6c13e823cadd48cc848089163716"",""fitted_season"":2025,""fitted_weeks"":[4,5,6,7,9,10,11,12,14],""total_graded_rows"":12904,""market_sample_size"":null,""tail_sample_size"":null,""curve"":""market_specific"",""raw_probability"":0.722828,""fitted_raw_range"":[0.000122,0.999878],""outside_fitted_range"":false,""endpoint_probabilities"":[0.02,0.98],""limitation"":""Endpoint clipping is not held-out evidence; total rows are not independent games or tail sample size.""}",Calibration fitted; not prospectively validated,320.5655900440652,6.01763476047632,2026-09-30T18:55:46.584610+00:00,2026,4,over,0.5042122999157539,0.5030135004821601,3,16.5,2026_04_ATL_NO,5.0,graded,loss,-1.0,0.0,0.31896158286128473,0.25302258166731606,32.90177422013622,11.5
96d2373cda647873b971f268482bced0,2026-10-04T20:25:00Z,Seattle Seahawks,Los Angeles Chargers,Los Angeles Chargers @ Seattle Seahawks,draftkings,DraftKings,player_receptions,receptions,AJ Barner,over,137,3.5,2026-09-30T18:54:31Z,ajbarner,ajbarner,3.5,2.8208954626954976,2.058367183747293,,False,,0.4219409282700422,0.3707287305080641,0.0,0.4524271844660194,"{""version"":""nfl-calibration-trace-1"",""artifact_sha256"":""7c54bf5c44243e81b12bb6e72819cc44261a6c13e823cadd48cc848089163716"",""fitted_season"":2025,""fitted_weeks"":[4,5,6,7,9,10,11,12,14],""total_graded_rows"":12904,""market_sample_size"":null,""tail_sample_size"":null,""curve"":""market_specific"",""raw_probability"":0.370729,""fitted_raw_range"":[0.000771,0.999229],""outside_fitted_range"":false,""endpoint_probabilities"":[0.166667,0.833333],""limitation"":""Endpoint clipping is not held-out evidence; total rows are not independent games or tail sample size.""}",Calibration fitted; not prospectively validated,304.8625619597722,7.225242718446601,2026-09-30T18:55:46.584610+00:00,2026,4,over,0.3986951794128307,0.4073395221405512,4,3.5,2026_04_LAC_SEA,1.0,graded,loss,-1.0,0.0,0.20469035724384957,0.1659254862976926,1.8208954626954976,2.5
96d2373cda647873b971f268482bced0,2026-10-04T20:25:00Z,Seattle Seahawks,Los Angeles Chargers,Los Angeles Chargers @ Seattle Seahawks,betrivers,BetRivers,player_reception_yds,recv_yds,AJ Barner,over,-114,29.5,2026-09-30T18:54:33Z,ajbarner,ajbarner,29.5,31.117603725969303,27.23523763195292,,False,,0.5327102803738317,0.523680766623742,0.0,0.5000000000000002,"{""version"":""nfl-calibration-trace-1"",""artifact_sha256"":""7c54bf5c44243e81b12bb6e72819cc44261a6c13e823cadd48cc848089163716"",""fitted_season"":2025,""fitted_weeks"":[4,5,6,7,9,10,11,12,14],""total_graded_rows"":12904,""market_sample_size"":null,""tail_sample_size"":null,""curve"":""market_specific"",""raw_probability"":0.523681,""fitted_raw_range"":[0.012265,0.987735],""outside_fitted_range"":false,""endpoint_probabilities"":[0.483696,0.516304],""limitation"":""Endpoint clipping is not held-out evidence; total rows are not independent games or tail sample size.""}",Calibration fitted; not prospectively validated,-327.102803738315,-6.140350877192935,2026-09-30T18:55:46.584610+00:00,2026,4,over,0.4969864995178399,0.5072616131806746,4,29.5,2026_04_LAC_SEA,12.0,graded,loss,-1.0,0.0,0.2500000000000002,0.2573143442066604,19.117603725969303,17.5
96d2373cda647873b971f268482bced0,2026-10-04T20:25:00Z,Seattle Seahawks,Los Angeles Chargers,Los Angeles Chargers @ Seattle Seahawks,bovada,Bovada,player_receptions,receptions,Cooper Kupp,over,115,2.5,2026-09-30T18:55:29Z,cooperkupp,cooperkupp,2.5,3.9626076929856993,2.733332442083136,,False,,0.4651162790697674,0.7037098351640448,0.0,0.5475728155339805,"{""version"":""nfl-calibration-trace-1"",""artifact_sha256"":""7c54bf5c44243e81b12bb6e72819cc44261a6c13e823cadd48cc848089163716"",""fitted_season"":2025,""fitted_weeks"":[4,5,6,7,9,10,11,12,14],""total_graded_rows"":12904,""market_sample_size"":null,""tail_sample_size"":null,""curve"":""market_specific"",""raw_probability"":0.70371,""fitted_raw_range"":[0.000771,0.999229],""outside_fitted_range"":false,""endpoint_probabilities"":[0.166667,0.833333],""limitation"":""Endpoint clipping is not held-out evidence; total rows are not independent games or tail sample size.""}",Calibration fitted; not prospectively validated,824.5653646421308,17.728155339805806,2026-09-30T18:55:46.584610+00:00,2026,4,over,0.4366812227074235,0.4398334919911857,4,2.5,2026_04_LAC_SEA,1.0,graded,loss,-1.0,0.0,0.29983598831181063,0.1934535006771604,2.9626076929856993,1.5
96d2373cda647873b971f268482bced0,2026-10-04T20:25:00Z,Seattle Seahawks,Los Angeles Chargers,Los Angeles Chargers @ Seattle Seahawks,betrivers,BetRivers,player_reception_yds,recv_yds,Cooper Kupp,over,-113,24.5,2026-09-30T18:54:33Z,cooperkupp,cooperkupp,24.5,50.51544864775723,42.68742837506499,,False,,0.5305164319248826,0.7288837573995768,0.0,0.5014367816091952,"{""version"":""nfl-calibration-trace-1"",""artifact_sha256"":""7c54bf5c44243e81b12bb6e72819cc44261a6c13e823cadd48cc848089163716"",""fitted_season"":2025,""fitted_weeks"":[4,5,6,7,9,10,11,12,14],""total_graded_rows"":12904,""market_sample_size"":null,""tail_sample_size"":null,""curve"":""market_specific"",""raw_probability"":0.728884,""fitted_raw_range"":[0.012265,0.987735],""outside_fitted_range"":false,""endpoint_probabilities"":[0.483696,0.516304],""limitation"":""Endpoint clipping is not held-out evidence; total rows are not independent games or tail sample size.""}",Calibration fitted; not prospectively validated,-290.79650315687377,-5.481385413487971,2026-09-30T18:55:46.584610+00:00,2026,4,over,0.4949766918501849,0.5015476681799422,4,24.5,2026_04_LAC_SEA,13.0,graded,loss,-1.0,0.0,0.2514388459505878,0.2515500634567374,37.51544864775723,11.5
96d2373cda647873b971f268482bced0,2026-10-04T20:25:00Z,Seattle Seahawks,Los Angeles Chargers,Los Angeles Chargers @ Seattle Seahawks,draftkings,DraftKings,player_rush_yds,rush_yds,Emanuel Wilson,over,-115,41.5,2026-09-30T18:54:31Z,emanuelwilson,emanuelwilson,41.5,29.22712554666217,27.55316697034356,,False,,0.5348837209302325,0.3280062581198403,0.0,0.4352331606217616,"{""version"":""nfl-calibration-trace-1"",""artifact_sha256"":""7c54bf5c44243e81b12bb6e72819cc44261a6c13e823cadd48cc848089163716"",""fitted_season"":2025,""fitted_weeks"":[4,5,6,7,9,10,11,12,14],""total_graded_rows"":12904,""market_sample_size"":null,""tail_sample_size"":null,""curve"":""market_specific"",""raw_probability"":0.328006,""fitted_raw_range"":[0.000122,0.999878],""outside_fitted_range"":false,""endpoint_probabilities"":[0.02,0.98],""limitation"":""Endpoint clipping is not held-out evidence; total rows are not independent games or tail sample size.""}",Calibration fitted; not prospectively validated,-996.5056030847086,-18.630322144627165,2026-09-30T18:55:46.584610+00:00,2026,4,over,0.5063197809142617,0.5101214574898786,3,41.5,2026_04_LAC_SEA,81.0,graded,win,0.8695652173913043,1.0,0.3189615828612849,0.23998098641184085,51.772874453337835,39.5
96d2373cda647873b971f268482bced0,2026-10-04T20:25:00Z,Seattle Seahawks,Los Angeles Chargers,Los Angeles Chargers @ Seattle Seahawks,betrivers,BetRivers,player_receptions,receptions,Jaxon Smith-Njigba,over,-134,6.5,2026-09-30T18:54:33Z,jaxonsmithnjigba,jaxonsmithnjigba,6.5,5.989991423033582,2.200064802276384,,False,,0.5726495726495726,0.4083407550901625,0.0,0.4579439252336449,"{""version"":""nfl-calibration-trace-1"",""artifact_sha256"":""7c54bf5c44243e81b12bb6e72819cc44261a6c13e823cadd48cc848089163716"",""fitted_season"":2025,""fitted_weeks"":[4,5,6,7,9,10,11,12,14],""total_graded_rows"":12904,""market_sample_size"":null,""tail_sample_size"":null,""curve"":""market_specific"",""raw_probability"":0.408341,""fitted_raw_range"":[0.000771,0.999229],""outside_fitted_range"":false,""endpoint_probabilities"":[0.166667,0.833333],""limitation"":""Endpoint clipping is not held-out evidence; total rows are not independent games or tail sample size.""}",Calibration fitted; not prospectively validated,-1147.056474159277,-20.03068768307992,2026-09-30T18:55:46.584610+00:00,2026,4,over,,0.5413381094028549,4,6.5,2026_04_LAC_SEA,5.0,graded,loss,-1.0,0.0,0.20971263865839815,0.29304694869185727,0.9899914230335822,1.5
96d2373cda647873b971f268482bced0,2026-10-04T20:25:00Z,Seattle Seahawks,Los Angeles Chargers,Los Angeles Chargers @ Seattle Seahawks,draftkings,DraftKings,player_reception_yds,recv_yds,Jaxon Smith-Njigba,over,-110,91.5,2026-09-30T18:54:31Z,jaxonsmithnjigba,jaxonsmithnjigba,91.5,81.72165031569982,45.24721273079269,,False,,0.5238095238095238,0.4144512217996663,0.0,0.5000000000000002,"{""version"":""nfl-calibration-trace-1"",""artifact_sha256"":""7c54bf5c44243e81b12bb6e72819cc44261a6c13e823cadd48cc848089163716"",""fitted_season"":2025,""fitted_weeks"":[4,5,6,7,9,10,11,12,14],""total_graded_rows"":12904,""market_sample_size"":null,""tail_sample_size"":null,""curve"":""market_specific"",""raw_probability"":0.414451,""fitted_raw_range"":[0.012265,0.987735],""outside_fitted_range"":false,""endpoint_probabilities"":[0.483696,0.516304],""limitation"":""Endpoint clipping is not held-out evidence; total rows are not independent games or tail sample size.""}",Calibration fitted; not prospectively validated,-238.0952380952361,-4.545454545454508,2026-09-30T18:55:46.584610+00:00,2026,4,over,0.495787700084246,0.4969864995178399,3,91.5,2026_04_LAC_SEA,76.0,graded,loss,-1.0,0.0,0.2500000000000002,0.24699558070299588,5.721650315699819,15.5
96d2373cda647873b971f268482bced0,2026-10-04T20:25:00Z,Seattle Seahawks,Los Angeles Chargers,Los Angeles Chargers @ Seattle Seahawks,betonlineag,BetOnline.ag,player_pass_attempts,pass_attempts,Justin Herbert,over,100,30.5,2026-09-30T18:54:34Z,justinherbert,justinherbert,30.5,27.207451369401586,8.393722146591664,,False,"{""version"":""nfl-projection-trace-1"",""current_sample"":[{""season"":2026,""week"":1,""attempts"":27,""completions"":17,""passing_yards"":209},{""season"":2026,""week"":2,""attempts"":27,""completions"":15,""passing_yards"":192},{""season"":2026,""week"":3,""attempts"":34,""completions"":20,""passing_yards"":226}],""recent_mean_weight"":0.428571,""yards_per_completion_recent_weight"":0.428571,""career_baselines"":{""attempts"":{""mean"":32.473168,""games"":98,""position_pool_mean"":27.802292},""yards_per_completion"":{""mean"":11.025143,""games"":98,""position_pool_mean"":10.957484}},""attempts"":32.050601,""completion_rate"":0.584101,""yards_per_completion"":11.351471,""limitations"":[""Appearance totals do not distinguish partial games from normal starter workloads."",""Completion rate uses recent games without career shrinkage."",""Variance omits completion-rate uncertainty and dependence among components.""],""mean_stages"":{""before_adjustments"":32.050601,""after_defense"":27.207451,""after_venue"":27.207451,""final"":27.207451}}",0.5,0.3474318615128127,0.0,0.3636363636363636,"{""version"":""nfl-calibration-trace-1"",""artifact_sha256"":""7c54bf5c44243e81b12bb6e72819cc44261a6c13e823cadd48cc848089163716"",""fitted_season"":2025,""fitted_weeks"":[4,5,6,7,9,10,11,12,14],""total_graded_rows"":12904,""market_sample_size"":null,""tail_sample_size"":null,""curve"":""market_specific"",""raw_probability"":0.347432,""fitted_raw_range"":[0.187653,0.812347],""outside_fitted_range"":false,""endpoint_probabilities"":[0.02,0.98],""limitation"":""Endpoint clipping is not held-out evidence; total rows are not independent games or tail sample size.""}",Calibration fitted; not prospectively validated,-1363.6363636363635,-27.27272727272727,2026-09-30T18:55:46.584610+00:00,2026,4,over,0.4693877551020409,0.4693877551020409,3,30.5,2026_04_LAC_SEA,31.0,graded,win,1.0,1.0,0.40495867768595056,0.2815493544356517,3.7925486305984144,0.5
96d2373cda647873b971f268482bced0,2026-10-04T20:25:00Z,Seattle Seahawks,Los Angeles Chargers,Los Angeles Chargers @ Seattle Seahawks,betonlineag,BetOnline.ag,player_pass_completions,pass_completions,Justin Herbert,over,-118,18.5,2026-09-30T18:54:34Z,justinherbert,justinherbert,18.5,15.891911709874474,4.902785250252077,,False,"{""version"":""nfl-projection-trace-1"",""current_sample"":[{""season"":2026,""week"":1,""attempts"":27,""completions"":17,""passing_yards"":209},{""season"":2026,""week"":2,""attempts"":27,""completions"":15,""passing_yards"":192},{""season"":2026,""week"":3,""attempts"":34,""completions"":20,""passing_yards"":226}],""recent_mean_weight"":0.428571,""yards_per_completion_recent_weight"":0.428571,""career_baselines"":{""attempts"":{""mean"":32.473168,""games"":98,""position_pool_mean"":27.802292},""yards_per_completion"":{""mean"":11.025143,""games"":98,""position_pool_mean"":10.957484}},""attempts"":32.050601,""completion_rate"":0.584101,""yards_per_completion"":11.351471,""limitations"":[""Appearance totals do not distinguish partial games from normal starter workloads."",""Completion rate uses recent games without career shrinkage."",""Variance omits completion-rate uncertainty and dependence among components.""],""mean_stages"":{""before_adjustments"":18.720803,""after_defense"":15.891912,""after_venue"":15.891912,""final"":15.891912}}",0.5412844036697247,0.2973766628204416,0.0,0.5,"{""version"":""nfl-calibration-trace-1"",""artifact_sha256"":""7c54bf5c44243e81b12bb6e72819cc44261a6c13e823cadd48cc848089163716"",""fitted_season"":2025,""fitted_weeks"":[4,5,6,7,9,10,11,12,14],""total_graded_rows"":12904,""market_sample_size"":null,""tail_sample_size"":null,""curve"":""market_specific"",""raw_probability"":0.297377,""fitted_raw_range"":[0.026155,0.973845],""outside_fitted_range"":false,""endpoint_probabilities"":[0.457143,0.542857],""limitation"":""Endpoint clipping is not held-out evidence; total rows are not independent games or tail sample size.""}",Calibration fitted; not prospectively validated,-412.8440366972475,-7.627118644067787,2026-09-30T18:55:46.584610+00:00,2026,4,over,0.5082034454470877,0.528066528066528,3,18.5,2026_04_LAC_SEA,19.0,graded,win,0.847457627118644,1.0,0.25,0.22272120193118122,3.108088290125526,0.5
96d2373cda647873b971f268482bced0,2026-10-04T20:25:00Z,Seattle Seahawks,Los Angeles Chargers,Los Angeles Chargers @ Seattle Seahawks,fanduel,FanDuel,player_pass_tds,pass_tds,Justin Herbert,over,-235,0.5,2026-09-30T18:54:53Z,justinherbert,justinherbert,0.5,0.94,,0.94,False,,0.7014925373134329,0.6093721646414789,0.0,0.5000000000000001,"{""version"":""nfl-calibration-trace-1"",""artifact_sha256"":""7c54bf5c44243e81b12bb6e72819cc44261a6c13e823cadd48cc848089163716"",""fitted_season"":2025,""fitted_weeks"":[4,5,6,7,9,10,11,12,14],""total_graded_rows"":12904,""market_sample_size"":null,""tail_sample_size"":null,""curve"":""pooled"",""raw_probability"":0.609372,""fitted_raw_range"":[4.8e-05,0.999952],""outside_fitted_range"":false,""endpoint_probabilities"":[0.25,0.75],""limitation"":""Endpoint clipping is not held-out evidence; total rows are not independent games or tail sample size.""}",Calibration fitted; not prospectively validated,-2014.925373134328,-28.72340425531914,2026-09-30T18:55:46.584610+00:00,2026,4,over,0.6561281051118867,0.6838777660695469,5,0.5,2026_04_LAC_SEA,1.0,graded,win,0.425531914893617,1.0,0.2499999999999999,0.09993326678518014,0.06000000000000005,0.5
96d2373cda647873b971f268482bced0,2026-10-04T20:25:00Z,Seattle Seahawks,Los Angeles Chargers,Los Angeles Chargers @ Seattle Seahawks,betonlineag,BetOnline.ag,player_pass_yds,pass_yds,Justin Herbert,over,-114,198.5,2026-09-30T18:54:34Z,justinherbert,justinherbert,198.5,169.5727850736056,66.82899971250238,,False,"{""version"":""nfl-projection-trace-1"",""current_sample"":[{""season"":2026,""week"":1,""attempts"":27,""completions"":17,""passing_yards"":209},{""season"":2026,""week"":2,""attempts"":27,""completions"":15,""passing_yards"":192},{""season"":2026,""week"":3,""attempts"":34,""completions"":20,""passing_yards"":226}],""recent_mean_weight"":0.428571,""yards_per_completion_recent_weight"":0.428571,""career_baselines"":{""attempts"":{""mean"":32.473168,""games"":98,""position_pool_mean"":27.802292},""yards_per_completion"":{""mean"":11.025143,""games"":98,""position_pool_mean"":10.957484}},""attempts"":32.050601,""completion_rate"":0.584101,""yards_per_completion"":11.351471,""limitations"":[""Appearance totals do not distinguish partial games from normal starter workloads."",""Completion rate uses recent games without career shrinkage."",""Variance omits completion-rate uncertainty and dependence among components.""],""mean_stages"":{""before_adjustments"":212.508654,""after_defense"":180.39658,""after_venue"":169.572785,""final"":169.572785}}",0.5327102803738317,0.3325603380808027,0.0,0.4999999999999999,"{""version"":""nfl-calibration-trace-1"",""artifact_sha256"":""7c54bf5c44243e81b12bb6e72819cc44261a6c13e823cadd48cc848089163716"",""fitted_season"":2025,""fitted_weeks"":[4,5,6,7,9,10,11,12,14],""total_graded_rows"":12904,""market_sample_size"":null,""tail_sample_size"":null,""curve"":""market_specific"",""raw_probability"":0.33256,""fitted_raw_range"":[0.092856,0.907144],""outside_fitted_range"":false,""endpoint_probabilities"":[0.02,0.98],""limitation"":""Endpoint clipping is not held-out evidence; total rows are not independent games or tail sample size.""}",Calibration fitted; not prospectively validated,-327.1028037383178,-6.140350877192979,2026-09-30T18:55:46.584610+00:00,2026,4,over,0.5,0.5,2,198.5,2026_04_LAC_SEA,189.0,graded,loss,-1.0,0.0,0.2499999999999999,0.25,19.427214926394413,9.5
96d2373cda647873b971f268482bced0,2026-10-04T20:25:00Z,Seattle Seahawks,Los Angeles Chargers,Los Angeles Chargers @ Seattle Seahawks,draftkings,DraftKings,player_receptions,receptions,Ladd McConkey,over,-157,3.5,2026-09-30T18:54:31Z,laddmcconkey,laddmcconkey,3.5,3.5475407600223225,2.268113569829504,,False,,0.6108949416342413,0.5083614113498901,0.0,0.5408805031446541,"{""version"":""nfl-calibration-trace-1"",""artifact_sha256"":""7c54bf5c44243e81b12bb6e72819cc44261a6c13e823cadd48cc848089163716"",""fitted_season"":2025,""fitted_weeks"":[4,5,6,7,9,10,11,12,14],""total_graded_rows"":12904,""market_sample_size"":null,""tail_sample_size"":null,""curve"":""market_specific"",""raw_probability"":0.508361,""fitted_raw_range"":[0.000771,0.999229],""outside_fitted_range"":false,""endpoint_probabilities"":[0.166667,0.833333],""limitation"":""Endpoint clipping is not held-out evidence; total rows are not independent games or tail sample size.""}",Calibration fitted; not prospectively validated,-700.1443848958721,-11.460962224091665,2026-09-30T18:55:46.584610+00:00,2026,4,over,0.5766829734315034,0.5778677999586592,4,3.5,2026_04_LAC_SEA,0.0,graded,loss,-1.0,0.0,0.29255171868201413,0.333931194229061,3.5475407600223225,3.5
96d2373cda647873b971f268482bced0,2026-10-04T20:25:00Z,Seattle Seahawks,Los Angeles Chargers,Los Angeles Chargers @ Seattle Seahawks,draftkings,DraftKings,player_reception_yds,recv_yds,Ladd McConkey,over,-113,45.5,2026-09-30T18:54:31Z,laddmcconkey,laddmcconkey,45.5,48.24112060967099,39.99841124444828,,False,,0.5305164319248826,0.5273184235842667,0.0,0.5000000000000002,"{""version"":""nfl-calibration-trace-1"",""artifact_sha256"":""7c54bf5c44243e81b12bb6e72819cc44261a6c13e823cadd48cc848089163716"",""fitted_season"":2025,""fitted_weeks"":[4,5,6,7,9,10,11,12,14],""total_graded_rows"":12904,""market_sample_size"":null,""tail_sample_size"":null,""curve"":""market_specific"",""raw_probability"":0.527318,""fitted_raw_range"":[0.012265,0.987735],""outside_fitted_range"":false,""endpoint_probabilities"":[0.483696,0.516304],""limitation"":""Endpoint clipping is not held-out evidence; total rows are not independent games or tail sample size.""}",Calibration fitted; not prospectively validated,-305.16431924882403,-5.752212389380484,2026-09-30T18:55:46.584610+00:00,2026,4,over,0.5021058838394474,0.5,5,45.5,2026_04_LAC_SEA,0.0,graded,loss,-1.0,0.0,0.2500000000000002,0.25,48.24112060967099,45.5
96d2373cda647873b971f268482bced0,2026-10-04T20:25:00Z,Seattle Seahawks,Los Angeles Chargers,Los Angeles Chargers @ Seattle Seahawks,draftkings,DraftKings,player_rush_attempts,rush_attempts,Omarion Hampton,over,-107,13.5,2026-09-30T18:54:31Z,omarionhampton,omarionhampton,13.5,11.075853306990451,5.786759662412439,,False,,0.5169082125603864,0.3376399941827046,0.0,0.4915254237288136,"{""version"":""nfl-calibration-trace-1"",""artifact_sha256"":""7c54bf5c44243e81b12bb6e72819cc44261a6c13e823cadd48cc848089163716"",""fitted_season"":2025,""fitted_weeks"":[4,5,6,7,9,10,11,12,14],""total_graded_rows"":12904,""market_sample_size"":null,""tail_sample_size"":null,""curve"":""market_specific"",""raw_probability"":0.33764,""fitted_raw_range"":[4.8e-05,0.999952],""outside_fitted_range"":false,""endpoint_probabilities"":[0.405405,0.594595],""limitation"":""Endpoint clipping is not held-out evidence; total rows are not independent games or tail sample size.""}",Calibration fitted; not prospectively validated,-253.82788831572856,-4.910502138444473,2026-09-30T18:55:46.584610+00:00,2026,4,over,0.487517163899638,0.487517163899638,1,13.5,2026_04_LAC_SEA,9.0,graded,loss,-1.0,0.0,0.24159724217178974,0.2376729850967465,2.0758533069904512,4.5
96d2373cda647873b971f268482bced0,2026-10-04T20:25:00Z,Seattle Seahawks,Los Angeles Chargers,Los Angeles Chargers @ Seattle Seahawks,draftkings,DraftKings,player_rush_yds,rush_yds,Omarion Hampton,over,-115,46.5,2026-09-30T18:54:31Z,omarionhampton,omarionhampton,46.5,42.90662407640205,33.273743970391074,,False,,0.5348837209302325,0.4570000921309633,0.0,0.4999999999999998,"{""version"":""nfl-calibration-trace-1"",""artifact_sha256"":""7c54bf5c44243e81b12bb6e72819cc44261a6c13e823cadd48cc848089163716"",""fitted_season"":2025,""fitted_weeks"":[4,5,6,7,9,10,11,12,14],""total_graded_rows"":12904,""market_sample_size"":null,""tail_sample_size"":null,""curve"":""market_specific"",""raw_probability"":0.457,""fitted_raw_range"":[0.000122,0.999878],""outside_fitted_range"":false,""endpoint_probabilities"":[0.02,0.98],""limitation"":""Endpoint clipping is not held-out evidence; total rows are not independent games or tail sample size.""}",Calibration fitted; not prospectively validated,-348.8372093023273,-6.521739130434812,2026-09-30T18:55:46.584610+00:00,2026,4,over,0.5063197809142617,0.5101214574898786,3,46.5,2026_04_LAC_SEA,45.0,graded,loss,-1.0,0.0,0.24999999999999978,0.260223901391598,2.0933759235979466,1.5
96d2373cda647873b971f268482bced0,2026-10-04T20:25:00Z,Seattle Seahawks,Los Angeles Chargers,Los Angeles Chargers @ Seattle Seahawks,betrivers,BetRivers,player_receptions,receptions,Quentin Johnston,over,-162,2.5,2026-09-30T18:54:33Z,quentinjohnston,quentinjohnston,2.5,2.1816587613708127,1.2021197795435097,,False,,0.6183206106870229,0.3955753851287571,0.0,0.4524271844660194,"{""version"":""nfl-calibration-trace-1"",""artifact_sha256"":""7c54bf5c44243e81b12bb6e72819cc44261a6c13e823cadd48cc848089163716"",""fitted_season"":2025,""fitted_weeks"":[4,5,6,7,9,10,11,12,14],""total_graded_rows"":12904,""market_sample_size"":null,""tail_sample_size"":null,""curve"":""market_specific"",""raw_probability"":0.395575,""fitted_raw_range"":[0.000771,0.999229],""outside_fitted_range"":false,""endpoint_probabilities"":[0.166667,0.833333],""limitation"":""Endpoint clipping is not held-out evidence; total rows are not independent games or tail sample size.""}",Calibration fitted; not prospectively validated,-1658.934262210035,-26.829677574014145,2026-09-30T18:55:46.584610+00:00,2026,4,over,,0.5909940589931304,4,2.5,2026_04_LAC_SEA,1.0,graded,loss,-1.0,0.0,0.20469035724384957,0.3492739777651757,1.1816587613708127,1.5
96d2373cda647873b971f268482bced0,2026-10-04T20:25:00Z,Seattle Seahawks,Los Angeles Chargers,Los Angeles Chargers @ Seattle Seahawks,draftkings,DraftKings,player_reception_yds,recv_yds,Quentin Johnston,over,-110,35.5,2026-09-30T18:54:31Z,quentinjohnston,quentinjohnston,35.5,25.54546058332176,21.533507926393007,,False,,0.5238095238095238,0.3219397810214777,0.0,0.4985632183908046,"{""version"":""nfl-calibration-trace-1"",""artifact_sha256"":""7c54bf5c44243e81b12bb6e72819cc44261a6c13e823cadd48cc848089163716"",""fitted_season"":2025,""fitted_weeks"":[4,5,6,7,9,10,11,12,14],""total_graded_rows"":12904,""market_sample_size"":null,""tail_sample_size"":null,""curve"":""market_specific"",""raw_probability"":0.32194,""fitted_raw_range"":[0.012265,0.987735],""outside_fitted_range"":false,""endpoint_probabilities"":[0.483696,0.516304],""limitation"":""Endpoint clipping is not held-out evidence; total rows are not independent games or tail sample size.""}",Calibration fitted; not prospectively validated,-252.4630541871925,-4.81974921630095,2026-09-30T18:55:46.584610+00:00,2026,4,over,0.495787700084246,0.5,5,35.5,2026_04_LAC_SEA,44.0,graded,win,0.9090909090909091,1.0,0.2514388459505879,0.25,18.45453941667824,8.5
96d2373cda647873b971f268482bced0,2026-10-04T20:25:00Z,Seattle Seahawks,Los Angeles Chargers,Los Angeles Chargers @ Seattle Seahawks,draftkings,DraftKings,player_pass_attempts,pass_attempts,Sam Darnold,over,-103,30.5,2026-09-30T18:54:31Z,samdarnold,samdarnold,30.5,24.709525920647994,13.30772136540495,,False,"{""version"":""nfl-projection-trace-1"",""current_sample"":[{""season"":2026,""week"":1,""attempts"":2,""completions"":1,""passing_yards"":13},{""season"":2026,""week"":3,""attempts"":45,""completions"":31,""passing_yards"":379}],""recent_mean_weight"":0.333333,""yards_per_completion_recent_weight"":0.333333,""career_baselines"":{""attempts"":{""mean"":27.304894,""games"":78,""position_pool_mean"":27.802292},""yards_per_completion"":{""mean"":11.513977,""games"":73,""position_pool_mean"":10.957484}},""attempts"":29.108025,""completion_rate"":0.634921,""yards_per_completion"":11.824986,""limitations"":[""Appearance totals do not distinguish partial games from normal starter workloads."",""Completion rate uses recent games without career shrinkage."",""Variance omits completion-rate uncertainty and dependence among components.""],""mean_stages"":{""before_adjustments"":29.108025,""after_defense"":24.709526,""after_venue"":24.709526,""final"":24.709526}}",0.5073891625615764,0.3317371628498909,0.0,0.3636363636363636,"{""version"":""nfl-calibration-trace-1"",""artifact_sha256"":""7c54bf5c44243e81b12bb6e72819cc44261a6c13e823cadd48cc848089163716"",""fitted_season"":2025,""fitted_weeks"":[4,5,6,7,9,10,11,12,14],""total_graded_rows"":12904,""market_sample_size"":null,""tail_sample_size"":null,""curve"":""market_specific"",""raw_probability"":0.331737,""fitted_raw_range"":[0.187653,0.812347],""outside_fitted_range"":false,""endpoint_probabilities"":[0.02,0.98],""limitation"":""Endpoint clipping is not held-out evidence; total rows are not independent games or tail sample size.""}",Calibration fitted; not prospectively validated,-1437.5279892521276,-28.331862312444844,2026-09-30T18:55:46.584610+00:00,2026,4,over,0.4782356355194428,0.4796954314720812,3,30.5,2026_04_LAC_SEA,22.0,graded,loss,-1.0,0.0,0.13223140495867766,0.23010770697518615,2.7095259206479945,8.5
96d2373cda647873b971f268482bced0,2026-10-04T20:25:00Z,Seattle Seahawks,Los Angeles Chargers,Los Angeles Chargers @ Seattle Seahawks,bovada,Bovada,player_pass_completions,pass_completions,Sam Darnold,over,105,21.5,2026-09-30T18:55:29Z,samdarnold,samdarnold,21.5,15.688587886125712,8.44934689866981,,False,"{""version"":""nfl-projection-trace-1"",""current_sample"":[{""season"":2026,""week"":1,""attempts"":2,""completions"":1,""passing_yards"":13},{""season"":2026,""week"":3,""attempts"":45,""completions"":31,""passing_yards"":379}],""recent_mean_weight"":0.333333,""yards_per_completion_recent_weight"":0.333333,""career_baselines"":{""attempts"":{""mean"":27.304894,""games"":78,""position_pool_mean"":27.802292},""yards_per_completion"":{""mean"":11.513977,""games"":73,""position_pool_mean"":10.957484}},""attempts"":29.108025,""completion_rate"":0.634921,""yards_per_completion"":11.824986,""limitations"":[""Appearance totals do not distinguish partial games from normal starter workloads."",""Completion rate uses recent games without career shrinkage."",""Variance omits completion-rate uncertainty and dependence among components.""],""mean_stages"":{""before_adjustments"":18.481285,""after_defense"":15.688588,""after_venue"":15.688588,""final"":15.688588}}",0.4878048780487805,0.2457911824931274,0.0,0.4583333333333333,"{""version"":""nfl-calibration-trace-1"",""artifact_sha256"":""7c54bf5c44243e81b12bb6e72819cc44261a6c13e823cadd48cc848089163716"",""fitted_season"":2025,""fitted_weeks"":[4,5,6,7,9,10,11,12,14],""total_graded_rows"":12904,""market_sample_size"":null,""tail_sample_size"":null,""curve"":""market_specific"",""raw_probability"":0.245791,""fitted_raw_range"":[0.026155,0.973845],""outside_fitted_range"":false,""endpoint_probabilities"":[0.457143,0.542857],""limitation"":""Endpoint clipping is not held-out evidence; total rows are not independent games or tail sample size.""}",Calibration fitted; not prospectively validated,-294.71544715447163,-6.041666666666668,2026-09-30T18:55:46.584610+00:00,2026,4,over,0.4592085979482169,0.4628151931056495,3,21.5,2026_04_LAC_SEA,13.0,graded,loss,-1.0,0.0,0.21006944444444442,0.21419790296941965,2.6885878861257115,8.5
96d2373cda647873b971f268482bced0,2026-10-04T20:25:00Z,Seattle Seahawks,Los Angeles Chargers,Los Angeles Chargers @ Seattle Seahawks,fanduel,FanDuel,player_pass_tds,pass_tds,Sam Darnold,over,-118,1.5,2026-09-30T18:54:53Z,samdarnold,samdarnold,1.5,2.12,,2.12,False,,0.5412844036697247,0.6255013190442551,0.0,0.5000000000000001,"{""version"":""nfl-calibration-trace-1"",""artifact_sha256"":""7c54bf5c44243e81b12bb6e72819cc44261a6c13e823cadd48cc848089163716"",""fitted_season"":2025,""fitted_weeks"":[4,5,6,7,9,10,11,12,14],""total_graded_rows"":12904,""market_sample_size"":null,""tail_sample_size"":null,""curve"":""pooled"",""raw_probability"":0.625501,""fitted_raw_range"":[4.8e-05,0.999952],""outside_fitted_range"":false,""endpoint_probabilities"":[0.25,0.75],""limitation"":""Endpoint clipping is not held-out evidence; total rows are not independent games or tail sample size.""}",Calibration fitted; not prospectively validated,-412.8440366972464,-7.627118644067776,2026-09-30T18:55:46.584610+00:00,2026,4,over,0.5060689431946916,0.5318542641970282,5,1.5,2026_04_LAC_SEA,2.0,graded,win,0.847457627118644,1.0,0.2499999999999999,0.2191604299505059,0.1200000000000001,0.5
96d2373cda647873b971f268482bced0,2026-10-04T20:25:00Z,Seattle Seahawks,Los Angeles Chargers,Los Angeles Chargers @ Seattle Seahawks,draftkings,DraftKings,player_pass_yds,pass_yds,Sam Darnold,over,-111,232.5,2026-09-30T18:54:31Z,samdarnold,samdarnold,232.5,196.64837612619849,110.24797161544048,,False,"{""version"":""nfl-projection-trace-1"",""current_sample"":[{""season"":2026,""week"":1,""attempts"":2,""completions"":1,""passing_yards"":13},{""season"":2026,""week"":3,""attempts"":45,""completions"":31,""passing_yards"":379}],""recent_mean_weight"":0.333333,""yards_per_completion_recent_weight"":0.333333,""career_baselines"":{""attempts"":{""mean"":27.304894,""games"":78,""position_pool_mean"":27.802292},""yards_per_completion"":{""mean"":11.513977,""games"":73,""position_pool_mean"":10.957484}},""attempts"":29.108025,""completion_rate"":0.634921,""yards_per_completion"":11.824986,""limitations"":[""Appearance totals do not distinguish partial games from normal starter workloads."",""Completion rate uses recent games without career shrinkage."",""Variance omits completion-rate uncertainty and dependence among components.""],""mean_stages"":{""before_adjustments"":218.540946,""after_defense"":185.517336,""after_venue"":196.648376,""final"":196.648376}}",0.5260663507109005,0.3725183431814594,0.0,0.4999999999999999,"{""version"":""nfl-calibration-trace-1"",""artifact_sha256"":""7c54bf5c44243e81b12bb6e72819cc44261a6c13e823cadd48cc848089163716"",""fitted_season"":2025,""fitted_weeks"":[4,5,6,7,9,10,11,12,14],""total_graded_rows"":12904,""market_sample_size"":null,""tail_sample_size"":null,""curve"":""market_specific"",""raw_probability"":0.372518,""fitted_raw_range"":[0.092856,0.907144],""outside_fitted_range"":false,""endpoint_probabilities"":[0.02,0.98],""limitation"":""Endpoint clipping is not held-out evidence; total rows are not independent games or tail sample size.""}",Calibration fitted; not prospectively validated,-260.6635071090052,-4.95495495495496,2026-09-30T18:55:46.584610+00:00,2026,4,over,0.4978941161605526,0.5,4,232.5,2026_04_LAC_SEA,168.0,graded,loss,-1.0,0.0,0.2499999999999999,0.25,28.648376126198485,64.5
99a9bae4dc0dc2590496bd3102b211f2,2026-10-04T17:00:00Z,Tampa Bay Buccaneers,Green Bay Packers,Green Bay Packers @ Tampa Bay Buccaneers,betrivers,BetRivers,player_receptions,receptions,Bucky Irving,over,-109,2.5,2026-09-30T18:55:10Z,buckyirving,buckyirving,2.5,2.2551627062355584,1.1646146466281322,,False,,0.5215311004784688,0.4167439635681874,0.0,0.4579439252336449,"{""version"":""nfl-calibration-trace-1"",""artifact_sha256"":""7c54bf5c44243e81b12bb6e72819cc44261a6c13e823cadd48cc848089163716"",""fitted_season"":2025,""fitted_weeks"":[4,5,6,7,9,10,11,12,14],""total_graded_rows"":12904,""market_sample_size"":null,""tail_sample_size"":null,""curve"":""market_specific"",""raw_probability"":0.416744,""fitted_raw_range"":[0.000771,0.999229],""outside_fitted_range"":false,""endpoint_probabilities"":[0.166667,0.833333],""limitation"":""Endpoint clipping is not held-out evidence; total rows are not independent games or tail sample size.""}",Calibration fitted; not prospectively validated,-635.8717524482394,-12.192403326759816,2026-09-30T18:55:46.584610+00:00,2026,4,over,,0.5,3,2.5,2026_04_GB_TB,0.0,graded,loss,-1.0,0.0,0.20971263865839815,0.25,2.2551627062355584,2.5
99a9bae4dc0dc2590496bd3102b211f2,2026-10-04T17:00:00Z,Tampa Bay Buccaneers,Green Bay Packers,Green Bay Packers @ Tampa Bay Buccaneers,betonlineag,BetOnline.ag,player_reception_yds,recv_yds,Bucky Irving,over,-114,12.5,2026-09-30T18:55:12Z,buckyirving,buckyirving,12.5,14.936509475545872,13.419844327021252,,False,,0.5327102803738317,0.5720360530610403,0.0,0.5000000000000002,"{""version"":""nfl-calibration-trace-1"",""artifact_sha256"":""7c54bf5c44243e81b12bb6e72819cc44261a6c13e823cadd48cc848089163716"",""fitted_season"":2025,""fitted_weeks"":[4,5,6,7,9,10,11,12,14],""total_graded_rows"":12904,""market_sample_size"":null,""tail_sample_size"":null,""curve"":""market_specific"",""raw_probability"":0.572036,""fitted_raw_range"":[0.012265,0.987735],""outside_fitted_range"":false,""endpoint_probabilities"":[0.483696,0.516304],""limitation"":""Endpoint clipping is not held-out evidence; total rows are not independent games or tail sample size.""}",Calibration fitted; not prospectively validated,-327.102803738315,-6.140350877192935,2026-09-30T18:55:46.584610+00:00,2026,4,over,0.5,0.5,2,13.0,2026_04_GB_TB,0.0,graded,loss,-1.0,0.0,0.2500000000000002,0.25,14.936509475545872,12.5
99a9bae4dc0dc2590496bd3102b211f2,2026-10-04T17:00:00Z,Tampa Bay Buccaneers,Green Bay Packers,Green Bay Packers @ Tampa Bay Buccaneers,draftkings,DraftKings,player_rush_attempts,rush_attempts,Bucky Irving,over,-101,15.5,2026-09-30T18:53:59Z,buckyirving,buckyirving,15.5,11.37767484193446,5.338927870990103,,False,,0.5024875621890548,0.220019894622043,0.0,0.4054054054054054,"{""version"":""nfl-calibration-trace-1"",""artifact_sha256"":""7c54bf5c44243e81b12bb6e72819cc44261a6c13e823cadd48cc848089163716"",""fitted_season"":2025,""fitted_weeks"":[4,5,6,7,9,10,11,12,14],""total_graded_rows"":12904,""market_sample_size"":null,""tail_sample_size"":null,""curve"":""market_specific"",""raw_probability"":0.22002,""fitted_raw_range"":[4.8e-05,0.999952],""outside_fitted_range"":false,""endpoint_probabilities"":[0.405405,0.594595],""limitation"":""Endpoint clipping is not held-out evidence; total rows are not independent games or tail sample size.""}",Calibration fitted; not prospectively validated,-970.8215678364934,-19.320310409419328,2026-09-30T18:55:46.584610+00:00,2026,4,over,0.4731704296858876,0.4731704296858876,1,15.5,2026_04_GB_TB,16.0,graded,win,0.9900990099009901,1.0,0.35354273192111035,0.27754939615735225,4.622325158065539,0.5
99a9bae4dc0dc2590496bd3102b211f2,2026-10-04T17:00:00Z,Tampa Bay Buccaneers,Green Bay Packers,Green Bay Packers @ Tampa Bay Buccaneers,fanatics,Fanatics,player_rush_yds,rush_yds,Bucky Irving,over,-110,60.5,2026-09-30T18:54:46Z,buckyirving,buckyirving,60.5,47.17253238590257,32.21867854632788,,False,,0.5238095238095238,0.3395628238025262,0.0,0.4999999999999998,"{""version"":""nfl-calibration-trace-1"",""artifact_sha256"":""7c54bf5c44243e81b12bb6e72819cc44261a6c13e823cadd48cc848089163716"",""fitted_season"":2025,""fitted_weeks"":[4,5,6,7,9,10,11,12,14],""total_graded_rows"":12904,""market_sample_size"":null,""tail_sample_size"":null,""curve"":""market_specific"",""raw_probability"":0.339563,""fitted_raw_range"":[0.000122,0.999878],""outside_fitted_range"":false,""endpoint_probabilities"":[0.02,0.98],""limitation"":""Endpoint clipping is not held-out evidence; total rows are not independent games or tail sample size.""}",Calibration fitted; not prospectively validated,-238.09523809524052,-4.5454545454545965,2026-09-30T18:55:46.584610+00:00,2026,4,over,0.4898785425101215,0.5,3,60.5,2026_04_GB_TB,61.0,graded,win,0.9090909090909091,1.0,0.2500000000000002,0.25,13.82746761409743,0.5
99a9bae4dc0dc2590496bd3102b211f2,2026-10-04T17:00:00Z,Tampa Bay Buccaneers,Green Bay Packers,Green Bay Packers @ Tampa Bay Buccaneers,betrivers,BetRivers,player_receptions,receptions,Cade Otton,over,-167,2.5,2026-09-30T18:55:10Z,cadeotton,cadeotton,2.5,3.021606809126474,1.2936394965727502,,False,,0.6254681647940075,0.656602681100556,0.0,0.5475728155339805,"{""version"":""nfl-calibration-trace-1"",""artifact_sha256"":""7c54bf5c44243e81b12bb6e72819cc44261a6c13e823cadd48cc848089163716"",""fitted_season"":2025,""fitted_weeks"":[4,5,6,7,9,10,11,12,14],""total_graded_rows"":12904,""market_sample_size"":null,""tail_sample_size"":null,""curve"":""market_specific"",""raw_probability"":0.656603,""fitted_raw_range"":[0.000771,0.999229],""outside_fitted_range"":false,""endpoint_probabilities"":[0.166667,0.833333],""limitation"":""Endpoint clipping is not held-out evidence; total rows are not independent games or tail sample size.""}",Calibration fitted; not prospectively validated,-778.9534926002694,-12.453927097261795,2026-09-30T18:55:46.584610+00:00,2026,4,over,,0.5951779872428783,3,2.5,2026_04_GB_TB,4.0,graded,win,0.5988023952095808,1.0,0.20469035724384962,0.16388086201272722,0.9783931908735259,1.5
99a9bae4dc0dc2590496bd3102b211f2,2026-10-04T17:00:00Z,Tampa Bay Buccaneers,Green Bay Packers,Green Bay Packers @ Tampa Bay Buccaneers,fanduel,FanDuel,player_reception_yds,recv_yds,Cade Otton,over,-114,25.5,2026-09-30T18:55:31Z,cadeotton,cadeotton,25.5,37.99007521655696,22.84115423813635,,False,,0.5327102803738317,0.7077499312288648,0.0,0.5014367816091952,"{""version"":""nfl-calibration-trace-1"",""artifact_sha256"":""7c54bf5c44243e81b12bb6e72819cc44261a6c13e823cadd48cc848089163716"",""fitted_season"":2025,""fitted_weeks"":[4,5,6,7,9,10,11,12,14],""total_graded_rows"":12904,""market_sample_size"":null,""tail_sample_size"":null,""curve"":""market_specific"",""raw_probability"":0.70775,""fitted_raw_range"":[0.012265,0.987735],""outside_fitted_range"":false,""endpoint_probabilities"":[0.483696,0.516304],""limitation"":""Endpoint clipping is not held-out evidence; total rows are not independent games or tail sample size.""}",Calibration fitted; not prospectively validated,-312.73498764636474,-5.870639241782638,2026-09-30T18:55:46.584610+00:00,2026,4,over,0.5,0.5015476681799422,4,25.5,2026_04_GB_TB,37.0,graded,win,0.8771929824561403,1.0,0.24856528273219727,0.24845472709685298,0.99007521655696,11.5
99a9bae4dc0dc2590496bd3102b211f2,2026-10-04T17:00:00Z,Tampa Bay Buccaneers,Green Bay Packers,Green Bay Packers @ Tampa Bay Buccaneers,betonlineag,BetOnline.ag,player_receptions,receptions,Chris Godwin,over,-127,2.5,2026-09-30T18:55:12Z,chrisgodwin,chrisgodwin,2.5,4.552809842795456,2.0601134545924173,,False,,0.5594713656387665,0.8404853793599012,0.0,0.5789473684210527,"{""version"":""nfl-calibration-trace-1"",""artifact_sha256"":""7c54bf5c44243e81b12bb6e72819cc44261a6c13e823cadd48cc848089163716"",""fitted_season"":2025,""fitted_weeks"":[4,5,6,7,9,10,11,12,14],""total_graded_rows"":12904,""market_sample_size"":null,""tail_sample_size"":null,""curve"":""market_specific"",""raw_probability"":0.840485,""fitted_raw_range"":[0.000771,0.999229],""outside_fitted_range"":false,""endpoint_probabilities"":[0.166667,0.833333],""limitation"":""Endpoint clipping is not held-out evidence; total rows are not independent games or tail sample size.""}",Calibration fitted; not prospectively validated,194.7600278228612,3.481143804392884,2026-09-30T18:55:46.584610+00:00,2026,4,over,0.5256105556466153,0.5281576830249397,3,2.5,2026_04_GB_TB,6.0,graded,win,0.7874015748031497,1.0,0.17728531855955676,0.22263517208839328,1.4471901572045436,3.5
99a9bae4dc0dc2590496bd3102b211f2,2026-10-04T17:00:00Z,Tampa Bay Buccaneers,Green Bay Packers,Green Bay Packers @ Tampa Bay Buccaneers,draftkings,DraftKings,player_reception_yds,recv_yds,Chris Godwin,over,-111,27.5,2026-09-30T18:53:59Z,chrisgodwin,chrisgodwin,27.5,52.2008363119522,32.06722468038732,,False,,0.5260663507109005,0.7794339649542772,0.0,0.5163043478260871,"{""version"":""nfl-calibration-trace-1"",""artifact_sha256"":""7c54bf5c44243e81b12bb6e72819cc44261a6c13e823cadd48cc848089163716"",""fitted_season"":2025,""fitted_weeks"":[4,5,6,7,9,10,11,12,14],""total_graded_rows"":12904,""market_sample_size"":null,""tail_sample_size"":null,""curve"":""market_specific"",""raw_probability"":0.779434,""fitted_raw_range"":[0.012265,0.987735],""outside_fitted_range"":false,""endpoint_probabilities"":[0.483696,0.516304],""limitation"":""Endpoint clipping is not held-out evidence; total rows are not independent games or tail sample size.""}",Calibration fitted; not prospectively validated,-97.62002884813326,-1.8556600078338807,2026-09-30T18:55:46.584610+00:00,2026,4,over,0.4978941161605526,0.4989470580802763,4,27.5,2026_04_GB_TB,31.0,graded,win,0.9009009009009009,1.0,0.23396148393194688,0.25105405060641,21.2008363119522,3.5
99a9bae4dc0dc2590496bd3102b211f2,2026-10-04T17:00:00Z,Tampa Bay Buccaneers,Green Bay Packers,Green Bay Packers @ Tampa Bay Buccaneers,betonlineag,BetOnline.ag,player_receptions,receptions,Christian Watson,over,-145,4.5,2026-09-30T18:55:12Z,christianwatson,christianwatson,4.5,4.051718712849744,1.4234230184504857,,False,,0.5918367346938775,0.3764066878133685,0.0,0.4524271844660194,"{""version"":""nfl-calibration-trace-1"",""artifact_sha256"":""7c54bf5c44243e81b12bb6e72819cc44261a6c13e823cadd48cc848089163716"",""fitted_season"":2025,""fitted_weeks"":[4,5,6,7,9,10,11,12,14],""total_graded_rows"":12904,""market_sample_size"":null,""tail_sample_size"":null,""curve"":""market_specific"",""raw_probability"":0.376407,""fitted_raw_range"":[0.000771,0.999229],""outside_fitted_range"":false,""endpoint_probabilities"":[0.166667,0.833333],""limitation"":""Endpoint clipping is not held-out evidence; total rows are not independent games or tail sample size.""}",Calibration fitted; not prospectively validated,-1394.095502278581,-23.5554067626381,2026-09-30T18:55:46.584610+00:00,2026,4,over,0.5564808110065169,0.5631341600901917,3,4.5,2026_04_GB_TB,3.0,graded,loss,-1.0,0.0,0.20469035724384957,0.31712008226048566,1.0517187128497438,1.5
99a9bae4dc0dc2590496bd3102b211f2,2026-10-04T17:00:00Z,Tampa Bay Buccaneers,Green Bay Packers,Green Bay Packers @ Tampa Bay Buccaneers,betonlineag,BetOnline.ag,player_reception_yds,recv_yds,Christian Watson,over,-114,67.5,2026-09-30T18:55:12Z,christianwatson,christianwatson,67.5,57.118828848807375,32.935294600066285,,False,,0.5327102803738317,0.3763052912822448,0.0,0.4989858012170386,"{""version"":""nfl-calibration-trace-1"",""artifact_sha256"":""7c54bf5c44243e81b12bb6e72819cc44261a6c13e823cadd48cc848089163716"",""fitted_season"":2025,""fitted_weeks"":[4,5,6,7,9,10,11,12,14],""total_graded_rows"":12904,""market_sample_size"":null,""tail_sample_size"":null,""curve"":""market_specific"",""raw_probability"":0.376305,""fitted_raw_range"":[0.012265,0.987735],""outside_fitted_range"":false,""endpoint_probabilities"":[0.483696,0.516304],""limitation"":""Endpoint clipping is not held-out evidence; total rows are not independent games or tail sample size.""}",Calibration fitted; not prospectively validated,-337.2447915679305,-6.330735561012036,2026-09-30T18:55:46.584610+00:00,2026,4,over,0.5,0.5,2,67.5,2026_04_GB_TB,47.0,graded,loss,-1.0,0.0,0.24898682981620998,0.25,10.118828848807375,20.5
99a9bae4dc0dc2590496bd3102b211f2,2026-10-04T17:00:00Z,Tampa Bay Buccaneers,Green Bay Packers,Green Bay Packers @ Tampa Bay Buccaneers,betrivers,BetRivers,player_receptions,receptions,Emeka Egbuka,over,110,3.5,2026-09-30T18:55:10Z,emekaegbuka,emekaegbuka,3.5,3.7473490570905934,1.7497696091503434,,False,,0.4761904761904761,0.5562075907066495,0.0,0.5408805031446541,"{""version"":""nfl-calibration-trace-1"",""artifact_sha256"":""7c54bf5c44243e81b12bb6e72819cc44261a6c13e823cadd48cc848089163716"",""fitted_season"":2025,""fitted_weeks"":[4,5,6,7,9,10,11,12,14],""total_graded_rows"":12904,""market_sample_size"":null,""tail_sample_size"":null,""curve"":""market_specific"",""raw_probability"":0.556208,""fitted_raw_range"":[0.000771,0.999229],""outside_fitted_range"":false,""endpoint_probabilities"":[0.166667,0.833333],""limitation"":""Endpoint clipping is not held-out evidence; total rows are not independent games or tail sample size.""}",Calibration fitted; not prospectively validated,646.9002695417792,13.584905660377355,2026-09-30T18:55:46.584610+00:00,2026,4,over,,0.4537429043342889,3,3.5,2026_04_GB_TB,2.0,graded,loss,-1.0,0.0,0.29255171868201413,0.20588262323371562,1.7473490570905934,1.5
99a9bae4dc0dc2590496bd3102b211f2,2026-10-04T17:00:00Z,Tampa Bay Buccaneers,Green Bay Packers,Green Bay Packers @ Tampa Bay Buccaneers,betonlineag,BetOnline.ag,player_reception_yds,recv_yds,Emeka Egbuka,over,-114,36.5,2026-09-30T18:55:12Z,emekaegbuka,emekaegbuka,36.5,46.855944811311495,30.81559625836168,,False,,0.5327102803738317,0.6315878687916755,0.0,0.5010141987829615,"{""version"":""nfl-calibration-trace-1"",""artifact_sha256"":""7c54bf5c44243e81b12bb6e72819cc44261a6c13e823cadd48cc848089163716"",""fitted_season"":2025,""fitted_weeks"":[4,5,6,7,9,10,11,12,14],""total_graded_rows"":12904,""market_sample_size"":null,""tail_sample_size"":null,""curve"":""market_specific"",""raw_probability"":0.631588,""fitted_raw_range"":[0.012265,0.987735],""outside_fitted_range"":false,""endpoint_probabilities"":[0.483696,0.516304],""limitation"":""Endpoint clipping is not held-out evidence; total rows are not independent games or tail sample size.""}",Calibration fitted; not prospectively validated,-316.9608159087023,-5.94996619337389,2026-09-30T18:55:46.584610+00:00,2026,4,over,0.5,0.5,3,36.5,2026_04_GB_TB,13.0,graded,loss,-1.0,0.0,0.25101522738213283,0.25,33.855944811311495,23.5
99a9bae4dc0dc2590496bd3102b211f2,2026-10-04T17:00:00Z,Tampa Bay Buccaneers,Green Bay Packers,Green Bay Packers @ Tampa Bay Buccaneers,draftkings,DraftKings,player_pass_attempts,pass_attempts,Jalon Daniels,over,-120,27.5,2026-09-30T18:53:59Z,jalondaniels,jalondaniels,27.5,22.351856520468186,13.388878691074751,,False,"{""version"":""nfl-projection-trace-1"",""current_sample"":[{""season"":2026,""week"":3,""attempts"":3,""completions"":0,""passing_yards"":0}],""recent_mean_weight"":0.2,""yards_per_completion_recent_weight"":0.0,""career_baselines"":{""attempts"":{""mean"":27.802292,""games"":0,""position_pool_mean"":27.802292},""yards_per_completion"":{""mean"":10.957484,""games"":0,""position_pool_mean"":10.957484}},""attempts"":22.841834,""completion_rate"":0.5,""yards_per_completion"":10.957484,""limitations"":[""Appearance totals do not distinguish partial games from normal starter workloads."",""Completion rate uses recent games without career shrinkage."",""Variance omits completion-rate uncertainty and dependence among components.""],""mean_stages"":{""before_adjustments"":22.841834,""after_defense"":22.351857,""after_venue"":22.351857,""final"":22.351857}}",0.5454545454545454,0.3503006375832247,0.0,0.3636363636363636,"{""version"":""nfl-calibration-trace-1"",""artifact_sha256"":""7c54bf5c44243e81b12bb6e72819cc44261a6c13e823cadd48cc848089163716"",""fitted_season"":2025,""fitted_weeks"":[4,5,6,7,9,10,11,12,14],""total_graded_rows"":12904,""market_sample_size"":null,""tail_sample_size"":null,""curve"":""market_specific"",""raw_probability"":0.350301,""fitted_raw_range"":[0.187653,0.812347],""outside_fitted_range"":false,""endpoint_probabilities"":[0.02,0.98],""limitation"":""Endpoint clipping is not held-out evidence; total rows are not independent games or tail sample size.""}",Calibration fitted; not prospectively validated,-1818.1818181818176,-33.33333333333333,2026-09-30T18:55:46.584610+00:00,2026,4,over,0.5145711906744379,0.5145711906744379,1,27.5,2026_04_GB_TB,27.0,graded,loss,-1.0,0.0,0.13223140495867766,0.2647835102721087,4.648143479531814,0.5
99a9bae4dc0dc2590496bd3102b211f2,2026-10-04T17:00:00Z,Tampa Bay Buccaneers,Green Bay Packers,Green Bay Packers @ Tampa Bay Buccaneers,fanduel,FanDuel,player_pass_tds,pass_tds,Jalon Daniels,over,-182,0.5,2026-09-30T18:55:31Z,jalondaniels,jalondaniels,0.5,0.0106,,0.0106,False,,0.6453900709219859,0.0105440179777478,0.0,0.4421052631578947,"{""version"":""nfl-calibration-trace-1"",""artifact_sha256"":""7c54bf5c44243e81b12bb6e72819cc44261a6c13e823cadd48cc848089163716"",""fitted_season"":2025,""fitted_weeks"":[4,5,6,7,9,10,11,12,14],""total_graded_rows"":12904,""market_sample_size"":null,""tail_sample_size"":null,""curve"":""pooled"",""raw_probability"":0.010544,""fitted_raw_range"":[4.8e-05,0.999952],""outside_fitted_range"":false,""endpoint_probabilities"":[0.25,0.75],""limitation"":""Endpoint clipping is not held-out evidence; total rows are not independent games or tail sample size.""}",Calibration fitted; not prospectively validated,-2032.8480776409112,-31.49797570850204,2026-09-30T18:55:46.584610+00:00,2026,4,over,0.6036653923993704,0.6198744267889518,4,0.5,2026_04_GB_TB,1.0,graded,win,0.5494505494505495,1.0,0.31124653739612185,0.14449545140902798,0.9894,0.5
99a9bae4dc0dc2590496bd3102b211f2,2026-10-04T17:00:00Z,Tampa Bay Buccaneers,Green Bay Packers,Green Bay Packers @ Tampa Bay Buccaneers,betonlineag,BetOnline.ag,player_pass_yds,pass_yds,Jalon Daniels,over,-114,170.5,2026-09-30T18:55:12Z,jalondaniels,jalondaniels,170.5,129.80766237057125,80.96157629617899,,False,"{""version"":""nfl-projection-trace-1"",""current_sample"":[{""season"":2026,""week"":3,""attempts"":3,""completions"":0,""passing_yards"":0}],""recent_mean_weight"":0.2,""yards_per_completion_recent_weight"":0.0,""career_baselines"":{""attempts"":{""mean"":27.802292,""games"":0,""position_pool_mean"":27.802292},""yards_per_completion"":{""mean"":10.957484,""games"":0,""position_pool_mean"":10.957484}},""attempts"":22.841834,""completion_rate"":0.5,""yards_per_completion"":10.957484,""limitations"":[""Appearance totals do not distinguish partial games from normal starter workloads."",""Completion rate uses recent games without career shrinkage."",""Variance omits completion-rate uncertainty and dependence among components.""],""mean_stages"":{""before_adjustments"":125.144518,""after_defense"":122.460059,""after_venue"":129.807662,""final"":129.807662}}",0.5327102803738317,0.3076182073054915,0.0,0.4999999999999999,"{""version"":""nfl-calibration-trace-1"",""artifact_sha256"":""7c54bf5c44243e81b12bb6e72819cc44261a6c13e823cadd48cc848089163716"",""fitted_season"":2025,""fitted_weeks"":[4,5,6,7,9,10,11,12,14],""total_graded_rows"":12904,""market_sample_size"":null,""tail_sample_size"":null,""curve"":""market_specific"",""raw_probability"":0.307618,""fitted_raw_range"":[0.092856,0.907144],""outside_fitted_range"":false,""endpoint_probabilities"":[0.02,0.98],""limitation"":""Endpoint clipping is not held-out evidence; total rows are not independent games or tail sample size.""}",Calibration fitted; not prospectively validated,-327.1028037383178,-6.140350877192979,2026-09-30T18:55:46.584610+00:00,2026,4,over,0.5,0.5,2,170.5,2026_04_GB_TB,148.0,graded,loss,-1.0,0.0,0.2499999999999999,0.25,18.19233762942875,22.5
99a9bae4dc0dc2590496bd3102b211f2,2026-10-04T17:00:00Z,Tampa Bay Buccaneers,Green Bay Packers,Green Bay Packers @ Tampa Bay Buccaneers,draftkings,DraftKings,player_rush_attempts,rush_attempts,Jalon Daniels,over,107,7.5,2026-09-30T18:53:59Z,jalondaniels,jalondaniels,7.5,5.829980157696996,6.994571189748289,,False,,0.4830917874396135,0.4056460646537382,0.0,0.4915254237288136,"{""version"":""nfl-calibration-trace-1"",""artifact_sha256"":""7c54bf5c44243e81b12bb6e72819cc44261a6c13e823cadd48cc848089163716"",""fitted_season"":2025,""fitted_weeks"":[4,5,6,7,9,10,11,12,14],""total_graded_rows"":12904,""market_sample_size"":null,""tail_sample_size"":null,""curve"":""market_specific"",""raw_probability"":0.405646,""fitted_raw_range"":[4.8e-05,0.999952],""outside_fitted_range"":false,""endpoint_probabilities"":[0.405405,0.594595],""limitation"":""Endpoint clipping is not held-out evidence; total rows are not independent games or tail sample size.""}",Calibration fitted; not prospectively validated,84.33636289200075,1.745762711864418,2026-09-30T18:55:46.584610+00:00,2026,4,over,0.4552526940586642,0.4552526940586642,1,7.5,2026_04_GB_TB,8.0,graded,win,1.07,1.0,0.2585463947141626,0.2967496273303433,2.170019842303004,0.5
99a9bae4dc0dc2590496bd3102b211f2,2026-10-04T17:00:00Z,Tampa Bay Buccaneers,Green Bay Packers,Green Bay Packers @ Tampa Bay Buccaneers,betrivers,BetRivers,player_rush_yds,rush_yds,Jalon Daniels,over,-113,37.5,2026-09-30T18:55:10Z,jalondaniels,jalondaniels,37.5,30.224106842726982,37.740396284910034,,False,,0.5305164319248826,0.4235625254073845,0.0,0.4999999999999998,"{""version"":""nfl-calibration-trace-1"",""artifact_sha256"":""7c54bf5c44243e81b12bb6e72819cc44261a6c13e823cadd48cc848089163716"",""fitted_season"":2025,""fitted_weeks"":[4,5,6,7,9,10,11,12,14],""total_graded_rows"":12904,""market_sample_size"":null,""tail_sample_size"":null,""curve"":""market_specific"",""raw_probability"":0.423563,""fitted_raw_range"":[0.000122,0.999878],""outside_fitted_range"":false,""endpoint_probabilities"":[0.02,0.98],""limitation"":""Endpoint clipping is not held-out evidence; total rows are not independent games or tail sample size.""}",Calibration fitted; not prospectively validated,-305.16431924882846,-5.752212389380573,2026-09-30T18:55:46.584610+00:00,2026,4,over,0.4949766918501849,0.4995944958829694,2,37.0,2026_04_GB_TB,55.0,graded,win,0.8849557522123894,1.0,0.2500000000000002,0.25040566855061946,24.775893157273018,17.5
99a9bae4dc0dc2590496bd3102b211f2,2026-10-04T17:00:00Z,Tampa Bay Buccaneers,Green Bay Packers,Green Bay Packers @ Tampa Bay Buccaneers,draftkings,DraftKings,player_pass_attempts,pass_attempts,Jordan Love,over,-108,35.5,2026-09-30T18:53:59Z,jordanlove,jordanlove,35.5,35.02534306962101,11.344947271501184,,False,"{""version"":""nfl-projection-trace-1"",""current_sample"":[{""season"":2026,""week"":1,""attempts"":42,""completions"":21,""passing_yards"":387},{""season"":2026,""week"":2,""attempts"":29,""completions"":16,""passing_yards"":145},{""season"":2026,""week"":3,""attempts"":53,""completions"":28,""passing_yards"":312}],""recent_mean_weight"":0.428571,""yards_per_completion_recent_weight"":0.428571,""career_baselines"":{""attempts"":{""mean"":28.349528,""games"":61,""position_pool_mean"":27.802292},""yards_per_completion"":{""mean"":11.549393,""games"":59,""position_pool_mean"":10.957484}},""attempts"":35.793137,""completion_rate"":0.531405,""yards_per_completion"":11.466804,""limitations"":[""Appearance totals do not distinguish partial games from normal starter workloads."",""Completion rate uses recent games without career shrinkage."",""Variance omits completion-rate uncertainty and dependence among components.""],""mean_stages"":{""before_adjustments"":35.793137,""after_defense"":35.025343,""after_venue"":35.025343,""final"":35.025343}}",0.5192307692307693,0.4833136740840503,0.0,0.5,"{""version"":""nfl-calibration-trace-1"",""artifact_sha256"":""7c54bf5c44243e81b12bb6e72819cc44261a6c13e823cadd48cc848089163716"",""fitted_season"":2025,""fitted_weeks"":[4,5,6,7,9,10,11,12,14],""total_graded_rows"":12904,""market_sample_size"":null,""tail_sample_size"":null,""curve"":""market_specific"",""raw_probability"":0.483314,""fitted_raw_range"":[0.187653,0.812347],""outside_fitted_range"":false,""endpoint_probabilities"":[0.02,0.98],""limitation"":""Endpoint clipping is not held-out evidence; total rows are not independent games or tail sample size.""}",Calibration fitted; not prospectively validated,-192.30769230769275,-3.703703703703709,2026-09-30T18:55:46.584610+00:00,2026,4,over,0.4896023956080519,0.4896023956080519,1,35.5,2026_04_GB_TB,30.0,graded,loss,-1.0,0.0,0.25,0.23971050578514336,5.025343069621009,5.5
99a9bae4dc0dc2590496bd3102b211f2,2026-10-04T17:00:00Z,Tampa Bay Buccaneers,Green Bay Packers,Green Bay Packers @ Tampa Bay Buccaneers,draftkings,DraftKings,player_pass_completions,pass_completions,Jordan Love,over,-108,21.5,2026-09-30T18:53:59Z,jordanlove,jordanlove,21.5,18.61263664047024,6.028759828276842,,False,"{""version"":""nfl-projection-trace-1"",""current_sample"":[{""season"":2026,""week"":1,""attempts"":42,""completions"":21,""passing_yards"":387},{""season"":2026,""week"":2,""attempts"":29,""completions"":16,""passing_yards"":145},{""season"":2026,""week"":3,""attempts"":53,""completions"":28,""passing_yards"":312}],""recent_mean_weight"":0.428571,""yards_per_completion_recent_weight"":0.428571,""career_baselines"":{""attempts"":{""mean"":28.349528,""games"":61,""position_pool_mean"":27.802292},""yards_per_completion"":{""mean"":11.549393,""games"":59,""position_pool_mean"":10.957484}},""attempts"":35.793137,""completion_rate"":0.531405,""yards_per_completion"":11.466804,""limitations"":[""Appearance totals do not distinguish partial games from normal starter workloads."",""Completion rate uses recent games without career shrinkage."",""Variance omits completion-rate uncertainty and dependence among components.""],""mean_stages"":{""before_adjustments"":19.020646,""after_defense"":18.612637,""after_venue"":18.612637,""final"":18.612637}}",0.5192307692307693,0.3159936584460973,0.0,0.5000000000000001,"{""version"":""nfl-calibration-trace-1"",""artifact_sha256"":""7c54bf5c44243e81b12bb6e72819cc44261a6c13e823cadd48cc848089163716"",""fitted_season"":2025,""fitted_weeks"":[4,5,6,7,9,10,11,12,14],""total_graded_rows"":12904,""market_sample_size"":null,""tail_sample_size"":null,""curve"":""market_specific"",""raw_probability"":0.315994,""fitted_raw_range"":[0.026155,0.973845],""outside_fitted_range"":false,""endpoint_probabilities"":[0.457143,0.542857],""limitation"":""Endpoint clipping is not held-out evidence; total rows are not independent games or tail sample size.""}",Calibration fitted; not prospectively validated,-192.30769230769164,-3.703703703703687,2026-09-30T18:55:46.584610+00:00,2026,4,over,0.4896023956080519,0.4896023956080519,1,21.5,2026_04_GB_TB,22.0,graded,win,0.9259259259259259,1.0,0.2499999999999999,0.2605057145690395,3.387363359529761,0.5
99a9bae4dc0dc2590496bd3102b211f2,2026-10-04T17:00:00Z,Tampa Bay Buccaneers,Green Bay Packers,Green Bay Packers @ Tampa Bay Buccaneers,fanduel,FanDuel,player_pass_tds,pass_tds,Jordan Love,over,116,1.5,2026-09-30T18:55:31Z,jordanlove,jordanlove,1.5,1.88,,1.88,False,,0.4629629629629629,0.5605404954201741,0.0,0.5000000000000001,"{""version"":""nfl-calibration-trace-1"",""artifact_sha256"":""7c54bf5c44243e81b12bb6e72819cc44261a6c13e823cadd48cc848089163716"",""fitted_season"":2025,""fitted_weeks"":[4,5,6,7,9,10,11,12,14],""total_graded_rows"":12904,""market_sample_size"":null,""tail_sample_size"":null,""curve"":""pooled"",""raw_probability"":0.56054,""fitted_raw_range"":[4.8e-05,0.999952],""outside_fitted_range"":false,""endpoint_probabilities"":[0.25,0.75],""limitation"":""Endpoint clipping is not held-out evidence; total rows are not independent games or tail sample size.""}",Calibration fitted; not prospectively validated,370.37037037037146,8.000000000000028,2026-09-30T18:55:46.584610+00:00,2026,4,over,0.4329742261011864,0.4563455526185081,4,1.5,2026_04_GB_TB,2.0,graded,win,1.16,1.0,0.2499999999999999,0.2955601581576754,0.1200000000000001,0.5
99a9bae4dc0dc2590496bd3102b211f2,2026-10-04T17:00:00Z,Tampa Bay Buccaneers,Green Bay Packers,Green Bay Packers @ Tampa Bay Buccaneers,draftkings,DraftKings,player_pass_yds,pass_yds,Jordan Love,over,-113,247.5,2026-09-30T18:53:59Z,jordanlove,jordanlove,247.5,200.6218062424124,87.67846307309354,,False,"{""version"":""nfl-projection-trace-1"",""current_sample"":[{""season"":2026,""week"":1,""attempts"":42,""completions"":21,""passing_yards"":387},{""season"":2026,""week"":2,""attempts"":29,""completions"":16,""passing_yards"":145},{""season"":2026,""week"":3,""attempts"":53,""completions"":28,""passing_yards"":312}],""recent_mean_weight"":0.428571,""yards_per_completion_recent_weight"":0.428571,""career_baselines"":{""attempts"":{""mean"":28.349528,""games"":61,""position_pool_mean"":27.802292},""yards_per_completion"":{""mean"":11.549393,""games"":59,""position_pool_mean"":10.957484}},""attempts"":35.793137,""completion_rate"":0.531405,""yards_per_completion"":11.466804,""limitations"":[""Appearance totals do not distinguish partial games from normal starter workloads."",""Completion rate uses recent games without career shrinkage."",""Variance omits completion-rate uncertainty and dependence among components.""],""mean_stages"":{""before_adjustments"":218.106018,""after_defense"":213.427453,""after_venue"":200.621806,""final"":200.621806}}",0.5305164319248826,0.2964423876834119,0.0,0.4999999999999999,"{""version"":""nfl-calibration-trace-1"",""artifact_sha256"":""7c54bf5c44243e81b12bb6e72819cc44261a6c13e823cadd48cc848089163716"",""fitted_season"":2025,""fitted_weeks"":[4,5,6,7,9,10,11,12,14],""total_graded_rows"":12904,""market_sample_size"":null,""tail_sample_size"":null,""curve"":""market_specific"",""raw_probability"":0.296442,""fitted_raw_range"":[0.092856,0.907144],""outside_fitted_range"":false,""endpoint_probabilities"":[0.02,0.98],""limitation"":""Endpoint clipping is not held-out evidence; total rows are not independent games or tail sample size.""}",Calibration fitted; not prospectively validated,-305.1643192488268,-5.75221238938054,2026-09-30T18:55:46.584610+00:00,2026,4,over,0.5021058838394474,0.5036328147835889,2,247.0,2026_04_GB_TB,197.0,graded,loss,-1.0,0.0,0.2499999999999999,0.25364601212684074,3.62180624241239,50.5
99a9bae4dc0dc2590496bd3102b211f2,2026-10-04T17:00:00Z,Tampa Bay Buccaneers,Green Bay Packers,Green Bay Packers @ Tampa Bay Buccaneers,betrivers,BetRivers,player_rush_yds,rush_yds,Jordan Love,over,-112,4.5,2026-09-30T18:55:10Z,jordanlove,jordanlove,4.5,6.678323301113628,9.657759342455154,,False,,0.5283018867924528,0.5892249150530472,0.0,0.4999999999999998,"{""version"":""nfl-calibration-trace-1"",""artifact_sha256"":""7c54bf5c44243e81b12bb6e72819cc44261a6c13e823cadd48cc848089163716"",""fitted_season"":2025,""fitted_weeks"":[4,5,6,7,9,10,11,12,14],""total_graded_rows"":12904,""market_sample_size"":null,""tail_sample_size"":null,""curve"":""market_specific"",""raw_probability"":0.589225,""fitted_raw_range"":[0.000122,0.999878],""outside_fitted_range"":false,""endpoint_probabilities"":[0.02,0.98],""limitation"":""Endpoint clipping is not held-out evidence; total rows are not independent games or tail sample size.""}",Calibration fitted; not prospectively validated,-283.01886792453047,-5.357142857142893,2026-09-30T18:55:46.584610+00:00,2026,4,over,0.4920127795527157,0.5,3,4.5,2026_04_GB_TB,-8.0,graded,loss,-1.0,0.0,0.24999999999999978,0.25,14.678323301113629,12.5
99a9bae4dc0dc2590496bd3102b211f2,2026-10-04T17:00:00Z,Tampa Bay Buccaneers,Green Bay Packers,Green Bay Packers @ Tampa Bay Buccaneers,draftkings,DraftKings,player_rush_attempts,rush_attempts,Kaleb Johnson,over,-107,8.5,2026-09-30T18:53:59Z,kalebjohnson,kalebjohnson,8.5,5.137724692572381,4.983312851229729,,False,,0.5169082125603864,0.2499310163929759,0.0,0.4473684210526316,"{""version"":""nfl-calibration-trace-1"",""artifact_sha256"":""7c54bf5c44243e81b12bb6e72819cc44261a6c13e823cadd48cc848089163716"",""fitted_season"":2025,""fitted_weeks"":[4,5,6,7,9,10,11,12,14],""total_graded_rows"":12904,""market_sample_size"":null,""tail_sample_size"":null,""curve"":""market_specific"",""raw_probability"":0.249931,""fitted_raw_range"":[4.8e-05,0.999952],""outside_fitted_range"":false,""endpoint_probabilities"":[0.405405,0.594595],""limitation"":""Endpoint clipping is not held-out evidence; total rows are not independent games or tail sample size.""}",Calibration fitted; not prospectively validated,-695.3979150775485,-13.453025086079684,2026-09-30T18:55:46.584610+00:00,2026,4,over,0.487517163899638,0.487517163899638,1,8.5,2026_04_GB_TB,8.0,graded,loss,-1.0,0.0,0.20013850415512466,0.2376729850967465,2.862275307427619,0.5
99a9bae4dc0dc2590496bd3102b211f2,2026-10-04T17:00:00Z,Tampa Bay Buccaneers,Green Bay Packers,Green Bay Packers @ Tampa Bay Buccaneers,draftkings,DraftKings,player_rush_yds,rush_yds,Kaleb Johnson,over,-114,29.5,2026-09-30T18:53:59Z,kalebjohnson,kalebjohnson,29.5,16.021428654042314,19.64330593588745,,False,,0.5327102803738317,0.2463041745921273,0.0,0.4352331606217616,"{""version"":""nfl-calibration-trace-1"",""artifact_sha256"":""7c54bf5c44243e81b12bb6e72819cc44261a6c13e823cadd48cc848089163716"",""fitted_season"":2025,""fitted_weeks"":[4,5,6,7,9,10,11,12,14],""total_graded_rows"":12904,""market_sample_size"":null,""tail_sample_size"":null,""curve"":""market_specific"",""raw_probability"":0.246304,""fitted_raw_range"":[0.000122,0.999878],""outside_fitted_range"":false,""endpoint_probabilities"":[0.02,0.98],""limitation"":""Endpoint clipping is not held-out evidence; total rows are not independent games or tail sample size.""}",Calibration fitted; not prospectively validated,-974.7711975207008,-18.29833651486228,2026-09-30T18:55:46.584610+00:00,2026,4,over,0.5042122999157539,0.5030953363598845,3,29.5,2026_04_GB_TB,42.0,graded,win,0.8771929824561403,1.0,0.3189615828612849,0.24691424474729637,25.978571345957686,12.5
99a9bae4dc0dc2590496bd3102b211f2,2026-10-04T17:00:00Z,Tampa Bay Buccaneers,Green Bay Packers,Green Bay Packers @ Tampa Bay Buccaneers,draftkings,DraftKings,player_rush_attempts,rush_attempts,MarShawn Lloyd,over,101,8.5,2026-09-30T18:53:59Z,marshawnlloyd,marshawnlloyd,8.5,5.920326589869852,5.822391177167143,,False,,0.4975124378109453,0.3288608717081267,0.0,0.4915254237288136,"{""version"":""nfl-calibration-trace-1"",""artifact_sha256"":""7c54bf5c44243e81b12bb6e72819cc44261a6c13e823cadd48cc848089163716"",""fitted_season"":2025,""fitted_weeks"":[4,5,6,7,9,10,11,12,14],""total_graded_rows"":12904,""market_sample_size"":null,""tail_sample_size"":null,""curve"":""market_specific"",""raw_probability"":0.328861,""fitted_raw_range"":[4.8e-05,0.999952],""outside_fitted_range"":false,""endpoint_probabilities"":[0.405405,0.594595],""limitation"":""Endpoint clipping is not held-out evidence; total rows are not independent games or tail sample size.""}",Calibration fitted; not prospectively validated,-59.87014082131703,-1.2033898305084725,2026-09-30T18:55:46.584610+00:00,2026,4,over,0.468983595813963,0.468983595813963,1,8.5,2026_04_GB_TB,7.0,graded,loss,-1.0,0.0,0.24159724217178974,0.2199456131425946,1.0796734101301482,1.5
99a9bae4dc0dc2590496bd3102b211f2,2026-10-04T17:00:00Z,Tampa Bay Buccaneers,Green Bay Packers,Green Bay Packers @ Tampa Bay Buccaneers,draftkings,DraftKings,player_rush_yds,rush_yds,MarShawn Lloyd,over,-108,24.5,2026-09-30T18:53:59Z,marshawnlloyd,marshawnlloyd,24.5,20.707907889538884,24.706506619081186,,False,,0.5192307692307693,0.4390076867192768,0.0,0.4999999999999998,"{""version"":""nfl-calibration-trace-1"",""artifact_sha256"":""7c54bf5c44243e81b12bb6e72819cc44261a6c13e823cadd48cc848089163716"",""fitted_season"":2025,""fitted_weeks"":[4,5,6,7,9,10,11,12,14],""total_graded_rows"":12904,""market_sample_size"":null,""tail_sample_size"":null,""curve"":""market_specific"",""raw_probability"":0.439008,""fitted_raw_range"":[0.000122,0.999878],""outside_fitted_range"":false,""endpoint_probabilities"":[0.02,0.98],""limitation"":""Endpoint clipping is not held-out evidence; total rows are not independent games or tail sample size.""}",Calibration fitted; not prospectively validated,-192.30769230769496,-3.7037037037037535,2026-09-30T18:55:46.584610+00:00,2026,4,over,0.4915711395819285,0.4915711395819285,1,25.0,2026_04_GB_TB,13.0,graded,loss,-1.0,0.0,0.24999999999999978,0.24164218526987583,7.707907889538884,11.5
99a9bae4dc0dc2590496bd3102b211f2,2026-10-04T17:00:00Z,Tampa Bay Buccaneers,Green Bay Packers,Green Bay Packers @ Tampa Bay Buccaneers,betonlineag,BetOnline.ag,player_receptions,receptions,Matthew Golden,over,-105,4.5,2026-09-30T18:55:12Z,matthewgolden,matthewgolden,4.5,3.1983140326530326,1.4448604756948769,,False,,0.5121951219512195,0.1838186911824177,0.0,0.4210526315789473,"{""version"":""nfl-calibration-trace-1"",""artifact_sha256"":""7c54bf5c44243e81b12bb6e72819cc44261a6c13e823cadd48cc848089163716"",""fitted_season"":2025,""fitted_weeks"":[4,5,6,7,9,10,11,12,14],""total_graded_rows"":12904,""market_sample_size"":null,""tail_sample_size"":null,""curve"":""market_specific"",""raw_probability"":0.183819,""fitted_raw_range"":[0.000771,0.999229],""outside_fitted_range"":false,""endpoint_probabilities"":[0.166667,0.833333],""limitation"":""Endpoint clipping is not held-out evidence; total rows are not independent games or tail sample size.""}",Calibration fitted; not prospectively validated,-911.4249037227218,-17.794486215538853,2026-09-30T18:55:46.584610+00:00,2026,4,over,0.4814929056138186,0.485428809325562,3,4.5,2026_04_GB_TB,3.0,graded,loss,-1.0,0.0,0.17728531855955673,0.2356411289232328,0.1983140326530326,1.5
99a9bae4dc0dc2590496bd3102b211f2,2026-10-04T17:00:00Z,Tampa Bay Buccaneers,Green Bay Packers,Green Bay Packers @ Tampa Bay Buccaneers,fanduel,FanDuel,player_reception_yds,recv_yds,Matthew Golden,over,-114,57.5,2026-09-30T18:55:31Z,matthewgolden,matthewgolden,57.5,46.8343611141141,29.75582464897313,,False,,0.5327102803738317,0.3600075200175024,0.0,0.4989858012170386,"{""version"":""nfl-calibration-trace-1"",""artifact_sha256"":""7c54bf5c44243e81b12bb6e72819cc44261a6c13e823cadd48cc848089163716"",""fitted_season"":2025,""fitted_weeks"":[4,5,6,7,9,10,11,12,14],""total_graded_rows"":12904,""market_sample_size"":null,""tail_sample_size"":null,""curve"":""market_specific"",""raw_probability"":0.360008,""fitted_raw_range"":[0.012265,0.987735],""outside_fitted_range"":false,""endpoint_probabilities"":[0.483696,0.516304],""limitation"":""Endpoint clipping is not held-out evidence; total rows are not independent games or tail sample size.""}",Calibration fitted; not prospectively validated,-337.2447915679305,-6.330735561012036,2026-09-30T18:55:46.584610+00:00,2026,4,over,0.5,0.5,3,57.5,2026_04_GB_TB,21.0,graded,loss,-1.0,0.0,0.24898682981620998,0.25,25.834361114114103,36.5
99a9bae4dc0dc2590496bd3102b211f2,2026-10-04T17:00:00Z,Tampa Bay Buccaneers,Green Bay Packers,Green Bay Packers @ Tampa Bay Buccaneers,betonlineag,BetOnline.ag,player_receptions,receptions,Tucker Kraft,over,-141,3.5,2026-09-30T18:55:12Z,tuckerkraft,tuckerkraft,3.5,2.521199025574927,1.358479872527982,,False,,0.5850622406639004,0.2356049240904748,0.0,0.4524271844660194,"{""version"":""nfl-calibration-trace-1"",""artifact_sha256"":""7c54bf5c44243e81b12bb6e72819cc44261a6c13e823cadd48cc848089163716"",""fitted_season"":2025,""fitted_weeks"":[4,5,6,7,9,10,11,12,14],""total_graded_rows"":12904,""market_sample_size"":null,""tail_sample_size"":null,""curve"":""market_specific"",""raw_probability"":0.235605,""fitted_raw_range"":[0.000771,0.999229],""outside_fitted_range"":false,""endpoint_probabilities"":[0.166667,0.833333],""limitation"":""Endpoint clipping is not held-out evidence; total rows are not independent games or tail sample size.""}",Calibration fitted; not prospectively validated,-1326.3505619788102,-22.670247194105908,2026-09-30T18:55:46.584610+00:00,2026,4,over,0.548925656958898,0.5548317046688382,3,3.5,2026_04_GB_TB,6.0,graded,win,0.7092198581560284,1.0,0.29983598831181063,0.19817481116805247,3.478800974425073,2.5
99a9bae4dc0dc2590496bd3102b211f2,2026-10-04T17:00:00Z,Tampa Bay Buccaneers,Green Bay Packers,Green Bay Packers @ Tampa Bay Buccaneers,betonlineag,BetOnline.ag,player_reception_yds,recv_yds,Tucker Kraft,over,-114,39.5,2026-09-30T18:55:12Z,tuckerkraft,tuckerkraft,39.5,24.88104792858282,20.448733972057497,,False,,0.5327102803738317,0.2373331194621783,0.0,0.4836956521739131,"{""version"":""nfl-calibration-trace-1"",""artifact_sha256"":""7c54bf5c44243e81b12bb6e72819cc44261a6c13e823cadd48cc848089163716"",""fitted_season"":2025,""fitted_weeks"":[4,5,6,7,9,10,11,12,14],""total_graded_rows"":12904,""market_sample_size"":null,""tail_sample_size"":null,""curve"":""market_specific"",""raw_probability"":0.237333,""fitted_raw_range"":[0.012265,0.987735],""outside_fitted_range"":false,""endpoint_probabilities"":[0.483696,0.516304],""limitation"":""Endpoint clipping is not held-out evidence; total rows are not independent games or tail sample size.""}",Calibration fitted; not prospectively validated,-490.1462819991859,-9.2009916094584,2026-09-30T18:55:46.584610+00:00,2026,4,over,0.5,0.5,3,39.5,2026_04_GB_TB,42.0,graded,win,0.8771929824561403,1.0,0.26657017958412094,0.25,17.11895207141718,2.5
a73a76599a4f3422803e57bd8f61b626,2026-10-05T00:20:00Z,Carolina Panthers,Detroit Lions,Detroit Lions @ Carolina Panthers,betonlineag,BetOnline.ag,player_receptions,receptions,Amon-Ra St. Brown,over,-139,6.5,2026-09-30T18:54:34Z,amonrastbrown,amonrastbrown,6.5,4.381412853417366,1.9194768813509675,,False,,0.5815899581589958,0.1348548079634217,0.0,0.4210526315789473,"{""version"":""nfl-calibration-trace-1"",""artifact_sha256"":""7c54bf5c44243e81b12bb6e72819cc44261a6c13e823cadd48cc848089163716"",""fitted_season"":2025,""fitted_weeks"":[4,5,6,7,9,10,11,12,14],""total_graded_rows"":12904,""market_sample_size"":null,""tail_sample_size"":null,""curve"":""market_specific"",""raw_probability"":0.134855,""fitted_raw_range"":[0.000771,0.999229],""outside_fitted_range"":false,""endpoint_probabilities"":[0.166667,0.833333],""limitation"":""Endpoint clipping is not held-out evidence; total rows are not independent games or tail sample size.""}",Calibration fitted; not prospectively validated,-1605.373265800485,-27.60318061340402,2026-09-30T18:55:46.584610+00:00,2026,4,over,0.5462570956657111,0.5523937144520523,2,6.5,2026_04_DET_CAR,8.0,graded,win,0.7194244604316546,1.0,0.33518005540166207,0.20035138686203088,3.618587146582634,1.5
a73a76599a4f3422803e57bd8f61b626,2026-10-05T00:20:00Z,Carolina Panthers,Detroit Lions,Detroit Lions @ Carolina Panthers,betrivers,BetRivers,player_reception_yds,recv_yds,Amon-Ra St. Brown,over,-114,77.5,2026-09-30T18:54:33Z,amonrastbrown,amonrastbrown,77.5,43.20033220517391,31.85578350732421,,False,,0.5327102803738317,0.1408033285542345,0.0,0.4836956521739131,"{""version"":""nfl-calibration-trace-1"",""artifact_sha256"":""7c54bf5c44243e81b12bb6e72819cc44261a6c13e823cadd48cc848089163716"",""fitted_season"":2025,""fitted_weeks"":[4,5,6,7,9,10,11,12,14],""total_graded_rows"":12904,""market_sample_size"":null,""tail_sample_size"":null,""curve"":""market_specific"",""raw_probability"":0.140803,""fitted_raw_range"":[0.012265,0.987735],""outside_fitted_range"":false,""endpoint_probabilities"":[0.483696,0.516304],""limitation"":""Endpoint clipping is not held-out evidence; total rows are not independent games or tail sample size.""}",Calibration fitted; not prospectively validated,-490.1462819991859,-9.2009916094584,2026-09-30T18:55:46.584610+00:00,2026,4,over,0.4969864995178399,0.5,3,77.5,2026_04_DET_CAR,75.0,graded,loss,-1.0,0.0,0.2339614839319471,0.25,31.799667794826092,2.5
a73a76599a4f3422803e57bd8f61b626,2026-10-05T00:20:00Z,Carolina Panthers,Detroit Lions,Detroit Lions @ Carolina Panthers,draftkings,DraftKings,player_pass_attempts,pass_attempts,Bryce Young,over,-103,35.5,2026-09-30T18:54:33Z,bryceyoung,bryceyoung,35.5,32.34348585905705,9.619644781784276,,False,"{""version"":""nfl-projection-trace-1"",""current_sample"":[{""season"":2026,""week"":1,""attempts"":37,""completions"":23,""passing_yards"":361},{""season"":2026,""week"":2,""attempts"":36,""completions"":23,""passing_yards"":287},{""season"":2026,""week"":3,""attempts"":48,""completions"":26,""passing_yards"":291}],""recent_mean_weight"":0.428571,""yards_per_completion_recent_weight"":0.428571,""career_baselines"":{""attempts"":{""mean"":29.099641,""games"":47,""position_pool_mean"":27.802292},""yards_per_completion"":{""mean"":10.240705,""games"":47,""position_pool_mean"":10.957484}},""attempts"":35.397597,""completion_rate"":0.574796,""yards_per_completion"":10.987798,""limitations"":[""Appearance totals do not distinguish partial games from normal starter workloads."",""Completion rate uses recent games without career shrinkage."",""Variance omits completion-rate uncertainty and dependence among components.""],""mean_stages"":{""before_adjustments"":35.397597,""after_defense"":32.343486,""after_venue"":32.343486,""final"":32.343486}}",0.5073891625615764,0.3714058961048273,0.0,0.4375,"{""version"":""nfl-calibration-trace-1"",""artifact_sha256"":""7c54bf5c44243e81b12bb6e72819cc44261a6c13e823cadd48cc848089163716"",""fitted_season"":2025,""fitted_weeks"":[4,5,6,7,9,10,11,12,14],""total_graded_rows"":12904,""market_sample_size"":null,""tail_sample_size"":null,""curve"":""market_specific"",""raw_probability"":0.371406,""fitted_raw_range"":[0.187653,0.812347],""outside_fitted_range"":false,""endpoint_probabilities"":[0.02,0.98],""limitation"":""Endpoint clipping is not held-out evidence; total rows are not independent games or tail sample size.""}",Calibration fitted; not prospectively validated,-698.891625615764,-13.774271844660202,2026-09-30T18:55:46.584610+00:00,2026,4,over,0.4782356355194428,0.4796954314720812,3,35.5,2026_04_DET_CAR,41.0,graded,win,0.970873786407767,1.0,0.31640625,0.2707168440310238,8.656514140942953,5.5
a73a76599a4f3422803e57bd8f61b626,2026-10-05T00:20:00Z,Carolina Panthers,Detroit Lions,Detroit Lions @ Carolina Panthers,betrivers,BetRivers,player_pass_completions,pass_completions,Bryce Young,over,102,21.5,2026-09-30T18:54:33Z,bryceyoung,bryceyoung,21.5,18.590904674068565,5.529332859045345,,False,"{""version"":""nfl-projection-trace-1"",""current_sample"":[{""season"":2026,""week"":1,""attempts"":37,""completions"":23,""passing_yards"":361},{""season"":2026,""week"":2,""attempts"":36,""completions"":23,""passing_yards"":287},{""season"":2026,""week"":3,""attempts"":48,""completions"":26,""passing_yards"":291}],""recent_mean_weight"":0.428571,""yards_per_completion_recent_weight"":0.428571,""career_baselines"":{""attempts"":{""mean"":29.099641,""games"":47,""position_pool_mean"":27.802292},""yards_per_completion"":{""mean"":10.240705,""games"":47,""position_pool_mean"":10.957484}},""attempts"":35.397597,""completion_rate"":0.574796,""yards_per_completion"":10.987798,""limitations"":[""Appearance totals do not distinguish partial games from normal starter workloads."",""Completion rate uses recent games without career shrinkage."",""Variance omits completion-rate uncertainty and dependence among components.""],""mean_stages"":{""before_adjustments"":20.346395,""after_defense"":18.590905,""after_venue"":18.590905,""final"":18.590905}}",0.495049504950495,0.2994022457067946,0.0,0.5,"{""version"":""nfl-calibration-trace-1"",""artifact_sha256"":""7c54bf5c44243e81b12bb6e72819cc44261a6c13e823cadd48cc848089163716"",""fitted_season"":2025,""fitted_weeks"":[4,5,6,7,9,10,11,12,14],""total_graded_rows"":12904,""market_sample_size"":null,""tail_sample_size"":null,""curve"":""market_specific"",""raw_probability"":0.299402,""fitted_raw_range"":[0.026155,0.973845],""outside_fitted_range"":false,""endpoint_probabilities"":[0.457143,0.542857],""limitation"":""Endpoint clipping is not held-out evidence; total rows are not independent games or tail sample size.""}",Calibration fitted; not prospectively validated,49.50495049504955,1.0000000000000009,2026-09-30T18:55:46.584610+00:00,2026,4,over,,0.5,3,21.5,2026_04_DET_CAR,29.0,graded,win,1.02,1.0,0.25,0.25,10.409095325931435,7.5
a73a76599a4f3422803e57bd8f61b626,2026-10-05T00:20:00Z,Carolina Panthers,Detroit Lions,Detroit Lions @ Carolina Panthers,betrivers,BetRivers,player_pass_tds,pass_tds,Bryce Young,over,-112,1.5,2026-09-30T18:54:33Z,bryceyoung,bryceyoung,1.5,2.4733333333333336,,2.4733333333333336,False,,0.5283018867924528,0.7071862640729657,0.0,0.5178018575851389,"{""version"":""nfl-calibration-trace-1"",""artifact_sha256"":""7c54bf5c44243e81b12bb6e72819cc44261a6c13e823cadd48cc848089163716"",""fitted_season"":2025,""fitted_weeks"":[4,5,6,7,9,10,11,12,14],""total_graded_rows"":12904,""market_sample_size"":null,""tail_sample_size"":null,""curve"":""pooled"",""raw_probability"":0.707186,""fitted_raw_range"":[4.8e-05,0.999952],""outside_fitted_range"":false,""endpoint_probabilities"":[0.25,0.75],""limitation"":""Endpoint clipping is not held-out evidence; total rows are not independent games or tail sample size.""}",Calibration fitted; not prospectively validated,-105.00029207313966,-1.987505528527289,2026-09-30T18:55:46.584610+00:00,2026,4,over,0.4920127795527157,0.532258064516129,5,1.5,2026_04_DET_CAR,2.0,graded,win,0.8928571428571429,1.0,0.2325150485483427,0.21878251821019773,0.4733333333333336,0.5
a73a76599a4f3422803e57bd8f61b626,2026-10-05T00:20:00Z,Carolina Panthers,Detroit Lions,Detroit Lions @ Carolina Panthers,draftkings,DraftKings,player_pass_yds,pass_yds,Bryce Young,over,-111,249.5,2026-09-30T18:54:33Z,bryceyoung,bryceyoung,249.5,216.5294855927183,81.03805907065986,,False,"{""version"":""nfl-projection-trace-1"",""current_sample"":[{""season"":2026,""week"":1,""attempts"":37,""completions"":23,""passing_yards"":361},{""season"":2026,""week"":2,""attempts"":36,""completions"":23,""passing_yards"":287},{""season"":2026,""week"":3,""attempts"":48,""completions"":26,""passing_yards"":291}],""recent_mean_weight"":0.428571,""yards_per_completion_recent_weight"":0.428571,""career_baselines"":{""attempts"":{""mean"":29.099641,""games"":47,""position_pool_mean"":27.802292},""yards_per_completion"":{""mean"":10.240705,""games"":47,""position_pool_mean"":10.957484}},""attempts"":35.397597,""completion_rate"":0.574796,""yards_per_completion"":10.987798,""limitations"":[""Appearance totals do not distinguish partial games from normal starter workloads."",""Completion rate uses recent games without career shrinkage."",""Variance omits completion-rate uncertainty and dependence among components.""],""mean_stages"":{""before_adjustments"":223.562076,""after_defense"":204.2731,""after_venue"":216.529486,""final"":216.529486}}",0.5260663507109005,0.3420582644198266,0.0,0.4999999999999999,"{""version"":""nfl-calibration-trace-1"",""artifact_sha256"":""7c54bf5c44243e81b12bb6e72819cc44261a6c13e823cadd48cc848089163716"",""fitted_season"":2025,""fitted_weeks"":[4,5,6,7,9,10,11,12,14],""total_graded_rows"":12904,""market_sample_size"":null,""tail_sample_size"":null,""curve"":""market_specific"",""raw_probability"":0.342058,""fitted_raw_range"":[0.092856,0.907144],""outside_fitted_range"":false,""endpoint_probabilities"":[0.02,0.98],""limitation"":""Endpoint clipping is not held-out evidence; total rows are not independent games or tail sample size.""}",Calibration fitted; not prospectively validated,-260.6635071090052,-4.95495495495496,2026-09-30T18:55:46.584610+00:00,2026,4,over,0.4978941161605526,0.5,3,248.5,2026_04_DET_CAR,329.0,graded,win,0.9009009009009009,1.0,0.2500000000000001,0.25,112.47051440728171,79.5
a73a76599a4f3422803e57bd8f61b626,2026-10-05T00:20:00Z,Carolina Panthers,Detroit Lions,Detroit Lions @ Carolina Panthers,draftkings,DraftKings,player_rush_attempts,rush_attempts,Bryce Young,over,-138,2.5,2026-09-30T18:54:33Z,bryceyoung,bryceyoung,2.5,3.690725208474635,3.265387155905704,,False,,0.5798319327731093,0.6423138605248797,0.0,0.506993006993007,"{""version"":""nfl-calibration-trace-1"",""artifact_sha256"":""7c54bf5c44243e81b12bb6e72819cc44261a6c13e823cadd48cc848089163716"",""fitted_season"":2025,""fitted_weeks"":[4,5,6,7,9,10,11,12,14],""total_graded_rows"":12904,""market_sample_size"":null,""tail_sample_size"":null,""curve"":""market_specific"",""raw_probability"":0.642314,""fitted_raw_range"":[4.8e-05,0.999952],""outside_fitted_range"":false,""endpoint_probabilities"":[0.405405,0.594595],""limitation"":""Endpoint clipping is not held-out evidence; total rows are not independent games or tail sample size.""}",Calibration fitted; not prospectively validated,-728.3892578010232,-12.56207560555388,2026-09-30T18:55:46.584610+00:00,2026,4,over,0.5467012037178121,0.5467012037178121,1,2.5,2026_04_DET_CAR,3.0,graded,win,0.7246376811594203,1.0,0.24305589515379727,0.2054797987108805,0.6907252084746349,0.5
a73a76599a4f3422803e57bd8f61b626,2026-10-05T00:20:00Z,Carolina Panthers,Detroit Lions,Detroit Lions @ Carolina Panthers,draftkings,DraftKings,player_rush_yds,rush_yds,Bryce Young,over,-116,11.5,2026-09-30T18:54:33Z,bryceyoung,bryceyoung,11.5,18.571117105397786,17.299986948598022,,False,,0.5370370370370371,0.6586330744185895,0.0,0.4999999999999998,"{""version"":""nfl-calibration-trace-1"",""artifact_sha256"":""7c54bf5c44243e81b12bb6e72819cc44261a6c13e823cadd48cc848089163716"",""fitted_season"":2025,""fitted_weeks"":[4,5,6,7,9,10,11,12,14],""total_graded_rows"":12904,""market_sample_size"":null,""tail_sample_size"":null,""curve"":""market_specific"",""raw_probability"":0.658633,""fitted_raw_range"":[0.000122,0.999878],""outside_fitted_range"":false,""endpoint_probabilities"":[0.02,0.98],""limitation"":""Endpoint clipping is not held-out evidence; total rows are not independent games or tail sample size.""}",Calibration fitted; not prospectively validated,-370.3703703703731,-6.896551724137979,2026-09-30T18:55:46.584610+00:00,2026,4,over,0.5084288604180714,0.5101214574898786,3,11.5,2026_04_DET_CAR,3.0,graded,loss,-1.0,0.0,0.24999999999999978,0.260223901391598,15.571117105397786,8.5
a73a76599a4f3422803e57bd8f61b626,2026-10-05T00:20:00Z,Carolina Panthers,Detroit Lions,Detroit Lions @ Carolina Panthers,betrivers,BetRivers,player_receptions,receptions,Chuba Hubbard,over,-148,2.5,2026-09-30T18:54:33Z,chubahubbard,chubahubbard,2.5,2.5513494812801385,1.5735388453663697,,False,,0.5967741935483871,0.5130164208524423,0.0,0.5408805031446541,"{""version"":""nfl-calibration-trace-1"",""artifact_sha256"":""7c54bf5c44243e81b12bb6e72819cc44261a6c13e823cadd48cc848089163716"",""fitted_season"":2025,""fitted_weeks"":[4,5,6,7,9,10,11,12,14],""total_graded_rows"":12904,""market_sample_size"":null,""tail_sample_size"":null,""curve"":""market_specific"",""raw_probability"":0.513016,""fitted_raw_range"":[0.000771,0.999229],""outside_fitted_range"":false,""endpoint_probabilities"":[0.166667,0.833333],""limitation"":""Endpoint clipping is not held-out evidence; total rows are not independent games or tail sample size.""}",Calibration fitted; not prospectively validated,-558.9369040373305,-9.36596974332824,2026-09-30T18:55:46.584610+00:00,2026,4,over,,0.5716332752429817,4,2.5,2026_04_DET_CAR,1.0,graded,loss,-1.0,0.0,0.29255171868201413,0.32676460136501845,1.5513494812801385,1.5
a73a76599a4f3422803e57bd8f61b626,2026-10-05T00:20:00Z,Carolina Panthers,Detroit Lions,Detroit Lions @ Carolina Panthers,draftkings,DraftKings,player_reception_yds,recv_yds,Chuba Hubbard,over,-112,18.5,2026-09-30T18:54:33Z,chubahubbard,chubahubbard,18.5,18.163383922716328,16.323301426143487,,False,,0.5283018867924528,0.4917736697647081,0.0,0.5000000000000002,"{""version"":""nfl-calibration-trace-1"",""artifact_sha256"":""7c54bf5c44243e81b12bb6e72819cc44261a6c13e823cadd48cc848089163716"",""fitted_season"":2025,""fitted_weeks"":[4,5,6,7,9,10,11,12,14],""total_graded_rows"":12904,""market_sample_size"":null,""tail_sample_size"":null,""curve"":""market_specific"",""raw_probability"":0.491774,""fitted_raw_range"":[0.012265,0.987735],""outside_fitted_range"":false,""endpoint_probabilities"":[0.483696,0.516304],""limitation"":""Endpoint clipping is not held-out evidence; total rows are not independent games or tail sample size.""}",Calibration fitted; not prospectively validated,-283.01886792452603,-5.357142857142816,2026-09-30T18:55:46.584610+00:00,2026,4,over,0.5,0.5,4,18.5,2026_04_DET_CAR,7.0,graded,loss,-1.0,0.0,0.2500000000000002,0.25,11.163383922716328,11.5
a73a76599a4f3422803e57bd8f61b626,2026-10-05T00:20:00Z,Carolina Panthers,Detroit Lions,Detroit Lions @ Carolina Panthers,draftkings,DraftKings,player_rush_attempts,rush_attempts,Chuba Hubbard,over,-111,16.5,2026-09-30T18:54:33Z,chubahubbard,chubahubbard,16.5,15.141480123911744,6.064204321202546,,False,,0.5260663507109005,0.4113697911048153,0.0,0.4915254237288136,"{""version"":""nfl-calibration-trace-1"",""artifact_sha256"":""7c54bf5c44243e81b12bb6e72819cc44261a6c13e823cadd48cc848089163716"",""fitted_season"":2025,""fitted_weeks"":[4,5,6,7,9,10,11,12,14],""total_graded_rows"":12904,""market_sample_size"":null,""tail_sample_size"":null,""curve"":""market_specific"",""raw_probability"":0.41137,""fitted_raw_range"":[4.8e-05,0.999952],""outside_fitted_range"":false,""endpoint_probabilities"":[0.405405,0.594595],""limitation"":""Endpoint clipping is not held-out evidence; total rows are not independent games or tail sample size.""}",Calibration fitted; not prospectively validated,-345.4092698208688,-6.565887921820124,2026-09-30T18:55:46.584610+00:00,2026,4,over,0.4968624497991968,0.4968624497991968,1,16.5,2026_04_DET_CAR,20.0,graded,win,0.9009009009009009,1.0,0.2585463947141626,0.25314739442206574,4.8585198760882555,3.5
a73a76599a4f3422803e57bd8f61b626,2026-10-05T00:20:00Z,Carolina Panthers,Detroit Lions,Detroit Lions @ Carolina Panthers,draftkings,DraftKings,player_rush_yds,rush_yds,Chuba Hubbard,over,-111,66.5,2026-09-30T18:54:33Z,chubahubbard,chubahubbard,66.5,65.180667142761,31.84421215190989,,False,,0.5260663507109005,0.4834762085765324,0.0,0.4999999999999998,"{""version"":""nfl-calibration-trace-1"",""artifact_sha256"":""7c54bf5c44243e81b12bb6e72819cc44261a6c13e823cadd48cc848089163716"",""fitted_season"":2025,""fitted_weeks"":[4,5,6,7,9,10,11,12,14],""total_graded_rows"":12904,""market_sample_size"":null,""tail_sample_size"":null,""curve"":""market_specific"",""raw_probability"":0.483476,""fitted_raw_range"":[0.000122,0.999878],""outside_fitted_range"":false,""endpoint_probabilities"":[0.02,0.98],""limitation"":""Endpoint clipping is not held-out evidence; total rows are not independent games or tail sample size.""}",Calibration fitted; not prospectively validated,-260.6635071090069,-4.954954954954993,2026-09-30T18:55:46.584610+00:00,2026,4,over,0.4978941161605526,0.5,4,66.5,2026_04_DET_CAR,122.0,graded,win,0.9009009009009009,1.0,0.2500000000000002,0.25,56.819332857239004,55.5
a73a76599a4f3422803e57bd8f61b626,2026-10-05T00:20:00Z,Carolina Panthers,Detroit Lions,Detroit Lions @ Carolina Panthers,draftkings,DraftKings,player_receptions,receptions,Isaac TeSlaa,over,-106,1.5,2026-09-30T18:54:33Z,isaacteslaa,isaacteslaa,1.5,2.294844070835654,1.907434637068904,,False,,0.5145631067961165,0.6615541519908561,0.0,0.5475728155339805,"{""version"":""nfl-calibration-trace-1"",""artifact_sha256"":""7c54bf5c44243e81b12bb6e72819cc44261a6c13e823cadd48cc848089163716"",""fitted_season"":2025,""fitted_weeks"":[4,5,6,7,9,10,11,12,14],""total_graded_rows"":12904,""market_sample_size"":null,""tail_sample_size"":null,""curve"":""market_specific"",""raw_probability"":0.661554,""fitted_raw_range"":[0.000771,0.999229],""outside_fitted_range"":false,""endpoint_probabilities"":[0.166667,0.833333],""limitation"":""Endpoint clipping is not held-out evidence; total rows are not independent games or tail sample size.""}",Calibration fitted; not prospectively validated,330.0970873786402,6.41509433962264,2026-09-30T18:55:46.584610+00:00,2026,4,over,0.485428809325562,0.4878473600863138,4,1.5,2026_04_DET_CAR,4.0,graded,win,0.9433962264150944,1.0,0.20469035724384962,0.2623003265705579,1.7051559291643459,2.5
a73a76599a4f3422803e57bd8f61b626,2026-10-05T00:20:00Z,Carolina Panthers,Detroit Lions,Detroit Lions @ Carolina Panthers,draftkings,DraftKings,player_reception_yds,recv_yds,Isaac TeSlaa,over,-113,17.5,2026-09-30T18:54:33Z,isaacteslaa,isaacteslaa,17.5,33.975256117276906,33.02329730950273,,False,,0.5305164319248826,0.6910743692408929,0.0,0.5014367816091952,"{""version"":""nfl-calibration-trace-1"",""artifact_sha256"":""7c54bf5c44243e81b12bb6e72819cc44261a6c13e823cadd48cc848089163716"",""fitted_season"":2025,""fitted_weeks"":[4,5,6,7,9,10,11,12,14],""total_graded_rows"":12904,""market_sample_size"":null,""tail_sample_size"":null,""curve"":""market_specific"",""raw_probability"":0.691074,""fitted_raw_range"":[0.012265,0.987735],""outside_fitted_range"":false,""endpoint_probabilities"":[0.483696,0.516304],""limitation"":""Endpoint clipping is not held-out evidence; total rows are not independent games or tail sample size.""}",Calibration fitted; not prospectively validated,-290.79650315687377,-5.481385413487971,2026-09-30T18:55:46.584610+00:00,2026,4,over,0.5021058838394474,0.5,5,17.5,2026_04_DET_CAR,95.0,graded,win,0.8849557522123894,1.0,0.24856528273219727,0.25,61.024743882723094,77.5
a73a76599a4f3422803e57bd8f61b626,2026-10-05T00:20:00Z,Carolina Panthers,Detroit Lions,Detroit Lions @ Carolina Panthers,betrivers,BetRivers,player_receptions,receptions,Jahmyr Gibbs,over,-117,4.5,2026-09-30T18:54:33Z,jahmyrgibbs,jahmyrgibbs,4.5,4.0832261566380685,1.8851636483718264,,False,,0.5391705069124424,0.4125146863958355,0.0,0.4579439252336449,"{""version"":""nfl-calibration-trace-1"",""artifact_sha256"":""7c54bf5c44243e81b12bb6e72819cc44261a6c13e823cadd48cc848089163716"",""fitted_season"":2025,""fitted_weeks"":[4,5,6,7,9,10,11,12,14],""total_graded_rows"":12904,""market_sample_size"":null,""tail_sample_size"":null,""curve"":""market_specific"",""raw_probability"":0.412515,""fitted_raw_range"":[0.000771,0.999229],""outside_fitted_range"":false,""endpoint_probabilities"":[0.166667,0.833333],""limitation"":""Endpoint clipping is not held-out evidence; total rows are not independent games or tail sample size.""}",Calibration fitted; not prospectively validated,-812.2658167879748,-15.065101046409444,2026-09-30T18:55:46.584610+00:00,2026,4,over,,0.5270585723647709,4,4.5,2026_04_DET_CAR,4.0,graded,loss,-1.0,0.0,0.20971263865839815,0.2777907387031905,0.08322615663806854,0.5
a73a76599a4f3422803e57bd8f61b626,2026-10-05T00:20:00Z,Carolina Panthers,Detroit Lions,Detroit Lions @ Carolina Panthers,draftkings,DraftKings,player_reception_yds,recv_yds,Jahmyr Gibbs,over,-109,35.5,2026-09-30T18:54:33Z,jahmyrgibbs,jahmyrgibbs,35.5,34.160735218931684,31.02059360849952,,False,,0.5215311004784688,0.4827816508568253,0.0,0.5000000000000002,"{""version"":""nfl-calibration-trace-1"",""artifact_sha256"":""7c54bf5c44243e81b12bb6e72819cc44261a6c13e823cadd48cc848089163716"",""fitted_season"":2025,""fitted_weeks"":[4,5,6,7,9,10,11,12,14],""total_graded_rows"":12904,""market_sample_size"":null,""tail_sample_size"":null,""curve"":""market_specific"",""raw_probability"":0.482782,""fitted_raw_range"":[0.012265,0.987735],""outside_fitted_range"":false,""endpoint_probabilities"":[0.483696,0.516304],""limitation"":""Endpoint clipping is not held-out evidence; total rows are not independent games or tail sample size.""}",Calibration fitted; not prospectively validated,-215.31100478468625,-4.128440366972419,2026-09-30T18:55:46.584610+00:00,2026,4,over,0.4936802190857384,0.4984932497589199,6,35.5,2026_04_DET_CAR,31.0,graded,loss,-1.0,0.0,0.2500000000000002,0.2484955200552089,3.160735218931684,4.5
a73a76599a4f3422803e57bd8f61b626,2026-10-05T00:20:00Z,Carolina Panthers,Detroit Lions,Detroit Lions @ Carolina Panthers,draftkings,DraftKings,player_rush_attempts,rush_attempts,Jahmyr Gibbs,over,-111,19.5,2026-09-30T18:54:33Z,jahmyrgibbs,jahmyrgibbs,19.5,16.78398262651327,4.986870735040288,,False,,0.5260663507109005,0.293002769613132,0.0,0.45,"{""version"":""nfl-calibration-trace-1"",""artifact_sha256"":""7c54bf5c44243e81b12bb6e72819cc44261a6c13e823cadd48cc848089163716"",""fitted_season"":2025,""fitted_weeks"":[4,5,6,7,9,10,11,12,14],""total_graded_rows"":12904,""market_sample_size"":null,""tail_sample_size"":null,""curve"":""market_specific"",""raw_probability"":0.293003,""fitted_raw_range"":[4.8e-05,0.999952],""outside_fitted_range"":false,""endpoint_probabilities"":[0.405405,0.594595],""limitation"":""Endpoint clipping is not held-out evidence; total rows are not independent games or tail sample size.""}",Calibration fitted; not prospectively validated,-760.6635071090045,-14.459459459459456,2026-09-30T18:55:46.584610+00:00,2026,4,over,0.4958445875753168,0.4963746256077161,2,19.5,2026_04_DET_CAR,15.0,graded,loss,-1.0,0.0,0.2025,0.24638776894720035,1.7839826265132714,4.5
a73a76599a4f3422803e57bd8f61b626,2026-10-05T00:20:00Z,Carolina Panthers,Detroit Lions,Detroit Lions @ Carolina Panthers,betonlineag,BetOnline.ag,player_rush_yds,rush_yds,Jahmyr Gibbs,over,-114,96.5,2026-09-30T18:54:34Z,jahmyrgibbs,jahmyrgibbs,96.5,77.0235970054036,37.85429763606856,,False,,0.5327102803738317,0.3034478432004731,0.0,0.4352331606217616,"{""version"":""nfl-calibration-trace-1"",""artifact_sha256"":""7c54bf5c44243e81b12bb6e72819cc44261a6c13e823cadd48cc848089163716"",""fitted_season"":2025,""fitted_weeks"":[4,5,6,7,9,10,11,12,14],""total_graded_rows"":12904,""market_sample_size"":null,""tail_sample_size"":null,""curve"":""market_specific"",""raw_probability"":0.303448,""fitted_raw_range"":[0.000122,0.999878],""outside_fitted_range"":false,""endpoint_probabilities"":[0.02,0.98],""limitation"":""Endpoint clipping is not held-out evidence; total rows are not independent games or tail sample size.""}",Calibration fitted; not prospectively validated,-974.7711975207008,-18.29833651486228,2026-09-30T18:55:46.584610+00:00,2026,4,over,0.5,0.5025116540749075,2,96.5,2026_04_DET_CAR,46.0,graded,loss,-1.0,0.0,0.18942790410480811,0.2525179624810995,31.0235970054036,50.5
a73a76599a4f3422803e57bd8f61b626,2026-10-05T00:20:00Z,Carolina Panthers,Detroit Lions,Detroit Lions @ Carolina Panthers,betonlineag,BetOnline.ag,player_receptions,receptions,Jameson Williams,over,-102,3.5,2026-09-30T18:54:34Z,jamesonwilliams,jamesonwilliams,3.5,3.354960733768396,2.2041489483629904,,False,,0.504950495049505,0.4737673965532979,0.0,0.4591194968553459,"{""version"":""nfl-calibration-trace-1"",""artifact_sha256"":""7c54bf5c44243e81b12bb6e72819cc44261a6c13e823cadd48cc848089163716"",""fitted_season"":2025,""fitted_weeks"":[4,5,6,7,9,10,11,12,14],""total_graded_rows"":12904,""market_sample_size"":null,""tail_sample_size"":null,""curve"":""market_specific"",""raw_probability"":0.473767,""fitted_raw_range"":[0.000771,0.999229],""outside_fitted_range"":false,""endpoint_probabilities"":[0.166667,0.833333],""limitation"":""Endpoint clipping is not held-out evidence; total rows are not independent games or tail sample size.""}",Calibration fitted; not prospectively validated,-458.3099819415904,-9.076334936490316,2026-09-30T18:55:46.584610+00:00,2026,4,over,0.4743894443533846,0.4809533041265113,4,3.5,2026_04_DET_CAR,6.0,graded,win,0.9803921568627451,1.0,0.29255171868201413,0.2694094724971859,2.645039266231604,2.5
a73a76599a4f3422803e57bd8f61b626,2026-10-05T00:20:00Z,Carolina Panthers,Detroit Lions,Detroit Lions @ Carolina Panthers,betonlineag,BetOnline.ag,player_reception_yds,recv_yds,Jameson Williams,over,-114,50.5,2026-09-30T18:54:34Z,jamesonwilliams,jamesonwilliams,50.5,46.855465975426895,39.04980771047681,,False,,0.5327102803738317,0.4628205424002622,0.0,0.5000000000000002,"{""version"":""nfl-calibration-trace-1"",""artifact_sha256"":""7c54bf5c44243e81b12bb6e72819cc44261a6c13e823cadd48cc848089163716"",""fitted_season"":2025,""fitted_weeks"":[4,5,6,7,9,10,11,12,14],""total_graded_rows"":12904,""market_sample_size"":null,""tail_sample_size"":null,""curve"":""market_specific"",""raw_probability"":0.462821,""fitted_raw_range"":[0.012265,0.987735],""outside_fitted_range"":false,""endpoint_probabilities"":[0.483696,0.516304],""limitation"":""Endpoint clipping is not held-out evidence; total rows are not independent games or tail sample size.""}",Calibration fitted; not prospectively validated,-327.102803738315,-6.140350877192935,2026-09-30T18:55:46.584610+00:00,2026,4,over,0.5,0.5,5,50.5,2026_04_DET_CAR,102.0,graded,win,0.8771929824561403,1.0,0.24999999999999978,0.25,55.144534024573105,51.5
a73a76599a4f3422803e57bd8f61b626,2026-10-05T00:20:00Z,Carolina Panthers,Detroit Lions,Detroit Lions @ Carolina Panthers,betonlineag,BetOnline.ag,player_pass_attempts,pass_attempts,Jared Goff,over,-114,34.5,2026-09-30T18:54:34Z,jaredgoff,jaredgoff,34.5,30.325532519697333,8.02252860113531,,False,"{""version"":""nfl-projection-trace-1"",""current_sample"":[{""season"":2026,""week"":1,""attempts"":39,""completions"":26,""passing_yards"":206},{""season"":2026,""week"":2,""attempts"":38,""completions"":26,""passing_yards"":327},{""season"":2026,""week"":3,""attempts"":32,""completions"":25,""passing_yards"":269}],""recent_mean_weight"":0.428571,""yards_per_completion_recent_weight"":0.428571,""career_baselines"":{""attempts"":{""mean"":32.388606,""games"":103,""position_pool_mean"":27.802292},""yards_per_completion"":{""mean"":11.393913,""games"":103,""position_pool_mean"":10.957484}},""attempts"":33.189094,""completion_rate"":0.744616,""yards_per_completion"":11.197198,""limitations"":[""Appearance totals do not distinguish partial games from normal starter workloads."",""Completion rate uses recent games without career shrinkage."",""Variance omits completion-rate uncertainty and dependence among components.""],""mean_stages"":{""before_adjustments"":33.189094,""after_defense"":30.325533,""after_venue"":30.325533,""final"":30.325533}}",0.5327102803738317,0.3014122270395751,0.0,0.3636363636363636,"{""version"":""nfl-calibration-trace-1"",""artifact_sha256"":""7c54bf5c44243e81b12bb6e72819cc44261a6c13e823cadd48cc848089163716"",""fitted_season"":2025,""fitted_weeks"":[4,5,6,7,9,10,11,12,14],""total_graded_rows"":12904,""market_sample_size"":null,""tail_sample_size"":null,""curve"":""market_specific"",""raw_probability"":0.301412,""fitted_raw_range"":[0.187653,0.812347],""outside_fitted_range"":false,""endpoint_probabilities"":[0.02,0.98],""limitation"":""Endpoint clipping is not held-out evidence; total rows are not independent games or tail sample size.""}",Calibration fitted; not prospectively validated,-1690.7391673746808,-31.73843700159489,2026-09-30T18:55:46.584610+00:00,2026,4,over,0.5,0.5041554124246831,3,34.5,2026_04_DET_CAR,52.0,graded,win,0.8771929824561403,1.0,0.40495867768595056,0.2458618550277361,21.674467480302667,17.5
a73a76599a4f3422803e57bd8f61b626,2026-10-05T00:20:00Z,Carolina Panthers,Detroit Lions,Detroit Lions @ Carolina Panthers,betrivers,BetRivers,player_pass_completions,pass_completions,Jared Goff,over,-103,23.5,2026-09-30T18:54:33Z,jaredgoff,jaredgoff,23.5,22.580875112964574,5.973702731015748,,False,"{""version"":""nfl-projection-trace-1"",""current_sample"":[{""season"":2026,""week"":1,""attempts"":39,""completions"":26,""passing_yards"":206},{""season"":2026,""week"":2,""attempts"":38,""completions"":26,""passing_yards"":327},{""season"":2026,""week"":3,""attempts"":32,""completions"":25,""passing_yards"":269}],""recent_mean_weight"":0.428571,""yards_per_completion_recent_weight"":0.428571,""career_baselines"":{""attempts"":{""mean"":32.388606,""games"":103,""position_pool_mean"":27.802292},""yards_per_completion"":{""mean"":11.393913,""games"":103,""position_pool_mean"":10.957484}},""attempts"":33.189094,""completion_rate"":0.744616,""yards_per_completion"":11.197198,""limitations"":[""Appearance totals do not distinguish partial games from normal starter workloads."",""Completion rate uses recent games without career shrinkage."",""Variance omits completion-rate uncertainty and dependence among components.""],""mean_stages"":{""before_adjustments"":24.713128,""after_defense"":22.580875,""after_venue"":22.580875,""final"":22.580875}}",0.5073891625615764,0.4388593369563922,0.0,0.5000000000000001,"{""version"":""nfl-calibration-trace-1"",""artifact_sha256"":""7c54bf5c44243e81b12bb6e72819cc44261a6c13e823cadd48cc848089163716"",""fitted_season"":2025,""fitted_weeks"":[4,5,6,7,9,10,11,12,14],""total_graded_rows"":12904,""market_sample_size"":null,""tail_sample_size"":null,""curve"":""market_specific"",""raw_probability"":0.438859,""fitted_raw_range"":[0.026155,0.973845],""outside_fitted_range"":false,""endpoint_probabilities"":[0.457143,0.542857],""limitation"":""Endpoint clipping is not held-out evidence; total rows are not independent games or tail sample size.""}",Calibration fitted; not prospectively validated,-73.8916256157629,-1.4563106796116387,2026-09-30T18:55:46.584610+00:00,2026,4,over,,0.5073240143969199,3,23.5,2026_04_DET_CAR,32.0,graded,win,0.970873786407767,1.0,0.2499999999999999,0.2427296267899664,9.419124887035426,8.5
a73a76599a4f3422803e57bd8f61b626,2026-10-05T00:20:00Z,Carolina Panthers,Detroit Lions,Detroit Lions @ Carolina Panthers,fanduel,FanDuel,player_pass_tds,pass_tds,Jared Goff,over,-178,1.5,2026-09-30T18:55:15Z,jaredgoff,jaredgoff,1.5,2.5066666666666664,,2.5066666666666664,False,,0.6402877697841727,0.7140678539902863,0.0,0.5178018575851389,"{""version"":""nfl-calibration-trace-1"",""artifact_sha256"":""7c54bf5c44243e81b12bb6e72819cc44261a6c13e823cadd48cc848089163716"",""fitted_season"":2025,""fitted_weeks"":[4,5,6,7,9,10,11,12,14],""total_graded_rows"":12904,""market_sample_size"":null,""tail_sample_size"":null,""curve"":""pooled"",""raw_probability"":0.714068,""fitted_raw_range"":[4.8e-05,0.999952],""outside_fitted_range"":false,""endpoint_probabilities"":[0.25,0.75],""limitation"":""Endpoint clipping is not held-out evidence; total rows are not independent games or tail sample size.""}",Calibration fitted; not prospectively validated,-1224.8591219903385,-19.129822242321016,2026-09-30T18:55:46.584610+00:00,2026,4,over,0.5976612249623713,0.6161482461945731,5,1.5,2026_04_DET_CAR,1.0,graded,loss,-1.0,0.0,0.2681187637186204,0.37963866128864826,1.5066666666666664,0.5
a73a76599a4f3422803e57bd8f61b626,2026-10-05T00:20:00Z,Carolina Panthers,Detroit Lions,Detroit Lions @ Carolina Panthers,draftkings,DraftKings,player_pass_yds,pass_yds,Jared Goff,over,-112,263.5,2026-09-30T18:54:33Z,jaredgoff,jaredgoff,263.5,237.67197524837528,87.76727079147271,,False,"{""version"":""nfl-projection-trace-1"",""current_sample"":[{""season"":2026,""week"":1,""attempts"":39,""completions"":26,""passing_yards"":206},{""season"":2026,""week"":2,""attempts"":38,""completions"":26,""passing_yards"":327},{""season"":2026,""week"":3,""attempts"":32,""completions"":25,""passing_yards"":269}],""recent_mean_weight"":0.428571,""yards_per_completion_recent_weight"":0.428571,""career_baselines"":{""attempts"":{""mean"":32.388606,""games"":103,""position_pool_mean"":27.802292},""yards_per_completion"":{""mean"":11.393913,""games"":103,""position_pool_mean"":10.957484}},""attempts"":33.189094,""completion_rate"":0.744616,""yards_per_completion"":11.197198,""limitations"":[""Appearance totals do not distinguish partial games from normal starter workloads."",""Completion rate uses recent games without career shrinkage."",""Variance omits completion-rate uncertainty and dependence among components.""],""mean_stages"":{""before_adjustments"":276.717788,""after_defense"":252.842527,""after_venue"":237.671975,""final"":237.671975}}",0.5283018867924528,0.3842725328789321,0.0,0.4999999999999999,"{""version"":""nfl-calibration-trace-1"",""artifact_sha256"":""7c54bf5c44243e81b12bb6e72819cc44261a6c13e823cadd48cc848089163716"",""fitted_season"":2025,""fitted_weeks"":[4,5,6,7,9,10,11,12,14],""total_graded_rows"":12904,""market_sample_size"":null,""tail_sample_size"":null,""curve"":""market_specific"",""raw_probability"":0.384273,""fitted_raw_range"":[0.092856,0.907144],""outside_fitted_range"":false,""endpoint_probabilities"":[0.02,0.98],""limitation"":""Endpoint clipping is not held-out evidence; total rows are not independent games or tail sample size.""}",Calibration fitted; not prospectively validated,-283.0188679245288,-5.357142857142872,2026-09-30T18:55:46.584610+00:00,2026,4,over,0.5,0.5,3,263.5,2026_04_DET_CAR,412.0,graded,win,0.8928571428571429,1.0,0.2500000000000001,0.25,174.32802475162472,148.5
a73a76599a4f3422803e57bd8f61b626,2026-10-05T00:20:00Z,Carolina Panthers,Detroit Lions,Detroit Lions @ Carolina Panthers,betrivers,BetRivers,player_receptions,receptions,Sam LaPorta,over,-105,4.5,2026-09-30T18:54:33Z,samlaporta,samlaporta,4.5,3.320951001545396,1.853181111745454,,False,,0.5121951219512195,0.2623133350311838,0.0,0.4524271844660194,"{""version"":""nfl-calibration-trace-1"",""artifact_sha256"":""7c54bf5c44243e81b12bb6e72819cc44261a6c13e823cadd48cc848089163716"",""fitted_season"":2025,""fitted_weeks"":[4,5,6,7,9,10,11,12,14],""total_graded_rows"":12904,""market_sample_size"":null,""tail_sample_size"":null,""curve"":""market_specific"",""raw_probability"":0.262313,""fitted_raw_range"":[0.000771,0.999229],""outside_fitted_range"":false,""endpoint_probabilities"":[0.166667,0.833333],""limitation"":""Endpoint clipping is not held-out evidence; total rows are not independent games or tail sample size.""}",Calibration fitted; not prospectively validated,-597.6793748520009,-11.668978270920016,2026-09-30T18:55:46.584610+00:00,2026,4,over,,0.4974201271361347,4,4.5,2026_04_DET_CAR,8.0,graded,win,0.9523809523809523,1.0,0.29983598831181063,0.252586528607859,4.679048998454604,3.5
a73a76599a4f3422803e57bd8f61b626,2026-10-05T00:20:00Z,Carolina Panthers,Detroit Lions,Detroit Lions @ Carolina Panthers,draftkings,DraftKings,player_reception_yds,recv_yds,Sam LaPorta,over,-111,48.5,2026-09-30T18:54:33Z,samlaporta,samlaporta,48.5,37.96575525901276,30.80588273163533,,False,,0.5260663507109005,0.3661921454378182,0.0,0.4989858012170386,"{""version"":""nfl-calibration-trace-1"",""artifact_sha256"":""7c54bf5c44243e81b12bb6e72819cc44261a6c13e823cadd48cc848089163716"",""fitted_season"":2025,""fitted_weeks"":[4,5,6,7,9,10,11,12,14],""total_graded_rows"":12904,""market_sample_size"":null,""tail_sample_size"":null,""curve"":""market_specific"",""raw_probability"":0.366192,""fitted_raw_range"":[0.012265,0.987735],""outside_fitted_range"":false,""endpoint_probabilities"":[0.483696,0.516304],""limitation"":""Endpoint clipping is not held-out evidence; total rows are not independent games or tail sample size.""}",Calibration fitted; not prospectively validated,-270.8054949386179,-5.147744092977336,2026-09-30T18:55:46.584610+00:00,2026,4,over,0.4978941161605526,0.5,4,48.5,2026_04_DET_CAR,84.0,graded,win,0.9009009009009009,1.0,0.2510152273821327,0.25,46.03424474098724,35.5
a73a76599a4f3422803e57bd8f61b626,2026-10-05T00:20:00Z,Carolina Panthers,Detroit Lions,Detroit Lions @ Carolina Panthers,betrivers,BetRivers,player_receptions,receptions,Tetairoa McMillan,over,-141,4.5,2026-09-30T18:54:33Z,tetairoamcmillan,tetairoamcmillan,4.5,2.706313965555817,1.4818106856555413,,False,,0.5850622406639004,0.1130494720162205,0.0,0.4210526315789473,"{""version"":""nfl-calibration-trace-1"",""artifact_sha256"":""7c54bf5c44243e81b12bb6e72819cc44261a6c13e823cadd48cc848089163716"",""fitted_season"":2025,""fitted_weeks"":[4,5,6,7,9,10,11,12,14],""total_graded_rows"":12904,""market_sample_size"":null,""tail_sample_size"":null,""curve"":""market_specific"",""raw_probability"":0.113049,""fitted_raw_range"":[0.000771,0.999229],""outside_fitted_range"":false,""endpoint_probabilities"":[0.166667,0.833333],""limitation"":""Endpoint clipping is not held-out evidence; total rows are not independent games or tail sample size.""}",Calibration fitted; not prospectively validated,-1640.096090849531,-28.03284807764092,2026-09-30T18:55:46.584610+00:00,2026,4,over,,0.570734360931993,2,4.5,2026_04_DET_CAR,14.0,graded,win,0.7092198581560284,1.0,0.33518005540166207,0.18426898888446444,11.293686034444184,9.5
a73a76599a4f3422803e57bd8f61b626,2026-10-05T00:20:00Z,Carolina Panthers,Detroit Lions,Detroit Lions @ Carolina Panthers,betonlineag,BetOnline.ag,player_reception_yds,recv_yds,Tetairoa McMillan,over,-114,70.5,2026-09-30T18:54:34Z,tetairoamcmillan,tetairoamcmillan,70.5,36.012676932101456,25.783741927355667,,False,,0.5327102803738317,0.0905198213375825,0.0,0.4836956521739131,"{""version"":""nfl-calibration-trace-1"",""artifact_sha256"":""7c54bf5c44243e81b12bb6e72819cc44261a6c13e823cadd48cc848089163716"",""fitted_season"":2025,""fitted_weeks"":[4,5,6,7,9,10,11,12,14],""total_graded_rows"":12904,""market_sample_size"":null,""tail_sample_size"":null,""curve"":""market_specific"",""raw_probability"":0.09052,""fitted_raw_range"":[0.012265,0.987735],""outside_fitted_range"":false,""endpoint_probabilities"":[0.483696,0.516304],""limitation"":""Endpoint clipping is not held-out evidence; total rows are not independent games or tail sample size.""}",Calibration fitted; not prospectively validated,-490.1462819991859,-9.2009916094584,2026-09-30T18:55:46.584610+00:00,2026,4,over,0.5,0.5,2,70.5,2026_04_DET_CAR,192.0,graded,win,0.8771929824561403,1.0,0.26657017958412094,0.25,155.98732306789856,121.5
a7e7efb75a9792ac63480ae6328dca18,2026-10-04T20:25:00Z,San Francisco 49ers,Denver Broncos,Denver Broncos @ San Francisco 49ers,betonlineag,BetOnline.ag,player_pass_attempts,pass_attempts,Bo Nix,over,-111,34.5,2026-09-30T18:54:57Z,bonix,bonix,34.5,30.804677366704013,8.101903066179604,,False,"{""version"":""nfl-projection-trace-1"",""current_sample"":[{""season"":2026,""week"":1,""attempts"":28,""completions"":17,""passing_yards"":131},{""season"":2026,""week"":2,""attempts"":31,""completions"":22,""passing_yards"":288},{""season"":2026,""week"":3,""attempts"":34,""completions"":17,""passing_yards"":186}],""recent_mean_weight"":0.428571,""yards_per_completion_recent_weight"":0.428571,""career_baselines"":{""attempts"":{""mean"":31.170379,""games"":36,""position_pool_mean"":27.802292},""yards_per_completion"":{""mean"":10.580768,""games"":36,""position_pool_mean"":10.957484}},""attempts"":31.789667,""completion_rate"":0.564752,""yards_per_completion"":10.829253,""limitations"":[""Appearance totals do not distinguish partial games from normal starter workloads."",""Completion rate uses recent games without career shrinkage."",""Variance omits completion-rate uncertainty and dependence among components.""],""mean_stages"":{""before_adjustments"":31.789667,""after_defense"":30.804677,""after_venue"":30.804677,""final"":30.804677}}",0.5260663507109005,0.3241570539231569,0.0,0.3636363636363636,"{""version"":""nfl-calibration-trace-1"",""artifact_sha256"":""7c54bf5c44243e81b12bb6e72819cc44261a6c13e823cadd48cc848089163716"",""fitted_season"":2025,""fitted_weeks"":[4,5,6,7,9,10,11,12,14],""total_graded_rows"":12904,""market_sample_size"":null,""tail_sample_size"":null,""curve"":""market_specific"",""raw_probability"":0.324157,""fitted_raw_range"":[0.187653,0.812347],""outside_fitted_range"":false,""endpoint_probabilities"":[0.02,0.98],""limitation"":""Endpoint clipping is not held-out evidence; total rows are not independent games or tail sample size.""}",Calibration fitted; not prospectively validated,-1624.2998707453685,-30.876330876330872,2026-09-30T18:55:46.584610+00:00,2026,4,over,0.4948402542722694,0.5051757525497681,2,34.5,2026_04_DEN_SF,42.0,graded,win,0.9009009009009009,1.0,0.40495867768595056,0.24485103586468834,11.195322633295987,7.5
a7e7efb75a9792ac63480ae6328dca18,2026-10-04T20:25:00Z,San Francisco 49ers,Denver Broncos,Denver Broncos @ San Francisco 49ers,betrivers,BetRivers,player_pass_completions,pass_completions,Bo Nix,over,100,21.5,2026-09-30T18:54:32Z,bonix,bonix,21.5,17.39701707127045,4.575569621269694,,False,"{""version"":""nfl-projection-trace-1"",""current_sample"":[{""season"":2026,""week"":1,""attempts"":28,""completions"":17,""passing_yards"":131},{""season"":2026,""week"":2,""attempts"":31,""completions"":22,""passing_yards"":288},{""season"":2026,""week"":3,""attempts"":34,""completions"":17,""passing_yards"":186}],""recent_mean_weight"":0.428571,""yards_per_completion_recent_weight"":0.428571,""career_baselines"":{""attempts"":{""mean"":31.170379,""games"":36,""position_pool_mean"":27.802292},""yards_per_completion"":{""mean"":10.580768,""games"":36,""position_pool_mean"":10.957484}},""attempts"":31.789667,""completion_rate"":0.564752,""yards_per_completion"":10.829253,""limitations"":[""Appearance totals do not distinguish partial games from normal starter workloads."",""Completion rate uses recent games without career shrinkage."",""Variance omits completion-rate uncertainty and dependence among components.""],""mean_stages"":{""before_adjustments"":17.953293,""after_defense"":17.397017,""after_venue"":17.397017,""final"":17.397017}}",0.5,0.1849354479685969,0.0,0.4571428571428571,"{""version"":""nfl-calibration-trace-1"",""artifact_sha256"":""7c54bf5c44243e81b12bb6e72819cc44261a6c13e823cadd48cc848089163716"",""fitted_season"":2025,""fitted_weeks"":[4,5,6,7,9,10,11,12,14],""total_graded_rows"":12904,""market_sample_size"":null,""tail_sample_size"":null,""curve"":""market_specific"",""raw_probability"":0.184935,""fitted_raw_range"":[0.026155,0.973845],""outside_fitted_range"":false,""endpoint_probabilities"":[0.457143,0.542857],""limitation"":""Endpoint clipping is not held-out evidence; total rows are not independent games or tail sample size.""}",Calibration fitted; not prospectively validated,-428.5714285714287,-8.571428571428575,2026-09-30T18:55:46.584610+00:00,2026,4,over,,0.5145273990322432,2,21.5,2026_04_DEN_SF,25.0,graded,win,1.0,1.0,0.2946938775510205,0.2356836462903988,7.602982928729549,3.5
a7e7efb75a9792ac63480ae6328dca18,2026-10-04T20:25:00Z,San Francisco 49ers,Denver Broncos,Denver Broncos @ San Francisco 49ers,betrivers,BetRivers,player_pass_tds,pass_tds,Bo Nix,over,115,1.5,2026-09-30T18:54:32Z,bonix,bonix,1.5,1.2533333333333332,,1.2533333333333332,False,,0.4651162790697674,0.3565575778043259,0.0,0.5000000000000001,"{""version"":""nfl-calibration-trace-1"",""artifact_sha256"":""7c54bf5c44243e81b12bb6e72819cc44261a6c13e823cadd48cc848089163716"",""fitted_season"":2025,""fitted_weeks"":[4,5,6,7,9,10,11,12,14],""total_graded_rows"":12904,""market_sample_size"":null,""tail_sample_size"":null,""curve"":""pooled"",""raw_probability"":0.356558,""fitted_raw_range"":[4.8e-05,0.999952],""outside_fitted_range"":false,""endpoint_probabilities"":[0.25,0.75],""limitation"":""Endpoint clipping is not held-out evidence; total rows are not independent games or tail sample size.""}",Calibration fitted; not prospectively validated,348.8372093023268,7.500000000000018,2026-09-30T18:55:46.584610+00:00,2026,4,over,0.4353835521769177,0.4432111956266067,4,1.5,2026_04_DEN_SF,1.0,graded,loss,-1.0,0.0,0.2500000000000001,0.19643616392876626,0.2533333333333332,0.5
a7e7efb75a9792ac63480ae6328dca18,2026-10-04T20:25:00Z,San Francisco 49ers,Denver Broncos,Denver Broncos @ San Francisco 49ers,betonlineag,BetOnline.ag,player_pass_yds,pass_yds,Bo Nix,over,-114,221.5,2026-09-30T18:54:57Z,bonix,bonix,221.5,177.0928906212832,66.27545475278086,,False,"{""version"":""nfl-projection-trace-1"",""current_sample"":[{""season"":2026,""week"":1,""attempts"":28,""completions"":17,""passing_yards"":131},{""season"":2026,""week"":2,""attempts"":31,""completions"":22,""passing_yards"":288},{""season"":2026,""week"":3,""attempts"":34,""completions"":17,""passing_yards"":186}],""recent_mean_weight"":0.428571,""yards_per_completion_recent_weight"":0.428571,""career_baselines"":{""attempts"":{""mean"":31.170379,""games"":36,""position_pool_mean"":27.802292},""yards_per_completion"":{""mean"":10.580768,""games"":36,""position_pool_mean"":10.957484}},""attempts"":31.789667,""completion_rate"":0.564752,""yards_per_completion"":10.829253,""limitations"":[""Appearance totals do not distinguish partial games from normal starter workloads."",""Completion rate uses recent games without career shrinkage."",""Variance omits completion-rate uncertainty and dependence among components.""],""mean_stages"":{""before_adjustments"":194.42074,""after_defense"":188.396692,""after_venue"":177.092891,""final"":177.092891}}",0.5327102803738317,0.2514166090166096,0.0,0.4999999999999999,"{""version"":""nfl-calibration-trace-1"",""artifact_sha256"":""7c54bf5c44243e81b12bb6e72819cc44261a6c13e823cadd48cc848089163716"",""fitted_season"":2025,""fitted_weeks"":[4,5,6,7,9,10,11,12,14],""total_graded_rows"":12904,""market_sample_size"":null,""tail_sample_size"":null,""curve"":""market_specific"",""raw_probability"":0.251417,""fitted_raw_range"":[0.092856,0.907144],""outside_fitted_range"":false,""endpoint_probabilities"":[0.02,0.98],""limitation"":""Endpoint clipping is not held-out evidence; total rows are not independent games or tail sample size.""}",Calibration fitted; not prospectively validated,-327.1028037383178,-6.140350877192979,2026-09-30T18:55:46.584610+00:00,2026,4,over,0.5,0.5,2,221.5,2026_04_DEN_SF,214.0,graded,loss,-1.0,0.0,0.2499999999999999,0.25,36.9071093787168,7.5
a7e7efb75a9792ac63480ae6328dca18,2026-10-04T20:25:00Z,San Francisco 49ers,Denver Broncos,Denver Broncos @ San Francisco 49ers,draftkings,DraftKings,player_rush_attempts,rush_attempts,Bo Nix,over,-128,4.5,2026-09-30T18:55:26Z,bonix,bonix,4.5,5.314339763019734,3.748038458885817,,False,,0.5614035087719298,0.5860013907502027,0.0,0.506993006993007,"{""version"":""nfl-calibration-trace-1"",""artifact_sha256"":""7c54bf5c44243e81b12bb6e72819cc44261a6c13e823cadd48cc848089163716"",""fitted_season"":2025,""fitted_weeks"":[4,5,6,7,9,10,11,12,14],""total_graded_rows"":12904,""market_sample_size"":null,""tail_sample_size"":null,""curve"":""market_specific"",""raw_probability"":0.586001,""fitted_raw_range"":[4.8e-05,0.999952],""outside_fitted_range"":false,""endpoint_probabilities"":[0.405405,0.594595],""limitation"":""Endpoint clipping is not held-out evidence; total rows are not independent games or tail sample size.""}",Calibration fitted; not prospectively validated,-544.1050177892281,-9.691870629370625,2026-09-30T18:55:46.584610+00:00,2026,4,over,0.5301681503461919,0.5301681503461919,1,4.5,2026_04_DEN_SF,2.0,graded,loss,-1.0,0.0,0.25704190913981123,0.28107826764150234,3.314339763019734,2.5
a7e7efb75a9792ac63480ae6328dca18,2026-10-04T20:25:00Z,San Francisco 49ers,Denver Broncos,Denver Broncos @ San Francisco 49ers,fanduel,FanDuel,player_rush_yds,rush_yds,Bo Nix,over,-114,19.5,2026-09-30T18:55:16Z,bonix,bonix,19.5,16.18015106163098,16.041296806113518,,False,,0.5327102803738317,0.4180219569511935,0.0,0.4999999999999998,"{""version"":""nfl-calibration-trace-1"",""artifact_sha256"":""7c54bf5c44243e81b12bb6e72819cc44261a6c13e823cadd48cc848089163716"",""fitted_season"":2025,""fitted_weeks"":[4,5,6,7,9,10,11,12,14],""total_graded_rows"":12904,""market_sample_size"":null,""tail_sample_size"":null,""curve"":""market_specific"",""raw_probability"":0.418022,""fitted_raw_range"":[0.000122,0.999878],""outside_fitted_range"":false,""endpoint_probabilities"":[0.02,0.98],""limitation"":""Endpoint clipping is not held-out evidence; total rows are not independent games or tail sample size.""}",Calibration fitted; not prospectively validated,-327.10280373831944,-6.140350877193013,2026-09-30T18:55:46.584610+00:00,2026,4,over,0.5,0.5030953363598845,3,19.5,2026_04_DEN_SF,10.0,graded,loss,-1.0,0.0,0.24999999999999978,0.25310491746706526,6.18015106163098,9.5
a7e7efb75a9792ac63480ae6328dca18,2026-10-04T20:25:00Z,San Francisco 49ers,Denver Broncos,Denver Broncos @ San Francisco 49ers,draftkings,DraftKings,player_pass_attempts,pass_attempts,Brock Purdy,over,-104,31.5,2026-09-30T18:55:26Z,brockpurdy,brockpurdy,31.5,26.677884853851605,8.051142991152663,,False,"{""version"":""nfl-projection-trace-1"",""current_sample"":[{""season"":2026,""week"":1,""attempts"":34,""completions"":25,""passing_yards"":205},{""season"":2026,""week"":2,""attempts"":22,""completions"":20,""passing_yards"":287},{""season"":2026,""week"":3,""attempts"":27,""completions"":15,""passing_yards"":297}],""recent_mean_weight"":0.428571,""yards_per_completion_recent_weight"":0.428571,""career_baselines"":{""attempts"":{""mean"":28.352186,""games"":57,""position_pool_mean"":27.802292},""yards_per_completion"":{""mean"":11.842714,""games"":55,""position_pool_mean"":10.957484}},""attempts"":27.530919,""completion_rate"":0.66464,""yards_per_completion"":12.0,""limitations"":[""Appearance totals do not distinguish partial games from normal starter workloads."",""Completion rate uses recent games without career shrinkage."",""Variance omits completion-rate uncertainty and dependence among components.""],""mean_stages"":{""before_adjustments"":27.530919,""after_defense"":26.677885,""after_venue"":26.677885,""final"":26.677885}}",0.5098039215686274,0.2746079571418193,0.0,0.3636363636363636,"{""version"":""nfl-calibration-trace-1"",""artifact_sha256"":""7c54bf5c44243e81b12bb6e72819cc44261a6c13e823cadd48cc848089163716"",""fitted_season"":2025,""fitted_weeks"":[4,5,6,7,9,10,11,12,14],""total_graded_rows"":12904,""market_sample_size"":null,""tail_sample_size"":null,""curve"":""market_specific"",""raw_probability"":0.274608,""fitted_raw_range"":[0.187653,0.812347],""outside_fitted_range"":false,""endpoint_probabilities"":[0.02,0.98],""limitation"":""Endpoint clipping is not held-out evidence; total rows are not independent games or tail sample size.""}",Calibration fitted; not prospectively validated,-1461.6755793226378,-28.671328671328663,2026-09-30T18:55:46.584610+00:00,2026,4,over,0.480324745257228,0.481942744155821,2,31.5,2026_04_DEN_SF,30.0,graded,loss,-1.0,0.0,0.13223140495867766,0.23226880864444313,3.322115146148395,1.5
a7e7efb75a9792ac63480ae6328dca18,2026-10-04T20:25:00Z,San Francisco 49ers,Denver Broncos,Denver Broncos @ San Francisco 49ers,betonlineag,BetOnline.ag,player_pass_completions,pass_completions,Brock Purdy,over,-108,20.5,2026-09-30T18:54:57Z,brockpurdy,brockpurdy,20.5,17.731199274026483,5.351114660771134,,False,"{""version"":""nfl-projection-trace-1"",""current_sample"":[{""season"":2026,""week"":1,""attempts"":34,""completions"":25,""passing_yards"":205},{""season"":2026,""week"":2,""attempts"":22,""completions"":20,""passing_yards"":287},{""season"":2026,""week"":3,""attempts"":27,""completions"":15,""passing_yards"":297}],""recent_mean_weight"":0.428571,""yards_per_completion_recent_weight"":0.428571,""career_baselines"":{""attempts"":{""mean"":28.352186,""games"":57,""position_pool_mean"":27.802292},""yards_per_completion"":{""mean"":11.842714,""games"":55,""position_pool_mean"":10.957484}},""attempts"":27.530919,""completion_rate"":0.66464,""yards_per_completion"":12.0,""limitations"":[""Appearance totals do not distinguish partial games from normal starter workloads."",""Completion rate uses recent games without career shrinkage."",""Variance omits completion-rate uncertainty and dependence among components.""],""mean_stages"":{""before_adjustments"":18.29816,""after_defense"":17.731199,""after_venue"":17.731199,""final"":17.731199}}",0.5192307692307693,0.3024297413130891,0.0,0.5000000000000001,"{""version"":""nfl-calibration-trace-1"",""artifact_sha256"":""7c54bf5c44243e81b12bb6e72819cc44261a6c13e823cadd48cc848089163716"",""fitted_season"":2025,""fitted_weeks"":[4,5,6,7,9,10,11,12,14],""total_graded_rows"":12904,""market_sample_size"":null,""tail_sample_size"":null,""curve"":""market_specific"",""raw_probability"":0.30243,""fitted_raw_range"":[0.026155,0.973845],""outside_fitted_range"":false,""endpoint_probabilities"":[0.457143,0.542857],""limitation"":""Endpoint clipping is not held-out evidence; total rows are not independent games or tail sample size.""}",Calibration fitted; not prospectively validated,-192.30769230769164,-3.703703703703687,2026-09-30T18:55:46.584610+00:00,2026,4,over,0.4876847290640395,0.489684878979282,2,20.5,2026_04_DEN_SF,19.0,graded,loss,-1.0,0.0,0.2500000000000001,0.23979128070095404,1.2688007259735166,1.5
a7e7efb75a9792ac63480ae6328dca18,2026-10-04T20:25:00Z,San Francisco 49ers,Denver Broncos,Denver Broncos @ San Francisco 49ers,betrivers,BetRivers,player_pass_tds,pass_tds,Brock Purdy,over,-109,1.5,2026-09-30T18:54:32Z,brockpurdy,brockpurdy,1.5,3.18,,3.18,False,,0.5215311004784688,0.8261719615934962,0.0,0.5333333333333333,"{""version"":""nfl-calibration-trace-1"",""artifact_sha256"":""7c54bf5c44243e81b12bb6e72819cc44261a6c13e823cadd48cc848089163716"",""fitted_season"":2025,""fitted_weeks"":[4,5,6,7,9,10,11,12,14],""total_graded_rows"":12904,""market_sample_size"":null,""tail_sample_size"":null,""curve"":""pooled"",""raw_probability"":0.826172,""fitted_raw_range"":[4.8e-05,0.999952],""outside_fitted_range"":false,""endpoint_probabilities"":[0.25,0.75],""limitation"":""Endpoint clipping is not held-out evidence; total rows are not independent games or tail sample size.""}",Calibration fitted; not prospectively validated,118.0223285486448,2.2629969418960227,2026-09-30T18:55:46.584610+00:00,2026,4,over,0.4869204764971024,0.5015476681799422,4,1.5,2026_04_DEN_SF,2.0,graded,win,0.9174311926605505,1.0,0.2177777777777778,0.24845472709685298,1.1800000000000002,0.5
a7e7efb75a9792ac63480ae6328dca18,2026-10-04T20:25:00Z,San Francisco 49ers,Denver Broncos,Denver Broncos @ San Francisco 49ers,betonlineag,BetOnline.ag,player_pass_yds,pass_yds,Brock Purdy,over,-114,229.5,2026-09-30T18:54:57Z,brockpurdy,brockpurdy,229.5,225.54085476561687,84.47935667027313,,False,"{""version"":""nfl-projection-trace-1"",""current_sample"":[{""season"":2026,""week"":1,""attempts"":34,""completions"":25,""passing_yards"":205},{""season"":2026,""week"":2,""attempts"":22,""completions"":20,""passing_yards"":287},{""season"":2026,""week"":3,""attempts"":27,""completions"":15,""passing_yards"":297}],""recent_mean_weight"":0.428571,""yards_per_completion_recent_weight"":0.428571,""career_baselines"":{""attempts"":{""mean"":28.352186,""games"":57,""position_pool_mean"":27.802292},""yards_per_completion"":{""mean"":11.842714,""games"":55,""position_pool_mean"":10.957484}},""attempts"":27.530919,""completion_rate"":0.66464,""yards_per_completion"":12.0,""limitations"":[""Appearance totals do not distinguish partial games from normal starter workloads."",""Completion rate uses recent games without career shrinkage."",""Variance omits completion-rate uncertainty and dependence among components.""],""mean_stages"":{""before_adjustments"":219.577924,""after_defense"":212.774391,""after_venue"":225.540855,""final"":225.540855}}",0.5327102803738317,0.4813103164792692,0.0,0.4999999999999999,"{""version"":""nfl-calibration-trace-1"",""artifact_sha256"":""7c54bf5c44243e81b12bb6e72819cc44261a6c13e823cadd48cc848089163716"",""fitted_season"":2025,""fitted_weeks"":[4,5,6,7,9,10,11,12,14],""total_graded_rows"":12904,""market_sample_size"":null,""tail_sample_size"":null,""curve"":""market_specific"",""raw_probability"":0.48131,""fitted_raw_range"":[0.092856,0.907144],""outside_fitted_range"":false,""endpoint_probabilities"":[0.02,0.98],""limitation"":""Endpoint clipping is not held-out evidence; total rows are not independent games or tail sample size.""}",Calibration fitted; not prospectively validated,-327.1028037383178,-6.140350877192979,2026-09-30T18:55:46.584610+00:00,2026,4,over,0.5,0.5,2,230.5,2026_04_DEN_SF,218.0,graded,loss,-1.0,0.0,0.2499999999999999,0.25,7.540854765616871,11.5
a7e7efb75a9792ac63480ae6328dca18,2026-10-04T20:25:00Z,San Francisco 49ers,Denver Broncos,Denver Broncos @ San Francisco 49ers,draftkings,DraftKings,player_rush_attempts,rush_attempts,Brock Purdy,over,117,4.5,2026-09-30T18:55:26Z,brockpurdy,brockpurdy,4.5,4.137175074644363,3.361224397728264,,False,,0.4608294930875576,0.4570199485897472,0.0,0.4927536231884058,"{""version"":""nfl-calibration-trace-1"",""artifact_sha256"":""7c54bf5c44243e81b12bb6e72819cc44261a6c13e823cadd48cc848089163716"",""fitted_season"":2025,""fitted_weeks"":[4,5,6,7,9,10,11,12,14],""total_graded_rows"":12904,""market_sample_size"":null,""tail_sample_size"":null,""curve"":""market_specific"",""raw_probability"":0.45702,""fitted_raw_range"":[4.8e-05,0.999952],""outside_fitted_range"":false,""endpoint_probabilities"":[0.405405,0.594595],""limitation"":""Endpoint clipping is not held-out evidence; total rows are not independent games or tail sample size.""}",Calibration fitted; not prospectively validated,319.24130100848214,6.927536231884068,2026-09-30T18:55:46.584610+00:00,2026,4,over,0.4350636870337043,0.4350636870337043,1,4.5,2026_04_DEN_SF,10.0,graded,win,1.17,1.0,0.25729888678848983,0.31915303770795234,5.862824925355637,5.5
a7e7efb75a9792ac63480ae6328dca18,2026-10-04T20:25:00Z,San Francisco 49ers,Denver Broncos,Denver Broncos @ San Francisco 49ers,draftkings,DraftKings,player_rush_yds,rush_yds,Brock Purdy,over,-107,17.5,2026-09-30T18:55:26Z,brockpurdy,brockpurdy,17.5,27.418925004505773,23.353256177153767,,False,,0.5169082125603864,0.6644847506301146,0.0,0.4999999999999998,"{""version"":""nfl-calibration-trace-1"",""artifact_sha256"":""7c54bf5c44243e81b12bb6e72819cc44261a6c13e823cadd48cc848089163716"",""fitted_season"":2025,""fitted_weeks"":[4,5,6,7,9,10,11,12,14],""total_graded_rows"":12904,""market_sample_size"":null,""tail_sample_size"":null,""curve"":""market_specific"",""raw_probability"":0.664485,""fitted_raw_range"":[0.000122,0.999878],""outside_fitted_range"":false,""endpoint_probabilities"":[0.02,0.98],""limitation"":""Endpoint clipping is not held-out evidence; total rows are not independent games or tail sample size.""}",Calibration fitted; not prospectively validated,-169.0821256038666,-3.271028037383217,2026-09-30T18:55:46.584610+00:00,2026,4,over,0.4894599266410894,0.5051597457277305,3,17.5,2026_04_DEN_SF,29.0,graded,win,0.9345794392523364,1.0,0.2500000000000002,0.24486687724824435,1.5810749954942267,11.5
a7e7efb75a9792ac63480ae6328dca18,2026-10-04T20:25:00Z,San Francisco 49ers,Denver Broncos,Denver Broncos @ San Francisco 49ers,fanduel,FanDuel,player_receptions,receptions,Christian McCaffrey,over,-122,4.5,2026-09-30T18:55:16Z,christianmccaffrey,christianmccaffrey,4.5,4.139657021270815,1.865311667124926,,False,,0.5495495495495496,0.4234085659803321,0.0,0.4579439252336449,"{""version"":""nfl-calibration-trace-1"",""artifact_sha256"":""7c54bf5c44243e81b12bb6e72819cc44261a6c13e823cadd48cc848089163716"",""fitted_season"":2025,""fitted_weeks"":[4,5,6,7,9,10,11,12,14],""total_graded_rows"":12904,""market_sample_size"":null,""tail_sample_size"":null,""curve"":""market_specific"",""raw_probability"":0.423409,""fitted_raw_range"":[0.000771,0.999229],""outside_fitted_range"":false,""endpoint_probabilities"":[0.166667,0.833333],""limitation"":""Endpoint clipping is not held-out evidence; total rows are not independent games or tail sample size.""}",Calibration fitted; not prospectively validated,-916.0562431590467,-16.669220162402333,2026-09-30T18:55:46.584610+00:00,2026,4,over,0.5141838223374939,0.5238589211618258,3,4.5,2026_04_DEN_SF,3.0,graded,loss,-1.0,0.0,0.20971263865839815,0.27442816928083197,1.139657021270815,1.5
a7e7efb75a9792ac63480ae6328dca18,2026-10-04T20:25:00Z,San Francisco 49ers,Denver Broncos,Denver Broncos @ San Francisco 49ers,betonlineag,BetOnline.ag,player_reception_yds,recv_yds,Christian McCaffrey,over,-114,38.5,2026-09-30T18:54:57Z,christianmccaffrey,christianmccaffrey,38.5,38.2273523023985,22.491268899032377,,False,,0.5327102803738317,0.4951639887121997,0.0,0.5000000000000002,"{""version"":""nfl-calibration-trace-1"",""artifact_sha256"":""7c54bf5c44243e81b12bb6e72819cc44261a6c13e823cadd48cc848089163716"",""fitted_season"":2025,""fitted_weeks"":[4,5,6,7,9,10,11,12,14],""total_graded_rows"":12904,""market_sample_size"":null,""tail_sample_size"":null,""curve"":""market_specific"",""raw_probability"":0.495164,""fitted_raw_range"":[0.012265,0.987735],""outside_fitted_range"":false,""endpoint_probabilities"":[0.483696,0.516304],""limitation"":""Endpoint clipping is not held-out evidence; total rows are not independent games or tail sample size.""}",Calibration fitted; not prospectively validated,-327.102803738315,-6.140350877192935,2026-09-30T18:55:46.584610+00:00,2026,4,over,0.5,0.5,3,38.5,2026_04_DEN_SF,18.0,graded,loss,-1.0,0.0,0.2500000000000002,0.25,20.2273523023985,20.5
a7e7efb75a9792ac63480ae6328dca18,2026-10-04T20:25:00Z,San Francisco 49ers,Denver Broncos,Denver Broncos @ San Francisco 49ers,betonlineag,BetOnline.ag,player_rush_attempts,rush_attempts,Christian McCaffrey,over,-118,15.5,2026-09-30T18:54:57Z,christianmccaffrey,christianmccaffrey,15.5,13.313187149243532,4.9118267514609535,,False,,0.5412844036697247,0.3280826422858751,0.0,0.4915254237288136,"{""version"":""nfl-calibration-trace-1"",""artifact_sha256"":""7c54bf5c44243e81b12bb6e72819cc44261a6c13e823cadd48cc848089163716"",""fitted_season"":2025,""fitted_weeks"":[4,5,6,7,9,10,11,12,14],""total_graded_rows"":12904,""market_sample_size"":null,""tail_sample_size"":null,""curve"":""market_specific"",""raw_probability"":0.328083,""fitted_raw_range"":[4.8e-05,0.999952],""outside_fitted_range"":false,""endpoint_probabilities"":[0.405405,0.594595],""limitation"":""Endpoint clipping is not held-out evidence; total rows are not independent games or tail sample size.""}",Calibration fitted; not prospectively validated,-497.5897994091116,-9.192760700948,2026-09-30T18:55:46.584610+00:00,2026,4,over,0.5082034454470877,0.5181349867568079,2,15.5,2026_04_DEN_SF,15.0,graded,loss,-1.0,0.0,0.24159724217178974,0.2684638645014775,1.6868128507564677,0.5
a7e7efb75a9792ac63480ae6328dca18,2026-10-04T20:25:00Z,San Francisco 49ers,Denver Broncos,Denver Broncos @ San Francisco 49ers,betonlineag,BetOnline.ag,player_rush_yds,rush_yds,Christian McCaffrey,over,-114,65.5,2026-09-30T18:54:57Z,christianmccaffrey,christianmccaffrey,65.5,59.35256460810094,32.07298322405997,,False,,0.5327102803738317,0.424000271604466,0.0,0.4999999999999998,"{""version"":""nfl-calibration-trace-1"",""artifact_sha256"":""7c54bf5c44243e81b12bb6e72819cc44261a6c13e823cadd48cc848089163716"",""fitted_season"":2025,""fitted_weeks"":[4,5,6,7,9,10,11,12,14],""total_graded_rows"":12904,""market_sample_size"":null,""tail_sample_size"":null,""curve"":""market_specific"",""raw_probability"":0.424,""fitted_raw_range"":[0.000122,0.999878],""outside_fitted_range"":false,""endpoint_probabilities"":[0.02,0.98],""limitation"":""Endpoint clipping is not held-out evidence; total rows are not independent games or tail sample size.""}",Calibration fitted; not prospectively validated,-327.10280373831944,-6.140350877193013,2026-09-30T18:55:46.584610+00:00,2026,4,over,0.5,0.5,3,65.5,2026_04_DEN_SF,52.0,graded,loss,-1.0,0.0,0.24999999999999978,0.25,7.352564608100941,13.5
a7e7efb75a9792ac63480ae6328dca18,2026-10-04T20:25:00Z,San Francisco 49ers,Denver Broncos,Denver Broncos @ San Francisco 49ers,betrivers,BetRivers,player_receptions,receptions,Courtland Sutton,over,118,3.5,2026-09-30T18:54:32Z,courtlandsutton,courtlandsutton,3.5,2.920876673493839,1.3296425196179773,,False,,0.4587155963302752,0.3315823020739549,0.0,0.4524271844660194,"{""version"":""nfl-calibration-trace-1"",""artifact_sha256"":""7c54bf5c44243e81b12bb6e72819cc44261a6c13e823cadd48cc848089163716"",""fitted_season"":2025,""fitted_weeks"":[4,5,6,7,9,10,11,12,14],""total_graded_rows"":12904,""market_sample_size"":null,""tail_sample_size"":null,""curve"":""market_specific"",""raw_probability"":0.331582,""fitted_raw_range"":[0.000771,0.999229],""outside_fitted_range"":false,""endpoint_probabilities"":[0.166667,0.833333],""limitation"":""Endpoint clipping is not held-out evidence; total rows are not independent games or tail sample size.""}",Calibration fitted; not prospectively validated,-62.88411864255827,-1.370873786407767,2026-09-30T18:55:46.584610+00:00,2026,4,over,,0.4435191889934829,3,3.5,2026_04_DEN_SF,1.0,graded,loss,-1.0,0.0,0.20469035724384957,0.1967092710054368,1.9208766734938392,2.5
a7e7efb75a9792ac63480ae6328dca18,2026-10-04T20:25:00Z,San Francisco 49ers,Denver Broncos,Denver Broncos @ San Francisco 49ers,betrivers,BetRivers,player_reception_yds,recv_yds,Courtland Sutton,over,-113,38.5,2026-09-30T18:54:32Z,courtlandsutton,courtlandsutton,38.5,36.64464307045495,24.55976635477373,,False,,0.5305164319248826,0.4698907195031215,0.0,0.5000000000000002,"{""version"":""nfl-calibration-trace-1"",""artifact_sha256"":""7c54bf5c44243e81b12bb6e72819cc44261a6c13e823cadd48cc848089163716"",""fitted_season"":2025,""fitted_weeks"":[4,5,6,7,9,10,11,12,14],""total_graded_rows"":12904,""market_sample_size"":null,""tail_sample_size"":null,""curve"":""market_specific"",""raw_probability"":0.469891,""fitted_raw_range"":[0.012265,0.987735],""outside_fitted_range"":false,""endpoint_probabilities"":[0.483696,0.516304],""limitation"":""Endpoint clipping is not held-out evidence; total rows are not independent games or tail sample size.""}",Calibration fitted; not prospectively validated,-305.16431924882403,-5.752212389380484,2026-09-30T18:55:46.584610+00:00,2026,4,over,0.4949766918501849,0.5,3,38.5,2026_04_DEN_SF,4.0,graded,loss,-1.0,0.0,0.2500000000000002,0.25,32.64464307045495,34.5
a7e7efb75a9792ac63480ae6328dca18,2026-10-04T20:25:00Z,San Francisco 49ers,Denver Broncos,Denver Broncos @ San Francisco 49ers,betonlineag,BetOnline.ag,player_receptions,receptions,Evan Engram,over,117,2.5,2026-09-30T18:54:57Z,evanengram,evanengram,2.5,1.805482307874976,1.1825303296531318,,False,,0.4608294930875576,0.2784961151799093,0.0,0.4524271844660194,"{""version"":""nfl-calibration-trace-1"",""artifact_sha256"":""7c54bf5c44243e81b12bb6e72819cc44261a6c13e823cadd48cc848089163716"",""fitted_season"":2025,""fitted_weeks"":[4,5,6,7,9,10,11,12,14],""total_graded_rows"":12904,""market_sample_size"":null,""tail_sample_size"":null,""curve"":""market_specific"",""raw_probability"":0.278496,""fitted_raw_range"":[0.000771,0.999229],""outside_fitted_range"":false,""endpoint_probabilities"":[0.166667,0.833333],""limitation"":""Endpoint clipping is not held-out evidence; total rows are not independent games or tail sample size.""}",Calibration fitted; not prospectively validated,-84.0230862153818,-1.8233009708737868,2026-09-30T18:55:46.584610+00:00,2026,4,over,0.4331087584215592,0.4479619757636044,2,2.5,2026_04_DEN_SF,1.0,graded,loss,-1.0,0.0,0.20469035724384957,0.20066993173003211,0.805482307874976,1.5
a7e7efb75a9792ac63480ae6328dca18,2026-10-04T20:25:00Z,San Francisco 49ers,Denver Broncos,Denver Broncos @ San Francisco 49ers,betonlineag,BetOnline.ag,player_reception_yds,recv_yds,Evan Engram,over,-123,16.5,2026-09-30T18:54:57Z,evanengram,evanengram,16.5,19.804127236708187,15.37805983534292,,False,,0.5515695067264574,0.5850616956201763,0.0,0.5000000000000002,"{""version"":""nfl-calibration-trace-1"",""artifact_sha256"":""7c54bf5c44243e81b12bb6e72819cc44261a6c13e823cadd48cc848089163716"",""fitted_season"":2025,""fitted_weeks"":[4,5,6,7,9,10,11,12,14],""total_graded_rows"":12904,""market_sample_size"":null,""tail_sample_size"":null,""curve"":""market_specific"",""raw_probability"":0.585062,""fitted_raw_range"":[0.012265,0.987735],""outside_fitted_range"":false,""endpoint_probabilities"":[0.483696,0.516304],""limitation"":""Endpoint clipping is not held-out evidence; total rows are not independent games or tail sample size.""}",Calibration fitted; not prospectively validated,-515.6950672645721,-9.349593495934927,2026-09-30T18:55:46.584610+00:00,2026,4,over,0.5185070943861814,0.5185070943861814,1,17.0,2026_04_DEN_SF,6.0,graded,loss,-1.0,0.0,0.2500000000000002,0.2688496069288004,13.804127236708187,10.5
a7e7efb75a9792ac63480ae6328dca18,2026-10-04T20:25:00Z,San Francisco 49ers,Denver Broncos,Denver Broncos @ San Francisco 49ers,betrivers,BetRivers,player_receptions,receptions,George Kittle,over,-143,4.5,2026-09-30T18:54:32Z,georgekittle,georgekittle,4.5,4.630082939034579,2.00184261455664,,False,,0.588477366255144,0.5259056754151644,0.0,0.5408805031446541,"{""version"":""nfl-calibration-trace-1"",""artifact_sha256"":""7c54bf5c44243e81b12bb6e72819cc44261a6c13e823cadd48cc848089163716"",""fitted_season"":2025,""fitted_weeks"":[4,5,6,7,9,10,11,12,14],""total_graded_rows"":12904,""market_sample_size"":null,""tail_sample_size"":null,""curve"":""market_specific"",""raw_probability"":0.525906,""fitted_raw_range"":[0.000771,0.999229],""outside_fitted_range"":false,""endpoint_probabilities"":[0.166667,0.833333],""limitation"":""Endpoint clipping is not held-out evidence; total rows are not independent games or tail sample size.""}",Calibration fitted; not prospectively validated,-475.9686311048994,-8.088138276817524,2026-09-30T18:55:46.584610+00:00,2026,4,over,,0.558797046641455,3,4.5,2026_04_DEN_SF,4.0,graded,loss,-1.0,0.0,0.29255171868201413,0.31225413933521246,0.6300829390345788,0.5
a7e7efb75a9792ac63480ae6328dca18,2026-10-04T20:25:00Z,San Francisco 49ers,Denver Broncos,Denver Broncos @ San Francisco 49ers,betonlineag,BetOnline.ag,player_reception_yds,recv_yds,George Kittle,over,-114,64.5,2026-09-30T18:54:57Z,georgekittle,georgekittle,64.5,63.05901720977599,37.1103147563618,,False,,0.5327102803738317,0.4845130784432441,0.0,0.5000000000000002,"{""version"":""nfl-calibration-trace-1"",""artifact_sha256"":""7c54bf5c44243e81b12bb6e72819cc44261a6c13e823cadd48cc848089163716"",""fitted_season"":2025,""fitted_weeks"":[4,5,6,7,9,10,11,12,14],""total_graded_rows"":12904,""market_sample_size"":null,""tail_sample_size"":null,""curve"":""market_specific"",""raw_probability"":0.484513,""fitted_raw_range"":[0.012265,0.987735],""outside_fitted_range"":false,""endpoint_probabilities"":[0.483696,0.516304],""limitation"":""Endpoint clipping is not held-out evidence; total rows are not independent games or tail sample size.""}",Calibration fitted; not prospectively validated,-327.102803738315,-6.140350877192935,2026-09-30T18:55:46.584610+00:00,2026,4,over,0.5,0.5,2,64.5,2026_04_DEN_SF,70.0,graded,win,0.8771929824561403,1.0,0.24999999999999978,0.25,6.940982790224012,5.5
a7e7efb75a9792ac63480ae6328dca18,2026-10-04T20:25:00Z,San Francisco 49ers,Denver Broncos,Denver Broncos @ San Francisco 49ers,draftkings,DraftKings,player_rush_attempts,rush_attempts,J.K. Dobbins,over,-118,13.5,2026-09-30T18:55:26Z,jkdobbins,jkdobbins,13.5,11.927386885742024,5.027134441422328,,False,,0.5412844036697247,0.3772068267821631,0.0,0.4915254237288136,"{""version"":""nfl-calibration-trace-1"",""artifact_sha256"":""7c54bf5c44243e81b12bb6e72819cc44261a6c13e823cadd48cc848089163716"",""fitted_season"":2025,""fitted_weeks"":[4,5,6,7,9,10,11,12,14],""total_graded_rows"":12904,""market_sample_size"":null,""tail_sample_size"":null,""curve"":""market_specific"",""raw_probability"":0.377207,""fitted_raw_range"":[4.8e-05,0.999952],""outside_fitted_range"":false,""endpoint_probabilities"":[0.405405,0.594595],""limitation"":""Endpoint clipping is not held-out evidence; total rows are not independent games or tail sample size.""}",Calibration fitted; not prospectively validated,-497.5897994091116,-9.192760700948,2026-09-30T18:55:46.584610+00:00,2026,4,over,0.510397604391948,0.51503642956736,2,13.5,2026_04_DEN_SF,11.0,graded,loss,-1.0,0.0,0.24159724217178974,0.2652625237814941,0.927386885742024,2.5
a7e7efb75a9792ac63480ae6328dca18,2026-10-04T20:25:00Z,San Francisco 49ers,Denver Broncos,Denver Broncos @ San Francisco 49ers,draftkings,DraftKings,player_rush_yds,rush_yds,J.K. Dobbins,over,-113,59.5,2026-09-30T18:55:26Z,jkdobbins,jkdobbins,59.5,48.40170281180032,32.34701385131283,,False,,0.5305164319248826,0.36576118839046,0.0,0.4999999999999998,"{""version"":""nfl-calibration-trace-1"",""artifact_sha256"":""7c54bf5c44243e81b12bb6e72819cc44261a6c13e823cadd48cc848089163716"",""fitted_season"":2025,""fitted_weeks"":[4,5,6,7,9,10,11,12,14],""total_graded_rows"":12904,""market_sample_size"":null,""tail_sample_size"":null,""curve"":""market_specific"",""raw_probability"":0.365761,""fitted_raw_range"":[0.000122,0.999878],""outside_fitted_range"":false,""endpoint_probabilities"":[0.02,0.98],""limitation"":""Endpoint clipping is not held-out evidence; total rows are not independent games or tail sample size.""}",Calibration fitted; not prospectively validated,-305.16431924882846,-5.752212389380573,2026-09-30T18:55:46.584610+00:00,2026,4,over,0.5021058838394474,0.5021058838394474,3,59.5,2026_04_DEN_SF,40.0,graded,loss,-1.0,0.0,0.24999999999999978,0.25211031858619265,8.40170281180032,19.5
a7e7efb75a9792ac63480ae6328dca18,2026-10-04T20:25:00Z,San Francisco 49ers,Denver Broncos,Denver Broncos @ San Francisco 49ers,betrivers,BetRivers,player_receptions,receptions,Jaylen Waddle,over,117,4.5,2026-09-30T18:54:32Z,jaylenwaddle,jaylenwaddle,4.5,3.0441355762789155,1.370207378765935,,False,,0.4608294930875576,0.1440012192999627,0.0,0.4210526315789473,"{""version"":""nfl-calibration-trace-1"",""artifact_sha256"":""7c54bf5c44243e81b12bb6e72819cc44261a6c13e823cadd48cc848089163716"",""fitted_season"":2025,""fitted_weeks"":[4,5,6,7,9,10,11,12,14],""total_graded_rows"":12904,""market_sample_size"":null,""tail_sample_size"":null,""curve"":""market_specific"",""raw_probability"":0.144001,""fitted_raw_range"":[0.000771,0.999229],""outside_fitted_range"":false,""endpoint_probabilities"":[0.166667,0.833333],""limitation"":""Endpoint clipping is not held-out evidence; total rows are not independent games or tail sample size.""}",Calibration fitted; not prospectively validated,-397.7686150861026,-8.631578947368423,2026-09-30T18:55:46.584610+00:00,2026,4,over,,0.4604231974921629,3,4.5,2026_04_DEN_SF,5.0,graded,win,1.17,1.0,0.33518005540166207,0.29114312580458146,1.9558644237210845,0.5
a7e7efb75a9792ac63480ae6328dca18,2026-10-04T20:25:00Z,San Francisco 49ers,Denver Broncos,Denver Broncos @ San Francisco 49ers,betrivers,BetRivers,player_reception_yds,recv_yds,Jaylen Waddle,over,-113,56.5,2026-09-30T18:54:32Z,jaylenwaddle,jaylenwaddle,56.5,33.11176559351791,24.781654319574283,,False,,0.5305164319248826,0.1726430555608132,0.0,0.4836956521739131,"{""version"":""nfl-calibration-trace-1"",""artifact_sha256"":""7c54bf5c44243e81b12bb6e72819cc44261a6c13e823cadd48cc848089163716"",""fitted_season"":2025,""fitted_weeks"":[4,5,6,7,9,10,11,12,14],""total_graded_rows"":12904,""market_sample_size"":null,""tail_sample_size"":null,""curve"":""market_specific"",""raw_probability"":0.172643,""fitted_raw_range"":[0.012265,0.987735],""outside_fitted_range"":false,""endpoint_probabilities"":[0.483696,0.516304],""limitation"":""Endpoint clipping is not held-out evidence; total rows are not independent games or tail sample size.""}",Calibration fitted; not prospectively validated,-468.2077975096949,-8.825509811465926,2026-09-30T18:55:46.584610+00:00,2026,4,over,0.4959548561951377,0.5,3,56.5,2026_04_DEN_SF,35.0,graded,loss,-1.0,0.0,0.2339614839319471,0.25,1.8882344064820913,21.5
a7e7efb75a9792ac63480ae6328dca18,2026-10-04T20:25:00Z,San Francisco 49ers,Denver Broncos,Denver Broncos @ San Francisco 49ers,betonlineag,BetOnline.ag,player_rush_yds,rush_yds,Kaelon Black,over,-114,23.5,2026-09-30T18:54:57Z,kaelonblack,kaelonblack,23.5,28.802261193252576,27.92769826530237,,False,,0.5327102803738317,0.5752892960597408,0.0,0.4999999999999998,"{""version"":""nfl-calibration-trace-1"",""artifact_sha256"":""7c54bf5c44243e81b12bb6e72819cc44261a6c13e823cadd48cc848089163716"",""fitted_season"":2025,""fitted_weeks"":[4,5,6,7,9,10,11,12,14],""total_graded_rows"":12904,""market_sample_size"":null,""tail_sample_size"":null,""curve"":""market_specific"",""raw_probability"":0.575289,""fitted_raw_range"":[0.000122,0.999878],""outside_fitted_range"":false,""endpoint_probabilities"":[0.02,0.98],""limitation"":""Endpoint clipping is not held-out evidence; total rows are not independent games or tail sample size.""}",Calibration fitted; not prospectively validated,-327.10280373831944,-6.140350877193013,2026-09-30T18:55:46.584610+00:00,2026,4,over,0.5,0.5,3,23.5,2026_04_DEN_SF,13.0,graded,loss,-1.0,0.0,0.24999999999999978,0.25,15.802261193252576,10.5
a7e7efb75a9792ac63480ae6328dca18,2026-10-04T20:25:00Z,San Francisco 49ers,Denver Broncos,Denver Broncos @ San Francisco 49ers,betrivers,BetRivers,player_receptions,receptions,Pat Bryant,over,125,2.5,2026-09-30T18:54:32Z,patbryant,patbryant,2.5,2.147183790107285,1.9202111282851,,False,,0.4444444444444444,0.4271094048627161,0.0,0.4579439252336449,"{""version"":""nfl-calibration-trace-1"",""artifact_sha256"":""7c54bf5c44243e81b12bb6e72819cc44261a6c13e823cadd48cc848089163716"",""fitted_season"":2025,""fitted_weeks"":[4,5,6,7,9,10,11,12,14],""total_graded_rows"":12904,""market_sample_size"":null,""tail_sample_size"":null,""curve"":""market_specific"",""raw_probability"":0.427109,""fitted_raw_range"":[0.000771,0.999229],""outside_fitted_range"":false,""endpoint_probabilities"":[0.166667,0.833333],""limitation"":""Endpoint clipping is not held-out evidence; total rows are not independent games or tail sample size.""}",Calibration fitted; not prospectively validated,134.9948078920049,3.0373831775701188,2026-09-30T18:55:46.584610+00:00,2026,4,over,,0.4498870615467901,3,2.5,2026_04_DEN_SF,3.0,graded,win,1.25,1.0,0.29382478819110835,0.3026242450536252,0.852816209892715,0.5
a7e7efb75a9792ac63480ae6328dca18,2026-10-04T20:25:00Z,San Francisco 49ers,Denver Broncos,Denver Broncos @ San Francisco 49ers,draftkings,DraftKings,player_reception_yds,recv_yds,Pat Bryant,over,-113,23.5,2026-09-30T18:55:26Z,patbryant,patbryant,23.5,30.602094139573225,31.39100922219451,,False,,0.5305164319248826,0.5894950003189279,0.0,0.5010141987829615,"{""version"":""nfl-calibration-trace-1"",""artifact_sha256"":""7c54bf5c44243e81b12bb6e72819cc44261a6c13e823cadd48cc848089163716"",""fitted_season"":2025,""fitted_weeks"":[4,5,6,7,9,10,11,12,14],""total_graded_rows"":12904,""market_sample_size"":null,""tail_sample_size"":null,""curve"":""market_specific"",""raw_probability"":0.589495,""fitted_raw_range"":[0.012265,0.987735],""outside_fitted_range"":false,""endpoint_probabilities"":[0.483696,0.516304],""limitation"":""Endpoint clipping is not held-out evidence; total rows are not independent games or tail sample size.""}",Calibration fitted; not prospectively validated,-295.0223314192113,-5.561040406397522,2026-09-30T18:55:46.584610+00:00,2026,4,over,0.5021058838394474,0.502600610099666,2,23.0,2026_04_DEN_SF,47.0,graded,win,0.8849557522123894,1.0,0.24898682981620987,0.24740615307322453,16.397905860426775,23.5
a7e7efb75a9792ac63480ae6328dca18,2026-10-04T20:25:00Z,San Francisco 49ers,Denver Broncos,Denver Broncos @ San Francisco 49ers,betrivers,BetRivers,player_receptions,receptions,RJ Harvey,over,102,3.5,2026-09-30T18:54:32Z,rjharvey,rjharvey,3.5,3.1798366360781167,1.7214370630981537,,False,,0.495049504950495,0.4262278312902516,0.0,0.4579439252336449,"{""version"":""nfl-calibration-trace-1"",""artifact_sha256"":""7c54bf5c44243e81b12bb6e72819cc44261a6c13e823cadd48cc848089163716"",""fitted_season"":2025,""fitted_weeks"":[4,5,6,7,9,10,11,12,14],""total_graded_rows"":12904,""market_sample_size"":null,""tail_sample_size"":null,""curve"":""market_specific"",""raw_probability"":0.426228,""fitted_raw_range"":[0.000771,0.999229],""outside_fitted_range"":false,""endpoint_probabilities"":[0.166667,0.833333],""limitation"":""Endpoint clipping is not held-out evidence; total rows are not independent games or tail sample size.""}",Calibration fitted; not prospectively validated,-371.0557971685013,-7.495327102803728,2026-09-30T18:55:46.584610+00:00,2026,4,over,,0.4693877551020409,3,3.5,2026_04_DEN_SF,10.0,graded,win,1.02,1.0,0.29382478819110835,0.2815493544356517,6.820163363921884,6.5
a7e7efb75a9792ac63480ae6328dca18,2026-10-04T20:25:00Z,San Francisco 49ers,Denver Broncos,Denver Broncos @ San Francisco 49ers,fanduel,FanDuel,player_reception_yds,recv_yds,RJ Harvey,over,-114,21.5,2026-09-30T18:55:16Z,rjharvey,rjharvey,21.5,21.54042080514357,19.321995281880373,,False,,0.5327102803738317,0.5008345699386997,0.0,0.5000000000000002,"{""version"":""nfl-calibration-trace-1"",""artifact_sha256"":""7c54bf5c44243e81b12bb6e72819cc44261a6c13e823cadd48cc848089163716"",""fitted_season"":2025,""fitted_weeks"":[4,5,6,7,9,10,11,12,14],""total_graded_rows"":12904,""market_sample_size"":null,""tail_sample_size"":null,""curve"":""market_specific"",""raw_probability"":0.500835,""fitted_raw_range"":[0.012265,0.987735],""outside_fitted_range"":false,""endpoint_probabilities"":[0.483696,0.516304],""limitation"":""Endpoint clipping is not held-out evidence; total rows are not independent games or tail sample size.""}",Calibration fitted; not prospectively validated,-327.102803738315,-6.140350877192935,2026-09-30T18:55:46.584610+00:00,2026,4,over,0.5,0.5039936102236422,2,22.0,2026_04_DEN_SF,68.0,graded,win,0.8771929824561403,1.0,0.24999999999999978,0.2460223386989762,46.45957919485643,46.5
c327223d76a3b7b0db8c6c104442f44b,2026-10-04T20:05:00Z,Minnesota Vikings,Miami Dolphins,Miami Dolphins @ Minnesota Vikings,fanduel,FanDuel,player_rush_yds,rush_yds,Aaron Jones,over,-114,67.5,2026-09-30T18:54:57Z,aaronjones,aaronjones,67.5,56.55435977216055,31.049373218388244,,False,,0.5327102803738317,0.3622227702791037,0.0,0.4999999999999998,"{""version"":""nfl-calibration-trace-1"",""artifact_sha256"":""7c54bf5c44243e81b12bb6e72819cc44261a6c13e823cadd48cc848089163716"",""fitted_season"":2025,""fitted_weeks"":[4,5,6,7,9,10,11,12,14],""total_graded_rows"":12904,""market_sample_size"":null,""tail_sample_size"":null,""curve"":""market_specific"",""raw_probability"":0.362223,""fitted_raw_range"":[0.000122,0.999878],""outside_fitted_range"":false,""endpoint_probabilities"":[0.02,0.98],""limitation"":""Endpoint clipping is not held-out evidence; total rows are not independent games or tail sample size.""}",Calibration fitted; not prospectively validated,-327.10280373831944,-6.140350877193013,2026-09-30T18:55:46.584610+00:00,2026,4,over,0.5,0.5,1,67.5,2026_04_MIA_MIN,94.0,graded,win,0.8771929824561403,1.0,0.2500000000000002,0.25,37.44564022783945,26.5
c327223d76a3b7b0db8c6c104442f44b,2026-10-04T20:05:00Z,Minnesota Vikings,Miami Dolphins,Miami Dolphins @ Minnesota Vikings,fanduel,FanDuel,player_receptions,receptions,Chris Bell,over,104,2.5,2026-09-30T18:54:57Z,chrisbell,chrisbell,2.5,2.335801496126501,1.6816727386660304,,False,,0.4901960784313725,0.4611090856894052,0.0,0.4591194968553459,"{""version"":""nfl-calibration-trace-1"",""artifact_sha256"":""7c54bf5c44243e81b12bb6e72819cc44261a6c13e823cadd48cc848089163716"",""fitted_season"":2025,""fitted_weeks"":[4,5,6,7,9,10,11,12,14],""total_graded_rows"":12904,""market_sample_size"":null,""tail_sample_size"":null,""curve"":""market_specific"",""raw_probability"":0.461109,""fitted_raw_range"":[0.000771,0.999229],""outside_fitted_range"":false,""endpoint_probabilities"":[0.166667,0.833333],""limitation"":""Endpoint clipping is not held-out evidence; total rows are not independent games or tail sample size.""}",Calibration fitted; not prospectively validated,-310.7658157602661,-6.339622641509424,2026-09-30T18:55:46.584610+00:00,2026,4,over,0.4581151832460733,0.4581151832460733,1,2.5,2026_04_MIA_MIN,0.0,graded,loss,-1.0,0.0,0.210790712392706,0.20986952112058332,2.335801496126501,2.5
c327223d76a3b7b0db8c6c104442f44b,2026-10-04T20:05:00Z,Minnesota Vikings,Miami Dolphins,Miami Dolphins @ Minnesota Vikings,fanduel,FanDuel,player_reception_yds,recv_yds,Chris Bell,over,-114,32.5,2026-09-30T18:54:57Z,chrisbell,chrisbell,32.5,33.5462919550748,28.375870935030857,,False,,0.5327102803738317,0.514706703961994,0.0,0.5000000000000002,"{""version"":""nfl-calibration-trace-1"",""artifact_sha256"":""7c54bf5c44243e81b12bb6e72819cc44261a6c13e823cadd48cc848089163716"",""fitted_season"":2025,""fitted_weeks"":[4,5,6,7,9,10,11,12,14],""total_graded_rows"":12904,""market_sample_size"":null,""tail_sample_size"":null,""curve"":""market_specific"",""raw_probability"":0.514707,""fitted_raw_range"":[0.012265,0.987735],""outside_fitted_range"":false,""endpoint_probabilities"":[0.483696,0.516304],""limitation"":""Endpoint clipping is not held-out evidence; total rows are not independent games or tail sample size.""}",Calibration fitted; not prospectively validated,-327.102803738315,-6.140350877192935,2026-09-30T18:55:46.584610+00:00,2026,4,over,0.5,0.5,1,32.5,2026_04_MIA_MIN,0.0,graded,loss,-1.0,0.0,0.2500000000000002,0.25,33.5462919550748,32.5
c327223d76a3b7b0db8c6c104442f44b,2026-10-04T20:05:00Z,Minnesota Vikings,Miami Dolphins,Miami Dolphins @ Minnesota Vikings,fanduel,FanDuel,player_receptions,receptions,Jaylen Wright,over,162,1.5,2026-09-30T18:54:57Z,jaylenwright,jaylenwright,1.5,0.7078916361945476,0.9264852467305724,,False,,0.3816793893129771,0.1962864856429746,0.0,0.4210526315789473,"{""version"":""nfl-calibration-trace-1"",""artifact_sha256"":""7c54bf5c44243e81b12bb6e72819cc44261a6c13e823cadd48cc848089163716"",""fitted_season"":2025,""fitted_weeks"":[4,5,6,7,9,10,11,12,14],""total_graded_rows"":12904,""market_sample_size"":null,""tail_sample_size"":null,""curve"":""market_specific"",""raw_probability"":0.196286,""fitted_raw_range"":[0.000771,0.999229],""outside_fitted_range"":false,""endpoint_probabilities"":[0.166667,0.833333],""limitation"":""Endpoint clipping is not held-out evidence; total rows are not independent games or tail sample size.""}",Calibration fitted; not prospectively validated,393.7324226597022,10.31578947368419,2026-09-30T18:55:46.584610+00:00,2026,4,over,0.35698348951361,0.35698348951361,1,1.5,2026_04_MIA_MIN,0.0,graded,loss,-1.0,0.0,0.17728531855955673,0.12743721178531367,0.7078916361945476,1.5
c327223d76a3b7b0db8c6c104442f44b,2026-10-04T20:05:00Z,Minnesota Vikings,Miami Dolphins,Miami Dolphins @ Minnesota Vikings,fanduel,FanDuel,player_reception_yds,recv_yds,Jaylen Wright,over,-114,7.5,2026-09-30T18:54:57Z,jaylenwright,jaylenwright,7.5,5.000034531847472,7.894806258325167,,False,,0.5327102803738317,0.3757509882042694,0.0,0.4989858012170386,"{""version"":""nfl-calibration-trace-1"",""artifact_sha256"":""7c54bf5c44243e81b12bb6e72819cc44261a6c13e823cadd48cc848089163716"",""fitted_season"":2025,""fitted_weeks"":[4,5,6,7,9,10,11,12,14],""total_graded_rows"":12904,""market_sample_size"":null,""tail_sample_size"":null,""curve"":""market_specific"",""raw_probability"":0.375751,""fitted_raw_range"":[0.012265,0.987735],""outside_fitted_range"":false,""endpoint_probabilities"":[0.483696,0.516304],""limitation"":""Endpoint clipping is not held-out evidence; total rows are not independent games or tail sample size.""}",Calibration fitted; not prospectively validated,-337.2447915679305,-6.330735561012036,2026-09-30T18:55:46.584610+00:00,2026,4,over,0.5,0.5,1,7.5,2026_04_MIA_MIN,0.0,graded,loss,-1.0,0.0,0.24898682981620998,0.25,5.000034531847472,7.5
c327223d76a3b7b0db8c6c104442f44b,2026-10-04T20:05:00Z,Minnesota Vikings,Miami Dolphins,Miami Dolphins @ Minnesota Vikings,fanduel,FanDuel,player_rush_yds,rush_yds,Jaylen Wright,over,-114,26.5,2026-09-30T18:54:57Z,jaylenwright,jaylenwright,26.5,18.96121065638203,23.28357186138383,,False,,0.5327102803738317,0.3730517393998317,0.0,0.4999999999999998,"{""version"":""nfl-calibration-trace-1"",""artifact_sha256"":""7c54bf5c44243e81b12bb6e72819cc44261a6c13e823cadd48cc848089163716"",""fitted_season"":2025,""fitted_weeks"":[4,5,6,7,9,10,11,12,14],""total_graded_rows"":12904,""market_sample_size"":null,""tail_sample_size"":null,""curve"":""market_specific"",""raw_probability"":0.373052,""fitted_raw_range"":[0.000122,0.999878],""outside_fitted_range"":false,""endpoint_probabilities"":[0.02,0.98],""limitation"":""Endpoint clipping is not held-out evidence; total rows are not independent games or tail sample size.""}",Calibration fitted; not prospectively validated,-327.10280373831944,-6.140350877193013,2026-09-30T18:55:46.584610+00:00,2026,4,over,0.5,0.5,1,26.5,2026_04_MIA_MIN,7.0,graded,loss,-1.0,0.0,0.24999999999999978,0.25,11.961210656382029,19.5
c327223d76a3b7b0db8c6c104442f44b,2026-10-04T20:05:00Z,Minnesota Vikings,Miami Dolphins,Miami Dolphins @ Minnesota Vikings,fanduel,FanDuel,player_pass_tds,pass_tds,Kyler Murray,over,-104,1.5,2026-09-30T18:54:57Z,kylermurray,kylermurray,1.5,0.53,,0.53,False,,0.5098039215686274,0.0994343963921165,0.0,0.4615384615384615,"{""version"":""nfl-calibration-trace-1"",""artifact_sha256"":""7c54bf5c44243e81b12bb6e72819cc44261a6c13e823cadd48cc848089163716"",""fitted_season"":2025,""fitted_weeks"":[4,5,6,7,9,10,11,12,14],""total_graded_rows"":12904,""market_sample_size"":null,""tail_sample_size"":null,""curve"":""pooled"",""raw_probability"":0.099434,""fitted_raw_range"":[4.8e-05,0.999952],""outside_fitted_range"":false,""endpoint_probabilities"":[0.25,0.75],""limitation"":""Endpoint clipping is not held-out evidence; total rows are not independent games or tail sample size.""}",Calibration fitted; not prospectively validated,-482.65460030165855,-9.467455621301768,2026-09-30T18:55:46.584610+00:00,2026,4,over,0.4759152215799614,0.4759152215799614,1,1.5,2026_04_MIA_MIN,0.0,graded,loss,-1.0,0.0,0.21301775147928992,0.22649529813150376,0.53,1.5
c327223d76a3b7b0db8c6c104442f44b,2026-10-04T20:05:00Z,Minnesota Vikings,Miami Dolphins,Miami Dolphins @ Minnesota Vikings,fanduel,FanDuel,player_pass_yds,pass_yds,Kyler Murray,over,-114,211.5,2026-09-30T18:54:57Z,kylermurray,kylermurray,211.5,176.4681134530485,69.21173100113268,,False,"{""version"":""nfl-projection-trace-1"",""current_sample"":[{""season"":2026,""week"":1,""attempts"":5,""completions"":3,""passing_yards"":18},{""season"":2026,""week"":3,""attempts"":29,""completions"":15,""passing_yards"":168}],""recent_mean_weight"":0.333333,""yards_per_completion_recent_weight"":0.333333,""career_baselines"":{""attempts"":{""mean"":31.290411,""games"":72,""position_pool_mean"":27.802292},""yards_per_completion"":{""mean"":10.493161,""games"":72,""position_pool_mean"":10.957484}},""attempts"":28.241226,""completion_rate"":0.540887,""yards_per_completion"":10.233536,""limitations"":[""Appearance totals do not distinguish partial games from normal starter workloads."",""Completion rate uses recent games without career shrinkage."",""Variance omits completion-rate uncertainty and dependence among components.""],""mean_stages"":{""before_adjustments"":156.320372,""after_defense"":166.479352,""after_venue"":176.468113,""final"":176.468113}}",0.5327102803738317,0.3063738054518082,0.0,0.4999999999999999,"{""version"":""nfl-calibration-trace-1"",""artifact_sha256"":""7c54bf5c44243e81b12bb6e72819cc44261a6c13e823cadd48cc848089163716"",""fitted_season"":2025,""fitted_weeks"":[4,5,6,7,9,10,11,12,14],""total_graded_rows"":12904,""market_sample_size"":null,""tail_sample_size"":null,""curve"":""market_specific"",""raw_probability"":0.306374,""fitted_raw_range"":[0.092856,0.907144],""outside_fitted_range"":false,""endpoint_probabilities"":[0.02,0.98],""limitation"":""Endpoint clipping is not held-out evidence; total rows are not independent games or tail sample size.""}",Calibration fitted; not prospectively validated,-327.1028037383178,-6.140350877192979,2026-09-30T18:55:46.584610+00:00,2026,4,over,0.5,0.5,1,211.5,2026_04_MIA_MIN,247.0,graded,win,0.8771929824561403,1.0,0.2500000000000001,0.25,70.53188654695151,35.5
c327223d76a3b7b0db8c6c104442f44b,2026-10-04T20:05:00Z,Minnesota Vikings,Miami Dolphins,Miami Dolphins @ Minnesota Vikings,fanduel,FanDuel,player_rush_yds,rush_yds,Kyler Murray,over,-114,19.5,2026-09-30T18:54:57Z,kylermurray,kylermurray,19.5,28.71919998831108,22.19522472005409,,False,,0.5327102803738317,0.6610639646764145,0.0,0.4999999999999998,"{""version"":""nfl-calibration-trace-1"",""artifact_sha256"":""7c54bf5c44243e81b12bb6e72819cc44261a6c13e823cadd48cc848089163716"",""fitted_season"":2025,""fitted_weeks"":[4,5,6,7,9,10,11,12,14],""total_graded_rows"":12904,""market_sample_size"":null,""tail_sample_size"":null,""curve"":""market_specific"",""raw_probability"":0.661064,""fitted_raw_range"":[0.000122,0.999878],""outside_fitted_range"":false,""endpoint_probabilities"":[0.02,0.98],""limitation"":""Endpoint clipping is not held-out evidence; total rows are not independent games or tail sample size.""}",Calibration fitted; not prospectively validated,-327.10280373831944,-6.140350877193013,2026-09-30T18:55:46.584610+00:00,2026,4,over,0.5,0.5,1,19.5,2026_04_MIA_MIN,16.0,graded,loss,-1.0,0.0,0.24999999999999978,0.25,12.719199988311079,3.5
c327223d76a3b7b0db8c6c104442f44b,2026-10-04T20:05:00Z,Minnesota Vikings,Miami Dolphins,Miami Dolphins @ Minnesota Vikings,fanduel,FanDuel,player_receptions,receptions,Malik Washington,over,-144,3.5,2026-09-30T18:54:57Z,malikwashington,malikwashington,3.5,3.400803106268264,1.4998074981756016,,False,,0.5901639344262295,0.4736332818970478,0.0,0.4591194968553459,"{""version"":""nfl-calibration-trace-1"",""artifact_sha256"":""7c54bf5c44243e81b12bb6e72819cc44261a6c13e823cadd48cc848089163716"",""fitted_season"":2025,""fitted_weeks"":[4,5,6,7,9,10,11,12,14],""total_graded_rows"":12904,""market_sample_size"":null,""tail_sample_size"":null,""curve"":""market_specific"",""raw_probability"":0.473633,""fitted_raw_range"":[0.000771,0.999229],""outside_fitted_range"":false,""endpoint_probabilities"":[0.166667,0.833333],""limitation"":""Endpoint clipping is not held-out evidence; total rows are not independent games or tail sample size.""}",Calibration fitted; not prospectively validated,-1310.4443757088357,-22.204751921733045,2026-09-30T18:55:46.584610+00:00,2026,4,over,0.5510744774801295,0.5510744774801295,1,3.5,2026_04_MIA_MIN,5.0,graded,win,0.6944444444444444,1.0,0.29255171868201413,0.20153412476973875,1.5991968937317358,1.5
c327223d76a3b7b0db8c6c104442f44b,2026-10-04T20:05:00Z,Minnesota Vikings,Miami Dolphins,Miami Dolphins @ Minnesota Vikings,fanduel,FanDuel,player_reception_yds,recv_yds,Malik Washington,over,-114,38.5,2026-09-30T18:54:57Z,malikwashington,malikwashington,38.5,36.65152186574826,24.70774076693656,,False,,0.5327102803738317,0.4701814605465884,0.0,0.5000000000000002,"{""version"":""nfl-calibration-trace-1"",""artifact_sha256"":""7c54bf5c44243e81b12bb6e72819cc44261a6c13e823cadd48cc848089163716"",""fitted_season"":2025,""fitted_weeks"":[4,5,6,7,9,10,11,12,14],""total_graded_rows"":12904,""market_sample_size"":null,""tail_sample_size"":null,""curve"":""market_specific"",""raw_probability"":0.470181,""fitted_raw_range"":[0.012265,0.987735],""outside_fitted_range"":false,""endpoint_probabilities"":[0.483696,0.516304],""limitation"":""Endpoint clipping is not held-out evidence; total rows are not independent games or tail sample size.""}",Calibration fitted; not prospectively validated,-327.102803738315,-6.140350877192935,2026-09-30T18:55:46.584610+00:00,2026,4,over,0.5,0.5,1,38.5,2026_04_MIA_MIN,67.0,graded,win,0.8771929824561403,1.0,0.24999999999999978,0.25,30.348478134251742,28.5
c327223d76a3b7b0db8c6c104442f44b,2026-10-04T20:05:00Z,Minnesota Vikings,Miami Dolphins,Miami Dolphins @ Minnesota Vikings,fanduel,FanDuel,player_rush_yds,rush_yds,Malik Washington,over,-102,5.5,2026-09-30T18:54:57Z,malikwashington,malikwashington,5.5,11.885912534299216,14.974834795794663,,False,,0.504950495049505,0.6651074400901181,0.0,0.4999999999999998,"{""version"":""nfl-calibration-trace-1"",""artifact_sha256"":""7c54bf5c44243e81b12bb6e72819cc44261a6c13e823cadd48cc848089163716"",""fitted_season"":2025,""fitted_weeks"":[4,5,6,7,9,10,11,12,14],""total_graded_rows"":12904,""market_sample_size"":null,""tail_sample_size"":null,""curve"":""market_specific"",""raw_probability"":0.665107,""fitted_raw_range"":[0.000122,0.999878],""outside_fitted_range"":false,""endpoint_probabilities"":[0.02,0.98],""limitation"":""Endpoint clipping is not held-out evidence; total rows are not independent games or tail sample size.""}",Calibration fitted; not prospectively validated,-49.50495049505177,-0.980392156862786,2026-09-30T18:55:46.584610+00:00,2026,4,over,0.4735298908617039,0.4735298908617039,1,5.5,2026_04_MIA_MIN,3.0,graded,loss,-1.0,0.0,0.24999999999999978,0.2242305575394972,8.885912534299216,2.5
c327223d76a3b7b0db8c6c104442f44b,2026-10-04T20:05:00Z,Minnesota Vikings,Miami Dolphins,Miami Dolphins @ Minnesota Vikings,fanduel,FanDuel,player_pass_tds,pass_tds,Malik Willis,over,100,0.5,2026-09-30T18:54:57Z,malikwillis,malikwillis,0.5,0.3133333333333333,,0.3133333333333333,False,,0.5,0.2689937967814926,0.0,0.4821981424148607,"{""version"":""nfl-calibration-trace-1"",""artifact_sha256"":""7c54bf5c44243e81b12bb6e72819cc44261a6c13e823cadd48cc848089163716"",""fitted_season"":2025,""fitted_weeks"":[4,5,6,7,9,10,11,12,14],""total_graded_rows"":12904,""market_sample_size"":null,""tail_sample_size"":null,""curve"":""pooled"",""raw_probability"":0.268994,""fitted_raw_range"":[4.8e-05,0.999952],""outside_fitted_range"":false,""endpoint_probabilities"":[0.25,0.75],""limitation"":""Endpoint clipping is not held-out evidence; total rows are not independent games or tail sample size.""}",Calibration fitted; not prospectively validated,-178.01857585139246,-3.5603715170278494,2026-09-30T18:55:46.584610+00:00,2026,4,over,0.4677419354838709,0.4677419354838709,1,0.5,2026_04_MIA_MIN,0.0,graded,loss,-1.0,0.0,0.2325150485483423,0.21878251821019765,0.3133333333333333,0.5
c327223d76a3b7b0db8c6c104442f44b,2026-10-04T20:05:00Z,Minnesota Vikings,Miami Dolphins,Miami Dolphins @ Minnesota Vikings,fanduel,FanDuel,player_pass_yds,pass_yds,Malik Willis,over,-114,169.5,2026-09-30T18:54:57Z,malikwillis,malikwillis,169.5,171.47713545391588,79.03573561111455,,False,"{""version"":""nfl-projection-trace-1"",""current_sample"":[{""season"":2026,""week"":1,""attempts"":27,""completions"":15,""passing_yards"":220},{""season"":2026,""week"":2,""attempts"":23,""completions"":14,""passing_yards"":197},{""season"":2026,""week"":3,""attempts"":36,""completions"":20,""passing_yards"":210}],""recent_mean_weight"":0.428571,""yards_per_completion_recent_weight"":0.428571,""career_baselines"":{""attempts"":{""mean"":21.512892,""games"":19,""position_pool_mean"":27.802292},""yards_per_completion"":{""mean"":11.453584,""games"":16,""position_pool_mean"":10.957484}},""attempts"":25.897477,""completion_rate"":0.569181,""yards_per_completion"":11.62052,""limitations"":[""Appearance totals do not distinguish partial games from normal starter workloads."",""Completion rate uses recent games without career shrinkage."",""Variance omits completion-rate uncertainty and dependence among components.""],""mean_stages"":{""before_adjustments"":171.290615,""after_defense"":182.422485,""after_venue"":171.477135,""final"":171.477135}}",0.5327102803738317,0.5099787856991181,0.0,0.4999999999999999,"{""version"":""nfl-calibration-trace-1"",""artifact_sha256"":""7c54bf5c44243e81b12bb6e72819cc44261a6c13e823cadd48cc848089163716"",""fitted_season"":2025,""fitted_weeks"":[4,5,6,7,9,10,11,12,14],""total_graded_rows"":12904,""market_sample_size"":null,""tail_sample_size"":null,""curve"":""market_specific"",""raw_probability"":0.509979,""fitted_raw_range"":[0.092856,0.907144],""outside_fitted_range"":false,""endpoint_probabilities"":[0.02,0.98],""limitation"":""Endpoint clipping is not held-out evidence; total rows are not independent games or tail sample size.""}",Calibration fitted; not prospectively validated,-327.1028037383178,-6.140350877192979,2026-09-30T18:55:46.584610+00:00,2026,4,over,0.5,0.5,1,169.5,2026_04_MIA_MIN,85.0,graded,loss,-1.0,0.0,0.2499999999999999,0.25,86.47713545391588,84.5
c327223d76a3b7b0db8c6c104442f44b,2026-10-04T20:05:00Z,Minnesota Vikings,Miami Dolphins,Miami Dolphins @ Minnesota Vikings,fanduel,FanDuel,player_rush_yds,rush_yds,Malik Willis,over,-114,30.5,2026-09-30T18:54:57Z,malikwillis,malikwillis,30.5,29.34496472038857,28.04327347423221,,False,,0.5327102803738317,0.4835731674071085,0.0,0.4999999999999998,"{""version"":""nfl-calibration-trace-1"",""artifact_sha256"":""7c54bf5c44243e81b12bb6e72819cc44261a6c13e823cadd48cc848089163716"",""fitted_season"":2025,""fitted_weeks"":[4,5,6,7,9,10,11,12,14],""total_graded_rows"":12904,""market_sample_size"":null,""tail_sample_size"":null,""curve"":""market_specific"",""raw_probability"":0.483573,""fitted_raw_range"":[0.000122,0.999878],""outside_fitted_range"":false,""endpoint_probabilities"":[0.02,0.98],""limitation"":""Endpoint clipping is not held-out evidence; total rows are not independent games or tail sample size.""}",Calibration fitted; not prospectively validated,-327.10280373831944,-6.140350877193013,2026-09-30T18:55:46.584610+00:00,2026,4,over,0.5,0.5,1,30.5,2026_04_MIA_MIN,11.0,graded,loss,-1.0,0.0,0.24999999999999978,0.25,18.34496472038857,19.5
c327223d76a3b7b0db8c6c104442f44b,2026-10-04T20:05:00Z,Minnesota Vikings,Miami Dolphins,Miami Dolphins @ Minnesota Vikings,fanduel,FanDuel,player_rush_yds,rush_yds,Ollie Gordon,over,-114,20.5,2026-09-30T18:54:57Z,olliegordon,olliegordon,20.5,24.63543922988318,25.68386938336565,,False,,0.5327102803738317,0.5639584554623039,0.0,0.4999999999999998,"{""version"":""nfl-calibration-trace-1"",""artifact_sha256"":""7c54bf5c44243e81b12bb6e72819cc44261a6c13e823cadd48cc848089163716"",""fitted_season"":2025,""fitted_weeks"":[4,5,6,7,9,10,11,12,14],""total_graded_rows"":12904,""market_sample_size"":null,""tail_sample_size"":null,""curve"":""market_specific"",""raw_probability"":0.563958,""fitted_raw_range"":[0.000122,0.999878],""outside_fitted_range"":false,""endpoint_probabilities"":[0.02,0.98],""limitation"":""Endpoint clipping is not held-out evidence; total rows are not independent games or tail sample size.""}",Calibration fitted; not prospectively validated,-327.10280373831944,-6.140350877193013,2026-09-30T18:55:46.584610+00:00,2026,4,over,0.5,0.5,1,20.5,2026_04_MIA_MIN,100.0,graded,win,0.8771929824561403,1.0,0.2500000000000002,0.25,75.36456077011682,79.5
c9d8ed8aa4889486eaf10a630138ede0,2026-10-04T13:30:00Z,Washington Commanders,Indianapolis Colts,Indianapolis Colts @ Washington Commanders,draftkings,DraftKings,player_pass_attempts,pass_attempts,Daniel Jones,over,-107,31.5,2026-09-30T18:55:26Z,danieljones,danieljones,31.5,35.25913234307184,8.120613520921582,,False,"{""version"":""nfl-projection-trace-1"",""current_sample"":[{""season"":2026,""week"":1,""attempts"":31,""completions"":19,""passing_yards"":166},{""season"":2026,""week"":2,""attempts"":31,""completions"":22,""passing_yards"":210},{""season"":2026,""week"":3,""attempts"":36,""completions"":24,""passing_yards"":235}],""recent_mean_weight"":0.428571,""yards_per_completion_recent_weight"":0.428571,""career_baselines"":{""attempts"":{""mean"":29.675718,""games"":72,""position_pool_mean"":27.802292},""yards_per_completion"":{""mean"":10.716291,""games"":72,""position_pool_mean"":10.957484}},""attempts"":31.616894,""completion_rate"":0.672181,""yards_per_completion"":10.246601,""limitations"":[""Appearance totals do not distinguish partial games from normal starter workloads."",""Completion rate uses recent games without career shrinkage."",""Variance omits completion-rate uncertainty and dependence among components.""],""mean_stages"":{""before_adjustments"":31.616894,""after_defense"":35.259132,""after_venue"":35.259132,""final"":35.259132}}",0.5169082125603864,0.6782864050109298,0.0,0.6363636363636364,"{""version"":""nfl-calibration-trace-1"",""artifact_sha256"":""7c54bf5c44243e81b12bb6e72819cc44261a6c13e823cadd48cc848089163716"",""fitted_season"":2025,""fitted_weeks"":[4,5,6,7,9,10,11,12,14],""total_graded_rows"":12904,""market_sample_size"":null,""tail_sample_size"":null,""curve"":""market_specific"",""raw_probability"":0.678286,""fitted_raw_range"":[0.187653,0.812347],""outside_fitted_range"":false,""endpoint_probabilities"":[0.02,0.98],""limitation"":""Endpoint clipping is not held-out evidence; total rows are not independent games or tail sample size.""}",Calibration fitted; not prospectively validated,1194.5542380324991,23.109600679694143,2026-09-30T18:55:46.584610+00:00,2026,4,over,0.486564696155436,0.4898102244371214,4,31.5,2026_04_IND_WAS,34.0,graded,win,0.9345794392523364,1.0,0.1322314049586777,0.2602936070889004,1.2591323430718404,2.5
c9d8ed8aa4889486eaf10a630138ede0,2026-10-04T13:30:00Z,Washington Commanders,Indianapolis Colts,Indianapolis Colts @ Washington Commanders,betrivers,BetRivers,player_pass_completions,pass_completions,Daniel Jones,over,100,20.5,2026-09-30T18:55:25Z,danieljones,danieljones,20.5,23.70051410322833,5.4585210267457445,,False,"{""version"":""nfl-projection-trace-1"",""current_sample"":[{""season"":2026,""week"":1,""attempts"":31,""completions"":19,""passing_yards"":166},{""season"":2026,""week"":2,""attempts"":31,""completions"":22,""passing_yards"":210},{""season"":2026,""week"":3,""attempts"":36,""completions"":24,""passing_yards"":235}],""recent_mean_weight"":0.428571,""yards_per_completion_recent_weight"":0.428571,""career_baselines"":{""attempts"":{""mean"":29.675718,""games"":72,""position_pool_mean"":27.802292},""yards_per_completion"":{""mean"":10.716291,""games"":72,""position_pool_mean"":10.957484}},""attempts"":31.616894,""completion_rate"":0.672181,""yards_per_completion"":10.246601,""limitations"":[""Appearance totals do not distinguish partial games from normal starter workloads."",""Completion rate uses recent games without career shrinkage."",""Variance omits completion-rate uncertainty and dependence among components.""],""mean_stages"":{""before_adjustments"":21.252271,""after_defense"":23.700514,""after_venue"":23.700514,""final"":23.700514}}",0.5,0.7211743109284567,0.0,0.5416666666666666,"{""version"":""nfl-calibration-trace-1"",""artifact_sha256"":""7c54bf5c44243e81b12bb6e72819cc44261a6c13e823cadd48cc848089163716"",""fitted_season"":2025,""fitted_weeks"":[4,5,6,7,9,10,11,12,14],""total_graded_rows"":12904,""market_sample_size"":null,""tail_sample_size"":null,""curve"":""market_specific"",""raw_probability"":0.721174,""fitted_raw_range"":[0.026155,0.973845],""outside_fitted_range"":false,""endpoint_probabilities"":[0.457143,0.542857],""limitation"":""Endpoint clipping is not held-out evidence; total rows are not independent games or tail sample size.""}",Calibration fitted; not prospectively validated,416.6666666666663,8.333333333333325,2026-09-30T18:55:46.584610+00:00,2026,4,over,,0.5241855482972234,4,20.5,2026_04_IND_WAS,19.0,graded,loss,-1.0,0.0,0.29340277777777773,0.27477048904366075,4.700514103228329,1.5
c9d8ed8aa4889486eaf10a630138ede0,2026-10-04T13:30:00Z,Washington Commanders,Indianapolis Colts,Indianapolis Colts @ Washington Commanders,betmgm,BetMGM,player_pass_tds,pass_tds,Daniel Jones,over,100,1.5,2026-09-30T18:55:24Z,danieljones,danieljones,1.5,0.94,,0.94,False,,0.5,0.242181999404469,0.0,0.4666666666666666,"{""version"":""nfl-calibration-trace-1"",""artifact_sha256"":""7c54bf5c44243e81b12bb6e72819cc44261a6c13e823cadd48cc848089163716"",""fitted_season"":2025,""fitted_weeks"":[4,5,6,7,9,10,11,12,14],""total_graded_rows"":12904,""market_sample_size"":null,""tail_sample_size"":null,""curve"":""pooled"",""raw_probability"":0.242182,""fitted_raw_range"":[4.8e-05,0.999952],""outside_fitted_range"":false,""endpoint_probabilities"":[0.25,0.75],""limitation"":""Endpoint clipping is not held-out evidence; total rows are not independent games or tail sample size.""}",Calibration fitted; not prospectively validated,-333.3333333333338,-6.666666666666677,2026-09-30T18:55:46.584610+00:00,2026,4,over,0.4653465346534653,0.4788190411822006,6,1.5,2026_04_IND_WAS,0.0,graded,loss,-1.0,0.0,0.21777777777777774,0.2292676741986419,0.94,1.5
c9d8ed8aa4889486eaf10a630138ede0,2026-10-04T13:30:00Z,Washington Commanders,Indianapolis Colts,Indianapolis Colts @ Washington Commanders,draftkings,DraftKings,player_pass_yds,pass_yds,Daniel Jones,over,-112,225.5,2026-09-30T18:55:26Z,danieljones,danieljones,225.5,228.2787353551332,70.11117865485288,,False,"{""version"":""nfl-projection-trace-1"",""current_sample"":[{""season"":2026,""week"":1,""attempts"":31,""completions"":19,""passing_yards"":166},{""season"":2026,""week"":2,""attempts"":31,""completions"":22,""passing_yards"":210},{""season"":2026,""week"":3,""attempts"":36,""completions"":24,""passing_yards"":235}],""recent_mean_weight"":0.428571,""yards_per_completion_recent_weight"":0.428571,""career_baselines"":{""attempts"":{""mean"":29.675718,""games"":72,""position_pool_mean"":27.802292},""yards_per_completion"":{""mean"":10.716291,""games"":72,""position_pool_mean"":10.957484}},""attempts"":31.616894,""completion_rate"":0.672181,""yards_per_completion"":10.246601,""limitations"":[""Appearance totals do not distinguish partial games from normal starter workloads."",""Completion rate uses recent games without career shrinkage."",""Variance omits completion-rate uncertainty and dependence among components.""],""mean_stages"":{""before_adjustments"":217.763546,""after_defense"":242.849718,""after_venue"":228.278735,""final"":228.278735}}",0.5283018867924528,0.5158072491411732,0.0,0.4999999999999999,"{""version"":""nfl-calibration-trace-1"",""artifact_sha256"":""7c54bf5c44243e81b12bb6e72819cc44261a6c13e823cadd48cc848089163716"",""fitted_season"":2025,""fitted_weeks"":[4,5,6,7,9,10,11,12,14],""total_graded_rows"":12904,""market_sample_size"":null,""tail_sample_size"":null,""curve"":""market_specific"",""raw_probability"":0.515807,""fitted_raw_range"":[0.092856,0.907144],""outside_fitted_range"":false,""endpoint_probabilities"":[0.02,0.98],""limitation"":""Endpoint clipping is not held-out evidence; total rows are not independent games or tail sample size.""}",Calibration fitted; not prospectively validated,-283.0188679245288,-5.357142857142872,2026-09-30T18:55:46.584610+00:00,2026,4,over,0.5,0.5,3,224.5,2026_04_IND_WAS,143.0,graded,loss,-1.0,0.0,0.2499999999999999,0.25,85.2787353551332,82.5
c9d8ed8aa4889486eaf10a630138ede0,2026-10-04T13:30:00Z,Washington Commanders,Indianapolis Colts,Indianapolis Colts @ Washington Commanders,draftkings,DraftKings,player_rush_attempts,rush_attempts,Daniel Jones,over,110,3.5,2026-09-30T18:55:26Z,danieljones,danieljones,3.5,4.335136506679656,3.5442879349720893,,False,,0.4761904761904761,0.5931396594845222,0.0,0.506993006993007,"{""version"":""nfl-calibration-trace-1"",""artifact_sha256"":""7c54bf5c44243e81b12bb6e72819cc44261a6c13e823cadd48cc848089163716"",""fitted_season"":2025,""fitted_weeks"":[4,5,6,7,9,10,11,12,14],""total_graded_rows"":12904,""market_sample_size"":null,""tail_sample_size"":null,""curve"":""market_specific"",""raw_probability"":0.59314,""fitted_raw_range"":[4.8e-05,0.999952],""outside_fitted_range"":false,""endpoint_probabilities"":[0.405405,0.594595],""limitation"":""Endpoint clipping is not held-out evidence; total rows are not independent games or tail sample size.""}",Calibration fitted; not prospectively validated,308.02530802530816,6.46853146853148,2026-09-30T18:55:46.584610+00:00,2026,4,over,0.449438202247191,0.449438202247191,1,3.5,2026_04_IND_WAS,4.0,graded,win,1.1,1.0,0.24305589515379727,0.303118293144805,0.3351365066796559,0.5
c9d8ed8aa4889486eaf10a630138ede0,2026-10-04T13:30:00Z,Washington Commanders,Indianapolis Colts,Indianapolis Colts @ Washington Commanders,betrivers,BetRivers,player_rush_yds,rush_yds,Daniel Jones,over,-109,11.5,2026-09-30T18:55:25Z,danieljones,danieljones,11.5,14.410524591547322,15.39288326621114,,False,,0.5215311004784688,0.5749859148871177,0.0,0.4999999999999998,"{""version"":""nfl-calibration-trace-1"",""artifact_sha256"":""7c54bf5c44243e81b12bb6e72819cc44261a6c13e823cadd48cc848089163716"",""fitted_season"":2025,""fitted_weeks"":[4,5,6,7,9,10,11,12,14],""total_graded_rows"":12904,""market_sample_size"":null,""tail_sample_size"":null,""curve"":""market_specific"",""raw_probability"":0.574986,""fitted_raw_range"":[0.000122,0.999878],""outside_fitted_range"":false,""endpoint_probabilities"":[0.02,0.98],""limitation"":""Endpoint clipping is not held-out evidence; total rows are not independent games or tail sample size.""}",Calibration fitted; not prospectively validated,-215.31100478469068,-4.128440366972508,2026-09-30T18:55:46.584610+00:00,2026,4,over,0.4878488395641783,0.5,6,11.5,2026_04_IND_WAS,2.0,graded,loss,-1.0,0.0,0.24999999999999978,0.25,12.410524591547322,9.5
c9d8ed8aa4889486eaf10a630138ede0,2026-10-04T13:30:00Z,Washington Commanders,Indianapolis Colts,Indianapolis Colts @ Washington Commanders,draftkings,DraftKings,player_rush_attempts,rush_attempts,Jacory Croskey-Merritt,over,-119,13.5,2026-09-30T18:55:26Z,jacorycroskeymerritt,jacorycroskeymerritt,13.5,11.32986573107772,5.2253283171167775,,False,,0.54337899543379,0.3389572691036394,0.0,0.4915254237288136,"{""version"":""nfl-calibration-trace-1"",""artifact_sha256"":""7c54bf5c44243e81b12bb6e72819cc44261a6c13e823cadd48cc848089163716"",""fitted_season"":2025,""fitted_weeks"":[4,5,6,7,9,10,11,12,14],""total_graded_rows"":12904,""market_sample_size"":null,""tail_sample_size"":null,""curve"":""market_specific"",""raw_probability"":0.338957,""fitted_raw_range"":[4.8e-05,0.999952],""outside_fitted_range"":false,""endpoint_probabilities"":[0.405405,0.594595],""limitation"":""Endpoint clipping is not held-out evidence; total rows are not independent games or tail sample size.""}",Calibration fitted; not prospectively validated,-518.535717049764,-9.542800170915822,2026-09-30T18:55:46.584610+00:00,2026,4,over,0.512482836100362,0.516079045421567,2,13.5,2026_04_IND_WAS,9.0,graded,loss,-1.0,0.0,0.24159724217178974,0.26633758112323586,2.329865731077721,4.5
c9d8ed8aa4889486eaf10a630138ede0,2026-10-04T13:30:00Z,Washington Commanders,Indianapolis Colts,Indianapolis Colts @ Washington Commanders,draftkings,DraftKings,player_rush_yds,rush_yds,Jacory Croskey-Merritt,over,-113,55.5,2026-09-30T18:55:26Z,jacorycroskeymerritt,jacorycroskeymerritt,55.5,40.62056515880785,30.32329000164001,,False,,0.5305164319248826,0.3118216976074269,0.0,0.4352331606217616,"{""version"":""nfl-calibration-trace-1"",""artifact_sha256"":""7c54bf5c44243e81b12bb6e72819cc44261a6c13e823cadd48cc848089163716"",""fitted_season"":2025,""fitted_weeks"":[4,5,6,7,9,10,11,12,14],""total_graded_rows"":12904,""market_sample_size"":null,""tail_sample_size"":null,""curve"":""market_specific"",""raw_probability"":0.311822,""fitted_raw_range"":[0.000122,0.999878],""outside_fitted_range"":false,""endpoint_probabilities"":[0.02,0.98],""limitation"":""Endpoint clipping is not held-out evidence; total rows are not independent games or tail sample size.""}",Calibration fitted; not prospectively validated,-952.8327130312098,-17.960475033243164,2026-09-30T18:55:46.584610+00:00,2026,4,over,0.5021058838394474,0.5021058838394474,3,55.5,2026_04_IND_WAS,15.0,graded,loss,-1.0,0.0,0.18942790410480811,0.25211031858619265,25.62056515880785,40.5
c9d8ed8aa4889486eaf10a630138ede0,2026-10-04T13:30:00Z,Washington Commanders,Indianapolis Colts,Indianapolis Colts @ Washington Commanders,betrivers,BetRivers,player_receptions,receptions,Jonathan Taylor,over,-127,2.5,2026-09-30T18:55:25Z,jonathantaylor,jonathantaylor,2.5,2.409274987665624,1.167222794893385,,False,,0.5594713656387665,0.4690225105801768,0.0,0.4591194968553459,"{""version"":""nfl-calibration-trace-1"",""artifact_sha256"":""7c54bf5c44243e81b12bb6e72819cc44261a6c13e823cadd48cc848089163716"",""fitted_season"":2025,""fitted_weeks"":[4,5,6,7,9,10,11,12,14],""total_graded_rows"":12904,""market_sample_size"":null,""tail_sample_size"":null,""curve"":""market_specific"",""raw_probability"":0.469023,""fitted_raw_range"":[0.000771,0.999229],""outside_fitted_range"":false,""endpoint_probabilities"":[0.166667,0.833333],""limitation"":""Endpoint clipping is not held-out evidence; total rows are not independent games or tail sample size.""}",Calibration fitted; not prospectively validated,-1003.5186878342062,-17.936908829792507,2026-09-30T18:55:46.584610+00:00,2026,4,over,,0.5359628770301624,5,2.5,2026_04_IND_WAS,1.0,graded,loss,-1.0,0.0,0.210790712392706,0.28725620555444903,1.4092749876656239,1.5
c9d8ed8aa4889486eaf10a630138ede0,2026-10-04T13:30:00Z,Washington Commanders,Indianapolis Colts,Indianapolis Colts @ Washington Commanders,draftkings,DraftKings,player_reception_yds,recv_yds,Jonathan Taylor,over,-109,19.5,2026-09-30T18:55:26Z,jonathantaylor,jonathantaylor,19.5,15.147385337177914,14.050298629799602,,False,,0.5215311004784688,0.3783610684915508,0.0,0.4989858012170386,"{""version"":""nfl-calibration-trace-1"",""artifact_sha256"":""7c54bf5c44243e81b12bb6e72819cc44261a6c13e823cadd48cc848089163716"",""fitted_season"":2025,""fitted_weeks"":[4,5,6,7,9,10,11,12,14],""total_graded_rows"":12904,""market_sample_size"":null,""tail_sample_size"":null,""curve"":""market_specific"",""raw_probability"":0.378361,""fitted_raw_range"":[0.012265,0.987735],""outside_fitted_range"":false,""endpoint_probabilities"":[0.483696,0.516304],""limitation"":""Endpoint clipping is not held-out evidence; total rows are not independent games or tail sample size.""}",Calibration fitted; not prospectively validated,-225.4529926143017,-4.32290600517331,2026-09-30T18:55:46.584610+00:00,2026,4,over,0.4936802190857384,0.4948402542722694,5,19.5,2026_04_IND_WAS,2.0,graded,loss,-1.0,0.0,0.24898682981620998,0.24486687724824424,13.147385337177914,17.5
c9d8ed8aa4889486eaf10a630138ede0,2026-10-04T13:30:00Z,Washington Commanders,Indianapolis Colts,Indianapolis Colts @ Washington Commanders,betonlineag,BetOnline.ag,player_rush_attempts,rush_attempts,Jonathan Taylor,over,-103,20.5,2026-09-30T18:54:55Z,jonathantaylor,jonathantaylor,20.5,16.7577189664331,5.198197944605205,,False,,0.5073891625615764,0.2357874600746841,0.0,0.4054054054054054,"{""version"":""nfl-calibration-trace-1"",""artifact_sha256"":""7c54bf5c44243e81b12bb6e72819cc44261a6c13e823cadd48cc848089163716"",""fitted_season"":2025,""fitted_weeks"":[4,5,6,7,9,10,11,12,14],""total_graded_rows"":12904,""market_sample_size"":null,""tail_sample_size"":null,""curve"":""market_specific"",""raw_probability"":0.235787,""fitted_raw_range"":[4.8e-05,0.999952],""outside_fitted_range"":false,""endpoint_probabilities"":[0.405405,0.594595],""limitation"":""Endpoint clipping is not held-out evidence; total rows are not independent games or tail sample size.""}",Calibration fitted; not prospectively validated,-1019.8375715617098,-20.099711361847284,2026-09-30T18:55:46.584610+00:00,2026,4,over,0.4773429454170958,0.4785191884445885,2,20.5,2026_04_IND_WAS,20.0,graded,loss,-1.0,0.0,0.16435354273192107,0.22898061370966763,3.2422810335669006,0.5
c9d8ed8aa4889486eaf10a630138ede0,2026-10-04T13:30:00Z,Washington Commanders,Indianapolis Colts,Indianapolis Colts @ Washington Commanders,betonlineag,BetOnline.ag,player_rush_yds,rush_yds,Jonathan Taylor,over,-114,90.5,2026-09-30T18:54:55Z,jonathantaylor,jonathantaylor,90.5,66.8020445498514,39.785325875929246,,False,,0.5327102803738317,0.2757059938431137,0.0,0.4352331606217616,"{""version"":""nfl-calibration-trace-1"",""artifact_sha256"":""7c54bf5c44243e81b12bb6e72819cc44261a6c13e823cadd48cc848089163716"",""fitted_season"":2025,""fitted_weeks"":[4,5,6,7,9,10,11,12,14],""total_graded_rows"":12904,""market_sample_size"":null,""tail_sample_size"":null,""curve"":""market_specific"",""raw_probability"":0.275706,""fitted_raw_range"":[0.000122,0.999878],""outside_fitted_range"":false,""endpoint_probabilities"":[0.02,0.98],""limitation"":""Endpoint clipping is not held-out evidence; total rows are not independent games or tail sample size.""}",Calibration fitted; not prospectively validated,-974.7711975207008,-18.29833651486228,2026-09-30T18:55:46.584610+00:00,2026,4,over,0.5,0.5,4,90.5,2026_04_IND_WAS,95.0,graded,win,0.8771929824561403,1.0,0.3189615828612849,0.25,28.197955450148598,4.5
c9d8ed8aa4889486eaf10a630138ede0,2026-10-04T13:30:00Z,Washington Commanders,Indianapolis Colts,Indianapolis Colts @ Washington Commanders,fanduel,FanDuel,player_receptions,receptions,Josh Downs,over,122,5.5,2026-09-30T18:54:55Z,joshdowns,joshdowns,5.5,4.223838623960786,1.587994871144958,,False,,0.4504504504504504,0.2108051535703612,0.0,0.4524271844660194,"{""version"":""nfl-calibration-trace-1"",""artifact_sha256"":""7c54bf5c44243e81b12bb6e72819cc44261a6c13e823cadd48cc848089163716"",""fitted_season"":2025,""fitted_weeks"":[4,5,6,7,9,10,11,12,14],""total_graded_rows"":12904,""market_sample_size"":null,""tail_sample_size"":null,""curve"":""market_specific"",""raw_probability"":0.210805,""fitted_raw_range"":[0.000771,0.999229],""outside_fitted_range"":false,""endpoint_probabilities"":[0.166667,0.833333],""limitation"":""Endpoint clipping is not held-out evidence; total rows are not independent games or tail sample size.""}",Calibration fitted; not prospectively validated,19.767340155689705,0.4388349514563128,2026-09-30T18:55:46.584610+00:00,2026,4,over,0.421465800141561,0.4332755632582322,5,5.5,2026_04_IND_WAS,3.0,graded,loss,-1.0,0.0,0.20469035724384957,0.18772771371673835,1.223838623960786,2.5
c9d8ed8aa4889486eaf10a630138ede0,2026-10-04T13:30:00Z,Washington Commanders,Indianapolis Colts,Indianapolis Colts @ Washington Commanders,draftkings,DraftKings,player_reception_yds,recv_yds,Josh Downs,over,-110,65.5,2026-09-30T18:55:26Z,joshdowns,joshdowns,65.5,52.83480074799344,30.181856949424297,,False,,0.5238095238095238,0.3373780464823921,0.0,0.4985632183908046,"{""version"":""nfl-calibration-trace-1"",""artifact_sha256"":""7c54bf5c44243e81b12bb6e72819cc44261a6c13e823cadd48cc848089163716"",""fitted_season"":2025,""fitted_weeks"":[4,5,6,7,9,10,11,12,14],""total_graded_rows"":12904,""market_sample_size"":null,""tail_sample_size"":null,""curve"":""market_specific"",""raw_probability"":0.337378,""fitted_raw_range"":[0.012265,0.987735],""outside_fitted_range"":false,""endpoint_probabilities"":[0.483696,0.516304],""limitation"":""Endpoint clipping is not held-out evidence; total rows are not independent games or tail sample size.""}",Calibration fitted; not prospectively validated,-252.4630541871925,-4.81974921630095,2026-09-30T18:55:46.584610+00:00,2026,4,over,0.495787700084246,0.5,3,65.0,2026_04_IND_WAS,16.0,graded,loss,-1.0,0.0,0.2485652827321971,0.25,36.83480074799344,49.5
c9d8ed8aa4889486eaf10a630138ede0,2026-10-04T13:30:00Z,Washington Commanders,Indianapolis Colts,Indianapolis Colts @ Washington Commanders,betonlineag,BetOnline.ag,player_pass_attempts,pass_attempts,Marcus Mariota,over,-118,30.5,2026-09-30T18:54:55Z,marcusmariota,marcusmariota,30.5,26.989426072662905,11.695670957352718,,False,"{""version"":""nfl-projection-trace-1"",""current_sample"":[{""season"":2026,""week"":2,""attempts"":16,""completions"":11,""passing_yards"":111},{""season"":2026,""week"":3,""attempts"":31,""completions"":19,""passing_yards"":183}],""recent_mean_weight"":0.333333,""yards_per_completion_recent_weight"":0.333333,""career_baselines"":{""attempts"":{""mean"":22.945019,""games"":38,""position_pool_mean"":27.802292},""yards_per_completion"":{""mean"":11.403499,""games"":30,""position_pool_mean"":10.957484}},""attempts"":24.201441,""completion_rate"":0.634217,""yards_per_completion"":10.856605,""limitations"":[""Appearance totals do not distinguish partial games from normal starter workloads."",""Completion rate uses recent games without career shrinkage."",""Variance omits completion-rate uncertainty and dependence among components.""],""mean_stages"":{""before_adjustments"":24.201441,""after_defense"":26.989426,""after_venue"":26.989426,""final"":26.989426}}",0.5412844036697247,0.3820275137664465,0.0,0.4375,"{""version"":""nfl-calibration-trace-1"",""artifact_sha256"":""7c54bf5c44243e81b12bb6e72819cc44261a6c13e823cadd48cc848089163716"",""fitted_season"":2025,""fitted_weeks"":[4,5,6,7,9,10,11,12,14],""total_graded_rows"":12904,""market_sample_size"":null,""tail_sample_size"":null,""curve"":""market_specific"",""raw_probability"":0.382028,""fitted_raw_range"":[0.187653,0.812347],""outside_fitted_range"":false,""endpoint_probabilities"":[0.02,0.98],""limitation"":""Endpoint clipping is not held-out evidence; total rows are not independent games or tail sample size.""}",Calibration fitted; not prospectively validated,-1037.8440366972477,-19.17372881355932,2026-09-30T18:55:46.584610+00:00,2026,4,over,0.5082034454470877,0.5155112508272668,3,30.5,2026_04_IND_WAS,4.0,graded,loss,-1.0,0.0,0.19140625,0.2657518497294932,22.989426072662905,26.5
c9d8ed8aa4889486eaf10a630138ede0,2026-10-04T13:30:00Z,Washington Commanders,Indianapolis Colts,Indianapolis Colts @ Washington Commanders,betonlineag,BetOnline.ag,player_pass_completions,pass_completions,Marcus Mariota,over,100,19.5,2026-09-30T18:54:55Z,marcusmariota,marcusmariota,19.5,17.1171417661301,7.417588550717363,,False,"{""version"":""nfl-projection-trace-1"",""current_sample"":[{""season"":2026,""week"":2,""attempts"":16,""completions"":11,""passing_yards"":111},{""season"":2026,""week"":3,""attempts"":31,""completions"":19,""passing_yards"":183}],""recent_mean_weight"":0.333333,""yards_per_completion_recent_weight"":0.333333,""career_baselines"":{""attempts"":{""mean"":22.945019,""games"":38,""position_pool_mean"":27.802292},""yards_per_completion"":{""mean"":11.403499,""games"":30,""position_pool_mean"":10.957484}},""attempts"":24.201441,""completion_rate"":0.634217,""yards_per_completion"":10.856605,""limitations"":[""Appearance totals do not distinguish partial games from normal starter workloads."",""Completion rate uses recent games without career shrinkage."",""Variance omits completion-rate uncertainty and dependence among components.""],""mean_stages"":{""before_adjustments"":15.348955,""after_defense"":17.117142,""after_venue"":17.117142,""final"":17.117142}}",0.5,0.3740126217799748,0.0,0.5000000000000001,"{""version"":""nfl-calibration-trace-1"",""artifact_sha256"":""7c54bf5c44243e81b12bb6e72819cc44261a6c13e823cadd48cc848089163716"",""fitted_season"":2025,""fitted_weeks"":[4,5,6,7,9,10,11,12,14],""total_graded_rows"":12904,""market_sample_size"":null,""tail_sample_size"":null,""curve"":""market_specific"",""raw_probability"":0.374013,""fitted_raw_range"":[0.026155,0.973845],""outside_fitted_range"":false,""endpoint_probabilities"":[0.457143,0.542857],""limitation"":""Endpoint clipping is not held-out evidence; total rows are not independent games or tail sample size.""}",Calibration fitted; not prospectively validated,1.1102230246251565e-12,2.220446049250313e-14,2026-09-30T18:55:46.584610+00:00,2026,4,over,0.4693877551020409,0.4693877551020409,3,19.5,2026_04_IND_WAS,3.0,graded,loss,-1.0,0.0,0.2500000000000001,0.22032486463973353,14.1171417661301,16.5
c9d8ed8aa4889486eaf10a630138ede0,2026-10-04T13:30:00Z,Washington Commanders,Indianapolis Colts,Indianapolis Colts @ Washington Commanders,betrivers,BetRivers,player_pass_tds,pass_tds,Marcus Mariota,over,150,1.5,2026-09-30T18:55:25Z,marcusmariota,marcusmariota,1.5,2.12,,2.12,False,,0.4,0.6255013190442551,0.0,0.5000000000000001,"{""version"":""nfl-calibration-trace-1"",""artifact_sha256"":""7c54bf5c44243e81b12bb6e72819cc44261a6c13e823cadd48cc848089163716"",""fitted_season"":2025,""fitted_weeks"":[4,5,6,7,9,10,11,12,14],""total_graded_rows"":12904,""market_sample_size"":null,""tail_sample_size"":null,""curve"":""pooled"",""raw_probability"":0.625501,""fitted_raw_range"":[4.8e-05,0.999952],""outside_fitted_range"":false,""endpoint_probabilities"":[0.25,0.75],""limitation"":""Endpoint clipping is not held-out evidence; total rows are not independent games or tail sample size.""}",Calibration fitted; not prospectively validated,1000.0000000000008,25.00000000000002,2026-09-30T18:55:46.584610+00:00,2026,4,over,0.375,0.4017531044558072,5,1.5,2026_04_IND_WAS,0.0,graded,loss,-1.0,0.0,0.2500000000000001,0.16140555693987874,2.12,1.5
c9d8ed8aa4889486eaf10a630138ede0,2026-10-04T13:30:00Z,Washington Commanders,Indianapolis Colts,Indianapolis Colts @ Washington Commanders,betonlineag,BetOnline.ag,player_pass_yds,pass_yds,Marcus Mariota,over,-114,212.5,2026-09-30T18:54:55Z,marcusmariota,marcusmariota,212.5,196.9840868266489,92.76511757748696,,False,"{""version"":""nfl-projection-trace-1"",""current_sample"":[{""season"":2026,""week"":2,""attempts"":16,""completions"":11,""passing_yards"":111},{""season"":2026,""week"":3,""attempts"":31,""completions"":19,""passing_yards"":183}],""recent_mean_weight"":0.333333,""yards_per_completion_recent_weight"":0.333333,""career_baselines"":{""attempts"":{""mean"":22.945019,""games"":38,""position_pool_mean"":27.802292},""yards_per_completion"":{""mean"":11.403499,""games"":30,""position_pool_mean"":10.957484}},""attempts"":24.201441,""completion_rate"":0.634217,""yards_per_completion"":10.856605,""limitations"":[""Appearance totals do not distinguish partial games from normal starter workloads."",""Completion rate uses recent games without career shrinkage."",""Variance omits completion-rate uncertainty and dependence among components.""],""mean_stages"":{""before_adjustments"":166.637543,""after_defense"":185.834044,""after_venue"":196.984087,""final"":196.984087}}",0.5327102803738317,0.4335826548952243,0.0,0.4999999999999999,"{""version"":""nfl-calibration-trace-1"",""artifact_sha256"":""7c54bf5c44243e81b12bb6e72819cc44261a6c13e823cadd48cc848089163716"",""fitted_season"":2025,""fitted_weeks"":[4,5,6,7,9,10,11,12,14],""total_graded_rows"":12904,""market_sample_size"":null,""tail_sample_size"":null,""curve"":""market_specific"",""raw_probability"":0.433583,""fitted_raw_range"":[0.092856,0.907144],""outside_fitted_range"":false,""endpoint_probabilities"":[0.02,0.98],""limitation"":""Endpoint clipping is not held-out evidence; total rows are not independent games or tail sample size.""}",Calibration fitted; not prospectively validated,-327.1028037383178,-6.140350877192979,2026-09-30T18:55:46.584610+00:00,2026,4,over,0.5,0.5,2,212.5,2026_04_IND_WAS,46.0,graded,loss,-1.0,0.0,0.2499999999999999,0.25,150.9840868266489,166.5
c9d8ed8aa4889486eaf10a630138ede0,2026-10-04T13:30:00Z,Washington Commanders,Indianapolis Colts,Indianapolis Colts @ Washington Commanders,draftkings,DraftKings,player_rush_attempts,rush_attempts,Marcus Mariota,over,102,5.5,2026-09-30T18:55:26Z,marcusmariota,marcusmariota,5.5,5.155211718723849,4.526673494470462,,False,,0.495049504950495,0.4696426665005256,0.0,0.5,"{""version"":""nfl-calibration-trace-1"",""artifact_sha256"":""7c54bf5c44243e81b12bb6e72819cc44261a6c13e823cadd48cc848089163716"",""fitted_season"":2025,""fitted_weeks"":[4,5,6,7,9,10,11,12,14],""total_graded_rows"":12904,""market_sample_size"":null,""tail_sample_size"":null,""curve"":""market_specific"",""raw_probability"":0.469643,""fitted_raw_range"":[4.8e-05,0.999952],""outside_fitted_range"":false,""endpoint_probabilities"":[0.405405,0.594595],""limitation"":""Endpoint clipping is not held-out evidence; total rows are not independent games or tail sample size.""}",Calibration fitted; not prospectively validated,49.50495049504955,1.0000000000000009,2026-09-30T18:55:46.584610+00:00,2026,4,over,0.4669102720259846,0.4752355075401993,2,5.5,2026_04_IND_WAS,1.0,graded,loss,-1.0,0.0,0.25,0.22584878762699082,4.155211718723849,4.5
c9d8ed8aa4889486eaf10a630138ede0,2026-10-04T13:30:00Z,Washington Commanders,Indianapolis Colts,Indianapolis Colts @ Washington Commanders,draftkings,DraftKings,player_rush_yds,rush_yds,Marcus Mariota,over,-116,26.5,2026-09-30T18:55:26Z,marcusmariota,marcusmariota,26.5,21.80972473727649,21.75431280582598,,False,,0.5370370370370371,0.4146489640674418,0.0,0.4999999999999998,"{""version"":""nfl-calibration-trace-1"",""artifact_sha256"":""7c54bf5c44243e81b12bb6e72819cc44261a6c13e823cadd48cc848089163716"",""fitted_season"":2025,""fitted_weeks"":[4,5,6,7,9,10,11,12,14],""total_graded_rows"":12904,""market_sample_size"":null,""tail_sample_size"":null,""curve"":""market_specific"",""raw_probability"":0.414649,""fitted_raw_range"":[0.000122,0.999878],""outside_fitted_range"":false,""endpoint_probabilities"":[0.02,0.98],""limitation"":""Endpoint clipping is not held-out evidence; total rows are not independent games or tail sample size.""}",Calibration fitted; not prospectively validated,-370.3703703703731,-6.896551724137979,2026-09-30T18:55:46.584610+00:00,2026,4,over,0.5084288604180714,0.5101214574898786,3,26.5,2026_04_IND_WAS,35.0,graded,win,0.8620689655172413,1.0,0.2500000000000002,0.23998098641184085,13.19027526272351,8.5
c9d8ed8aa4889486eaf10a630138ede0,2026-10-04T13:30:00Z,Washington Commanders,Indianapolis Colts,Indianapolis Colts @ Washington Commanders,draftkings,DraftKings,player_receptions,receptions,Stefon Diggs,over,121,4.5,2026-09-30T18:55:26Z,stefondiggs,stefondiggs,4.5,4.980559299349235,1.67196864631437,,False,,0.4524886877828054,0.6131050995794556,0.0,0.5475728155339805,"{""version"":""nfl-calibration-trace-1"",""artifact_sha256"":""7c54bf5c44243e81b12bb6e72819cc44261a6c13e823cadd48cc848089163716"",""fitted_season"":2025,""fitted_weeks"":[4,5,6,7,9,10,11,12,14],""total_graded_rows"":12904,""market_sample_size"":null,""tail_sample_size"":null,""curve"":""market_specific"",""raw_probability"":0.613105,""fitted_raw_range"":[0.000771,0.999229],""outside_fitted_range"":false,""endpoint_probabilities"":[0.166667,0.833333],""limitation"":""Endpoint clipping is not held-out evidence; total rows are not independent games or tail sample size.""}",Calibration fitted; not prospectively validated,950.8412775117508,21.01359223300969,2026-09-30T18:55:46.584610+00:00,2026,4,over,0.4267425320056899,0.4267425320056899,5,4.5,2026_04_IND_WAS,5.0,graded,win,1.21,1.0,0.20469035724384962,0.32862412461124746,0.019440700650765308,0.5
c9d8ed8aa4889486eaf10a630138ede0,2026-10-04T13:30:00Z,Washington Commanders,Indianapolis Colts,Indianapolis Colts @ Washington Commanders,draftkings,DraftKings,player_reception_yds,recv_yds,Stefon Diggs,over,-111,43.5,2026-09-30T18:55:26Z,stefondiggs,stefondiggs,43.5,54.23839255976856,25.476096919504915,,False,,0.5260663507109005,0.6633081138138346,0.0,0.5014367816091952,"{""version"":""nfl-calibration-trace-1"",""artifact_sha256"":""7c54bf5c44243e81b12bb6e72819cc44261a6c13e823cadd48cc848089163716"",""fitted_season"":2025,""fitted_weeks"":[4,5,6,7,9,10,11,12,14],""total_graded_rows"":12904,""market_sample_size"":null,""tail_sample_size"":null,""curve"":""market_specific"",""raw_probability"":0.663308,""fitted_raw_range"":[0.012265,0.987735],""outside_fitted_range"":false,""endpoint_probabilities"":[0.483696,0.516304],""limitation"":""Endpoint clipping is not held-out evidence; total rows are not independent games or tail sample size.""}",Calibration fitted; not prospectively validated,-246.29569101705212,-4.68183700942324,2026-09-30T18:55:46.584610+00:00,2026,4,over,0.4978941161605526,0.5,4,43.5,2026_04_IND_WAS,35.0,graded,loss,-1.0,0.0,0.2514388459505878,0.25,19.238392559768563,8.5
c9d8ed8aa4889486eaf10a630138ede0,2026-10-04T13:30:00Z,Washington Commanders,Indianapolis Colts,Indianapolis Colts @ Washington Commanders,betmgm,BetMGM,player_receptions,receptions,Tyler Warren,over,105,5.5,2026-09-30T18:55:24Z,tylerwarren,tylerwarren,5.5,5.68151376740697,1.9879840079680653,,False,,0.4878048780487805,0.5363750547913035,0.0,0.5408805031446541,"{""version"":""nfl-calibration-trace-1"",""artifact_sha256"":""7c54bf5c44243e81b12bb6e72819cc44261a6c13e823cadd48cc848089163716"",""fitted_season"":2025,""fitted_weeks"":[4,5,6,7,9,10,11,12,14],""total_graded_rows"":12904,""market_sample_size"":null,""tail_sample_size"":null,""curve"":""market_specific"",""raw_probability"":0.536375,""fitted_raw_range"":[0.000771,0.999229],""outside_fitted_range"":false,""endpoint_probabilities"":[0.166667,0.833333],""limitation"":""Endpoint clipping is not held-out evidence; total rows are not independent games or tail sample size.""}",Calibration fitted; not prospectively validated,530.756250958736,10.880503144654096,2026-09-30T18:55:46.584610+00:00,2026,4,over,0.4554079696394686,0.4693877551020409,5,5.5,2026_04_IND_WAS,5.0,graded,loss,-1.0,0.0,0.29255171868201413,0.22032486463973353,0.6815137674069698,0.5
c9d8ed8aa4889486eaf10a630138ede0,2026-10-04T13:30:00Z,Washington Commanders,Indianapolis Colts,Indianapolis Colts @ Washington Commanders,draftkings,DraftKings,player_reception_yds,recv_yds,Tyler Warren,over,-112,47.5,2026-09-30T18:55:26Z,tylerwarren,tylerwarren,47.5,44.94425636533434,27.85012403304853,,False,,0.5283018867924528,0.4634412779225351,0.0,0.5000000000000002,"{""version"":""nfl-calibration-trace-1"",""artifact_sha256"":""7c54bf5c44243e81b12bb6e72819cc44261a6c13e823cadd48cc848089163716"",""fitted_season"":2025,""fitted_weeks"":[4,5,6,7,9,10,11,12,14],""total_graded_rows"":12904,""market_sample_size"":null,""tail_sample_size"":null,""curve"":""market_specific"",""raw_probability"":0.463441,""fitted_raw_range"":[0.012265,0.987735],""outside_fitted_range"":false,""endpoint_probabilities"":[0.483696,0.516304],""limitation"":""Endpoint clipping is not held-out evidence; total rows are not independent games or tail sample size.""}",Calibration fitted; not prospectively validated,-283.01886792452603,-5.357142857142816,2026-09-30T18:55:46.584610+00:00,2026,4,over,0.5,0.5,4,47.5,2026_04_IND_WAS,41.0,graded,loss,-1.0,0.0,0.2500000000000002,0.25,3.94425636533434,6.5
d55cb69fed50a09170560b5b75d8de86,2026-10-02T00:15:00Z,Cleveland Browns,Pittsburgh Steelers,Pittsburgh Steelers @ Cleveland Browns,betonlineag,BetOnline.ag,player_pass_attempts,pass_attempts,Aaron Rodgers,over,-119,33.5,2026-09-30T18:54:42Z,aaronrodgers,aaronrodgers,33.5,33.522075146676414,7.891721105772987,,False,"{""version"":""nfl-projection-trace-1"",""current_sample"":[{""season"":2026,""week"":1,""attempts"":40,""completions"":24,""passing_yards"":221},{""season"":2026,""week"":2,""attempts"":39,""completions"":23,""passing_yards"":187},{""season"":2026,""week"":3,""attempts"":34,""completions"":19,""passing_yards"":292}],""recent_mean_weight"":0.428571,""yards_per_completion_recent_weight"":0.428571,""career_baselines"":{""attempts"":{""mean"":30.850105,""games"":87,""position_pool_mean"":27.802292},""yards_per_completion"":{""mean"":10.788299,""games"":86,""position_pool_mean"":10.957484}},""attempts"":33.013247,""completion_rate"":0.570975,""yards_per_completion"":11.685052,""limitations"":[""Appearance totals do not distinguish partial games from normal starter workloads."",""Completion rate uses recent games without career shrinkage."",""Variance omits completion-rate uncertainty and dependence among components.""],""mean_stages"":{""before_adjustments"":33.013247,""after_defense"":33.522075,""after_venue"":33.522075,""final"":33.522075}}",0.54337899543379,0.5011159413456697,0.0,0.5,"{""version"":""nfl-calibration-trace-1"",""artifact_sha256"":""7c54bf5c44243e81b12bb6e72819cc44261a6c13e823cadd48cc848089163716"",""fitted_season"":2025,""fitted_weeks"":[4,5,6,7,9,10,11,12,14],""total_graded_rows"":12904,""market_sample_size"":null,""tail_sample_size"":null,""curve"":""market_specific"",""raw_probability"":0.501116,""fitted_raw_range"":[0.187653,0.812347],""outside_fitted_range"":false,""endpoint_probabilities"":[0.02,0.98],""limitation"":""Endpoint clipping is not held-out evidence; total rows are not independent games or tail sample size.""}",Calibration fitted; not prospectively validated,-433.7899543378998,-7.98319327731093,2026-09-30T18:55:46.584610+00:00,2026,4,over,0.5102580936358787,0.5101897755628786,2,34.0,2026_04_PIT_CLE,40.0,graded,win,0.8403361344537815,1.0,0.25,0.23991405596314325,6.477924853323586,6.5
d55cb69fed50a09170560b5b75d8de86,2026-10-02T00:15:00Z,Cleveland Browns,Pittsburgh Steelers,Pittsburgh Steelers @ Cleveland Browns,draftkings,DraftKings,player_pass_completions,pass_completions,Aaron Rodgers,over,-104,21.5,2026-09-30T18:55:15Z,aaronrodgers,aaronrodgers,21.5,19.140266111419987,4.5059752828750685,,False,"{""version"":""nfl-projection-trace-1"",""current_sample"":[{""season"":2026,""week"":1,""attempts"":40,""completions"":24,""passing_yards"":221},{""season"":2026,""week"":2,""attempts"":39,""completions"":23,""passing_yards"":187},{""season"":2026,""week"":3,""attempts"":34,""completions"":19,""passing_yards"":292}],""recent_mean_weight"":0.428571,""yards_per_completion_recent_weight"":0.428571,""career_baselines"":{""attempts"":{""mean"":30.850105,""games"":87,""position_pool_mean"":27.802292},""yards_per_completion"":{""mean"":10.788299,""games"":86,""position_pool_mean"":10.957484}},""attempts"":33.013247,""completion_rate"":0.570975,""yards_per_completion"":11.685052,""limitations"":[""Appearance totals do not distinguish partial games from normal starter workloads."",""Completion rate uses recent games without career shrinkage."",""Variance omits completion-rate uncertainty and dependence among components.""],""mean_stages"":{""before_adjustments"":18.849738,""after_defense"":19.140266,""after_venue"":19.140266,""final"":19.140266}}",0.5098039215686274,0.3002471097500949,0.0,0.5,"{""version"":""nfl-calibration-trace-1"",""artifact_sha256"":""7c54bf5c44243e81b12bb6e72819cc44261a6c13e823cadd48cc848089163716"",""fitted_season"":2025,""fitted_weeks"":[4,5,6,7,9,10,11,12,14],""total_graded_rows"":12904,""market_sample_size"":null,""tail_sample_size"":null,""curve"":""market_specific"",""raw_probability"":0.300247,""fitted_raw_range"":[0.026155,0.973845],""outside_fitted_range"":false,""endpoint_probabilities"":[0.457143,0.542857],""limitation"":""Endpoint clipping is not held-out evidence; total rows are not independent games or tail sample size.""}",Calibration fitted; not prospectively validated,-98.03921568627416,-1.923076923076916,2026-09-30T18:55:46.584610+00:00,2026,4,over,0.480324745257228,0.480324745257228,5,21.5,2026_04_PIT_CLE,22.0,graded,win,0.9615384615384616,1.0,0.25,0.27006237039196496,2.8597338885800134,0.5
d55cb69fed50a09170560b5b75d8de86,2026-10-02T00:15:00Z,Cleveland Browns,Pittsburgh Steelers,Pittsburgh Steelers @ Cleveland Browns,betmgm,BetMGM,player_pass_tds,pass_tds,Aaron Rodgers,over,165,1.5,2026-09-30T18:54:52Z,aaronrodgers,aaronrodgers,1.5,1.2533333333333332,,1.2533333333333332,False,,0.3773584905660377,0.3565575778043259,0.0,0.5000000000000001,"{""version"":""nfl-calibration-trace-1"",""artifact_sha256"":""7c54bf5c44243e81b12bb6e72819cc44261a6c13e823cadd48cc848089163716"",""fitted_season"":2025,""fitted_weeks"":[4,5,6,7,9,10,11,12,14],""total_graded_rows"":12904,""market_sample_size"":null,""tail_sample_size"":null,""curve"":""pooled"",""raw_probability"":0.356558,""fitted_raw_range"":[4.8e-05,0.999952],""outside_fitted_range"":false,""endpoint_probabilities"":[0.25,0.75],""limitation"":""Endpoint clipping is not held-out evidence; total rows are not independent games or tail sample size.""}",Calibration fitted; not prospectively validated,1226.4150943396237,32.500000000000014,2026-09-30T18:55:46.584610+00:00,2026,4,over,0.35437430786268,0.3612034978236665,6,1.5,2026_04_PIT_CLE,3.0,graded,win,1.65,1.0,0.2499999999999999,0.4080609711927185,1.7466666666666668,1.5
d55cb69fed50a09170560b5b75d8de86,2026-10-02T00:15:00Z,Cleveland Browns,Pittsburgh Steelers,Pittsburgh Steelers @ Cleveland Browns,draftkings,DraftKings,player_pass_yds,pass_yds,Aaron Rodgers,over,-112,212.5,2026-09-30T18:55:15Z,aaronrodgers,aaronrodgers,212.5,210.23571154444,72.81179957841712,,False,"{""version"":""nfl-projection-trace-1"",""current_sample"":[{""season"":2026,""week"":1,""attempts"":40,""completions"":24,""passing_yards"":221},{""season"":2026,""week"":2,""attempts"":39,""completions"":23,""passing_yards"":187},{""season"":2026,""week"":3,""attempts"":34,""completions"":19,""passing_yards"":292}],""recent_mean_weight"":0.428571,""yards_per_completion_recent_weight"":0.428571,""career_baselines"":{""attempts"":{""mean"":30.850105,""games"":87,""position_pool_mean"":27.802292},""yards_per_completion"":{""mean"":10.788299,""games"":86,""position_pool_mean"":10.957484}},""attempts"":33.013247,""completion_rate"":0.570975,""yards_per_completion"":11.685052,""limitations"":[""Appearance totals do not distinguish partial games from normal starter workloads."",""Completion rate uses recent games without career shrinkage."",""Variance omits completion-rate uncertainty and dependence among components.""],""mean_stages"":{""before_adjustments"":220.260175,""after_defense"":223.655012,""after_venue"":210.235712,""final"":210.235712}}",0.5283018867924528,0.4875957629130615,0.0,0.4999999999999999,"{""version"":""nfl-calibration-trace-1"",""artifact_sha256"":""7c54bf5c44243e81b12bb6e72819cc44261a6c13e823cadd48cc848089163716"",""fitted_season"":2025,""fitted_weeks"":[4,5,6,7,9,10,11,12,14],""total_graded_rows"":12904,""market_sample_size"":null,""tail_sample_size"":null,""curve"":""market_specific"",""raw_probability"":0.487596,""fitted_raw_range"":[0.092856,0.907144],""outside_fitted_range"":false,""endpoint_probabilities"":[0.02,0.98],""limitation"":""Endpoint clipping is not held-out evidence; total rows are not independent games or tail sample size.""}",Calibration fitted; not prospectively validated,-283.0188679245288,-5.357142857142872,2026-09-30T18:55:46.584610+00:00,2026,4,over,0.5,0.5,4,212.5,2026_04_PIT_CLE,299.0,graded,win,0.8928571428571429,1.0,0.2500000000000001,0.25,88.76428845556,86.5
d55cb69fed50a09170560b5b75d8de86,2026-10-02T00:15:00Z,Cleveland Browns,Pittsburgh Steelers,Pittsburgh Steelers @ Cleveland Browns,draftkings,DraftKings,player_rush_yds,rush_yds,Aaron Rodgers,over,-104,1.5,2026-09-30T18:55:15Z,aaronrodgers,aaronrodgers,1.5,10.60060937188256,11.171987198354232,,False,,0.5098039215686274,0.7923470025150663,0.0,0.5647668393782382,"{""version"":""nfl-calibration-trace-1"",""artifact_sha256"":""7c54bf5c44243e81b12bb6e72819cc44261a6c13e823cadd48cc848089163716"",""fitted_season"":2025,""fitted_weeks"":[4,5,6,7,9,10,11,12,14],""total_graded_rows"":12904,""market_sample_size"":null,""tail_sample_size"":null,""curve"":""market_specific"",""raw_probability"":0.792347,""fitted_raw_range"":[0.000122,0.999878],""outside_fitted_range"":false,""endpoint_probabilities"":[0.02,0.98],""limitation"":""Endpoint clipping is not held-out evidence; total rows are not independent games or tail sample size.""}",Calibration fitted; not prospectively validated,549.6291780961083,10.781187724192897,2026-09-30T18:55:46.584610+00:00,2026,4,over,0.4821683309557774,0.4809318812139293,2,1.5,2026_04_PIT_CLE,0.0,graded,loss,-1.0,0.0,0.31896158286128473,0.23129547436796902,10.60060937188256,1.5
d55cb69fed50a09170560b5b75d8de86,2026-10-02T00:15:00Z,Cleveland Browns,Pittsburgh Steelers,Pittsburgh Steelers @ Cleveland Browns,fanduel,FanDuel,player_receptions,receptions,DK Metcalf,over,-122,3.5,2026-09-30T18:55:18Z,dkmetcalf,dkmetcalf,3.5,3.4444330301310173,1.4877740520252738,,False,,0.5495495495495496,0.4851033422485643,0.0,0.4591194968553459,"{""version"":""nfl-calibration-trace-1"",""artifact_sha256"":""7c54bf5c44243e81b12bb6e72819cc44261a6c13e823cadd48cc848089163716"",""fitted_season"":2025,""fitted_weeks"":[4,5,6,7,9,10,11,12,14],""total_graded_rows"":12904,""market_sample_size"":null,""tail_sample_size"":null,""curve"":""market_specific"",""raw_probability"":0.485103,""fitted_raw_range"":[0.000771,0.999229],""outside_fitted_range"":false,""endpoint_probabilities"":[0.166667,0.833333],""limitation"":""Endpoint clipping is not held-out evidence; total rows are not independent games or tail sample size.""}",Calibration fitted; not prospectively validated,-904.3005269420368,-16.455304670584603,2026-09-30T18:55:46.584610+00:00,2026,4,over,0.5141838223374939,0.5346534653465347,5,3.5,2026_04_PIT_CLE,5.0,graded,win,0.819672131147541,1.0,0.29255171868201413,0.2165473973139888,1.5555669698689827,1.5
d55cb69fed50a09170560b5b75d8de86,2026-10-02T00:15:00Z,Cleveland Browns,Pittsburgh Steelers,Pittsburgh Steelers @ Cleveland Browns,draftkings,DraftKings,player_reception_yds,recv_yds,DK Metcalf,over,-110,43.5,2026-09-30T18:55:15Z,dkmetcalf,dkmetcalf,43.5,40.64154898964895,27.1141343475914,,False,,0.5238095238095238,0.4580201179473518,0.0,0.5000000000000002,"{""version"":""nfl-calibration-trace-1"",""artifact_sha256"":""7c54bf5c44243e81b12bb6e72819cc44261a6c13e823cadd48cc848089163716"",""fitted_season"":2025,""fitted_weeks"":[4,5,6,7,9,10,11,12,14],""total_graded_rows"":12904,""market_sample_size"":null,""tail_sample_size"":null,""curve"":""market_specific"",""raw_probability"":0.45802,""fitted_raw_range"":[0.012265,0.987735],""outside_fitted_range"":false,""endpoint_probabilities"":[0.483696,0.516304],""limitation"":""Endpoint clipping is not held-out evidence; total rows are not independent games or tail sample size.""}",Calibration fitted; not prospectively validated,-238.0952380952361,-4.545454545454508,2026-09-30T18:55:46.584610+00:00,2026,4,over,0.495787700084246,0.5,3,43.5,2026_04_PIT_CLE,115.0,graded,win,0.9090909090909091,1.0,0.24999999999999978,0.25,74.35845101035105,71.5
d55cb69fed50a09170560b5b75d8de86,2026-10-02T00:15:00Z,Cleveland Browns,Pittsburgh Steelers,Pittsburgh Steelers @ Cleveland Browns,betrivers,BetRivers,player_receptions,receptions,Darnell Washington,over,-182,1.5,2026-09-30T18:54:32Z,darnellwashington,darnellwashington,1.5,2.1145508520625267,1.3355070462345917,,False,,0.6453900709219859,0.6773003660223785,0.0,0.5475728155339805,"{""version"":""nfl-calibration-trace-1"",""artifact_sha256"":""7c54bf5c44243e81b12bb6e72819cc44261a6c13e823cadd48cc848089163716"",""fitted_season"":2025,""fitted_weeks"":[4,5,6,7,9,10,11,12,14],""total_graded_rows"":12904,""market_sample_size"":null,""tail_sample_size"":null,""curve"":""market_specific"",""raw_probability"":0.6773,""fitted_raw_range"":[0.000771,0.999229],""outside_fitted_range"":false,""endpoint_probabilities"":[0.166667,0.833333],""limitation"":""Endpoint clipping is not held-out evidence; total rows are not independent games or tail sample size.""}",Calibration fitted; not prospectively validated,-978.1725538800534,-15.156300010668955,2026-09-30T18:55:46.584610+00:00,2026,4,over,,0.6154485498862383,4,1.5,2026_04_PIT_CLE,3.0,graded,win,0.5494505494505495,1.0,0.20469035724384962,0.14787981778459694,0.8854491479374733,1.5
d55cb69fed50a09170560b5b75d8de86,2026-10-02T00:15:00Z,Cleveland Browns,Pittsburgh Steelers,Pittsburgh Steelers @ Cleveland Browns,betrivers,BetRivers,player_reception_yds,recv_yds,Darnell Washington,over,-110,16.5,2026-09-30T18:54:32Z,darnellwashington,darnellwashington,16.5,27.283157590955003,21.956852532787348,,False,,0.5238095238095238,0.6883245117432708,0.0,0.5014367816091952,"{""version"":""nfl-calibration-trace-1"",""artifact_sha256"":""7c54bf5c44243e81b12bb6e72819cc44261a6c13e823cadd48cc848089163716"",""fitted_season"":2025,""fitted_weeks"":[4,5,6,7,9,10,11,12,14],""total_graded_rows"":12904,""market_sample_size"":null,""tail_sample_size"":null,""curve"":""market_specific"",""raw_probability"":0.688325,""fitted_raw_range"":[0.012265,0.987735],""outside_fitted_range"":false,""endpoint_probabilities"":[0.483696,0.516304],""limitation"":""Endpoint clipping is not held-out evidence; total rows are not independent games or tail sample size.""}",Calibration fitted; not prospectively validated,-223.72742200328588,-4.271159874608188,2026-09-30T18:55:46.584610+00:00,2026,4,over,0.488938053097345,0.5,4,16.5,2026_04_PIT_CLE,27.0,graded,win,0.9090909090909091,1.0,0.24856528273219727,0.25,0.28315759095500326,10.5
d55cb69fed50a09170560b5b75d8de86,2026-10-02T00:15:00Z,Cleveland Browns,Pittsburgh Steelers,Pittsburgh Steelers @ Cleveland Browns,betonlineag,BetOnline.ag,player_receptions,receptions,Denzel Boston,over,-143,2.5,2026-09-30T18:54:42Z,denzelboston,denzelboston,2.5,2.58005112238413,1.6478459695831118,,False,,0.588477366255144,0.5193726969884568,0.0,0.5408805031446541,"{""version"":""nfl-calibration-trace-1"",""artifact_sha256"":""7c54bf5c44243e81b12bb6e72819cc44261a6c13e823cadd48cc848089163716"",""fitted_season"":2025,""fitted_weeks"":[4,5,6,7,9,10,11,12,14],""total_graded_rows"":12904,""market_sample_size"":null,""tail_sample_size"":null,""curve"":""market_specific"",""raw_probability"":0.519373,""fitted_raw_range"":[0.000771,0.999229],""outside_fitted_range"":false,""endpoint_probabilities"":[0.166667,0.833333],""limitation"":""Endpoint clipping is not held-out evidence; total rows are not independent games or tail sample size.""}",Calibration fitted; not prospectively validated,-475.9686311048994,-8.088138276817524,2026-09-30T18:55:46.584610+00:00,2026,4,over,0.552733296521259,0.5708955223880597,5,2.5,2026_04_PIT_CLE,4.0,graded,win,0.6993006993006993,1.0,0.210790712392706,0.18413065270661613,1.41994887761587,1.5
d55cb69fed50a09170560b5b75d8de86,2026-10-02T00:15:00Z,Cleveland Browns,Pittsburgh Steelers,Pittsburgh Steelers @ Cleveland Browns,fanduel,FanDuel,player_reception_yds,recv_yds,Denzel Boston,over,-114,35.5,2026-09-30T18:55:18Z,denzelboston,denzelboston,35.5,43.17427164768108,30.610787416988565,,False,,0.5327102803738317,0.5989788292621553,0.0,0.5010141987829615,"{""version"":""nfl-calibration-trace-1"",""artifact_sha256"":""7c54bf5c44243e81b12bb6e72819cc44261a6c13e823cadd48cc848089163716"",""fitted_season"":2025,""fitted_weeks"":[4,5,6,7,9,10,11,12,14],""total_graded_rows"":12904,""market_sample_size"":null,""tail_sample_size"":null,""curve"":""market_specific"",""raw_probability"":0.598979,""fitted_raw_range"":[0.012265,0.987735],""outside_fitted_range"":false,""endpoint_probabilities"":[0.483696,0.516304],""limitation"":""Endpoint clipping is not held-out evidence; total rows are not independent games or tail sample size.""}",Calibration fitted; not prospectively validated,-316.9608159087023,-5.94996619337389,2026-09-30T18:55:46.584610+00:00,2026,4,over,0.5,0.5,3,36.25,2026_04_PIT_CLE,89.0,graded,win,0.8771929824561403,1.0,0.24898682981620987,0.25,45.82572835231892,53.5
d55cb69fed50a09170560b5b75d8de86,2026-10-02T00:15:00Z,Cleveland Browns,Pittsburgh Steelers,Pittsburgh Steelers @ Cleveland Browns,betonlineag,BetOnline.ag,player_pass_attempts,pass_attempts,Deshaun Watson,over,-114,28.5,2026-09-30T18:54:42Z,deshaunwatson,deshaunwatson,28.5,29.61365671879727,8.749617148643441,,False,"{""version"":""nfl-projection-trace-1"",""current_sample"":[{""season"":2026,""week"":1,""attempts"":22,""completions"":16,""passing_yards"":205},{""season"":2026,""week"":2,""attempts"":30,""completions"":24,""passing_yards"":238},{""season"":2026,""week"":3,""attempts"":30,""completions"":16,""passing_yards"":144}],""recent_mean_weight"":0.428571,""yards_per_completion_recent_weight"":0.428571,""career_baselines"":{""attempts"":{""mean"":29.152654,""games"":35,""position_pool_mean"":27.802292},""yards_per_completion"":{""mean"":10.702215,""games"":35,""position_pool_mean"":10.957484}},""attempts"":29.164154,""completion_rate"":0.621601,""yards_per_completion"":10.241009,""limitations"":[""Appearance totals do not distinguish partial games from normal starter workloads."",""Completion rate uses recent games without career shrinkage."",""Variance omits completion-rate uncertainty and dependence among components.""],""mean_stages"":{""before_adjustments"":29.164154,""after_defense"":29.613657,""after_venue"":29.613657,""final"":29.613657}}",0.5327102803738317,0.5506408517842196,0.0,0.5,"{""version"":""nfl-calibration-trace-1"",""artifact_sha256"":""7c54bf5c44243e81b12bb6e72819cc44261a6c13e823cadd48cc848089163716"",""fitted_season"":2025,""fitted_weeks"":[4,5,6,7,9,10,11,12,14],""total_graded_rows"":12904,""market_sample_size"":null,""tail_sample_size"":null,""curve"":""market_specific"",""raw_probability"":0.550641,""fitted_raw_range"":[0.187653,0.812347],""outside_fitted_range"":false,""endpoint_probabilities"":[0.02,0.98],""limitation"":""Endpoint clipping is not held-out evidence; total rows are not independent games or tail sample size.""}",Calibration fitted; not prospectively validated,-327.1028037383172,-6.140350877192969,2026-09-30T18:55:46.584610+00:00,2026,4,over,0.5,0.5041554124246831,3,28.5,2026_04_PIT_CLE,33.0,graded,win,0.8771929824561403,1.0,0.25,0.2458618550277361,3.3863432812027305,4.5
d55cb69fed50a09170560b5b75d8de86,2026-10-02T00:15:00Z,Cleveland Browns,Pittsburgh Steelers,Pittsburgh Steelers @ Cleveland Browns,draftkings,DraftKings,player_pass_completions,pass_completions,Deshaun Watson,over,-103,18.5,2026-09-30T18:55:15Z,deshaunwatson,deshaunwatson,18.5,18.407867424271807,5.438767458364222,,False,"{""version"":""nfl-projection-trace-1"",""current_sample"":[{""season"":2026,""week"":1,""attempts"":22,""completions"":16,""passing_yards"":205},{""season"":2026,""week"":2,""attempts"":30,""completions"":24,""passing_yards"":238},{""season"":2026,""week"":3,""attempts"":30,""completions"":16,""passing_yards"":144}],""recent_mean_weight"":0.428571,""yards_per_completion_recent_weight"":0.428571,""career_baselines"":{""attempts"":{""mean"":29.152654,""games"":35,""position_pool_mean"":27.802292},""yards_per_completion"":{""mean"":10.702215,""games"":35,""position_pool_mean"":10.957484}},""attempts"":29.164154,""completion_rate"":0.621601,""yards_per_completion"":10.241009,""limitations"":[""Appearance totals do not distinguish partial games from normal starter workloads."",""Completion rate uses recent games without career shrinkage."",""Variance omits completion-rate uncertainty and dependence among components.""],""mean_stages"":{""before_adjustments"":18.128456,""after_defense"":18.407867,""after_venue"":18.407867,""final"":18.407867}}",0.5073891625615764,0.4932422516123538,0.0,0.5000000000000001,"{""version"":""nfl-calibration-trace-1"",""artifact_sha256"":""7c54bf5c44243e81b12bb6e72819cc44261a6c13e823cadd48cc848089163716"",""fitted_season"":2025,""fitted_weeks"":[4,5,6,7,9,10,11,12,14],""total_graded_rows"":12904,""market_sample_size"":null,""tail_sample_size"":null,""curve"":""market_specific"",""raw_probability"":0.493242,""fitted_raw_range"":[0.026155,0.973845],""outside_fitted_range"":false,""endpoint_probabilities"":[0.457143,0.542857],""limitation"":""Endpoint clipping is not held-out evidence; total rows are not independent games or tail sample size.""}",Calibration fitted; not prospectively validated,-73.8916256157629,-1.4563106796116387,2026-09-30T18:55:46.584610+00:00,2026,4,over,0.4782356355194428,0.4876847290640395,3,18.5,2026_04_PIT_CLE,24.0,graded,win,0.970873786407767,1.0,0.2499999999999999,0.26246693683418665,5.5921325757281934,5.5
d55cb69fed50a09170560b5b75d8de86,2026-10-02T00:15:00Z,Cleveland Browns,Pittsburgh Steelers,Pittsburgh Steelers @ Cleveland Browns,draftkings,DraftKings,player_pass_tds,pass_tds,Deshaun Watson,over,-214,0.5,2026-09-30T18:55:15Z,deshaunwatson,deshaunwatson,0.5,1.7666666666666668,,1.7666666666666668,False,,0.6815286624203821,0.8290982871984752,0.0,0.5333333333333333,"{""version"":""nfl-calibration-trace-1"",""artifact_sha256"":""7c54bf5c44243e81b12bb6e72819cc44261a6c13e823cadd48cc848089163716"",""fitted_season"":2025,""fitted_weeks"":[4,5,6,7,9,10,11,12,14],""total_graded_rows"":12904,""market_sample_size"":null,""tail_sample_size"":null,""curve"":""pooled"",""raw_probability"":0.829098,""fitted_raw_range"":[4.8e-05,0.999952],""outside_fitted_range"":false,""endpoint_probabilities"":[0.25,0.75],""limitation"":""Endpoint clipping is not held-out evidence; total rows are not independent games or tail sample size.""}",Calibration fitted; not prospectively validated,-1481.953290870488,-21.74454828660436,2026-09-30T18:55:46.584610+00:00,2026,4,over,0.6436272840767222,0.6451322227852118,6,0.5,2026_04_PIT_CLE,1.0,graded,win,0.4672897196261682,1.0,0.2177777777777778,0.12593113930536456,0.7666666666666668,0.5
d55cb69fed50a09170560b5b75d8de86,2026-10-02T00:15:00Z,Cleveland Browns,Pittsburgh Steelers,Pittsburgh Steelers @ Cleveland Browns,betonlineag,BetOnline.ag,player_pass_yds,pass_yds,Deshaun Watson,over,-112,187.5,2026-09-30T18:54:42Z,deshaunwatson,deshaunwatson,187.5,199.82605222142024,72.53779198198691,,False,"{""version"":""nfl-projection-trace-1"",""current_sample"":[{""season"":2026,""week"":1,""attempts"":22,""completions"":16,""passing_yards"":205},{""season"":2026,""week"":2,""attempts"":30,""completions"":24,""passing_yards"":238},{""season"":2026,""week"":3,""attempts"":30,""completions"":16,""passing_yards"":144}],""recent_mean_weight"":0.428571,""yards_per_completion_recent_weight"":0.428571,""career_baselines"":{""attempts"":{""mean"":29.152654,""games"":35,""position_pool_mean"":27.802292},""yards_per_completion"":{""mean"":10.702215,""games"":35,""position_pool_mean"":10.957484}},""attempts"":29.164154,""completion_rate"":0.621601,""yards_per_completion"":10.241009,""limitations"":[""Appearance totals do not distinguish partial games from normal starter workloads."",""Completion rate uses recent games without career shrinkage."",""Variance omits completion-rate uncertainty and dependence among components.""],""mean_stages"":{""before_adjustments"":185.653691,""after_defense"":188.515144,""after_venue"":199.826052,""final"":199.826052}}",0.5283018867924528,0.5674658082460551,0.0,0.4999999999999999,"{""version"":""nfl-calibration-trace-1"",""artifact_sha256"":""7c54bf5c44243e81b12bb6e72819cc44261a6c13e823cadd48cc848089163716"",""fitted_season"":2025,""fitted_weeks"":[4,5,6,7,9,10,11,12,14],""total_graded_rows"":12904,""market_sample_size"":null,""tail_sample_size"":null,""curve"":""market_specific"",""raw_probability"":0.567466,""fitted_raw_range"":[0.092856,0.907144],""outside_fitted_range"":false,""endpoint_probabilities"":[0.02,0.98],""limitation"":""Endpoint clipping is not held-out evidence; total rows are not independent games or tail sample size.""}",Calibration fitted; not prospectively validated,-283.0188679245288,-5.357142857142872,2026-09-30T18:55:46.584610+00:00,2026,4,over,0.4969046636401156,0.4984523318200577,2,187.0,2026_04_PIT_CLE,268.0,graded,win,0.8928571428571429,1.0,0.2500000000000001,0.2515500634567374,68.17394777857976,80.5
d55cb69fed50a09170560b5b75d8de86,2026-10-02T00:15:00Z,Cleveland Browns,Pittsburgh Steelers,Pittsburgh Steelers @ Cleveland Browns,betonlineag,BetOnline.ag,player_rush_attempts,rush_attempts,Deshaun Watson,over,-139,5.5,2026-09-30T18:54:42Z,deshaunwatson,deshaunwatson,5.5,8.040285056655033,4.0119100441769255,,False,,0.5815899581589958,0.7366938888763649,0.0,0.5526315789473685,"{""version"":""nfl-calibration-trace-1"",""artifact_sha256"":""7c54bf5c44243e81b12bb6e72819cc44261a6c13e823cadd48cc848089163716"",""fitted_season"":2025,""fitted_weeks"":[4,5,6,7,9,10,11,12,14],""total_graded_rows"":12904,""market_sample_size"":null,""tail_sample_size"":null,""curve"":""market_specific"",""raw_probability"":0.736694,""fitted_raw_range"":[4.8e-05,0.999952],""outside_fitted_range"":false,""endpoint_probabilities"":[0.405405,0.594595],""limitation"":""Endpoint clipping is not held-out evidence; total rows are not independent games or tail sample size.""}",Calibration fitted; not prospectively validated,-289.5837921162736,-4.979174555092758,2026-09-30T18:55:46.584610+00:00,2026,4,over,0.5462570956657111,0.5576419608197165,3,5.5,2026_04_PIT_CLE,7.0,graded,win,0.7194244604316546,1.0,0.2001385041551246,0.19568063482742523,1.0402850566550335,1.5
d55cb69fed50a09170560b5b75d8de86,2026-10-02T00:15:00Z,Cleveland Browns,Pittsburgh Steelers,Pittsburgh Steelers @ Cleveland Browns,draftkings,DraftKings,player_rush_yds,rush_yds,Deshaun Watson,over,-110,29.5,2026-09-30T18:55:15Z,deshaunwatson,deshaunwatson,29.5,35.603402656203016,23.269290194187235,,False,,0.5238095238095238,0.6034527297496218,0.0,0.4999999999999998,"{""version"":""nfl-calibration-trace-1"",""artifact_sha256"":""7c54bf5c44243e81b12bb6e72819cc44261a6c13e823cadd48cc848089163716"",""fitted_season"":2025,""fitted_weeks"":[4,5,6,7,9,10,11,12,14],""total_graded_rows"":12904,""market_sample_size"":null,""tail_sample_size"":null,""curve"":""market_specific"",""raw_probability"":0.603453,""fitted_raw_range"":[0.000122,0.999878],""outside_fitted_range"":false,""endpoint_probabilities"":[0.02,0.98],""limitation"":""Endpoint clipping is not held-out evidence; total rows are not independent games or tail sample size.""}",Calibration fitted; not prospectively validated,-238.09523809524052,-4.5454545454545965,2026-09-30T18:55:46.584610+00:00,2026,4,over,0.495787700084246,0.5,4,29.5,2026_04_PIT_CLE,22.0,graded,loss,-1.0,0.0,0.24999999999999978,0.25,13.603402656203016,7.5
d55cb69fed50a09170560b5b75d8de86,2026-10-02T00:15:00Z,Cleveland Browns,Pittsburgh Steelers,Pittsburgh Steelers @ Cleveland Browns,bovada,Bovada,player_receptions,receptions,Harold Fannin,over,-110,4.5,2026-09-30T18:54:55Z,haroldfannin,haroldfannin,4.5,4.603662715071334,2.0470495836943035,,False,,0.5238095238095238,0.5201938300107103,0.0,0.5408805031446541,"{""version"":""nfl-calibration-trace-1"",""artifact_sha256"":""7c54bf5c44243e81b12bb6e72819cc44261a6c13e823cadd48cc848089163716"",""fitted_season"":2025,""fitted_weeks"":[4,5,6,7,9,10,11,12,14],""total_graded_rows"":12904,""market_sample_size"":null,""tail_sample_size"":null,""curve"":""market_specific"",""raw_probability"":0.520194,""fitted_raw_range"":[0.000771,0.999229],""outside_fitted_range"":false,""endpoint_probabilities"":[0.166667,0.833333],""limitation"":""Endpoint clipping is not held-out evidence; total rows are not independent games or tail sample size.""}",Calibration fitted; not prospectively validated,170.70979335130244,3.2590051457976,2026-09-30T18:55:46.584610+00:00,2026,4,over,0.4898785425101215,0.4948402542722694,5,4.5,2026_04_PIT_CLE,3.0,graded,loss,-1.0,0.0,0.29255171868201413,0.24486687724824424,1.6036627150713336,1.5
d55cb69fed50a09170560b5b75d8de86,2026-10-02T00:15:00Z,Cleveland Browns,Pittsburgh Steelers,Pittsburgh Steelers @ Cleveland Browns,draftkings,DraftKings,player_reception_yds,recv_yds,Harold Fannin,over,-111,40.5,2026-09-30T18:55:15Z,haroldfannin,haroldfannin,40.5,45.07336912360757,27.051235171001075,,False,,0.5260663507109005,0.5671265456044227,0.0,0.5000000000000002,"{""version"":""nfl-calibration-trace-1"",""artifact_sha256"":""7c54bf5c44243e81b12bb6e72819cc44261a6c13e823cadd48cc848089163716"",""fitted_season"":2025,""fitted_weeks"":[4,5,6,7,9,10,11,12,14],""total_graded_rows"":12904,""market_sample_size"":null,""tail_sample_size"":null,""curve"":""market_specific"",""raw_probability"":0.567127,""fitted_raw_range"":[0.012265,0.987735],""outside_fitted_range"":false,""endpoint_probabilities"":[0.483696,0.516304],""limitation"":""Endpoint clipping is not held-out evidence; total rows are not independent games or tail sample size.""}",Calibration fitted; not prospectively validated,-260.6635071090024,-4.954954954954916,2026-09-30T18:55:46.584610+00:00,2026,4,over,0.4978941161605526,0.5,4,40.5,2026_04_PIT_CLE,27.0,graded,loss,-1.0,0.0,0.2500000000000002,0.25,18.07336912360757,13.5
d55cb69fed50a09170560b5b75d8de86,2026-10-02T00:15:00Z,Cleveland Browns,Pittsburgh Steelers,Pittsburgh Steelers @ Cleveland Browns,draftkings,DraftKings,player_receptions,receptions,Jaylen Warren,over,118,3.5,2026-09-30T18:55:15Z,jaylenwarren,jaylenwarren,3.5,2.288777708700912,1.0575213820007106,,False,,0.4587155963302752,0.1260340240237039,0.0,0.4210526315789473,"{""version"":""nfl-calibration-trace-1"",""artifact_sha256"":""7c54bf5c44243e81b12bb6e72819cc44261a6c13e823cadd48cc848089163716"",""fitted_season"":2025,""fitted_weeks"":[4,5,6,7,9,10,11,12,14],""total_graded_rows"":12904,""market_sample_size"":null,""tail_sample_size"":null,""curve"":""market_specific"",""raw_probability"":0.126034,""fitted_raw_range"":[0.000771,0.999229],""outside_fitted_range"":false,""endpoint_probabilities"":[0.166667,0.833333],""limitation"":""Endpoint clipping is not held-out evidence; total rows are not independent games or tail sample size.""}",Calibration fitted; not prospectively validated,-376.6296475132791,-8.21052631578948,2026-09-30T18:55:46.584610+00:00,2026,4,over,0.4332755632582322,0.4350851927391771,6,3.5,2026_04_PIT_CLE,3.0,graded,loss,-1.0,0.0,0.17728531855955673,0.1892991249408869,0.7112222912990882,0.5
d55cb69fed50a09170560b5b75d8de86,2026-10-02T00:15:00Z,Cleveland Browns,Pittsburgh Steelers,Pittsburgh Steelers @ Cleveland Browns,betmgm,BetMGM,player_reception_yds,recv_yds,Jaylen Warren,over,-110,23.5,2026-09-30T18:54:52Z,jaylenwarren,jaylenwarren,23.5,23.553667915399487,15.691080645941874,,False,,0.5238095238095238,0.5013644923057077,0.0,0.5000000000000002,"{""version"":""nfl-calibration-trace-1"",""artifact_sha256"":""7c54bf5c44243e81b12bb6e72819cc44261a6c13e823cadd48cc848089163716"",""fitted_season"":2025,""fitted_weeks"":[4,5,6,7,9,10,11,12,14],""total_graded_rows"":12904,""market_sample_size"":null,""tail_sample_size"":null,""curve"":""market_specific"",""raw_probability"":0.501364,""fitted_raw_range"":[0.012265,0.987735],""outside_fitted_range"":false,""endpoint_probabilities"":[0.483696,0.516304],""limitation"":""Endpoint clipping is not held-out evidence; total rows are not independent games or tail sample size.""}",Calibration fitted; not prospectively validated,-238.0952380952361,-4.545454545454508,2026-09-30T18:55:46.584610+00:00,2026,4,over,0.4898785425101215,0.496367185216411,4,23.5,2026_04_PIT_CLE,33.0,graded,win,0.9090909090909091,1.0,0.24999999999999978,0.25364601212684085,9.446332084600513,9.5
d55cb69fed50a09170560b5b75d8de86,2026-10-02T00:15:00Z,Cleveland Browns,Pittsburgh Steelers,Pittsburgh Steelers @ Cleveland Browns,draftkings,DraftKings,player_rush_attempts,rush_attempts,Jaylen Warren,over,-114,15.5,2026-09-30T18:55:15Z,jaylenwarren,jaylenwarren,15.5,11.366329604044354,4.720463023044813,,False,,0.5327102803738317,0.1905988232253032,0.0,0.4054054054054054,"{""version"":""nfl-calibration-trace-1"",""artifact_sha256"":""7c54bf5c44243e81b12bb6e72819cc44261a6c13e823cadd48cc848089163716"",""fitted_season"":2025,""fitted_weeks"":[4,5,6,7,9,10,11,12,14],""total_graded_rows"":12904,""market_sample_size"":null,""tail_sample_size"":null,""curve"":""market_specific"",""raw_probability"":0.190599,""fitted_raw_range"":[4.8e-05,0.999952],""outside_fitted_range"":false,""endpoint_probabilities"":[0.405405,0.594595],""limitation"":""Endpoint clipping is not held-out evidence; total rows are not independent games or tail sample size.""}",Calibration fitted; not prospectively validated,-1273.048749684263,-23.897581792318626,2026-09-30T18:55:46.584610+00:00,2026,4,over,0.5020774472328402,0.5025863917963623,2,15.5,2026_04_PIT_CLE,17.0,graded,win,0.8771929824561403,1.0,0.35354273192111035,0.24742029762616197,5.633670395955646,1.5
d55cb69fed50a09170560b5b75d8de86,2026-10-02T00:15:00Z,Cleveland Browns,Pittsburgh Steelers,Pittsburgh Steelers @ Cleveland Browns,draftkings,DraftKings,player_rush_yds,rush_yds,Jaylen Warren,over,-114,68.5,2026-09-30T18:55:15Z,jaylenwarren,jaylenwarren,68.5,57.21878384091658,33.21820640266782,,False,,0.5327102803738317,0.3670753376512598,0.0,0.4999999999999998,"{""version"":""nfl-calibration-trace-1"",""artifact_sha256"":""7c54bf5c44243e81b12bb6e72819cc44261a6c13e823cadd48cc848089163716"",""fitted_season"":2025,""fitted_weeks"":[4,5,6,7,9,10,11,12,14],""total_graded_rows"":12904,""market_sample_size"":null,""tail_sample_size"":null,""curve"":""market_specific"",""raw_probability"":0.367075,""fitted_raw_range"":[0.000122,0.999878],""outside_fitted_range"":false,""endpoint_probabilities"":[0.02,0.98],""limitation"":""Endpoint clipping is not held-out evidence; total rows are not independent games or tail sample size.""}",Calibration fitted; not prospectively validated,-327.10280373831944,-6.140350877193013,2026-09-30T18:55:46.584610+00:00,2026,4,over,0.5042122999157539,0.5030953363598845,3,68.5,2026_04_PIT_CLE,93.0,graded,win,0.8771929824561403,1.0,0.2500000000000002,0.24691424474729637,35.78121615908342,24.5
d55cb69fed50a09170560b5b75d8de86,2026-10-02T00:15:00Z,Cleveland Browns,Pittsburgh Steelers,Pittsburgh Steelers @ Cleveland Browns,fanduel,FanDuel,player_receptions,receptions,Jerry Jeudy,over,124,1.5,2026-09-30T18:55:18Z,jerryjeudy,jerryjeudy,1.5,2.401762823073614,1.4753284026179685,,False,,0.4464285714285714,0.7294758536085588,0.0,0.5475728155339805,"{""version"":""nfl-calibration-trace-1"",""artifact_sha256"":""7c54bf5c44243e81b12bb6e72819cc44261a6c13e823cadd48cc848089163716"",""fitted_season"":2025,""fitted_weeks"":[4,5,6,7,9,10,11,12,14],""total_graded_rows"":12904,""market_sample_size"":null,""tail_sample_size"":null,""curve"":""market_specific"",""raw_probability"":0.729476,""fitted_raw_range"":[0.000771,0.999229],""outside_fitted_range"":false,""endpoint_probabilities"":[0.166667,0.833333],""limitation"":""Endpoint clipping is not held-out evidence; total rows are not independent games or tail sample size.""}",Calibration fitted; not prospectively validated,1011.4424410540906,22.656310679611625,2026-09-30T18:55:46.584610+00:00,2026,4,over,0.4170324846356453,0.4368658399098084,5,1.5,2026_04_PIT_CLE,3.0,graded,win,1.24,1.0,0.20469035724384962,0.3171200822604855,0.5982371769263861,1.5
d55cb69fed50a09170560b5b75d8de86,2026-10-02T00:15:00Z,Cleveland Browns,Pittsburgh Steelers,Pittsburgh Steelers @ Cleveland Browns,fanduel,FanDuel,player_reception_yds,recv_yds,Jerry Jeudy,over,-114,13.5,2026-09-30T18:55:18Z,jerryjeudy,jerryjeudy,13.5,33.61861214864415,24.34147816223084,,False,,0.5327102803738317,0.7957441721684624,0.0,0.5163043478260871,"{""version"":""nfl-calibration-trace-1"",""artifact_sha256"":""7c54bf5c44243e81b12bb6e72819cc44261a6c13e823cadd48cc848089163716"",""fitted_season"":2025,""fitted_weeks"":[4,5,6,7,9,10,11,12,14],""total_graded_rows"":12904,""market_sample_size"":null,""tail_sample_size"":null,""curve"":""market_specific"",""raw_probability"":0.795744,""fitted_raw_range"":[0.012265,0.987735],""outside_fitted_range"":false,""endpoint_probabilities"":[0.483696,0.516304],""limitation"":""Endpoint clipping is not held-out evidence; total rows are not independent games or tail sample size.""}",Calibration fitted; not prospectively validated,-164.05932547744584,-3.0797101449274944,2026-09-30T18:55:46.584610+00:00,2026,4,over,0.5,0.506794303072901,6,13.5,2026_04_PIT_CLE,36.0,graded,win,0.8771929824561403,1.0,0.23396148393194688,0.24325185948134548,2.3813878513558535,22.5
d55cb69fed50a09170560b5b75d8de86,2026-10-02T00:15:00Z,Cleveland Browns,Pittsburgh Steelers,Pittsburgh Steelers @ Cleveland Browns,fanduel,FanDuel,player_receptions,receptions,KC Concepcion,over,-138,3.5,2026-09-30T18:55:18Z,kcconcepcion,kcconcepcion,3.5,3.008442016299884,1.5241394257362555,,False,,0.5798319327731093,0.373531249032895,0.0,0.4524271844660194,"{""version"":""nfl-calibration-trace-1"",""artifact_sha256"":""7c54bf5c44243e81b12bb6e72819cc44261a6c13e823cadd48cc848089163716"",""fitted_season"":2025,""fitted_weeks"":[4,5,6,7,9,10,11,12,14],""total_graded_rows"":12904,""market_sample_size"":null,""tail_sample_size"":null,""curve"":""market_specific"",""raw_probability"":0.373531,""fitted_raw_range"":[0.000771,0.999229],""outside_fitted_range"":false,""endpoint_probabilities"":[0.166667,0.833333],""limitation"":""Endpoint clipping is not held-out evidence; total rows are not independent games or tail sample size.""}",Calibration fitted; not prospectively validated,-1274.0474830708986,-21.972702968903903,2026-09-30T18:55:46.584610+00:00,2026,4,over,0.5418848167539267,0.5633187772925764,5,3.5,2026_04_PIT_CLE,5.0,graded,win,0.7246376811594203,1.0,0.29983598831181063,0.19069049026525048,1.9915579837001158,1.5
d55cb69fed50a09170560b5b75d8de86,2026-10-02T00:15:00Z,Cleveland Browns,Pittsburgh Steelers,Pittsburgh Steelers @ Cleveland Browns,draftkings,DraftKings,player_reception_yds,recv_yds,KC Concepcion,over,-110,34.5,2026-09-30T18:55:15Z,kcconcepcion,kcconcepcion,34.5,29.3055392031115,22.494364101792296,,False,,0.5238095238095238,0.4086874016534938,0.0,0.4989858012170386,"{""version"":""nfl-calibration-trace-1"",""artifact_sha256"":""7c54bf5c44243e81b12bb6e72819cc44261a6c13e823cadd48cc848089163716"",""fitted_season"":2025,""fitted_weeks"":[4,5,6,7,9,10,11,12,14],""total_graded_rows"":12904,""market_sample_size"":null,""tail_sample_size"":null,""curve"":""market_specific"",""raw_probability"":0.408687,""fitted_raw_range"":[0.012265,0.987735],""outside_fitted_range"":false,""endpoint_probabilities"":[0.483696,0.516304],""limitation"":""Endpoint clipping is not held-out evidence; total rows are not independent games or tail sample size.""}",Calibration fitted; not prospectively validated,-248.23722592485169,-4.739074313110803,2026-09-30T18:55:46.584610+00:00,2026,4,over,0.495787700084246,0.5,4,34.5,2026_04_PIT_CLE,64.0,graded,win,0.9090909090909091,1.0,0.2510152273821327,0.25,34.6944607968885,29.5
d55cb69fed50a09170560b5b75d8de86,2026-10-02T00:15:00Z,Cleveland Browns,Pittsburgh Steelers,Pittsburgh Steelers @ Cleveland Browns,bovada,Bovada,player_receptions,receptions,Michael Pittman,over,110,3.5,2026-09-30T18:54:55Z,michaelpittman,michaelpittman,3.5,3.272463589339976,1.6328633589578987,,False,,0.4761904761904761,0.4445875401831108,0.0,0.4591194968553459,"{""version"":""nfl-calibration-trace-1"",""artifact_sha256"":""7c54bf5c44243e81b12bb6e72819cc44261a6c13e823cadd48cc848089163716"",""fitted_season"":2025,""fitted_weeks"":[4,5,6,7,9,10,11,12,14],""total_graded_rows"":12904,""market_sample_size"":null,""tail_sample_size"":null,""curve"":""market_specific"",""raw_probability"":0.444588,""fitted_raw_range"":[0.000771,0.999229],""outside_fitted_range"":false,""endpoint_probabilities"":[0.166667,0.833333],""limitation"":""Endpoint clipping is not held-out evidence; total rows are not independent games or tail sample size.""}",Calibration fitted; not prospectively validated,-170.70979335130244,-3.5849056603773466,2026-09-30T18:55:46.584610+00:00,2026,4,over,0.4458598726114649,0.4542013626040878,5,3.5,2026_04_PIT_CLE,2.0,graded,loss,-1.0,0.0,0.210790712392706,0.20629887779141004,1.272463589339976,1.5
d55cb69fed50a09170560b5b75d8de86,2026-10-02T00:15:00Z,Cleveland Browns,Pittsburgh Steelers,Pittsburgh Steelers @ Cleveland Browns,draftkings,DraftKings,player_reception_yds,recv_yds,Michael Pittman,over,-111,32.5,2026-09-30T18:55:15Z,michaelpittman,michaelpittman,32.5,36.19037599517503,26.27264978686406,,False,,0.5260663507109005,0.5558535211034729,0.0,0.5000000000000002,"{""version"":""nfl-calibration-trace-1"",""artifact_sha256"":""7c54bf5c44243e81b12bb6e72819cc44261a6c13e823cadd48cc848089163716"",""fitted_season"":2025,""fitted_weeks"":[4,5,6,7,9,10,11,12,14],""total_graded_rows"":12904,""market_sample_size"":null,""tail_sample_size"":null,""curve"":""market_specific"",""raw_probability"":0.555854,""fitted_raw_range"":[0.012265,0.987735],""outside_fitted_range"":false,""endpoint_probabilities"":[0.483696,0.516304],""limitation"":""Endpoint clipping is not held-out evidence; total rows are not independent games or tail sample size.""}",Calibration fitted; not prospectively validated,-260.6635071090024,-4.954954954954916,2026-09-30T18:55:46.584610+00:00,2026,4,over,0.4978941161605526,0.5,3,34.5,2026_04_PIT_CLE,15.0,graded,loss,-1.0,0.0,0.2500000000000002,0.25,21.19037599517503,17.5
d55cb69fed50a09170560b5b75d8de86,2026-10-02T00:15:00Z,Cleveland Browns,Pittsburgh Steelers,Pittsburgh Steelers @ Cleveland Browns,draftkings,DraftKings,player_receptions,receptions,Pat Freiermuth,over,106,3.5,2026-09-30T18:55:15Z,patfreiermuth,patfreiermuth,3.5,2.5919900132457525,1.2358674587266545,,False,,0.4854368932038835,0.2312566334969694,0.0,0.4524271844660194,"{""version"":""nfl-calibration-trace-1"",""artifact_sha256"":""7c54bf5c44243e81b12bb6e72819cc44261a6c13e823cadd48cc848089163716"",""fitted_season"":2025,""fitted_weeks"":[4,5,6,7,9,10,11,12,14],""total_graded_rows"":12904,""market_sample_size"":null,""tail_sample_size"":null,""curve"":""market_specific"",""raw_probability"":0.231257,""fitted_raw_range"":[0.000771,0.999229],""outside_fitted_range"":false,""endpoint_probabilities"":[0.166667,0.833333],""limitation"":""Endpoint clipping is not held-out evidence; total rows are not independent games or tail sample size.""}",Calibration fitted; not prospectively validated,-330.0970873786408,-6.799999999999995,2026-09-30T18:55:46.584610+00:00,2026,4,over,0.4580003897875657,0.4592085979482169,5,3.5,2026_04_PIT_CLE,3.0,graded,loss,-1.0,0.0,0.20469035724384957,0.2108725364295671,0.4080099867542475,0.5
d55cb69fed50a09170560b5b75d8de86,2026-10-02T00:15:00Z,Cleveland Browns,Pittsburgh Steelers,Pittsburgh Steelers @ Cleveland Browns,betonlineag,BetOnline.ag,player_reception_yds,recv_yds,Pat Freiermuth,over,-114,28.5,2026-09-30T18:54:42Z,patfreiermuth,patfreiermuth,28.5,28.56689876133452,19.237159607906943,,False,,0.5327102803738317,0.5013873508955182,0.0,0.5000000000000002,"{""version"":""nfl-calibration-trace-1"",""artifact_sha256"":""7c54bf5c44243e81b12bb6e72819cc44261a6c13e823cadd48cc848089163716"",""fitted_season"":2025,""fitted_weeks"":[4,5,6,7,9,10,11,12,14],""total_graded_rows"":12904,""market_sample_size"":null,""tail_sample_size"":null,""curve"":""market_specific"",""raw_probability"":0.501387,""fitted_raw_range"":[0.012265,0.987735],""outside_fitted_range"":false,""endpoint_probabilities"":[0.483696,0.516304],""limitation"":""Endpoint clipping is not held-out evidence; total rows are not independent games or tail sample size.""}",Calibration fitted; not prospectively validated,-327.102803738315,-6.140350877192935,2026-09-30T18:55:46.584610+00:00,2026,4,over,0.5,0.5,5,28.5,2026_04_PIT_CLE,17.0,graded,loss,-1.0,0.0,0.2500000000000002,0.25,11.56689876133452,11.5
d55cb69fed50a09170560b5b75d8de86,2026-10-02T00:15:00Z,Cleveland Browns,Pittsburgh Steelers,Pittsburgh Steelers @ Cleveland Browns,betonlineag,BetOnline.ag,player_receptions,receptions,Quinshon Judkins,over,141,2.5,2026-09-30T18:54:42Z,quinshonjudkins,quinshonjudkins,2.5,2.4220002510750085,1.7516193875691293,,False,,0.4149377593360996,0.4822409382656058,0.0,0.4591194968553459,"{""version"":""nfl-calibration-trace-1"",""artifact_sha256"":""7c54bf5c44243e81b12bb6e72819cc44261a6c13e823cadd48cc848089163716"",""fitted_season"":2025,""fitted_weeks"":[4,5,6,7,9,10,11,12,14],""total_graded_rows"":12904,""market_sample_size"":null,""tail_sample_size"":null,""curve"":""market_specific"",""raw_probability"":0.482241,""fitted_raw_range"":[0.000771,0.999229],""outside_fitted_range"":false,""endpoint_probabilities"":[0.166667,0.833333],""limitation"":""Endpoint clipping is not held-out evidence; total rows are not independent games or tail sample size.""}",Calibration fitted; not prospectively validated,441.8173751924631,10.64779874213837,2026-09-30T18:55:46.584610+00:00,2026,4,over,0.3899568995005815,0.3952119644024907,5,2.5,2026_04_PIT_CLE,6.0,graded,win,1.41,1.0,0.29255171868201413,0.3657685680018941,3.5779997489249915,3.5
d55cb69fed50a09170560b5b75d8de86,2026-10-02T00:15:00Z,Cleveland Browns,Pittsburgh Steelers,Pittsburgh Steelers @ Cleveland Browns,fanduel,FanDuel,player_reception_yds,recv_yds,Quinshon Judkins,over,-114,12.5,2026-09-30T18:55:18Z,quinshonjudkins,quinshonjudkins,12.5,16.767950881425776,18.21845241374704,,False,,0.5327102803738317,0.5926104812751919,0.0,0.5010141987829615,"{""version"":""nfl-calibration-trace-1"",""artifact_sha256"":""7c54bf5c44243e81b12bb6e72819cc44261a6c13e823cadd48cc848089163716"",""fitted_season"":2025,""fitted_weeks"":[4,5,6,7,9,10,11,12,14],""total_graded_rows"":12904,""market_sample_size"":null,""tail_sample_size"":null,""curve"":""market_specific"",""raw_probability"":0.59261,""fitted_raw_range"":[0.012265,0.987735],""outside_fitted_range"":false,""endpoint_probabilities"":[0.483696,0.516304],""limitation"":""Endpoint clipping is not held-out evidence; total rows are not independent games or tail sample size.""}",Calibration fitted; not prospectively validated,-316.9608159087023,-5.94996619337389,2026-09-30T18:55:46.584610+00:00,2026,4,over,0.5,0.5030953363598845,5,12.5,2026_04_PIT_CLE,43.0,graded,win,0.8771929824561403,1.0,0.24898682981620987,0.24691424474729637,26.232049118574224,30.5
d55cb69fed50a09170560b5b75d8de86,2026-10-02T00:15:00Z,Cleveland Browns,Pittsburgh Steelers,Pittsburgh Steelers @ Cleveland Browns,betmgm,BetMGM,player_rush_attempts,rush_attempts,Quinshon Judkins,over,-110,16.5,2026-09-30T18:54:52Z,quinshonjudkins,quinshonjudkins,16.5,12.991551328691628,5.594918185955086,,False,,0.5238095238095238,0.2653041377281031,0.0,0.4473684210526316,"{""version"":""nfl-calibration-trace-1"",""artifact_sha256"":""7c54bf5c44243e81b12bb6e72819cc44261a6c13e823cadd48cc848089163716"",""fitted_season"":2025,""fitted_weeks"":[4,5,6,7,9,10,11,12,14],""total_graded_rows"":12904,""market_sample_size"":null,""tail_sample_size"":null,""curve"":""market_specific"",""raw_probability"":0.265304,""fitted_raw_range"":[4.8e-05,0.999952],""outside_fitted_range"":false,""endpoint_probabilities"":[0.405405,0.594595],""limitation"":""Endpoint clipping is not held-out evidence; total rows are not independent games or tail sample size.""}",Calibration fitted; not prospectively validated,-764.4110275689226,-14.593301435406705,2026-09-30T18:55:46.584610+00:00,2026,4,over,0.4898785425101215,0.5073240143969199,3,16.5,2026_04_PIT_CLE,17.0,graded,win,0.9090909090909091,1.0,0.3054016620498614,0.2427296267899664,4.008448671308372,0.5
d55cb69fed50a09170560b5b75d8de86,2026-10-02T00:15:00Z,Cleveland Browns,Pittsburgh Steelers,Pittsburgh Steelers @ Cleveland Browns,fanduel,FanDuel,player_rush_yds,rush_yds,Quinshon Judkins,over,-114,55.5,2026-09-30T18:55:18Z,quinshonjudkins,quinshonjudkins,55.5,48.13478823427312,31.34661033849969,,False,,0.5327102803738317,0.4071197387235054,0.0,0.4999999999999998,"{""version"":""nfl-calibration-trace-1"",""artifact_sha256"":""7c54bf5c44243e81b12bb6e72819cc44261a6c13e823cadd48cc848089163716"",""fitted_season"":2025,""fitted_weeks"":[4,5,6,7,9,10,11,12,14],""total_graded_rows"":12904,""market_sample_size"":null,""tail_sample_size"":null,""curve"":""market_specific"",""raw_probability"":0.40712,""fitted_raw_range"":[0.000122,0.999878],""outside_fitted_range"":false,""endpoint_probabilities"":[0.02,0.98],""limitation"":""Endpoint clipping is not held-out evidence; total rows are not independent games or tail sample size.""}",Calibration fitted; not prospectively validated,-327.10280373831944,-6.140350877193013,2026-09-30T18:55:46.584610+00:00,2026,4,over,0.5,0.5030135004821601,7,55.5,2026_04_PIT_CLE,53.0,graded,loss,-1.0,0.0,0.24999999999999978,0.25302258166731606,4.865211765726883,2.5
d55cb69fed50a09170560b5b75d8de86,2026-10-02T00:15:00Z,Cleveland Browns,Pittsburgh Steelers,Pittsburgh Steelers @ Cleveland Browns,fanduel,FanDuel,player_receptions,receptions,Raheim Sanders,over,-172,1.5,2026-09-30T18:55:18Z,raheimsanders,raheimsanders,1.5,2.493663248230284,1.7312102717564717,,False,,0.6323529411764706,0.7170060442815085,0.0,0.5475728155339805,"{""version"":""nfl-calibration-trace-1"",""artifact_sha256"":""7c54bf5c44243e81b12bb6e72819cc44261a6c13e823cadd48cc848089163716"",""fitted_season"":2025,""fitted_weeks"":[4,5,6,7,9,10,11,12,14],""total_graded_rows"":12904,""market_sample_size"":null,""tail_sample_size"":null,""curve"":""market_specific"",""raw_probability"":0.717006,""fitted_raw_range"":[0.000771,0.999229],""outside_fitted_range"":false,""endpoint_probabilities"":[0.166667,0.833333],""limitation"":""Endpoint clipping is not held-out evidence; total rows are not independent games or tail sample size.""}",Calibration fitted; not prospectively validated,-847.8012564249004,-13.407089636486802,2026-09-30T18:55:46.584610+00:00,2026,4,over,0.5904601300891351,0.6129820749592613,5,1.5,2026_04_PIT_CLE,2.0,graded,win,0.5813953488372093,1.0,0.20469035724384962,0.14978287430283888,0.49366324823028407,0.5
d55cb69fed50a09170560b5b75d8de86,2026-10-02T00:15:00Z,Cleveland Browns,Pittsburgh Steelers,Pittsburgh Steelers @ Cleveland Browns,betrivers,BetRivers,player_reception_yds,recv_yds,Raheim Sanders,over,-113,11.5,2026-09-30T18:54:32Z,raheimsanders,raheimsanders,11.5,19.59700400683626,16.761486037963856,,False,,0.5305164319248826,0.6854776806266923,0.0,0.5014367816091952,"{""version"":""nfl-calibration-trace-1"",""artifact_sha256"":""7c54bf5c44243e81b12bb6e72819cc44261a6c13e823cadd48cc848089163716"",""fitted_season"":2025,""fitted_weeks"":[4,5,6,7,9,10,11,12,14],""total_graded_rows"":12904,""market_sample_size"":null,""tail_sample_size"":null,""curve"":""market_specific"",""raw_probability"":0.685478,""fitted_raw_range"":[0.012265,0.987735],""outside_fitted_range"":false,""endpoint_probabilities"":[0.483696,0.516304],""limitation"":""Endpoint clipping is not held-out evidence; total rows are not independent games or tail sample size.""}",Calibration fitted; not prospectively validated,-290.79650315687377,-5.481385413487971,2026-09-30T18:55:46.584610+00:00,2026,4,over,0.4949766918501849,0.5030953363598845,5,11.5,2026_04_PIT_CLE,7.0,graded,loss,-1.0,0.0,0.2514388459505878,0.25310491746706526,12.597004006836261,4.5
d55cb69fed50a09170560b5b75d8de86,2026-10-02T00:15:00Z,Cleveland Browns,Pittsburgh Steelers,Pittsburgh Steelers @ Cleveland Browns,fanduel,FanDuel,player_rush_yds,rush_yds,Raheim Sanders,over,-114,5.5,2026-09-30T18:55:18Z,raheimsanders,raheimsanders,5.5,33.58137152402179,33.57374933042586,,False,,0.5327102803738317,0.7985374522996807,0.0,0.5647668393782382,"{""version"":""nfl-calibration-trace-1"",""artifact_sha256"":""7c54bf5c44243e81b12bb6e72819cc44261a6c13e823cadd48cc848089163716"",""fitted_season"":2025,""fitted_weeks"":[4,5,6,7,9,10,11,12,14],""total_graded_rows"":12904,""market_sample_size"":null,""tail_sample_size"":null,""curve"":""market_specific"",""raw_probability"":0.798537,""fitted_raw_range"":[0.000122,0.999878],""outside_fitted_range"":false,""endpoint_probabilities"":[0.02,0.98],""limitation"":""Endpoint clipping is not held-out evidence; total rows are not independent games or tail sample size.""}",Calibration fitted; not prospectively validated,320.5655900440652,6.01763476047632,2026-09-30T18:55:46.584610+00:00,2026,4,over,0.5,0.5102580936358787,3,5.5,2026_04_PIT_CLE,9.0,graded,win,0.8771929824561403,1.0,0.18942790410480828,0.23984713484916376,24.58137152402179,3.5
d55cb69fed50a09170560b5b75d8de86,2026-10-02T00:15:00Z,Cleveland Browns,Pittsburgh Steelers,Pittsburgh Steelers @ Cleveland Browns,betonlineag,BetOnline.ag,player_receptions,receptions,Roman Wilson,over,145,2.5,2026-09-30T18:54:42Z,romanwilson,romanwilson,2.5,2.754461080205789,1.33873205002961,,False,,0.4081632653061224,0.5753752840807307,0.0,0.5420560747663551,"{""version"":""nfl-calibration-trace-1"",""artifact_sha256"":""7c54bf5c44243e81b12bb6e72819cc44261a6c13e823cadd48cc848089163716"",""fitted_season"":2025,""fitted_weeks"":[4,5,6,7,9,10,11,12,14],""total_graded_rows"":12904,""market_sample_size"":null,""tail_sample_size"":null,""curve"":""market_specific"",""raw_probability"":0.575375,""fitted_raw_range"":[0.000771,0.999229],""outside_fitted_range"":false,""endpoint_probabilities"":[0.166667,0.833333],""limitation"":""Endpoint clipping is not held-out evidence; total rows are not independent games or tail sample size.""}",Calibration fitted; not prospectively validated,1338.9280946023264,32.803738317757,2026-09-30T18:55:46.584610+00:00,2026,4,over,0.3830010493179434,0.388739946380697,5,2.5,2026_04_PIT_CLE,3.0,graded,win,1.45,1.0,0.20971263865839815,0.3736388531506732,0.24553891979421083,0.5
d55cb69fed50a09170560b5b75d8de86,2026-10-02T00:15:00Z,Cleveland Browns,Pittsburgh Steelers,Pittsburgh Steelers @ Cleveland Browns,betonlineag,BetOnline.ag,player_reception_yds,recv_yds,Roman Wilson,over,-114,19.5,2026-09-30T18:54:42Z,romanwilson,romanwilson,19.5,36.5239973198183,24.84140434535841,,False,,0.5327102803738317,0.753425006935379,0.0,0.5163043478260871,"{""version"":""nfl-calibration-trace-1"",""artifact_sha256"":""7c54bf5c44243e81b12bb6e72819cc44261a6c13e823cadd48cc848089163716"",""fitted_season"":2025,""fitted_weeks"":[4,5,6,7,9,10,11,12,14],""total_graded_rows"":12904,""market_sample_size"":null,""tail_sample_size"":null,""curve"":""market_specific"",""raw_probability"":0.753425,""fitted_raw_range"":[0.012265,0.987735],""outside_fitted_range"":false,""endpoint_probabilities"":[0.483696,0.516304],""limitation"":""Endpoint clipping is not held-out evidence; total rows are not independent games or tail sample size.""}",Calibration fitted; not prospectively validated,-164.05932547744584,-3.0797101449274944,2026-09-30T18:55:46.584610+00:00,2026,4,over,0.5,0.5063197809142617,3,19.5,2026_04_PIT_CLE,74.0,graded,win,0.8771929824561403,1.0,0.23396148393194688,0.2437201587165426,37.4760026801817,54.5
daf55e2df5341c007fee5a0fc5bbc2d4,2026-10-04T17:00:00Z,Houston Texans,Dallas Cowboys,Dallas Cowboys @ Houston Texans,betonlineag,BetOnline.ag,player_pass_attempts,pass_attempts,C.J. Stroud,over,-114,32.5,2026-09-30T18:54:54Z,cjstroud,cjstroud,32.5,33.9289235072948,10.862757737289815,,False,"{""version"":""nfl-projection-trace-1"",""current_sample"":[{""season"":2026,""week"":1,""attempts"":38,""completions"":26,""passing_yards"":274},{""season"":2026,""week"":2,""attempts"":55,""completions"":30,""passing_yards"":353},{""season"":2026,""week"":3,""attempts"":27,""completions"":16,""passing_yards"":167}],""recent_mean_weight"":0.428571,""yards_per_completion_recent_weight"":0.428571,""career_baselines"":{""attempts"":{""mean"":29.945096,""games"":52,""position_pool_mean"":27.802292},""yards_per_completion"":{""mean"":11.418962,""games"":52,""position_pool_mean"":10.957484}},""attempts"":32.243352,""completion_rate"":0.589903,""yards_per_completion"":11.148835,""limitations"":[""Appearance totals do not distinguish partial games from normal starter workloads."",""Completion rate uses recent games without career shrinkage."",""Variance omits completion-rate uncertainty and dependence among components.""],""mean_stages"":{""before_adjustments"":32.243352,""after_defense"":33.928924,""after_venue"":33.928924,""final"":33.928924}}",0.5327102803738317,0.5523272506288432,0.0,0.5,"{""version"":""nfl-calibration-trace-1"",""artifact_sha256"":""7c54bf5c44243e81b12bb6e72819cc44261a6c13e823cadd48cc848089163716"",""fitted_season"":2025,""fitted_weeks"":[4,5,6,7,9,10,11,12,14],""total_graded_rows"":12904,""market_sample_size"":null,""tail_sample_size"":null,""curve"":""market_specific"",""raw_probability"":0.552327,""fitted_raw_range"":[0.187653,0.812347],""outside_fitted_range"":false,""endpoint_probabilities"":[0.02,0.98],""limitation"":""Endpoint clipping is not held-out evidence; total rows are not independent games or tail sample size.""}",Calibration fitted; not prospectively validated,-327.1028037383172,-6.140350877192969,2026-09-30T18:55:46.584610+00:00,2026,4,over,0.5,0.5,3,32.5,2026_04_DAL_HOU,31.0,graded,loss,-1.0,0.0,0.25,0.25,2.9289235072947974,1.5
daf55e2df5341c007fee5a0fc5bbc2d4,2026-10-04T17:00:00Z,Houston Texans,Dallas Cowboys,Dallas Cowboys @ Houston Texans,bovada,Bovada,player_pass_completions,pass_completions,C.J. Stroud,over,100,21.5,2026-09-30T18:54:20Z,cjstroud,cjstroud,21.5,20.0147610400498,6.407969303861435,,False,"{""version"":""nfl-projection-trace-1"",""current_sample"":[{""season"":2026,""week"":1,""attempts"":38,""completions"":26,""passing_yards"":274},{""season"":2026,""week"":2,""attempts"":55,""completions"":30,""passing_yards"":353},{""season"":2026,""week"":3,""attempts"":27,""completions"":16,""passing_yards"":167}],""recent_mean_weight"":0.428571,""yards_per_completion_recent_weight"":0.428571,""career_baselines"":{""attempts"":{""mean"":29.945096,""games"":52,""position_pool_mean"":27.802292},""yards_per_completion"":{""mean"":11.418962,""games"":52,""position_pool_mean"":10.957484}},""attempts"":32.243352,""completion_rate"":0.589903,""yards_per_completion"":11.148835,""limitations"":[""Appearance totals do not distinguish partial games from normal starter workloads."",""Completion rate uses recent games without career shrinkage."",""Variance omits completion-rate uncertainty and dependence among components.""],""mean_stages"":{""before_adjustments"":19.020438,""after_defense"":20.014761,""after_venue"":20.014761,""final"":20.014761}}",0.5,0.408354455906804,0.0,0.5000000000000001,"{""version"":""nfl-calibration-trace-1"",""artifact_sha256"":""7c54bf5c44243e81b12bb6e72819cc44261a6c13e823cadd48cc848089163716"",""fitted_season"":2025,""fitted_weeks"":[4,5,6,7,9,10,11,12,14],""total_graded_rows"":12904,""market_sample_size"":null,""tail_sample_size"":null,""curve"":""market_specific"",""raw_probability"":0.408354,""fitted_raw_range"":[0.026155,0.973845],""outside_fitted_range"":false,""endpoint_probabilities"":[0.457143,0.542857],""limitation"":""Endpoint clipping is not held-out evidence; total rows are not independent games or tail sample size.""}",Calibration fitted; not prospectively validated,1.1102230246251565e-12,2.220446049250313e-14,2026-09-30T18:55:46.584610+00:00,2026,4,over,0.4693877551020409,0.4710743801652893,3,21.5,2026_04_DAL_HOU,21.0,graded,loss,-1.0,0.0,0.2500000000000001,0.2219110716481115,0.9852389599501983,0.5
daf55e2df5341c007fee5a0fc5bbc2d4,2026-10-04T17:00:00Z,Houston Texans,Dallas Cowboys,Dallas Cowboys @ Houston Texans,fanduel,FanDuel,player_pass_tds,pass_tds,C.J. Stroud,over,-104,1.5,2026-09-30T18:55:14Z,cjstroud,cjstroud,1.5,1.06,,1.06,False,,0.5098039215686274,0.2863010307200817,0.0,0.4821981424148607,"{""version"":""nfl-calibration-trace-1"",""artifact_sha256"":""7c54bf5c44243e81b12bb6e72819cc44261a6c13e823cadd48cc848089163716"",""fitted_season"":2025,""fitted_weeks"":[4,5,6,7,9,10,11,12,14],""total_graded_rows"":12904,""market_sample_size"":null,""tail_sample_size"":null,""curve"":""pooled"",""raw_probability"":0.286301,""fitted_raw_range"":[4.8e-05,0.999952],""outside_fitted_range"":false,""endpoint_probabilities"":[0.25,0.75],""limitation"":""Endpoint clipping is not held-out evidence; total rows are not independent games or tail sample size.""}",Calibration fitted; not prospectively validated,-276.0577915376666,-5.414979757085003,2026-09-30T18:55:46.584610+00:00,2026,4,over,0.4759152215799614,0.4824089403973509,5,1.5,2026_04_DAL_HOU,2.0,graded,win,0.9615384615384616,1.0,0.26811876371862087,0.26790050498059315,0.94,0.5
daf55e2df5341c007fee5a0fc5bbc2d4,2026-10-04T17:00:00Z,Houston Texans,Dallas Cowboys,Dallas Cowboys @ Houston Texans,draftkings,DraftKings,player_pass_yds,pass_yds,C.J. Stroud,over,-113,241.5,2026-09-30T18:54:52Z,cjstroud,cjstroud,241.5,236.5297531232354,83.3489287795558,,False,"{""version"":""nfl-projection-trace-1"",""current_sample"":[{""season"":2026,""week"":1,""attempts"":38,""completions"":26,""passing_yards"":274},{""season"":2026,""week"":2,""attempts"":55,""completions"":30,""passing_yards"":353},{""season"":2026,""week"":3,""attempts"":27,""completions"":16,""passing_yards"":167}],""recent_mean_weight"":0.428571,""yards_per_completion_recent_weight"":0.428571,""career_baselines"":{""attempts"":{""mean"":29.945096,""games"":52,""position_pool_mean"":27.802292},""yards_per_completion"":{""mean"":11.418962,""games"":52,""position_pool_mean"":10.957484}},""attempts"":32.243352,""completion_rate"":0.589903,""yards_per_completion"":11.148835,""limitations"":[""Appearance totals do not distinguish partial games from normal starter workloads."",""Completion rate uses recent games without career shrinkage."",""Variance omits completion-rate uncertainty and dependence among components.""],""mean_stages"":{""before_adjustments"":212.05573,""after_defense"":223.141277,""after_venue"":236.529753,""final"":236.529753}}",0.5305164319248826,0.4762244442669621,0.0,0.4999999999999999,"{""version"":""nfl-calibration-trace-1"",""artifact_sha256"":""7c54bf5c44243e81b12bb6e72819cc44261a6c13e823cadd48cc848089163716"",""fitted_season"":2025,""fitted_weeks"":[4,5,6,7,9,10,11,12,14],""total_graded_rows"":12904,""market_sample_size"":null,""tail_sample_size"":null,""curve"":""market_specific"",""raw_probability"":0.476224,""fitted_raw_range"":[0.092856,0.907144],""outside_fitted_range"":false,""endpoint_probabilities"":[0.02,0.98],""limitation"":""Endpoint clipping is not held-out evidence; total rows are not independent games or tail sample size.""}",Calibration fitted; not prospectively validated,-305.1643192488268,-5.75221238938054,2026-09-30T18:55:46.584610+00:00,2026,4,over,0.5021058838394474,0.5,3,241.5,2026_04_DAL_HOU,347.0,graded,win,0.8849557522123894,1.0,0.2500000000000001,0.25,110.4702468767646,105.5
daf55e2df5341c007fee5a0fc5bbc2d4,2026-10-04T17:00:00Z,Houston Texans,Dallas Cowboys,Dallas Cowboys @ Houston Texans,draftkings,DraftKings,player_rush_attempts,rush_attempts,C.J. Stroud,over,102,3.5,2026-09-30T18:54:52Z,cjstroud,cjstroud,3.5,3.67964610387944,3.1217552066424044,,False,,0.495049504950495,0.5229450693759079,0.0,0.506993006993007,"{""version"":""nfl-calibration-trace-1"",""artifact_sha256"":""7c54bf5c44243e81b12bb6e72819cc44261a6c13e823cadd48cc848089163716"",""fitted_season"":2025,""fitted_weeks"":[4,5,6,7,9,10,11,12,14],""total_graded_rows"":12904,""market_sample_size"":null,""tail_sample_size"":null,""curve"":""market_specific"",""raw_probability"":0.522945,""fitted_raw_range"":[4.8e-05,0.999952],""outside_fitted_range"":false,""endpoint_probabilities"":[0.405405,0.594595],""limitation"":""Endpoint clipping is not held-out evidence; total rows are not independent games or tail sample size.""}",Calibration fitted; not prospectively validated,119.43502042511932,2.412587412587408,2026-09-30T18:55:46.584610+00:00,2026,4,over,0.4669102720259846,0.4669102720259846,1,3.5,2026_04_DAL_HOU,2.0,graded,loss,-1.0,0.0,0.25704190913981123,0.21800520212337895,1.6796461038794401,1.5
daf55e2df5341c007fee5a0fc5bbc2d4,2026-10-04T17:00:00Z,Houston Texans,Dallas Cowboys,Dallas Cowboys @ Houston Texans,betonlineag,BetOnline.ag,player_rush_yds,rush_yds,C.J. Stroud,over,-114,11.5,2026-09-30T18:54:54Z,cjstroud,cjstroud,11.5,19.73777919066776,18.151836585171136,,False,,0.5327102803738317,0.675023041110161,0.0,0.5647668393782382,"{""version"":""nfl-calibration-trace-1"",""artifact_sha256"":""7c54bf5c44243e81b12bb6e72819cc44261a6c13e823cadd48cc848089163716"",""fitted_season"":2025,""fitted_weeks"":[4,5,6,7,9,10,11,12,14],""total_graded_rows"":12904,""market_sample_size"":null,""tail_sample_size"":null,""curve"":""market_specific"",""raw_probability"":0.675023,""fitted_raw_range"":[0.000122,0.999878],""outside_fitted_range"":false,""endpoint_probabilities"":[0.02,0.98],""limitation"":""Endpoint clipping is not held-out evidence; total rows are not independent games or tail sample size.""}",Calibration fitted; not prospectively validated,320.5655900440652,6.01763476047632,2026-09-30T18:55:46.584610+00:00,2026,4,over,0.5,0.5,5,11.5,2026_04_DAL_HOU,12.0,graded,win,0.8771929824561403,1.0,0.18942790410480828,0.25,7.737779190667759,0.5
daf55e2df5341c007fee5a0fc5bbc2d4,2026-10-04T17:00:00Z,Houston Texans,Dallas Cowboys,Dallas Cowboys @ Houston Texans,fanduel,FanDuel,player_receptions,receptions,CeeDee Lamb,over,-130,5.5,2026-09-30T18:55:14Z,ceedeelamb,ceedeelamb,5.5,6.98929560621463,2.2771407338408145,,False,,0.5652173913043478,0.7434505430933875,0.0,0.5475728155339805,"{""version"":""nfl-calibration-trace-1"",""artifact_sha256"":""7c54bf5c44243e81b12bb6e72819cc44261a6c13e823cadd48cc848089163716"",""fitted_season"":2025,""fitted_weeks"":[4,5,6,7,9,10,11,12,14],""total_graded_rows"":12904,""market_sample_size"":null,""tail_sample_size"":null,""curve"":""market_specific"",""raw_probability"":0.743451,""fitted_raw_range"":[0.000771,0.999229],""outside_fitted_range"":false,""endpoint_probabilities"":[0.166667,0.833333],""limitation"":""Endpoint clipping is not held-out evidence; total rows are not independent games or tail sample size.""}",Calibration fitted; not prospectively validated,-176.44575770367263,-3.1217326362957487,2026-09-30T18:55:46.584610+00:00,2026,4,over,0.5281576830249397,0.5447153550456456,4,5.5,2026_04_DAL_HOU,17.0,graded,win,0.7692307692307693,1.0,0.20469035724384962,0.20728410793121255,10.010704393785371,11.5
daf55e2df5341c007fee5a0fc5bbc2d4,2026-10-04T17:00:00Z,Houston Texans,Dallas Cowboys,Dallas Cowboys @ Houston Texans,draftkings,DraftKings,player_reception_yds,recv_yds,CeeDee Lamb,over,-110,76.5,2026-09-30T18:54:52Z,ceedeelamb,ceedeelamb,76.5,97.63680912851184,46.55690715139101,,False,,0.5238095238095238,0.6750853800762253,0.0,0.5014367816091952,"{""version"":""nfl-calibration-trace-1"",""artifact_sha256"":""7c54bf5c44243e81b12bb6e72819cc44261a6c13e823cadd48cc848089163716"",""fitted_season"":2025,""fitted_weeks"":[4,5,6,7,9,10,11,12,14],""total_graded_rows"":12904,""market_sample_size"":null,""tail_sample_size"":null,""curve"":""market_specific"",""raw_probability"":0.675085,""fitted_raw_range"":[0.012265,0.987735],""outside_fitted_range"":false,""endpoint_probabilities"":[0.483696,0.516304],""limitation"":""Endpoint clipping is not held-out evidence; total rows are not independent games or tail sample size.""}",Calibration fitted; not prospectively validated,-223.72742200328588,-4.271159874608188,2026-09-30T18:55:46.584610+00:00,2026,4,over,0.495787700084246,0.5,4,76.5,2026_04_DAL_HOU,189.0,graded,win,0.9090909090909091,1.0,0.24856528273219727,0.25,91.36319087148816,112.5
daf55e2df5341c007fee5a0fc5bbc2d4,2026-10-04T17:00:00Z,Houston Texans,Dallas Cowboys,Dallas Cowboys @ Houston Texans,bovada,Bovada,player_pass_attempts,pass_attempts,Dak Prescott,over,-105,35.5,2026-09-30T18:54:20Z,dakprescott,dakprescott,35.5,36.61669189253527,8.443122451128454,,False,"{""version"":""nfl-projection-trace-1"",""current_sample"":[{""season"":2026,""week"":1,""attempts"":34,""completions"":22,""passing_yards"":175},{""season"":2026,""week"":2,""attempts"":31,""completions"":26,""passing_yards"":279},{""season"":2026,""week"":3,""attempts"":40,""completions"":25,""passing_yards"":276}],""recent_mean_weight"":0.428571,""yards_per_completion_recent_weight"":0.428571,""career_baselines"":{""attempts"":{""mean"":33.088095,""games"":79,""position_pool_mean"":27.802292},""yards_per_completion"":{""mean"":11.048427,""games"":79,""position_pool_mean"":10.957484}},""attempts"":34.797593,""completion_rate"":0.68206,""yards_per_completion"":10.87521,""limitations"":[""Appearance totals do not distinguish partial games from normal starter workloads."",""Completion rate uses recent games without career shrinkage."",""Variance omits completion-rate uncertainty and dependence among components.""],""mean_stages"":{""before_adjustments"":34.797593,""after_defense"":36.616692,""after_venue"":36.616692,""final"":36.616692}}",0.5121951219512195,0.5526108892048047,0.0,0.5,"{""version"":""nfl-calibration-trace-1"",""artifact_sha256"":""7c54bf5c44243e81b12bb6e72819cc44261a6c13e823cadd48cc848089163716"",""fitted_season"":2025,""fitted_weeks"":[4,5,6,7,9,10,11,12,14],""total_graded_rows"":12904,""market_sample_size"":null,""tail_sample_size"":null,""curve"":""market_specific"",""raw_probability"":0.552611,""fitted_raw_range"":[0.187653,0.812347],""outside_fitted_range"":false,""endpoint_probabilities"":[0.02,0.98],""limitation"":""Endpoint clipping is not held-out evidence; total rows are not independent games or tail sample size.""}",Calibration fitted; not prospectively validated,-121.95121951219522,-2.380952380952384,2026-09-30T18:55:46.584610+00:00,2026,4,over,0.4796954314720812,0.4824089403973509,3,35.5,2026_04_DAL_HOU,45.0,graded,win,0.9523809523809523,1.0,0.25,0.26790050498059315,8.383308107464728,9.5
daf55e2df5341c007fee5a0fc5bbc2d4,2026-10-04T17:00:00Z,Houston Texans,Dallas Cowboys,Dallas Cowboys @ Houston Texans,betrivers,BetRivers,player_pass_completions,pass_completions,Dak Prescott,over,-112,24.5,2026-09-30T18:55:25Z,dakprescott,dakprescott,24.5,24.97477342524298,5.758714381882832,,False,"{""version"":""nfl-projection-trace-1"",""current_sample"":[{""season"":2026,""week"":1,""attempts"":34,""completions"":22,""passing_yards"":175},{""season"":2026,""week"":2,""attempts"":31,""completions"":26,""passing_yards"":279},{""season"":2026,""week"":3,""attempts"":40,""completions"":25,""passing_yards"":276}],""recent_mean_weight"":0.428571,""yards_per_completion_recent_weight"":0.428571,""career_baselines"":{""attempts"":{""mean"":33.088095,""games"":79,""position_pool_mean"":27.802292},""yards_per_completion"":{""mean"":11.048427,""games"":79,""position_pool_mean"":10.957484}},""attempts"":34.797593,""completion_rate"":0.68206,""yards_per_completion"":10.87521,""limitations"":[""Appearance totals do not distinguish partial games from normal starter workloads."",""Completion rate uses recent games without career shrinkage."",""Variance omits completion-rate uncertainty and dependence among components.""],""mean_stages"":{""before_adjustments"":23.734039,""after_defense"":24.974773,""after_venue"":24.974773,""final"":24.974773}}",0.5283018867924528,0.532853312388898,0.0,0.5000000000000001,"{""version"":""nfl-calibration-trace-1"",""artifact_sha256"":""7c54bf5c44243e81b12bb6e72819cc44261a6c13e823cadd48cc848089163716"",""fitted_season"":2025,""fitted_weeks"":[4,5,6,7,9,10,11,12,14],""total_graded_rows"":12904,""market_sample_size"":null,""tail_sample_size"":null,""curve"":""market_specific"",""raw_probability"":0.532853,""fitted_raw_range"":[0.026155,0.973845],""outside_fitted_range"":false,""endpoint_probabilities"":[0.457143,0.542857],""limitation"":""Endpoint clipping is not held-out evidence; total rows are not independent games or tail sample size.""}",Calibration fitted; not prospectively validated,-283.0188679245271,-5.357142857142838,2026-09-30T18:55:46.584610+00:00,2026,4,over,,0.5020774472328402,3,24.5,2026_04_DAL_HOU,32.0,graded,win,0.8928571428571429,1.0,0.2499999999999999,0.24792686855416504,7.025226574757021,7.5
daf55e2df5341c007fee5a0fc5bbc2d4,2026-10-04T17:00:00Z,Houston Texans,Dallas Cowboys,Dallas Cowboys @ Houston Texans,betrivers,BetRivers,player_pass_tds,pass_tds,Dak Prescott,over,-117,1.5,2026-09-30T18:55:25Z,dakprescott,dakprescott,1.5,2.1933333333333334,,2.1933333333333334,False,,0.5391705069124424,0.6438018244132933,0.0,0.5000000000000001,"{""version"":""nfl-calibration-trace-1"",""artifact_sha256"":""7c54bf5c44243e81b12bb6e72819cc44261a6c13e823cadd48cc848089163716"",""fitted_season"":2025,""fitted_weeks"":[4,5,6,7,9,10,11,12,14],""total_graded_rows"":12904,""market_sample_size"":null,""tail_sample_size"":null,""curve"":""pooled"",""raw_probability"":0.643802,""fitted_raw_range"":[4.8e-05,0.999952],""outside_fitted_range"":false,""endpoint_probabilities"":[0.25,0.75],""limitation"":""Endpoint clipping is not held-out evidence; total rows are not independent games or tail sample size.""}",Calibration fitted; not prospectively validated,-391.7050691244228,-7.264957264957239,2026-09-30T18:55:46.584610+00:00,2026,4,over,0.5030135004821601,0.528066528066528,5,1.5,2026_04_DAL_HOU,1.0,graded,loss,-1.0,0.0,0.2500000000000001,0.2788542580642372,1.1933333333333334,0.5
daf55e2df5341c007fee5a0fc5bbc2d4,2026-10-04T17:00:00Z,Houston Texans,Dallas Cowboys,Dallas Cowboys @ Houston Texans,draftkings,DraftKings,player_pass_yds,pass_yds,Dak Prescott,over,-113,272.5,2026-09-30T18:54:52Z,dakprescott,dakprescott,272.5,255.30954077535333,79.3363934712898,,False,"{""version"":""nfl-projection-trace-1"",""current_sample"":[{""season"":2026,""week"":1,""attempts"":34,""completions"":22,""passing_yards"":175},{""season"":2026,""week"":2,""attempts"":31,""completions"":26,""passing_yards"":279},{""season"":2026,""week"":3,""attempts"":40,""completions"":25,""passing_yards"":276}],""recent_mean_weight"":0.428571,""yards_per_completion_recent_weight"":0.428571,""career_baselines"":{""attempts"":{""mean"":33.088095,""games"":79,""position_pool_mean"":27.802292},""yards_per_completion"":{""mean"":11.048427,""games"":79,""position_pool_mean"":10.957484}},""attempts"":34.797593,""completion_rate"":0.68206,""yards_per_completion"":10.87521,""limitations"":[""Appearance totals do not distinguish partial games from normal starter workloads."",""Completion rate uses recent games without career shrinkage."",""Variance omits completion-rate uncertainty and dependence among components.""],""mean_stages"":{""before_adjustments"":258.11265,""after_defense"":271.605894,""after_venue"":255.309541,""final"":255.309541}}",0.5305164319248826,0.4142296069994291,0.0,0.4999999999999999,"{""version"":""nfl-calibration-trace-1"",""artifact_sha256"":""7c54bf5c44243e81b12bb6e72819cc44261a6c13e823cadd48cc848089163716"",""fitted_season"":2025,""fitted_weeks"":[4,5,6,7,9,10,11,12,14],""total_graded_rows"":12904,""market_sample_size"":null,""tail_sample_size"":null,""curve"":""market_specific"",""raw_probability"":0.41423,""fitted_raw_range"":[0.092856,0.907144],""outside_fitted_range"":false,""endpoint_probabilities"":[0.02,0.98],""limitation"":""Endpoint clipping is not held-out evidence; total rows are not independent games or tail sample size.""}",Calibration fitted; not prospectively validated,-305.1643192488268,-5.75221238938054,2026-09-30T18:55:46.584610+00:00,2026,4,over,0.5021058838394474,0.5021058838394474,3,272.5,2026_04_DAL_HOU,335.0,graded,win,0.8849557522123894,1.0,0.2500000000000001,0.24789855090729782,79.69045922464667,62.5
daf55e2df5341c007fee5a0fc5bbc2d4,2026-10-04T17:00:00Z,Houston Texans,Dallas Cowboys,Dallas Cowboys @ Houston Texans,draftkings,DraftKings,player_rush_attempts,rush_attempts,Dak Prescott,over,130,3.5,2026-09-30T18:54:52Z,dakprescott,dakprescott,3.5,3.9063081220288463,2.852393245628017,,False,,0.4347826086956521,0.5566355969186071,0.0,0.506993006993007,"{""version"":""nfl-calibration-trace-1"",""artifact_sha256"":""7c54bf5c44243e81b12bb6e72819cc44261a6c13e823cadd48cc848089163716"",""fitted_season"":2025,""fitted_weeks"":[4,5,6,7,9,10,11,12,14],""total_graded_rows"":12904,""market_sample_size"":null,""tail_sample_size"":null,""curve"":""market_specific"",""raw_probability"":0.556636,""fitted_raw_range"":[4.8e-05,0.999952],""outside_fitted_range"":false,""endpoint_probabilities"":[0.405405,0.594595],""limitation"":""Endpoint clipping is not held-out evidence; total rows are not independent games or tail sample size.""}",Calibration fitted; not prospectively validated,722.1039829735481,16.608391608391603,2026-09-30T18:55:46.584610+00:00,2026,4,over,0.4100752572569498,0.4100752572569498,1,3.5,2026_04_DAL_HOU,2.0,graded,loss,-1.0,0.0,0.25704190913981123,0.16816171661435358,1.9063081220288463,1.5
daf55e2df5341c007fee5a0fc5bbc2d4,2026-10-04T17:00:00Z,Houston Texans,Dallas Cowboys,Dallas Cowboys @ Houston Texans,fanatics,Fanatics,player_rush_yds,rush_yds,Dak Prescott,over,-105,10.5,2026-09-30T18:54:48Z,dakprescott,dakprescott,10.5,17.249702433225444,15.437000523048194,,False,,0.5121951219512195,0.6690320134631704,0.0,0.5647668393782382,"{""version"":""nfl-calibration-trace-1"",""artifact_sha256"":""7c54bf5c44243e81b12bb6e72819cc44261a6c13e823cadd48cc848089163716"",""fitted_season"":2025,""fitted_weeks"":[4,5,6,7,9,10,11,12,14],""total_graded_rows"":12904,""market_sample_size"":null,""tail_sample_size"":null,""curve"":""market_specific"",""raw_probability"":0.669032,""fitted_raw_range"":[0.000122,0.999878],""outside_fitted_range"":false,""endpoint_probabilities"":[0.02,0.98],""limitation"":""Endpoint clipping is not held-out evidence; total rows are not independent games or tail sample size.""}",Calibration fitted; not prospectively validated,525.7171742701871,10.264001973846517,2026-09-30T18:55:46.584610+00:00,2026,4,over,0.4796954314720812,0.5101214574898786,3,10.5,2026_04_DAL_HOU,7.0,graded,loss,-1.0,0.0,0.31896158286128473,0.260223901391598,10.249702433225444,3.5
daf55e2df5341c007fee5a0fc5bbc2d4,2026-10-04T17:00:00Z,Houston Texans,Dallas Cowboys,Dallas Cowboys @ Houston Texans,draftkings,DraftKings,player_receptions,receptions,Dalton Schultz,over,-144,4.5,2026-09-30T18:54:52Z,daltonschultz,daltonschultz,4.5,5.5005654300179305,2.8787529110582466,,False,,0.5901639344262295,0.6359180754094327,0.0,0.5475728155339805,"{""version"":""nfl-calibration-trace-1"",""artifact_sha256"":""7c54bf5c44243e81b12bb6e72819cc44261a6c13e823cadd48cc848089163716"",""fitted_season"":2025,""fitted_weeks"":[4,5,6,7,9,10,11,12,14],""total_graded_rows"":12904,""market_sample_size"":null,""tail_sample_size"":null,""curve"":""market_specific"",""raw_probability"":0.635918,""fitted_raw_range"":[0.000771,0.999229],""outside_fitted_range"":false,""endpoint_probabilities"":[0.166667,0.833333],""limitation"":""Endpoint clipping is not held-out evidence; total rows are not independent games or tail sample size.""}",Calibration fitted; not prospectively validated,-425.9111889224898,-7.21682847896441,2026-09-30T18:55:46.584610+00:00,2026,4,over,0.5569436374201047,0.5567122242133108,4,4.5,2026_04_DAL_HOU,2.0,graded,loss,-1.0,0.0,0.29983598831181063,0.3099285005885316,3.5005654300179305,2.5
daf55e2df5341c007fee5a0fc5bbc2d4,2026-10-04T17:00:00Z,Houston Texans,Dallas Cowboys,Dallas Cowboys @ Houston Texans,betrivers,BetRivers,player_reception_yds,recv_yds,Dalton Schultz,over,-113,45.5,2026-09-30T18:55:25Z,daltonschultz,daltonschultz,45.5,58.66341405519548,36.73895666833295,,False,,0.5305164319248826,0.6399390214417418,0.0,0.5010141987829615,"{""version"":""nfl-calibration-trace-1"",""artifact_sha256"":""7c54bf5c44243e81b12bb6e72819cc44261a6c13e823cadd48cc848089163716"",""fitted_season"":2025,""fitted_weeks"":[4,5,6,7,9,10,11,12,14],""total_graded_rows"":12904,""market_sample_size"":null,""tail_sample_size"":null,""curve"":""market_specific"",""raw_probability"":0.639939,""fitted_raw_range"":[0.012265,0.987735],""outside_fitted_range"":false,""endpoint_probabilities"":[0.483696,0.516304],""limitation"":""Endpoint clipping is not held-out evidence; total rows are not independent games or tail sample size.""}",Calibration fitted; not prospectively validated,-295.0223314192113,-5.561040406397522,2026-09-30T18:55:46.584610+00:00,2026,4,over,0.4949766918501849,0.5,3,45.5,2026_04_DAL_HOU,9.0,graded,loss,-1.0,0.0,0.25101522738213283,0.25,49.66341405519548,36.5
daf55e2df5341c007fee5a0fc5bbc2d4,2026-10-04T17:00:00Z,Houston Texans,Dallas Cowboys,Dallas Cowboys @ Houston Texans,betonlineag,BetOnline.ag,player_receptions,receptions,David Montgomery,over,-123,1.5,2026-09-30T18:54:54Z,davidmontgomery,davidmontgomery,1.5,2.2666638043637133,1.4059379677524135,,False,,0.5515695067264574,0.7072278238264881,0.0,0.5475728155339805,"{""version"":""nfl-calibration-trace-1"",""artifact_sha256"":""7c54bf5c44243e81b12bb6e72819cc44261a6c13e823cadd48cc848089163716"",""fitted_season"":2025,""fitted_weeks"":[4,5,6,7,9,10,11,12,14],""total_graded_rows"":12904,""market_sample_size"":null,""tail_sample_size"":null,""curve"":""market_specific"",""raw_probability"":0.707228,""fitted_raw_range"":[0.000771,0.999229],""outside_fitted_range"":false,""endpoint_probabilities"":[0.166667,0.833333],""limitation"":""Endpoint clipping is not held-out evidence; total rows are not independent games or tail sample size.""}",Calibration fitted; not prospectively validated,-39.9669119247692,-0.7246033625385007,2026-09-30T18:55:46.584610+00:00,2026,4,over,0.519675254742772,0.5199899116353455,4,1.5,2026_04_DAL_HOU,0.0,graded,loss,-1.0,0.0,0.29983598831181063,0.2703895082025344,2.2666638043637133,1.5
daf55e2df5341c007fee5a0fc5bbc2d4,2026-10-04T17:00:00Z,Houston Texans,Dallas Cowboys,Dallas Cowboys @ Houston Texans,draftkings,DraftKings,player_reception_yds,recv_yds,David Montgomery,over,-112,10.5,2026-09-30T18:54:52Z,davidmontgomery,davidmontgomery,10.5,18.48639322530189,14.690239390542066,,False,,0.5283018867924528,0.706659871532148,0.0,0.5014367816091952,"{""version"":""nfl-calibration-trace-1"",""artifact_sha256"":""7c54bf5c44243e81b12bb6e72819cc44261a6c13e823cadd48cc848089163716"",""fitted_season"":2025,""fitted_weeks"":[4,5,6,7,9,10,11,12,14],""total_graded_rows"":12904,""market_sample_size"":null,""tail_sample_size"":null,""curve"":""market_specific"",""raw_probability"":0.70666,""fitted_raw_range"":[0.012265,0.987735],""outside_fitted_range"":false,""endpoint_probabilities"":[0.483696,0.516304],""limitation"":""Endpoint clipping is not held-out evidence; total rows are not independent games or tail sample size.""}",Calibration fitted; not prospectively validated,-268.6510518325758,-5.08518062397375,2026-09-30T18:55:46.584610+00:00,2026,4,over,0.5,0.5,5,10.5,2026_04_DAL_HOU,19.0,graded,win,0.8928571428571429,1.0,0.24856528273219727,0.25,0.5136067746981112,8.5
daf55e2df5341c007fee5a0fc5bbc2d4,2026-10-04T17:00:00Z,Houston Texans,Dallas Cowboys,Dallas Cowboys @ Houston Texans,draftkings,DraftKings,player_rush_attempts,rush_attempts,David Montgomery,over,-118,11.5,2026-09-30T18:54:52Z,davidmontgomery,davidmontgomery,11.5,10.415173038718953,5.304022006668245,,False,,0.5412844036697247,0.4189700186522679,0.0,0.4915254237288136,"{""version"":""nfl-calibration-trace-1"",""artifact_sha256"":""7c54bf5c44243e81b12bb6e72819cc44261a6c13e823cadd48cc848089163716"",""fitted_season"":2025,""fitted_weeks"":[4,5,6,7,9,10,11,12,14],""total_graded_rows"":12904,""market_sample_size"":null,""tail_sample_size"":null,""curve"":""market_specific"",""raw_probability"":0.41897,""fitted_raw_range"":[4.8e-05,0.999952],""outside_fitted_range"":false,""endpoint_probabilities"":[0.405405,0.594595],""limitation"":""Endpoint clipping is not held-out evidence; total rows are not independent games or tail sample size.""}",Calibration fitted; not prospectively validated,-497.5897994091116,-9.192760700948,2026-09-30T18:55:46.584610+00:00,2026,4,over,0.510397604391948,0.5180040800192817,2,11.5,2026_04_DAL_HOU,10.0,graded,loss,-1.0,0.0,0.24159724217178974,0.26832822691662234,0.4151730387189527,1.5
daf55e2df5341c007fee5a0fc5bbc2d4,2026-10-04T17:00:00Z,Houston Texans,Dallas Cowboys,Dallas Cowboys @ Houston Texans,draftkings,DraftKings,player_rush_yds,rush_yds,David Montgomery,over,-114,44.5,2026-09-30T18:54:52Z,davidmontgomery,davidmontgomery,44.5,38.01001935226154,27.23324436305436,,False,,0.5327102803738317,0.4058199601093107,0.0,0.4999999999999998,"{""version"":""nfl-calibration-trace-1"",""artifact_sha256"":""7c54bf5c44243e81b12bb6e72819cc44261a6c13e823cadd48cc848089163716"",""fitted_season"":2025,""fitted_weeks"":[4,5,6,7,9,10,11,12,14],""total_graded_rows"":12904,""market_sample_size"":null,""tail_sample_size"":null,""curve"":""market_specific"",""raw_probability"":0.40582,""fitted_raw_range"":[0.000122,0.999878],""outside_fitted_range"":false,""endpoint_probabilities"":[0.02,0.98],""limitation"":""Endpoint clipping is not held-out evidence; total rows are not independent games or tail sample size.""}",Calibration fitted; not prospectively validated,-327.10280373831944,-6.140350877193013,2026-09-30T18:55:46.584610+00:00,2026,4,over,0.5042122999157539,0.5015476681799422,4,44.5,2026_04_DAL_HOU,24.0,graded,loss,-1.0,0.0,0.24999999999999978,0.2515500634567374,14.010019352261537,20.5
daf55e2df5341c007fee5a0fc5bbc2d4,2026-10-04T17:00:00Z,Houston Texans,Dallas Cowboys,Dallas Cowboys @ Houston Texans,betonlineag,BetOnline.ag,player_receptions,receptions,George Pickens,over,-133,4.5,2026-09-30T18:54:54Z,georgepickens,georgepickens,4.5,5.034442020709727,1.744116131035708,,False,,0.5708154506437768,0.6203597315854114,0.0,0.5475728155339805,"{""version"":""nfl-calibration-trace-1"",""artifact_sha256"":""7c54bf5c44243e81b12bb6e72819cc44261a6c13e823cadd48cc848089163716"",""fitted_season"":2025,""fitted_weeks"":[4,5,6,7,9,10,11,12,14],""total_graded_rows"":12904,""market_sample_size"":null,""tail_sample_size"":null,""curve"":""market_specific"",""raw_probability"":0.62036,""fitted_raw_range"":[0.000771,0.999229],""outside_fitted_range"":false,""endpoint_probabilities"":[0.166667,0.833333],""limitation"":""Endpoint clipping is not held-out evidence; total rows are not independent games or tail sample size.""}",Calibration fitted; not prospectively validated,-232.4263510979629,-4.071830060588377,2026-09-30T18:55:46.584610+00:00,2026,4,over,0.5367701147140101,0.5403976668210557,4,4.5,2026_04_DAL_HOU,2.0,graded,loss,-1.0,0.0,0.29983598831181063,0.29202963830564077,3.0344420207097267,2.5
daf55e2df5341c007fee5a0fc5bbc2d4,2026-10-04T17:00:00Z,Houston Texans,Dallas Cowboys,Dallas Cowboys @ Houston Texans,draftkings,DraftKings,player_reception_yds,recv_yds,George Pickens,over,-114,67.5,2026-09-30T18:54:52Z,georgepickens,georgepickens,67.5,61.59191213744393,36.886541370859526,,False,,0.5327102803738317,0.4363738950526014,0.0,0.5000000000000002,"{""version"":""nfl-calibration-trace-1"",""artifact_sha256"":""7c54bf5c44243e81b12bb6e72819cc44261a6c13e823cadd48cc848089163716"",""fitted_season"":2025,""fitted_weeks"":[4,5,6,7,9,10,11,12,14],""total_graded_rows"":12904,""market_sample_size"":null,""tail_sample_size"":null,""curve"":""market_specific"",""raw_probability"":0.436374,""fitted_raw_range"":[0.012265,0.987735],""outside_fitted_range"":false,""endpoint_probabilities"":[0.483696,0.516304],""limitation"":""Endpoint clipping is not held-out evidence; total rows are not independent games or tail sample size.""}",Calibration fitted; not prospectively validated,-327.102803738315,-6.140350877192935,2026-09-30T18:55:46.584610+00:00,2026,4,over,0.5042122999157539,0.5030953363598845,3,67.5,2026_04_DAL_HOU,75.0,graded,win,0.8771929824561403,1.0,0.24999999999999978,0.24691424474729637,13.408087862556073,7.5
daf55e2df5341c007fee5a0fc5bbc2d4,2026-10-04T17:00:00Z,Houston Texans,Dallas Cowboys,Dallas Cowboys @ Houston Texans,betrivers,BetRivers,player_receptions,receptions,Jake Ferguson,over,112,3.5,2026-09-30T18:55:25Z,jakeferguson,jakeferguson,3.5,3.457609348916605,1.8123173143554527,,False,,0.4716981132075472,0.4906694699951796,0.0,0.4591194968553459,"{""version"":""nfl-calibration-trace-1"",""artifact_sha256"":""7c54bf5c44243e81b12bb6e72819cc44261a6c13e823cadd48cc848089163716"",""fitted_season"":2025,""fitted_weeks"":[4,5,6,7,9,10,11,12,14],""total_graded_rows"":12904,""market_sample_size"":null,""tail_sample_size"":null,""curve"":""market_specific"",""raw_probability"":0.490669,""fitted_raw_range"":[0.000771,0.999229],""outside_fitted_range"":false,""endpoint_probabilities"":[0.166667,0.833333],""limitation"":""Endpoint clipping is not held-out evidence; total rows are not independent games or tail sample size.""}",Calibration fitted; not prospectively validated,-125.78616352201254,-2.6666666666666616,2026-09-30T18:55:46.584610+00:00,2026,4,over,,0.4685648452929559,4,3.5,2026_04_DAL_HOU,3.0,graded,loss,-1.0,0.0,0.210790712392706,0.21955301424441168,0.4576093489166051,0.5
daf55e2df5341c007fee5a0fc5bbc2d4,2026-10-04T17:00:00Z,Houston Texans,Dallas Cowboys,Dallas Cowboys @ Houston Texans,betrivers,BetRivers,player_reception_yds,recv_yds,Jake Ferguson,over,-112,24.5,2026-09-30T18:55:25Z,jakeferguson,jakeferguson,24.5,29.559240283856585,22.7048106506154,,False,,0.5283018867924528,0.5881648452091937,0.0,0.5000000000000002,"{""version"":""nfl-calibration-trace-1"",""artifact_sha256"":""7c54bf5c44243e81b12bb6e72819cc44261a6c13e823cadd48cc848089163716"",""fitted_season"":2025,""fitted_weeks"":[4,5,6,7,9,10,11,12,14],""total_graded_rows"":12904,""market_sample_size"":null,""tail_sample_size"":null,""curve"":""market_specific"",""raw_probability"":0.588165,""fitted_raw_range"":[0.012265,0.987735],""outside_fitted_range"":false,""endpoint_probabilities"":[0.483696,0.516304],""limitation"":""Endpoint clipping is not held-out evidence; total rows are not independent games or tail sample size.""}",Calibration fitted; not prospectively validated,-283.01886792452603,-5.357142857142816,2026-09-30T18:55:46.584610+00:00,2026,4,over,0.4920127795527157,0.5015476681799422,4,24.5,2026_04_DAL_HOU,11.0,graded,loss,-1.0,0.0,0.2500000000000002,0.2515500634567374,18.559240283856585,13.5
daf55e2df5341c007fee5a0fc5bbc2d4,2026-10-04T17:00:00Z,Houston Texans,Dallas Cowboys,Dallas Cowboys @ Houston Texans,draftkings,DraftKings,player_receptions,receptions,Javonte Williams,over,-131,2.5,2026-09-30T18:54:52Z,javontewilliams,javontewilliams,2.5,2.373432055860196,1.305877817465573,,False,,0.5670995670995671,0.4613942739026611,0.0,0.4591194968553459,"{""version"":""nfl-calibration-trace-1"",""artifact_sha256"":""7c54bf5c44243e81b12bb6e72819cc44261a6c13e823cadd48cc848089163716"",""fitted_season"":2025,""fitted_weeks"":[4,5,6,7,9,10,11,12,14],""total_graded_rows"":12904,""market_sample_size"":null,""tail_sample_size"":null,""curve"":""market_specific"",""raw_probability"":0.461394,""fitted_raw_range"":[0.000771,0.999229],""outside_fitted_range"":false,""endpoint_probabilities"":[0.166667,0.833333],""limitation"":""Endpoint clipping is not held-out evidence; total rows are not independent games or tail sample size.""}",Calibration fitted; not prospectively validated,-1079.8007024422118,-19.040760478179465,2026-09-30T18:55:46.584610+00:00,2026,4,over,0.53514579518242,0.5407914020517831,4,2.5,2026_04_DAL_HOU,5.0,graded,win,0.7633587786259542,1.0,0.29255171868201413,0.2108725364295671,2.626567944139804,2.5
daf55e2df5341c007fee5a0fc5bbc2d4,2026-10-04T17:00:00Z,Houston Texans,Dallas Cowboys,Dallas Cowboys @ Houston Texans,draftkings,DraftKings,player_reception_yds,recv_yds,Javonte Williams,over,-111,13.5,2026-09-30T18:54:52Z,javontewilliams,javontewilliams,13.5,13.80016164438299,12.473562316039368,,False,,0.5260663507109005,0.5095991515426642,0.0,0.5000000000000002,"{""version"":""nfl-calibration-trace-1"",""artifact_sha256"":""7c54bf5c44243e81b12bb6e72819cc44261a6c13e823cadd48cc848089163716"",""fitted_season"":2025,""fitted_weeks"":[4,5,6,7,9,10,11,12,14],""total_graded_rows"":12904,""market_sample_size"":null,""tail_sample_size"":null,""curve"":""market_specific"",""raw_probability"":0.509599,""fitted_raw_range"":[0.012265,0.987735],""outside_fitted_range"":false,""endpoint_probabilities"":[0.483696,0.516304],""limitation"":""Endpoint clipping is not held-out evidence; total rows are not independent games or tail sample size.""}",Calibration fitted; not prospectively validated,-260.6635071090024,-4.954954954954916,2026-09-30T18:55:46.584610+00:00,2026,4,over,0.4978941161605526,0.5,5,13.5,2026_04_DAL_HOU,21.0,graded,win,0.9009009009009009,1.0,0.24999999999999978,0.25,7.199838355617009,7.5
daf55e2df5341c007fee5a0fc5bbc2d4,2026-10-04T17:00:00Z,Houston Texans,Dallas Cowboys,Dallas Cowboys @ Houston Texans,betonlineag,BetOnline.ag,player_rush_attempts,rush_attempts,Javonte Williams,over,-114,15.5,2026-09-30T18:54:54Z,javontewilliams,javontewilliams,15.5,12.066341399623724,5.25992449804974,,False,,0.5327102803738317,0.2569438444880286,0.0,0.4473684210526316,"{""version"":""nfl-calibration-trace-1"",""artifact_sha256"":""7c54bf5c44243e81b12bb6e72819cc44261a6c13e823cadd48cc848089163716"",""fitted_season"":2025,""fitted_weeks"":[4,5,6,7,9,10,11,12,14],""total_graded_rows"":12904,""market_sample_size"":null,""tail_sample_size"":null,""curve"":""market_specific"",""raw_probability"":0.256944,""fitted_raw_range"":[4.8e-05,0.999952],""outside_fitted_range"":false,""endpoint_probabilities"":[0.405405,0.594595],""limitation"":""Endpoint clipping is not held-out evidence; total rows are not independent games or tail sample size.""}",Calibration fitted; not prospectively validated,-853.4185932120014,-16.020313942751606,2026-09-30T18:55:46.584610+00:00,2026,4,over,0.5,0.505198802195974,2,15.5,2026_04_DAL_HOU,19.0,graded,win,0.8771929824561403,1.0,0.3054016620498614,0.24482822534829884,6.933658600376276,3.5
daf55e2df5341c007fee5a0fc5bbc2d4,2026-10-04T17:00:00Z,Houston Texans,Dallas Cowboys,Dallas Cowboys @ Houston Texans,draftkings,DraftKings,player_rush_yds,rush_yds,Javonte Williams,over,-110,61.5,2026-09-30T18:54:52Z,javontewilliams,javontewilliams,61.5,49.34549771209026,32.77822573855167,,False,,0.5238095238095238,0.3553894308447379,0.0,0.4999999999999998,"{""version"":""nfl-calibration-trace-1"",""artifact_sha256"":""7c54bf5c44243e81b12bb6e72819cc44261a6c13e823cadd48cc848089163716"",""fitted_season"":2025,""fitted_weeks"":[4,5,6,7,9,10,11,12,14],""total_graded_rows"":12904,""market_sample_size"":null,""tail_sample_size"":null,""curve"":""market_specific"",""raw_probability"":0.355389,""fitted_raw_range"":[0.000122,0.999878],""outside_fitted_range"":false,""endpoint_probabilities"":[0.02,0.98],""limitation"":""Endpoint clipping is not held-out evidence; total rows are not independent games or tail sample size.""}",Calibration fitted; not prospectively validated,-238.09523809524052,-4.5454545454545965,2026-09-30T18:55:46.584610+00:00,2026,4,over,0.495787700084246,0.497893850042123,2,61.5,2026_04_DAL_HOU,62.0,graded,win,0.9090909090909091,1.0,0.2500000000000002,0.25211058582552204,12.654502287909743,0.5
daf55e2df5341c007fee5a0fc5bbc2d4,2026-10-04T17:00:00Z,Houston Texans,Dallas Cowboys,Dallas Cowboys @ Houston Texans,betonlineag,BetOnline.ag,player_receptions,receptions,Nico Collins,over,102,5.5,2026-09-30T18:54:54Z,nicocollins,nicocollins,5.5,5.310230641326532,2.3235652159371365,,False,,0.495049504950495,0.4674539194627832,0.0,0.4591194968553459,"{""version"":""nfl-calibration-trace-1"",""artifact_sha256"":""7c54bf5c44243e81b12bb6e72819cc44261a6c13e823cadd48cc848089163716"",""fitted_season"":2025,""fitted_weeks"":[4,5,6,7,9,10,11,12,14],""total_graded_rows"":12904,""market_sample_size"":null,""tail_sample_size"":null,""curve"":""market_specific"",""raw_probability"":0.467454,""fitted_raw_range"":[0.000771,0.999229],""outside_fitted_range"":false,""endpoint_probabilities"":[0.166667,0.833333],""limitation"":""Endpoint clipping is not held-out evidence; total rows are not independent games or tail sample size.""}",Calibration fitted; not prospectively validated,-359.3000809514912,-7.25786163522012,2026-09-30T18:55:46.584610+00:00,2026,4,over,0.4652655222204395,0.4673266386612402,4,5.5,2026_04_DAL_HOU,7.0,graded,win,1.02,1.0,0.29255171868201413,0.2837409098799329,1.689769358673468,1.5
daf55e2df5341c007fee5a0fc5bbc2d4,2026-10-04T17:00:00Z,Houston Texans,Dallas Cowboys,Dallas Cowboys @ Houston Texans,betrivers,BetRivers,player_reception_yds,recv_yds,Nico Collins,over,-114,73.5,2026-09-30T18:55:25Z,nicocollins,nicocollins,73.5,75.15160074995563,43.41835175259835,,False,,0.5327102803738317,0.5151717989312037,0.0,0.5000000000000002,"{""version"":""nfl-calibration-trace-1"",""artifact_sha256"":""7c54bf5c44243e81b12bb6e72819cc44261a6c13e823cadd48cc848089163716"",""fitted_season"":2025,""fitted_weeks"":[4,5,6,7,9,10,11,12,14],""total_graded_rows"":12904,""market_sample_size"":null,""tail_sample_size"":null,""curve"":""market_specific"",""raw_probability"":0.515172,""fitted_raw_range"":[0.012265,0.987735],""outside_fitted_range"":false,""endpoint_probabilities"":[0.483696,0.516304],""limitation"":""Endpoint clipping is not held-out evidence; total rows are not independent games or tail sample size.""}",Calibration fitted; not prospectively validated,-327.102803738315,-6.140350877192935,2026-09-30T18:55:46.584610+00:00,2026,4,over,0.4969864995178399,0.5,3,73.5,2026_04_DAL_HOU,118.0,graded,win,0.8771929824561403,1.0,0.24999999999999978,0.25,42.848399250044366,44.5
daf55e2df5341c007fee5a0fc5bbc2d4,2026-10-04T17:00:00Z,Houston Texans,Dallas Cowboys,Dallas Cowboys @ Houston Texans,betrivers,BetRivers,player_receptions,receptions,Ryan Flournoy,over,107,3.5,2026-09-30T18:55:25Z,ryanflournoy,ryanflournoy,3.5,2.6482085336890404,1.430384839376119,,False,,0.4830917874396135,0.2757552815387101,0.0,0.4524271844660194,"{""version"":""nfl-calibration-trace-1"",""artifact_sha256"":""7c54bf5c44243e81b12bb6e72819cc44261a6c13e823cadd48cc848089163716"",""fitted_season"":2025,""fitted_weeks"":[4,5,6,7,9,10,11,12,14],""total_graded_rows"":12904,""market_sample_size"":null,""tail_sample_size"":null,""curve"":""market_specific"",""raw_probability"":0.275755,""fitted_raw_range"":[0.000771,0.999229],""outside_fitted_range"":false,""endpoint_probabilities"":[0.166667,0.833333],""limitation"":""Endpoint clipping is not held-out evidence; total rows are not independent games or tail sample size.""}",Calibration fitted; not prospectively validated,-306.6460297359408,-6.347572815533975,2026-09-30T18:55:46.584610+00:00,2026,4,over,,0.4770424379127329,4,3.5,2026_04_DAL_HOU,4.0,graded,win,1.07,1.0,0.29983598831181063,0.2734846117442578,1.3517914663109596,0.5
daf55e2df5341c007fee5a0fc5bbc2d4,2026-10-04T17:00:00Z,Houston Texans,Dallas Cowboys,Dallas Cowboys @ Houston Texans,betonlineag,BetOnline.ag,player_reception_yds,recv_yds,Ryan Flournoy,over,-112,33.5,2026-09-30T18:54:54Z,ryanflournoy,ryanflournoy,33.5,27.577787208826123,21.188307711450943,,False,,0.5283018867924528,0.3899291062085609,0.0,0.4989858012170386,"{""version"":""nfl-calibration-trace-1"",""artifact_sha256"":""7c54bf5c44243e81b12bb6e72819cc44261a6c13e823cadd48cc848089163716"",""fitted_season"":2025,""fitted_weeks"":[4,5,6,7,9,10,11,12,14],""total_graded_rows"":12904,""market_sample_size"":null,""tail_sample_size"":null,""curve"":""market_specific"",""raw_probability"":0.389929,""fitted_raw_range"":[0.012265,0.987735],""outside_fitted_range"":false,""endpoint_probabilities"":[0.483696,0.516304],""limitation"":""Endpoint clipping is not held-out evidence; total rows are not independent games or tail sample size.""}",Calibration fitted; not prospectively validated,-293.16085575414155,-5.5491161982033965,2026-09-30T18:55:46.584610+00:00,2026,4,over,0.4969046636401156,0.5,3,33.5,2026_04_DAL_HOU,37.0,graded,win,0.8928571428571429,1.0,0.2510152273821327,0.25,9.422212791173877,3.5
daf55e2df5341c007fee5a0fc5bbc2d4,2026-10-04T17:00:00Z,Houston Texans,Dallas Cowboys,Dallas Cowboys @ Houston Texans,betrivers,BetRivers,player_receptions,receptions,Woody Marks,over,-134,1.5,2026-09-30T18:55:25Z,woodymarks,woodymarks,1.5,2.2467016727166462,1.9306682250198293,,False,,0.5726495726495726,0.6505323692507661,0.0,0.5475728155339805,"{""version"":""nfl-calibration-trace-1"",""artifact_sha256"":""7c54bf5c44243e81b12bb6e72819cc44261a6c13e823cadd48cc848089163716"",""fitted_season"":2025,""fitted_weeks"":[4,5,6,7,9,10,11,12,14],""total_graded_rows"":12904,""market_sample_size"":null,""tail_sample_size"":null,""curve"":""market_specific"",""raw_probability"":0.650532,""fitted_raw_range"":[0.000771,0.999229],""outside_fitted_range"":false,""endpoint_probabilities"":[0.166667,0.833333],""limitation"":""Endpoint clipping is not held-out evidence; total rows are not independent games or tail sample size.""}",Calibration fitted; not prospectively validated,-250.76757115592096,-4.3790754963048855,2026-09-30T18:55:46.584610+00:00,2026,4,over,,0.5816262660895046,4,1.5,2026_04_DAL_HOU,0.0,graded,loss,-1.0,0.0,0.29983598831181063,0.3382891134052192,2.2467016727166462,1.5
daf55e2df5341c007fee5a0fc5bbc2d4,2026-10-04T17:00:00Z,Houston Texans,Dallas Cowboys,Dallas Cowboys @ Houston Texans,draftkings,DraftKings,player_reception_yds,recv_yds,Woody Marks,over,-107,10.5,2026-09-30T18:54:52Z,woodymarks,woodymarks,10.5,14.996296792340242,17.047599788598795,,False,,0.5169082125603864,0.6040135446545557,0.0,0.5010141987829615,"{""version"":""nfl-calibration-trace-1"",""artifact_sha256"":""7c54bf5c44243e81b12bb6e72819cc44261a6c13e823cadd48cc848089163716"",""fitted_season"":2025,""fitted_weeks"":[4,5,6,7,9,10,11,12,14],""total_graded_rows"":12904,""market_sample_size"":null,""tail_sample_size"":null,""curve"":""market_specific"",""raw_probability"":0.604014,""fitted_raw_range"":[0.012265,0.987735],""outside_fitted_range"":false,""endpoint_probabilities"":[0.483696,0.516304],""limitation"":""Endpoint clipping is not held-out evidence; total rows are not independent games or tail sample size.""}",Calibration fitted; not prospectively validated,-158.94013777424942,-3.0748232260999653,2026-09-30T18:55:46.584610+00:00,2026,4,over,0.4884821578153794,0.4898785425101215,3,10.5,2026_04_DAL_HOU,0.0,graded,loss,-1.0,0.0,0.25101522738213283,0.2399809864118409,14.996296792340242,10.5
daf55e2df5341c007fee5a0fc5bbc2d4,2026-10-04T17:00:00Z,Houston Texans,Dallas Cowboys,Dallas Cowboys @ Houston Texans,draftkings,DraftKings,player_rush_attempts,rush_attempts,Woody Marks,over,106,9.5,2026-09-30T18:54:52Z,woodymarks,woodymarks,9.5,7.536243439840669,5.331271906392961,,False,,0.4854368932038835,0.3563073572302386,0.0,0.4915254237288136,"{""version"":""nfl-calibration-trace-1"",""artifact_sha256"":""7c54bf5c44243e81b12bb6e72819cc44261a6c13e823cadd48cc848089163716"",""fitted_season"":2025,""fitted_weeks"":[4,5,6,7,9,10,11,12,14],""total_graded_rows"":12904,""market_sample_size"":null,""tail_sample_size"":null,""curve"":""market_specific"",""raw_probability"":0.356307,""fitted_raw_range"":[4.8e-05,0.999952],""outside_fitted_range"":false,""endpoint_probabilities"":[0.405405,0.594595],""limitation"":""Endpoint clipping is not held-out evidence; total rows are not independent games or tail sample size.""}",Calibration fitted; not prospectively validated,60.8853052493008,1.2542372881356068,2026-09-30T18:55:46.584610+00:00,2026,4,over,0.4580003897875657,0.4661949170704752,2,9.5,2026_04_DAL_HOU,6.0,graded,loss,-1.0,0.0,0.24159724217178974,0.21733770070234726,1.5362434398406686,3.5
daf55e2df5341c007fee5a0fc5bbc2d4,2026-10-04T17:00:00Z,Houston Texans,Dallas Cowboys,Dallas Cowboys @ Houston Texans,draftkings,DraftKings,player_rush_yds,rush_yds,Woody Marks,over,-112,36.5,2026-09-30T18:54:52Z,woodymarks,woodymarks,36.5,26.105307757881786,23.79100473625845,,False,,0.5283018867924528,0.3310858044664431,0.0,0.4352331606217616,"{""version"":""nfl-calibration-trace-1"",""artifact_sha256"":""7c54bf5c44243e81b12bb6e72819cc44261a6c13e823cadd48cc848089163716"",""fitted_season"":2025,""fitted_weeks"":[4,5,6,7,9,10,11,12,14],""total_graded_rows"":12904,""market_sample_size"":null,""tail_sample_size"":null,""curve"":""market_specific"",""raw_probability"":0.331086,""fitted_raw_range"":[0.000122,0.999878],""outside_fitted_range"":false,""endpoint_probabilities"":[0.02,0.98],""limitation"":""Endpoint clipping is not held-out evidence; total rows are not independent games or tail sample size.""}",Calibration fitted; not prospectively validated,-930.6872617069116,-17.616580310880824,2026-09-30T18:55:46.584610+00:00,2026,4,over,0.5,0.5,4,36.5,2026_04_DAL_HOU,22.0,graded,loss,-1.0,0.0,0.18942790410480811,0.25,4.105307757881786,14.5
e0cbd266dcf997089203a1b33ba0333d,2026-10-04T20:25:00Z,Las Vegas Raiders,Kansas City Chiefs,Kansas City Chiefs @ Las Vegas Raiders,draftkings,DraftKings,player_rush_yds,rush_yds,Ashton Jeanty,over,-112,60.5,2026-09-30T18:54:15Z,ashtonjeanty,ashtonjeanty,60.5,52.54487111809648,31.27341563098941,,False,,0.5283018867924528,0.3996035023245516,0.0,0.4999999999999998,"{""version"":""nfl-calibration-trace-1"",""artifact_sha256"":""7c54bf5c44243e81b12bb6e72819cc44261a6c13e823cadd48cc848089163716"",""fitted_season"":2025,""fitted_weeks"":[4,5,6,7,9,10,11,12,14],""total_graded_rows"":12904,""market_sample_size"":null,""tail_sample_size"":null,""curve"":""market_specific"",""raw_probability"":0.399604,""fitted_raw_range"":[0.000122,0.999878],""outside_fitted_range"":false,""endpoint_probabilities"":[0.02,0.98],""limitation"":""Endpoint clipping is not held-out evidence; total rows are not independent games or tail sample size.""}",Calibration fitted; not prospectively validated,-283.01886792453047,-5.357142857142893,2026-09-30T18:55:46.584610+00:00,2026,4,over,0.5,0.5,4,60.5,2026_04_KC_LV,58.0,graded,loss,-1.0,0.0,0.24999999999999978,0.25,5.455128881903519,2.5
e0cbd266dcf997089203a1b33ba0333d,2026-10-04T20:25:00Z,Las Vegas Raiders,Kansas City Chiefs,Kansas City Chiefs @ Las Vegas Raiders,draftkings,DraftKings,player_rush_attempts,rush_attempts,Kenneth Walker,over,-128,18.5,2026-09-30T18:54:15Z,kennethwalker,kennethwalker,18.5,15.183530938734016,5.235013577751195,,False,,0.5614035087719298,0.2631981060416271,0.0,0.4473684210526316,"{""version"":""nfl-calibration-trace-1"",""artifact_sha256"":""7c54bf5c44243e81b12bb6e72819cc44261a6c13e823cadd48cc848089163716"",""fitted_season"":2025,""fitted_weeks"":[4,5,6,7,9,10,11,12,14],""total_graded_rows"":12904,""market_sample_size"":null,""tail_sample_size"":null,""curve"":""market_specific"",""raw_probability"":0.263198,""fitted_raw_range"":[4.8e-05,0.999952],""outside_fitted_range"":false,""endpoint_probabilities"":[0.405405,0.594595],""limitation"":""Endpoint clipping is not held-out evidence; total rows are not independent games or tail sample size.""}",Calibration fitted; not prospectively validated,-1140.350877192982,-20.3125,2026-09-30T18:55:46.584610+00:00,2026,4,over,0.5301681503461919,0.5301681503461919,1,18.5,2026_04_KC_LV,22.0,graded,win,0.78125,1.0,0.3054016620498614,0.22074196694911852,6.816469061265984,3.5
e0cbd266dcf997089203a1b33ba0333d,2026-10-04T20:25:00Z,Las Vegas Raiders,Kansas City Chiefs,Kansas City Chiefs @ Las Vegas Raiders,draftkings,DraftKings,player_rush_yds,rush_yds,Kenneth Walker,over,-113,87.5,2026-09-30T18:54:15Z,kennethwalker,kennethwalker,87.5,65.51993849295457,37.932520692815785,,False,,0.5305164319248826,0.2811422326687741,0.0,0.4352331606217616,"{""version"":""nfl-calibration-trace-1"",""artifact_sha256"":""7c54bf5c44243e81b12bb6e72819cc44261a6c13e823cadd48cc848089163716"",""fitted_season"":2025,""fitted_weeks"":[4,5,6,7,9,10,11,12,14],""total_graded_rows"":12904,""market_sample_size"":null,""tail_sample_size"":null,""curve"":""market_specific"",""raw_probability"":0.281142,""fitted_raw_range"":[0.000122,0.999878],""outside_fitted_range"":false,""endpoint_probabilities"":[0.02,0.98],""limitation"":""Endpoint clipping is not held-out evidence; total rows are not independent games or tail sample size.""}",Calibration fitted; not prospectively validated,-952.8327130312098,-17.960475033243164,2026-09-30T18:55:46.584610+00:00,2026,4,over,0.5021058838394474,0.5010529419197237,2,88.5,2026_04_KC_LV,177.0,graded,win,0.8849557522123894,1.0,0.3189615828612849,0.2489481667669626,111.48006150704543,89.5
e0cbd266dcf997089203a1b33ba0333d,2026-10-04T20:25:00Z,Las Vegas Raiders,Kansas City Chiefs,Kansas City Chiefs @ Las Vegas Raiders,fanduel,FanDuel,player_pass_tds,pass_tds,Kirk Cousins,over,128,1.5,2026-09-30T18:55:00Z,kirkcousins,kirkcousins,1.5,3.18,,3.18,False,,0.4385964912280701,0.8261719615934962,0.0,0.5333333333333333,"{""version"":""nfl-calibration-trace-1"",""artifact_sha256"":""7c54bf5c44243e81b12bb6e72819cc44261a6c13e823cadd48cc848089163716"",""fitted_season"":2025,""fitted_weeks"":[4,5,6,7,9,10,11,12,14],""total_graded_rows"":12904,""market_sample_size"":null,""tail_sample_size"":null,""curve"":""pooled"",""raw_probability"":0.826172,""fitted_raw_range"":[4.8e-05,0.999952],""outside_fitted_range"":false,""endpoint_probabilities"":[0.25,0.75],""limitation"":""Endpoint clipping is not held-out evidence; total rows are not independent games or tail sample size.""}",Calibration fitted; not prospectively validated,947.3684210526318,21.6,2026-09-30T18:55:46.584610+00:00,2026,4,over,0.4095398699108648,0.4196504457183842,4,1.5,2026_04_KC_LV,2.0,graded,win,1.28,1.0,0.2177777777777778,0.33680560515487,1.1800000000000002,0.5
e0cbd266dcf997089203a1b33ba0333d,2026-10-04T20:25:00Z,Las Vegas Raiders,Kansas City Chiefs,Kansas City Chiefs @ Las Vegas Raiders,draftkings,DraftKings,player_pass_yds,pass_yds,Kirk Cousins,over,-112,225.5,2026-09-30T18:54:15Z,kirkcousins,kirkcousins,225.5,243.9826002990328,79.50072953025345,,False,"{""version"":""nfl-projection-trace-1"",""current_sample"":[{""season"":2026,""week"":1,""attempts"":30,""completions"":21,""passing_yards"":160},{""season"":2026,""week"":2,""attempts"":29,""completions"":19,""passing_yards"":253},{""season"":2026,""week"":3,""attempts"":33,""completions"":22,""passing_yards"":248}],""recent_mean_weight"":0.428571,""yards_per_completion_recent_weight"":0.428571,""career_baselines"":{""attempts"":{""mean"":31.351063,""games"":82,""position_pool_mean"":27.802292},""yards_per_completion"":{""mean"":10.941063,""games"":82,""position_pool_mean"":10.957484}},""attempts"":31.486322,""completion_rate"":0.667138,""yards_per_completion"":11.147116,""limitations"":[""Appearance totals do not distinguish partial games from normal starter workloads."",""Completion rate uses recent games without career shrinkage."",""Variance omits completion-rate uncertainty and dependence among components.""],""mean_stages"":{""before_adjustments"":234.153293,""after_defense"":230.172264,""after_venue"":243.9826,""final"":243.9826}}",0.5283018867924528,0.5919187124642157,0.0,0.4999999999999999,"{""version"":""nfl-calibration-trace-1"",""artifact_sha256"":""7c54bf5c44243e81b12bb6e72819cc44261a6c13e823cadd48cc848089163716"",""fitted_season"":2025,""fitted_weeks"":[4,5,6,7,9,10,11,12,14],""total_graded_rows"":12904,""market_sample_size"":null,""tail_sample_size"":null,""curve"":""market_specific"",""raw_probability"":0.591919,""fitted_raw_range"":[0.092856,0.907144],""outside_fitted_range"":false,""endpoint_probabilities"":[0.02,0.98],""limitation"":""Endpoint clipping is not held-out evidence; total rows are not independent games or tail sample size.""}",Calibration fitted; not prospectively validated,-283.0188679245288,-5.357142857142872,2026-09-30T18:55:46.584610+00:00,2026,4,over,0.5,0.5,4,225.5,2026_04_KC_LV,365.0,graded,win,0.8928571428571429,1.0,0.2500000000000001,0.25,121.01739970096719,139.5
e0cbd266dcf997089203a1b33ba0333d,2026-10-04T20:25:00Z,Las Vegas Raiders,Kansas City Chiefs,Kansas City Chiefs @ Las Vegas Raiders,draftkings,DraftKings,player_pass_tds,pass_tds,Patrick Mahomes,over,-123,1.5,2026-09-30T18:54:15Z,patrickmahomes,patrickmahomes,1.5,2.1933333333333334,,2.1933333333333334,False,,0.5515695067264574,0.6438018244132933,0.0,0.5000000000000001,"{""version"":""nfl-calibration-trace-1"",""artifact_sha256"":""7c54bf5c44243e81b12bb6e72819cc44261a6c13e823cadd48cc848089163716"",""fitted_season"":2025,""fitted_weeks"":[4,5,6,7,9,10,11,12,14],""total_graded_rows"":12904,""market_sample_size"":null,""tail_sample_size"":null,""curve"":""pooled"",""raw_probability"":0.643802,""fitted_raw_range"":[4.8e-05,0.999952],""outside_fitted_range"":false,""endpoint_probabilities"":[0.25,0.75],""limitation"":""Endpoint clipping is not held-out evidence; total rows are not independent games or tail sample size.""}",Calibration fitted; not prospectively validated,-515.6950672645733,-9.349593495934949,2026-09-30T18:55:46.584610+00:00,2026,4,over,0.519675254742772,0.5199899116353455,4,1.5,2026_04_KC_LV,2.0,graded,win,0.8130081300813008,1.0,0.2499999999999999,0.23040968493184344,0.19333333333333336,0.5
e0cbd266dcf997089203a1b33ba0333d,2026-10-04T20:25:00Z,Las Vegas Raiders,Kansas City Chiefs,Kansas City Chiefs @ Las Vegas Raiders,draftkings,DraftKings,player_pass_yds,pass_yds,Patrick Mahomes,over,-113,240.5,2026-09-30T18:54:15Z,patrickmahomes,patrickmahomes,240.5,260.98765766529493,88.2782566884381,,False,"{""version"":""nfl-projection-trace-1"",""current_sample"":[{""season"":2026,""week"":1,""attempts"":27,""completions"":15,""passing_yards"":184},{""season"":2026,""week"":2,""attempts"":47,""completions"":32,""passing_yards"":382},{""season"":2026,""week"":3,""attempts"":24,""completions"":20,""passing_yards"":246}],""recent_mean_weight"":0.428571,""yards_per_completion_recent_weight"":0.428571,""career_baselines"":{""attempts"":{""mean"":34.355201,""games"":111,""position_pool_mean"":27.802292},""yards_per_completion"":{""mean"":11.077954,""games"":111,""position_pool_mean"":10.957484}},""attempts"":32.576598,""completion_rate"":0.75,""yards_per_completion"":11.560388,""limitations"":[""Appearance totals do not distinguish partial games from normal starter workloads."",""Completion rate uses recent games without career shrinkage."",""Variance omits completion-rate uncertainty and dependence among components.""],""mean_stages"":{""before_adjustments"":282.44858,""after_defense"":277.646444,""after_venue"":260.987658,""final"":260.987658}}",0.5305164319248826,0.5917622360569859,0.0,0.4999999999999999,"{""version"":""nfl-calibration-trace-1"",""artifact_sha256"":""7c54bf5c44243e81b12bb6e72819cc44261a6c13e823cadd48cc848089163716"",""fitted_season"":2025,""fitted_weeks"":[4,5,6,7,9,10,11,12,14],""total_graded_rows"":12904,""market_sample_size"":null,""tail_sample_size"":null,""curve"":""market_specific"",""raw_probability"":0.591762,""fitted_raw_range"":[0.092856,0.907144],""outside_fitted_range"":false,""endpoint_probabilities"":[0.02,0.98],""limitation"":""Endpoint clipping is not held-out evidence; total rows are not independent games or tail sample size.""}",Calibration fitted; not prospectively validated,-305.1643192488268,-5.75221238938054,2026-09-30T18:55:46.584610+00:00,2026,4,over,0.5021058838394474,0.5010529419197237,2,238.5,2026_04_KC_LV,225.0,graded,loss,-1.0,0.0,0.2499999999999999,0.25105405060641,35.98765766529493,15.5
f01589b0e7e6dd4f4ac1220a1db81f53,2026-10-04T17:00:00Z,Baltimore Ravens,Tennessee Titans,Tennessee Titans @ Baltimore Ravens,draftkings,DraftKings,player_pass_attempts,pass_attempts,Cam Ward,over,-121,33.5,2026-09-30T18:54:32Z,camward,camward,33.5,30.061604097273907,10.698346528220318,,False,"{""version"":""nfl-projection-trace-1"",""current_sample"":[{""season"":2026,""week"":1,""attempts"":32,""completions"":19,""passing_yards"":140},{""season"":2026,""week"":2,""attempts"":20,""completions"":13,""passing_yards"":183},{""season"":2026,""week"":3,""attempts"":36,""completions"":23,""passing_yards"":181}],""recent_mean_weight"":0.428571,""yards_per_completion_recent_weight"":0.428571,""career_baselines"":{""attempts"":{""mean"":28.984065,""games"":17,""position_pool_mean"":27.802292},""yards_per_completion"":{""mean"":10.761828,""games"":17,""position_pool_mean"":10.957484}},""attempts"":30.056828,""completion_rate"":0.637108,""yards_per_completion"":10.182386,""limitations"":[""Appearance totals do not distinguish partial games from normal starter workloads."",""Completion rate uses recent games without career shrinkage."",""Variance omits completion-rate uncertainty and dependence among components.""],""mean_stages"":{""before_adjustments"":30.056828,""after_defense"":30.061604,""after_venue"":30.061604,""final"":30.061604}}",0.5475113122171946,0.3739555068141152,0.0,0.4375,"{""version"":""nfl-calibration-trace-1"",""artifact_sha256"":""7c54bf5c44243e81b12bb6e72819cc44261a6c13e823cadd48cc848089163716"",""fitted_season"":2025,""fitted_weeks"":[4,5,6,7,9,10,11,12,14],""total_graded_rows"":12904,""market_sample_size"":null,""tail_sample_size"":null,""curve"":""market_specific"",""raw_probability"":0.373956,""fitted_raw_range"":[0.187653,0.812347],""outside_fitted_range"":false,""endpoint_probabilities"":[0.02,0.98],""limitation"":""Endpoint clipping is not held-out evidence; total rows are not independent games or tail sample size.""}",Calibration fitted; not prospectively validated,-1100.1131221719463,-20.092975206611573,2026-09-30T18:55:46.584610+00:00,2026,4,over,0.5166631951676735,0.5166631951676735,1,33.5,2026_04_TEN_BAL,31.0,graded,loss,-1.0,0.0,0.19140625,0.2669408572408694,0.9383959027260929,2.5
f01589b0e7e6dd4f4ac1220a1db81f53,2026-10-04T17:00:00Z,Baltimore Ravens,Tennessee Titans,Tennessee Titans @ Baltimore Ravens,draftkings,DraftKings,player_pass_completions,pass_completions,Cam Ward,over,-114,19.5,2026-09-30T18:54:32Z,camward,camward,19.5,19.152496342600788,6.816004964026405,,False,"{""version"":""nfl-projection-trace-1"",""current_sample"":[{""season"":2026,""week"":1,""attempts"":32,""completions"":19,""passing_yards"":140},{""season"":2026,""week"":2,""attempts"":20,""completions"":13,""passing_yards"":183},{""season"":2026,""week"":3,""attempts"":36,""completions"":23,""passing_yards"":181}],""recent_mean_weight"":0.428571,""yards_per_completion_recent_weight"":0.428571,""career_baselines"":{""attempts"":{""mean"":28.984065,""games"":17,""position_pool_mean"":27.802292},""yards_per_completion"":{""mean"":10.761828,""games"":17,""position_pool_mean"":10.957484}},""attempts"":30.056828,""completion_rate"":0.637108,""yards_per_completion"":10.182386,""limitations"":[""Appearance totals do not distinguish partial games from normal starter workloads."",""Completion rate uses recent games without career shrinkage."",""Variance omits completion-rate uncertainty and dependence among components.""],""mean_stages"":{""before_adjustments"":19.149454,""after_defense"":19.152496,""after_venue"":19.152496,""final"":19.152496}}",0.5327102803738317,0.4796693419677191,0.0,0.5000000000000001,"{""version"":""nfl-calibration-trace-1"",""artifact_sha256"":""7c54bf5c44243e81b12bb6e72819cc44261a6c13e823cadd48cc848089163716"",""fitted_season"":2025,""fitted_weeks"":[4,5,6,7,9,10,11,12,14],""total_graded_rows"":12904,""market_sample_size"":null,""tail_sample_size"":null,""curve"":""market_specific"",""raw_probability"":0.479669,""fitted_raw_range"":[0.026155,0.973845],""outside_fitted_range"":false,""endpoint_probabilities"":[0.457143,0.542857],""limitation"":""Endpoint clipping is not held-out evidence; total rows are not independent games or tail sample size.""}",Calibration fitted; not prospectively validated,-327.10280373831614,-6.140350877192957,2026-09-30T18:55:46.584610+00:00,2026,4,over,0.5031375502008032,0.5031375502008032,1,19.5,2026_04_TEN_BAL,20.0,graded,win,0.8771929824561403,1.0,0.2499999999999999,0.24687229402045938,0.8475036573992121,0.5
f01589b0e7e6dd4f4ac1220a1db81f53,2026-10-04T17:00:00Z,Baltimore Ravens,Tennessee Titans,Tennessee Titans @ Baltimore Ravens,fanduel,FanDuel,player_pass_tds,pass_tds,Cam Ward,over,-188,0.5,2026-09-30T18:55:15Z,camward,camward,0.5,0.6266666666666666,,0.6266666666666666,False,,0.6527777777777778,0.4656299308560623,0.0,0.5000000000000001,"{""version"":""nfl-calibration-trace-1"",""artifact_sha256"":""7c54bf5c44243e81b12bb6e72819cc44261a6c13e823cadd48cc848089163716"",""fitted_season"":2025,""fitted_weeks"":[4,5,6,7,9,10,11,12,14],""total_graded_rows"":12904,""market_sample_size"":null,""tail_sample_size"":null,""curve"":""pooled"",""raw_probability"":0.46563,""fitted_raw_range"":[4.8e-05,0.999952],""outside_fitted_range"":false,""endpoint_probabilities"":[0.25,0.75],""limitation"":""Endpoint clipping is not held-out evidence; total rows are not independent games or tail sample size.""}",Calibration fitted; not prospectively validated,-1527.7777777777767,-23.404255319148927,2026-09-30T18:55:46.584610+00:00,2026,4,over,0.6103896103896104,0.6203573817886836,4,0.5,2026_04_TEN_BAL,1.0,graded,win,0.5319148936170213,1.0,0.2499999999999999,0.14412851756234335,0.3733333333333334,0.5
f01589b0e7e6dd4f4ac1220a1db81f53,2026-10-04T17:00:00Z,Baltimore Ravens,Tennessee Titans,Tennessee Titans @ Baltimore Ravens,draftkings,DraftKings,player_pass_yds,pass_yds,Cam Ward,over,-112,188.5,2026-09-30T18:54:32Z,camward,camward,188.5,183.31701566847005,89.8798974598044,,False,"{""version"":""nfl-projection-trace-1"",""current_sample"":[{""season"":2026,""week"":1,""attempts"":32,""completions"":19,""passing_yards"":140},{""season"":2026,""week"":2,""attempts"":20,""completions"":13,""passing_yards"":183},{""season"":2026,""week"":3,""attempts"":36,""completions"":23,""passing_yards"":181}],""recent_mean_weight"":0.428571,""yards_per_completion_recent_weight"":0.428571,""career_baselines"":{""attempts"":{""mean"":28.984065,""games"":17,""position_pool_mean"":27.802292},""yards_per_completion"":{""mean"":10.761828,""games"":17,""position_pool_mean"":10.957484}},""attempts"":30.056828,""completion_rate"":0.637108,""yards_per_completion"":10.182386,""limitations"":[""Appearance totals do not distinguish partial games from normal starter workloads."",""Completion rate uses recent games without career shrinkage."",""Variance omits completion-rate uncertainty and dependence among components.""],""mean_stages"":{""before_adjustments"":194.987119,""after_defense"":195.018102,""after_venue"":183.317016,""final"":183.317016}}",0.5283018867924528,0.4770074705470056,0.0,0.4999999999999999,"{""version"":""nfl-calibration-trace-1"",""artifact_sha256"":""7c54bf5c44243e81b12bb6e72819cc44261a6c13e823cadd48cc848089163716"",""fitted_season"":2025,""fitted_weeks"":[4,5,6,7,9,10,11,12,14],""total_graded_rows"":12904,""market_sample_size"":null,""tail_sample_size"":null,""curve"":""market_specific"",""raw_probability"":0.477007,""fitted_raw_range"":[0.092856,0.907144],""outside_fitted_range"":false,""endpoint_probabilities"":[0.02,0.98],""limitation"":""Endpoint clipping is not held-out evidence; total rows are not independent games or tail sample size.""}",Calibration fitted; not prospectively validated,-283.0188679245288,-5.357142857142872,2026-09-30T18:55:46.584610+00:00,2026,4,over,0.5,0.5,2,187.0,2026_04_TEN_BAL,222.0,graded,win,0.8928571428571429,1.0,0.2500000000000001,0.25,38.68298433152995,33.5
f01589b0e7e6dd4f4ac1220a1db81f53,2026-10-04T17:00:00Z,Baltimore Ravens,Tennessee Titans,Tennessee Titans @ Baltimore Ravens,betrivers,BetRivers,player_rush_yds,rush_yds,Cam Ward,over,-110,10.5,2026-09-30T18:55:10Z,camward,camward,10.5,13.776671977259342,16.946158483034715,,False,,0.5238095238095238,0.5766606200364642,0.0,0.4999999999999998,"{""version"":""nfl-calibration-trace-1"",""artifact_sha256"":""7c54bf5c44243e81b12bb6e72819cc44261a6c13e823cadd48cc848089163716"",""fitted_season"":2025,""fitted_weeks"":[4,5,6,7,9,10,11,12,14],""total_graded_rows"":12904,""market_sample_size"":null,""tail_sample_size"":null,""curve"":""market_specific"",""raw_probability"":0.576661,""fitted_raw_range"":[0.000122,0.999878],""outside_fitted_range"":false,""endpoint_probabilities"":[0.02,0.98],""limitation"":""Endpoint clipping is not held-out evidence; total rows are not independent games or tail sample size.""}",Calibration fitted; not prospectively validated,-238.09523809524052,-4.5454545454545965,2026-09-30T18:55:46.584610+00:00,2026,4,over,0.488938053097345,0.5006266620166528,2,10.5,2026_04_TEN_BAL,27.0,graded,win,0.9090909090909091,1.0,0.2500000000000002,0.24937373068863028,13.223328022740658,16.5
f01589b0e7e6dd4f4ac1220a1db81f53,2026-10-04T17:00:00Z,Baltimore Ravens,Tennessee Titans,Tennessee Titans @ Baltimore Ravens,draftkings,DraftKings,player_receptions,receptions,Carnell Tate,over,111,4.5,2026-09-30T18:54:32Z,carnelltate,carnelltate,4.5,3.583885178001583,2.0160334113463807,,False,,0.4739336492890995,0.3247652576303121,0.0,0.4524271844660194,"{""version"":""nfl-calibration-trace-1"",""artifact_sha256"":""7c54bf5c44243e81b12bb6e72819cc44261a6c13e823cadd48cc848089163716"",""fitted_season"":2025,""fitted_weeks"":[4,5,6,7,9,10,11,12,14],""total_graded_rows"":12904,""market_sample_size"":null,""tail_sample_size"":null,""curve"":""market_specific"",""raw_probability"":0.324765,""fitted_raw_range"":[0.000771,0.999229],""outside_fitted_range"":false,""endpoint_probabilities"":[0.166667,0.833333],""limitation"":""Endpoint clipping is not held-out evidence; total rows are not independent games or tail sample size.""}",Calibration fitted; not prospectively validated,-215.06464823080108,-4.537864077669907,2026-09-30T18:55:46.584610+00:00,2026,4,over,0.4468077249732284,0.4663119513178673,2,4.5,2026_04_TEN_BAL,9.0,graded,win,1.11,1.0,0.29983598831181063,0.28482293330614245,5.416114821998417,4.5
f01589b0e7e6dd4f4ac1220a1db81f53,2026-10-04T17:00:00Z,Baltimore Ravens,Tennessee Titans,Tennessee Titans @ Baltimore Ravens,fanduel,FanDuel,player_reception_yds,recv_yds,Carnell Tate,over,-114,41.5,2026-09-30T18:55:15Z,carnelltate,carnelltate,41.5,39.26646915135064,31.30798559689396,,False,,0.5327102803738317,0.4715633369802598,0.0,0.5000000000000002,"{""version"":""nfl-calibration-trace-1"",""artifact_sha256"":""7c54bf5c44243e81b12bb6e72819cc44261a6c13e823cadd48cc848089163716"",""fitted_season"":2025,""fitted_weeks"":[4,5,6,7,9,10,11,12,14],""total_graded_rows"":12904,""market_sample_size"":null,""tail_sample_size"":null,""curve"":""market_specific"",""raw_probability"":0.471563,""fitted_raw_range"":[0.012265,0.987735],""outside_fitted_range"":false,""endpoint_probabilities"":[0.483696,0.516304],""limitation"":""Endpoint clipping is not held-out evidence; total rows are not independent games or tail sample size.""}",Calibration fitted; not prospectively validated,-327.102803738315,-6.140350877192935,2026-09-30T18:55:46.584610+00:00,2026,4,over,0.5,0.5025116540749075,2,41.5,2026_04_TEN_BAL,145.0,graded,win,0.8771929824561403,1.0,0.24999999999999978,0.2474946543312845,105.73353084864937,103.5
f01589b0e7e6dd4f4ac1220a1db81f53,2026-10-04T17:00:00Z,Baltimore Ravens,Tennessee Titans,Tennessee Titans @ Baltimore Ravens,fanduel,FanDuel,player_reception_yds,recv_yds,Derrick Henry,over,-114,7.5,2026-09-30T18:55:15Z,derrickhenry,derrickhenry,7.5,11.34628389364644,13.103390176933196,,False,,0.5327102803738317,0.6154427988172897,0.0,0.5010141987829615,"{""version"":""nfl-calibration-trace-1"",""artifact_sha256"":""7c54bf5c44243e81b12bb6e72819cc44261a6c13e823cadd48cc848089163716"",""fitted_season"":2025,""fitted_weeks"":[4,5,6,7,9,10,11,12,14],""total_graded_rows"":12904,""market_sample_size"":null,""tail_sample_size"":null,""curve"":""market_specific"",""raw_probability"":0.615443,""fitted_raw_range"":[0.012265,0.987735],""outside_fitted_range"":false,""endpoint_probabilities"":[0.483696,0.516304],""limitation"":""Endpoint clipping is not held-out evidence; total rows are not independent games or tail sample size.""}",Calibration fitted; not prospectively validated,-316.9608159087023,-5.94996619337389,2026-09-30T18:55:46.584610+00:00,2026,4,over,0.5,0.5051597457277305,3,7.5,2026_04_TEN_BAL,6.0,graded,loss,-1.0,0.0,0.25101522738213283,0.2551863687037053,5.34628389364644,1.5
f01589b0e7e6dd4f4ac1220a1db81f53,2026-10-04T17:00:00Z,Baltimore Ravens,Tennessee Titans,Tennessee Titans @ Baltimore Ravens,draftkings,DraftKings,player_rush_attempts,rush_attempts,Derrick Henry,over,-117,19.5,2026-09-30T18:54:32Z,derrickhenry,derrickhenry,19.5,19.0789299897069,5.8444894983578255,,False,,0.5391705069124424,0.4712827917359506,0.0,0.5,"{""version"":""nfl-calibration-trace-1"",""artifact_sha256"":""7c54bf5c44243e81b12bb6e72819cc44261a6c13e823cadd48cc848089163716"",""fitted_season"":2025,""fitted_weeks"":[4,5,6,7,9,10,11,12,14],""total_graded_rows"":12904,""market_sample_size"":null,""tail_sample_size"":null,""curve"":""market_specific"",""raw_probability"":0.471283,""fitted_raw_range"":[4.8e-05,0.999952],""outside_fitted_range"":false,""endpoint_probabilities"":[0.405405,0.594595],""limitation"":""Endpoint clipping is not held-out evidence; total rows are not independent games or tail sample size.""}",Calibration fitted; not prospectively validated,-391.7050691244239,-7.264957264957261,2026-09-30T18:55:46.584610+00:00,2026,4,over,0.5083149711054754,0.5083149711054754,1,19.5,2026_04_TEN_BAL,23.0,graded,win,0.8547008547008547,1.0,0.25,0.24175416763900948,3.9210700102931,3.5
f01589b0e7e6dd4f4ac1220a1db81f53,2026-10-04T17:00:00Z,Baltimore Ravens,Tennessee Titans,Tennessee Titans @ Baltimore Ravens,draftkings,DraftKings,player_rush_yds,rush_yds,Derrick Henry,over,-111,93.5,2026-09-30T18:54:32Z,derrickhenry,derrickhenry,93.5,85.27190574143118,42.83238420918837,,False,,0.5260663507109005,0.4238319991577809,0.0,0.4999999999999998,"{""version"":""nfl-calibration-trace-1"",""artifact_sha256"":""7c54bf5c44243e81b12bb6e72819cc44261a6c13e823cadd48cc848089163716"",""fitted_season"":2025,""fitted_weeks"":[4,5,6,7,9,10,11,12,14],""total_graded_rows"":12904,""market_sample_size"":null,""tail_sample_size"":null,""curve"":""market_specific"",""raw_probability"":0.423832,""fitted_raw_range"":[0.000122,0.999878],""outside_fitted_range"":false,""endpoint_probabilities"":[0.02,0.98],""limitation"":""Endpoint clipping is not held-out evidence; total rows are not independent games or tail sample size.""}",Calibration fitted; not prospectively validated,-260.6635071090069,-4.954954954954993,2026-09-30T18:55:46.584610+00:00,2026,4,over,0.4978941161605526,0.4978941161605526,3,93.5,2026_04_TEN_BAL,73.0,graded,loss,-1.0,0.0,0.24999999999999978,0.24789855090729787,12.271905741431183,20.5
f01589b0e7e6dd4f4ac1220a1db81f53,2026-10-04T17:00:00Z,Baltimore Ravens,Tennessee Titans,Tennessee Titans @ Baltimore Ravens,betrivers,BetRivers,player_receptions,receptions,Elic Ayomanor,over,-148,1.5,2026-09-30T18:55:10Z,elicayomanor,elicayomanor,1.5,1.896216695847455,1.143816174927221,,False,,0.5967741935483871,0.6354785343616829,0.0,0.5475728155339805,"{""version"":""nfl-calibration-trace-1"",""artifact_sha256"":""7c54bf5c44243e81b12bb6e72819cc44261a6c13e823cadd48cc848089163716"",""fitted_season"":2025,""fitted_weeks"":[4,5,6,7,9,10,11,12,14],""total_graded_rows"":12904,""market_sample_size"":null,""tail_sample_size"":null,""curve"":""market_specific"",""raw_probability"":0.635479,""fitted_raw_range"":[0.000771,0.999229],""outside_fitted_range"":false,""endpoint_probabilities"":[0.166667,0.833333],""limitation"":""Endpoint clipping is not held-out evidence; total rows are not independent games or tail sample size.""}",Calibration fitted; not prospectively validated,-492.01378014406606,-8.244555234846507,2026-09-30T18:55:46.584610+00:00,2026,4,over,,0.5692871193108593,3,1.5,2026_04_TEN_BAL,1.0,graded,loss,-1.0,0.0,0.29983598831181063,0.32408782421325655,0.8962166958474549,0.5
f01589b0e7e6dd4f4ac1220a1db81f53,2026-10-04T17:00:00Z,Baltimore Ravens,Tennessee Titans,Tennessee Titans @ Baltimore Ravens,draftkings,DraftKings,player_reception_yds,recv_yds,Elic Ayomanor,over,-110,19.5,2026-09-30T18:54:32Z,elicayomanor,elicayomanor,19.5,26.658392445372986,20.31955628616233,,False,,0.5238095238095238,0.6376899010668592,0.0,0.5010141987829615,"{""version"":""nfl-calibration-trace-1"",""artifact_sha256"":""7c54bf5c44243e81b12bb6e72819cc44261a6c13e823cadd48cc848089163716"",""fitted_season"":2025,""fitted_weeks"":[4,5,6,7,9,10,11,12,14],""total_graded_rows"":12904,""market_sample_size"":null,""tail_sample_size"":null,""curve"":""market_specific"",""raw_probability"":0.63769,""fitted_raw_range"":[0.012265,0.987735],""outside_fitted_range"":false,""endpoint_probabilities"":[0.483696,0.516304],""limitation"":""Endpoint clipping is not held-out evidence; total rows are not independent games or tail sample size.""}",Calibration fitted; not prospectively validated,-227.9532502656234,-4.351834777798269,2026-09-30T18:55:46.584610+00:00,2026,4,over,0.495787700084246,0.495787700084246,1,19.5,2026_04_TEN_BAL,22.0,graded,win,0.9090909090909091,1.0,0.24898682981620987,0.25423004338633426,4.658392445372986,2.5
f01589b0e7e6dd4f4ac1220a1db81f53,2026-10-04T17:00:00Z,Baltimore Ravens,Tennessee Titans,Tennessee Titans @ Baltimore Ravens,draftkings,DraftKings,player_receptions,receptions,Gunnar Helm,over,-143,2.5,2026-09-30T18:54:32Z,gunnarhelm,gunnarhelm,2.5,2.162664833423503,1.388155882979253,,False,,0.588477366255144,0.4039989912667952,0.0,0.4524271844660194,"{""version"":""nfl-calibration-trace-1"",""artifact_sha256"":""7c54bf5c44243e81b12bb6e72819cc44261a6c13e823cadd48cc848089163716"",""fitted_season"":2025,""fitted_weeks"":[4,5,6,7,9,10,11,12,14],""total_graded_rows"":12904,""market_sample_size"":null,""tail_sample_size"":null,""curve"":""market_specific"",""raw_probability"":0.403999,""fitted_raw_range"":[0.000771,0.999229],""outside_fitted_range"":false,""endpoint_probabilities"":[0.166667,0.833333],""limitation"":""Endpoint clipping is not held-out evidence; total rows are not independent games or tail sample size.""}",Calibration fitted; not prospectively validated,-1360.501817891246,-23.119016905424672,2026-09-30T18:55:46.584610+00:00,2026,4,over,0.5550754357697378,0.5626591727408448,3,2.5,2026_04_TEN_BAL,1.0,graded,loss,-1.0,0.0,0.20469035724384957,0.3165853446694118,1.162664833423503,1.5
f01589b0e7e6dd4f4ac1220a1db81f53,2026-10-04T17:00:00Z,Baltimore Ravens,Tennessee Titans,Tennessee Titans @ Baltimore Ravens,draftkings,DraftKings,player_reception_yds,recv_yds,Gunnar Helm,over,-110,19.5,2026-09-30T18:54:32Z,gunnarhelm,gunnarhelm,19.5,17.869013547563185,14.926557486377956,,False,,0.5238095238095238,0.4564951927526984,0.0,0.5000000000000002,"{""version"":""nfl-calibration-trace-1"",""artifact_sha256"":""7c54bf5c44243e81b12bb6e72819cc44261a6c13e823cadd48cc848089163716"",""fitted_season"":2025,""fitted_weeks"":[4,5,6,7,9,10,11,12,14],""total_graded_rows"":12904,""market_sample_size"":null,""tail_sample_size"":null,""curve"":""market_specific"",""raw_probability"":0.456495,""fitted_raw_range"":[0.012265,0.987735],""outside_fitted_range"":false,""endpoint_probabilities"":[0.483696,0.516304],""limitation"":""Endpoint clipping is not held-out evidence; total rows are not independent games or tail sample size.""}",Calibration fitted; not prospectively validated,-238.0952380952361,-4.545454545454508,2026-09-30T18:55:46.584610+00:00,2026,4,over,0.495787700084246,0.5,3,19.5,2026_04_TEN_BAL,5.0,graded,loss,-1.0,0.0,0.2500000000000002,0.25,12.869013547563185,14.5
f01589b0e7e6dd4f4ac1220a1db81f53,2026-10-04T17:00:00Z,Baltimore Ravens,Tennessee Titans,Tennessee Titans @ Baltimore Ravens,draftkings,DraftKings,player_pass_attempts,pass_attempts,Lamar Jackson,over,-105,27.5,2026-09-30T18:54:32Z,lamarjackson,lamarjackson,27.5,24.73386296328161,9.337832836057997,,False,"{""version"":""nfl-projection-trace-1"",""current_sample"":[{""season"":2026,""week"":1,""attempts"":25,""completions"":17,""passing_yards"":324},{""season"":2026,""week"":2,""attempts"":31,""completions"":21,""passing_yards"":235},{""season"":2026,""week"":3,""attempts"":20,""completions"":15,""passing_yards"":186}],""recent_mean_weight"":0.428571,""yards_per_completion_recent_weight"":0.428571,""career_baselines"":{""attempts"":{""mean"":25.777384,""games"":103,""position_pool_mean"":27.802292},""yards_per_completion"":{""mean"":12.154605,""games"":91,""position_pool_mean"":10.957484}},""attempts"":24.729933,""completion_rate"":0.72421,""yards_per_completion"":12.0,""limitations"":[""Appearance totals do not distinguish partial games from normal starter workloads."",""Completion rate uses recent games without career shrinkage."",""Variance omits completion-rate uncertainty and dependence among components.""],""mean_stages"":{""before_adjustments"":24.729933,""after_defense"":24.733863,""after_venue"":24.733863,""final"":24.733863}}",0.5121951219512195,0.383527595406347,0.0,0.4375,"{""version"":""nfl-calibration-trace-1"",""artifact_sha256"":""7c54bf5c44243e81b12bb6e72819cc44261a6c13e823cadd48cc848089163716"",""fitted_season"":2025,""fitted_weeks"":[4,5,6,7,9,10,11,12,14],""total_graded_rows"":12904,""market_sample_size"":null,""tail_sample_size"":null,""curve"":""market_specific"",""raw_probability"":0.383528,""fitted_raw_range"":[0.187653,0.812347],""outside_fitted_range"":false,""endpoint_probabilities"":[0.02,0.98],""limitation"":""Endpoint clipping is not held-out evidence; total rows are not independent games or tail sample size.""}",Calibration fitted; not prospectively validated,-746.9512195121953,-14.583333333333336,2026-09-30T18:55:46.584610+00:00,2026,4,over,0.4824089403973509,0.4824089403973509,1,27.5,2026_04_TEN_BAL,20.0,graded,loss,-1.0,0.0,0.19140625,0.23271838577529483,4.733862963281609,7.5
f01589b0e7e6dd4f4ac1220a1db81f53,2026-10-04T17:00:00Z,Baltimore Ravens,Tennessee Titans,Tennessee Titans @ Baltimore Ravens,draftkings,DraftKings,player_pass_completions,pass_completions,Lamar Jackson,over,-110,18.5,2026-09-30T18:54:32Z,lamarjackson,lamarjackson,18.5,17.912513147031,6.762552767797602,,False,"{""version"":""nfl-projection-trace-1"",""current_sample"":[{""season"":2026,""week"":1,""attempts"":25,""completions"":17,""passing_yards"":324},{""season"":2026,""week"":2,""attempts"":31,""completions"":21,""passing_yards"":235},{""season"":2026,""week"":3,""attempts"":20,""completions"":15,""passing_yards"":186}],""recent_mean_weight"":0.428571,""yards_per_completion_recent_weight"":0.428571,""career_baselines"":{""attempts"":{""mean"":25.777384,""games"":103,""position_pool_mean"":27.802292},""yards_per_completion"":{""mean"":12.154605,""games"":91,""position_pool_mean"":10.957484}},""attempts"":24.729933,""completion_rate"":0.72421,""yards_per_completion"":12.0,""limitations"":[""Appearance totals do not distinguish partial games from normal starter workloads."",""Completion rate uses recent games without career shrinkage."",""Variance omits completion-rate uncertainty and dependence among components.""],""mean_stages"":{""before_adjustments"":17.909667,""after_defense"":17.912513,""after_venue"":17.912513,""final"":17.912513}}",0.5238095238095238,0.4653860186718675,0.0,0.5000000000000001,"{""version"":""nfl-calibration-trace-1"",""artifact_sha256"":""7c54bf5c44243e81b12bb6e72819cc44261a6c13e823cadd48cc848089163716"",""fitted_season"":2025,""fitted_weeks"":[4,5,6,7,9,10,11,12,14],""total_graded_rows"":12904,""market_sample_size"":null,""tail_sample_size"":null,""curve"":""market_specific"",""raw_probability"":0.465386,""fitted_raw_range"":[0.026155,0.973845],""outside_fitted_range"":false,""endpoint_probabilities"":[0.457143,0.542857],""limitation"":""Endpoint clipping is not held-out evidence; total rows are not independent games or tail sample size.""}",Calibration fitted; not prospectively validated,-238.09523809523725,-4.545454545454531,2026-09-30T18:55:46.584610+00:00,2026,4,over,0.4947698744769875,0.4947698744769875,1,18.5,2026_04_TEN_BAL,15.0,graded,loss,-1.0,0.0,0.2500000000000001,0.24479722868997397,2.9125131470309995,3.5
f01589b0e7e6dd4f4ac1220a1db81f53,2026-10-04T17:00:00Z,Baltimore Ravens,Tennessee Titans,Tennessee Titans @ Baltimore Ravens,betrivers,BetRivers,player_pass_tds,pass_tds,Lamar Jackson,over,-129,1.5,2026-09-30T18:55:10Z,lamarjackson,lamarjackson,1.5,1.413333333333333,,1.413333333333333,False,,0.5633187772925764,0.4127616040397235,0.0,0.5000000000000001,"{""version"":""nfl-calibration-trace-1"",""artifact_sha256"":""7c54bf5c44243e81b12bb6e72819cc44261a6c13e823cadd48cc848089163716"",""fitted_season"":2025,""fitted_weeks"":[4,5,6,7,9,10,11,12,14],""total_graded_rows"":12904,""market_sample_size"":null,""tail_sample_size"":null,""curve"":""pooled"",""raw_probability"":0.412762,""fitted_raw_range"":[4.8e-05,0.999952],""outside_fitted_range"":false,""endpoint_probabilities"":[0.25,0.75],""limitation"":""Endpoint clipping is not held-out evidence; total rows are not independent games or tail sample size.""}",Calibration fitted; not prospectively validated,-633.1877729257629,-11.240310077519355,2026-09-30T18:55:46.584610+00:00,2026,4,over,0.5261180536022823,0.5400039315903282,3,1.5,2026_04_TEN_BAL,2.0,graded,win,0.7751937984496124,1.0,0.2499999999999999,0.21159638295235544,0.5866666666666669,0.5
f01589b0e7e6dd4f4ac1220a1db81f53,2026-10-04T17:00:00Z,Baltimore Ravens,Tennessee Titans,Tennessee Titans @ Baltimore Ravens,draftkings,DraftKings,player_pass_yds,pass_yds,Lamar Jackson,over,-113,223.5,2026-09-30T18:54:32Z,lamarjackson,lamarjackson,223.5,227.8471672302344,96.2379551324676,,False,"{""version"":""nfl-projection-trace-1"",""current_sample"":[{""season"":2026,""week"":1,""attempts"":25,""completions"":17,""passing_yards"":324},{""season"":2026,""week"":2,""attempts"":31,""completions"":21,""passing_yards"":235},{""season"":2026,""week"":3,""attempts"":20,""completions"":15,""passing_yards"":186}],""recent_mean_weight"":0.428571,""yards_per_completion_recent_weight"":0.428571,""career_baselines"":{""attempts"":{""mean"":25.777384,""games"":103,""position_pool_mean"":27.802292},""yards_per_completion"":{""mean"":12.154605,""games"":91,""position_pool_mean"":10.957484}},""attempts"":24.729933,""completion_rate"":0.72421,""yards_per_completion"":12.0,""limitations"":[""Appearance totals do not distinguish partial games from normal starter workloads."",""Completion rate uses recent games without career shrinkage."",""Variance omits completion-rate uncertainty and dependence among components.""],""mean_stages"":{""before_adjustments"":214.916009,""after_defense"":214.950158,""after_venue"":227.847167,""final"":227.847167}}",0.5305164319248826,0.5180145059496047,0.0,0.4999999999999999,"{""version"":""nfl-calibration-trace-1"",""artifact_sha256"":""7c54bf5c44243e81b12bb6e72819cc44261a6c13e823cadd48cc848089163716"",""fitted_season"":2025,""fitted_weeks"":[4,5,6,7,9,10,11,12,14],""total_graded_rows"":12904,""market_sample_size"":null,""tail_sample_size"":null,""curve"":""market_specific"",""raw_probability"":0.518015,""fitted_raw_range"":[0.092856,0.907144],""outside_fitted_range"":false,""endpoint_probabilities"":[0.02,0.98],""limitation"":""Endpoint clipping is not held-out evidence; total rows are not independent games or tail sample size.""}",Calibration fitted; not prospectively validated,-305.1643192488268,-5.75221238938054,2026-09-30T18:55:46.584610+00:00,2026,4,over,0.5021058838394474,0.5025596921608038,2,223.5,2026_04_TEN_BAL,222.0,graded,loss,-1.0,0.0,0.2499999999999999,0.25256624418476187,5.8471672302343904,1.5
f01589b0e7e6dd4f4ac1220a1db81f53,2026-10-04T17:00:00Z,Baltimore Ravens,Tennessee Titans,Tennessee Titans @ Baltimore Ravens,draftkings,DraftKings,player_rush_attempts,rush_attempts,Lamar Jackson,over,112,7.5,2026-09-30T18:54:32Z,lamarjackson,lamarjackson,7.5,6.800706016592972,3.875629106183509,,False,,0.4716981132075472,0.4284060615978395,0.0,0.4927536231884058,"{""version"":""nfl-calibration-trace-1"",""artifact_sha256"":""7c54bf5c44243e81b12bb6e72819cc44261a6c13e823cadd48cc848089163716"",""fitted_season"":2025,""fitted_weeks"":[4,5,6,7,9,10,11,12,14],""total_graded_rows"":12904,""market_sample_size"":null,""tail_sample_size"":null,""curve"":""market_specific"",""raw_probability"":0.428406,""fitted_raw_range"":[4.8e-05,0.999952],""outside_fitted_range"":false,""endpoint_probabilities"":[0.405405,0.594595],""limitation"":""Endpoint clipping is not held-out evidence; total rows are not independent games or tail sample size.""}",Calibration fitted; not prospectively validated,210.55509980858645,4.463768115942024,2026-09-30T18:55:46.584610+00:00,2026,4,over,0.4449245642302622,0.4449245642302622,1,7.5,2026_04_TEN_BAL,2.0,graded,loss,-1.0,0.0,0.24280613316530142,0.19795786785548874,4.800706016592972,5.5
f01589b0e7e6dd4f4ac1220a1db81f53,2026-10-04T17:00:00Z,Baltimore Ravens,Tennessee Titans,Tennessee Titans @ Baltimore Ravens,draftkings,DraftKings,player_rush_yds,rush_yds,Lamar Jackson,over,-109,33.5,2026-09-30T18:54:32Z,lamarjackson,lamarjackson,33.5,45.07134575702793,28.62044833376392,,False,,0.5215311004784688,0.6570052024480949,0.0,0.4999999999999998,"{""version"":""nfl-calibration-trace-1"",""artifact_sha256"":""7c54bf5c44243e81b12bb6e72819cc44261a6c13e823cadd48cc848089163716"",""fitted_season"":2025,""fitted_weeks"":[4,5,6,7,9,10,11,12,14],""total_graded_rows"":12904,""market_sample_size"":null,""tail_sample_size"":null,""curve"":""market_specific"",""raw_probability"":0.657005,""fitted_raw_range"":[0.000122,0.999878],""outside_fitted_range"":false,""endpoint_probabilities"":[0.02,0.98],""limitation"":""Endpoint clipping is not held-out evidence; total rows are not independent games or tail sample size.""}",Calibration fitted; not prospectively validated,-215.31100478469068,-4.128440366972508,2026-09-30T18:55:46.584610+00:00,2026,4,over,0.4936802190857384,0.5,3,33.5,2026_04_TEN_BAL,20.0,graded,loss,-1.0,0.0,0.24999999999999978,0.25,25.071345757027927,13.5
f01589b0e7e6dd4f4ac1220a1db81f53,2026-10-04T17:00:00Z,Baltimore Ravens,Tennessee Titans,Tennessee Titans @ Baltimore Ravens,fanduel,FanDuel,player_receptions,receptions,Mark Andrews,over,134,4.5,2026-09-30T18:55:15Z,markandrews,markandrews,4.5,3.552842499132621,1.5422902363074953,,False,,0.4273504273504273,0.2695666838667349,0.0,0.4524271844660194,"{""version"":""nfl-calibration-trace-1"",""artifact_sha256"":""7c54bf5c44243e81b12bb6e72819cc44261a6c13e823cadd48cc848089163716"",""fitted_season"":2025,""fitted_weeks"":[4,5,6,7,9,10,11,12,14],""total_graded_rows"":12904,""market_sample_size"":null,""tail_sample_size"":null,""curve"":""market_specific"",""raw_probability"":0.269567,""fitted_raw_range"":[0.000771,0.999229],""outside_fitted_range"":false,""endpoint_probabilities"":[0.166667,0.833333],""limitation"":""Endpoint clipping is not held-out evidence; total rows are not independent games or tail sample size.""}",Calibration fitted; not prospectively validated,250.76757115592096,5.867961165048552,2026-09-30T18:55:46.584610+00:00,2026,4,over,0.3993154592127781,0.405771130866403,2,4.5,2026_04_TEN_BAL,5.0,graded,win,1.34,1.0,0.29983598831181063,0.35310794891179365,1.447157500867379,0.5
f01589b0e7e6dd4f4ac1220a1db81f53,2026-10-04T17:00:00Z,Baltimore Ravens,Tennessee Titans,Tennessee Titans @ Baltimore Ravens,betonlineag,BetOnline.ag,player_reception_yds,recv_yds,Mark Andrews,over,-116,38.5,2026-09-30T18:54:40Z,markandrews,markandrews,38.5,36.12470339576022,20.920116989417203,,False,,0.5370370370370371,0.4548007238355912,0.0,0.5000000000000002,"{""version"":""nfl-calibration-trace-1"",""artifact_sha256"":""7c54bf5c44243e81b12bb6e72819cc44261a6c13e823cadd48cc848089163716"",""fitted_season"":2025,""fitted_weeks"":[4,5,6,7,9,10,11,12,14],""total_graded_rows"":12904,""market_sample_size"":null,""tail_sample_size"":null,""curve"":""market_specific"",""raw_probability"":0.454801,""fitted_raw_range"":[0.012265,0.987735],""outside_fitted_range"":false,""endpoint_probabilities"":[0.483696,0.516304],""limitation"":""Endpoint clipping is not held-out evidence; total rows are not independent games or tail sample size.""}",Calibration fitted; not prospectively validated,-370.3703703703687,-6.8965517241379,2026-09-30T18:55:46.584610+00:00,2026,4,over,0.5051597457277305,0.5051597457277305,1,39.0,2026_04_TEN_BAL,27.0,graded,loss,-1.0,0.0,0.2500000000000002,0.2551863687037053,9.124703395760221,11.5
f01589b0e7e6dd4f4ac1220a1db81f53,2026-10-04T17:00:00Z,Baltimore Ravens,Tennessee Titans,Tennessee Titans @ Baltimore Ravens,draftkings,DraftKings,player_receptions,receptions,Rashod Bateman,over,-152,2.5,2026-09-30T18:54:32Z,rashodbateman,rashodbateman,2.5,2.680884290070114,1.660350953481244,,False,,0.6031746031746031,0.5433763112367913,0.0,0.5408805031446541,"{""version"":""nfl-calibration-trace-1"",""artifact_sha256"":""7c54bf5c44243e81b12bb6e72819cc44261a6c13e823cadd48cc848089163716"",""fitted_season"":2025,""fitted_weeks"":[4,5,6,7,9,10,11,12,14],""total_graded_rows"":12904,""market_sample_size"":null,""tail_sample_size"":null,""curve"":""market_specific"",""raw_probability"":0.543376,""fitted_raw_range"":[0.000771,0.999229],""outside_fitted_range"":false,""endpoint_probabilities"":[0.166667,0.833333],""limitation"":""Endpoint clipping is not held-out evidence; total rows are not independent games or tail sample size.""}",Calibration fitted; not prospectively validated,-622.9410002994906,-10.32770605759682,2026-09-30T18:55:46.584610+00:00,2026,4,over,0.5691423881821913,0.5680840810405025,2,2.5,2026_04_TEN_BAL,2.0,graded,loss,-1.0,0.0,0.29255171868201413,0.32271952313163216,0.680884290070114,0.5
f01589b0e7e6dd4f4ac1220a1db81f53,2026-10-04T17:00:00Z,Baltimore Ravens,Tennessee Titans,Tennessee Titans @ Baltimore Ravens,draftkings,DraftKings,player_reception_yds,recv_yds,Rashod Bateman,over,-110,34.5,2026-09-30T18:54:32Z,rashodbateman,rashodbateman,34.5,40.12345129273503,28.755054602499342,,False,,0.5238095238095238,0.5775242499965825,0.0,0.5000000000000002,"{""version"":""nfl-calibration-trace-1"",""artifact_sha256"":""7c54bf5c44243e81b12bb6e72819cc44261a6c13e823cadd48cc848089163716"",""fitted_season"":2025,""fitted_weeks"":[4,5,6,7,9,10,11,12,14],""total_graded_rows"":12904,""market_sample_size"":null,""tail_sample_size"":null,""curve"":""market_specific"",""raw_probability"":0.577524,""fitted_raw_range"":[0.012265,0.987735],""outside_fitted_range"":false,""endpoint_probabilities"":[0.483696,0.516304],""limitation"":""Endpoint clipping is not held-out evidence; total rows are not independent games or tail sample size.""}",Calibration fitted; not prospectively validated,-238.0952380952361,-4.545454545454508,2026-09-30T18:55:46.584610+00:00,2026,4,over,0.495787700084246,0.497893850042123,2,34.5,2026_04_TEN_BAL,46.0,graded,win,0.9090909090909091,1.0,0.24999999999999978,0.25211058582552204,5.876548707264973,11.5
f01589b0e7e6dd4f4ac1220a1db81f53,2026-10-04T17:00:00Z,Baltimore Ravens,Tennessee Titans,Tennessee Titans @ Baltimore Ravens,fanduel,FanDuel,player_reception_yds,recv_yds,Tony Pollard,over,-114,9.5,2026-09-30T18:55:15Z,tonypollard,tonypollard,9.5,15.695143374298882,16.928461865178267,,False,,0.5327102803738317,0.6428026147016053,0.0,0.5014367816091952,"{""version"":""nfl-calibration-trace-1"",""artifact_sha256"":""7c54bf5c44243e81b12bb6e72819cc44261a6c13e823cadd48cc848089163716"",""fitted_season"":2025,""fitted_weeks"":[4,5,6,7,9,10,11,12,14],""total_graded_rows"":12904,""market_sample_size"":null,""tail_sample_size"":null,""curve"":""market_specific"",""raw_probability"":0.642803,""fitted_raw_range"":[0.012265,0.987735],""outside_fitted_range"":false,""endpoint_probabilities"":[0.483696,0.516304],""limitation"":""Endpoint clipping is not held-out evidence; total rows are not independent games or tail sample size.""}",Calibration fitted; not prospectively validated,-312.73498764636474,-5.870639241782638,2026-09-30T18:55:46.584610+00:00,2026,4,over,0.5,0.5,2,10.0,2026_04_TEN_BAL,2.0,graded,loss,-1.0,0.0,0.2514388459505878,0.25,13.695143374298882,7.5
f01589b0e7e6dd4f4ac1220a1db81f53,2026-10-04T17:00:00Z,Baltimore Ravens,Tennessee Titans,Tennessee Titans @ Baltimore Ravens,draftkings,DraftKings,player_rush_attempts,rush_attempts,Tony Pollard,over,103,13.5,2026-09-30T18:54:32Z,tonypollard,tonypollard,13.5,12.73149390582271,5.219682226627465,,False,,0.4926108374384236,0.4414743125764412,0.0,0.4927536231884058,"{""version"":""nfl-calibration-trace-1"",""artifact_sha256"":""7c54bf5c44243e81b12bb6e72819cc44261a6c13e823cadd48cc848089163716"",""fitted_season"":2025,""fitted_weeks"":[4,5,6,7,9,10,11,12,14],""total_graded_rows"":12904,""market_sample_size"":null,""tail_sample_size"":null,""curve"":""market_specific"",""raw_probability"":0.441474,""fitted_raw_range"":[4.8e-05,0.999952],""outside_fitted_range"":false,""endpoint_probabilities"":[0.405405,0.594595],""limitation"":""Endpoint clipping is not held-out evidence; total rows are not independent games or tail sample size.""}",Calibration fitted; not prospectively validated,1.4278574998216609,0.0289855072463707,2026-09-30T18:55:46.584610+00:00,2026,4,over,0.4648542048175799,0.4648542048175799,1,13.5,2026_04_TEN_BAL,16.0,graded,win,1.03,1.0,0.25729888678848983,0.28638102210142474,3.2685060941772903,2.5
f01589b0e7e6dd4f4ac1220a1db81f53,2026-10-04T17:00:00Z,Baltimore Ravens,Tennessee Titans,Tennessee Titans @ Baltimore Ravens,betrivers,BetRivers,player_rush_yds,rush_yds,Tony Pollard,over,-113,47.5,2026-09-30T18:55:10Z,tonypollard,tonypollard,47.5,54.50686066954777,30.248466736471173,,False,,0.5305164319248826,0.5915925404644808,0.0,0.4999999999999998,"{""version"":""nfl-calibration-trace-1"",""artifact_sha256"":""7c54bf5c44243e81b12bb6e72819cc44261a6c13e823cadd48cc848089163716"",""fitted_season"":2025,""fitted_weeks"":[4,5,6,7,9,10,11,12,14],""total_graded_rows"":12904,""market_sample_size"":null,""tail_sample_size"":null,""curve"":""market_specific"",""raw_probability"":0.591593,""fitted_raw_range"":[0.000122,0.999878],""outside_fitted_range"":false,""endpoint_probabilities"":[0.02,0.98],""limitation"":""Endpoint clipping is not held-out evidence; total rows are not independent games or tail sample size.""}",Calibration fitted; not prospectively validated,-305.16431924882846,-5.752212389380573,2026-09-30T18:55:46.584610+00:00,2026,4,over,0.4949766918501849,0.4974883459250924,2,47.5,2026_04_TEN_BAL,48.0,graded,win,0.8849557522123894,1.0,0.2500000000000002,0.2525179624810996,6.50686066954777,0.5
f01589b0e7e6dd4f4ac1220a1db81f53,2026-10-04T17:00:00Z,Baltimore Ravens,Tennessee Titans,Tennessee Titans @ Baltimore Ravens,draftkings,DraftKings,player_rush_yds,rush_yds,Tyjae Spears,over,-110,15.5,2026-09-30T18:54:32Z,tyjaespears,tyjaespears,15.5,19.06208573622018,19.44947953228747,,False,,0.5238095238095238,0.5726580940076718,0.0,0.4999999999999998,"{""version"":""nfl-calibration-trace-1"",""artifact_sha256"":""7c54bf5c44243e81b12bb6e72819cc44261a6c13e823cadd48cc848089163716"",""fitted_season"":2025,""fitted_weeks"":[4,5,6,7,9,10,11,12,14],""total_graded_rows"":12904,""market_sample_size"":null,""tail_sample_size"":null,""curve"":""market_specific"",""raw_probability"":0.572658,""fitted_raw_range"":[0.000122,0.999878],""outside_fitted_range"":false,""endpoint_probabilities"":[0.02,0.98],""limitation"":""Endpoint clipping is not held-out evidence; total rows are not independent games or tail sample size.""}",Calibration fitted; not prospectively validated,-238.09523809524052,-4.5454545454545965,2026-09-30T18:55:46.584610+00:00,2026,4,over,0.4947698744769875,0.5015476681799422,4,15.5,2026_04_TEN_BAL,7.0,graded,loss,-1.0,0.0,0.24999999999999978,0.2515500634567374,12.06208573622018,8.5
f01589b0e7e6dd4f4ac1220a1db81f53,2026-10-04T17:00:00Z,Baltimore Ravens,Tennessee Titans,Tennessee Titans @ Baltimore Ravens,draftkings,DraftKings,player_receptions,receptions,Wan'Dale Robinson,over,-136,3.5,2026-09-30T18:54:32Z,wandalerobinson,wandalerobinson,3.5,5.02872076300133,2.789249999798506,,False,,0.576271186440678,0.7081801133416913,0.0,0.5475728155339805,"{""version"":""nfl-calibration-trace-1"",""artifact_sha256"":""7c54bf5c44243e81b12bb6e72819cc44261a6c13e823cadd48cc848089163716"",""fitted_season"":2025,""fitted_weeks"":[4,5,6,7,9,10,11,12,14],""total_graded_rows"":12904,""market_sample_size"":null,""tail_sample_size"":null,""curve"":""market_specific"",""raw_probability"":0.70818,""fitted_raw_range"":[0.000771,0.999229],""outside_fitted_range"":false,""endpoint_probabilities"":[0.166667,0.833333],""limitation"":""Endpoint clipping is not held-out evidence; total rows are not independent games or tail sample size.""}",Calibration fitted; not prospectively validated,-286.98370906697465,-4.980011422044561,2026-09-30T18:55:46.584610+00:00,2026,4,over,0.543978976657907,0.5612565882581729,2,3.5,2026_04_TEN_BAL,3.0,graded,loss,-1.0,0.0,0.29983598831181063,0.31500895786320426,2.0287207630013304,0.5
f01589b0e7e6dd4f4ac1220a1db81f53,2026-10-04T17:00:00Z,Baltimore Ravens,Tennessee Titans,Tennessee Titans @ Baltimore Ravens,betrivers,BetRivers,player_reception_yds,recv_yds,Wan'Dale Robinson,over,-118,37.5,2026-09-30T18:55:10Z,wandalerobinson,wandalerobinson,37.5,47.74099771916867,36.42179791229199,,False,,0.5412844036697247,0.6107129498119782,0.0,0.5010141987829615,"{""version"":""nfl-calibration-trace-1"",""artifact_sha256"":""7c54bf5c44243e81b12bb6e72819cc44261a6c13e823cadd48cc848089163716"",""fitted_season"":2025,""fitted_weeks"":[4,5,6,7,9,10,11,12,14],""total_graded_rows"":12904,""market_sample_size"":null,""tail_sample_size"":null,""curve"":""market_specific"",""raw_probability"":0.610713,""fitted_raw_range"":[0.012265,0.987735],""outside_fitted_range"":false,""endpoint_probabilities"":[0.483696,0.516304],""limitation"":""Endpoint clipping is not held-out evidence; total rows are not independent games or tail sample size.""}",Calibration fitted; not prospectively validated,-402.7020488676325,-7.4397497163681265,2026-09-30T18:55:46.584610+00:00,2026,4,over,0.5050233081498151,0.5050233081498151,1,37.5,2026_04_TEN_BAL,19.0,graded,loss,-1.0,0.0,0.25101522738213283,0.2550485417745831,28.740997719168668,18.5
f01589b0e7e6dd4f4ac1220a1db81f53,2026-10-04T17:00:00Z,Baltimore Ravens,Tennessee Titans,Tennessee Titans @ Baltimore Ravens,fanduel,FanDuel,player_receptions,receptions,Zay Flowers,over,120,5.5,2026-09-30T18:55:15Z,zayflowers,zayflowers,5.5,4.977794589289727,2.125915465995009,,False,,0.4545454545454545,0.4029812739645143,0.0,0.4524271844660194,"{""version"":""nfl-calibration-trace-1"",""artifact_sha256"":""7c54bf5c44243e81b12bb6e72819cc44261a6c13e823cadd48cc848089163716"",""fitted_season"":2025,""fitted_weeks"":[4,5,6,7,9,10,11,12,14],""total_graded_rows"":12904,""market_sample_size"":null,""tail_sample_size"":null,""curve"":""market_specific"",""raw_probability"":0.402981,""fitted_raw_range"":[0.000771,0.999229],""outside_fitted_range"":false,""endpoint_probabilities"":[0.166667,0.833333],""limitation"":""Endpoint clipping is not held-out evidence; total rows are not independent games or tail sample size.""}",Calibration fitted; not prospectively validated,-21.182700794351028,-0.466019417475727,2026-09-30T18:55:46.584610+00:00,2026,4,over,0.4248366013071895,0.4290560822827108,2,5.5,2026_04_TEN_BAL,8.0,graded,win,1.2,1.0,0.29983598831181063,0.3259769571783668,3.0222054107102734,2.5
f01589b0e7e6dd4f4ac1220a1db81f53,2026-10-04T17:00:00Z,Baltimore Ravens,Tennessee Titans,Tennessee Titans @ Baltimore Ravens,betonlineag,BetOnline.ag,player_reception_yds,recv_yds,Zay Flowers,over,-115,68.5,2026-09-30T18:54:40Z,zayflowers,zayflowers,68.5,80.81817464240574,44.33296493301621,,False,,0.5348837209302325,0.6094385003573229,0.0,0.5010141987829615,"{""version"":""nfl-calibration-trace-1"",""artifact_sha256"":""7c54bf5c44243e81b12bb6e72819cc44261a6c13e823cadd48cc848089163716"",""fitted_season"":2025,""fitted_weeks"":[4,5,6,7,9,10,11,12,14],""total_graded_rows"":12904,""market_sample_size"":null,""tail_sample_size"":null,""curve"":""market_specific"",""raw_probability"":0.609439,""fitted_raw_range"":[0.012265,0.987735],""outside_fitted_range"":false,""endpoint_probabilities"":[0.483696,0.516304],""limitation"":""Endpoint clipping is not held-out evidence; total rows are not independent games or tail sample size.""}",Calibration fitted; not prospectively validated,-338.69522147271016,-6.3321280536202345,2026-09-30T18:55:46.584610+00:00,2026,4,over,0.5030953363598845,0.5015476681799422,2,67.5,2026_04_TEN_BAL,118.0,graded,win,0.8695652173913043,1.0,0.24898682981620987,0.24845472709685298,37.18182535759426,49.5
