game_id,game,player,bookmaker,book_label,market_std,market_label,name,point,price,mu,model_prob,push_prob,mkt_prob,prob_devig,consensus_prob,consensus_line,book_count,edge_bps,ev_per_100,model_status,last_update,commence_time,kick_et,home_team,away_team,archive_ref,stat_game,actual,grading_status,outcome,units,payout,y,model_brier,market_brier,model_logloss,market_logloss,model_correct,bias,model_abs_error,line_abs_error
0283a29e1b38ef78b29b904fd56a16dd,Minnesota Vikings @ Chicago Bears,Aaron Jones,fanduel,FanDuel,receptions,Receptions,over,2.5,-122,1.5938662185,0.4210526316,0.0,0.5495495495,0.5141838223,0.5289256198,2.5,5,-1284.969179706,-23.3822260569,Calibration fitted; not prospectively validated,2026-09-20T13:53:03Z,2026-09-20T17:00:00Z,Sun 1:00 PM ET,Chicago Bears,Minnesota Vikings,5a4f3bf,2026_02_MIN_CHI,0.0,graded,loss,-1.0,0.819672131147541,0.0,0.17728531857728533,0.27976231128081414,0.5465437064044336,0.7527392776885067,True,1.5938662185,1.5938662185,2.5
0283a29e1b38ef78b29b904fd56a16dd,Minnesota Vikings @ Chicago Bears,Aaron Jones,fanduel,FanDuel,recv_yds,Receiving yards,over,15.5,-113,11.8244699924,0.4989858012,0.0,0.5305164319,0.5,0.5,16.0,3,-315.3063070784,-5.9433843724,Calibration fitted; not prospectively validated,2026-09-20T13:53:03Z,2026-09-20T17:00:00Z,Sun 1:00 PM ET,Chicago Bears,Minnesota Vikings,5a4f3bf,2026_02_MIN_CHI,0.0,graded,loss,-1.0,0.8849557522123894,0.0,0.24898682979920594,0.25,0.6911208373807048,0.6931471805599453,True,11.8244699924,11.8244699924,15.5
0283a29e1b38ef78b29b904fd56a16dd,Minnesota Vikings @ Chicago Bears,Aaron Jones,betmgm,BetMGM,rush_attempts,Rushing attempts,over,14.5,-110,11.352256552,0.45,0.0,0.5238095238,0.4898785425,0.5,14.5,3,-738.0952380952,-14.0909090909,Calibration fitted; not prospectively validated,2026-09-20T13:52:33Z,2026-09-20T17:00:00Z,Sun 1:00 PM ET,Chicago Bears,Minnesota Vikings,5a4f3bf,2026_02_MIN_CHI,23.0,graded,win,0.9090909090909091,0.9090909090909091,1.0,0.30250000000000005,0.25,0.7985076962177716,0.6931471805599453,False,-11.647743448,11.647743448,8.5
0283a29e1b38ef78b29b904fd56a16dd,Minnesota Vikings @ Chicago Bears,Aaron Jones,fanduel,FanDuel,rush_yds,Rushing yards,over,59.5,-113,46.6939087051,0.5,0.0,0.5305164319,0.5,0.5,60.0,3,-305.1643192488,-5.7522123894,Calibration fitted; not prospectively validated,2026-09-20T13:53:03Z,2026-09-20T17:00:00Z,Sun 1:00 PM ET,Chicago Bears,Minnesota Vikings,5a4f3bf,2026_02_MIN_CHI,105.0,graded,win,0.8849557522123894,0.8849557522123894,1.0,0.25,0.25,0.6931471805599453,0.6931471805599453,True,-58.3060912949,58.3060912949,45.5
0283a29e1b38ef78b29b904fd56a16dd,Minnesota Vikings @ Chicago Bears,Caleb Williams,draftkings,DraftKings,pass_attempts,Passing attempts,over,31.5,-109,34.6631231512,0.5625,0.0,0.5215311005,0.4926759856,0.4926759856,31.5,3,409.6889952153,7.8555045872,Calibration fitted; not prospectively validated,2026-09-20T13:53:13Z,2026-09-20T17:00:00Z,Sun 1:00 PM ET,Chicago Bears,Minnesota Vikings,5a4f3bf,2026_02_MIN_CHI,26.0,graded,loss,-1.0,0.9174311926605505,0.0,0.31640625,0.24272962678693139,0.8266785731844679,0.6786053978598672,False,8.663123151199997,8.663123151199997,5.5
0283a29e1b38ef78b29b904fd56a16dd,Minnesota Vikings @ Chicago Bears,Caleb Williams,betonlineag,BetOnline.ag,pass_completions,Passing completions,over,19.5,100,25.1008822819,0.5428571429,0.0,0.5,0.4693877551,0.484786987,19.5,4,428.5714285714,8.5714285714,Calibration fitted; not prospectively validated,2026-09-20T13:53:18Z,2026-09-20T17:00:00Z,Sun 1:00 PM ET,Chicago Bears,Minnesota Vikings,5a4f3bf,2026_02_MIN_CHI,15.0,graded,loss,-1.0,1.0,0.0,0.294693877597551,0.23501842276453816,0.7827593393433824,0.6631748463588011,False,10.100882281899999,10.100882281899999,4.5
0283a29e1b38ef78b29b904fd56a16dd,Minnesota Vikings @ Chicago Bears,Caleb Williams,betmgm,BetMGM,pass_tds,Passing touchdowns,over,1.5,-111,2.12,0.5,0.0,0.5260663507,0.4928711097,0.5203045685,1.5,7,-260.663507109,-4.954954955,Calibration fitted; not prospectively validated,2026-09-20T13:52:33Z,2026-09-20T17:00:00Z,Sun 1:00 PM ET,Chicago Bears,Minnesota Vikings,5a4f3bf,2026_02_MIN_CHI,0.0,graded,loss,-1.0,0.9009009009009009,0.0,0.25,0.27071684400197116,0.6931471805599453,0.7346038941800903,False,2.12,2.12,1.5
0283a29e1b38ef78b29b904fd56a16dd,Minnesota Vikings @ Chicago Bears,Caleb Williams,betmgm,BetMGM,pass_yds,Passing yards,over,229.5,-105,304.2618132222,0.5,0.0,0.512195122,0.4796954315,0.5,227.5,3,-121.9512195122,-2.380952381,Calibration fitted; not prospectively validated,2026-09-20T13:52:33Z,2026-09-20T17:00:00Z,Sun 1:00 PM ET,Chicago Bears,Minnesota Vikings,5a4f3bf,2026_02_MIN_CHI,138.0,graded,loss,-1.0,0.9523809523809523,0.0,0.25,0.25,0.6931471805599453,0.6931471805599453,False,166.26181322219998,166.26181322219998,91.5
0283a29e1b38ef78b29b904fd56a16dd,Minnesota Vikings @ Chicago Bears,Caleb Williams,draftkings,DraftKings,rush_attempts,Rushing attempts,over,5.5,120,7.1626255198,0.506993007,0.0,0.4545454545,0.4284750337,0.425224778,5.5,2,524.4755244755,11.5384615385,Calibration fitted; not prospectively validated,2026-09-20T13:53:13Z,2026-09-20T17:00:00Z,Sun 1:00 PM ET,Chicago Bears,Minnesota Vikings,5a4f3bf,2026_02_MIN_CHI,5.0,graded,loss,-1.0,1.2,0.0,0.2570419091469021,0.1808161118251493,0.7072319204558688,0.5537762328741184,False,2.1626255197999997,2.1626255197999997,0.5
0283a29e1b38ef78b29b904fd56a16dd,Minnesota Vikings @ Chicago Bears,Caleb Williams,fanduel,FanDuel,rush_yds,Rushing yards,over,27.5,-113,37.2876075334,0.5,0.0,0.5305164319,0.5,0.5042144302,27.5,4,-305.1643192488,-5.7522123894,Calibration fitted; not prospectively validated,2026-09-20T13:53:03Z,2026-09-20T17:00:00Z,Sun 1:00 PM ET,Chicago Bears,Minnesota Vikings,5a4f3bf,2026_02_MIN_CHI,42.0,graded,win,0.8849557522123894,0.8849557522123894,1.0,0.25,0.24580333122191067,0.6931471805599453,0.6847536446457951,True,-4.712392466600001,4.712392466600001,14.5
0283a29e1b38ef78b29b904fd56a16dd,Minnesota Vikings @ Chicago Bears,Carson Wentz,draftkings,DraftKings,pass_attempts,Passing attempts,over,31.5,-111,31.2885174071,0.5,0.0,0.5260663507,0.4968624498,0.5,31.5,4,-260.663507109,-4.954954955,Calibration fitted; not prospectively validated,2026-09-20T13:53:13Z,2026-09-20T17:00:00Z,Sun 1:00 PM ET,Chicago Bears,Minnesota Vikings,5a4f3bf,2026_02_MIN_CHI,20.0,graded,loss,-1.0,0.9009009009009009,0.0,0.25,0.25,0.6931471805599453,0.6931471805599453,False,11.288517407099999,11.288517407099999,11.5
0283a29e1b38ef78b29b904fd56a16dd,Minnesota Vikings @ Chicago Bears,Carson Wentz,betmgm,BetMGM,pass_completions,Passing completions,over,19.5,-105,19.7611688887,0.5,0.0,0.512195122,0.4796954315,0.4836900803,19.5,2,-121.9512195122,-2.380952381,Calibration fitted; not prospectively validated,2026-09-20T13:52:33Z,2026-09-20T17:00:00Z,Sun 1:00 PM ET,Chicago Bears,Minnesota Vikings,5a4f3bf,2026_02_MIN_CHI,11.0,graded,loss,-1.0,0.9523809523809523,0.0,0.25,0.23395609378062043,0.6931471805599453,0.6610480742266761,False,8.761168888699999,8.761168888699999,8.5
0283a29e1b38ef78b29b904fd56a16dd,Minnesota Vikings @ Chicago Bears,Carson Wentz,betrivers,BetRivers,pass_tds,Passing touchdowns,over,1.5,148,2.82,0.5333333333,0.0,0.4032258065,0.3768844221,0.3942641875,1.5,6,1301.0752688172,32.2666666667,Calibration fitted; not prospectively validated,2026-09-20T13:52:52Z,2026-09-20T17:00:00Z,Sun 1:00 PM ET,Chicago Bears,Minnesota Vikings,5a4f3bf,2026_02_MIN_CHI,0.0,graded,loss,-1.0,1.48,0.0,0.2844444444088889,0.15544424954503513,0.7621400519754682,0.501311340938243,False,2.82,2.82,1.5
0283a29e1b38ef78b29b904fd56a16dd,Minnesota Vikings @ Chicago Bears,Carson Wentz,draftkings,DraftKings,pass_yds,Passing yards,over,214.5,-112,202.0355022385,0.5,0.0,0.5283018868,0.5,0.5,214.5,3,-283.0188679245,-5.3571428571,Calibration fitted; not prospectively validated,2026-09-20T13:53:13Z,2026-09-20T17:00:00Z,Sun 1:00 PM ET,Chicago Bears,Minnesota Vikings,5a4f3bf,2026_02_MIN_CHI,143.0,graded,loss,-1.0,0.8928571428571429,0.0,0.25,0.25,0.6931471805599453,0.6931471805599453,False,59.03550223849999,59.03550223849999,71.5
0283a29e1b38ef78b29b904fd56a16dd,Minnesota Vikings @ Chicago Bears,Carson Wentz,betrivers,BetRivers,rush_yds,Rushing yards,over,8.5,-108,16.8080120628,0.5647668394,0.0,0.5192307692,0.4839948784,0.5,8.5,5,455.3607014747,8.7699098062,Calibration fitted; not prospectively validated,2026-09-20T13:52:52Z,2026-09-20T17:00:00Z,Sun 1:00 PM ET,Chicago Bears,Minnesota Vikings,5a4f3bf,2026_02_MIN_CHI,6.0,graded,loss,-1.0,0.9259259259259259,0.0,0.31896158288586546,0.25,0.831873390111572,0.6931471805599453,False,10.8080120628,10.8080120628,2.5
0283a29e1b38ef78b29b904fd56a16dd,Minnesota Vikings @ Chicago Bears,Cole Kmet,draftkings,DraftKings,receptions,Receptions,over,1.5,-102,2.7697161685,0.5475728155,0.0,0.504950495,0.4761410788,0.4796954315,1.5,5,426.2232048448,8.4408909195,Calibration fitted; not prospectively validated,2026-09-20T13:53:13Z,2026-09-20T17:00:00Z,Sun 1:00 PM ET,Chicago Bears,Minnesota Vikings,5a4f3bf,2026_02_MIN_CHI,0.0,graded,loss,-1.0,0.9803921568627451,0.0,0.29983598827459707,0.2301077070019712,0.7931284470229284,0.6533409302131841,False,2.7697161685,2.7697161685,1.5
0283a29e1b38ef78b29b904fd56a16dd,Minnesota Vikings @ Chicago Bears,Cole Kmet,draftkings,DraftKings,recv_yds,Receiving yards,over,13.5,-108,33.7635043764,0.5163043478,0.0,0.5192307692,0.4905802562,0.4949766919,13.5,5,-29.2642140468,-0.5636070853,Calibration fitted; not prospectively validated,2026-09-20T13:53:13Z,2026-09-20T17:00:00Z,Sun 1:00 PM ET,Chicago Bears,Minnesota Vikings,5a4f3bf,2026_02_MIN_CHI,0.0,graded,loss,-1.0,0.9259259259259259,0.0,0.2665701795571834,0.2450019255242675,0.7262993878229133,0.6831506961184052,False,33.7635043764,33.7635043764,13.5
0283a29e1b38ef78b29b904fd56a16dd,Minnesota Vikings @ Chicago Bears,Colston Loveland,betmgm,BetMGM,receptions,Receptions,over,4.5,-105,2.1205966872,0.4210526316,0.0,0.512195122,0.4796954315,0.5101214575,4.5,5,-911.4249037227,-17.7944862155,Calibration fitted; not prospectively validated,2026-09-20T13:52:33Z,2026-09-20T17:00:00Z,Sun 1:00 PM ET,Chicago Bears,Minnesota Vikings,5a4f3bf,2026_02_MIN_CHI,1.0,graded,loss,-1.0,0.9523809523809523,0.0,0.17728531857728533,0.26022390140192436,0.5465437064044336,0.7135977910518974,True,1.1205966872,1.1205966872,3.5
0283a29e1b38ef78b29b904fd56a16dd,Minnesota Vikings @ Chicago Bears,Colston Loveland,draftkings,DraftKings,recv_yds,Receiving yards,over,53.5,-111,24.0912999743,0.4836956522,0.0,0.5260663507,0.4978941162,0.5,53.5,3,-423.7069853699,-8.0542499021,Calibration fitted; not prospectively validated,2026-09-20T13:53:13Z,2026-09-20T17:00:00Z,Sun 1:00 PM ET,Chicago Bears,Minnesota Vikings,5a4f3bf,2026_02_MIN_CHI,3.0,graded,loss,-1.0,0.9009009009009009,0.0,0.23396148395718336,0.25,0.6610588660589711,0.6931471805599453,True,21.0912999743,21.0912999743,50.5
0283a29e1b38ef78b29b904fd56a16dd,Minnesota Vikings @ Chicago Bears,D'Andre Swift,betmgm,BetMGM,receptions,Receptions,over,1.5,-125,2.9544497854,0.5475728155,0.0,0.5555555556,0.5203045685,0.5407914021,1.5,5,-79.8274002158,-1.4368932039,Calibration fitted; not prospectively validated,2026-09-20T13:52:33Z,2026-09-20T17:00:00Z,Sun 1:00 PM ET,Chicago Bears,Minnesota Vikings,5a4f3bf,2026_02_MIN_CHI,5.0,graded,win,0.8,0.8,1.0,0.204690357274597,0.2108725363852839,0.6022598297876792,0.6147216528634928,True,-2.0455502146,2.0455502146,3.5
0283a29e1b38ef78b29b904fd56a16dd,Minnesota Vikings @ Chicago Bears,D'Andre Swift,draftkings,DraftKings,recv_yds,Receiving yards,over,10.5,-107,26.0931361444,0.5014367816,0.0,0.5169082126,0.4894599266,0.4969046636,10.5,5,-154.7143095119,-2.9930712214,Calibration fitted; not prospectively validated,2026-09-20T13:53:13Z,2026-09-20T17:00:00Z,Sun 1:00 PM ET,Chicago Bears,Minnesota Vikings,5a4f3bf,2026_02_MIN_CHI,54.0,graded,win,0.9345794392523364,0.9345794392523364,1.0,0.24856528274136605,0.2531049175074291,0.6902777381503304,0.6993570950284902,True,-27.9068638556,27.9068638556,43.5
0283a29e1b38ef78b29b904fd56a16dd,Minnesota Vikings @ Chicago Bears,D'Andre Swift,draftkings,DraftKings,rush_attempts,Rushing attempts,over,13.5,-128,13.0620957218,0.5,0.0,0.5614035088,0.5289256198,0.5297689324,13.5,2,-614.0350877193,-10.9375,Calibration fitted; not prospectively validated,2026-09-20T13:53:13Z,2026-09-20T17:00:00Z,Sun 1:00 PM ET,Chicago Bears,Minnesota Vikings,5a4f3bf,2026_02_MIN_CHI,16.0,graded,win,0.78125,0.78125,1.0,0.25,0.22111725693623577,0.6931471805599453,0.6353143441051745,True,-2.9379042781999996,2.9379042781999996,2.5
0283a29e1b38ef78b29b904fd56a16dd,Minnesota Vikings @ Chicago Bears,D'Andre Swift,draftkings,DraftKings,rush_yds,Rushing yards,over,60.5,-110,63.5065611094,0.5,0.0,0.5238095238,0.4957877001,0.5,60.5,4,-238.0952380952,-4.5454545455,Calibration fitted; not prospectively validated,2026-09-20T13:53:13Z,2026-09-20T17:00:00Z,Sun 1:00 PM ET,Chicago Bears,Minnesota Vikings,5a4f3bf,2026_02_MIN_CHI,45.0,graded,loss,-1.0,0.9090909090909091,0.0,0.25,0.25,0.6931471805599453,0.6931471805599453,False,18.506561109400003,18.506561109400003,15.5
0283a29e1b38ef78b29b904fd56a16dd,Minnesota Vikings @ Chicago Bears,Jordan Addison,betrivers,BetRivers,receptions,Receptions,over,3.5,118,2.5575686087,0.4524271845,0.0,0.4587155963,,0.4580003898,3.5,5,-62.8841186426,-1.3708737864,Calibration fitted; not prospectively validated,2026-09-20T13:52:52Z,2026-09-20T17:00:00Z,Sun 1:00 PM ET,Chicago Bears,Minnesota Vikings,5a4f3bf,2026_02_MIN_CHI,2.0,graded,loss,-1.0,1.18,0.0,0.20469035727459706,0.20976435705695196,0.6022598297876794,0.6124899967309414,True,0.5575686087,0.5575686087,1.5
0283a29e1b38ef78b29b904fd56a16dd,Minnesota Vikings @ Chicago Bears,Jordan Addison,fanduel,FanDuel,recv_yds,Receiving yards,over,39.5,-113,32.7836417734,0.4989858012,0.0,0.5305164319,0.5,0.5,40.0,3,-315.3063070784,-5.9433843724,Calibration fitted; not prospectively validated,2026-09-20T13:53:03Z,2026-09-20T17:00:00Z,Sun 1:00 PM ET,Chicago Bears,Minnesota Vikings,5a4f3bf,2026_02_MIN_CHI,21.0,graded,loss,-1.0,0.8849557522123894,0.0,0.24898682979920594,0.25,0.6911208373807048,0.6931471805599453,True,11.7836417734,11.7836417734,18.5
0283a29e1b38ef78b29b904fd56a16dd,Minnesota Vikings @ Chicago Bears,Josh Oliver,betmgm,BetMGM,receptions,Receptions,over,1.5,-105,1.5019345726,0.5,0.0,0.512195122,0.4796954315,0.493765586,1.5,5,-121.9512195122,-2.380952381,Calibration fitted; not prospectively validated,2026-09-20T13:52:33Z,2026-09-20T17:00:00Z,Sun 1:00 PM ET,Chicago Bears,Minnesota Vikings,5a4f3bf,2026_02_MIN_CHI,1.0,graded,loss,-1.0,0.9523809523809523,0.0,0.25,0.24380445391792338,0.6931471805599453,0.6807554481958163,False,0.5019345726,0.5019345726,0.5
0283a29e1b38ef78b29b904fd56a16dd,Minnesota Vikings @ Chicago Bears,Josh Oliver,draftkings,DraftKings,recv_yds,Receiving yards,over,13.5,-111,15.0215395954,0.5,0.0,0.5260663507,0.4978941162,0.4978941162,13.5,3,-260.663507109,-4.954954955,Calibration fitted; not prospectively validated,2026-09-20T13:53:13Z,2026-09-20T17:00:00Z,Sun 1:00 PM ET,Chicago Bears,Minnesota Vikings,5a4f3bf,2026_02_MIN_CHI,24.0,graded,win,0.9009009009009009,0.9009009009009009,1.0,0.25,0.2521103185465791,0.6931471805599453,0.6973678426362,True,-8.9784604046,8.9784604046,10.5
0283a29e1b38ef78b29b904fd56a16dd,Minnesota Vikings @ Chicago Bears,Justin Jefferson,betrivers,BetRivers,receptions,Receptions,over,6.5,116,7.8134521156,0.5475728155,0.0,0.462962963,,0.4875171639,6.5,5,846.0985257102,18.2757281553,Calibration fitted; not prospectively validated,2026-09-20T13:52:52Z,2026-09-20T17:00:00Z,Sun 1:00 PM ET,Chicago Bears,Minnesota Vikings,5a4f3bf,2026_02_MIN_CHI,3.0,graded,loss,-1.0,1.16,0.0,0.29983598827459707,0.23767298509709947,0.7931284470229284,0.6684880590669797,False,4.8134521156,4.8134521156,3.5
0283a29e1b38ef78b29b904fd56a16dd,Minnesota Vikings @ Chicago Bears,Justin Jefferson,fanduel,FanDuel,recv_yds,Receiving yards,over,79.5,-113,99.3717591639,0.5010141988,0.0,0.5305164319,0.5,0.5,79.5,3,-295.0223314192,-5.5610404064,Calibration fitted; not prospectively validated,2026-09-20T13:53:03Z,2026-09-20T17:00:00Z,Sun 1:00 PM ET,Chicago Bears,Minnesota Vikings,5a4f3bf,2026_02_MIN_CHI,55.0,graded,loss,-1.0,0.8849557522123894,0.0,0.2510152273992059,0.25,0.6951776381444736,0.6931471805599453,False,44.371759163899995,44.371759163899995,24.5
0283a29e1b38ef78b29b904fd56a16dd,Minnesota Vikings @ Chicago Bears,Kalif Raymond,betrivers,BetRivers,receptions,Receptions,over,2.5,133,4.4061523007,0.5789473684,0.0,0.4291845494,,0.4170324846,2.5,5,1497.6281906483,34.8947368421,Calibration fitted; not prospectively validated,2026-09-20T13:52:52Z,2026-09-20T17:00:00Z,Sun 1:00 PM ET,Chicago Bears,Minnesota Vikings,5a4f3bf,2026_02_MIN_CHI,5.0,graded,win,1.33,1.33,1.0,0.17728531857728527,0.33985112401164924,0.5465437064044335,0.8745911594980147,True,-0.5938476993000004,0.5938476993000004,2.5
0283a29e1b38ef78b29b904fd56a16dd,Minnesota Vikings @ Chicago Bears,Kalif Raymond,betonlineag,BetOnline.ag,recv_yds,Receiving yards,over,22.5,-114,55.5776449607,0.5163043478,0.0,0.5327102804,0.5,0.5,23.0,3,-164.0593254774,-3.0797101449,Calibration fitted; not prospectively validated,2026-09-20T13:53:18Z,2026-09-20T17:00:00Z,Sun 1:00 PM ET,Chicago Bears,Minnesota Vikings,5a4f3bf,2026_02_MIN_CHI,40.0,graded,win,0.8771929824561403,0.8771929824561403,1.0,0.23396148395718336,0.25,0.6610588660589711,0.6931471805599453,True,15.577644960699999,15.577644960699999,17.5
0283a29e1b38ef78b29b904fd56a16dd,Minnesota Vikings @ Chicago Bears,Kyle Monangai,betmgm,BetMGM,receptions,Receptions,over,1.5,135,2.2542356381,0.5475728155,0.0,0.4255319149,0.3959708232,0.419857152,1.5,5,1220.4090064036,28.6796116505,Calibration fitted; not prospectively validated,2026-09-20T13:52:33Z,2026-09-20T17:00:00Z,Sun 1:00 PM ET,Chicago Bears,Minnesota Vikings,5a4f3bf,2026_02_MIN_CHI,2.0,graded,win,1.35,1.35,1.0,0.204690357274597,0.336565724085551,0.6022598297876792,0.8678407398424189,True,0.25423563809999994,0.25423563809999994,0.5
0283a29e1b38ef78b29b904fd56a16dd,Minnesota Vikings @ Chicago Bears,Kyle Monangai,betrivers,BetRivers,recv_yds,Receiving yards,over,10.5,-110,20.7010548546,0.5014367816,0.0,0.5238095238,0.4889380531,0.5,10.5,4,-223.7274220033,-4.2711598746,Calibration fitted; not prospectively validated,2026-09-20T13:52:52Z,2026-09-20T17:00:00Z,Sun 1:00 PM ET,Chicago Bears,Minnesota Vikings,5a4f3bf,2026_02_MIN_CHI,11.0,graded,win,0.9090909090909091,0.9090909090909091,1.0,0.24856528274136605,0.25,0.6902777381503304,0.6931471805599453,True,9.701054854599999,9.701054854599999,0.5
0283a29e1b38ef78b29b904fd56a16dd,Minnesota Vikings @ Chicago Bears,Kyle Monangai,draftkings,DraftKings,rush_attempts,Rushing attempts,over,8.5,-118,8.96331705,0.506993007,0.0,0.5412844037,0.5103976044,0.5255945032,8.5,2,-342.9139667672,-6.3351902335,Calibration fitted; not prospectively validated,2026-09-20T13:53:13Z,2026-09-20T17:00:00Z,Sun 1:00 PM ET,Chicago Bears,Minnesota Vikings,5a4f3bf,2026_02_MIN_CHI,10.0,graded,win,0.847457627118644,0.847457627118644,1.0,0.243055895146902,0.2250605753940548,0.679258068385485,0.6432252700094976,True,-1.0366829499999994,1.0366829499999994,1.5
0283a29e1b38ef78b29b904fd56a16dd,Minnesota Vikings @ Chicago Bears,Kyle Monangai,draftkings,DraftKings,rush_yds,Rushing yards,over,36.5,-109,48.2271891738,0.5,0.0,0.5215311005,0.4936802191,0.4917965546,36.5,3,-215.3110047847,-4.128440367,Calibration fitted; not prospectively validated,2026-09-20T13:53:13Z,2026-09-20T17:00:00Z,Sun 1:00 PM ET,Chicago Bears,Minnesota Vikings,5a4f3bf,2026_02_MIN_CHI,47.0,graded,win,0.9174311926605505,0.9174311926605505,1.0,0.25,0.25827074191643073,0.6931471805599453,0.7096901549179562,True,1.2271891737999994,1.2271891737999994,10.5
0283a29e1b38ef78b29b904fd56a16dd,Minnesota Vikings @ Chicago Bears,Luther Burden,betmgm,BetMGM,receptions,Receptions,over,4.5,125,4.9147891106,0.5408805031,0.0,0.4444444444,0.416502947,0.4366812227,4.5,5,964.3605870021,21.6981132075,Calibration fitted; not prospectively validated,2026-09-20T13:52:33Z,2026-09-20T17:00:00Z,Sun 1:00 PM ET,Chicago Bears,Minnesota Vikings,5a4f3bf,2026_02_MIN_CHI,3.0,graded,loss,-1.0,1.25,0.0,0.29255171863370916,0.19069049025876697,0.7784447609745802,0.5739095991793892,False,1.9147891106000001,1.9147891106000001,1.5
0283a29e1b38ef78b29b904fd56a16dd,Minnesota Vikings @ Chicago Bears,Luther Burden,draftkings,DraftKings,recv_yds,Receiving yards,over,50.5,-109,62.794080977,0.5010141988,0.0,0.5215311005,0.4936802191,0.4927383868,50.5,4,-205.1690169551,-3.9339747288,Calibration fitted; not prospectively validated,2026-09-20T13:53:13Z,2026-09-20T17:00:00Z,Sun 1:00 PM ET,Chicago Bears,Minnesota Vikings,5a4f3bf,2026_02_MIN_CHI,32.0,graded,loss,-1.0,0.9174311926605505,0.0,0.2510152273992059,0.2427911178262664,0.6951776381444736,0.6787284061075322,False,30.794080977,30.794080977,18.5
0283a29e1b38ef78b29b904fd56a16dd,Minnesota Vikings @ Chicago Bears,Rome Odunze,betonlineag,BetOnline.ag,receptions,Receptions,over,2.5,-127,3.7749592453,0.5475728155,0.0,0.5594713656,0.5256105556,0.5256105556,2.5,5,-118.9855010479,-2.1267487195,Calibration fitted; not prospectively validated,2026-09-20T13:53:18Z,2026-09-20T17:00:00Z,Sun 1:00 PM ET,Chicago Bears,Minnesota Vikings,5a4f3bf,2026_02_MIN_CHI,3.0,graded,win,0.7874015748031497,0.7874015748031497,1.0,0.204690357274597,0.22504534495814066,0.6022598297876792,0.6431947290605802,True,0.7749592452999998,0.7749592452999998,0.5
0283a29e1b38ef78b29b904fd56a16dd,Minnesota Vikings @ Chicago Bears,Rome Odunze,fanduel,FanDuel,recv_yds,Receiving yards,over,39.5,-113,62.5288362822,0.5014367816,0.0,0.5305164319,0.5,0.5051290468,39.5,2,-290.7965031569,-5.4813854135,Calibration fitted; not prospectively validated,2026-09-20T13:53:03Z,2026-09-20T17:00:00Z,Sun 1:00 PM ET,Chicago Bears,Minnesota Vikings,5a4f3bf,2026_02_MIN_CHI,43.0,graded,win,0.8849557522123894,0.8849557522123894,1.0,0.24856528274136605,0.24489726032107656,0.6902777381503304,0.6829413441332847,True,19.528836282199997,19.528836282199997,3.5
0283a29e1b38ef78b29b904fd56a16dd,Minnesota Vikings @ Chicago Bears,T.J. Hockenson,betmgm,BetMGM,receptions,Receptions,over,3.5,-105,4.6628891738,0.5475728155,0.0,0.512195122,0.4796954315,0.5101897756,3.5,6,353.7769358276,6.907073509,Calibration fitted; not prospectively validated,2026-09-20T13:52:33Z,2026-09-20T17:00:00Z,Sun 1:00 PM ET,Chicago Bears,Minnesota Vikings,5a4f3bf,2026_02_MIN_CHI,3.0,graded,loss,-1.0,0.9523809523809523,0.0,0.29983598827459707,0.26029360712677835,0.7931284470229284,0.7137372600392307,False,1.6628891738,1.6628891738,0.5
0283a29e1b38ef78b29b904fd56a16dd,Minnesota Vikings @ Chicago Bears,T.J. Hockenson,fanduel,FanDuel,recv_yds,Receiving yards,over,30.5,-113,44.0821486587,0.5014367816,0.0,0.5305164319,0.5,0.5,30.0,3,-290.7965031569,-5.4813854135,Calibration fitted; not prospectively validated,2026-09-20T13:53:03Z,2026-09-20T17:00:00Z,Sun 1:00 PM ET,Chicago Bears,Minnesota Vikings,5a4f3bf,2026_02_MIN_CHI,29.0,graded,loss,-1.0,0.8849557522123894,0.0,0.2514388459413662,0.25,0.6960248803691167,0.6931471805599453,False,15.0821486587,15.0821486587,1.5
0636ebff776d43f8c829a36713c80b22,Cleveland Browns @ Tampa Bay Buccaneers,Baker Mayfield,bovada,Bovada,pass_attempts,Passing attempts,over,27.5,-125,31.0380281172,0.6363636364,0.0,0.5555555556,0.5203045685,0.5220817448,28.0,2,808.0808080808,14.5454545455,Calibration fitted; not prospectively validated,2026-09-20T13:52:14Z,2026-09-20T17:00:00Z,Sun 1:00 PM ET,Tampa Bay Buccaneers,Cleveland Browns,5a4f3bf,2026_02_CLE_TB,34.0,graded,win,0.8,0.8,1.0,0.13223140493223137,0.2284058586534123,0.4519851236859143,0.6499311041261618,True,-2.9619718828000003,2.9619718828000003,6.5
0636ebff776d43f8c829a36713c80b22,Cleveland Browns @ Tampa Bay Buccaneers,Baker Mayfield,betrivers,BetRivers,pass_completions,Passing completions,over,18.5,-113,23.2785210879,0.5416666667,0.0,0.5305164319,,0.5101214575,18.5,3,111.5023474178,2.1017699115,Calibration fitted; not prospectively validated,2026-09-20T13:52:58Z,2026-09-20T17:00:00Z,Sun 1:00 PM ET,Tampa Bay Buccaneers,Cleveland Browns,5a4f3bf,2026_02_CLE_TB,21.0,graded,win,0.8849557522123894,0.8849557522123894,1.0,0.21006944441388892,0.23998098640192428,0.6131044728248705,0.6731064296566579,True,2.2785210878999997,2.2785210878999997,2.5
0636ebff776d43f8c829a36713c80b22,Cleveland Browns @ Tampa Bay Buccaneers,Baker Mayfield,betmgm,BetMGM,pass_tds,Passing touchdowns,over,1.5,-110,0.0106,0.25,0.0,0.5238095238,0.4898785425,0.5154235088,1.5,6,-2738.0952380952,-52.2727272727,Calibration fitted; not prospectively validated,2026-09-20T13:53:24Z,2026-09-20T17:00:00Z,Sun 1:00 PM ET,Tampa Bay Buccaneers,Cleveland Browns,5a4f3bf,2026_02_CLE_TB,1.0,graded,loss,-1.0,0.9090909090909091,0.0,0.0625,0.26566139342370365,0.2876820724517809,0.7244799835387234,True,-0.9894,0.9894,0.5
0636ebff776d43f8c829a36713c80b22,Cleveland Browns @ Tampa Bay Buccaneers,Baker Mayfield,draftkings,DraftKings,pass_yds,Passing yards,over,216.5,-112,265.7731259976,0.5,0.0,0.5283018868,0.5,0.5,216.5,5,-283.0188679245,-5.3571428571,Calibration fitted; not prospectively validated,2026-09-20T13:53:22Z,2026-09-20T17:00:00Z,Sun 1:00 PM ET,Tampa Bay Buccaneers,Cleveland Browns,5a4f3bf,2026_02_CLE_TB,182.0,graded,loss,-1.0,0.8928571428571429,0.0,0.25,0.25,0.6931471805599453,0.6931471805599453,False,83.7731259976,83.7731259976,34.5
0636ebff776d43f8c829a36713c80b22,Cleveland Browns @ Tampa Bay Buccaneers,Baker Mayfield,draftkings,DraftKings,rush_yds,Rushing yards,over,16.5,-113,23.1982150412,0.5,0.0,0.5305164319,0.5021058838,0.5021058838,16.5,3,-305.1643192488,-5.7522123894,Calibration fitted; not prospectively validated,2026-09-20T13:53:22Z,2026-09-20T17:00:00Z,Sun 1:00 PM ET,Tampa Bay Buccaneers,Cleveland Browns,5a4f3bf,2026_02_CLE_TB,29.0,graded,win,0.8849557522123894,0.8849557522123894,1.0,0.25,0.24789855094657912,0.6931471805599453,0.6889442576273447,True,-5.801784958799999,5.801784958799999,12.5
0636ebff776d43f8c829a36713c80b22,Cleveland Browns @ Tampa Bay Buccaneers,Bucky Irving,betrivers,BetRivers,receptions,Receptions,over,2.5,123,3.4530514891,0.5475728155,0.0,0.4484304933,,0.4677419355,2.5,5,991.4232226044,22.1087378641,Calibration fitted; not prospectively validated,2026-09-20T13:52:58Z,2026-09-20T17:00:00Z,Sun 1:00 PM ET,Tampa Bay Buccaneers,Cleveland Browns,5a4f3bf,2026_02_CLE_TB,4.0,graded,win,1.23,1.23,1.0,0.204690357274597,0.2832986472252862,0.6022598297876792,0.7598385550241348,True,-0.5469485109000001,0.5469485109000001,1.5
0636ebff776d43f8c829a36713c80b22,Cleveland Browns @ Tampa Bay Buccaneers,Bucky Irving,betrivers,BetRivers,recv_yds,Receiving yards,over,17.5,-113,27.0784380284,0.5014367816,0.0,0.5305164319,0.4949766919,0.5101214575,17.0,3,-290.7965031569,-5.4813854135,Calibration fitted; not prospectively validated,2026-09-20T13:52:58Z,2026-09-20T17:00:00Z,Sun 1:00 PM ET,Tampa Bay Buccaneers,Cleveland Browns,5a4f3bf,2026_02_CLE_TB,1.0,graded,loss,-1.0,0.8849557522123894,0.0,0.2514388459413662,0.26022390140192436,0.6960248803691167,0.7135977910518974,False,26.0784380284,26.0784380284,16.5
0636ebff776d43f8c829a36713c80b22,Cleveland Browns @ Tampa Bay Buccaneers,Bucky Irving,draftkings,DraftKings,rush_attempts,Rushing attempts,over,15.5,-103,9.9643757061,0.4054054054,0.0,0.5073891626,0.4782356355,0.484057089,15.5,2,-1019.8375715617,-20.0997113618,Calibration fitted; not prospectively validated,2026-09-20T13:53:22Z,2026-09-20T17:00:00Z,Sun 1:00 PM ET,Tampa Bay Buccaneers,Cleveland Browns,5a4f3bf,2026_02_CLE_TB,17.0,graded,win,0.970873786407767,0.970873786407767,1.0,0.3535427319275383,0.26619708741115394,0.9028677115553477,0.7255524267420133,False,-7.0356242939,7.0356242939,1.5
0636ebff776d43f8c829a36713c80b22,Cleveland Browns @ Tampa Bay Buccaneers,Bucky Irving,draftkings,DraftKings,rush_yds,Rushing yards,over,65.5,-112,45.6183472592,0.4352331606,0.0,0.5283018868,0.5,0.5,65.5,3,-930.6872617069,-17.6165803109,Calibration fitted; not prospectively validated,2026-09-20T13:53:22Z,2026-09-20T17:00:00Z,Sun 1:00 PM ET,Tampa Bay Buccaneers,Cleveland Browns,5a4f3bf,2026_02_CLE_TB,89.0,graded,win,0.8928571428571429,0.8928571428571429,1.0,0.31896158288586546,0.25,0.8318733901115719,0.6931471805599453,False,-43.3816527408,43.3816527408,23.5
0636ebff776d43f8c829a36713c80b22,Cleveland Browns @ Tampa Bay Buccaneers,Cade Otton,betmgm,BetMGM,receptions,Receptions,over,2.5,-155,2.8668042661,0.5420560748,0.0,0.6078431373,0.5665108372,0.5806451613,2.5,5,-657.8706248855,-10.823032861,Calibration fitted; not prospectively validated,2026-09-20T13:53:24Z,2026-09-20T17:00:00Z,Sun 1:00 PM ET,Tampa Bay Buccaneers,Cleveland Browns,5a4f3bf,2026_02_CLE_TB,5.0,graded,win,0.6451612903225806,0.6451612903225806,1.0,0.20971263862758324,0.17585848074110302,0.612385823853418,0.5436154465723149,True,-2.1331957339,2.1331957339,2.5
0636ebff776d43f8c829a36713c80b22,Cleveland Browns @ Tampa Bay Buccaneers,Cade Otton,fanduel,FanDuel,recv_yds,Receiving yards,over,27.5,-113,29.37550026,0.5,0.0,0.5305164319,0.5,0.5,28.5,3,-305.1643192488,-5.7522123894,Calibration fitted; not prospectively validated,2026-09-20T13:53:11Z,2026-09-20T17:00:00Z,Sun 1:00 PM ET,Tampa Bay Buccaneers,Cleveland Browns,5a4f3bf,2026_02_CLE_TB,38.0,graded,win,0.8849557522123894,0.8849557522123894,1.0,0.25,0.25,0.6931471805599453,0.6931471805599453,True,-8.624499740000001,8.624499740000001,10.5
0636ebff776d43f8c829a36713c80b22,Cleveland Browns @ Tampa Bay Buccaneers,Chris Godwin,betmgm,BetMGM,receptions,Receptions,over,3.5,-115,6.1312222907,0.5789473684,0.0,0.5348837209,0.5,0.5347344778,3.5,5,440.6364749082,8.23798627,Calibration fitted; not prospectively validated,2026-09-20T13:53:24Z,2026-09-20T17:00:00Z,Sun 1:00 PM ET,Tampa Bay Buccaneers,Cleveland Browns,5a4f3bf,2026_02_CLE_TB,3.0,graded,loss,-1.0,0.8695652173913043,0.0,0.3351800553772854,0.28594096174803874,0.8649974374366046,0.7651470208782163,False,3.1312222907000002,3.1312222907000002,0.5
0636ebff776d43f8c829a36713c80b22,Cleveland Browns @ Tampa Bay Buccaneers,Chris Godwin,draftkings,DraftKings,recv_yds,Receiving yards,over,37.5,-112,72.0157696397,0.5163043478,0.0,0.5283018868,0.5,0.5,37.5,3,-119.9753896637,-2.2709627329,Calibration fitted; not prospectively validated,2026-09-20T13:53:22Z,2026-09-20T17:00:00Z,Sun 1:00 PM ET,Tampa Bay Buccaneers,Cleveland Browns,5a4f3bf,2026_02_CLE_TB,46.0,graded,win,0.8928571428571429,0.8928571428571429,1.0,0.23396148395718336,0.25,0.6610588660589711,0.6931471805599453,True,26.015769639699997,26.015769639699997,8.5
0636ebff776d43f8c829a36713c80b22,Cleveland Browns @ Tampa Bay Buccaneers,Denzel Boston,betmgm,BetMGM,receptions,Receptions,over,2.5,-118,2.0816005118,0.4579439252,0.0,0.5412844037,0.5071288903,0.5203045685,2.5,5,-833.4047843608,-15.3968002534,Calibration fitted; not prospectively validated,2026-09-20T13:53:24Z,2026-09-20T17:00:00Z,Sun 1:00 PM ET,Tampa Bay Buccaneers,Cleveland Browns,5a4f3bf,2026_02_CLE_TB,5.0,graded,win,0.847457627118644,0.847457627118644,1.0,0.2938247882275833,0.23010770700197122,0.781008536424749,0.6533409302131843,False,-2.9183994882,2.9183994882,2.5
0636ebff776d43f8c829a36713c80b22,Cleveland Browns @ Tampa Bay Buccaneers,Denzel Boston,betmgm,BetMGM,recv_yds,Receiving yards,over,30.5,-111,32.329960051,0.5,0.0,0.5260663507,0.4928711097,0.5010529419,30.5,4,-260.663507109,-4.954954955,Calibration fitted; not prospectively validated,2026-09-20T13:53:24Z,2026-09-20T17:00:00Z,Sun 1:00 PM ET,Tampa Bay Buccaneers,Cleveland Browns,5a4f3bf,2026_02_CLE_TB,95.0,graded,win,0.9009009009009009,0.9009009009009009,1.0,0.25,0.24894816678664472,0.6931471805599453,0.691043511025123,True,-62.670039949,62.670039949,64.5
0636ebff776d43f8c829a36713c80b22,Cleveland Browns @ Tampa Bay Buccaneers,Deshaun Watson,betmgm,BetMGM,pass_attempts,Passing attempts,over,28.5,-120,28.5327232675,0.5,0.0,0.5454545455,0.5101214575,0.5241855483,28.5,4,-454.5454545455,-8.3333333333,Calibration fitted; not prospectively validated,2026-09-20T13:53:24Z,2026-09-20T17:00:00Z,Sun 1:00 PM ET,Tampa Bay Buccaneers,Cleveland Browns,5a4f3bf,2026_02_CLE_TB,30.0,graded,win,0.8333333333333334,0.8333333333333334,1.0,0.25,0.22639939244657167,0.6931471805599453,0.6459095575304762,True,-1.4672767325000002,1.4672767325000002,1.5
0636ebff776d43f8c829a36713c80b22,Cleveland Browns @ Tampa Bay Buccaneers,Deshaun Watson,draftkings,DraftKings,pass_completions,Passing completions,over,16.5,-130,20.7510714672,0.5,0.0,0.5652173913,0.533089728,0.5407914021,16.5,3,-652.1739130435,-11.5384615385,Calibration fitted; not prospectively validated,2026-09-20T13:53:22Z,2026-09-20T17:00:00Z,Sun 1:00 PM ET,Tampa Bay Buccaneers,Cleveland Browns,5a4f3bf,2026_02_CLE_TB,24.0,graded,win,0.7692307692307693,0.7692307692307693,1.0,0.25,0.2108725363852839,0.6931471805599453,0.6147216528634928,True,-3.248928532800001,3.248928532800001,7.5
0636ebff776d43f8c829a36713c80b22,Cleveland Browns @ Tampa Bay Buccaneers,Deshaun Watson,betmgm,BetMGM,pass_tds,Passing touchdowns,over,0.5,-175,0.94,0.5,0.0,0.6363636364,0.594095941,0.6216232611,0.5,6,-1363.6363636364,-21.4285714286,Calibration fitted; not prospectively validated,2026-09-20T13:53:24Z,2026-09-20T17:00:00Z,Sun 1:00 PM ET,Tampa Bay Buccaneers,Cleveland Browns,5a4f3bf,2026_02_CLE_TB,2.0,graded,win,0.5714285714285714,0.5714285714285714,1.0,0.25,0.14316895654059877,0.6931471805599453,0.4754210592968136,True,-1.06,1.06,1.5
0636ebff776d43f8c829a36713c80b22,Cleveland Browns @ Tampa Bay Buccaneers,Deshaun Watson,fanduel,FanDuel,pass_yds,Passing yards,over,175.5,-113,217.0009818893,0.5,0.0,0.5305164319,0.5,0.5,174.5,2,-305.1643192488,-5.7522123894,Calibration fitted; not prospectively validated,2026-09-20T13:53:11Z,2026-09-20T17:00:00Z,Sun 1:00 PM ET,Tampa Bay Buccaneers,Cleveland Browns,5a4f3bf,2026_02_CLE_TB,238.0,graded,win,0.8849557522123894,0.8849557522123894,1.0,0.25,0.25,0.6931471805599453,0.6931471805599453,True,-20.999018110700007,20.999018110700007,62.5
0636ebff776d43f8c829a36713c80b22,Cleveland Browns @ Tampa Bay Buccaneers,Deshaun Watson,draftkings,DraftKings,rush_attempts,Rushing attempts,over,4.5,-143,6.0650307745,0.506993007,0.0,0.5884773663,0.5550754358,0.5557781234,4.5,2,-814.8435926214,-13.8466428676,Calibration fitted; not prospectively validated,2026-09-20T13:53:22Z,2026-09-20T17:00:00Z,Sun 1:00 PM ET,Tampa Bay Buccaneers,Cleveland Browns,5a4f3bf,2026_02_CLE_TB,7.0,graded,win,0.6993006993006993,0.6993006993006993,1.0,0.243055895146902,0.19733307565002564,0.679258068385485,0.5873861230097339,True,-0.9349692254999997,0.9349692254999997,2.5
0636ebff776d43f8c829a36713c80b22,Cleveland Browns @ Tampa Bay Buccaneers,Deshaun Watson,fanduel,FanDuel,rush_yds,Rushing yards,over,22.5,-113,29.1310614934,0.5,0.0,0.5305164319,0.5,0.5082034454,22.5,3,-305.1643192488,-5.7522123894,Calibration fitted; not prospectively validated,2026-09-20T13:53:11Z,2026-09-20T17:00:00Z,Sun 1:00 PM ET,Tampa Bay Buccaneers,Cleveland Browns,5a4f3bf,2026_02_CLE_TB,22.0,graded,loss,-1.0,0.8849557522123894,0.0,0.25,0.25827074191643073,0.6931471805599453,0.7096901549179561,False,7.131061493400001,7.131061493400001,0.5
0636ebff776d43f8c829a36713c80b22,Cleveland Browns @ Tampa Bay Buccaneers,Emeka Egbuka,fanduel,FanDuel,receptions,Receptions,over,3.5,-158,4.7243116651,0.5475728155,0.0,0.6124031008,0.5717415842,0.583497053,3.5,5,-648.3028524121,-10.5862111343,Calibration fitted; not prospectively validated,2026-09-20T13:53:11Z,2026-09-20T17:00:00Z,Sun 1:00 PM ET,Tampa Bay Buccaneers,Cleveland Browns,5a4f3bf,2026_02_CLE_TB,3.0,graded,loss,-1.0,0.6329113924050633,0.0,0.29983598827459707,0.3404688108596848,0.7931284470229284,0.8758617417700197,False,1.7243116651000001,1.7243116651000001,0.5
0636ebff776d43f8c829a36713c80b22,Cleveland Browns @ Tampa Bay Buccaneers,Emeka Egbuka,draftkings,DraftKings,recv_yds,Receiving yards,over,54.5,-111,63.9567072619,0.5,0.0,0.5260663507,0.4978941162,0.5,54.5,3,-260.663507109,-4.954954955,Calibration fitted; not prospectively validated,2026-09-20T13:53:22Z,2026-09-20T17:00:00Z,Sun 1:00 PM ET,Tampa Bay Buccaneers,Cleveland Browns,5a4f3bf,2026_02_CLE_TB,16.0,graded,loss,-1.0,0.9009009009009009,0.0,0.25,0.25,0.6931471805599453,0.6931471805599453,False,47.9567072619,47.9567072619,38.5
0636ebff776d43f8c829a36713c80b22,Cleveland Browns @ Tampa Bay Buccaneers,Harold Fannin,betmgm,BetMGM,receptions,Receptions,over,3.5,-135,2.6122652078,0.4524271845,0.0,0.5744680851,0.5346534653,0.5633187773,3.5,5,-1220.4090064036,-21.2441567781,Calibration fitted; not prospectively validated,2026-09-20T13:53:24Z,2026-09-20T17:00:00Z,Sun 1:00 PM ET,Tampa Bay Buccaneers,Cleveland Browns,5a4f3bf,2026_02_CLE_TB,5.0,graded,win,0.7407407407407407,0.7407407407407407,1.0,0.29983598827459695,0.19069049025876697,0.7931284470229283,0.5739095991793892,False,-2.3877347922,2.3877347922,1.5
0636ebff776d43f8c829a36713c80b22,Cleveland Browns @ Tampa Bay Buccaneers,Harold Fannin,fanduel,FanDuel,recv_yds,Receiving yards,over,33.5,-113,26.1054727722,0.4989858012,0.0,0.5305164319,0.5,0.5,34.0,2,-315.3063070784,-5.9433843724,Calibration fitted; not prospectively validated,2026-09-20T13:53:11Z,2026-09-20T17:00:00Z,Sun 1:00 PM ET,Tampa Bay Buccaneers,Cleveland Browns,5a4f3bf,2026_02_CLE_TB,54.0,graded,win,0.8849557522123894,0.8849557522123894,1.0,0.2510152273992059,0.25,0.6951776381444736,0.6931471805599453,False,-27.8945272278,27.8945272278,20.5
0636ebff776d43f8c829a36713c80b22,Cleveland Browns @ Tampa Bay Buccaneers,Jerry Jeudy,draftkings,DraftKings,receptions,Receptions,over,2.5,-107,2.7812215859,0.5420560748,0.0,0.5169082126,0.4865646962,0.5,2.5,5,251.4786220597,4.8650537165,Calibration fitted; not prospectively validated,2026-09-20T13:53:22Z,2026-09-20T17:00:00Z,Sun 1:00 PM ET,Tampa Bay Buccaneers,Cleveland Browns,5a4f3bf,2026_02_CLE_TB,0.0,graded,loss,-1.0,0.9345794392523364,0.0,0.2938247882275831,0.25,0.7810085364247489,0.6931471805599453,False,2.7812215859,2.7812215859,2.5
0636ebff776d43f8c829a36713c80b22,Cleveland Browns @ Tampa Bay Buccaneers,Jerry Jeudy,draftkings,DraftKings,recv_yds,Receiving yards,over,26.5,-111,36.6461628126,0.5010141988,0.0,0.5260663507,0.4978941162,0.4989470581,27.5,2,-250.5215192794,-4.7621658169,Calibration fitted; not prospectively validated,2026-09-20T13:53:22Z,2026-09-20T17:00:00Z,Sun 1:00 PM ET,Tampa Bay Buccaneers,Cleveland Browns,5a4f3bf,2026_02_CLE_TB,0.0,graded,loss,-1.0,0.9009009009009009,0.0,0.2510152273992059,0.24894816678664478,0.6951776381444736,0.691043511025123,False,36.6461628126,36.6461628126,26.5
0636ebff776d43f8c829a36713c80b22,Cleveland Browns @ Tampa Bay Buccaneers,KC Concepcion,draftkings,DraftKings,receptions,Receptions,over,3.5,121,3.4903185205,0.5,0.0,0.4524886878,0.427364808,0.4331087584,3.5,5,475.1131221719,10.5,Calibration fitted; not prospectively validated,2026-09-20T13:53:22Z,2026-09-20T17:00:00Z,Sun 1:00 PM ET,Tampa Bay Buccaneers,Cleveland Browns,5a4f3bf,2026_02_CLE_TB,6.0,graded,win,1.21,1.21,1.0,0.25,0.3213656798027896,0.6931471805599453,0.8367664083846397,True,-2.5096814795,2.5096814795,2.5
0636ebff776d43f8c829a36713c80b22,Cleveland Browns @ Tampa Bay Buccaneers,KC Concepcion,draftkings,DraftKings,recv_yds,Receiving yards,over,32.5,-110,41.5252912523,0.5,0.0,0.5238095238,0.4957877001,0.5,32.5,5,-238.0952380952,-4.5454545455,Calibration fitted; not prospectively validated,2026-09-20T13:53:22Z,2026-09-20T17:00:00Z,Sun 1:00 PM ET,Tampa Bay Buccaneers,Cleveland Browns,5a4f3bf,2026_02_CLE_TB,28.0,graded,loss,-1.0,0.9090909090909091,0.0,0.25,0.25,0.6931471805599453,0.6931471805599453,False,13.5252912523,13.5252912523,4.5
0636ebff776d43f8c829a36713c80b22,Cleveland Browns @ Tampa Bay Buccaneers,KC Concepcion,draftkings,DraftKings,rush_yds,Rushing yards,over,7.5,-114,27.0982953848,0.5647668394,0.0,0.5327102804,0.5042122999,0.50210615,8.0,2,320.5655900441,6.0176347605,Calibration fitted; not prospectively validated,2026-09-20T13:53:22Z,2026-09-20T17:00:00Z,Sun 1:00 PM ET,Tampa Bay Buccaneers,Cleveland Browns,5a4f3bf,2026_02_CLE_TB,-6.0,graded,loss,-1.0,0.8771929824561403,0.0,0.31896158288586546,0.25211058586782253,0.831873390111572,0.6973683772881722,False,33.0982953848,33.0982953848,13.5
0636ebff776d43f8c829a36713c80b22,Cleveland Browns @ Tampa Bay Buccaneers,Kenny Gainwell,betrivers,BetRivers,receptions,Receptions,over,1.5,-150,2.6269541468,0.5475728155,0.0,0.6,,0.6147488536,1.5,5,-524.2718446602,-8.7378640777,Calibration fitted; not prospectively validated,2026-09-20T13:52:58Z,2026-09-20T17:00:00Z,Sun 1:00 PM ET,Tampa Bay Buccaneers,Cleveland Browns,5a4f3bf,2026_02_CLE_TB,3.0,graded,win,0.6666666666666666,0.6666666666666666,1.0,0.204690357274597,0.14841844580251426,0.6022598297876792,0.4865414627106727,True,-0.37304585319999983,0.37304585319999983,1.5
0636ebff776d43f8c829a36713c80b22,Cleveland Browns @ Tampa Bay Buccaneers,Kenny Gainwell,fanduel,FanDuel,recv_yds,Receiving yards,over,12.5,-113,16.2208042465,0.5,0.0,0.5305164319,0.5,0.5082034454,13.0,3,-305.1643192488,-5.7522123894,Calibration fitted; not prospectively validated,2026-09-20T13:53:11Z,2026-09-20T17:00:00Z,Sun 1:00 PM ET,Tampa Bay Buccaneers,Cleveland Browns,5a4f3bf,2026_02_CLE_TB,5.0,graded,loss,-1.0,0.8849557522123894,0.0,0.25,0.25827074191643073,0.6931471805599453,0.7096901549179561,False,11.220804246499998,11.220804246499998,7.5
0636ebff776d43f8c829a36713c80b22,Cleveland Browns @ Tampa Bay Buccaneers,Kenny Gainwell,fanduel,FanDuel,rush_yds,Rushing yards,over,26.5,-113,24.263629799,0.5,0.0,0.5305164319,0.5,0.5,26.5,4,-305.1643192488,-5.7522123894,Calibration fitted; not prospectively validated,2026-09-20T13:53:11Z,2026-09-20T17:00:00Z,Sun 1:00 PM ET,Tampa Bay Buccaneers,Cleveland Browns,5a4f3bf,2026_02_CLE_TB,10.0,graded,loss,-1.0,0.8849557522123894,0.0,0.25,0.25,0.6931471805599453,0.6931471805599453,False,14.263629799,14.263629799,16.5
0636ebff776d43f8c829a36713c80b22,Cleveland Browns @ Tampa Bay Buccaneers,Quinshon Judkins,bovada,Bovada,receptions,Receptions,over,2.5,150,2.0438836992,0.4579439252,0.0,0.4,0.375,0.3887399464,2.5,5,579.4392523364,14.4859813084,Calibration fitted; not prospectively validated,2026-09-20T13:52:14Z,2026-09-20T17:00:00Z,Sun 1:00 PM ET,Tampa Bay Buccaneers,Cleveland Browns,5a4f3bf,2026_02_CLE_TB,5.0,graded,win,1.5,1.5,1.0,0.2938247882275833,0.3736388531270749,0.781008536424749,0.944844677173586,False,-2.9561163008,2.9561163008,2.5
0636ebff776d43f8c829a36713c80b22,Cleveland Browns @ Tampa Bay Buccaneers,Quinshon Judkins,draftkings,DraftKings,recv_yds,Receiving yards,over,11.5,-114,15.9288388929,0.5,0.0,0.5327102804,0.5042122999,0.5042122999,12.0,3,-327.1028037383,-6.1403508772,Calibration fitted; not prospectively validated,2026-09-20T13:53:22Z,2026-09-20T17:00:00Z,Sun 1:00 PM ET,Tampa Bay Buccaneers,Cleveland Browns,5a4f3bf,2026_02_CLE_TB,27.0,graded,win,0.8771929824561403,0.8771929824561403,1.0,0.25,0.24580544357044748,0.6931471805599453,0.6847578696428849,True,-11.0711611071,11.0711611071,15.5
0636ebff776d43f8c829a36713c80b22,Cleveland Browns @ Tampa Bay Buccaneers,Quinshon Judkins,draftkings,DraftKings,rush_attempts,Rushing attempts,over,13.5,-119,9.9200289716,0.45,0.0,0.5433789954,0.5124828361,0.5306122449,13.5,3,-933.7899543379,-17.1848739496,Calibration fitted; not prospectively validated,2026-09-20T13:53:22Z,2026-09-20T17:00:00Z,Sun 1:00 PM ET,Tampa Bay Buccaneers,Cleveland Browns,5a4f3bf,2026_02_CLE_TB,12.0,graded,loss,-1.0,0.8403361344537815,0.0,0.2025,0.2815493544378176,0.5978370007556204,0.7563260821858248,True,-2.0799710283999993,2.0799710283999993,1.5
0636ebff776d43f8c829a36713c80b22,Cleveland Browns @ Tampa Bay Buccaneers,Quinshon Judkins,draftkings,DraftKings,rush_yds,Rushing yards,over,48.5,-108,36.0264622716,0.5,0.0,0.5192307692,0.4915711396,0.4957855698,48.5,4,-192.3076923077,-3.7037037037,Calibration fitted; not prospectively validated,2026-09-20T13:53:22Z,2026-09-20T17:00:00Z,Sun 1:00 PM ET,Tampa Bay Buccaneers,Cleveland Browns,5a4f3bf,2026_02_CLE_TB,21.0,graded,loss,-1.0,0.9259259259259259,0.0,0.25,0.24580333122191067,0.6931471805599453,0.6847536446457951,False,15.026462271600003,15.026462271600003,27.5
0636ebff776d43f8c829a36713c80b22,Cleveland Browns @ Tampa Bay Buccaneers,Raheim Sanders,fanduel,FanDuel,rush_yds,Rushing yards,over,9.5,-113,20.1110914443,0.5,0.0,0.5305164319,0.5,0.5025798729,10.0,2,-305.1643192488,-5.7522123894,Calibration fitted; not prospectively validated,2026-09-20T13:53:11Z,2026-09-20T17:00:00Z,Sun 1:00 PM ET,Tampa Bay Buccaneers,Cleveland Browns,5a4f3bf,2026_02_CLE_TB,4.0,graded,loss,-1.0,0.8849557522123894,0.0,0.25,0.2525865286441801,0.6931471805599453,0.6983202838154999,False,16.1110914443,16.1110914443,5.5
1fd6628c781f556a7a19638e97d7107f,Jacksonville Jaguars @ Denver Broncos,Bhayshul Tuten,betrivers,BetRivers,receptions,Receptions,over,1.5,102,1.3906934668,0.4591194969,0.0,0.495049505,,0.4979225528,1.5,5,-359.3000809515,-7.2578616352,Calibration fitted; not prospectively validated,2026-09-20T13:53:18Z,2026-09-20T20:05:00Z,Sun 4:05 PM ET,Denver Broncos,Jacksonville Jaguars,5a4f3bf,2026_02_JAX_DEN,2.0,graded,win,1.02,1.02,1.0,0.29255171863370916,0.2520817629868688,0.7784447609745802,0.6973107305172871,False,-0.6093065332000001,0.6093065332000001,0.5
1fd6628c781f556a7a19638e97d7107f,Jacksonville Jaguars @ Denver Broncos,Bhayshul Tuten,fanduel,FanDuel,recv_yds,Receiving yards,over,8.5,-113,13.7688354553,0.5010141988,0.0,0.5305164319,0.5,0.5051597457,9.0,3,-295.0223314192,-5.5610404064,Calibration fitted; not prospectively validated,2026-09-20T13:52:58Z,2026-09-20T20:05:00Z,Sun 4:05 PM ET,Denver Broncos,Jacksonville Jaguars,5a4f3bf,2026_02_JAX_DEN,-3.0,graded,loss,-1.0,0.8849557522123894,0.0,0.2510152273992059,0.25518636867568867,0.6951776381444736,0.7035202870841543,False,16.7688354553,16.7688354553,11.5
1fd6628c781f556a7a19638e97d7107f,Jacksonville Jaguars @ Denver Broncos,Bhayshul Tuten,draftkings,DraftKings,rush_attempts,Rushing attempts,over,12.5,-104,9.6931328394,0.4915254237,0.0,0.5098039216,0.4803247453,0.4803247453,12.5,3,-182.7849783981,-3.5853976532,Calibration fitted; not prospectively validated,2026-09-20T13:52:59Z,2026-09-20T20:05:00Z,Sun 4:05 PM ET,Denver Broncos,Jacksonville Jaguars,5a4f3bf,2026_02_JAX_DEN,13.0,graded,win,0.9615384615384616,0.9615384615384616,1.0,0.2585463947434646,0.27006237034750985,0.7102416139778661,0.7332928511304783,False,-3.3068671605999995,3.3068671605999995,0.5
1fd6628c781f556a7a19638e97d7107f,Jacksonville Jaguars @ Denver Broncos,Bhayshul Tuten,fanduel,FanDuel,rush_yds,Rushing yards,over,48.5,-113,40.1157110356,0.5,0.0,0.5305164319,0.5,0.5030135005,48.5,3,-305.1643192488,-5.7522123894,Calibration fitted; not prospectively validated,2026-09-20T13:52:58Z,2026-09-20T20:05:00Z,Sun 4:05 PM ET,Denver Broncos,Jacksonville Jaguars,5a4f3bf,2026_02_JAX_DEN,65.0,graded,win,0.8849557522123894,0.8849557522123894,1.0,0.25,0.24699558068526345,0.6931471805599453,0.6871382692823444,True,-24.8842889644,24.8842889644,16.5
1fd6628c781f556a7a19638e97d7107f,Jacksonville Jaguars @ Denver Broncos,Bo Nix,betonlineag,BetOnline.ag,pass_attempts,Passing attempts,over,34.5,100,29.2053451471,0.3636363636,0.0,0.5,0.4693877551,0.4846489135,34.5,4,-1363.6363636364,-27.2727272727,Calibration fitted; not prospectively validated,2026-09-20T13:52:52Z,2026-09-20T20:05:00Z,Sun 4:05 PM ET,Denver Broncos,Jacksonville Jaguars,5a4f3bf,2026_02_JAX_DEN,31.0,graded,loss,-1.0,1.0,0.0,0.1322314049322314,0.2348845693567305,0.4519851236859143,0.6629068892256289,True,-1.794654852899999,1.794654852899999,3.5
1fd6628c781f556a7a19638e97d7107f,Jacksonville Jaguars @ Denver Broncos,Bo Nix,betrivers,BetRivers,pass_completions,Passing completions,over,21.5,-121,17.7318166965,0.4583333333,0.0,0.5475113122,,0.5220817448,21.5,4,-891.7797888386,-16.2878787879,Calibration fitted; not prospectively validated,2026-09-20T13:53:18Z,2026-09-20T20:05:00Z,Sun 4:05 PM ET,Denver Broncos,Jacksonville Jaguars,5a4f3bf,2026_02_JAX_DEN,22.0,graded,win,0.8264462809917356,0.8264462809917356,1.0,0.29340277781388896,0.2284058586534123,0.7801585576223024,0.6499311041261618,False,-4.268183303499999,4.268183303499999,0.5
1fd6628c781f556a7a19638e97d7107f,Jacksonville Jaguars @ Denver Broncos,Bo Nix,betmgm,BetMGM,pass_tds,Passing touchdowns,over,1.5,115,1.06,0.4821981424,0.0,0.4651162791,0.4334891628,0.4458598726,1.5,7,170.8186334509,3.6726006192,Calibration fitted; not prospectively validated,2026-09-20T13:52:25Z,2026-09-20T20:05:00Z,Sun 4:05 PM ET,Denver Broncos,Jacksonville Jaguars,5a4f3bf,2026_02_JAX_DEN,1.0,graded,loss,-1.0,1.15,0.0,0.23251504853401064,0.1987910259948882,0.658162624185619,0.5903376866730348,True,0.06000000000000005,0.06000000000000005,0.5
1fd6628c781f556a7a19638e97d7107f,Jacksonville Jaguars @ Denver Broncos,Bo Nix,draftkings,DraftKings,pass_yds,Passing yards,over,221.5,-112,188.0764223869,0.5,0.0,0.5283018868,0.5,0.5,221.5,3,-283.0188679245,-5.3571428571,Calibration fitted; not prospectively validated,2026-09-20T13:52:59Z,2026-09-20T20:05:00Z,Sun 4:05 PM ET,Denver Broncos,Jacksonville Jaguars,5a4f3bf,2026_02_JAX_DEN,288.0,graded,win,0.8928571428571429,0.8928571428571429,1.0,0.25,0.25,0.6931471805599453,0.6931471805599453,True,-99.92357761310001,99.92357761310001,66.5
1fd6628c781f556a7a19638e97d7107f,Jacksonville Jaguars @ Denver Broncos,Bo Nix,betonlineag,BetOnline.ag,rush_attempts,Rushing attempts,over,4.5,-115,6.8281285853,0.506993007,0.0,0.5348837209,0.5030953364,0.5155809322,4.5,2,-278.9071393723,-5.2143508665,Calibration fitted; not prospectively validated,2026-09-20T13:52:52Z,2026-09-20T20:05:00Z,Sun 4:05 PM ET,Denver Broncos,Jacksonville Jaguars,5a4f3bf,2026_02_JAX_DEN,5.0,graded,win,0.8695652173913043,0.8695652173913043,1.0,0.243055895146902,0.23466183324822099,0.679258068385485,0.6624609903697602,True,1.8281285853,1.8281285853,0.5
1fd6628c781f556a7a19638e97d7107f,Jacksonville Jaguars @ Denver Broncos,Bo Nix,betrivers,BetRivers,rush_yds,Rushing yards,over,18.5,-114,24.9856278752,0.5,0.0,0.5327102804,0.4969864995,0.5052301255,18.0,3,-327.1028037383,-6.1403508772,Calibration fitted; not prospectively validated,2026-09-20T13:53:18Z,2026-09-20T20:05:00Z,Sun 4:05 PM ET,Denver Broncos,Jacksonville Jaguars,5a4f3bf,2026_02_JAX_DEN,6.0,graded,loss,-1.0,0.8771929824561403,0.0,0.25,0.25525747971274576,0.6931471805599453,0.7036625245129567,False,18.9856278752,18.9856278752,12.5
1fd6628c781f556a7a19638e97d7107f,Jacksonville Jaguars @ Denver Broncos,Brenton Strange,betmgm,BetMGM,receptions,Receptions,over,3.5,110,2.1216653968,0.4524271845,0.0,0.4761904762,0.4424778761,0.4604231975,3.5,5,-237.6329172446,-4.9902912621,Calibration fitted; not prospectively validated,2026-09-20T13:52:25Z,2026-09-20T20:05:00Z,Sun 4:05 PM ET,Denver Broncos,Jacksonville Jaguars,5a4f3bf,2026_02_JAX_DEN,2.0,graded,loss,-1.0,1.1,0.0,0.20469035727459706,0.211989520796124,0.6022598297876794,0.6169701457505499,True,0.1216653968000001,0.1216653968000001,1.5
1fd6628c781f556a7a19638e97d7107f,Jacksonville Jaguars @ Denver Broncos,Brenton Strange,betrivers,BetRivers,recv_yds,Receiving yards,over,31.5,-113,22.6638277706,0.4985632184,0.0,0.5305164319,0.4949766919,0.5,31.5,3,-319.5321353408,-6.0230393653,Calibration fitted; not prospectively validated,2026-09-20T13:53:18Z,2026-09-20T20:05:00Z,Sun 4:05 PM ET,Denver Broncos,Jacksonville Jaguars,5a4f3bf,2026_02_JAX_DEN,17.0,graded,loss,-1.0,0.8849557522123894,0.0,0.2485652827413661,0.25,0.6902777381503304,0.6931471805599453,True,5.663827770600001,5.663827770600001,14.5
1fd6628c781f556a7a19638e97d7107f,Jacksonville Jaguars @ Denver Broncos,Brian Thomas,draftkings,DraftKings,receptions,Receptions,over,2.5,-121,4.3557062997,0.5475728155,0.0,0.5475113122,0.5155112508,0.5203045685,2.5,5,0.6150331679,0.0112332504,Calibration fitted; not prospectively validated,2026-09-20T13:52:59Z,2026-09-20T20:05:00Z,Sun 4:05 PM ET,Denver Broncos,Jacksonville Jaguars,5a4f3bf,2026_02_JAX_DEN,3.0,graded,win,0.8264462809917356,0.8264462809917356,1.0,0.204690357274597,0.23010770700197122,0.6022598297876792,0.6533409302131843,True,1.3557062996999996,1.3557062996999996,0.5
1fd6628c781f556a7a19638e97d7107f,Jacksonville Jaguars @ Denver Broncos,Brian Thomas,fanduel,FanDuel,recv_yds,Receiving yards,over,34.5,-113,58.1503802362,0.5014367816,0.0,0.5305164319,0.5,0.5025798729,34.5,2,-290.7965031569,-5.4813854135,Calibration fitted; not prospectively validated,2026-09-20T13:52:58Z,2026-09-20T20:05:00Z,Sun 4:05 PM ET,Denver Broncos,Jacksonville Jaguars,5a4f3bf,2026_02_JAX_DEN,40.0,graded,win,0.8849557522123894,0.8849557522123894,1.0,0.24856528274136605,0.2474267828441802,0.6902777381503304,0.688000700635509,True,18.1503802362,18.1503802362,5.5
1fd6628c781f556a7a19638e97d7107f,Jacksonville Jaguars @ Denver Broncos,Chris Rodriguez,betmgm,BetMGM,rush_yds,Rushing yards,over,24.5,-111,32.5754121906,0.5,0.0,0.5260663507,0.4928711097,0.5,24.5,3,-260.663507109,-4.954954955,Calibration fitted; not prospectively validated,2026-09-20T13:52:25Z,2026-09-20T20:05:00Z,Sun 4:05 PM ET,Denver Broncos,Jacksonville Jaguars,5a4f3bf,2026_02_JAX_DEN,13.0,graded,loss,-1.0,0.9009009009009009,0.0,0.25,0.25,0.6931471805599453,0.6931471805599453,False,19.575412190599998,19.575412190599998,11.5
1fd6628c781f556a7a19638e97d7107f,Jacksonville Jaguars @ Denver Broncos,Courtland Sutton,betonlineag,BetOnline.ag,receptions,Receptions,over,3.5,-102,2.9310395409,0.4524271845,0.0,0.504950495,0.4743894444,0.4898785425,3.5,5,-525.2331058349,-10.4016752332,Calibration fitted; not prospectively validated,2026-09-20T13:52:52Z,2026-09-20T20:05:00Z,Sun 4:05 PM ET,Denver Broncos,Jacksonville Jaguars,5a4f3bf,2026_02_JAX_DEN,3.0,graded,loss,-1.0,0.9803921568627451,0.0,0.20469035727459706,0.2399809864019243,0.6022598297876794,0.673106429656658,True,-0.06896045909999993,0.06896045909999993,0.5
1fd6628c781f556a7a19638e97d7107f,Jacksonville Jaguars @ Denver Broncos,Courtland Sutton,fanduel,FanDuel,recv_yds,Receiving yards,over,39.5,-113,35.2980858376,0.5,0.0,0.5305164319,0.5,0.5,40.0,3,-305.1643192488,-5.7522123894,Calibration fitted; not prospectively validated,2026-09-20T13:52:58Z,2026-09-20T20:05:00Z,Sun 4:05 PM ET,Denver Broncos,Jacksonville Jaguars,5a4f3bf,2026_02_JAX_DEN,25.0,graded,loss,-1.0,0.8849557522123894,0.0,0.25,0.25,0.6931471805599453,0.6931471805599453,False,10.298085837599999,10.298085837599999,14.5
1fd6628c781f556a7a19638e97d7107f,Jacksonville Jaguars @ Denver Broncos,Evan Engram,betrivers,BetRivers,receptions,Receptions,over,2.5,-157,4.056968426,0.5475728155,0.0,0.6108949416,,0.5776531233,3.0,2,-633.2212610026,-10.3654690495,Calibration fitted; not prospectively validated,2026-09-20T13:53:18Z,2026-09-20T20:05:00Z,Sun 4:05 PM ET,Denver Broncos,Jacksonville Jaguars,5a4f3bf,2026_02_JAX_DEN,1.0,graded,loss,-1.0,0.6369426751592356,0.0,0.29983598827459707,0.33368313085824497,0.7931284470229284,0.8619283198874724,False,3.056968426,3.056968426,1.5
1fd6628c781f556a7a19638e97d7107f,Jacksonville Jaguars @ Denver Broncos,Evan Engram,betonlineag,BetOnline.ag,recv_yds,Receiving yards,over,25.5,-112,40.2831248936,0.5014367816,0.0,0.5283018868,0.4969046636,0.4984523318,25.5,2,-268.6510518326,-5.085180624,Calibration fitted; not prospectively validated,2026-09-20T13:52:52Z,2026-09-20T20:05:00Z,Sun 4:05 PM ET,Denver Broncos,Jacksonville Jaguars,5a4f3bf,2026_02_JAX_DEN,17.0,graded,loss,-1.0,0.8928571428571429,0.0,0.2514388459413662,0.24845472707685728,0.6960248803691167,0.6900566248509692,False,23.283124893599997,23.283124893599997,8.5
1fd6628c781f556a7a19638e97d7107f,Jacksonville Jaguars @ Denver Broncos,J.K. Dobbins,draftkings,DraftKings,rush_attempts,Rushing attempts,over,13.5,-114,12.1308313054,0.4915254237,0.0,0.5327102804,0.5031375502,0.5108223223,13.5,2,-411.8485664502,-7.7311923877,Calibration fitted; not prospectively validated,2026-09-20T13:52:59Z,2026-09-20T20:05:00Z,Sun 4:05 PM ET,Denver Broncos,Jacksonville Jaguars,5a4f3bf,2026_02_JAX_DEN,10.0,graded,loss,-1.0,0.8771929824561403,0.0,0.24159724214346454,0.2609394449599651,0.6763400621868974,0.7150295064228016,True,2.130831305399999,2.130831305399999,3.5
1fd6628c781f556a7a19638e97d7107f,Jacksonville Jaguars @ Denver Broncos,J.K. Dobbins,bovada,Bovada,rush_yds,Rushing yards,over,58.5,-110,58.9085065487,0.5,0.0,0.5238095238,0.4898785425,0.4947698745,59.0,3,-238.0952380952,-4.5454545455,Calibration fitted; not prospectively validated,2026-09-20T13:53:02Z,2026-09-20T20:05:00Z,Sun 4:05 PM ET,Denver Broncos,Jacksonville Jaguars,5a4f3bf,2026_02_JAX_DEN,36.0,graded,loss,-1.0,0.9090909090909091,0.0,0.25,0.24479722871274573,0.6931471805599453,0.6827412594443772,False,22.908506548699997,22.908506548699997,22.5
1fd6628c781f556a7a19638e97d7107f,Jacksonville Jaguars @ Denver Broncos,Jakobi Meyers,betmgm,BetMGM,receptions,Receptions,over,3.5,-115,4.8134688093,0.5475728155,0.0,0.5348837209,0.5,0.5208602779,3.5,5,126.8909460375,2.3723089911,Calibration fitted; not prospectively validated,2026-09-20T13:52:25Z,2026-09-20T20:05:00Z,Sun 4:05 PM ET,Denver Broncos,Jacksonville Jaguars,5a4f3bf,2026_02_JAX_DEN,1.0,graded,loss,-1.0,0.8695652173913043,0.0,0.29983598827459707,0.27129542909406523,0.7931284470229284,0.7357630286989577,False,3.8134688092999998,3.8134688092999998,2.5
1fd6628c781f556a7a19638e97d7107f,Jacksonville Jaguars @ Denver Broncos,Jakobi Meyers,draftkings,DraftKings,recv_yds,Receiving yards,over,37.5,-109,63.9449901818,0.5014367816,0.0,0.5215311005,0.4936802191,0.4949766919,37.5,5,-200.9431886927,-3.8529473795,Calibration fitted; not prospectively validated,2026-09-20T13:52:59Z,2026-09-20T20:05:00Z,Sun 4:05 PM ET,Denver Broncos,Jacksonville Jaguars,5a4f3bf,2026_02_JAX_DEN,28.0,graded,loss,-1.0,0.9174311926605505,0.0,0.2514388459413662,0.2450019255242675,0.6960248803691167,0.6831506961184052,False,35.9449901818,35.9449901818,9.5
1fd6628c781f556a7a19638e97d7107f,Jacksonville Jaguars @ Denver Broncos,Jaylen Waddle,betrivers,BetRivers,receptions,Receptions,over,4.5,114,2.5888199773,0.4210526316,0.0,0.4672897196,,0.4648542048,4.5,5,-462.3708804722,-9.8947368421,Calibration fitted; not prospectively validated,2026-09-20T13:53:18Z,2026-09-20T20:05:00Z,Sun 4:05 PM ET,Denver Broncos,Jacksonville Jaguars,5a4f3bf,2026_02_JAX_DEN,8.0,graded,win,1.14,1.14,1.0,0.33518005537728524,0.2863810221202404,0.8649974374366045,0.7660314606226325,False,-5.4111800227,5.4111800227,3.5
1fd6628c781f556a7a19638e97d7107f,Jacksonville Jaguars @ Denver Broncos,Jaylen Waddle,draftkings,DraftKings,recv_yds,Receiving yards,over,53.5,-113,30.3968248138,0.4836956522,0.0,0.5305164319,0.5021058838,0.5010529419,53.5,2,-468.2077975097,-8.8255098115,Calibration fitted; not prospectively validated,2026-09-20T13:52:59Z,2026-09-20T20:05:00Z,Sun 4:05 PM ET,Denver Broncos,Jacksonville Jaguars,5a4f3bf,2026_02_JAX_DEN,138.0,graded,win,0.8849557522123894,0.8849557522123894,1.0,0.2665701795571834,0.24894816678664472,0.7262993878229133,0.691043511025123,False,-107.6031751862,107.6031751862,84.5
1fd6628c781f556a7a19638e97d7107f,Jacksonville Jaguars @ Denver Broncos,Parker Washington,betrivers,BetRivers,receptions,Receptions,over,4.5,-112,3.7457113981,0.4524271845,0.0,0.5283018868,,0.5226570546,4.5,5,-758.7470232643,-14.3619972261,Calibration fitted; not prospectively validated,2026-09-20T13:53:18Z,2026-09-20T20:05:00Z,Sun 4:05 PM ET,Denver Broncos,Jacksonville Jaguars,5a4f3bf,2026_02_JAX_DEN,7.0,graded,win,0.8928571428571429,0.8928571428571429,1.0,0.29983598827459695,0.22785628752314738,0.7931284470229283,0.6488297573426731,False,-3.2542886019,3.2542886019,2.5
1fd6628c781f556a7a19638e97d7107f,Jacksonville Jaguars @ Denver Broncos,Parker Washington,draftkings,DraftKings,recv_yds,Receiving yards,over,59.5,-112,48.8852070506,0.5,0.0,0.5283018868,0.5,0.5,59.5,5,-283.0188679245,-5.3571428571,Calibration fitted; not prospectively validated,2026-09-20T13:52:59Z,2026-09-20T20:05:00Z,Sun 4:05 PM ET,Denver Broncos,Jacksonville Jaguars,5a4f3bf,2026_02_JAX_DEN,98.0,graded,win,0.8928571428571429,0.8928571428571429,1.0,0.25,0.25,0.6931471805599453,0.6931471805599453,True,-49.1147929494,49.1147929494,38.5
1fd6628c781f556a7a19638e97d7107f,Jacksonville Jaguars @ Denver Broncos,Pat Bryant,betrivers,BetRivers,receptions,Receptions,over,3.5,125,2.9040620634,0.4524271845,0.0,0.4444444444,,0.4334891628,3.5,5,79.8274002158,1.7961165049,Calibration fitted; not prospectively validated,2026-09-20T13:53:18Z,2026-09-20T20:05:00Z,Sun 4:05 PM ET,Denver Broncos,Jacksonville Jaguars,5a4f3bf,2026_02_JAX_DEN,0.0,graded,loss,-1.0,1.25,0.0,0.20469035727459706,0.1879128542650449,0.6022598297876794,0.5682590685999666,True,2.9040620634,2.9040620634,3.5
1fd6628c781f556a7a19638e97d7107f,Jacksonville Jaguars @ Denver Broncos,Pat Bryant,betmgm,BetMGM,recv_yds,Receiving yards,over,31.5,-111,36.6166974605,0.5,0.0,0.5260663507,0.4909529554,0.4978941162,31.5,3,-260.663507109,-4.954954955,Calibration fitted; not prospectively validated,2026-09-20T13:52:25Z,2026-09-20T20:05:00Z,Sun 4:05 PM ET,Denver Broncos,Jacksonville Jaguars,5a4f3bf,2026_02_JAX_DEN,0.0,graded,loss,-1.0,0.9009009009009009,0.0,0.25,0.24789855094657912,0.6931471805599453,0.6889442576273447,False,36.6166974605,36.6166974605,31.5
1fd6628c781f556a7a19638e97d7107f,Jacksonville Jaguars @ Denver Broncos,Trevor Lawrence,draftkings,DraftKings,pass_attempts,Passing attempts,over,31.5,-126,28.4612817177,0.4375,0.0,0.5575221239,0.5259594617,0.5306122449,31.5,4,-1200.2212389381,-21.5277777778,Calibration fitted; not prospectively validated,2026-09-20T13:52:59Z,2026-09-20T20:05:00Z,Sun 4:05 PM ET,Denver Broncos,Jacksonville Jaguars,5a4f3bf,2026_02_JAX_DEN,29.0,graded,loss,-1.0,0.7936507936507936,0.0,0.19140625,0.2815493544378176,0.5753641449035618,0.7563260821858248,True,-0.5387182822999996,0.5387182822999996,2.5
1fd6628c781f556a7a19638e97d7107f,Jacksonville Jaguars @ Denver Broncos,Trevor Lawrence,betrivers,BetRivers,pass_completions,Passing completions,over,19.5,-107,21.3459612883,0.5,0.0,0.5169082126,,0.5103976044,19.5,5,-169.0821256039,-3.2710280374,Calibration fitted; not prospectively validated,2026-09-20T13:53:18Z,2026-09-20T20:05:00Z,Sun 4:05 PM ET,Denver Broncos,Jacksonville Jaguars,5a4f3bf,2026_02_JAX_DEN,17.0,graded,loss,-1.0,0.9345794392523364,0.0,0.25,0.26050571457725896,0.6931471805599453,0.7141616548221351,False,4.3459612883,4.3459612883,2.5
1fd6628c781f556a7a19638e97d7107f,Jacksonville Jaguars @ Denver Broncos,Trevor Lawrence,betmgm,BetMGM,pass_tds,Passing touchdowns,over,1.5,135,3.76,0.5384615385,0.0,0.4255319149,0.3959708232,0.437361068,1.5,6,1129.2962356792,26.5384615385,Calibration fitted; not prospectively validated,2026-09-20T13:52:25Z,2026-09-20T20:05:00Z,Sun 4:05 PM ET,Denver Broncos,Jacksonville Jaguars,5a4f3bf,2026_02_JAX_DEN,0.0,graded,loss,-1.0,1.35,0.0,0.289940828443787,0.19128470380210064,0.7731898883168151,0.5751171851784029,False,3.76,3.76,1.5
1fd6628c781f556a7a19638e97d7107f,Jacksonville Jaguars @ Denver Broncos,Trevor Lawrence,draftkings,DraftKings,pass_yds,Passing yards,over,223.5,-113,233.9153656249,0.5,0.0,0.5305164319,0.5021058838,0.5,223.5,3,-305.1643192488,-5.7522123894,Calibration fitted; not prospectively validated,2026-09-20T13:52:59Z,2026-09-20T20:05:00Z,Sun 4:05 PM ET,Denver Broncos,Jacksonville Jaguars,5a4f3bf,2026_02_JAX_DEN,189.0,graded,loss,-1.0,0.8849557522123894,0.0,0.25,0.25,0.6931471805599453,0.6931471805599453,False,44.915365624900005,44.915365624900005,34.5
1fd6628c781f556a7a19638e97d7107f,Jacksonville Jaguars @ Denver Broncos,Trevor Lawrence,draftkings,DraftKings,rush_attempts,Rushing attempts,over,3.5,-154,5.2241058238,0.506993007,0.0,0.6062992126,0.572635192,0.572635192,3.5,1,-993.0620560542,-16.37907547,Calibration fitted; not prospectively validated,2026-09-20T13:52:59Z,2026-09-20T20:05:00Z,Sun 4:05 PM ET,Denver Broncos,Jacksonville Jaguars,5a4f3bf,2026_02_JAX_DEN,2.0,graded,loss,-1.0,0.6493506493506493,0.0,0.2570419091469021,0.3279110631168769,0.7072319204558688,0.8501172792157828,False,3.2241058238000004,3.2241058238000004,1.5
1fd6628c781f556a7a19638e97d7107f,Jacksonville Jaguars @ Denver Broncos,Trevor Lawrence,draftkings,DraftKings,rush_yds,Rushing yards,over,16.5,-107,20.3828228098,0.5,0.0,0.5169082126,0.4894599266,0.4949392713,16.5,4,-169.0821256039,-3.2710280374,Calibration fitted; not prospectively validated,2026-09-20T13:52:59Z,2026-09-20T20:05:00Z,Sun 4:05 PM ET,Denver Broncos,Jacksonville Jaguars,5a4f3bf,2026_02_JAX_DEN,6.0,graded,loss,-1.0,0.9345794392523364,0.0,0.25,0.24496488227497498,0.6931471805599453,0.6830766020853272,False,14.3828228098,14.3828228098,10.5
2143ade9684fd876b68a4e8cbf451f05,New Orleans Saints @ Baltimore Ravens,Alvin Kamara,bovada,Bovada,receptions,Receptions,over,2.5,150,3.1151952715,0.5475728155,0.0,0.4,0.375,0.3783565712,2.5,4,1475.7281553398,36.8932038835,Calibration fitted; not prospectively validated,2026-09-20T13:51:43Z,2026-09-20T17:00:00Z,Sun 1:00 PM ET,Baltimore Ravens,New Orleans Saints,5a4f3bf,2026_02_NO_BAL,5.0,graded,win,1.5,1.5,1.0,0.204690357274597,0.3864405525702207,0.6022598297876792,0.9719182179469686,True,-1.8848047284999998,1.8848047284999998,2.5
2143ade9684fd876b68a4e8cbf451f05,New Orleans Saints @ Baltimore Ravens,Alvin Kamara,betrivers,BetRivers,recv_yds,Receiving yards,over,11.5,-113,22.6079766994,0.5014367816,0.0,0.5305164319,0.4959548562,0.5031598905,11.5,4,-290.7965031569,-5.4813854135,Calibration fitted; not prospectively validated,2026-09-20T13:52:34Z,2026-09-20T17:00:00Z,Sun 1:00 PM ET,Baltimore Ravens,New Orleans Saints,5a4f3bf,2026_02_NO_BAL,7.0,graded,loss,-1.0,0.8849557522123894,0.0,0.2514388459413662,0.253169875407972,0.6960248803691167,0.6994870159132853,False,15.607976699400002,15.607976699400002,4.5
2143ade9684fd876b68a4e8cbf451f05,New Orleans Saints @ Baltimore Ravens,Alvin Kamara,betonlineag,BetOnline.ag,rush_yds,Rushing yards,over,15.5,-108,44.8882204127,0.5647668394,0.0,0.5192307692,0.4876847291,0.5,15.5,5,455.3607014747,8.7699098062,Calibration fitted; not prospectively validated,2026-09-20T13:52:16Z,2026-09-20T17:00:00Z,Sun 1:00 PM ET,Baltimore Ravens,New Orleans Saints,5a4f3bf,2026_02_NO_BAL,15.0,graded,loss,-1.0,0.9259259259259259,0.0,0.31896158288586546,0.25,0.831873390111572,0.6931471805599453,False,29.8882204127,29.8882204127,0.5
2143ade9684fd876b68a4e8cbf451f05,New Orleans Saints @ Baltimore Ravens,Bryce Lance,fanduel,FanDuel,receptions,Receptions,over,1.5,-132,2.8446101126,0.5475728155,0.0,0.5689655172,0.5322580645,0.550044446,1.5,4,-213.927017074,-3.759929391,Calibration fitted; not prospectively validated,2026-09-20T13:53:08Z,2026-09-20T17:00:00Z,Sun 1:00 PM ET,Baltimore Ravens,New Orleans Saints,5a4f3bf,2026_02_NO_BAL,1.0,graded,loss,-1.0,0.7575757575757576,0.0,0.29983598827459707,0.3025488925754469,0.7931284470229284,0.7986064699846285,False,1.8446101125999999,1.8446101125999999,0.5
2143ade9684fd876b68a4e8cbf451f05,New Orleans Saints @ Baltimore Ravens,Bryce Lance,draftkings,DraftKings,recv_yds,Receiving yards,over,20.5,-110,35.6349296496,0.5014367816,0.0,0.5238095238,0.4957877001,0.5,20.5,5,-223.7274220033,-4.2711598746,Calibration fitted; not prospectively validated,2026-09-20T13:53:25Z,2026-09-20T17:00:00Z,Sun 1:00 PM ET,Baltimore Ravens,New Orleans Saints,5a4f3bf,2026_02_NO_BAL,8.0,graded,loss,-1.0,0.9090909090909091,0.0,0.2514388459413662,0.25,0.6960248803691167,0.6931471805599453,False,27.634929649599997,27.634929649599997,12.5
2143ade9684fd876b68a4e8cbf451f05,New Orleans Saints @ Baltimore Ravens,Chris Olave,draftkings,DraftKings,receptions,Receptions,over,5.5,-108,5.562786474,0.5408805031,0.0,0.5192307692,0.4896023956,0.5101214575,5.5,5,216.4973391388,4.1695783834,Calibration fitted; not prospectively validated,2026-09-20T13:53:25Z,2026-09-20T17:00:00Z,Sun 1:00 PM ET,Baltimore Ravens,New Orleans Saints,5a4f3bf,2026_02_NO_BAL,8.0,graded,win,0.9259259259259259,0.9259259259259259,1.0,0.2107907124337091,0.23998098640192428,0.6145569060492819,0.6731064296566579,True,-2.437213526,2.437213526,2.5
2143ade9684fd876b68a4e8cbf451f05,New Orleans Saints @ Baltimore Ravens,Chris Olave,betmgm,BetMGM,recv_yds,Receiving yards,over,68.5,-115,73.3900484541,0.5,0.0,0.5348837209,0.5,0.5005089577,68.5,2,-348.8372093023,-6.5217391304,Calibration fitted; not prospectively validated,2026-09-20T13:53:23Z,2026-09-20T17:00:00Z,Sun 1:00 PM ET,Baltimore Ravens,New Orleans Saints,5a4f3bf,2026_02_NO_BAL,86.0,graded,win,0.8695652173913043,0.8695652173913043,1.0,0.25,0.24949130133794034,0.6931471805599453,0.6921297828845225,True,-12.609951545900003,12.609951545900003,17.5
2143ade9684fd876b68a4e8cbf451f05,New Orleans Saints @ Baltimore Ravens,Derrick Henry,fanduel,FanDuel,receptions,Receptions,over,1.5,182,1.4947397928,0.5,0.0,0.3546099291,0.3317535545,0.3470031546,1.5,5,1453.9007092199,41.0,Calibration fitted; not prospectively validated,2026-09-20T13:53:08Z,2026-09-20T17:00:00Z,Sun 1:00 PM ET,Baltimore Ravens,New Orleans Saints,5a4f3bf,2026_02_NO_BAL,3.0,graded,win,1.82,1.82,1.0,0.25,0.42640488010235156,0.6931471805599453,1.058421408010319,True,-1.5052602072,1.5052602072,1.5
2143ade9684fd876b68a4e8cbf451f05,New Orleans Saints @ Baltimore Ravens,Derrick Henry,betonlineag,BetOnline.ag,recv_yds,Receiving yards,over,5.5,-116,17.0995040602,0.5014367816,0.0,0.537037037,0.5051597457,0.5101214575,6.0,3,-356.0025542784,-6.6290130797,Calibration fitted; not prospectively validated,2026-09-20T13:52:16Z,2026-09-20T17:00:00Z,Sun 1:00 PM ET,Baltimore Ravens,New Orleans Saints,5a4f3bf,2026_02_NO_BAL,19.0,graded,win,0.8620689655172413,0.8620689655172413,1.0,0.24856528274136605,0.23998098640192428,0.6902777381503304,0.6731064296566579,True,-1.900495939799999,1.900495939799999,13.5
2143ade9684fd876b68a4e8cbf451f05,New Orleans Saints @ Baltimore Ravens,Derrick Henry,draftkings,DraftKings,rush_attempts,Rushing attempts,over,20.5,-102,17.402895479,0.4915254237,0.0,0.504950495,0.4761410788,0.4779182552,20.5,2,-134.2507132069,-2.6586905949,Calibration fitted; not prospectively validated,2026-09-20T13:53:25Z,2026-09-20T17:00:00Z,Sun 1:00 PM ET,Baltimore Ravens,New Orleans Saints,5a4f3bf,2026_02_NO_BAL,16.0,graded,loss,-1.0,0.9803921568627451,0.0,0.24159724214346454,0.2284058586534123,0.6763400621868974,0.6499311041261618,True,1.4028954790000014,1.4028954790000014,4.5
2143ade9684fd876b68a4e8cbf451f05,New Orleans Saints @ Baltimore Ravens,Derrick Henry,fanduel,FanDuel,rush_yds,Rushing yards,over,94.5,-113,88.7009916676,0.5,0.0,0.5305164319,0.5,0.5015067502,94.5,4,-305.1643192488,-5.7522123894,Calibration fitted; not prospectively validated,2026-09-20T13:53:08Z,2026-09-20T17:00:00Z,Sun 1:00 PM ET,Baltimore Ravens,New Orleans Saints,5a4f3bf,2026_02_NO_BAL,68.0,graded,loss,-1.0,0.8849557522123894,0.0,0.25,0.2515090204961652,0.6931471805599453,0.6961652306949938,False,20.700991667599993,20.700991667599993,26.5
2143ade9684fd876b68a4e8cbf451f05,New Orleans Saints @ Baltimore Ravens,Devaughn Vele,betrivers,BetRivers,receptions,Receptions,over,3.5,-134,3.6534269485,0.5408805031,0.0,0.5726495726,,0.5501129385,3.5,5,-317.6906950492,-5.5477330329,Calibration fitted; not prospectively validated,2026-09-20T13:52:34Z,2026-09-20T17:00:00Z,Sun 1:00 PM ET,Baltimore Ravens,New Orleans Saints,5a4f3bf,2026_02_NO_BAL,5.0,graded,win,0.746268656716418,0.746268656716418,1.0,0.2107907124337091,0.2023983681051048,0.6145569060492819,0.5976316791082799,True,-1.3465730515,1.3465730515,1.5
2143ade9684fd876b68a4e8cbf451f05,New Orleans Saints @ Baltimore Ravens,Devaughn Vele,fanduel,FanDuel,recv_yds,Receiving yards,over,41.5,-113,41.9779058708,0.5,0.0,0.5305164319,0.5,0.5092535472,41.5,2,-305.1643192488,-5.7522123894,Calibration fitted; not prospectively validated,2026-09-20T13:53:08Z,2026-09-20T17:00:00Z,Sun 1:00 PM ET,Baltimore Ravens,New Orleans Saints,5a4f3bf,2026_02_NO_BAL,64.0,graded,win,0.8849557522123894,0.8849557522123894,1.0,0.25,0.2408320809357826,0.6931471805599453,0.6748092583619257,True,-22.0220941292,22.0220941292,22.5
2143ade9684fd876b68a4e8cbf451f05,New Orleans Saints @ Baltimore Ravens,Justice Hill,fanduel,FanDuel,recv_yds,Receiving yards,over,13.5,-113,15.2323352631,0.5,0.0,0.5305164319,0.5,0.5015476682,13.5,4,-305.1643192488,-5.7522123894,Calibration fitted; not prospectively validated,2026-09-20T13:53:08Z,2026-09-20T17:00:00Z,Sun 1:00 PM ET,Baltimore Ravens,New Orleans Saints,5a4f3bf,2026_02_NO_BAL,12.0,graded,loss,-1.0,0.8849557522123894,0.0,0.25,0.25155006347685727,0.6931471805599453,0.6962473174222498,False,3.2323352630999995,3.2323352630999995,1.5
2143ade9684fd876b68a4e8cbf451f05,New Orleans Saints @ Baltimore Ravens,Justice Hill,fanduel,FanDuel,rush_yds,Rushing yards,over,13.5,-113,21.4488100691,0.5,0.0,0.5305164319,0.5,0.5030135005,13.0,3,-305.1643192488,-5.7522123894,Calibration fitted; not prospectively validated,2026-09-20T13:53:08Z,2026-09-20T17:00:00Z,Sun 1:00 PM ET,Baltimore Ravens,New Orleans Saints,5a4f3bf,2026_02_NO_BAL,6.0,graded,loss,-1.0,0.8849557522123894,0.0,0.25,0.25302258168526354,0.6931471805599453,0.6991924172383596,False,15.448810069099999,15.448810069099999,7.5
2143ade9684fd876b68a4e8cbf451f05,New Orleans Saints @ Baltimore Ravens,Juwan Johnson,betonlineag,BetOnline.ag,receptions,Receptions,over,3.5,-127,2.1445816584,0.4210526316,0.0,0.5594713656,0.5256105556,0.5306122449,3.5,5,-1384.1873405982,-24.7409863241,Calibration fitted; not prospectively validated,2026-09-20T13:52:16Z,2026-09-20T17:00:00Z,Sun 1:00 PM ET,Baltimore Ravens,New Orleans Saints,5a4f3bf,2026_02_NO_BAL,4.0,graded,win,0.7874015748031497,0.7874015748031497,1.0,0.33518005537728524,0.22032486463781756,0.8649974374366045,0.6337237600852984,False,-1.8554183416,1.8554183416,0.5
2143ade9684fd876b68a4e8cbf451f05,New Orleans Saints @ Baltimore Ravens,Juwan Johnson,betrivers,BetRivers,recv_yds,Receiving yards,over,37.5,-114,25.7923539935,0.4985632184,0.0,0.5327102804,0.4989820847,0.4994910423,37.5,2,-341.4706198303,-6.4100625126,Calibration fitted; not prospectively validated,2026-09-20T13:52:34Z,2026-09-20T17:00:00Z,Sun 1:00 PM ET,Baltimore Ravens,New Orleans Saints,5a4f3bf,2026_02_NO_BAL,66.0,graded,win,0.8771929824561403,0.8771929824561403,1.0,0.2514388459413662,0.2505092167379403,0.6960248803691166,0.6941656143876663,False,-40.2076460065,40.2076460065,28.5
2143ade9684fd876b68a4e8cbf451f05,New Orleans Saints @ Baltimore Ravens,LaJohntay Wester,betmgm,BetMGM,receptions,Receptions,over,2.5,145,2.6573830343,0.5408805031,0.0,0.4081632653,0.3797468354,0.3977419559,2.5,4,1327.1723783853,32.5157232704,Calibration fitted; not prospectively validated,2026-09-20T13:53:23Z,2026-09-20T17:00:00Z,Sun 1:00 PM ET,Baltimore Ravens,New Orleans Saints,5a4f3bf,2026_02_NO_BAL,1.0,graded,loss,-1.0,1.45,0.0,0.29255171863370916,0.15819866348315753,0.7784447609745802,0.5070692808308191,False,1.6573830343,1.6573830343,1.5
2143ade9684fd876b68a4e8cbf451f05,New Orleans Saints @ Baltimore Ravens,LaJohntay Wester,fanduel,FanDuel,recv_yds,Receiving yards,over,22.5,-113,31.797258635,0.5010141988,0.0,0.5305164319,0.5,0.5015476682,22.5,4,-295.0223314192,-5.5610404064,Calibration fitted; not prospectively validated,2026-09-20T13:53:08Z,2026-09-20T17:00:00Z,Sun 1:00 PM ET,Baltimore Ravens,New Orleans Saints,5a4f3bf,2026_02_NO_BAL,14.0,graded,loss,-1.0,0.8849557522123894,0.0,0.2510152273992059,0.25155006347685727,0.6951776381444736,0.6962473174222498,False,17.797258635,17.797258635,8.5
2143ade9684fd876b68a4e8cbf451f05,New Orleans Saints @ Baltimore Ravens,Lamar Jackson,betmgm,BetMGM,pass_attempts,Passing attempts,over,27.5,-110,24.026215318,0.4375,0.0,0.5238095238,0.4898785425,0.492861565,27.5,4,-863.0952380952,-16.4772727273,Calibration fitted; not prospectively validated,2026-09-20T13:53:23Z,2026-09-20T17:00:00Z,Sun 1:00 PM ET,Baltimore Ravens,New Orleans Saints,5a4f3bf,2026_02_NO_BAL,31.0,graded,win,0.9090909090909091,0.9090909090909091,1.0,0.31640625,0.25718939225424925,0.8266785731844679,0.7075269455885291,False,-6.973784682000002,6.973784682000002,3.5
2143ade9684fd876b68a4e8cbf451f05,New Orleans Saints @ Baltimore Ravens,Lamar Jackson,betonlineag,BetOnline.ag,pass_completions,Passing completions,over,17.5,-114,16.3378264163,0.5,0.0,0.5327102804,0.5,0.5010387236,17.5,4,-327.1028037383,-6.1403508772,Calibration fitted; not prospectively validated,2026-09-20T13:52:16Z,2026-09-20T17:00:00Z,Sun 1:00 PM ET,Baltimore Ravens,New Orleans Saints,5a4f3bf,2026_02_NO_BAL,21.0,graded,win,0.8771929824561403,0.8771929824561403,1.0,0.25,0.24896235534671718,0.6931471805599453,0.691071888269422,True,-4.6621735837,4.6621735837,3.5
2143ade9684fd876b68a4e8cbf451f05,New Orleans Saints @ Baltimore Ravens,Lamar Jackson,draftkings,DraftKings,pass_tds,Passing touchdowns,over,1.5,107,1.06,0.4821981424,0.0,0.4830917874,0.4552526941,0.4653465347,1.5,7,-8.9364502475,-0.1849845201,Calibration fitted; not prospectively validated,2026-09-20T13:53:25Z,2026-09-20T17:00:00Z,Sun 1:00 PM ET,Baltimore Ravens,New Orleans Saints,5a4f3bf,2026_02_NO_BAL,1.0,graded,loss,-1.0,1.07,0.0,0.23251504853401064,0.21654739735729828,0.658162624185619,0.6261364703640221,True,0.06000000000000005,0.06000000000000005,0.5
2143ade9684fd876b68a4e8cbf451f05,New Orleans Saints @ Baltimore Ravens,Lamar Jackson,draftkings,DraftKings,pass_yds,Passing yards,over,211.5,-112,207.8171520148,0.5,0.0,0.5283018868,0.5,0.5,211.5,2,-283.0188679245,-5.3571428571,Calibration fitted; not prospectively validated,2026-09-20T13:53:25Z,2026-09-20T17:00:00Z,Sun 1:00 PM ET,Baltimore Ravens,New Orleans Saints,5a4f3bf,2026_02_NO_BAL,235.0,graded,win,0.8928571428571429,0.8928571428571429,1.0,0.25,0.25,0.6931471805599453,0.6931471805599453,True,-27.1828479852,27.1828479852,23.5
2143ade9684fd876b68a4e8cbf451f05,New Orleans Saints @ Baltimore Ravens,Lamar Jackson,betonlineag,BetOnline.ag,rush_attempts,Rushing attempts,over,7.5,-143,7.4980348509,0.5,0.0,0.5884773663,0.5527332965,0.5527332965,8.0,1,-884.7736625514,-15.034965035,Calibration fitted; not prospectively validated,2026-09-20T13:52:16Z,2026-09-20T17:00:00Z,Sun 1:00 PM ET,Baltimore Ravens,New Orleans Saints,5a4f3bf,2026_02_NO_BAL,4.0,graded,loss,-1.0,0.6993006993006993,0.0,0.25,0.30551409705975696,0.6931471805599453,0.8046002101693981,False,3.4980348509,3.4980348509,3.5
2143ade9684fd876b68a4e8cbf451f05,New Orleans Saints @ Baltimore Ravens,Lamar Jackson,bovada,Bovada,rush_yds,Rushing yards,over,40.5,-110,42.9592064153,0.5,0.0,0.5238095238,0.4898785425,0.5,39.5,3,-238.0952380952,-4.5454545455,Calibration fitted; not prospectively validated,2026-09-20T13:51:43Z,2026-09-20T17:00:00Z,Sun 1:00 PM ET,Baltimore Ravens,New Orleans Saints,5a4f3bf,2026_02_NO_BAL,34.0,graded,loss,-1.0,0.9090909090909091,0.0,0.25,0.25,0.6931471805599453,0.6931471805599453,False,8.959206415300002,8.959206415300002,6.5
2143ade9684fd876b68a4e8cbf451f05,New Orleans Saints @ Baltimore Ravens,Mark Andrews,betonlineag,BetOnline.ag,receptions,Receptions,over,4.5,118,3.2244341098,0.4524271845,0.0,0.4587155963,0.4307128807,0.4332755633,4.5,5,-62.8841186426,-1.3708737864,Calibration fitted; not prospectively validated,2026-09-20T13:52:16Z,2026-09-20T17:00:00Z,Sun 1:00 PM ET,Baltimore Ravens,New Orleans Saints,5a4f3bf,2026_02_NO_BAL,6.0,graded,win,1.18,1.18,1.0,0.29983598827459695,0.32117658715293224,0.7931284470229283,0.8363813485494531,False,-2.7755658902,2.7755658902,1.5
2143ade9684fd876b68a4e8cbf451f05,New Orleans Saints @ Baltimore Ravens,Mark Andrews,draftkings,DraftKings,recv_yds,Receiving yards,over,46.5,-111,37.1529800057,0.4989858012,0.0,0.5260663507,0.4978941162,0.5,46.5,3,-270.8054949386,-5.147744093,Calibration fitted; not prospectively validated,2026-09-20T13:53:25Z,2026-09-20T17:00:00Z,Sun 1:00 PM ET,Baltimore Ravens,New Orleans Saints,5a4f3bf,2026_02_NO_BAL,49.0,graded,win,0.9009009009009009,0.9009009009009009,1.0,0.2510152273992059,0.25,0.6951776381444736,0.6931471805599453,False,-11.847019994299998,11.847019994299998,2.5
2143ade9684fd876b68a4e8cbf451f05,New Orleans Saints @ Baltimore Ravens,Rashod Bateman,betmgm,BetMGM,receptions,Receptions,over,2.5,-135,1.6496380696,0.4524271845,0.0,0.5744680851,0.5346534653,0.5587970466,2.5,5,-1220.4090064036,-21.2441567781,Calibration fitted; not prospectively validated,2026-09-20T13:53:23Z,2026-09-20T17:00:00Z,Sun 1:00 PM ET,Baltimore Ravens,New Orleans Saints,5a4f3bf,2026_02_NO_BAL,7.0,graded,win,0.7407407407407407,0.7407407407407407,1.0,0.29983598827459695,0.1946600460888826,0.7931284470229283,0.5819689368674134,False,-5.3503619304,5.3503619304,4.5
2143ade9684fd876b68a4e8cbf451f05,New Orleans Saints @ Baltimore Ravens,Rashod Bateman,draftkings,DraftKings,recv_yds,Receiving yards,over,37.5,-114,22.7561506635,0.4836956522,0.0,0.5327102804,0.5042122999,0.5042122999,37.5,3,-490.1462819992,-9.2009916095,Calibration fitted; not prospectively validated,2026-09-20T13:53:25Z,2026-09-20T17:00:00Z,Sun 1:00 PM ET,Baltimore Ravens,New Orleans Saints,5a4f3bf,2026_02_NO_BAL,88.0,graded,win,0.8771929824561403,0.8771929824561403,1.0,0.2665701795571834,0.24580544357044748,0.7262993878229133,0.6847578696428849,False,-65.2438493365,65.2438493365,50.5
2143ade9684fd876b68a4e8cbf451f05,New Orleans Saints @ Baltimore Ravens,Travis Etienne,betonlineag,BetOnline.ag,receptions,Receptions,over,1.5,-175,2.9084997954,0.5789473684,0.0,0.6363636364,0.5992714026,0.6099068193,1.5,4,-574.1626794258,-9.022556391,Calibration fitted; not prospectively validated,2026-09-20T13:52:16Z,2026-09-20T17:00:00Z,Sun 1:00 PM ET,Baltimore Ravens,New Orleans Saints,5a4f3bf,2026_02_NO_BAL,2.0,graded,win,0.5714285714285714,0.5714285714285714,1.0,0.17728531857728527,0.15217268962864283,0.5465437064044335,0.4944490887289526,True,0.9084997954,0.9084997954,0.5
2143ade9684fd876b68a4e8cbf451f05,New Orleans Saints @ Baltimore Ravens,Travis Etienne,draftkings,DraftKings,recv_yds,Receiving yards,over,11.5,-107,20.1388857969,0.5014367816,0.0,0.5169082126,0.4894599266,0.4920127796,11.5,5,-154.7143095119,-2.9930712214,Calibration fitted; not prospectively validated,2026-09-20T13:53:25Z,2026-09-20T17:00:00Z,Sun 1:00 PM ET,Baltimore Ravens,New Orleans Saints,5a4f3bf,2026_02_NO_BAL,6.0,graded,loss,-1.0,0.9345794392523364,0.0,0.2514388459413662,0.24207657528971818,0.6960248803691167,0.6772989884130035,False,14.138885796899999,14.138885796899999,5.5
2143ade9684fd876b68a4e8cbf451f05,New Orleans Saints @ Baltimore Ravens,Travis Etienne,betonlineag,BetOnline.ag,rush_attempts,Rushing attempts,over,10.5,-105,10.4370320534,0.5,0.0,0.512195122,0.4814929056,0.4897077292,10.5,2,-121.9512195122,-2.380952381,Calibration fitted; not prospectively validated,2026-09-20T13:52:16Z,2026-09-20T17:00:00Z,Sun 1:00 PM ET,Baltimore Ravens,New Orleans Saints,5a4f3bf,2026_02_NO_BAL,8.0,graded,loss,-1.0,0.9523809523809523,0.0,0.25,0.23981366003822052,0.6931471805599453,0.6727716374113988,False,2.4370320533999994,2.4370320533999994,2.5
2143ade9684fd876b68a4e8cbf451f05,New Orleans Saints @ Baltimore Ravens,Travis Etienne,betonlineag,BetOnline.ag,rush_yds,Rushing yards,over,40.5,-111,44.7820581139,0.5,0.0,0.5260663507,0.4948402543,0.5,40.5,3,-260.663507109,-4.954954955,Calibration fitted; not prospectively validated,2026-09-20T13:52:16Z,2026-09-20T17:00:00Z,Sun 1:00 PM ET,Baltimore Ravens,New Orleans Saints,5a4f3bf,2026_02_NO_BAL,25.0,graded,loss,-1.0,0.9009009009009009,0.0,0.25,0.25,0.6931471805599453,0.6931471805599453,False,19.7820581139,19.7820581139,15.5
2143ade9684fd876b68a4e8cbf451f05,New Orleans Saints @ Baltimore Ravens,Tyler Shough,draftkings,DraftKings,pass_attempts,Passing attempts,over,34.5,-113,31.6681085627,0.5,0.0,0.5305164319,0.5,0.5,34.5,5,-305.1643192488,-5.7522123894,Calibration fitted; not prospectively validated,2026-09-20T13:53:25Z,2026-09-20T17:00:00Z,Sun 1:00 PM ET,Baltimore Ravens,New Orleans Saints,5a4f3bf,2026_02_NO_BAL,34.0,graded,loss,-1.0,0.8849557522123894,0.0,0.25,0.25,0.6931471805599453,0.6931471805599453,False,-2.3318914373000013,2.3318914373000013,0.5
2143ade9684fd876b68a4e8cbf451f05,New Orleans Saints @ Baltimore Ravens,Tyler Shough,betrivers,BetRivers,pass_completions,Passing completions,over,21.5,-118,19.7925678517,0.5,0.0,0.5412844037,,0.5348996303,21.5,4,-412.8440366972,-7.6271186441,Calibration fitted; not prospectively validated,2026-09-20T13:52:34Z,2026-09-20T17:00:00Z,Sun 1:00 PM ET,Baltimore Ravens,New Orleans Saints,5a4f3bf,2026_02_NO_BAL,27.0,graded,win,0.847457627118644,0.847457627118644,1.0,0.25,0.2163183538950767,0.6931471805599453,0.6256761566023972,True,-7.207432148300001,7.207432148300001,5.5
2143ade9684fd876b68a4e8cbf451f05,New Orleans Saints @ Baltimore Ravens,Tyler Shough,fanduel,FanDuel,pass_tds,Passing touchdowns,over,1.5,195,2.82,0.5333333333,0.0,0.3389830508,0.3182908219,0.3258991411,1.5,6,1943.5028248588,57.3333333333,Calibration fitted; not prospectively validated,2026-09-20T13:53:08Z,2026-09-20T17:00:00Z,Sun 1:00 PM ET,Baltimore Ravens,New Orleans Saints,5a4f3bf,2026_02_NO_BAL,1.0,graded,loss,-1.0,1.95,0.0,0.2844444444088889,0.10621025016971772,0.7621400519754682,0.3943755369802535,False,1.8199999999999998,1.8199999999999998,0.5
2143ade9684fd876b68a4e8cbf451f05,New Orleans Saints @ Baltimore Ravens,Tyler Shough,fanatics,Fanatics,pass_yds,Passing yards,over,230.5,-110,206.7715796072,0.5,0.0,0.5238095238,0.4898785425,0.5,230.5,4,-238.0952380952,-4.5454545455,Calibration fitted; not prospectively validated,2026-09-20T13:53:22Z,2026-09-20T17:00:00Z,Sun 1:00 PM ET,Baltimore Ravens,New Orleans Saints,5a4f3bf,2026_02_NO_BAL,252.0,graded,win,0.9090909090909091,0.9090909090909091,1.0,0.25,0.25,0.6931471805599453,0.6931471805599453,True,-45.22842039279999,45.22842039279999,21.5
2143ade9684fd876b68a4e8cbf451f05,New Orleans Saints @ Baltimore Ravens,Tyler Shough,draftkings,DraftKings,rush_yds,Rushing yards,over,16.5,-114,21.6395799664,0.5,0.0,0.5327102804,0.5042122999,0.5,16.0,3,-327.1028037383,-6.1403508772,Calibration fitted; not prospectively validated,2026-09-20T13:53:25Z,2026-09-20T17:00:00Z,Sun 1:00 PM ET,Baltimore Ravens,New Orleans Saints,5a4f3bf,2026_02_NO_BAL,23.0,graded,win,0.8771929824561403,0.8771929824561403,1.0,0.25,0.25,0.6931471805599453,0.6931471805599453,True,-1.3604200336000005,1.3604200336000005,6.5
32367f882fac1a0c20a6335619922025,New York Giants @ Los Angeles Rams,Blake Corum,betmgm,BetMGM,rush_attempts,Rushing attempts,over,10.5,-115,7.8279869345,0.4915254237,0.0,0.5348837209,0.5,0.506234414,10.5,3,-433.5829720142,-8.1061164333,Calibration fitted; not prospectively validated,2026-09-20T13:51:31Z,2026-09-22T00:15:00Z,Mon 8:15 PM ET,Los Angeles Rams,New York Giants,5a4f3bf,2026_02_NYG_LA,12.0,graded,win,0.8695652173913043,0.8695652173913043,1.0,0.2585463947434646,0.24380445391792338,0.7102416139778661,0.6807554481958163,False,-4.1720130655,4.1720130655,1.5
32367f882fac1a0c20a6335619922025,New York Giants @ Los Angeles Rams,Blake Corum,draftkings,DraftKings,rush_yds,Rushing yards,over,48.5,-110,35.5934358041,0.4352331606,0.0,0.5238095238,0.4957877001,0.5,48.5,4,-885.7636318776,-16.9100329722,Calibration fitted; not prospectively validated,2026-09-20T13:53:25Z,2026-09-22T00:15:00Z,Mon 8:15 PM ET,Los Angeles Rams,New York Giants,5a4f3bf,2026_02_NYG_LA,79.0,graded,win,0.9090909090909091,0.9090909090909091,1.0,0.31896158288586546,0.25,0.8318733901115719,0.6931471805599453,False,-43.4065641959,43.4065641959,30.5
32367f882fac1a0c20a6335619922025,New York Giants @ Los Angeles Rams,Cam Skattebo,fanatics,Fanatics,receptions,Receptions,over,1.5,-140,1.2026111824,0.4579439252,0.0,0.5833333333,0.5445920304,0.5603254823,1.5,6,-1253.8940809969,-21.4953271028,Calibration fitted; not prospectively validated,2026-09-20T13:52:43Z,2026-09-22T00:15:00Z,Mon 8:15 PM ET,Los Angeles Rams,New York Giants,5a4f3bf,2026_02_NYG_LA,4.0,graded,win,0.7142857142857143,0.7142857142857143,1.0,0.2938247882275833,0.1933136815147276,0.781008536424749,0.5792374457020755,False,-2.7973888176,2.7973888176,2.5
32367f882fac1a0c20a6335619922025,New York Giants @ Los Angeles Rams,Cam Skattebo,betrivers,BetRivers,recv_yds,Receiving yards,over,11.5,-110,8.8499010027,0.5,0.0,0.5238095238,0.4889380531,0.5091624515,11.5,6,-238.0952380952,-4.5454545455,Calibration fitted; not prospectively validated,2026-09-20T13:52:25Z,2026-09-22T00:15:00Z,Mon 8:15 PM ET,Los Angeles Rams,New York Giants,5a4f3bf,2026_02_NYG_LA,19.0,graded,win,0.9090909090909091,0.9090909090909091,1.0,0.25,0.2409214990174899,0.6931471805599453,0.6749881551985021,True,-10.1500989973,10.1500989973,7.5
32367f882fac1a0c20a6335619922025,New York Giants @ Los Angeles Rams,Cam Skattebo,betonlineag,BetOnline.ag,rush_attempts,Rushing attempts,over,12.5,-115,10.1778516601,0.4915254237,0.0,0.5348837209,0.5030953364,0.5098792658,12.5,2,-433.5829720142,-8.1061164333,Calibration fitted; not prospectively validated,2026-09-20T13:53:24Z,2026-09-22T00:15:00Z,Mon 8:15 PM ET,Los Angeles Rams,New York Giants,5a4f3bf,2026_02_NYG_LA,12.0,graded,loss,-1.0,0.8695652173913043,0.0,0.24159724214346454,0.25997686569274703,0.6763400621868974,0.7131035219015236,True,-1.8221483399,1.8221483399,0.5
32367f882fac1a0c20a6335619922025,New York Giants @ Los Angeles Rams,Cam Skattebo,betrivers,BetRivers,rush_yds,Rushing yards,over,49.5,-117,41.0606398471,0.5,0.0,0.5391705069,0.5030135005,0.5076643857,49.5,2,-391.7050691244,-7.264957265,Calibration fitted; not prospectively validated,2026-09-20T13:52:25Z,2026-09-22T00:15:00Z,Mon 8:15 PM ET,Los Angeles Rams,New York Giants,5a4f3bf,2026_02_NYG_LA,36.0,graded,loss,-1.0,0.8547008547008547,0.0,0.25,0.25772312850815843,0.6931471805599453,0.7085946521573582,False,5.060639847099999,5.060639847099999,13.5
32367f882fac1a0c20a6335619922025,New York Giants @ Los Angeles Rams,Davante Adams,betrivers,BetRivers,receptions,Receptions,over,4.5,108,3.8399250952,0.4524271845,0.0,0.4807692308,,0.4648542048,4.5,3,-283.4204630321,-5.8951456311,Calibration fitted; not prospectively validated,2026-09-20T13:52:25Z,2026-09-22T00:15:00Z,Mon 8:15 PM ET,Los Angeles Rams,New York Giants,5a4f3bf,2026_02_NYG_LA,8.0,graded,win,1.08,1.08,1.0,0.29983598827459695,0.2863810221202404,0.7931284470229283,0.7660314606226325,False,-4.1600749048,4.1600749048,3.5
32367f882fac1a0c20a6335619922025,New York Giants @ Los Angeles Rams,Davante Adams,fanduel,FanDuel,recv_yds,Receiving yards,over,53.5,-114,45.252258659,0.4989858012,0.0,0.5327102804,0.5,0.5050233081,54.0,3,-337.2447915679,-6.330735561,Calibration fitted; not prospectively validated,2026-09-20T13:53:02Z,2026-09-22T00:15:00Z,Mon 8:15 PM ET,Los Angeles Rams,New York Giants,5a4f3bf,2026_02_NYG_LA,195.0,graded,win,0.8771929824561403,0.8771929824561403,1.0,0.2510152273992059,0.24500192552426756,0.6951776381444736,0.6831506961184052,False,-149.747741341,149.747741341,141.5
32367f882fac1a0c20a6335619922025,New York Giants @ Los Angeles Rams,Isaiah Likely,betmgm,BetMGM,receptions,Receptions,over,4.5,110,3.9330840478,0.4579439252,0.0,0.4761904762,0.4424778761,0.4796954315,4.5,5,-182.4655095683,-3.8317757009,Calibration fitted; not prospectively validated,2026-09-20T13:51:31Z,2026-09-22T00:15:00Z,Mon 8:15 PM ET,Los Angeles Rams,New York Giants,5a4f3bf,2026_02_NYG_LA,5.0,graded,win,1.1,1.1,1.0,0.2938247882275833,0.27071684400197127,0.781008536424749,0.7346038941800904,False,-1.0669159522,1.0669159522,0.5
32367f882fac1a0c20a6335619922025,New York Giants @ Los Angeles Rams,Isaiah Likely,draftkings,DraftKings,recv_yds,Receiving yards,over,45.5,-112,40.7523536965,0.5,0.0,0.5283018868,0.5,0.5,44.5,3,-283.0188679245,-5.3571428571,Calibration fitted; not prospectively validated,2026-09-20T13:53:25Z,2026-09-22T00:15:00Z,Mon 8:15 PM ET,Los Angeles Rams,New York Giants,5a4f3bf,2026_02_NYG_LA,33.0,graded,loss,-1.0,0.8928571428571429,0.0,0.25,0.25,0.6931471805599453,0.6931471805599453,False,7.752353696500002,7.752353696500002,12.5
32367f882fac1a0c20a6335619922025,New York Giants @ Los Angeles Rams,Jaxson Dart,bovada,Bovada,pass_attempts,Passing attempts,over,31.5,100,27.2929248724,0.4375,0.0,0.5,0.4693877551,0.4731704297,31.5,3,-625.0,-12.5,Calibration fitted; not prospectively validated,2026-09-20T13:52:44Z,2026-09-22T00:15:00Z,Mon 8:15 PM ET,Los Angeles Rams,New York Giants,5a4f3bf,2026_02_NYG_LA,5.0,graded,loss,-1.0,1.0,0.0,0.19140625,0.22389025554248265,0.5753641449035618,0.6408781787597232,True,22.2929248724,22.2929248724,26.5
32367f882fac1a0c20a6335619922025,New York Giants @ Los Angeles Rams,Jaxson Dart,betonlineag,BetOnline.ag,pass_completions,Passing completions,over,19.5,-120,20.4696936543,0.5,0.0,0.5454545455,0.5123152709,0.5306122449,19.5,3,-454.5454545455,-8.3333333333,Calibration fitted; not prospectively validated,2026-09-20T13:53:24Z,2026-09-22T00:15:00Z,Mon 8:15 PM ET,Los Angeles Rams,New York Giants,5a4f3bf,2026_02_NYG_LA,3.0,graded,loss,-1.0,0.8333333333333334,0.0,0.25,0.2815493544378176,0.6931471805599453,0.7563260821858248,False,17.4696936543,17.4696936543,16.5
32367f882fac1a0c20a6335619922025,New York Giants @ Los Angeles Rams,Jaxson Dart,betrivers,BetRivers,pass_tds,Passing touchdowns,over,1.5,195,2.82,0.5333333333,0.0,0.3389830508,0.3161222339,0.3427971423,1.5,7,1943.5028248588,57.3333333333,Calibration fitted; not prospectively validated,2026-09-20T13:52:25Z,2026-09-22T00:15:00Z,Mon 8:15 PM ET,Los Angeles Rams,New York Giants,5a4f3bf,2026_02_NYG_LA,0.0,graded,loss,-1.0,1.95,0.0,0.2844444444088889,0.11750988076904646,0.7621400519754682,0.41976254453267753,False,2.82,2.82,1.5
32367f882fac1a0c20a6335619922025,New York Giants @ Los Angeles Rams,Jaxson Dart,betmgm,BetMGM,pass_yds,Passing yards,over,212.5,-115,205.597553456,0.5,0.0,0.5348837209,0.5,0.5015067502,213.5,2,-348.8372093023,-6.5217391304,Calibration fitted; not prospectively validated,2026-09-20T13:51:31Z,2026-09-22T00:15:00Z,Mon 8:15 PM ET,Los Angeles Rams,New York Giants,5a4f3bf,2026_02_NYG_LA,20.0,graded,loss,-1.0,0.8695652173913043,0.0,0.25,0.2515090204961652,0.6931471805599453,0.6961652306949938,False,185.597553456,185.597553456,192.5
32367f882fac1a0c20a6335619922025,New York Giants @ Los Angeles Rams,Jaxson Dart,betonlineag,BetOnline.ag,rush_attempts,Rushing attempts,over,6.5,103,7.8492014757,0.506993007,0.0,0.4926108374,0.4632298853,0.4796954315,6.5,3,143.8216955458,2.9195804196,Calibration fitted; not prospectively validated,2026-09-20T13:53:24Z,2026-09-22T00:15:00Z,Mon 8:15 PM ET,Los Angeles Rams,New York Giants,5a4f3bf,2026_02_NYG_LA,0.0,graded,loss,-1.0,1.03,0.0,0.2570419091469021,0.2301077070019712,0.7072319204558688,0.6533409302131841,False,7.8492014757,7.8492014757,6.5
32367f882fac1a0c20a6335619922025,New York Giants @ Los Angeles Rams,Jaxson Dart,draftkings,DraftKings,rush_yds,Rushing yards,over,31.5,-113,34.0330113406,0.5,0.0,0.5305164319,0.5021058838,0.5,31.5,5,-305.1643192488,-5.7522123894,Calibration fitted; not prospectively validated,2026-09-20T13:53:25Z,2026-09-22T00:15:00Z,Mon 8:15 PM ET,Los Angeles Rams,New York Giants,5a4f3bf,2026_02_NYG_LA,0.0,graded,loss,-1.0,0.8849557522123894,0.0,0.25,0.25,0.6931471805599453,0.6931471805599453,False,34.0330113406,34.0330113406,31.5
32367f882fac1a0c20a6335619922025,New York Giants @ Los Angeles Rams,Kyren Williams,fanduel,FanDuel,receptions,Receptions,over,2.5,140,2.4880149313,0.5,0.0,0.4166666667,0.3896103896,0.3979763197,2.5,4,833.3333333333,20.0,Calibration fitted; not prospectively validated,2026-09-20T13:53:02Z,2026-09-22T00:15:00Z,Mon 8:15 PM ET,Los Angeles Rams,New York Giants,5a4f3bf,2026_02_NYG_LA,2.0,graded,loss,-1.0,1.4,0.0,0.25,0.15838515104195663,0.6931471805599453,0.5074584984004464,False,0.48801493129999995,0.48801493129999995,0.5
32367f882fac1a0c20a6335619922025,New York Giants @ Los Angeles Rams,Kyren Williams,betrivers,BetRivers,recv_yds,Receiving yards,over,12.5,-109,18.2968955379,0.5010141988,0.0,0.5215311005,0.4869204765,0.5,12.5,5,-205.1690169551,-3.9339747288,Calibration fitted; not prospectively validated,2026-09-20T13:52:25Z,2026-09-22T00:15:00Z,Mon 8:15 PM ET,Los Angeles Rams,New York Giants,5a4f3bf,2026_02_NYG_LA,12.0,graded,loss,-1.0,0.9174311926605505,0.0,0.2510152273992059,0.25,0.6951776381444736,0.6931471805599453,False,6.296895537899999,6.296895537899999,0.5
32367f882fac1a0c20a6335619922025,New York Giants @ Los Angeles Rams,Kyren Williams,betonlineag,BetOnline.ag,rush_attempts,Rushing attempts,over,13.5,-123,12.4054357322,0.4927536232,0.0,0.5515695067,0.5185070944,0.5280665281,13.5,3,-588.1588353805,-10.6633675032,Calibration fitted; not prospectively validated,2026-09-20T13:53:24Z,2026-09-22T00:15:00Z,Mon 8:15 PM ET,Los Angeles Rams,New York Giants,5a4f3bf,2026_02_NYG_LA,12.0,graded,loss,-1.0,0.8130081300813008,0.0,0.24280613317672756,0.2788542580995881,0.6787584431307029,0.7509172526952836,True,0.40543573220000084,0.40543573220000084,1.5
32367f882fac1a0c20a6335619922025,New York Giants @ Los Angeles Rams,Kyren Williams,betrivers,BetRivers,rush_yds,Rushing yards,over,61.5,-113,53.3477737289,0.5,0.0,0.5305164319,0.4949766919,0.5,61.5,3,-305.1643192488,-5.7522123894,Calibration fitted; not prospectively validated,2026-09-20T13:52:25Z,2026-09-22T00:15:00Z,Mon 8:15 PM ET,Los Angeles Rams,New York Giants,5a4f3bf,2026_02_NYG_LA,85.0,graded,win,0.8849557522123894,0.8849557522123894,1.0,0.25,0.25,0.6931471805599453,0.6931471805599453,True,-31.652226271099998,31.652226271099998,23.5
32367f882fac1a0c20a6335619922025,New York Giants @ Los Angeles Rams,Malachi Fields,betonlineag,BetOnline.ag,receptions,Receptions,over,2.5,118,2.0222148675,0.4524271845,0.0,0.4587155963,0.4307128807,0.4386821774,2.5,5,-62.8841186426,-1.3708737864,Calibration fitted; not prospectively validated,2026-09-20T13:53:24Z,2026-09-22T00:15:00Z,Mon 8:15 PM ET,Los Angeles Rams,New York Giants,5a4f3bf,2026_02_NYG_LA,2.0,graded,loss,-1.0,1.18,0.0,0.20469035727459706,0.19244205276840506,0.6022598297876794,0.5774680051774875,True,0.02221486749999979,0.02221486749999979,0.5
32367f882fac1a0c20a6335619922025,New York Giants @ Los Angeles Rams,Malachi Fields,draftkings,DraftKings,recv_yds,Receiving yards,over,27.5,-110,24.7447385752,0.5,0.0,0.5238095238,0.4957877001,0.4957877001,27.0,3,-238.0952380952,-4.5454545455,Calibration fitted; not prospectively validated,2026-09-20T13:53:25Z,2026-09-22T00:15:00Z,Mon 8:15 PM ET,Los Angeles Rams,New York Giants,5a4f3bf,2026_02_NYG_LA,30.0,graded,win,0.9090909090909091,0.9090909090909091,1.0,0.25,0.2542300433704476,0.6931471805599453,0.7016074678775609,True,-5.2552614248000005,5.2552614248000005,2.5
32367f882fac1a0c20a6335619922025,New York Giants @ Los Angeles Rams,Malik Nabers,betmgm,BetMGM,receptions,Receptions,over,5.5,-105,4.4164902386,0.4524271845,0.0,0.512195122,0.4796954315,0.5082034454,5.5,5,-597.679374852,-11.6689782709,Calibration fitted; not prospectively validated,2026-09-20T13:51:31Z,2026-09-22T00:15:00Z,Mon 8:15 PM ET,Los Angeles Rams,New York Giants,5a4f3bf,2026_02_NYG_LA,1.0,graded,loss,-1.0,0.9523809523809523,0.0,0.20469035727459706,0.25827074191643073,0.6022598297876794,0.7096901549179561,True,3.4164902386,3.4164902386,4.5
32367f882fac1a0c20a6335619922025,New York Giants @ Los Angeles Rams,Malik Nabers,draftkings,DraftKings,recv_yds,Receiving yards,over,64.5,-112,52.0490364823,0.4989858012,0.0,0.5283018868,0.5,0.5,64.5,3,-293.1608557541,-5.5491161982,Calibration fitted; not prospectively validated,2026-09-20T13:53:25Z,2026-09-22T00:15:00Z,Mon 8:15 PM ET,Los Angeles Rams,New York Giants,5a4f3bf,2026_02_NYG_LA,1.0,graded,loss,-1.0,0.8928571428571429,0.0,0.24898682979920594,0.25,0.6911208373807048,0.6931471805599453,True,51.0490364823,51.0490364823,63.5
32367f882fac1a0c20a6335619922025,New York Giants @ Los Angeles Rams,Matthew Stafford,betonlineag,BetOnline.ag,pass_attempts,Passing attempts,over,31.5,-123,31.0715395248,0.5,0.0,0.5515695067,0.5196752547,0.5196752547,31.5,3,-515.6950672646,-9.3495934959,Calibration fitted; not prospectively validated,2026-09-20T13:53:24Z,2026-09-22T00:15:00Z,Mon 8:15 PM ET,Los Angeles Rams,New York Giants,5a4f3bf,2026_02_NYG_LA,31.0,graded,loss,-1.0,0.8130081300813008,0.0,0.25,0.27006237034750985,0.6931471805599453,0.7332928511304783,False,0.07153952479999859,0.07153952479999859,0.5
32367f882fac1a0c20a6335619922025,New York Giants @ Los Angeles Rams,Matthew Stafford,betrivers,BetRivers,pass_completions,Passing completions,over,21.5,-107,18.6429237149,0.5,0.0,0.5169082126,,0.4938205711,21.5,4,-169.0821256039,-3.2710280374,Calibration fitted; not prospectively validated,2026-09-20T13:52:25Z,2026-09-22T00:15:00Z,Mon 8:15 PM ET,Los Angeles Rams,New York Giants,5a4f3bf,2026_02_NYG_LA,22.0,graded,win,0.9345794392523364,0.9345794392523364,1.0,0.25,0.25621761424153017,0.6931471805599453,0.705583044170028,True,-3.3570762851,3.3570762851,0.5
32367f882fac1a0c20a6335619922025,New York Giants @ Los Angeles Rams,Matthew Stafford,betmgm,BetMGM,pass_tds,Passing touchdowns,over,1.5,-175,0.01,0.25,0.0,0.6363636364,0.594095941,0.6262445065,1.5,6,-3863.6363636364,-60.7142857143,Calibration fitted; not prospectively validated,2026-09-20T13:51:31Z,2026-09-22T00:15:00Z,Mon 8:15 PM ET,Los Angeles Rams,New York Giants,5a4f3bf,2026_02_NYG_LA,4.0,graded,win,0.5714285714285714,0.5714285714285714,1.0,0.5625,0.13969316892142858,1.3862943611198906,0.4680143986774255,False,-3.99,3.99,2.5
32367f882fac1a0c20a6335619922025,New York Giants @ Los Angeles Rams,Matthew Stafford,betonlineag,BetOnline.ag,pass_yds,Passing yards,over,242.5,-114,212.7914137252,0.5,0.0,0.5327102804,0.5,0.5,242.5,2,-327.1028037383,-6.1403508772,Calibration fitted; not prospectively validated,2026-09-20T13:53:24Z,2026-09-22T00:15:00Z,Mon 8:15 PM ET,Los Angeles Rams,New York Giants,5a4f3bf,2026_02_NYG_LA,327.0,graded,win,0.8771929824561403,0.8771929824561403,1.0,0.25,0.25,0.6931471805599453,0.6931471805599453,True,-114.20858627480001,114.20858627480001,84.5
36ad2fa722f4915ef23d2c81351261de,Cincinnati Bengals @ Houston Texans,Andrei Iosivas,bovada,Bovada,receptions,Receptions,over,1.5,110,2.6352465377,0.5475728155,0.0,0.4761904762,0.4458598726,0.471842317,1.5,5,713.823393435,14.9902912621,Calibration fitted; not prospectively validated,2026-09-20T13:51:54Z,2026-09-20T17:00:00Z,Sun 1:00 PM ET,Houston Texans,Cincinnati Bengals,5a4f3bf,2026_02_CIN_HOU,1.0,graded,loss,-1.0,1.1,0.0,0.29983598827459707,0.2226351721119285,0.7931284470229284,0.6383603978150804,False,1.6352465377,1.6352465377,0.5
36ad2fa722f4915ef23d2c81351261de,Cincinnati Bengals @ Houston Texans,Andrei Iosivas,fanduel,FanDuel,recv_yds,Receiving yards,over,14.5,-113,29.4146735658,0.5014367816,0.0,0.5305164319,0.5,0.5079872204,14.5,3,-290.7965031569,-5.4813854135,Calibration fitted; not prospectively validated,2026-09-20T13:53:09Z,2026-09-20T17:00:00Z,Sun 1:00 PM ET,Houston Texans,Cincinnati Bengals,5a4f3bf,2026_02_CIN_HOU,7.0,graded,loss,-1.0,0.8849557522123894,0.0,0.2514388459413662,0.25805101608971814,0.6960248803691167,0.7092505880304202,False,22.4146735658,22.4146735658,7.5
36ad2fa722f4915ef23d2c81351261de,Cincinnati Bengals @ Houston Texans,C.J. Stroud,draftkings,DraftKings,pass_attempts,Passing attempts,over,31.5,-102,35.1068610946,0.5625,0.0,0.504950495,0.4761410788,0.4796954315,31.5,3,575.495049505,11.3970588235,Calibration fitted; not prospectively validated,2026-09-20T13:53:13Z,2026-09-20T17:00:00Z,Sun 1:00 PM ET,Houston Texans,Cincinnati Bengals,5a4f3bf,2026_02_CIN_HOU,55.0,graded,win,0.9803921568627451,0.9803921568627451,1.0,0.19140625,0.27071684400197127,0.5753641449035618,0.7346038941800904,True,-19.8931389054,19.8931389054,23.5
36ad2fa722f4915ef23d2c81351261de,Cincinnati Bengals @ Houston Texans,C.J. Stroud,betmgm,BetMGM,pass_completions,Passing completions,over,19.5,-110,24.0204839069,0.5416666667,0.0,0.5238095238,0.4898785425,0.5210344665,19.5,4,178.5714285714,3.4090909091,Calibration fitted; not prospectively validated,2026-09-20T13:52:32Z,2026-09-20T17:00:00Z,Sun 1:00 PM ET,Houston Texans,Cincinnati Bengals,5a4f3bf,2026_02_CIN_HOU,30.0,graded,win,0.9090909090909091,0.9090909090909091,1.0,0.21006944441388892,0.22940798228093967,0.6131044728248705,0.6519390849063267,True,-5.979516093099999,5.979516093099999,10.5
36ad2fa722f4915ef23d2c81351261de,Cincinnati Bengals @ Houston Texans,C.J. Stroud,betmgm,BetMGM,pass_tds,Passing touchdowns,over,1.5,115,2.12,0.5,0.0,0.4651162791,0.4334891628,0.4640825665,1.5,6,348.8372093023,7.5,Calibration fitted; not prospectively validated,2026-09-20T13:52:32Z,2026-09-20T17:00:00Z,Sun 1:00 PM ET,Houston Texans,Cincinnati Bengals,5a4f3bf,2026_02_CIN_HOU,0.0,graded,loss,-1.0,1.15,0.0,0.25,0.21537262852922695,0.6931471805599453,0.623775171754631,False,2.12,2.12,1.5
36ad2fa722f4915ef23d2c81351261de,Cincinnati Bengals @ Houston Texans,C.J. Stroud,betmgm,BetMGM,pass_yds,Passing yards,over,217.5,-115,286.2740617898,0.5,0.0,0.5348837209,0.5,0.5015067502,219.0,2,-348.8372093023,-6.5217391304,Calibration fitted; not prospectively validated,2026-09-20T13:52:32Z,2026-09-20T17:00:00Z,Sun 1:00 PM ET,Houston Texans,Cincinnati Bengals,5a4f3bf,2026_02_CIN_HOU,353.0,graded,win,0.8695652173913043,0.8695652173913043,1.0,0.25,0.24849552009616518,0.6931471805599453,0.6901382116507919,True,-66.72593821020001,66.72593821020001,135.5
36ad2fa722f4915ef23d2c81351261de,Cincinnati Bengals @ Houston Texans,C.J. Stroud,draftkings,DraftKings,rush_yds,Rushing yards,over,11.5,-105,21.997476039,0.5647668394,0.0,0.512195122,0.4852289513,0.4948402543,11.5,5,525.7171742702,10.2640019738,Calibration fitted; not prospectively validated,2026-09-20T13:53:13Z,2026-09-20T17:00:00Z,Sun 1:00 PM ET,Houston Texans,Cincinnati Bengals,5a4f3bf,2026_02_CIN_HOU,29.0,graded,win,0.9523809523809523,0.9523809523809523,1.0,0.18942790408586535,0.25518636867568867,0.5713423066372096,0.7035202870841543,True,-7.002523961000001,7.002523961000001,17.5
36ad2fa722f4915ef23d2c81351261de,Cincinnati Bengals @ Houston Texans,Chase Brown,betmgm,BetMGM,receptions,Receptions,over,3.5,100,3.3240413097,0.4591194969,0.0,0.5,0.4653465347,0.4875171639,3.5,5,-408.8050314465,-8.1761006289,Calibration fitted; not prospectively validated,2026-09-20T13:52:32Z,2026-09-20T17:00:00Z,Sun 1:00 PM ET,Houston Texans,Cincinnati Bengals,5a4f3bf,2026_02_CIN_HOU,3.0,graded,loss,-1.0,1.0,0.0,0.2107907124337091,0.23767298509709947,0.6145569060492819,0.6684880590669797,True,0.3240413097000001,0.3240413097000001,0.5
36ad2fa722f4915ef23d2c81351261de,Cincinnati Bengals @ Houston Texans,Chase Brown,fanduel,FanDuel,recv_yds,Receiving yards,over,19.5,-113,20.7366769477,0.5,0.0,0.5305164319,0.5,0.5079872204,20.0,3,-305.1643192488,-5.7522123894,Calibration fitted; not prospectively validated,2026-09-20T13:53:09Z,2026-09-20T17:00:00Z,Sun 1:00 PM ET,Houston Texans,Cincinnati Bengals,5a4f3bf,2026_02_CIN_HOU,2.0,graded,loss,-1.0,0.8849557522123894,0.0,0.25,0.25805101608971814,0.6931471805599453,0.7092505880304202,False,18.7366769477,18.7366769477,17.5
36ad2fa722f4915ef23d2c81351261de,Cincinnati Bengals @ Houston Texans,Chase Brown,draftkings,DraftKings,rush_attempts,Rushing attempts,over,14.5,102,10.3770222192,0.4473684211,0.0,0.495049505,0.466910272,0.4814929056,14.5,3,-476.8108389786,-9.6315789474,Calibration fitted; not prospectively validated,2026-09-20T13:53:13Z,2026-09-20T17:00:00Z,Sun 1:00 PM ET,Houston Texans,Cincinnati Bengals,5a4f3bf,2026_02_CIN_HOU,20.0,graded,win,1.02,1.02,1.0,0.30540166199750696,0.2688496069431305,0.8043728155642873,0.7308637818088889,False,-9.6229777808,9.6229777808,5.5
36ad2fa722f4915ef23d2c81351261de,Cincinnati Bengals @ Houston Texans,Chase Brown,draftkings,DraftKings,rush_yds,Rushing yards,over,53.5,-112,41.6167054928,0.5,0.0,0.5283018868,0.5,0.5,53.5,4,-283.0188679245,-5.3571428571,Calibration fitted; not prospectively validated,2026-09-20T13:53:13Z,2026-09-20T17:00:00Z,Sun 1:00 PM ET,Houston Texans,Cincinnati Bengals,5a4f3bf,2026_02_CIN_HOU,80.0,graded,win,0.8928571428571429,0.8928571428571429,1.0,0.25,0.25,0.6931471805599453,0.6931471805599453,True,-38.3832945072,38.3832945072,26.5
36ad2fa722f4915ef23d2c81351261de,Cincinnati Bengals @ Houston Texans,Dalton Schultz,fanduel,FanDuel,receptions,Receptions,over,4.5,-132,3.2028693706,0.4210526316,0.0,0.5689655172,0.5322580645,0.5407914021,4.5,5,-1479.1288566243,-25.9968102073,Calibration fitted; not prospectively validated,2026-09-20T13:53:09Z,2026-09-20T17:00:00Z,Sun 1:00 PM ET,Houston Texans,Cincinnati Bengals,5a4f3bf,2026_02_CIN_HOU,12.0,graded,win,0.7575757575757576,0.7575757575757576,1.0,0.33518005537728524,0.2108725363852839,0.8649974374366045,0.6147216528634928,False,-8.7971306294,8.7971306294,7.5
36ad2fa722f4915ef23d2c81351261de,Cincinnati Bengals @ Houston Texans,Dalton Schultz,bovada,Bovada,recv_yds,Receiving yards,over,43.5,110,33.225663856,0.4985632184,0.0,0.4761904762,0.4458598726,0.4739828782,43.5,2,223.7274220033,4.6982758621,Calibration fitted; not prospectively validated,2026-09-20T13:51:54Z,2026-09-20T17:00:00Z,Sun 1:00 PM ET,Houston Texans,Cincinnati Bengals,5a4f3bf,2026_02_CIN_HOU,140.0,graded,win,1.1,1.1,1.0,0.2514388459413662,0.27669401242675606,0.6960248803691166,0.7465840798804019,False,-106.774336144,106.774336144,96.5
36ad2fa722f4915ef23d2c81351261de,Cincinnati Bengals @ Houston Texans,David Montgomery,betmgm,BetMGM,receptions,Receptions,over,1.5,-160,2.6366506892,0.5475728155,0.0,0.6153846154,0.5751633987,0.5979747952,1.5,4,-678.1179985063,-11.0194174757,Calibration fitted; not prospectively validated,2026-09-20T13:52:32Z,2026-09-20T17:00:00Z,Sun 1:00 PM ET,Houston Texans,Cincinnati Bengals,5a4f3bf,2026_02_CIN_HOU,2.0,graded,win,0.625,0.625,1.0,0.204690357274597,0.16162426529448198,0.6022598297876792,0.5142066744147614,True,0.6366506892000001,0.6366506892000001,0.5
36ad2fa722f4915ef23d2c81351261de,Cincinnati Bengals @ Houston Texans,David Montgomery,fanduel,FanDuel,recv_yds,Receiving yards,over,11.5,-113,21.7452953914,0.5014367816,0.0,0.5305164319,0.5,0.5030135005,11.5,3,-290.7965031569,-5.4813854135,Calibration fitted; not prospectively validated,2026-09-20T13:53:09Z,2026-09-20T17:00:00Z,Sun 1:00 PM ET,Houston Texans,Cincinnati Bengals,5a4f3bf,2026_02_CIN_HOU,14.0,graded,win,0.8849557522123894,0.8849557522123894,1.0,0.24856528274136605,0.24699558068526345,0.6902777381503304,0.6871382692823444,True,7.745295391399999,7.745295391399999,2.5
36ad2fa722f4915ef23d2c81351261de,Cincinnati Bengals @ Houston Texans,David Montgomery,betmgm,BetMGM,rush_attempts,Rushing attempts,over,15.5,-115,12.5212747368,0.4915254237,0.0,0.5348837209,0.5,0.5041554124,15.5,3,-433.5829720142,-8.1061164333,Calibration fitted; not prospectively validated,2026-09-20T13:52:32Z,2026-09-20T17:00:00Z,Sun 1:00 PM ET,Houston Texans,Cincinnati Bengals,5a4f3bf,2026_02_CIN_HOU,6.0,graded,loss,-1.0,0.8695652173913043,0.0,0.24159724214346454,0.25417267985221403,0.6763400621868974,0.701492732807378,True,6.521274736800001,6.521274736800001,9.5
36ad2fa722f4915ef23d2c81351261de,Cincinnati Bengals @ Houston Texans,David Montgomery,draftkings,DraftKings,rush_yds,Rushing yards,over,63.5,-110,51.2948346674,0.5,0.0,0.5238095238,0.4957877001,0.5,63.0,3,-238.0952380952,-4.5454545455,Calibration fitted; not prospectively validated,2026-09-20T13:53:13Z,2026-09-20T17:00:00Z,Sun 1:00 PM ET,Houston Texans,Cincinnati Bengals,5a4f3bf,2026_02_CIN_HOU,10.0,graded,loss,-1.0,0.9090909090909091,0.0,0.25,0.25,0.6931471805599453,0.6931471805599453,False,41.2948346674,41.2948346674,53.5
36ad2fa722f4915ef23d2c81351261de,Cincinnati Bengals @ Houston Texans,Foster Moreau,draftkings,DraftKings,receptions,Receptions,over,0.5,-218,2.7825805692,0.5789473684,0.0,0.6855345912,0.6483934455,0.6529968454,0.5,3,-1065.8722277392,-15.548044423,Calibration fitted; not prospectively validated,2026-09-20T13:53:13Z,2026-09-20T17:00:00Z,Sun 1:00 PM ET,Houston Texans,Cincinnati Bengals,5a4f3bf,2026_02_CIN_HOU,2.0,graded,win,0.45871559633027525,0.45871559633027525,1.0,0.17728531857728527,0.12041118930235148,0.5465437064044335,0.42618298065152505,True,0.7825805691999999,0.7825805691999999,1.5
36ad2fa722f4915ef23d2c81351261de,Cincinnati Bengals @ Houston Texans,Foster Moreau,draftkings,DraftKings,recv_yds,Receiving yards,over,6.5,-117,31.0979913742,0.5163043478,0.0,0.5391705069,0.5105400734,0.5103307654,6.5,2,-228.6615908636,-4.2409884801,Calibration fitted; not prospectively validated,2026-09-20T13:53:13Z,2026-09-20T17:00:00Z,Sun 1:00 PM ET,Houston Texans,Cincinnati Bengals,5a4f3bf,2026_02_CIN_HOU,34.0,graded,win,0.8547008547008547,0.8547008547008547,1.0,0.23396148395718336,0.23977595931374984,0.6610588660589711,0.6726962038798147,True,-2.9020086258000006,2.9020086258000006,27.5
36ad2fa722f4915ef23d2c81351261de,Cincinnati Bengals @ Houston Texans,Ja'Marr Chase,betrivers,BetRivers,receptions,Receptions,over,6.5,-110,4.0098701734,0.4210526316,0.0,0.5238095238,,0.5030953364,6.5,5,-1027.5689223058,-19.6172248804,Calibration fitted; not prospectively validated,2026-09-20T13:52:39Z,2026-09-20T17:00:00Z,Sun 1:00 PM ET,Houston Texans,Cincinnati Bengals,5a4f3bf,2026_02_CIN_HOU,7.0,graded,win,0.9090909090909091,0.9090909090909091,1.0,0.33518005537728524,0.24691424470742912,0.8649974374366045,0.6869755912555167,False,-2.9901298265999996,2.9901298265999996,0.5
36ad2fa722f4915ef23d2c81351261de,Cincinnati Bengals @ Houston Texans,Ja'Marr Chase,draftkings,DraftKings,recv_yds,Receiving yards,over,77.5,-111,44.3292636184,0.4836956522,0.0,0.5260663507,0.4978941162,0.5,77.5,4,-423.7069853699,-8.0542499021,Calibration fitted; not prospectively validated,2026-09-20T13:53:13Z,2026-09-20T17:00:00Z,Sun 1:00 PM ET,Houston Texans,Cincinnati Bengals,5a4f3bf,2026_02_CIN_HOU,75.0,graded,loss,-1.0,0.9009009009009009,0.0,0.23396148395718336,0.25,0.6610588660589711,0.6931471805599453,True,-30.6707363816,30.6707363816,2.5
36ad2fa722f4915ef23d2c81351261de,Cincinnati Bengals @ Houston Texans,Jaylin Noel,betmgm,BetMGM,receptions,Receptions,over,2.5,100,3.4687186323,0.5475728155,0.0,0.5,0.4653465347,0.4897419064,2.5,5,475.7281553398,9.5145631068,Calibration fitted; not prospectively validated,2026-09-20T13:52:32Z,2026-09-20T17:00:00Z,Sun 1:00 PM ET,Houston Texans,Cincinnati Bengals,5a4f3bf,2026_02_CIN_HOU,1.0,graded,loss,-1.0,1.0,0.0,0.29983598827459707,0.23984713488430634,0.7931284470229284,0.6728386153895659,False,2.4687186323,2.4687186323,1.5
36ad2fa722f4915ef23d2c81351261de,Cincinnati Bengals @ Houston Texans,Jaylin Noel,draftkings,DraftKings,recv_yds,Receiving yards,over,27.5,-110,52.7196466303,0.5014367816,0.0,0.5238095238,0.4957877001,0.5,26.5,3,-223.7274220033,-4.2711598746,Calibration fitted; not prospectively validated,2026-09-20T13:53:13Z,2026-09-20T17:00:00Z,Sun 1:00 PM ET,Houston Texans,Cincinnati Bengals,5a4f3bf,2026_02_CIN_HOU,31.0,graded,win,0.9090909090909091,0.9090909090909091,1.0,0.24856528274136605,0.25,0.6902777381503304,0.6931471805599453,True,21.719646630299998,21.719646630299998,3.5
36ad2fa722f4915ef23d2c81351261de,Cincinnati Bengals @ Houston Texans,Joe Burrow,fanatics,Fanatics,pass_attempts,Passing attempts,over,35.5,-115,37.6014052132,0.5,0.0,0.5348837209,0.5,0.5072189297,35.5,4,-348.8372093023,-6.5217391304,Calibration fitted; not prospectively validated,2026-09-20T13:52:40Z,2026-09-20T17:00:00Z,Sun 1:00 PM ET,Houston Texans,Cincinnati Bengals,5a4f3bf,2026_02_CIN_HOU,31.0,graded,loss,-1.0,0.8695652173913043,0.0,0.25,0.2572710426460136,0.6931471805599453,0.707690280041192,False,6.601405213200003,6.601405213200003,4.5
36ad2fa722f4915ef23d2c81351261de,Cincinnati Bengals @ Houston Texans,Joe Burrow,fanatics,Fanatics,pass_completions,Passing completions,over,23.5,-105,26.8581465808,0.5,0.0,0.512195122,0.4796954315,0.4897419064,23.5,5,-121.9512195122,-2.380952381,Calibration fitted; not prospectively validated,2026-09-20T13:52:40Z,2026-09-20T17:00:00Z,Sun 1:00 PM ET,Houston Texans,Cincinnati Bengals,5a4f3bf,2026_02_CIN_HOU,20.0,graded,loss,-1.0,0.9523809523809523,0.0,0.25,0.23984713488430634,0.6931471805599453,0.6728386153895659,False,6.8581465808,6.8581465808,3.5
36ad2fa722f4915ef23d2c81351261de,Cincinnati Bengals @ Houston Texans,Joe Burrow,fanduel,FanDuel,pass_tds,Passing touchdowns,over,1.5,-115,0.611,0.4666666667,0.0,0.5348837209,0.5020496003,0.5130795235,1.5,7,-682.1705426357,-12.7536231884,Calibration fitted; not prospectively validated,2026-09-20T13:53:09Z,2026-09-20T17:00:00Z,Sun 1:00 PM ET,Houston Texans,Cincinnati Bengals,5a4f3bf,2026_02_CIN_HOU,2.0,graded,win,0.8695652173913043,0.8695652173913043,1.0,0.2844444444088889,0.2370915504349871,0.7621400519754682,0.6673244292559937,False,-1.389,1.389,0.5
36ad2fa722f4915ef23d2c81351261de,Cincinnati Bengals @ Houston Texans,Joe Burrow,draftkings,DraftKings,pass_yds,Passing yards,over,248.5,-111,268.5615754707,0.5,0.0,0.5260663507,0.4978941162,0.5,248.5,3,-260.663507109,-4.954954955,Calibration fitted; not prospectively validated,2026-09-20T13:53:13Z,2026-09-20T17:00:00Z,Sun 1:00 PM ET,Houston Texans,Cincinnati Bengals,5a4f3bf,2026_02_CIN_HOU,207.0,graded,loss,-1.0,0.9009009009009009,0.0,0.25,0.25,0.6931471805599453,0.6931471805599453,False,61.56157547070001,61.56157547070001,41.5
36ad2fa722f4915ef23d2c81351261de,Cincinnati Bengals @ Houston Texans,Joe Burrow,draftkings,DraftKings,rush_attempts,Rushing attempts,over,2.5,-127,4.2385783617,0.506993007,0.0,0.5594713656,0.5280665281,0.5280665281,2.5,1,-524.7835864576,-9.3799900887,Calibration fitted; not prospectively validated,2026-09-20T13:53:13Z,2026-09-20T17:00:00Z,Sun 1:00 PM ET,Houston Texans,Cincinnati Bengals,5a4f3bf,2026_02_CIN_HOU,1.0,graded,loss,-1.0,0.7874015748031497,0.0,0.2570419091469021,0.2788542580995881,0.7072319204558688,0.7509172526952836,False,3.2385783617,3.2385783617,1.5
36ad2fa722f4915ef23d2c81351261de,Cincinnati Bengals @ Houston Texans,Joe Burrow,betrivers,BetRivers,rush_yds,Rushing yards,over,8.5,-109,15.8085883941,0.5647668394,0.0,0.5215311005,0.4869204765,0.5,8.5,4,432.3573889977,8.2901554404,Calibration fitted; not prospectively validated,2026-09-20T13:52:39Z,2026-09-20T17:00:00Z,Sun 1:00 PM ET,Houston Texans,Cincinnati Bengals,5a4f3bf,2026_02_CIN_HOU,-1.0,graded,loss,-1.0,0.9174311926605505,0.0,0.31896158288586546,0.25,0.831873390111572,0.6931471805599453,False,16.8085883941,16.8085883941,9.5
36ad2fa722f4915ef23d2c81351261de,Cincinnati Bengals @ Houston Texans,Kayshon Boutte,betonlineag,BetOnline.ag,receptions,Receptions,over,2.5,-164,2.0941815971,0.4524271845,0.0,0.6212121212,0.5829383886,0.583497053,2.5,3,-1687.849367461,-27.1702581103,Calibration fitted; not prospectively validated,2026-09-20T13:53:14Z,2026-09-20T17:00:00Z,Sun 1:00 PM ET,Houston Texans,Cincinnati Bengals,5a4f3bf,2026_02_CIN_HOU,3.0,graded,win,0.6097560975609756,0.6097560975609756,1.0,0.29983598827459695,0.17347470485968483,0.7931284470229283,0.5387158778252642,False,-0.9058184029,0.9058184029,0.5
36ad2fa722f4915ef23d2c81351261de,Cincinnati Bengals @ Houston Texans,Kayshon Boutte,draftkings,DraftKings,recv_yds,Receiving yards,over,35.5,-111,33.070943722,0.5,0.0,0.5260663507,0.4978941162,0.5,35.5,5,-260.663507109,-4.954954955,Calibration fitted; not prospectively validated,2026-09-20T13:53:13Z,2026-09-20T17:00:00Z,Sun 1:00 PM ET,Houston Texans,Cincinnati Bengals,5a4f3bf,2026_02_CIN_HOU,37.0,graded,win,0.9009009009009009,0.9009009009009009,1.0,0.25,0.25,0.6931471805599453,0.6931471805599453,True,-3.9290562779999973,3.9290562779999973,1.5
36ad2fa722f4915ef23d2c81351261de,Cincinnati Bengals @ Houston Texans,Samaje Perine,bovada,Bovada,receptions,Receptions,over,1.5,135,2.3608719993,0.5475728155,0.0,0.4255319149,0.3982930299,0.4170324846,1.5,5,1220.4090064036,28.6796116505,Calibration fitted; not prospectively validated,2026-09-20T13:51:54Z,2026-09-20T17:00:00Z,Sun 1:00 PM ET,Houston Texans,Cincinnati Bengals,5a4f3bf,2026_02_CIN_HOU,1.0,graded,loss,-1.0,1.35,0.0,0.29983598827459707,0.17391609321164922,0.7931284470229284,0.5396238139096037,False,1.3608719993,1.3608719993,0.5
36ad2fa722f4915ef23d2c81351261de,Cincinnati Bengals @ Houston Texans,Samaje Perine,fanduel,FanDuel,recv_yds,Receiving yards,over,7.5,-113,19.6726584354,0.5014367816,0.0,0.5305164319,0.5,0.5031598905,7.5,4,-290.7965031569,-5.4813854135,Calibration fitted; not prospectively validated,2026-09-20T13:53:09Z,2026-09-20T17:00:00Z,Sun 1:00 PM ET,Houston Texans,Cincinnati Bengals,5a4f3bf,2026_02_CIN_HOU,16.0,graded,win,0.8849557522123894,0.8849557522123894,1.0,0.24856528274136605,0.246850094407972,0.6902777381503304,0.6868472856361016,True,3.672658435399999,3.672658435399999,8.5
36ad2fa722f4915ef23d2c81351261de,Cincinnati Bengals @ Houston Texans,Samaje Perine,fanatics,Fanatics,rush_attempts,Rushing attempts,over,4.5,-105,4.5117765585,0.5,0.0,0.512195122,0.4796954315,0.493765586,4.5,3,-121.9512195122,-2.380952381,Calibration fitted; not prospectively validated,2026-09-20T13:52:40Z,2026-09-20T17:00:00Z,Sun 1:00 PM ET,Houston Texans,Cincinnati Bengals,5a4f3bf,2026_02_CIN_HOU,2.0,graded,loss,-1.0,0.9523809523809523,0.0,0.25,0.24380445391792338,0.6931471805599453,0.6807554481958163,False,2.5117765585000003,2.5117765585000003,2.5
36ad2fa722f4915ef23d2c81351261de,Cincinnati Bengals @ Houston Texans,Samaje Perine,fanduel,FanDuel,rush_yds,Rushing yards,over,17.5,-113,18.8627881651,0.5,0.0,0.5305164319,0.5,0.5057397633,17.5,4,-305.1643192488,-5.7522123894,Calibration fitted; not prospectively validated,2026-09-20T13:53:09Z,2026-09-20T17:00:00Z,Sun 1:00 PM ET,Houston Texans,Cincinnati Bengals,5a4f3bf,2026_02_CIN_HOU,6.0,graded,loss,-1.0,0.8849557522123894,0.0,0.25,0.25577270818274006,0.6931471805599453,0.7046931055626858,False,12.8627881651,12.8627881651,11.5
36ad2fa722f4915ef23d2c81351261de,Cincinnati Bengals @ Houston Texans,Tee Higgins,draftkings,DraftKings,receptions,Receptions,over,3.5,-154,3.4037374185,0.4591194969,0.0,0.6062992126,0.5715249663,0.5790508937,3.5,4,-1471.7971574308,-24.2750959732,Calibration fitted; not prospectively validated,2026-09-20T13:53:13Z,2026-09-20T17:00:00Z,Sun 1:00 PM ET,Houston Texans,Cincinnati Bengals,5a4f3bf,2026_02_CIN_HOU,5.0,graded,win,0.6493506493506493,0.6493506493506493,1.0,0.29255171863370916,0.17719815009476875,0.7784447609745802,0.5463649059629061,False,-1.5962625815,1.5962625815,1.5
36ad2fa722f4915ef23d2c81351261de,Cincinnati Bengals @ Houston Texans,Tee Higgins,fanduel,FanDuel,recv_yds,Receiving yards,over,55.5,-113,49.9052776909,0.5,0.0,0.5305164319,0.5,0.5,54.5,3,-305.1643192488,-5.7522123894,Calibration fitted; not prospectively validated,2026-09-20T13:53:09Z,2026-09-20T17:00:00Z,Sun 1:00 PM ET,Houston Texans,Cincinnati Bengals,5a4f3bf,2026_02_CIN_HOU,95.0,graded,win,0.8849557522123894,0.8849557522123894,1.0,0.25,0.25,0.6931471805599453,0.6931471805599453,True,-45.0947223091,45.0947223091,39.5
36ad2fa722f4915ef23d2c81351261de,Cincinnati Bengals @ Houston Texans,Woody Marks,fanduel,FanDuel,receptions,Receptions,over,1.5,112,2.0564193172,0.5475728155,0.0,0.4716981132,0.4414696668,0.450619602,1.5,5,758.7470232643,16.0854368932,Calibration fitted; not prospectively validated,2026-09-20T13:53:09Z,2026-09-20T17:00:00Z,Sun 1:00 PM ET,Houston Texans,Cincinnati Bengals,5a4f3bf,2026_02_CIN_HOU,5.0,graded,win,1.12,1.12,1.0,0.204690357274597,0.30181882170663843,0.6022598297876792,0.7971317499328405,True,-2.9435806828,2.9435806828,3.5
36ad2fa722f4915ef23d2c81351261de,Cincinnati Bengals @ Houston Texans,Woody Marks,fanduel,FanDuel,recv_yds,Receiving yards,over,10.5,-113,12.6978901528,0.5,0.0,0.5305164319,0.5,0.5082034454,10.5,5,-305.1643192488,-5.7522123894,Calibration fitted; not prospectively validated,2026-09-20T13:53:09Z,2026-09-20T17:00:00Z,Sun 1:00 PM ET,Houston Texans,Cincinnati Bengals,5a4f3bf,2026_02_CIN_HOU,27.0,graded,win,0.8849557522123894,0.8849557522123894,1.0,0.25,0.24186385111643083,0.6931471805599453,0.6768734285047299,True,-14.3021098472,14.3021098472,16.5
36ad2fa722f4915ef23d2c81351261de,Cincinnati Bengals @ Houston Texans,Woody Marks,betmgm,BetMGM,rush_attempts,Rushing attempts,over,7.5,-105,8.8873023133,0.506993007,0.0,0.512195122,0.4753937008,0.5083149711,7.5,3,-52.0211495821,-1.0156510157,Calibration fitted; not prospectively validated,2026-09-20T13:52:32Z,2026-09-20T17:00:00Z,Sun 1:00 PM ET,Houston Texans,Cincinnati Bengals,5a4f3bf,2026_02_CIN_HOU,8.0,graded,win,0.9523809523809523,0.9523809523809523,1.0,0.243055895146902,0.24175416764439384,0.679258068385485,0.6766540016873948,True,0.8873023132999993,0.8873023132999993,0.5
36ad2fa722f4915ef23d2c81351261de,Cincinnati Bengals @ Houston Texans,Woody Marks,fanduel,FanDuel,rush_yds,Rushing yards,over,29.5,-113,37.1400924826,0.5,0.0,0.5305164319,0.5,0.5083161529,29.5,4,-305.1643192488,-5.7522123894,Calibration fitted; not prospectively validated,2026-09-20T13:53:09Z,2026-09-20T17:00:00Z,Sun 1:00 PM ET,Houston Texans,Cincinnati Bengals,5a4f3bf,2026_02_CIN_HOU,8.0,graded,loss,-1.0,0.8849557522123894,0.0,0.25,0.2583853112990562,0.6931471805599453,0.7099193562325905,False,29.140092482599997,29.140092482599997,21.5
36ad2fa722f4915ef23d2c81351261de,Cincinnati Bengals @ Houston Texans,Xavier Hutchinson,fanduel,FanDuel,receptions,Receptions,over,2.5,-148,2.3025230067,0.4591194969,0.0,0.5967741935,0.5585303332,0.5655951347,2.5,5,-1376.5469669304,-23.0664626891,Calibration fitted; not prospectively validated,2026-09-20T13:53:09Z,2026-09-20T17:00:00Z,Sun 1:00 PM ET,Houston Texans,Cincinnati Bengals,5a4f3bf,2026_02_CIN_HOU,3.0,graded,win,0.6756756756756757,0.6756756756756757,1.0,0.29255171863370916,0.18870758699631116,0.7784447609745802,0.5698767664523303,False,-0.6974769933,0.6974769933,0.5
36ad2fa722f4915ef23d2c81351261de,Cincinnati Bengals @ Houston Texans,Xavier Hutchinson,betrivers,BetRivers,recv_yds,Receiving yards,over,32.5,-113,28.2036147398,0.5,0.0,0.5305164319,0.4949766919,0.4974883459,32.5,2,-305.1643192488,-5.7522123894,Calibration fitted; not prospectively validated,2026-09-20T13:52:39Z,2026-09-20T17:00:00Z,Sun 1:00 PM ET,Houston Texans,Cincinnati Bengals,5a4f3bf,2026_02_CIN_HOU,37.0,graded,win,0.8849557522123894,0.8849557522123894,1.0,0.25,0.25251796250631803,0.6931471805599453,0.6981831479845,True,-8.796385260200001,8.796385260200001,4.5
4aeee070bb6ec60bdfae4dede61b9014,Green Bay Packers @ New York Jets,Adonai Mitchell,draftkings,DraftKings,receptions,Receptions,over,2.5,-119,3.4719416804,0.5475728155,0.0,0.5433789954,0.5124828361,0.5221685501,2.5,4,41.9382010019,0.7718038672,Calibration fitted; not prospectively validated,2026-09-20T13:53:13Z,2026-09-20T17:00:00Z,Sun 1:00 PM ET,New York Jets,Green Bay Packers,5a4f3bf,2026_02_GB_NYJ,6.0,graded,win,0.8403361344537815,0.8403361344537815,1.0,0.204690357274597,0.22832289451353624,0.6022598297876792,0.6497648503063184,True,-2.5280583196,2.5280583196,3.5
4aeee070bb6ec60bdfae4dede61b9014,Green Bay Packers @ New York Jets,Adonai Mitchell,draftkings,DraftKings,recv_yds,Receiving yards,over,33.5,-112,52.8310329491,0.5014367816,0.0,0.5283018868,0.5010601306,0.5,34.0,3,-268.6510518326,-5.085180624,Calibration fitted; not prospectively validated,2026-09-20T13:53:13Z,2026-09-20T17:00:00Z,Sun 1:00 PM ET,New York Jets,Green Bay Packers,5a4f3bf,2026_02_GB_NYJ,63.0,graded,win,0.8928571428571429,0.8928571428571429,1.0,0.24856528274136605,0.25,0.6902777381503304,0.6931471805599453,True,-10.168967050900001,10.168967050900001,29.5
4aeee070bb6ec60bdfae4dede61b9014,Green Bay Packers @ New York Jets,Braelon Allen,draftkings,DraftKings,rush_yds,Rushing yards,over,23.5,-111,28.5945675984,0.5,0.0,0.5260663507,0.4978941162,0.5039936102,23.5,4,-260.663507109,-4.954954955,Calibration fitted; not prospectively validated,2026-09-20T13:53:13Z,2026-09-20T17:00:00Z,Sun 1:00 PM ET,New York Jets,Green Bay Packers,5a4f3bf,2026_02_GB_NYJ,7.0,graded,loss,-1.0,0.9009009009009009,0.0,0.25,0.25400955912242956,0.6931471805599453,0.7011664696789001,False,21.5945675984,21.5945675984,16.5
4aeee070bb6ec60bdfae4dede61b9014,Green Bay Packers @ New York Jets,Breece Hall,betrivers,BetRivers,receptions,Receptions,over,2.5,-129,2.729213427,0.5408805031,0.0,0.5633187773,,0.5310164042,2.5,5,-224.3827414792,-3.9832285115,Calibration fitted; not prospectively validated,2026-09-20T13:53:00Z,2026-09-20T17:00:00Z,Sun 1:00 PM ET,New York Jets,Green Bay Packers,5a4f3bf,2026_02_GB_NYJ,5.0,graded,win,0.7751937984496124,0.7751937984496124,1.0,0.2107907124337091,0.2199456131294978,0.6145569060492819,0.6329623651853631,True,-2.270786573,2.270786573,2.5
4aeee070bb6ec60bdfae4dede61b9014,Green Bay Packers @ New York Jets,Breece Hall,betrivers,BetRivers,recv_yds,Receiving yards,over,18.5,-110,23.7921874918,0.5,0.0,0.5238095238,0.4889380531,0.5025798729,18.5,4,-238.0952380952,-4.5454545455,Calibration fitted; not prospectively validated,2026-09-20T13:53:00Z,2026-09-20T17:00:00Z,Sun 1:00 PM ET,New York Jets,Green Bay Packers,5a4f3bf,2026_02_GB_NYJ,63.0,graded,win,0.9090909090909091,0.9090909090909091,1.0,0.25,0.2474267828441802,0.6931471805599453,0.688000700635509,True,-39.2078125082,39.2078125082,44.5
4aeee070bb6ec60bdfae4dede61b9014,Green Bay Packers @ New York Jets,Breece Hall,draftkings,DraftKings,rush_attempts,Rushing attempts,over,15.5,-128,12.5955843713,0.4915254237,0.0,0.5614035088,0.5289256198,0.5297689324,15.5,2,-698.7808504312,-12.4470338983,Calibration fitted; not prospectively validated,2026-09-20T13:53:13Z,2026-09-20T17:00:00Z,Sun 1:00 PM ET,New York Jets,Green Bay Packers,5a4f3bf,2026_02_GB_NYJ,16.0,graded,win,0.78125,0.78125,1.0,0.2585463947434646,0.22111725693623577,0.7102416139778661,0.6353143441051745,False,-3.4044156287000007,3.4044156287000007,0.5
4aeee070bb6ec60bdfae4dede61b9014,Green Bay Packers @ New York Jets,Breece Hall,draftkings,DraftKings,rush_yds,Rushing yards,over,65.5,-113,56.0329285413,0.5,0.0,0.5305164319,0.5021058838,0.5,65.5,5,-305.1643192488,-5.7522123894,Calibration fitted; not prospectively validated,2026-09-20T13:53:13Z,2026-09-20T17:00:00Z,Sun 1:00 PM ET,New York Jets,Green Bay Packers,5a4f3bf,2026_02_GB_NYJ,29.0,graded,loss,-1.0,0.8849557522123894,0.0,0.25,0.25,0.6931471805599453,0.6931471805599453,False,27.032928541300002,27.032928541300002,36.5
4aeee070bb6ec60bdfae4dede61b9014,Green Bay Packers @ New York Jets,Chris Brooks,betmgm,BetMGM,receptions,Receptions,over,1.5,120,0.6485421938,0.4210526316,0.0,0.4545454545,0.4248366013,0.4329742261,1.5,5,-334.9282296651,-7.3684210526,Calibration fitted; not prospectively validated,2026-09-20T13:52:25Z,2026-09-20T17:00:00Z,Sun 1:00 PM ET,New York Jets,Green Bay Packers,5a4f3bf,2026_02_GB_NYJ,1.0,graded,loss,-1.0,1.2,0.0,0.17728531857728533,0.18746668046689394,0.5465437064044336,0.5673505196737489,True,-0.3514578062,0.3514578062,0.5
4aeee070bb6ec60bdfae4dede61b9014,Green Bay Packers @ New York Jets,Chris Brooks,draftkings,DraftKings,recv_yds,Receiving yards,over,9.5,-113,4.4351209488,0.4836956522,0.0,0.5305164319,0.5021058838,0.5036328148,9.5,4,-468.2077975097,-8.8255098115,Calibration fitted; not prospectively validated,2026-09-20T13:53:13Z,2026-09-20T17:00:00Z,Sun 1:00 PM ET,New York Jets,Green Bay Packers,5a4f3bf,2026_02_GB_NYJ,15.0,graded,win,0.8849557522123894,0.8849557522123894,1.0,0.2665701795571834,0.2463803825433711,0.7262993878229133,0.685907818489997,False,-10.5648790512,10.5648790512,5.5
4aeee070bb6ec60bdfae4dede61b9014,Green Bay Packers @ New York Jets,Chris Brooks,fanduel,FanDuel,rush_yds,Rushing yards,over,24.5,-113,21.5078639353,0.5,0.0,0.5305164319,0.5,0.5042144302,24.5,4,-305.1643192488,-5.7522123894,Calibration fitted; not prospectively validated,2026-09-20T13:53:04Z,2026-09-20T17:00:00Z,Sun 1:00 PM ET,New York Jets,Green Bay Packers,5a4f3bf,2026_02_GB_NYJ,11.0,graded,loss,-1.0,0.8849557522123894,0.0,0.25,0.2542321916219107,0.6931471805599453,0.7016117646856026,False,10.507863935300001,10.507863935300001,13.5
4aeee070bb6ec60bdfae4dede61b9014,Green Bay Packers @ New York Jets,Christian Watson,draftkings,DraftKings,receptions,Receptions,over,3.5,-158,3.4643895278,0.5,0.0,0.6124031008,0.5783762583,0.5767698285,4.0,2,-1124.0310077519,-18.3544303797,Calibration fitted; not prospectively validated,2026-09-20T13:53:13Z,2026-09-20T17:00:00Z,Sun 1:00 PM ET,New York Jets,Green Bay Packers,5a4f3bf,2026_02_GB_NYJ,4.0,graded,win,0.6329113924050633,0.6329113924050633,1.0,0.25,0.1791237780679194,0.6931471805599453,0.5503120028053287,True,-0.5356104722000001,0.5356104722000001,0.5
4aeee070bb6ec60bdfae4dede61b9014,Green Bay Packers @ New York Jets,Christian Watson,draftkings,DraftKings,recv_yds,Receiving yards,over,60.5,-114,56.7383549389,0.5,0.0,0.5327102804,0.5042122999,0.5042122999,60.5,3,-327.1028037383,-6.1403508772,Calibration fitted; not prospectively validated,2026-09-20T13:53:13Z,2026-09-20T17:00:00Z,Sun 1:00 PM ET,New York Jets,Green Bay Packers,5a4f3bf,2026_02_GB_NYJ,41.0,graded,loss,-1.0,0.8771929824561403,0.0,0.25,0.2542300433704476,0.6931471805599453,0.701607467877561,False,15.738354938900002,15.738354938900002,19.5
4aeee070bb6ec60bdfae4dede61b9014,Green Bay Packers @ New York Jets,Garrett Wilson,betonlineag,BetOnline.ag,receptions,Receptions,over,5.5,-114,5.6775749387,0.5408805031,0.0,0.5327102804,0.5,0.5310164042,5.5,5,81.7022277082,1.533708485,Calibration fitted; not prospectively validated,2026-09-20T13:52:30Z,2026-09-20T17:00:00Z,Sun 1:00 PM ET,New York Jets,Green Bay Packers,5a4f3bf,2026_02_GB_NYJ,5.0,graded,loss,-1.0,0.8771929824561403,0.0,0.29255171863370916,0.28197842152949776,0.7784447609745802,0.7571874881198476,False,0.6775749387000003,0.6775749387000003,0.5
4aeee070bb6ec60bdfae4dede61b9014,Green Bay Packers @ New York Jets,Garrett Wilson,betrivers,BetRivers,recv_yds,Receiving yards,over,66.5,-113,72.3052357845,0.5,0.0,0.5305164319,0.4949766919,0.5042122999,66.5,3,-305.1643192488,-5.7522123894,Calibration fitted; not prospectively validated,2026-09-20T13:53:00Z,2026-09-20T17:00:00Z,Sun 1:00 PM ET,New York Jets,Green Bay Packers,5a4f3bf,2026_02_GB_NYJ,57.0,graded,loss,-1.0,0.8849557522123894,0.0,0.25,0.2542300433704476,0.6931471805599453,0.701607467877561,False,15.305235784499999,15.305235784499999,9.5
4aeee070bb6ec60bdfae4dede61b9014,Green Bay Packers @ New York Jets,Geno Smith,bovada,Bovada,pass_attempts,Passing attempts,over,30.5,-105,26.5761881884,0.3636363636,0.0,0.512195122,0.4796954315,0.4824089404,30.5,3,-1485.5875831486,-29.0043290043,Calibration fitted; not prospectively validated,2026-09-20T13:51:28Z,2026-09-20T17:00:00Z,Sun 1:00 PM ET,New York Jets,Green Bay Packers,5a4f3bf,2026_02_GB_NYJ,41.0,graded,win,0.9523809523809523,0.9523809523809523,1.0,0.4049586777322315,0.26790050497785073,1.0116009117784799,0.7289631005734025,False,-14.4238118116,14.4238118116,10.5
4aeee070bb6ec60bdfae4dede61b9014,Green Bay Packers @ New York Jets,Geno Smith,draftkings,DraftKings,pass_completions,Passing completions,over,20.5,-103,19.9321411413,0.5,0.0,0.5073891626,0.4782356355,0.4796954315,20.5,3,-73.8916256158,-1.4563106796,Calibration fitted; not prospectively validated,2026-09-20T13:53:13Z,2026-09-20T17:00:00Z,Sun 1:00 PM ET,New York Jets,Green Bay Packers,5a4f3bf,2026_02_GB_NYJ,27.0,graded,win,0.970873786407767,0.970873786407767,1.0,0.25,0.27071684400197127,0.6931471805599453,0.7346038941800904,True,-7.067858858699999,7.067858858699999,6.5
4aeee070bb6ec60bdfae4dede61b9014,Green Bay Packers @ New York Jets,Geno Smith,betrivers,BetRivers,pass_tds,Passing touchdowns,over,1.5,185,0.0106,0.25,0.0,0.350877193,0.3294117647,0.3466673033,1.5,6,-1008.7719298246,-28.75,Calibration fitted; not prospectively validated,2026-09-20T13:53:00Z,2026-09-20T17:00:00Z,Sun 1:00 PM ET,New York Jets,Green Bay Packers,5a4f3bf,2026_02_GB_NYJ,1.0,graded,loss,-1.0,1.85,0.0,0.0625,0.1201782191772942,0.2876820724517809,0.4256687898649342,True,-0.9894,0.9894,0.5
4aeee070bb6ec60bdfae4dede61b9014,Green Bay Packers @ New York Jets,Geno Smith,draftkings,DraftKings,pass_yds,Passing yards,over,207.5,-113,228.5141023757,0.5,0.0,0.5305164319,0.5021058838,0.5010529419,207.5,4,-305.1643192488,-5.7522123894,Calibration fitted; not prospectively validated,2026-09-20T13:53:13Z,2026-09-20T17:00:00Z,Sun 1:00 PM ET,New York Jets,Green Bay Packers,5a4f3bf,2026_02_GB_NYJ,247.0,graded,win,0.8849557522123894,0.8849557522123894,1.0,0.25,0.24894816678664472,0.6931471805599453,0.691043511025123,True,-18.48589762430001,18.48589762430001,39.5
4aeee070bb6ec60bdfae4dede61b9014,Green Bay Packers @ New York Jets,Geno Smith,fanduel,FanDuel,rush_yds,Rushing yards,over,7.5,-106,16.4077971064,0.5647668394,0.0,0.5145631068,0.4854288093,0.5101214575,7.5,5,502.0373258212,9.7565744452,Calibration fitted; not prospectively validated,2026-09-20T13:53:04Z,2026-09-20T17:00:00Z,Sun 1:00 PM ET,New York Jets,Green Bay Packers,5a4f3bf,2026_02_GB_NYJ,17.0,graded,win,0.9433962264150944,0.9433962264150944,1.0,0.18942790408586535,0.23998098640192428,0.5713423066372096,0.6731064296566579,True,-0.5922028935999997,0.5922028935999997,9.5
4aeee070bb6ec60bdfae4dede61b9014,Green Bay Packers @ New York Jets,Isaiah Williams,bovada,Bovada,receptions,Receptions,over,1.5,105,2.5346627042,0.5475728155,0.0,0.487804878,0.4592085979,0.4620082487,1.5,3,597.679374852,12.2524271845,Calibration fitted; not prospectively validated,2026-09-20T13:51:28Z,2026-09-20T17:00:00Z,Sun 1:00 PM ET,New York Jets,Green Bay Packers,5a4f3bf,2026_02_GB_NYJ,6.0,graded,win,1.05,1.05,1.0,0.204690357274597,0.28943512446684105,0.6022598297876792,0.7721725337307804,True,-3.4653372958,3.4653372958,4.5
4aeee070bb6ec60bdfae4dede61b9014,Green Bay Packers @ New York Jets,Isaiah Williams,draftkings,DraftKings,recv_yds,Receiving yards,over,11.5,-110,27.7552388284,0.5014367816,0.0,0.5238095238,0.4957877001,0.49789385,11.5,2,-223.7274220033,-4.2711598746,Calibration fitted; not prospectively validated,2026-09-20T13:53:13Z,2026-09-20T17:00:00Z,Sun 1:00 PM ET,New York Jets,Green Bay Packers,5a4f3bf,2026_02_GB_NYJ,34.0,graded,win,0.9090909090909091,0.9090909090909091,1.0,0.24856528274136605,0.2521105858678224,0.6902777381503304,0.6973683772881721,True,-6.2447611716,6.2447611716,22.5
4aeee070bb6ec60bdfae4dede61b9014,Green Bay Packers @ New York Jets,Jayden Reed,draftkings,DraftKings,receptions,Receptions,over,3.5,106,2.230642552,0.4210526316,0.0,0.4854368932,0.4580003898,0.4693877551,3.5,5,-643.8426162494,-13.2631578947,Calibration fitted; not prospectively validated,2026-09-20T13:53:13Z,2026-09-20T17:00:00Z,Sun 1:00 PM ET,New York Jets,Green Bay Packers,5a4f3bf,2026_02_GB_NYJ,1.0,graded,loss,-1.0,1.06,0.0,0.17728531857728533,0.2203248646378176,0.5465437064044336,0.6337237600852985,True,1.230642552,1.230642552,2.5
4aeee070bb6ec60bdfae4dede61b9014,Green Bay Packers @ New York Jets,Jayden Reed,fanduel,FanDuel,recv_yds,Receiving yards,over,37.5,-113,25.3843586818,0.4985632184,0.0,0.5305164319,0.5,0.50210615,37.5,4,-319.5321353408,-6.0230393653,Calibration fitted; not prospectively validated,2026-09-20T13:53:04Z,2026-09-20T17:00:00Z,Sun 1:00 PM ET,New York Jets,Green Bay Packers,5a4f3bf,2026_02_GB_NYJ,4.0,graded,loss,-1.0,0.8849557522123894,0.0,0.2485652827413661,0.25211058586782253,0.6902777381503304,0.6973683772881722,True,21.3843586818,21.3843586818,33.5
4aeee070bb6ec60bdfae4dede61b9014,Green Bay Packers @ New York Jets,Jordan Love,bovada,Bovada,pass_attempts,Passing attempts,over,33.5,100,28.3028210896,0.3636363636,0.0,0.5,0.4693877551,0.4740405383,33.5,3,-1363.6363636364,-27.2727272727,Calibration fitted; not prospectively validated,2026-09-20T13:51:28Z,2026-09-20T17:00:00Z,Sun 1:00 PM ET,New York Jets,Green Bay Packers,5a4f3bf,2026_02_GB_NYJ,29.0,graded,loss,-1.0,1.0,0.0,0.1322314049322314,0.22471443195175375,0.4519851236859143,0.6425311382258028,True,-0.6971789104000017,0.6971789104000017,4.5
4aeee070bb6ec60bdfae4dede61b9014,Green Bay Packers @ New York Jets,Jordan Love,draftkings,DraftKings,pass_completions,Passing completions,over,20.5,-128,14.1514105448,0.4571428571,0.0,0.5614035088,0.5289256198,0.5306122449,20.5,3,-1042.6065162907,-18.5714285714,Calibration fitted; not prospectively validated,2026-09-20T13:53:13Z,2026-09-20T17:00:00Z,Sun 1:00 PM ET,New York Jets,Green Bay Packers,5a4f3bf,2026_02_GB_NYJ,16.0,graded,loss,-1.0,0.78125,0.0,0.20897959179755105,0.2815493544378176,0.6109090822440258,0.7563260821858248,True,-1.8485894552000008,1.8485894552000008,4.5
4aeee070bb6ec60bdfae4dede61b9014,Green Bay Packers @ New York Jets,Jordan Love,fanduel,FanDuel,pass_tds,Passing touchdowns,over,1.5,-115,1.88,0.5,0.0,0.5348837209,0.5020496003,0.5347344778,1.5,7,-348.8372093023,-6.5217391304,Calibration fitted; not prospectively validated,2026-09-20T13:53:04Z,2026-09-20T17:00:00Z,Sun 1:00 PM ET,New York Jets,Green Bay Packers,5a4f3bf,2026_02_GB_NYJ,2.0,graded,win,0.8695652173913043,0.8695652173913043,1.0,0.25,0.21647200614803863,0.6931471805599453,0.6259849584628869,True,-0.1200000000000001,0.1200000000000001,0.5
4aeee070bb6ec60bdfae4dede61b9014,Green Bay Packers @ New York Jets,Jordan Love,draftkings,DraftKings,pass_yds,Passing yards,over,251.5,-111,159.6279109453,0.5,0.0,0.5260663507,0.4978941162,0.4989470581,251.5,2,-260.663507109,-4.954954955,Calibration fitted; not prospectively validated,2026-09-20T13:53:13Z,2026-09-20T17:00:00Z,Sun 1:00 PM ET,New York Jets,Green Bay Packers,5a4f3bf,2026_02_GB_NYJ,145.0,graded,loss,-1.0,0.9009009009009009,0.0,0.25,0.24894816678664478,0.6931471805599453,0.691043511025123,False,14.627910945299988,14.627910945299988,106.5
4aeee070bb6ec60bdfae4dede61b9014,Green Bay Packers @ New York Jets,Jordan Love,fanduel,FanDuel,rush_yds,Rushing yards,over,7.5,-113,10.755721726,0.5,0.0,0.5305164319,0.5,0.5101897756,7.5,6,-305.1643192488,-5.7522123894,Calibration fitted; not prospectively validated,2026-09-20T13:53:04Z,2026-09-20T17:00:00Z,Sun 1:00 PM ET,New York Jets,Green Bay Packers,5a4f3bf,2026_02_GB_NYJ,0.0,graded,loss,-1.0,0.8849557522123894,0.0,0.25,0.26029360712677835,0.6931471805599453,0.7137372600392307,False,10.755721726,10.755721726,7.5
4aeee070bb6ec60bdfae4dede61b9014,Green Bay Packers @ New York Jets,Kenyon Sadiq,betmgm,BetMGM,receptions,Receptions,over,2.5,100,3.5374281186,0.5475728155,0.0,0.5,0.4653465347,0.4723111002,2.5,5,475.7281553398,9.5145631068,Calibration fitted; not prospectively validated,2026-09-20T13:52:25Z,2026-09-20T17:00:00Z,Sun 1:00 PM ET,New York Jets,Green Bay Packers,5a4f3bf,2026_02_GB_NYJ,2.0,graded,loss,-1.0,1.0,0.0,0.29983598827459707,0.22307777537213444,0.7931284470229284,0.6392483738495528,False,1.5374281185999998,1.5374281185999998,0.5
4aeee070bb6ec60bdfae4dede61b9014,Green Bay Packers @ New York Jets,Kenyon Sadiq,fanduel,FanDuel,recv_yds,Receiving yards,over,20.5,-113,41.9635053303,0.5014367816,0.0,0.5305164319,0.5,0.5025798729,20.5,4,-290.7965031569,-5.4813854135,Calibration fitted; not prospectively validated,2026-09-20T13:53:04Z,2026-09-20T17:00:00Z,Sun 1:00 PM ET,New York Jets,Green Bay Packers,5a4f3bf,2026_02_GB_NYJ,17.0,graded,loss,-1.0,0.8849557522123894,0.0,0.2514388459413662,0.2525865286441801,0.6960248803691167,0.6983202838154999,False,24.963505330300002,24.963505330300002,3.5
4aeee070bb6ec60bdfae4dede61b9014,Green Bay Packers @ New York Jets,MarShawn Lloyd,bovada,Bovada,receptions,Receptions,over,1.5,150,0.8075082757,0.4524271845,0.0,0.4,0.375,0.4017531045,1.5,5,524.2718446602,13.1067961165,Calibration fitted; not prospectively validated,2026-09-20T13:51:28Z,2026-09-20T17:00:00Z,Sun 1:00 PM ET,New York Jets,Green Bay Packers,5a4f3bf,2026_02_GB_NYJ,2.0,graded,win,1.5,1.5,1.0,0.29983598827459695,0.3578993479753879,0.7931284470229283,0.9119175469519323,False,-1.1924917243,1.1924917243,0.5
4aeee070bb6ec60bdfae4dede61b9014,Green Bay Packers @ New York Jets,MarShawn Lloyd,fanduel,FanDuel,recv_yds,Receiving yards,over,6.5,-113,5.6495244387,0.5,0.0,0.5305164319,0.5,0.5030135005,6.5,5,-305.1643192488,-5.7522123894,Calibration fitted; not prospectively validated,2026-09-20T13:53:04Z,2026-09-20T17:00:00Z,Sun 1:00 PM ET,New York Jets,Green Bay Packers,5a4f3bf,2026_02_GB_NYJ,6.0,graded,loss,-1.0,0.8849557522123894,0.0,0.25,0.25302258168526354,0.6931471805599453,0.6991924172383596,False,-0.3504755612999997,0.3504755612999997,0.5
4aeee070bb6ec60bdfae4dede61b9014,Green Bay Packers @ New York Jets,MarShawn Lloyd,betonlineag,BetOnline.ag,rush_attempts,Rushing attempts,over,13.5,-112,7.8547896436,0.4054054054,0.0,0.5283018868,0.4969046636,0.5216055927,13.5,4,-1228.9648138705,-23.2625482625,Calibration fitted; not prospectively validated,2026-09-20T13:52:30Z,2026-09-20T17:00:00Z,Sun 1:00 PM ET,New York Jets,Green Bay Packers,5a4f3bf,2026_02_GB_NYJ,6.0,graded,loss,-1.0,0.8928571428571429,0.0,0.16435354272753833,0.27207239433591823,0.5198754592768178,0.73731976684047,True,1.8547896436000002,1.8547896436000002,7.5
4aeee070bb6ec60bdfae4dede61b9014,Green Bay Packers @ New York Jets,MarShawn Lloyd,draftkings,DraftKings,rush_yds,Rushing yards,over,49.5,-113,29.4541412049,0.4352331606,0.0,0.5305164319,0.5021058838,0.5010529419,49.5,4,-952.8327130312,-17.9604750332,Calibration fitted; not prospectively validated,2026-09-20T13:53:13Z,2026-09-20T17:00:00Z,Sun 1:00 PM ET,New York Jets,Green Bay Packers,5a4f3bf,2026_02_GB_NYJ,20.0,graded,loss,-1.0,0.8849557522123894,0.0,0.1894279040858654,0.2510540505866448,0.5713423066372096,0.6952552848511804,True,9.4541412049,9.4541412049,29.5
4aeee070bb6ec60bdfae4dede61b9014,Green Bay Packers @ New York Jets,Matthew Golden,betrivers,BetRivers,receptions,Receptions,over,3.5,-143,2.4573231792,0.4524271845,0.0,0.5884773663,,0.5665108372,3.5,3,-1360.5018178912,-23.1190169054,Calibration fitted; not prospectively validated,2026-09-20T13:53:00Z,2026-09-20T17:00:00Z,Sun 1:00 PM ET,New York Jets,Green Bay Packers,5a4f3bf,2026_02_GB_NYJ,4.0,graded,win,0.6993006993006993,0.6993006993006993,1.0,0.29983598827459695,0.18791285426504495,0.7931284470229283,0.5682590685999668,False,-1.5426768208000001,1.5426768208000001,0.5
4aeee070bb6ec60bdfae4dede61b9014,Green Bay Packers @ New York Jets,Matthew Golden,betmgm,BetMGM,recv_yds,Receiving yards,over,49.5,-111,31.9414469674,0.4985632184,0.0,0.5260663507,0.4928711097,0.5,49.5,3,-275.031323201,-5.2280729005,Calibration fitted; not prospectively validated,2026-09-20T13:52:25Z,2026-09-20T17:00:00Z,Sun 1:00 PM ET,New York Jets,Green Bay Packers,5a4f3bf,2026_02_GB_NYJ,58.0,graded,win,0.9009009009009009,0.9009009009009009,1.0,0.2514388459413662,0.25,0.6960248803691166,0.6931471805599453,False,-26.0585530326,26.0585530326,8.5
4aeee070bb6ec60bdfae4dede61b9014,Green Bay Packers @ New York Jets,Tucker Kraft,betrivers,BetRivers,receptions,Receptions,over,3.5,-122,1.8301959336,0.4210526316,0.0,0.5495495495,,0.5322580645,3.5,5,-1284.969179706,-23.3822260569,Calibration fitted; not prospectively validated,2026-09-20T13:53:00Z,2026-09-20T17:00:00Z,Sun 1:00 PM ET,New York Jets,Green Bay Packers,5a4f3bf,2026_02_GB_NYJ,2.0,graded,loss,-1.0,0.819672131147541,0.0,0.17728531857728533,0.2832986472252862,0.5465437064044336,0.7598385550241348,True,-0.1698040664,0.1698040664,1.5
4aeee070bb6ec60bdfae4dede61b9014,Green Bay Packers @ New York Jets,Tucker Kraft,betrivers,BetRivers,recv_yds,Receiving yards,over,44.5,-113,24.130778354,0.4836956522,0.0,0.5305164319,0.4949766919,0.4974883459,44.5,2,-468.2077975097,-8.8255098115,Calibration fitted; not prospectively validated,2026-09-20T13:53:00Z,2026-09-20T17:00:00Z,Sun 1:00 PM ET,New York Jets,Green Bay Packers,5a4f3bf,2026_02_GB_NYJ,15.0,graded,loss,-1.0,0.8849557522123894,0.0,0.23396148395718336,0.24749465430631806,0.6610588660589711,0.6881364470790361,True,9.130778354,9.130778354,29.5
4dd8020192a544385db42374e5555303,Seattle Seahawks @ Arizona Cardinals,AJ Barner,betrivers,BetRivers,receptions,Receptions,over,2.5,-110,2.6956874283,0.5408805031,0.0,0.5238095238,,0.5101214575,2.5,5,170.7097933513,3.2590051458,Calibration fitted; not prospectively validated,2026-09-20T13:52:41Z,2026-09-20T20:25:00Z,Sun 4:25 PM ET,Arizona Cardinals,Seattle Seahawks,5a4f3bf,2026_02_SEA_ARI,1.0,graded,loss,-1.0,0.9090909090909091,0.0,0.29255171863370916,0.26022390140192436,0.7784447609745802,0.7135977910518974,False,1.6956874282999999,1.6956874282999999,1.5
4dd8020192a544385db42374e5555303,Seattle Seahawks @ Arizona Cardinals,AJ Barner,fanduel,FanDuel,recv_yds,Receiving yards,over,22.5,-113,24.4785365354,0.5,0.0,0.5305164319,0.5,0.50210615,22.5,4,-305.1643192488,-5.7522123894,Calibration fitted; not prospectively validated,2026-09-20T13:53:08Z,2026-09-20T20:25:00Z,Sun 4:25 PM ET,Arizona Cardinals,Seattle Seahawks,5a4f3bf,2026_02_SEA_ARI,8.0,graded,loss,-1.0,0.8849557522123894,0.0,0.25,0.25211058586782253,0.6931471805599453,0.6973683772881722,False,16.4785365354,16.4785365354,14.5
4dd8020192a544385db42374e5555303,Seattle Seahawks @ Arizona Cardinals,Cooper Kupp,draftkings,DraftKings,receptions,Receptions,over,2.5,134,3.6609539143,0.5475728155,0.0,0.4273504274,0.4037905653,0.4121896999,2.5,5,1202.2238818355,28.132038835,Calibration fitted; not prospectively validated,2026-09-20T13:50:10Z,2026-09-20T20:25:00Z,Sun 4:25 PM ET,Arizona Cardinals,Seattle Seahawks,5a4f3bf,2026_02_SEA_ARI,2.0,graded,loss,-1.0,1.34,0.0,0.29983598827459707,0.16990034870365206,0.7931284470229284,0.531351002013727,False,1.6609539142999998,1.6609539142999998,0.5
4dd8020192a544385db42374e5555303,Seattle Seahawks @ Arizona Cardinals,Cooper Kupp,betmgm,BetMGM,recv_yds,Receiving yards,over,22.5,-111,48.9561489244,0.5014367816,0.0,0.5260663507,0.4928711097,0.4989470581,22.5,4,-246.2956910171,-4.6818370094,Calibration fitted; not prospectively validated,2026-09-20T13:52:46Z,2026-09-20T20:25:00Z,Sun 4:25 PM ET,Arizona Cardinals,Seattle Seahawks,5a4f3bf,2026_02_SEA_ARI,20.0,graded,loss,-1.0,0.9009009009009009,0.0,0.2514388459413662,0.24894816678664478,0.6960248803691167,0.691043511025123,False,28.956148924399997,28.956148924399997,2.5
4dd8020192a544385db42374e5555303,Seattle Seahawks @ Arizona Cardinals,Drew Lock,draftkings,DraftKings,pass_attempts,Passing attempts,over,29.5,-112,23.6779554721,0.3636363636,0.0,0.5283018868,0.4979225528,0.5051290468,29.5,4,-1646.6552315609,-31.1688311688,Calibration fitted; not prospectively validated,2026-09-20T13:50:10Z,2026-09-20T20:25:00Z,Sun 4:25 PM ET,Arizona Cardinals,Seattle Seahawks,5a4f3bf,2026_02_SEA_ARI,26.0,graded,loss,-1.0,0.8928571428571429,0.0,0.1322314049322314,0.25515535392107663,0.4519851236859143,0.7034582510078178,True,-2.322044527900001,2.322044527900001,3.5
4dd8020192a544385db42374e5555303,Seattle Seahawks @ Arizona Cardinals,Drew Lock,betrivers,BetRivers,pass_completions,Passing completions,over,18.5,-113,17.2203312525,0.5,0.0,0.5305164319,,0.5101214575,18.5,4,-305.1643192488,-5.7522123894,Calibration fitted; not prospectively validated,2026-09-20T13:52:41Z,2026-09-20T20:25:00Z,Sun 4:25 PM ET,Arizona Cardinals,Seattle Seahawks,5a4f3bf,2026_02_SEA_ARI,19.0,graded,win,0.8849557522123894,0.8849557522123894,1.0,0.25,0.23998098640192428,0.6931471805599453,0.6731064296566579,True,-1.7796687475000006,1.7796687475000006,0.5
4dd8020192a544385db42374e5555303,Seattle Seahawks @ Arizona Cardinals,Drew Lock,betmgm,BetMGM,pass_tds,Passing touchdowns,over,1.5,155,0.94,0.4666666667,0.0,0.3921568627,0.3666469545,0.3764693831,1.5,7,745.0980392157,19.0,Calibration fitted; not prospectively validated,2026-09-20T13:52:46Z,2026-09-20T20:25:00Z,Sun 4:25 PM ET,Arizona Cardinals,Seattle Seahawks,5a4f3bf,2026_02_SEA_ARI,3.0,graded,win,1.55,1.55,1.0,0.2844444444088889,0.38879043021169457,0.7621400519754682,0.9769185548363386,False,-2.06,2.06,1.5
4dd8020192a544385db42374e5555303,Seattle Seahawks @ Arizona Cardinals,Drew Lock,fanduel,FanDuel,pass_yds,Passing yards,over,207.5,-113,177.2992273089,0.5,0.0,0.5305164319,0.5,0.5,206.0,3,-305.1643192488,-5.7522123894,Calibration fitted; not prospectively validated,2026-09-20T13:53:08Z,2026-09-20T20:25:00Z,Sun 4:25 PM ET,Arizona Cardinals,Seattle Seahawks,5a4f3bf,2026_02_SEA_ARI,235.0,graded,win,0.8849557522123894,0.8849557522123894,1.0,0.25,0.25,0.6931471805599453,0.6931471805599453,True,-57.70077269110001,57.70077269110001,27.5
4dd8020192a544385db42374e5555303,Seattle Seahawks @ Arizona Cardinals,Drew Lock,betmgm,BetMGM,rush_yds,Rushing yards,over,7.5,-111,18.6258654031,0.5647668394,0.0,0.5260663507,0.4928711097,0.5082034454,7.5,5,387.0048866734,7.3565793773,Calibration fitted; not prospectively validated,2026-09-20T13:52:46Z,2026-09-20T20:25:00Z,Sun 4:25 PM ET,Arizona Cardinals,Seattle Seahawks,5a4f3bf,2026_02_SEA_ARI,0.0,graded,loss,-1.0,0.9009009009009009,0.0,0.31896158288586546,0.25827074191643073,0.831873390111572,0.7096901549179561,False,18.6258654031,18.6258654031,7.5
4dd8020192a544385db42374e5555303,Seattle Seahawks @ Arizona Cardinals,George Holani,betonlineag,BetOnline.ag,rush_attempts,Rushing attempts,over,7.5,-130,5.9985800479,0.4915254237,0.0,0.5652173913,0.5306122449,0.5338985259,7.5,2,-736.9196757553,-13.037809648,Calibration fitted; not prospectively validated,2026-09-20T13:51:11Z,2026-09-20T20:25:00Z,Sun 4:25 PM ET,Arizona Cardinals,Seattle Seahawks,5a4f3bf,2026_02_SEA_ARI,4.0,graded,loss,-1.0,0.7692307692307693,0.0,0.24159724214346454,0.28504763595819294,0.6763400621868974,0.7633519129823969,True,1.9985800479,1.9985800479,3.5
4dd8020192a544385db42374e5555303,Seattle Seahawks @ Arizona Cardinals,George Holani,fanduel,FanDuel,rush_yds,Rushing yards,over,29.5,-113,22.7849503259,0.5,0.0,0.5305164319,0.5,0.5,29.5,4,-305.1643192488,-5.7522123894,Calibration fitted; not prospectively validated,2026-09-20T13:53:08Z,2026-09-20T20:25:00Z,Sun 4:25 PM ET,Arizona Cardinals,Seattle Seahawks,5a4f3bf,2026_02_SEA_ARI,13.0,graded,loss,-1.0,0.8849557522123894,0.0,0.25,0.25,0.6931471805599453,0.6931471805599453,False,9.784950325899999,9.784950325899999,16.5
4dd8020192a544385db42374e5555303,Seattle Seahawks @ Arizona Cardinals,Jacoby Brissett,fanatics,Fanatics,pass_attempts,Passing attempts,over,34.5,-115,28.3909805164,0.3636363636,0.0,0.5348837209,0.5,0.5101897756,34.5,4,-1712.4735729387,-32.0158102767,Calibration fitted; not prospectively validated,2026-09-20T13:52:26Z,2026-09-20T20:25:00Z,Sun 4:25 PM ET,Arizona Cardinals,Seattle Seahawks,5a4f3bf,2026_02_SEA_ARI,28.0,graded,loss,-1.0,0.8695652173913043,0.0,0.1322314049322314,0.26029360712677835,0.4519851236859143,0.7137372600392307,True,0.3909805163999991,0.3909805163999991,6.5
4dd8020192a544385db42374e5555303,Seattle Seahawks @ Arizona Cardinals,Jacoby Brissett,draftkings,DraftKings,pass_completions,Passing completions,over,21.5,-103,20.717742539,0.5,0.0,0.5073891626,0.4782356355,0.4805941685,21.5,4,-73.8916256158,-1.4563106796,Calibration fitted; not prospectively validated,2026-09-20T13:50:10Z,2026-09-20T20:25:00Z,Sun 4:25 PM ET,Arizona Cardinals,Seattle Seahawks,5a4f3bf,2026_02_SEA_ARI,17.0,graded,loss,-1.0,0.970873786407767,0.0,0.25,0.23097075479620638,0.6931471805599453,0.6550697524387719,False,3.7177425389999996,3.7177425389999996,4.5
4dd8020192a544385db42374e5555303,Seattle Seahawks @ Arizona Cardinals,Jacoby Brissett,draftkings,DraftKings,pass_tds,Passing touchdowns,over,1.5,204,1.06,0.4821981424,0.0,0.3289473684,0.311584826,0.320994842,1.5,6,1532.5077399381,46.5882352941,Calibration fitted; not prospectively validated,2026-09-20T13:50:10Z,2026-09-20T20:25:00Z,Sun 4:25 PM ET,Arizona Cardinals,Seattle Seahawks,5a4f3bf,2026_02_SEA_ARI,1.0,graded,loss,-1.0,2.04,0.0,0.23251504853401064,0.10303768859060497,0.658162624185619,0.38712655498690357,True,0.06000000000000005,0.06000000000000005,0.5
4dd8020192a544385db42374e5555303,Seattle Seahawks @ Arizona Cardinals,Jacoby Brissett,fanduel,FanDuel,pass_yds,Passing yards,over,216.5,-113,231.9370951797,0.5,0.0,0.5305164319,0.5,0.5030135005,216.5,3,-305.1643192488,-5.7522123894,Calibration fitted; not prospectively validated,2026-09-20T13:53:08Z,2026-09-20T20:25:00Z,Sun 4:25 PM ET,Arizona Cardinals,Seattle Seahawks,5a4f3bf,2026_02_SEA_ARI,95.0,graded,loss,-1.0,0.8849557522123894,0.0,0.25,0.25302258168526354,0.6931471805599453,0.6991924172383596,False,136.9370951797,136.9370951797,121.5
4dd8020192a544385db42374e5555303,Seattle Seahawks @ Arizona Cardinals,Jacoby Brissett,betmgm,BetMGM,rush_yds,Rushing yards,over,9.5,-105,18.1832970121,0.5647668394,0.0,0.512195122,0.4796954315,0.5,9.5,3,525.7171742702,10.2640019738,Calibration fitted; not prospectively validated,2026-09-20T13:52:46Z,2026-09-20T20:25:00Z,Sun 4:25 PM ET,Arizona Cardinals,Seattle Seahawks,5a4f3bf,2026_02_SEA_ARI,7.0,graded,loss,-1.0,0.9523809523809523,0.0,0.31896158288586546,0.25,0.831873390111572,0.6931471805599453,False,11.183297012099999,11.183297012099999,2.5
4dd8020192a544385db42374e5555303,Seattle Seahawks @ Arizona Cardinals,Jadarian Price,draftkings,DraftKings,receptions,Receptions,over,1.5,-112,3.4129455747,0.5475728155,0.0,0.5283018868,0.4979225528,0.5,1.5,5,192.7092874153,3.6477115118,Calibration fitted; not prospectively validated,2026-09-20T13:50:10Z,2026-09-20T20:25:00Z,Sun 4:25 PM ET,Arizona Cardinals,Seattle Seahawks,5a4f3bf,2026_02_SEA_ARI,1.0,graded,loss,-1.0,0.8928571428571429,0.0,0.29983598827459707,0.25,0.7931284470229284,0.6931471805599453,False,2.4129455747,2.4129455747,0.5
4dd8020192a544385db42374e5555303,Seattle Seahawks @ Arizona Cardinals,Jadarian Price,draftkings,DraftKings,recv_yds,Receiving yards,over,8.5,-107,35.4783084098,0.5014367816,0.0,0.5169082126,0.4884821578,0.4898102244,8.5,4,-154.7143095119,-2.9930712214,Calibration fitted; not prospectively validated,2026-09-20T13:50:10Z,2026-09-20T20:25:00Z,Sun 4:25 PM ET,Arizona Cardinals,Seattle Seahawks,5a4f3bf,2026_02_SEA_ARI,8.0,graded,loss,-1.0,0.9345794392523364,0.0,0.2514388459413662,0.23991405592677834,0.6960248803691167,0.6729725134595491,False,27.4783084098,27.4783084098,0.5
4dd8020192a544385db42374e5555303,Seattle Seahawks @ Arizona Cardinals,Jadarian Price,betmgm,BetMGM,rush_attempts,Rushing attempts,over,14.5,100,7.495270618,0.4054054054,0.0,0.5,0.4653465347,0.4958445876,14.5,3,-945.9459459459,-18.9189189189,Calibration fitted; not prospectively validated,2026-09-20T13:52:46Z,2026-09-20T20:25:00Z,Sun 4:25 PM ET,Arizona Cardinals,Seattle Seahawks,5a4f3bf,2026_02_SEA_ARI,13.0,graded,loss,-1.0,1.0,0.0,0.16435354272753833,0.24586185505221408,0.5198754592768178,0.6848707005067978,True,-5.504729382,5.504729382,1.5
4dd8020192a544385db42374e5555303,Seattle Seahawks @ Arizona Cardinals,Jadarian Price,draftkings,DraftKings,rush_yds,Rushing yards,over,60.5,-110,31.7935851559,0.4352331606,0.0,0.5238095238,0.4957877001,0.5,60.5,4,-885.7636318776,-16.9100329722,Calibration fitted; not prospectively validated,2026-09-20T13:50:10Z,2026-09-20T20:25:00Z,Sun 4:25 PM ET,Arizona Cardinals,Seattle Seahawks,5a4f3bf,2026_02_SEA_ARI,52.0,graded,loss,-1.0,0.9090909090909091,0.0,0.1894279040858654,0.25,0.5713423066372096,0.6931471805599453,True,-20.2064148441,20.2064148441,8.5
4dd8020192a544385db42374e5555303,Seattle Seahawks @ Arizona Cardinals,Jaxon Smith-Njigba,betonlineag,BetOnline.ag,receptions,Receptions,over,6.5,100,5.1089900841,0.4524271845,0.0,0.5,0.4693877551,0.4710743802,6.5,5,-475.7281553398,-9.5145631068,Calibration fitted; not prospectively validated,2026-09-20T13:51:11Z,2026-09-20T20:25:00Z,Sun 4:25 PM ET,Arizona Cardinals,Seattle Seahawks,5a4f3bf,2026_02_SEA_ARI,9.0,graded,win,1.0,1.0,1.0,0.29983598827459695,0.27976231128081425,0.7931284470229283,0.7527392776885068,False,-3.8910099159,3.8910099159,2.5
4dd8020192a544385db42374e5555303,Seattle Seahawks @ Arizona Cardinals,Jaxon Smith-Njigba,draftkings,DraftKings,recv_yds,Receiving yards,over,81.5,-111,64.8205106365,0.4989858012,0.0,0.5260663507,0.4978941162,0.5,81.5,5,-270.8054949386,-5.147744093,Calibration fitted; not prospectively validated,2026-09-20T13:50:10Z,2026-09-20T20:25:00Z,Sun 4:25 PM ET,Arizona Cardinals,Seattle Seahawks,5a4f3bf,2026_02_SEA_ARI,155.0,graded,win,0.9009009009009009,0.9009009009009009,1.0,0.2510152273992059,0.25,0.6951776381444736,0.6931471805599453,False,-90.1794893635,90.1794893635,73.5
4dd8020192a544385db42374e5555303,Seattle Seahawks @ Arizona Cardinals,Jeremiyah Love,betmgm,BetMGM,receptions,Receptions,over,2.5,-135,2.1098001306,0.4579439252,0.0,0.5744680851,0.5346534653,0.5542983007,2.5,6,-1165.2415987274,-20.2838352371,Calibration fitted; not prospectively validated,2026-09-20T13:52:46Z,2026-09-20T20:25:00Z,Sun 4:25 PM ET,Arizona Cardinals,Seattle Seahawks,5a4f3bf,2026_02_SEA_ARI,3.0,graded,win,0.7407407407407407,0.7407407407407407,1.0,0.2938247882275833,0.19865000475890765,0.781008536424749,0.5900522882294879,False,-0.8901998694,0.8901998694,0.5
4dd8020192a544385db42374e5555303,Seattle Seahawks @ Arizona Cardinals,Jeremiyah Love,betrivers,BetRivers,recv_yds,Receiving yards,over,16.5,-110,23.9423345688,0.5010141988,0.0,0.5238095238,0.4889380531,0.4969046636,16.5,5,-227.9532502656,-4.3518347778,Calibration fitted; not prospectively validated,2026-09-20T13:52:41Z,2026-09-20T20:25:00Z,Sun 4:25 PM ET,Arizona Cardinals,Seattle Seahawks,5a4f3bf,2026_02_SEA_ARI,16.0,graded,loss,-1.0,0.9090909090909091,0.0,0.2510152273992059,0.24691424470742918,0.6951776381444736,0.6869755912555169,False,7.9423345688,7.9423345688,0.5
4dd8020192a544385db42374e5555303,Seattle Seahawks @ Arizona Cardinals,Jeremiyah Love,betonlineag,BetOnline.ag,rush_attempts,Rushing attempts,over,9.5,-109,7.9932845241,0.4915254237,0.0,0.5215311005,0.4897419064,0.4969486594,9.5,2,-300.0567674966,-5.7533820557,Calibration fitted; not prospectively validated,2026-09-20T13:51:11Z,2026-09-20T20:25:00Z,Sun 4:25 PM ET,Arizona Cardinals,Seattle Seahawks,5a4f3bf,2026_02_SEA_ARI,9.0,graded,loss,-1.0,0.9174311926605505,0.0,0.24159724214346454,0.2469579700794572,0.6763400621868974,0.6870630453037857,True,-1.0067154759,1.0067154759,0.5
4dd8020192a544385db42374e5555303,Seattle Seahawks @ Arizona Cardinals,Jeremiyah Love,fanduel,FanDuel,rush_yds,Rushing yards,over,36.5,-113,32.8905721021,0.5,0.0,0.5305164319,0.5,0.5030135005,36.5,3,-305.1643192488,-5.7522123894,Calibration fitted; not prospectively validated,2026-09-20T13:53:08Z,2026-09-20T20:25:00Z,Sun 4:25 PM ET,Arizona Cardinals,Seattle Seahawks,5a4f3bf,2026_02_SEA_ARI,29.0,graded,loss,-1.0,0.8849557522123894,0.0,0.25,0.25302258168526354,0.6931471805599453,0.6991924172383596,False,3.890572102100002,3.890572102100002,7.5
4dd8020192a544385db42374e5555303,Seattle Seahawks @ Arizona Cardinals,Kendrick Bourne,betonlineag,BetOnline.ag,receptions,Receptions,over,2.5,-122,4.6545660962,0.5475728155,0.0,0.5495495495,0.5164392569,0.5210344665,2.5,4,-19.7673401557,-0.3597007799,Calibration fitted; not prospectively validated,2026-09-20T13:51:11Z,2026-09-20T20:25:00Z,Sun 4:25 PM ET,Arizona Cardinals,Seattle Seahawks,5a4f3bf,2026_02_SEA_ARI,2.0,graded,loss,-1.0,0.819672131147541,0.0,0.29983598827459707,0.2714769152809396,0.7931284470229284,0.7361266392749377,False,2.6545660962,2.6545660962,0.5
4dd8020192a544385db42374e5555303,Seattle Seahawks @ Arizona Cardinals,Kendrick Bourne,draftkings,DraftKings,recv_yds,Receiving yards,over,23.5,-116,59.9107108678,0.5163043478,0.0,0.537037037,0.5084288604,0.5101214575,23.5,3,-207.3268921095,-3.8605697151,Calibration fitted; not prospectively validated,2026-09-20T13:50:10Z,2026-09-20T20:25:00Z,Sun 4:25 PM ET,Arizona Cardinals,Seattle Seahawks,5a4f3bf,2026_02_SEA_ARI,11.0,graded,loss,-1.0,0.8620689655172413,0.0,0.2665701795571834,0.26022390140192436,0.7262993878229133,0.7135977910518974,False,48.9107108678,48.9107108678,12.5
4dd8020192a544385db42374e5555303,Seattle Seahawks @ Arizona Cardinals,Marvin Harrison,betrivers,BetRivers,receptions,Receptions,over,3.5,135,2.3918718203,0.4524271845,0.0,0.4255319149,,0.432624358,3.5,5,268.952695724,6.3203883495,Calibration fitted; not prospectively validated,2026-09-20T13:52:41Z,2026-09-20T20:25:00Z,Sun 4:25 PM ET,Arizona Cardinals,Seattle Seahawks,5a4f3bf,2026_02_SEA_ARI,0.0,graded,loss,-1.0,1.35,0.0,0.20469035727459706,0.18716383513491217,0.6022598297876794,0.5667336866793795,True,2.3918718203,2.3918718203,3.5
4dd8020192a544385db42374e5555303,Seattle Seahawks @ Arizona Cardinals,Marvin Harrison,draftkings,DraftKings,recv_yds,Receiving yards,over,34.5,-111,42.8933921874,0.5010141988,0.0,0.5260663507,0.4978941162,0.5,34.5,4,-250.5215192794,-4.7621658169,Calibration fitted; not prospectively validated,2026-09-20T13:50:10Z,2026-09-20T20:25:00Z,Sun 4:25 PM ET,Arizona Cardinals,Seattle Seahawks,5a4f3bf,2026_02_SEA_ARI,0.0,graded,loss,-1.0,0.9009009009009009,0.0,0.2510152273992059,0.25,0.6951776381444736,0.6931471805599453,False,42.8933921874,42.8933921874,34.5
4dd8020192a544385db42374e5555303,Seattle Seahawks @ Arizona Cardinals,Michael Wilson,betrivers,BetRivers,receptions,Receptions,over,3.5,-122,3.9497059184,0.5420560748,0.0,0.5495495495,,0.5407914021,3.5,5,-74.9347478319,-1.3635667228,Calibration fitted; not prospectively validated,2026-09-20T13:52:41Z,2026-09-20T20:25:00Z,Sun 4:25 PM ET,Arizona Cardinals,Seattle Seahawks,5a4f3bf,2026_02_SEA_ARI,2.0,graded,loss,-1.0,0.819672131147541,0.0,0.2938247882275831,0.2924553405852839,0.7810085364247489,0.7782507105022399,False,1.9497059183999998,1.9497059183999998,1.5
4dd8020192a544385db42374e5555303,Seattle Seahawks @ Arizona Cardinals,Michael Wilson,draftkings,DraftKings,recv_yds,Receiving yards,over,37.5,-109,51.3459352234,0.5010141988,0.0,0.5215311005,0.4936802191,0.5,37.5,5,-205.1690169551,-3.9339747288,Calibration fitted; not prospectively validated,2026-09-20T13:50:10Z,2026-09-20T20:25:00Z,Sun 4:25 PM ET,Arizona Cardinals,Seattle Seahawks,5a4f3bf,2026_02_SEA_ARI,18.0,graded,loss,-1.0,0.9174311926605505,0.0,0.2510152273992059,0.25,0.6951776381444736,0.6931471805599453,False,33.3459352234,33.3459352234,19.5
4dd8020192a544385db42374e5555303,Seattle Seahawks @ Arizona Cardinals,Rashid Shaheed,fanduel,FanDuel,receptions,Receptions,over,2.5,152,2.0320760448,0.4524271845,0.0,0.3968253968,0.3712268744,0.3775317586,2.5,3,556.0178764062,14.0116504854,Calibration fitted; not prospectively validated,2026-09-20T13:53:08Z,2026-09-20T20:25:00Z,Sun 4:25 PM ET,Arizona Cardinals,Seattle Seahawks,5a4f3bf,2026_02_SEA_ARI,3.0,graded,win,1.52,1.52,1.0,0.29983598827459695,0.38746671155160867,0.7931284470229283,0.97410058508996,False,-0.9679239551999999,0.9679239551999999,0.5
4dd8020192a544385db42374e5555303,Seattle Seahawks @ Arizona Cardinals,Rashid Shaheed,draftkings,DraftKings,recv_yds,Receiving yards,over,24.5,-109,23.7945956946,0.5,0.0,0.5215311005,0.4936802191,0.5,24.5,5,-215.3110047847,-4.128440367,Calibration fitted; not prospectively validated,2026-09-20T13:50:10Z,2026-09-20T20:25:00Z,Sun 4:25 PM ET,Arizona Cardinals,Seattle Seahawks,5a4f3bf,2026_02_SEA_ARI,35.0,graded,win,0.9174311926605505,0.9174311926605505,1.0,0.25,0.25,0.6931471805599453,0.6931471805599453,True,-11.205404305399998,11.205404305399998,10.5
4dd8020192a544385db42374e5555303,Seattle Seahawks @ Arizona Cardinals,Trey McBride,bovada,Bovada,receptions,Receptions,over,6.5,105,5.2873602567,0.4524271845,0.0,0.487804878,0.4592085979,0.4620927318,6.5,5,-353.7769358276,-7.2524271845,Calibration fitted; not prospectively validated,2026-09-20T13:51:34Z,2026-09-20T20:25:00Z,Sun 4:25 PM ET,Arizona Cardinals,Seattle Seahawks,5a4f3bf,2026_02_SEA_ARI,8.0,graded,win,1.05,1.05,1.0,0.29983598827459695,0.2893442291823867,0.7931284470229283,0.7719896898597792,False,-2.7126397432999996,2.7126397432999996,1.5
4dd8020192a544385db42374e5555303,Seattle Seahawks @ Arizona Cardinals,Trey McBride,fanduel,FanDuel,recv_yds,Receiving yards,over,60.5,-113,54.7351496685,0.5,0.0,0.5305164319,0.5,0.5,62.0,2,-305.1643192488,-5.7522123894,Calibration fitted; not prospectively validated,2026-09-20T13:53:08Z,2026-09-20T20:25:00Z,Sun 4:25 PM ET,Arizona Cardinals,Seattle Seahawks,5a4f3bf,2026_02_SEA_ARI,41.0,graded,loss,-1.0,0.8849557522123894,0.0,0.25,0.25,0.6931471805599453,0.6931471805599453,False,13.7351496685,13.7351496685,19.5
4dd8020192a544385db42374e5555303,Seattle Seahawks @ Arizona Cardinals,Tyler Allgeier,draftkings,DraftKings,rush_attempts,Rushing attempts,over,9.5,-134,10.0485952543,0.506993007,0.0,0.5726495726,0.5400039316,0.5431305136,9.5,2,-656.5656565657,-11.4654002714,Calibration fitted; not prospectively validated,2026-09-20T13:50:10Z,2026-09-20T20:25:00Z,Sun 4:25 PM ET,Arizona Cardinals,Seattle Seahawks,5a4f3bf,2026_02_SEA_ARI,5.0,graded,loss,-1.0,0.746268656716418,0.0,0.2570419091469021,0.29499075480339976,0.7072319204558688,0.7833575166220492,False,5.0485952543,5.0485952543,4.5
4dd8020192a544385db42374e5555303,Seattle Seahawks @ Arizona Cardinals,Tyler Allgeier,draftkings,DraftKings,rush_yds,Rushing yards,over,35.5,-115,41.4066550664,0.5,0.0,0.5348837209,0.5063197809,0.5082206192,35.5,4,-348.8372093023,-6.5217391304,Calibration fitted; not prospectively validated,2026-09-20T13:50:10Z,2026-09-20T20:25:00Z,Sun 4:25 PM ET,Arizona Cardinals,Seattle Seahawks,5a4f3bf,2026_02_SEA_ARI,10.0,graded,loss,-1.0,0.8695652173913043,0.0,0.25,0.25828819778003137,0.6931471805599453,0.7097250760651367,False,31.4066550664,31.4066550664,25.5
50bc247030707d823b9c3581d7eb5760,Indianapolis Colts @ Kansas City Chiefs,Alec Pierce,fanduel,FanDuel,receptions,Receptions,over,2.5,-140,2.8144832984,0.5420560748,0.0,0.5833333333,0.5457986374,0.5850337953,2.5,4,-412.7725856698,-7.0761014686,Calibration fitted; not prospectively validated,2026-09-20T13:52:59Z,2026-09-21T00:20:00Z,Sun 8:20 PM ET,Kansas City Chiefs,Indianapolis Colts,5a4f3bf,2026_02_IND_KC,1.0,graded,loss,-1.0,0.7142857142857143,0.0,0.2938247882275831,0.3422645416431223,0.7810085364247489,0.8795581965252356,False,1.8144832983999999,1.8144832983999999,1.5
50bc247030707d823b9c3581d7eb5760,Indianapolis Colts @ Kansas City Chiefs,Alec Pierce,fanduel,FanDuel,recv_yds,Receiving yards,over,44.5,-113,46.3327721238,0.5,0.0,0.5305164319,0.5,0.5025798729,44.5,2,-305.1643192488,-5.7522123894,Calibration fitted; not prospectively validated,2026-09-20T13:52:59Z,2026-09-21T00:20:00Z,Sun 8:20 PM ET,Kansas City Chiefs,Indianapolis Colts,5a4f3bf,2026_02_IND_KC,11.0,graded,loss,-1.0,0.8849557522123894,0.0,0.25,0.2525865286441801,0.6931471805599453,0.6983202838154999,False,35.3327721238,35.3327721238,33.5
50bc247030707d823b9c3581d7eb5760,Indianapolis Colts @ Kansas City Chiefs,Daniel Jones,draftkings,DraftKings,pass_attempts,Passing attempts,over,31.5,-116,26.9852770483,0.3636363636,0.0,0.537037037,0.506234414,0.5082034454,31.5,3,-1734.0067340067,-32.2884012539,Calibration fitted; not prospectively validated,2026-09-20T13:52:43Z,2026-09-21T00:20:00Z,Sun 8:20 PM ET,Kansas City Chiefs,Indianapolis Colts,5a4f3bf,2026_02_IND_KC,31.0,graded,loss,-1.0,0.8620689655172413,0.0,0.1322314049322314,0.25827074191643073,0.4519851236859143,0.7096901549179561,True,-4.014722951700001,4.014722951700001,0.5
50bc247030707d823b9c3581d7eb5760,Indianapolis Colts @ Kansas City Chiefs,Daniel Jones,bovada,Bovada,pass_completions,Passing completions,over,21.5,105,16.5393633522,0.4571428571,0.0,0.487804878,0.4592085979,0.4652655222,21.5,5,-306.6202090592,-6.2857142857,Calibration fitted; not prospectively validated,2026-09-20T13:52:07Z,2026-09-21T00:20:00Z,Sun 8:20 PM ET,Kansas City Chiefs,Indianapolis Colts,5a4f3bf,2026_02_IND_KC,22.0,graded,win,1.05,1.05,1.0,0.294693877597551,0.28594096174803874,0.7827593393433824,0.7651470208782162,False,-5.460636647800001,5.460636647800001,0.5
50bc247030707d823b9c3581d7eb5760,Indianapolis Colts @ Kansas City Chiefs,Daniel Jones,betmgm,BetMGM,pass_tds,Passing touchdowns,over,1.5,180,0.94,0.4666666667,0.0,0.3571428571,0.3333333333,0.3553010569,1.5,6,1095.2380952381,30.6666666667,Calibration fitted; not prospectively validated,2026-09-20T13:52:32Z,2026-09-21T00:20:00Z,Sun 8:20 PM ET,Kansas City Chiefs,Indianapolis Colts,5a4f3bf,2026_02_IND_KC,1.0,graded,loss,-1.0,1.8,0.0,0.2177777778088889,0.12623884103425706,0.6286086594848742,0.4389718260340539,True,-0.06000000000000005,0.06000000000000005,0.5
50bc247030707d823b9c3581d7eb5760,Indianapolis Colts @ Kansas City Chiefs,Daniel Jones,draftkings,DraftKings,pass_yds,Passing yards,over,217.5,-113,160.4570856503,0.5,0.0,0.5305164319,0.5021058838,0.5010529419,217.5,2,-305.1643192488,-5.7522123894,Calibration fitted; not prospectively validated,2026-09-20T13:52:43Z,2026-09-21T00:20:00Z,Sun 8:20 PM ET,Kansas City Chiefs,Indianapolis Colts,5a4f3bf,2026_02_IND_KC,210.0,graded,loss,-1.0,0.8849557522123894,0.0,0.25,0.2510540505866448,0.6931471805599453,0.6952552848511804,False,-49.5429143497,49.5429143497,7.5
50bc247030707d823b9c3581d7eb5760,Indianapolis Colts @ Kansas City Chiefs,Daniel Jones,draftkings,DraftKings,rush_yds,Rushing yards,over,8.5,-113,19.087906549,0.5647668394,0.0,0.5305164319,0.5021058838,0.5010529419,8.5,4,342.5040745336,6.4560502545,Calibration fitted; not prospectively validated,2026-09-20T13:52:43Z,2026-09-21T00:20:00Z,Sun 8:20 PM ET,Kansas City Chiefs,Indianapolis Colts,5a4f3bf,2026_02_IND_KC,10.0,graded,win,0.8849557522123894,0.8849557522123894,1.0,0.18942790408586535,0.24894816678664472,0.5713423066372096,0.691043511025123,True,9.087906549,9.087906549,1.5
50bc247030707d823b9c3581d7eb5760,Indianapolis Colts @ Kansas City Chiefs,Emmett Johnson,fanduel,FanDuel,recv_yds,Receiving yards,over,7.5,-113,49.7038591394,0.5163043478,0.0,0.5305164319,0.5,0.5,7.5,3,-142.120840988,-2.6789149673,Calibration fitted; not prospectively validated,2026-09-20T13:52:59Z,2026-09-21T00:20:00Z,Sun 8:20 PM ET,Kansas City Chiefs,Indianapolis Colts,5a4f3bf,2026_02_IND_KC,20.0,graded,win,0.8849557522123894,0.8849557522123894,1.0,0.23396148395718336,0.25,0.6610588660589711,0.6931471805599453,True,29.703859139400002,29.703859139400002,12.5
50bc247030707d823b9c3581d7eb5760,Indianapolis Colts @ Kansas City Chiefs,Emmett Johnson,draftkings,DraftKings,rush_yds,Rushing yards,over,17.5,-109,28.4917214479,0.5,0.0,0.5215311005,0.4936802191,0.4952924414,17.5,4,-215.3110047847,-4.128440367,Calibration fitted; not prospectively validated,2026-09-20T13:52:43Z,2026-09-21T00:20:00Z,Sun 8:20 PM ET,Kansas City Chiefs,Indianapolis Colts,5a4f3bf,2026_02_IND_KC,15.0,graded,loss,-1.0,0.9174311926605505,0.0,0.25,0.24531460250797243,0.6931471805599453,0.6837761093264291,False,13.491721447900002,13.491721447900002,2.5
50bc247030707d823b9c3581d7eb5760,Indianapolis Colts @ Kansas City Chiefs,Jonathan Taylor,betrivers,BetRivers,receptions,Receptions,over,2.5,-115,1.8919641977,0.4524271845,0.0,0.5348837209,,0.5203045685,2.5,5,-824.5653646421,-15.415787252,Calibration fitted; not prospectively validated,2026-09-20T13:53:11Z,2026-09-21T00:20:00Z,Sun 8:20 PM ET,Kansas City Chiefs,Indianapolis Colts,5a4f3bf,2026_02_IND_KC,4.0,graded,win,0.8695652173913043,0.8695652173913043,1.0,0.29983598827459695,0.23010770700197122,0.7931284470229283,0.6533409302131843,False,-2.1080358023,2.1080358023,1.5
50bc247030707d823b9c3581d7eb5760,Indianapolis Colts @ Kansas City Chiefs,Jonathan Taylor,draftkings,DraftKings,recv_yds,Receiving yards,over,16.5,-109,14.3751603517,0.5,0.0,0.5215311005,0.4926759856,0.4984932498,16.5,6,-215.3110047847,-4.128440367,Calibration fitted; not prospectively validated,2026-09-20T13:52:43Z,2026-09-21T00:20:00Z,Sun 8:20 PM ET,Kansas City Chiefs,Indianapolis Colts,5a4f3bf,2026_02_IND_KC,40.0,graded,win,0.9174311926605505,0.9174311926605505,1.0,0.25,0.2515090204961652,0.6931471805599453,0.6961652306949938,True,-25.6248396483,25.6248396483,23.5
50bc247030707d823b9c3581d7eb5760,Indianapolis Colts @ Kansas City Chiefs,Jonathan Taylor,betonlineag,BetOnline.ag,rush_attempts,Rushing attempts,over,18.5,-123,14.3786336007,0.4473684211,0.0,0.5515695067,0.5185070944,0.5203045685,18.5,3,-1042.0108567383,-18.891741549,Calibration fitted; not prospectively validated,2026-09-20T13:52:24Z,2026-09-21T00:20:00Z,Sun 8:20 PM ET,Kansas City Chiefs,Indianapolis Colts,5a4f3bf,2026_02_IND_KC,24.0,graded,win,0.8130081300813008,0.8130081300813008,1.0,0.30540166199750696,0.23010770700197122,0.8043728155642873,0.6533409302131843,False,-9.6213663993,9.6213663993,5.5
50bc247030707d823b9c3581d7eb5760,Indianapolis Colts @ Kansas City Chiefs,Jonathan Taylor,fanduel,FanDuel,rush_yds,Rushing yards,over,82.5,-113,66.0070219362,0.5,0.0,0.5305164319,0.5,0.5,82.5,3,-305.1643192488,-5.7522123894,Calibration fitted; not prospectively validated,2026-09-20T13:52:59Z,2026-09-21T00:20:00Z,Sun 8:20 PM ET,Kansas City Chiefs,Indianapolis Colts,5a4f3bf,2026_02_IND_KC,92.0,graded,win,0.8849557522123894,0.8849557522123894,1.0,0.25,0.25,0.6931471805599453,0.6931471805599453,True,-25.992978063799995,25.992978063799995,9.5
50bc247030707d823b9c3581d7eb5760,Indianapolis Colts @ Kansas City Chiefs,Josh Downs,betrivers,BetRivers,receptions,Receptions,over,4.5,130,2.1972576904,0.4210526316,0.0,0.4347826087,,0.4209771748,4.5,4,-137.299771167,-3.1578947368,Calibration fitted; not prospectively validated,2026-09-20T13:53:11Z,2026-09-21T00:20:00Z,Sun 8:20 PM ET,Kansas City Chiefs,Indianapolis Colts,5a4f3bf,2026_02_IND_KC,7.0,graded,win,1.3,1.3,1.0,0.33518005537728524,0.3352674321025898,0.8649974374366045,0.8651766633966084,False,-4.8027423096,4.8027423096,2.5
50bc247030707d823b9c3581d7eb5760,Indianapolis Colts @ Kansas City Chiefs,Josh Downs,draftkings,DraftKings,recv_yds,Receiving yards,over,42.5,-111,27.9376141808,0.4985632184,0.0,0.5260663507,0.4978941162,0.5,42.5,4,-275.031323201,-5.2280729005,Calibration fitted; not prospectively validated,2026-09-20T13:52:43Z,2026-09-21T00:20:00Z,Sun 8:20 PM ET,Kansas City Chiefs,Indianapolis Colts,5a4f3bf,2026_02_IND_KC,72.0,graded,win,0.9009009009009009,0.9009009009009009,1.0,0.2514388459413662,0.25,0.6960248803691166,0.6931471805599453,False,-44.0623858192,44.0623858192,29.5
50bc247030707d823b9c3581d7eb5760,Indianapolis Colts @ Kansas City Chiefs,Keenan Allen,betmgm,BetMGM,receptions,Receptions,over,3.5,-115,5.8503905386,0.5475728155,0.0,0.5348837209,0.5,0.528157683,3.5,5,126.8909460375,2.3723089911,Calibration fitted; not prospectively validated,2026-09-20T13:52:32Z,2026-09-21T00:20:00Z,Sun 8:20 PM ET,Kansas City Chiefs,Indianapolis Colts,5a4f3bf,2026_02_IND_KC,1.0,graded,loss,-1.0,0.8695652173913043,0.0,0.29983598827459707,0.2789505381119285,0.7931284470229284,0.751110423364325,False,4.8503905386,4.8503905386,2.5
50bc247030707d823b9c3581d7eb5760,Indianapolis Colts @ Kansas City Chiefs,Keenan Allen,draftkings,DraftKings,recv_yds,Receiving yards,over,30.5,-113,57.5085263669,0.5014367816,0.0,0.5305164319,0.5021058838,0.5010529419,30.5,2,-290.7965031569,-5.4813854135,Calibration fitted; not prospectively validated,2026-09-20T13:52:43Z,2026-09-21T00:20:00Z,Sun 8:20 PM ET,Kansas City Chiefs,Indianapolis Colts,5a4f3bf,2026_02_IND_KC,5.0,graded,loss,-1.0,0.8849557522123894,0.0,0.2514388459413662,0.2510540505866448,0.6960248803691167,0.6952552848511804,False,52.5085263669,52.5085263669,25.5
50bc247030707d823b9c3581d7eb5760,Indianapolis Colts @ Kansas City Chiefs,Kenneth Walker,betrivers,BetRivers,receptions,Receptions,over,3.5,130,1.4950922718,0.303353888,0.0,0.4347826087,,0.4181800495,3.5,4,-1314.2872069545,-30.22860576,Calibration fitted; not prospectively validated,2026-09-20T13:53:11Z,2026-09-21T00:20:00Z,Sun 8:20 PM ET,Kansas City Chiefs,Indianapolis Colts,5a4f3bf,2026_02_IND_KC,6.0,graded,win,1.3,1.3,1.0,0.4853158053647166,0.33851445479982245,1.192855207797772,0.8718431987687871,False,-4.5049077282,4.5049077282,2.5
50bc247030707d823b9c3581d7eb5760,Indianapolis Colts @ Kansas City Chiefs,Kenneth Walker,fanduel,FanDuel,recv_yds,Receiving yards,over,20.5,-113,11.4543882716,0.4836956522,0.0,0.5305164319,0.5,0.5030953364,20.5,3,-468.2077975097,-8.8255098115,Calibration fitted; not prospectively validated,2026-09-20T13:52:59Z,2026-09-21T00:20:00Z,Sun 8:20 PM ET,Kansas City Chiefs,Indianapolis Colts,5a4f3bf,2026_02_IND_KC,61.0,graded,win,0.8849557522123894,0.8849557522123894,1.0,0.2665701795571834,0.24691424470742912,0.7262993878229133,0.6869755912555167,False,-49.545611728400004,49.545611728400004,40.5
50bc247030707d823b9c3581d7eb5760,Indianapolis Colts @ Kansas City Chiefs,Kenneth Walker,draftkings,DraftKings,rush_attempts,Rushing attempts,over,18.5,-103,13.0350046198,0.4054054054,0.0,0.5073891626,0.4782356355,0.5101214575,18.5,3,-1019.8375715617,-20.0997113618,Calibration fitted; not prospectively validated,2026-09-20T13:52:43Z,2026-09-21T00:20:00Z,Sun 8:20 PM ET,Kansas City Chiefs,Indianapolis Colts,5a4f3bf,2026_02_IND_KC,24.0,graded,win,0.970873786407767,0.970873786407767,1.0,0.3535427319275383,0.23998098640192428,0.9028677115553477,0.6731064296566579,False,-10.9649953802,10.9649953802,5.5
50bc247030707d823b9c3581d7eb5760,Indianapolis Colts @ Kansas City Chiefs,Kenneth Walker,draftkings,DraftKings,rush_yds,Rushing yards,over,81.5,-112,65.9889988889,0.5,0.0,0.5283018868,0.5,0.5,81.5,4,-283.0188679245,-5.3571428571,Calibration fitted; not prospectively validated,2026-09-20T13:52:43Z,2026-09-21T00:20:00Z,Sun 8:20 PM ET,Kansas City Chiefs,Indianapolis Colts,5a4f3bf,2026_02_IND_KC,117.0,graded,win,0.8928571428571429,0.8928571428571429,1.0,0.25,0.25,0.6931471805599453,0.6931471805599453,True,-51.0110011111,51.0110011111,35.5
50bc247030707d823b9c3581d7eb5760,Indianapolis Colts @ Kansas City Chiefs,Noah Gray,fanduel,FanDuel,receptions,Receptions,over,1.5,148,2.1032131012,0.5475728155,0.0,0.4032258065,0.3768844221,0.3889018676,1.5,5,1443.4700908237,35.7980582524,Calibration fitted; not prospectively validated,2026-09-20T13:52:59Z,2026-09-21T00:20:00Z,Sun 8:20 PM ET,Kansas City Chiefs,Indianapolis Colts,5a4f3bf,2026_02_IND_KC,0.0,graded,loss,-1.0,1.48,0.0,0.29983598827459707,0.15124466262276792,0.7931284470229284,0.49249772321423047,False,2.1032131012,2.1032131012,1.5
50bc247030707d823b9c3581d7eb5760,Indianapolis Colts @ Kansas City Chiefs,Noah Gray,draftkings,DraftKings,recv_yds,Receiving yards,over,11.5,-112,19.2115875601,0.5010141988,0.0,0.5283018868,0.5,0.5,11.5,4,-272.8768800949,-5.1651695161,Calibration fitted; not prospectively validated,2026-09-20T13:52:43Z,2026-09-21T00:20:00Z,Sun 8:20 PM ET,Kansas City Chiefs,Indianapolis Colts,5a4f3bf,2026_02_IND_KC,0.0,graded,loss,-1.0,0.8928571428571429,0.0,0.2510152273992059,0.25,0.6951776381444736,0.6931471805599453,False,19.2115875601,19.2115875601,11.5
50bc247030707d823b9c3581d7eb5760,Indianapolis Colts @ Kansas City Chiefs,Patrick Mahomes,betmgm,BetMGM,pass_attempts,Passing attempts,over,30.5,-115,29.6390487574,0.5,0.0,0.5348837209,0.5,0.5203045685,30.5,4,-348.8372093023,-6.5217391304,Calibration fitted; not prospectively validated,2026-09-20T13:52:32Z,2026-09-21T00:20:00Z,Sun 8:20 PM ET,Kansas City Chiefs,Indianapolis Colts,5a4f3bf,2026_02_IND_KC,47.0,graded,win,0.8695652173913043,0.8695652173913043,1.0,0.25,0.23010770700197122,0.6931471805599453,0.6533409302131843,True,-17.3609512426,17.3609512426,16.5
50bc247030707d823b9c3581d7eb5760,Indianapolis Colts @ Kansas City Chiefs,Patrick Mahomes,betmgm,BetMGM,pass_completions,Passing completions,over,19.5,-130,16.4661381986,0.4583333333,0.0,0.5652173913,0.5246062992,0.5403976668,19.5,4,-1068.8405797101,-18.9102564103,Calibration fitted; not prospectively validated,2026-09-20T13:52:32Z,2026-09-21T00:20:00Z,Sun 8:20 PM ET,Kansas City Chiefs,Indianapolis Colts,5a4f3bf,2026_02_IND_KC,32.0,graded,win,0.7692307692307693,0.7692307692307693,1.0,0.29340277781388896,0.21123430468288382,0.7801585576223024,0.6154499904479749,False,-15.5338618014,15.5338618014,12.5
50bc247030707d823b9c3581d7eb5760,Indianapolis Colts @ Kansas City Chiefs,Patrick Mahomes,betmgm,BetMGM,pass_tds,Passing touchdowns,over,1.5,-110,2.12,0.5,0.0,0.5238095238,0.4898785425,0.5082034454,1.5,7,-238.0952380952,-4.5454545455,Calibration fitted; not prospectively validated,2026-09-20T13:52:32Z,2026-09-21T00:20:00Z,Sun 8:20 PM ET,Kansas City Chiefs,Indianapolis Colts,5a4f3bf,2026_02_IND_KC,3.0,graded,win,0.9090909090909091,0.9090909090909091,1.0,0.25,0.24186385111643083,0.6931471805599453,0.6768734285047299,True,-0.8799999999999999,0.8799999999999999,1.5
50bc247030707d823b9c3581d7eb5760,Indianapolis Colts @ Kansas City Chiefs,Patrick Mahomes,draftkings,DraftKings,pass_yds,Passing yards,over,219.5,-111,197.5101956449,0.5,0.0,0.5260663507,0.4978941162,0.4989470581,220.5,2,-260.663507109,-4.954954955,Calibration fitted; not prospectively validated,2026-09-20T13:52:43Z,2026-09-21T00:20:00Z,Sun 8:20 PM ET,Kansas City Chiefs,Indianapolis Colts,5a4f3bf,2026_02_IND_KC,382.0,graded,win,0.9009009009009009,0.9009009009009009,1.0,0.25,0.2510540505866448,0.6931471805599453,0.6952552848511803,True,-184.4898043551,184.4898043551,162.5
50bc247030707d823b9c3581d7eb5760,Indianapolis Colts @ Kansas City Chiefs,Patrick Mahomes,draftkings,DraftKings,rush_attempts,Rushing attempts,over,3.5,-146,5.1722598093,0.506993007,0.0,0.593495935,0.5594871428,0.5594871428,3.5,1,-865.0292796634,-14.5751508765,Calibration fitted; not prospectively validated,2026-09-20T13:52:43Z,2026-09-21T00:20:00Z,Sun 8:20 PM ET,Kansas City Chiefs,Indianapolis Colts,5a4f3bf,2026_02_IND_KC,2.0,graded,loss,-1.0,0.684931506849315,0.0,0.2570419091469021,0.3130258629585076,0.7072319204558688,0.8198156462906535,False,3.1722598093,3.1722598093,1.5
50bc247030707d823b9c3581d7eb5760,Indianapolis Colts @ Kansas City Chiefs,Patrick Mahomes,betmgm,BetMGM,rush_yds,Rushing yards,over,17.5,-111,25.8063598242,0.5,0.0,0.5260663507,0.4928711097,0.5,17.5,3,-260.663507109,-4.954954955,Calibration fitted; not prospectively validated,2026-09-20T13:52:32Z,2026-09-21T00:20:00Z,Sun 8:20 PM ET,Kansas City Chiefs,Indianapolis Colts,5a4f3bf,2026_02_IND_KC,17.0,graded,loss,-1.0,0.9009009009009009,0.0,0.25,0.25,0.6931471805599453,0.6931471805599453,False,8.806359824200001,8.806359824200001,0.5
50bc247030707d823b9c3581d7eb5760,Indianapolis Colts @ Kansas City Chiefs,Rashee Rice,draftkings,DraftKings,receptions,Receptions,over,4.5,-138,4.4799875199,0.5,0.0,0.5798319328,0.5467012037,0.5467012037,4.5,5,-798.3193277311,-13.768115942,Calibration fitted; not prospectively validated,2026-09-20T13:52:43Z,2026-09-21T00:20:00Z,Sun 8:20 PM ET,Kansas City Chiefs,Indianapolis Colts,5a4f3bf,2026_02_IND_KC,4.0,graded,loss,-1.0,0.7246376811594203,0.0,0.25,0.29888220612702887,0.6931471805599453,0.7912037764546984,False,0.4799875198999999,0.4799875198999999,0.5
50bc247030707d823b9c3581d7eb5760,Indianapolis Colts @ Kansas City Chiefs,Rashee Rice,betonlineag,BetOnline.ag,recv_yds,Receiving yards,over,50.5,-114,53.5117257558,0.5,0.0,0.5327102804,0.5,0.5015067502,50.5,4,-327.1028037383,-6.1403508772,Calibration fitted; not prospectively validated,2026-09-20T13:52:24Z,2026-09-21T00:20:00Z,Sun 8:20 PM ET,Kansas City Chiefs,Indianapolis Colts,5a4f3bf,2026_02_IND_KC,83.0,graded,win,0.8771929824561403,0.8771929824561403,1.0,0.25,0.24849552009616518,0.6931471805599453,0.6901382116507919,True,-29.4882742442,29.4882742442,32.5
50bc247030707d823b9c3581d7eb5760,Indianapolis Colts @ Kansas City Chiefs,Travis Kelce,draftkings,DraftKings,receptions,Receptions,over,3.5,-139,3.5357236619,0.5408805031,0.0,0.5815899582,0.548639308,0.556480811,3.5,5,-407.0945501434,-6.9996832723,Calibration fitted; not prospectively validated,2026-09-20T13:52:43Z,2026-09-21T00:20:00Z,Sun 8:20 PM ET,Kansas City Chiefs,Indianapolis Colts,5a4f3bf,2026_02_IND_KC,9.0,graded,win,0.7194244604316546,0.7194244604316546,1.0,0.2107907124337091,0.1967092710112177,0.6145569060492819,0.5861225904423527,True,-5.4642763380999995,5.4642763380999995,5.5
50bc247030707d823b9c3581d7eb5760,Indianapolis Colts @ Kansas City Chiefs,Travis Kelce,betonlineag,BetOnline.ag,recv_yds,Receiving yards,over,42.5,-111,48.3646136193,0.5,0.0,0.5260663507,0.4948402543,0.4984932498,42.5,4,-260.663507109,-4.954954955,Calibration fitted; not prospectively validated,2026-09-20T13:52:24Z,2026-09-21T00:20:00Z,Sun 8:20 PM ET,Kansas City Chiefs,Indianapolis Colts,5a4f3bf,2026_02_IND_KC,101.0,graded,win,0.9009009009009009,0.9009009009009009,1.0,0.25,0.2515090204961652,0.6931471805599453,0.6961652306949938,True,-52.6353863807,52.6353863807,58.5
50bc247030707d823b9c3581d7eb5760,Indianapolis Colts @ Kansas City Chiefs,Tyler Warren,fanduel,FanDuel,receptions,Receptions,over,4.5,-130,2.2747389504,0.4210526316,0.0,0.5652173913,0.528157683,0.548639308,4.5,5,-1441.647597254,-25.5060728745,Calibration fitted; not prospectively validated,2026-09-20T13:52:59Z,2026-09-21T00:20:00Z,Sun 8:20 PM ET,Kansas City Chiefs,Indianapolis Colts,5a4f3bf,2026_02_IND_KC,6.0,graded,win,0.7692307692307693,0.7692307692307693,1.0,0.33518005537728524,0.2037264742827188,0.8649974374366045,0.600314051568993,False,-3.7252610496,3.7252610496,1.5
50bc247030707d823b9c3581d7eb5760,Indianapolis Colts @ Kansas City Chiefs,Tyler Warren,fanduel,FanDuel,recv_yds,Receiving yards,over,42.5,-113,20.1535749998,0.4836956522,0.0,0.5305164319,0.5,0.5072616132,42.5,4,-468.2077975097,-8.8255098115,Calibration fitted; not prospectively validated,2026-09-20T13:52:59Z,2026-09-21T00:20:00Z,Sun 8:20 PM ET,Kansas City Chiefs,Indianapolis Colts,5a4f3bf,2026_02_IND_KC,21.0,graded,loss,-1.0,0.8849557522123894,0.0,0.23396148395718336,0.25731434422626637,0.6610588660589711,0.7077769013650413,True,-0.8464250002,0.8464250002,21.5
50bc247030707d823b9c3581d7eb5760,Indianapolis Colts @ Kansas City Chiefs,Tyquan Thornton,fanduel,FanDuel,receptions,Receptions,over,1.5,148,1.4374998187,0.4591194969,0.0,0.4032258065,0.3768844221,0.3933164105,1.5,5,558.9369040373,13.8616352201,Calibration fitted; not prospectively validated,2026-09-20T13:52:59Z,2026-09-21T00:20:00Z,Sun 8:20 PM ET,Kansas City Chiefs,Indianapolis Colts,5a4f3bf,2026_02_IND_KC,4.0,graded,win,1.48,1.48,1.0,0.29255171863370916,0.36806497776860453,0.7784447609745802,0.9331408752686441,False,-2.5625001813,2.5625001813,2.5
50bc247030707d823b9c3581d7eb5760,Indianapolis Colts @ Kansas City Chiefs,Tyquan Thornton,betmgm,BetMGM,recv_yds,Receiving yards,over,16.5,-115,21.6590964623,0.5010141988,0.0,0.5348837209,0.5,0.5063197809,16.0,3,-338.6952214727,-6.3321280536,Calibration fitted; not prospectively validated,2026-09-20T13:52:32Z,2026-09-21T00:20:00Z,Sun 8:20 PM ET,Kansas City Chiefs,Indianapolis Colts,5a4f3bf,2026_02_IND_KC,86.0,graded,win,0.8695652173913043,0.8695652173913043,1.0,0.24898682979920594,0.24372015873062405,0.6911208373807048,0.68058683124547,True,-64.3409035377,64.3409035377,69.5
50bc247030707d823b9c3581d7eb5760,Indianapolis Colts @ Kansas City Chiefs,Xavier Worthy,betrivers,BetRivers,receptions,Receptions,over,3.5,108,2.3782749654,0.4524271845,0.0,0.4807692308,,0.4652655222,3.5,5,-283.4204630321,-5.8951456311,Calibration fitted; not prospectively validated,2026-09-20T13:53:11Z,2026-09-21T00:20:00Z,Sun 8:20 PM ET,Kansas City Chiefs,Indianapolis Colts,5a4f3bf,2026_02_IND_KC,5.0,graded,win,1.08,1.08,1.0,0.29983598827459695,0.28594096174803874,0.7931284470229283,0.7651470208782162,False,-2.6217250346,2.6217250346,1.5
50bc247030707d823b9c3581d7eb5760,Indianapolis Colts @ Kansas City Chiefs,Xavier Worthy,draftkings,DraftKings,recv_yds,Receiving yards,over,40.5,-114,27.6160713845,0.4985632184,0.0,0.5327102804,0.5042122999,0.5,40.0,3,-341.4706198303,-6.4100625126,Calibration fitted; not prospectively validated,2026-09-20T13:52:43Z,2026-09-21T00:20:00Z,Sun 8:20 PM ET,Kansas City Chiefs,Indianapolis Colts,5a4f3bf,2026_02_IND_KC,25.0,graded,loss,-1.0,0.8771929824561403,0.0,0.2485652827413661,0.25,0.6902777381503304,0.6931471805599453,True,2.6160713844999997,2.6160713844999997,15.5
56e8897681915f7ec92baeee952bb1ae,Detroit Lions @ Buffalo Bills,Amon-Ra St. Brown,betmgm,BetMGM,receptions,Receptions,over,7.5,105,6.5329013132,0.4524271845,0.0,0.487804878,0.4554079696,0.4693877551,7.5,5,-353.7769358276,-7.2524271845,Calibration fitted; not prospectively validated,2026-09-17T21:28:09Z,2026-09-18T00:15:00Z,Thu 8:15 PM ET,Buffalo Bills,Detroit Lions,13c730d,2026_02_DET_BUF,9.0,graded,win,1.05,1.05,1.0,0.29983598827459695,0.2815493544378175,0.7931284470229283,0.7563260821858246,False,-2.4670986868,2.4670986868,1.5
56e8897681915f7ec92baeee952bb1ae,Detroit Lions @ Buffalo Bills,Amon-Ra St. Brown,betonlineag,BetOnline.ag,recv_yds,Receiving yards,over,80.5,-114,69.0901933067,0.4989858012,0.0,0.5327102804,0.5,0.5,80.5,4,-337.2447915679,-6.330735561,Calibration fitted; not prospectively validated,2026-09-17T21:27:31Z,2026-09-18T00:15:00Z,Thu 8:15 PM ET,Buffalo Bills,Detroit Lions,13c730d,2026_02_DET_BUF,142.0,graded,win,0.8771929824561403,0.8771929824561403,1.0,0.2510152273992059,0.25,0.6951776381444736,0.6931471805599453,False,-72.9098066933,72.9098066933,61.5
56e8897681915f7ec92baeee952bb1ae,Detroit Lions @ Buffalo Bills,DJ Moore,draftkings,DraftKings,receptions,Receptions,over,4.5,-108,4.5030125456,0.5,0.0,0.5192307692,0.4896023956,0.4969655284,4.5,6,-192.3076923077,-3.7037037037,Calibration fitted; not prospectively validated,2026-09-17T21:28:13Z,2026-09-18T00:15:00Z,Thu 8:15 PM ET,Buffalo Bills,Detroit Lions,13c730d,2026_02_DET_BUF,0.0,graded,loss,-1.0,0.9259259259259259,0.0,0.25,0.24697473641789122,0.6931471805599453,0.6870965792226564,False,4.5030125456,4.5030125456,4.5
56e8897681915f7ec92baeee952bb1ae,Detroit Lions @ Buffalo Bills,DJ Moore,draftkings,DraftKings,recv_yds,Receiving yards,over,62.5,-114,64.9968742579,0.5,0.0,0.5327102804,0.5042122999,0.5010179153,62.5,3,-327.1028037383,-6.1403508772,Calibration fitted; not prospectively validated,2026-09-17T21:28:13Z,2026-09-18T00:15:00Z,Thu 8:15 PM ET,Buffalo Bills,Detroit Lions,13c730d,2026_02_DET_BUF,0.0,graded,loss,-1.0,0.8771929824561403,0.0,0.25,0.25101895145155795,0.6931471805599453,0.6951850862799347,False,64.9968742579,64.9968742579,62.5
56e8897681915f7ec92baeee952bb1ae,Detroit Lions @ Buffalo Bills,Dalton Kincaid,draftkings,DraftKings,receptions,Receptions,over,4.5,126,4.0757558532,0.4579439252,0.0,0.4424778761,0.4171177482,0.4168103476,4.5,4,154.6604912745,3.4953271028,Calibration fitted; not prospectively validated,2026-09-17T21:28:13Z,2026-09-18T00:15:00Z,Thu 8:15 PM ET,Buffalo Bills,Detroit Lions,13c730d,2026_02_DET_BUF,7.0,graded,win,1.26,1.26,1.0,0.2938247882275833,0.3401101706664328,0.781008536424749,0.8751239625555618,False,-2.9242441468000004,2.9242441468000004,2.5
56e8897681915f7ec92baeee952bb1ae,Detroit Lions @ Buffalo Bills,Dalton Kincaid,betrivers,BetRivers,recv_yds,Receiving yards,over,50.5,-117,59.6877067153,0.5010141988,0.0,0.5391705069,0.5030135005,0.5203045685,52.5,3,-381.5630812948,-7.07685373,Calibration fitted; not prospectively validated,2026-09-17T21:28:24Z,2026-09-18T00:15:00Z,Thu 8:15 PM ET,Buffalo Bills,Detroit Lions,13c730d,2026_02_DET_BUF,95.0,graded,win,0.8547008547008547,0.8547008547008547,1.0,0.24898682979920594,0.23010770700197122,0.6911208373807048,0.6533409302131843,True,-35.3122932847,35.3122932847,44.5
56e8897681915f7ec92baeee952bb1ae,Detroit Lions @ Buffalo Bills,Dawson Knox,draftkings,DraftKings,receptions,Receptions,over,1.5,127,2.9166792712,0.5475728155,0.0,0.4405286344,0.415475269,0.4170324846,1.5,5,1070.4418117275,24.2990291262,Calibration fitted; not prospectively validated,2026-09-17T21:28:13Z,2026-09-18T00:15:00Z,Thu 8:15 PM ET,Buffalo Bills,Detroit Lions,13c730d,2026_02_DET_BUF,2.0,graded,win,1.27,1.27,1.0,0.204690357274597,0.33985112401164924,0.6022598297876792,0.8745911594980147,True,0.9166792712,0.9166792712,0.5
56e8897681915f7ec92baeee952bb1ae,Detroit Lions @ Buffalo Bills,Dawson Knox,draftkings,DraftKings,recv_yds,Receiving yards,over,12.5,-110,30.9754906976,0.5163043478,0.0,0.5238095238,0.4957877001,0.5,12.5,5,-75.0517598344,-1.4328063241,Calibration fitted; not prospectively validated,2026-09-17T21:28:13Z,2026-09-18T00:15:00Z,Thu 8:15 PM ET,Buffalo Bills,Detroit Lions,13c730d,2026_02_DET_BUF,5.0,graded,loss,-1.0,0.9090909090909091,0.0,0.2665701795571834,0.25,0.7262993878229133,0.6931471805599453,False,25.9754906976,25.9754906976,7.5
56e8897681915f7ec92baeee952bb1ae,Detroit Lions @ Buffalo Bills,Isaac TeSlaa,betrivers,BetRivers,receptions,Receptions,over,1.5,-109,1.576876577,0.5408805031,0.0,0.5215311005,,0.5101214575,1.5,5,193.4940266619,3.7101148231,Calibration fitted; not prospectively validated,2026-09-17T21:28:24Z,2026-09-18T00:15:00Z,Thu 8:15 PM ET,Buffalo Bills,Detroit Lions,13c730d,2026_02_DET_BUF,2.0,graded,win,0.9174311926605505,0.9174311926605505,1.0,0.2107907124337091,0.23998098640192428,0.6145569060492819,0.6731064296566579,True,-0.42312342300000005,0.42312342300000005,0.5
56e8897681915f7ec92baeee952bb1ae,Detroit Lions @ Buffalo Bills,Isaac TeSlaa,draftkings,DraftKings,recv_yds,Receiving yards,over,17.5,-110,20.1517506904,0.5,0.0,0.5238095238,0.4957877001,0.49789385,17.5,4,-238.0952380952,-4.5454545455,Calibration fitted; not prospectively validated,2026-09-17T21:28:13Z,2026-09-18T00:15:00Z,Thu 8:15 PM ET,Buffalo Bills,Detroit Lions,13c730d,2026_02_DET_BUF,26.0,graded,win,0.9090909090909091,0.9090909090909091,1.0,0.25,0.2521105858678224,0.6931471805599453,0.6973683772881721,True,-5.8482493096,5.8482493096,8.5
56e8897681915f7ec92baeee952bb1ae,Detroit Lions @ Buffalo Bills,Jahmyr Gibbs,betrivers,BetRivers,receptions,Receptions,over,4.5,114,3.7969621306,0.4524271845,0.0,0.4672897196,,0.4463337988,4.5,4,-148.6253516015,-3.1805825243,Calibration fitted; not prospectively validated,2026-09-17T21:28:24Z,2026-09-18T00:15:00Z,Thu 8:15 PM ET,Buffalo Bills,Detroit Lions,13c730d,2026_02_DET_BUF,6.0,graded,win,1.14,1.14,1.0,0.29983598827459695,0.3065462623512389,0.7931284470229283,0.8066881790918062,False,-2.2030378694,2.2030378694,1.5
56e8897681915f7ec92baeee952bb1ae,Detroit Lions @ Buffalo Bills,Jahmyr Gibbs,draftkings,DraftKings,recv_yds,Receiving yards,over,31.5,-108,28.6502588499,0.5,0.0,0.5192307692,0.4915711396,0.4915711396,31.0,3,-192.3076923077,-3.7037037037,Calibration fitted; not prospectively validated,2026-09-17T21:28:13Z,2026-09-18T00:15:00Z,Thu 8:15 PM ET,Buffalo Bills,Detroit Lions,13c730d,2026_02_DET_BUF,61.0,graded,win,0.9259259259259259,0.9259259259259259,1.0,0.25,0.25849990608764273,0.6931471805599453,0.7101486100925113,True,-32.3497411501,32.3497411501,29.5
56e8897681915f7ec92baeee952bb1ae,Detroit Lions @ Buffalo Bills,Jahmyr Gibbs,draftkings,DraftKings,rush_attempts,Rushing attempts,over,18.5,-109,14.4984839976,0.4054054054,0.0,0.5215311005,0.4916850289,0.4958425144,18.5,2,-1161.2569507306,-22.2663030002,Calibration fitted; not prospectively validated,2026-09-17T21:28:13Z,2026-09-18T00:15:00Z,Thu 8:15 PM ET,Buffalo Bills,Detroit Lions,13c730d,2026_02_DET_BUF,16.0,graded,loss,-1.0,0.9174311926605505,0.0,0.16435354272753833,0.2458597990865142,0.5198754592768178,0.6848665882912266,True,-1.5015160024000007,1.5015160024000007,2.5
56e8897681915f7ec92baeee952bb1ae,Detroit Lions @ Buffalo Bills,Jahmyr Gibbs,draftkings,DraftKings,rush_yds,Rushing yards,over,87.5,-112,69.6212941655,0.4352331606,0.0,0.5283018868,0.5,0.5,87.5,3,-930.6872617069,-17.6165803109,Calibration fitted; not prospectively validated,2026-09-17T21:28:13Z,2026-09-18T00:15:00Z,Thu 8:15 PM ET,Buffalo Bills,Detroit Lions,13c730d,2026_02_DET_BUF,52.0,graded,loss,-1.0,0.8928571428571429,0.0,0.1894279040858654,0.25,0.5713423066372096,0.6931471805599453,True,17.621294165500004,17.621294165500004,35.5
56e8897681915f7ec92baeee952bb1ae,Detroit Lions @ Buffalo Bills,James Cook,betonlineag,BetOnline.ag,receptions,Receptions,over,2.5,-108,2.165143267,0.4579439252,0.0,0.5192307692,0.4876847291,0.5,2.5,5,-612.8684399712,-11.8033921772,Calibration fitted; not prospectively validated,2026-09-17T21:27:31Z,2026-09-18T00:15:00Z,Thu 8:15 PM ET,Buffalo Bills,Detroit Lions,13c730d,2026_02_DET_BUF,1.0,graded,loss,-1.0,0.9259259259259259,0.0,0.2097126386275832,0.25,0.6123858238534178,0.6931471805599453,True,1.165143267,1.165143267,1.5
56e8897681915f7ec92baeee952bb1ae,Detroit Lions @ Buffalo Bills,James Cook,fanduel,FanDuel,recv_yds,Receiving yards,over,18.5,-113,17.2131918582,0.5,0.0,0.5305164319,0.5,0.5,18.5,4,-305.1643192488,-5.7522123894,Calibration fitted; not prospectively validated,2026-09-17T21:27:50Z,2026-09-18T00:15:00Z,Thu 8:15 PM ET,Buffalo Bills,Detroit Lions,13c730d,2026_02_DET_BUF,4.0,graded,loss,-1.0,0.8849557522123894,0.0,0.25,0.25,0.6931471805599453,0.6931471805599453,False,13.213191858199998,13.213191858199998,14.5
56e8897681915f7ec92baeee952bb1ae,Detroit Lions @ Buffalo Bills,James Cook,betmgm,BetMGM,rush_attempts,Rushing attempts,over,17.5,-120,12.5473236895,0.4054054054,0.0,0.5454545455,0.5101214575,0.5185070944,17.5,3,-1400.4914004914,-25.6756756757,Calibration fitted; not prospectively validated,2026-09-17T21:28:09Z,2026-09-18T00:15:00Z,Thu 8:15 PM ET,Buffalo Bills,Detroit Lions,13c730d,2026_02_DET_BUF,21.0,graded,win,0.8333333333333334,0.8333333333333334,1.0,0.3535427319275383,0.23183541814313052,0.9028677115553477,0.656801568860355,False,-8.4526763105,8.4526763105,3.5
56e8897681915f7ec92baeee952bb1ae,Detroit Lions @ Buffalo Bills,James Cook,draftkings,DraftKings,rush_yds,Rushing yards,over,79.5,-112,58.2431966365,0.4352331606,0.0,0.5283018868,0.5,0.5,79.5,3,-930.6872617069,-17.6165803109,Calibration fitted; not prospectively validated,2026-09-17T21:28:13Z,2026-09-18T00:15:00Z,Thu 8:15 PM ET,Buffalo Bills,Detroit Lions,13c730d,2026_02_DET_BUF,135.0,graded,win,0.8928571428571429,0.8928571428571429,1.0,0.31896158288586546,0.25,0.8318733901115719,0.6931471805599453,False,-76.7568033635,76.7568033635,55.5
56e8897681915f7ec92baeee952bb1ae,Detroit Lions @ Buffalo Bills,Jameson Williams,fanduel,FanDuel,receptions,Receptions,over,3.5,-148,2.8520047063,0.4524271845,0.0,0.5967741935,0.5585303332,0.5715249663,3.5,3,-1443.4700908237,-24.1878771976,Calibration fitted; not prospectively validated,2026-09-17T21:27:50Z,2026-09-18T00:15:00Z,Thu 8:15 PM ET,Buffalo Bills,Detroit Lions,13c730d,2026_02_DET_BUF,2.0,graded,loss,-1.0,0.6756756756756757,0.0,0.20469035727459706,0.3266407871042162,0.6022598297876794,0.8475228070524745,True,0.8520047062999998,0.8520047062999998,1.5
56e8897681915f7ec92baeee952bb1ae,Detroit Lions @ Buffalo Bills,Jameson Williams,fanduel,FanDuel,recv_yds,Receiving yards,over,57.5,-113,40.0125972947,0.4985632184,0.0,0.5305164319,0.5,0.5025116541,58.0,2,-319.5321353408,-6.0230393653,Calibration fitted; not prospectively validated,2026-09-17T21:27:50Z,2026-09-18T00:15:00Z,Thu 8:15 PM ET,Buffalo Bills,Detroit Lions,13c730d,2026_02_DET_BUF,33.0,graded,loss,-1.0,0.8849557522123894,0.0,0.2485652827413661,0.25251796250631803,0.6902777381503304,0.6981831479845,True,7.012597294700001,7.012597294700001,24.5
56e8897681915f7ec92baeee952bb1ae,Detroit Lions @ Buffalo Bills,Jared Goff,bovada,Bovada,pass_attempts,Passing attempts,over,36.5,-105,35.4006278304,0.5,0.0,0.512195122,0.4796954315,0.4844887492,36.5,3,-121.9512195122,-2.380952381,Calibration fitted; not prospectively validated,2026-09-17T21:28:03Z,2026-09-18T00:15:00Z,Thu 8:15 PM ET,Buffalo Bills,Detroit Lions,13c730d,2026_02_DET_BUF,38.0,graded,win,0.9523809523809523,0.9523809523809523,1.0,0.25,0.26575184970138044,0.6931471805599453,0.7246610693863668,True,-2.5993721696000023,2.5993721696000023,1.5
56e8897681915f7ec92baeee952bb1ae,Detroit Lions @ Buffalo Bills,Jared Goff,betmgm,BetMGM,pass_completions,Passing completions,over,23.5,-115,23.6004185536,0.5,0.0,0.5348837209,0.5,0.5173267327,24.0,2,-348.8372093023,-6.5217391304,Calibration fitted; not prospectively validated,2026-09-17T21:28:09Z,2026-09-18T00:15:00Z,Thu 8:15 PM ET,Buffalo Bills,Detroit Lions,13c730d,2026_02_DET_BUF,26.0,graded,win,0.8695652173913043,0.8695652173913043,1.0,0.25,0.2329734829660573,0.6931471805599453,0.6590806259446645,True,-2.399581446399999,2.399581446399999,2.5
56e8897681915f7ec92baeee952bb1ae,Detroit Lions @ Buffalo Bills,Jared Goff,betmgm,BetMGM,pass_tds,Passing touchdowns,over,1.5,-130,1.88,0.5,0.0,0.5652173913,0.5246062992,0.5472249334,1.5,6,-652.1739130435,-11.5384615385,Calibration fitted; not prospectively validated,2026-09-17T21:28:09Z,2026-09-18T00:15:00Z,Thu 8:15 PM ET,Buffalo Bills,Detroit Lions,13c730d,2026_02_DET_BUF,4.0,graded,win,0.7692307692307693,0.7692307692307693,1.0,0.25,0.20500526093463442,0.6931471805599453,0.6028953482878922,True,-2.12,2.12,2.5
56e8897681915f7ec92baeee952bb1ae,Detroit Lions @ Buffalo Bills,Jared Goff,draftkings,DraftKings,pass_yds,Passing yards,over,259.5,-111,237.3738391165,0.5,0.0,0.5260663507,0.4978941162,0.4978941162,259.5,3,-260.663507109,-4.954954955,Calibration fitted; not prospectively validated,2026-09-17T21:28:13Z,2026-09-18T00:15:00Z,Thu 8:15 PM ET,Buffalo Bills,Detroit Lions,13c730d,2026_02_DET_BUF,327.0,graded,win,0.9009009009009009,0.9009009009009009,1.0,0.25,0.2521103185465791,0.6931471805599453,0.6973678426362,True,-89.6261608835,89.6261608835,67.5
56e8897681915f7ec92baeee952bb1ae,Detroit Lions @ Buffalo Bills,Jared Goff,draftkings,DraftKings,rush_yds,Rushing yards,over,0.5,127,7.6017899031,0.5647668394,0.0,0.4405286344,0.4172015404,0.4172015404,0.5,3,1242.38205017,28.2020725389,Calibration fitted; not prospectively validated,2026-09-17T21:28:13Z,2026-09-18T00:15:00Z,Thu 8:15 PM ET,Buffalo Bills,Detroit Lions,13c730d,2026_02_DET_BUF,7.0,graded,win,1.27,1.27,1.0,0.18942790408586535,0.3396540445121328,0.5713423066372096,0.8741858636283953,True,0.6017899031000002,0.6017899031000002,6.5
56e8897681915f7ec92baeee952bb1ae,Detroit Lions @ Buffalo Bills,Josh Allen,draftkings,DraftKings,pass_attempts,Passing attempts,over,31.5,-103,32.3520344322,0.5,0.0,0.5073891626,0.4791397221,0.4796954315,31.5,3,-73.8916256158,-1.4563106796,Calibration fitted; not prospectively validated,2026-09-17T21:28:13Z,2026-09-18T00:15:00Z,Thu 8:15 PM ET,Buffalo Bills,Detroit Lions,13c730d,2026_02_DET_BUF,31.0,graded,loss,-1.0,0.970873786407767,0.0,0.25,0.2301077070019712,0.6931471805599453,0.6533409302131841,False,1.3520344322,1.3520344322,0.5
56e8897681915f7ec92baeee952bb1ae,Detroit Lions @ Buffalo Bills,Josh Allen,draftkings,DraftKings,pass_completions,Passing completions,over,21.5,102,22.3117478843,0.5,0.0,0.495049505,0.466910272,0.4681490136,21.5,4,49.5049504951,1.0,Calibration fitted; not prospectively validated,2026-09-17T21:28:13Z,2026-09-18T00:15:00Z,Thu 8:15 PM ET,Buffalo Bills,Detroit Lions,13c730d,2026_02_DET_BUF,20.0,graded,loss,-1.0,1.02,0.0,0.25,0.21916349893465298,0.6931471805599453,0.6313919296279147,False,2.3117478843000008,2.3117478843000008,1.5
56e8897681915f7ec92baeee952bb1ae,Detroit Lions @ Buffalo Bills,Josh Allen,bovada,Bovada,pass_tds,Passing touchdowns,over,1.5,-170,2.12,0.5,0.0,0.6296296296,0.5915279879,0.6017069701,1.5,7,-1296.2962962963,-20.5882352941,Calibration fitted; not prospectively validated,2026-09-17T21:28:03Z,2026-09-18T00:15:00Z,Thu 8:15 PM ET,Buffalo Bills,Detroit Lions,13c730d,2026_02_DET_BUF,3.0,graded,win,0.5882352941176471,0.5882352941176471,1.0,0.25,0.1586373376669223,0.6931471805599453,0.5079847128109591,True,-0.8799999999999999,0.8799999999999999,1.5
56e8897681915f7ec92baeee952bb1ae,Detroit Lions @ Buffalo Bills,Josh Allen,draftkings,DraftKings,pass_yds,Passing yards,over,252.5,-112,283.8054330878,0.5,0.0,0.5283018868,0.5,0.5,253.0,2,-283.0188679245,-5.3571428571,Calibration fitted; not prospectively validated,2026-09-17T21:28:13Z,2026-09-18T00:15:00Z,Thu 8:15 PM ET,Buffalo Bills,Detroit Lions,13c730d,2026_02_DET_BUF,248.0,graded,loss,-1.0,0.8928571428571429,0.0,0.25,0.25,0.6931471805599453,0.6931471805599453,False,35.8054330878,35.8054330878,4.5
56e8897681915f7ec92baeee952bb1ae,Detroit Lions @ Buffalo Bills,Josh Allen,betonlineag,BetOnline.ag,rush_attempts,Rushing attempts,over,7.5,100,7.2243049872,0.5,0.0,0.5,0.4693877551,0.4782356355,7.5,3,0.0,0.0,Calibration fitted; not prospectively validated,2026-09-17T21:27:31Z,2026-09-18T00:15:00Z,Thu 8:15 PM ET,Buffalo Bills,Detroit Lions,13c730d,2026_02_DET_BUF,14.0,graded,win,1.0,1.0,1.0,0.25,0.27223805206208895,0.6931471805599453,0.7376517066591133,True,-6.7756950128,6.7756950128,6.5
56e8897681915f7ec92baeee952bb1ae,Detroit Lions @ Buffalo Bills,Josh Allen,draftkings,DraftKings,rush_yds,Rushing yards,over,34.5,-111,35.1475875175,0.5,0.0,0.5260663507,0.4978941162,0.5,32.5,3,-260.663507109,-4.954954955,Calibration fitted; not prospectively validated,2026-09-17T21:28:13Z,2026-09-18T00:15:00Z,Thu 8:15 PM ET,Buffalo Bills,Detroit Lions,13c730d,2026_02_DET_BUF,69.0,graded,win,0.9009009009009009,0.9009009009009009,1.0,0.25,0.25,0.6931471805599453,0.6931471805599453,True,-33.8524124825,33.8524124825,34.5
56e8897681915f7ec92baeee952bb1ae,Detroit Lions @ Buffalo Bills,Keon Coleman,fanduel,FanDuel,receptions,Receptions,over,1.5,140,3.6984025372,0.5475728155,0.0,0.4166666667,0.3896103896,0.405904059,1.5,5,1309.0614886731,31.4174757282,Calibration fitted; not prospectively validated,2026-09-17T21:27:50Z,2026-09-18T00:15:00Z,Thu 8:15 PM ET,Buffalo Bills,Detroit Lions,13c730d,2026_02_DET_BUF,6.0,graded,win,1.4,1.4,1.0,0.204690357274597,0.35294998711267545,0.6022598297876792,0.9016384551872847,True,-2.3015974628,2.3015974628,4.5
56e8897681915f7ec92baeee952bb1ae,Detroit Lions @ Buffalo Bills,Keon Coleman,draftkings,DraftKings,recv_yds,Receiving yards,over,14.5,-109,43.3515321768,0.5163043478,0.0,0.5215311005,0.4936802191,0.4936802191,14.5,3,-52.2675265238,-1.0021938572,Calibration fitted; not prospectively validated,2026-09-17T21:28:13Z,2026-09-18T00:15:00Z,Thu 8:15 PM ET,Buffalo Bills,Detroit Lions,13c730d,2026_02_DET_BUF,63.0,graded,win,0.9174311926605505,0.9174311926605505,1.0,0.23396148395718336,0.25635972053062395,0.6610588660589711,0.7058673011596689,True,-19.6484678232,19.6484678232,48.5
56e8897681915f7ec92baeee952bb1ae,Detroit Lions @ Buffalo Bills,Khalil Shakir,draftkings,DraftKings,receptions,Receptions,over,4.5,126,3.7014945035,0.4524271845,0.0,0.4424778761,0.4176935634,0.4248366013,4.5,5,99.4930835982,2.2485436893,Calibration fitted; not prospectively validated,2026-09-17T21:28:13Z,2026-09-18T00:15:00Z,Thu 8:15 PM ET,Buffalo Bills,Detroit Lions,13c730d,2026_02_DET_BUF,3.0,graded,loss,-1.0,1.26,0.0,0.20469035727459706,0.18048613780413517,0.6022598297876794,0.553101106901729,True,0.7014945035000002,0.7014945035000002,1.5
56e8897681915f7ec92baeee952bb1ae,Detroit Lions @ Buffalo Bills,Khalil Shakir,draftkings,DraftKings,recv_yds,Receiving yards,over,43.5,-111,45.3382551445,0.5,0.0,0.5260663507,0.4978941162,0.5,43.5,4,-260.663507109,-4.954954955,Calibration fitted; not prospectively validated,2026-09-17T21:28:13Z,2026-09-18T00:15:00Z,Thu 8:15 PM ET,Buffalo Bills,Detroit Lions,13c730d,2026_02_DET_BUF,38.0,graded,loss,-1.0,0.9009009009009009,0.0,0.25,0.25,0.6931471805599453,0.6931471805599453,False,7.338255144500003,7.338255144500003,5.5
56e8897681915f7ec92baeee952bb1ae,Detroit Lions @ Buffalo Bills,Sam LaPorta,betmgm,BetMGM,receptions,Receptions,over,4.5,110,3.407580598,0.4524271845,0.0,0.4761904762,0.4424778761,0.4693877551,4.5,5,-237.6329172446,-4.9902912621,Calibration fitted; not prospectively validated,2026-09-17T21:28:09Z,2026-09-18T00:15:00Z,Thu 8:15 PM ET,Buffalo Bills,Detroit Lions,13c730d,2026_02_DET_BUF,6.0,graded,win,1.1,1.1,1.0,0.29983598827459695,0.2815493544378175,0.7931284470229283,0.7563260821858246,False,-2.592419402,2.592419402,1.5
56e8897681915f7ec92baeee952bb1ae,Detroit Lions @ Buffalo Bills,Sam LaPorta,betmgm,BetMGM,recv_yds,Receiving yards,over,45.5,-111,35.9039865256,0.4989858012,0.0,0.5260663507,0.4928711097,0.4984932498,45.5,4,-270.8054949386,-5.147744093,Calibration fitted; not prospectively validated,2026-09-17T21:28:09Z,2026-09-18T00:15:00Z,Thu 8:15 PM ET,Buffalo Bills,Detroit Lions,13c730d,2026_02_DET_BUF,52.0,graded,win,0.9009009009009009,0.9009009009009009,1.0,0.2510152273992059,0.2515090204961652,0.6951776381444736,0.6961652306949938,False,-16.096013474400003,16.096013474400003,6.5
56e8897681915f7ec92baeee952bb1ae,Detroit Lions @ Buffalo Bills,Sione Vaki,fanduel,FanDuel,rush_yds,Rushing yards,over,5.5,108,18.3091994868,0.5647668394,0.0,0.4807692308,0.4532987963,0.5157232704,5.5,3,839.9760860901,17.4715025907,Calibration fitted; not prospectively validated,2026-09-17T21:27:50Z,2026-09-18T00:15:00Z,Thu 8:15 PM ET,Buffalo Bills,Detroit Lions,13c730d,2026_02_DET_BUF,7.0,graded,win,1.08,1.08,1.0,0.18942790408586535,0.23452395083207153,0.5713423066372096,0.6621849550340272,True,11.3091994868,11.3091994868,1.5
68bc55903f50af4af4766adcc89fcc61,Miami Dolphins @ San Francisco 49ers,Brock Purdy,betonlineag,BetOnline.ag,pass_attempts,Passing attempts,over,28.5,-114,27.7064866717,0.5,0.0,0.5327102804,0.5,0.5015687751,28.5,4,-327.1028037383,-6.1403508772,Calibration fitted; not prospectively validated,2026-09-20T13:53:19Z,2026-09-20T20:25:00Z,Sun 4:25 PM ET,San Francisco 49ers,Miami Dolphins,5a4f3bf,2026_02_MIA_SF,22.0,graded,loss,-1.0,0.8771929824561403,0.0,0.25,0.25157123615531435,0.6931471805599453,0.6962896631904416,False,5.706486671699999,5.706486671699999,6.5
68bc55903f50af4af4766adcc89fcc61,Miami Dolphins @ San Francisco 49ers,Brock Purdy,betonlineag,BetOnline.ag,pass_completions,Passing completions,over,19.5,-123,20.3724166703,0.5,0.0,0.5515695067,0.5196752547,0.5308143245,19.5,4,-515.6950672646,-9.3495934959,Calibration fitted; not prospectively validated,2026-09-20T13:53:19Z,2026-09-20T20:25:00Z,Sun 4:25 PM ET,San Francisco 49ers,Miami Dolphins,5a4f3bf,2026_02_MIA_SF,20.0,graded,win,0.8130081300813008,0.8130081300813008,1.0,0.25,0.2201351980943913,0.6931471805599453,0.6333429902642532,True,0.3724166703000016,0.3724166703000016,0.5
68bc55903f50af4af4766adcc89fcc61,Miami Dolphins @ San Francisco 49ers,Brock Purdy,betmgm,BetMGM,pass_tds,Passing touchdowns,over,1.5,-165,3.18,0.5333333333,0.0,0.6226415094,0.583497053,0.6058163839,1.5,6,-893.0817610063,-14.3434343434,Calibration fitted; not prospectively validated,2026-09-20T13:53:23Z,2026-09-20T20:25:00Z,Sun 4:25 PM ET,San Francisco 49ers,Miami Dolphins,5a4f3bf,2026_02_MIA_SF,2.0,graded,win,0.6060606060606061,0.6060606060606061,1.0,0.2177777778088889,0.15538072320167215,0.6286086594848742,0.5011783356903335,True,1.1800000000000002,1.1800000000000002,0.5
68bc55903f50af4af4766adcc89fcc61,Miami Dolphins @ San Francisco 49ers,Brock Purdy,fanduel,FanDuel,pass_yds,Passing yards,over,238.5,-113,240.0173630162,0.5,0.0,0.5305164319,0.5,0.5,239.0,3,-305.1643192488,-5.7522123894,Calibration fitted; not prospectively validated,2026-09-20T13:53:22Z,2026-09-20T20:25:00Z,Sun 4:25 PM ET,San Francisco 49ers,Miami Dolphins,5a4f3bf,2026_02_MIA_SF,287.0,graded,win,0.8849557522123894,0.8849557522123894,1.0,0.25,0.25,0.6931471805599453,0.6931471805599453,True,-46.982636983800006,46.982636983800006,48.5
68bc55903f50af4af4766adcc89fcc61,Miami Dolphins @ San Francisco 49ers,Brock Purdy,draftkings,DraftKings,rush_attempts,Rushing attempts,over,3.5,-152,5.356711588,0.506993007,0.0,0.6031746032,0.5691423882,0.5678266127,3.5,2,-961.815961816,-15.9458962091,Calibration fitted; not prospectively validated,2026-09-20T13:52:41Z,2026-09-20T20:25:00Z,Sun 4:25 PM ET,San Francisco 49ers,Miami Dolphins,5a4f3bf,2026_02_MIA_SF,3.0,graded,loss,-1.0,0.6578947368421053,0.0,0.2570419091469021,0.3224270620903558,0.7072319204558688,0.8389284117704613,False,2.3567115879999996,2.3567115879999996,0.5
68bc55903f50af4af4766adcc89fcc61,Miami Dolphins @ San Francisco 49ers,Brock Purdy,fanduel,FanDuel,rush_yds,Rushing yards,over,13.5,-113,23.817899979,0.5647668394,0.0,0.5305164319,0.5,0.5103307654,13.5,4,342.5040745336,6.4560502545,Calibration fitted; not prospectively validated,2026-09-20T13:53:22Z,2026-09-20T20:25:00Z,Sun 4:25 PM ET,San Francisco 49ers,Miami Dolphins,5a4f3bf,2026_02_MIA_SF,30.0,graded,win,0.8849557522123894,0.8849557522123894,1.0,0.18942790408586535,0.23977595931374984,0.5713423066372096,0.6726962038798147,True,-6.182100021,6.182100021,16.5
68bc55903f50af4af4766adcc89fcc61,Miami Dolphins @ San Francisco 49ers,Caleb Douglas,draftkings,DraftKings,receptions,Receptions,over,2.5,-149,3.1058819604,0.5420560748,0.0,0.5983935743,0.564936313,0.5665108372,2.5,5,-563.3749953083,-9.4147901901,Calibration fitted; not prospectively validated,2026-09-20T13:52:41Z,2026-09-20T20:25:00Z,Sun 4:25 PM ET,San Francisco 49ers,Miami Dolphins,5a4f3bf,2026_02_MIA_SF,2.0,graded,loss,-1.0,0.6711409395973155,0.0,0.2938247882275831,0.32093452866504485,0.7810085364247489,0.8358884823819868,False,1.1058819604,1.1058819604,0.5
68bc55903f50af4af4766adcc89fcc61,Miami Dolphins @ San Francisco 49ers,Caleb Douglas,draftkings,DraftKings,recv_yds,Receiving yards,over,38.5,-110,41.7973587035,0.5,0.0,0.5238095238,0.4957877001,0.5,38.5,3,-238.0952380952,-4.5454545455,Calibration fitted; not prospectively validated,2026-09-20T13:52:41Z,2026-09-20T20:25:00Z,Sun 4:25 PM ET,San Francisco 49ers,Miami Dolphins,5a4f3bf,2026_02_MIA_SF,19.0,graded,loss,-1.0,0.9090909090909091,0.0,0.25,0.25,0.6931471805599453,0.6931471805599453,False,22.797358703500002,22.797358703500002,19.5
68bc55903f50af4af4766adcc89fcc61,Miami Dolphins @ San Francisco 49ers,Chris Bell,draftkings,DraftKings,receptions,Receptions,over,1.5,-131,1.7182812369,0.5408805031,0.0,0.5670995671,0.5351457952,0.5348996303,1.5,6,-262.1906395491,-4.6233616592,Calibration fitted; not prospectively validated,2026-09-20T13:52:41Z,2026-09-20T20:25:00Z,Sun 4:25 PM ET,San Francisco 49ers,Miami Dolphins,5a4f3bf,2026_02_MIA_SF,0.0,graded,loss,-1.0,0.7633587786259542,0.0,0.29255171863370916,0.28611761449507667,0.7784447609745802,0.7655020478695808,False,1.7182812369,1.7182812369,1.5
68bc55903f50af4af4766adcc89fcc61,Miami Dolphins @ San Francisco 49ers,Chris Bell,draftkings,DraftKings,recv_yds,Receiving yards,over,19.5,-109,25.188515075,0.5,0.0,0.5215311005,0.4926759856,0.4969046636,19.5,5,-215.3110047847,-4.128440367,Calibration fitted; not prospectively validated,2026-09-20T13:52:41Z,2026-09-20T20:25:00Z,Sun 4:25 PM ET,San Francisco 49ers,Miami Dolphins,5a4f3bf,2026_02_MIA_SF,0.0,graded,loss,-1.0,0.9174311926605505,0.0,0.25,0.24691424470742918,0.6931471805599453,0.6869755912555169,False,25.188515075,25.188515075,19.5
68bc55903f50af4af4766adcc89fcc61,Miami Dolphins @ San Francisco 49ers,Christian McCaffrey,betrivers,BetRivers,receptions,Receptions,over,4.5,-117,3.3512605359,0.4524271845,0.0,0.5391705069,,0.5322580645,4.5,5,-867.4332244642,-16.0882914281,Calibration fitted; not prospectively validated,2026-09-20T13:52:45Z,2026-09-20T20:25:00Z,Sun 4:25 PM ET,San Francisco 49ers,Miami Dolphins,5a4f3bf,2026_02_MIA_SF,4.0,graded,loss,-1.0,0.8547008547008547,0.0,0.20469035727459706,0.2832986472252862,0.6022598297876794,0.7598385550241348,True,-0.6487394641000002,0.6487394641000002,0.5
68bc55903f50af4af4766adcc89fcc61,Miami Dolphins @ San Francisco 49ers,Christian McCaffrey,betonlineag,BetOnline.ag,recv_yds,Receiving yards,over,39.5,-108,25.9488734402,0.4836956522,0.0,0.5192307692,0.4876847291,0.4974883459,39.5,4,-355.3511705686,-6.8438003221,Calibration fitted; not prospectively validated,2026-09-20T13:53:19Z,2026-09-20T20:25:00Z,Sun 4:25 PM ET,San Francisco 49ers,Miami Dolphins,5a4f3bf,2026_02_MIA_SF,43.0,graded,win,0.9259259259259259,0.9259259259259259,1.0,0.2665701795571834,0.25251796250631803,0.7262993878229133,0.6981831479845,False,-17.0511265598,17.0511265598,3.5
68bc55903f50af4af4766adcc89fcc61,Miami Dolphins @ San Francisco 49ers,Christian McCaffrey,draftkings,DraftKings,rush_attempts,Rushing attempts,over,14.5,-115,12.9453332565,0.4915254237,0.0,0.5348837209,0.5052301255,0.5052301255,14.5,1,-433.5829720142,-8.1061164333,Calibration fitted; not prospectively validated,2026-09-20T13:52:41Z,2026-09-20T20:25:00Z,Sun 4:25 PM ET,San Francisco 49ers,Miami Dolphins,5a4f3bf,2026_02_MIA_SF,10.0,graded,loss,-1.0,0.8695652173913043,0.0,0.24159724214346454,0.25525747971274576,0.6763400621868974,0.7036625245129567,True,2.9453332564999997,2.9453332564999997,4.5
68bc55903f50af4af4766adcc89fcc61,Miami Dolphins @ San Francisco 49ers,Christian McCaffrey,draftkings,DraftKings,rush_yds,Rushing yards,over,61.5,-111,63.1982404683,0.5,0.0,0.5260663507,0.4978941162,0.4989470581,61.0,2,-260.663507109,-4.954954955,Calibration fitted; not prospectively validated,2026-09-20T13:52:41Z,2026-09-20T20:25:00Z,Sun 4:25 PM ET,San Francisco 49ers,Miami Dolphins,5a4f3bf,2026_02_MIA_SF,23.0,graded,loss,-1.0,0.9009009009009009,0.0,0.25,0.24894816678664478,0.6931471805599453,0.691043511025123,False,40.1982404683,40.1982404683,38.5
68bc55903f50af4af4766adcc89fcc61,Miami Dolphins @ San Francisco 49ers,De'Von Achane,betmgm,BetMGM,receptions,Receptions,over,3.5,-140,2.8130921878,0.4524271845,0.0,0.5833333333,0.5445920304,0.583497053,4.0,3,-1309.0614886731,-22.4410540915,Calibration fitted; not prospectively validated,2026-09-20T13:53:23Z,2026-09-20T20:25:00Z,Sun 4:25 PM ET,San Francisco 49ers,Miami Dolphins,5a4f3bf,2026_02_MIA_SF,3.0,graded,loss,-1.0,0.7142857142857143,0.0,0.20469035727459706,0.3404688108596848,0.6022598297876794,0.8758617417700197,True,-0.18690781219999986,0.18690781219999986,0.5
68bc55903f50af4af4766adcc89fcc61,Miami Dolphins @ San Francisco 49ers,De'Von Achane,betmgm,BetMGM,recv_yds,Receiving yards,over,26.5,-115,19.730708878,0.4989858012,0.0,0.5348837209,0.5,0.5084288604,27.0,3,-358.9791971319,-6.7113502072,Calibration fitted; not prospectively validated,2026-09-20T13:53:23Z,2026-09-20T20:25:00Z,Sun 4:25 PM ET,San Francisco 49ers,Miami Dolphins,5a4f3bf,2026_02_MIA_SF,19.0,graded,loss,-1.0,0.8695652173913043,0.0,0.24898682979920594,0.25849990608764273,0.6911208373807048,0.7101486100925113,True,0.7307088780000015,0.7307088780000015,7.5
68bc55903f50af4af4766adcc89fcc61,Miami Dolphins @ San Francisco 49ers,De'Von Achane,betmgm,BetMGM,rush_attempts,Rushing attempts,over,14.5,-105,10.284437232,0.4473684211,0.0,0.512195122,0.4796954315,0.4897419064,14.5,3,-648.2670089859,-12.656641604,Calibration fitted; not prospectively validated,2026-09-20T13:53:23Z,2026-09-20T20:25:00Z,Sun 4:25 PM ET,San Francisco 49ers,Miami Dolphins,5a4f3bf,2026_02_MIA_SF,20.0,graded,win,0.9523809523809523,0.9523809523809523,1.0,0.30540166199750696,0.26036332208430646,0.8043728155642873,0.7138767482766867,False,-9.715562768,9.715562768,5.5
68bc55903f50af4af4766adcc89fcc61,Miami Dolphins @ San Francisco 49ers,De'Von Achane,fanduel,FanDuel,rush_yds,Rushing yards,over,58.5,-113,45.3237605774,0.5,0.0,0.5305164319,0.5,0.5025798729,58.5,2,-305.1643192488,-5.7522123894,Calibration fitted; not prospectively validated,2026-09-20T13:53:22Z,2026-09-20T20:25:00Z,Sun 4:25 PM ET,San Francisco 49ers,Miami Dolphins,5a4f3bf,2026_02_MIA_SF,74.0,graded,win,0.8849557522123894,0.8849557522123894,1.0,0.25,0.2474267828441802,0.6931471805599453,0.688000700635509,True,-28.6762394226,28.6762394226,15.5
68bc55903f50af4af4766adcc89fcc61,Miami Dolphins @ San Francisco 49ers,Deebo Samuel,draftkings,DraftKings,receptions,Receptions,over,3.5,126,4.9022661403,0.5475728155,0.0,0.4424778761,0.4176935634,0.4272363151,3.5,5,1050.9493942779,23.7514563107,Calibration fitted; not prospectively validated,2026-09-20T13:52:41Z,2026-09-20T20:25:00Z,Sun 4:25 PM ET,San Francisco 49ers,Miami Dolphins,5a4f3bf,2026_02_MIA_SF,3.0,graded,loss,-1.0,1.26,0.0,0.29983598827459707,0.18253086894022647,0.7931284470229284,0.5572820646122795,False,1.9022661403,1.9022661403,0.5
68bc55903f50af4af4766adcc89fcc61,Miami Dolphins @ San Francisco 49ers,Deebo Samuel,betonlineag,BetOnline.ag,recv_yds,Receiving yards,over,36.5,-114,59.6611740367,0.5014367816,0.0,0.5327102804,0.5,0.5015067502,35.0,2,-312.7349876464,-5.8706392418,Calibration fitted; not prospectively validated,2026-09-20T13:53:19Z,2026-09-20T20:25:00Z,Sun 4:25 PM ET,San Francisco 49ers,Miami Dolphins,5a4f3bf,2026_02_MIA_SF,31.0,graded,loss,-1.0,0.8771929824561403,0.0,0.2514388459413662,0.2515090204961652,0.6960248803691167,0.6961652306949938,False,28.661174036699997,28.661174036699997,5.5
68bc55903f50af4af4766adcc89fcc61,Miami Dolphins @ San Francisco 49ers,Deebo Samuel,betonlineag,BetOnline.ag,rush_yds,Rushing yards,over,5.5,-125,20.9105356599,0.5647668394,0.0,0.5555555556,0.5226570546,0.5257913372,6.0,2,92.1128382268,1.6580310881,Calibration fitted; not prospectively validated,2026-09-20T13:53:19Z,2026-09-20T20:25:00Z,Sun 4:25 PM ET,San Francisco 49ers,Miami Dolphins,5a4f3bf,2026_02_MIA_SF,4.0,graded,loss,-1.0,0.8,0.0,0.31896158288586546,0.2764565302745641,0.831873390111572,0.7461078372764459,False,16.9105356599,16.9105356599,1.5
68bc55903f50af4af4766adcc89fcc61,Miami Dolphins @ San Francisco 49ers,Demarcus Robinson,draftkings,DraftKings,receptions,Receptions,over,1.5,-156,2.340535738,0.5475728155,0.0,0.609375,0.5749767565,0.5751633987,1.5,5,-618.0218446602,-10.141896938,Calibration fitted; not prospectively validated,2026-09-20T13:52:41Z,2026-09-20T20:25:00Z,Sun 4:25 PM ET,San Francisco 49ers,Miami Dolphins,5a4f3bf,2026_02_MIA_SF,3.0,graded,win,0.6410256410256411,0.6410256410256411,1.0,0.204690357274597,0.18048613780413517,0.6022598297876792,0.553101106901729,True,-0.6594642620000002,0.6594642620000002,1.5
68bc55903f50af4af4766adcc89fcc61,Miami Dolphins @ San Francisco 49ers,Demarcus Robinson,draftkings,DraftKings,recv_yds,Receiving yards,over,26.5,-110,37.572097001,0.5010141988,0.0,0.5238095238,0.4957877001,0.5,26.5,4,-227.9532502656,-4.3518347778,Calibration fitted; not prospectively validated,2026-09-20T13:52:41Z,2026-09-20T20:25:00Z,Sun 4:25 PM ET,San Francisco 49ers,Miami Dolphins,5a4f3bf,2026_02_MIA_SF,34.0,graded,win,0.9090909090909091,0.9090909090909091,1.0,0.24898682979920594,0.25,0.6911208373807048,0.6931471805599453,True,3.572097001000003,3.572097001000003,7.5
68bc55903f50af4af4766adcc89fcc61,Miami Dolphins @ San Francisco 49ers,George Kittle,fanduel,FanDuel,receptions,Receptions,over,3.5,-125,2.4458517342,0.4524271845,0.0,0.5555555556,0.5191532258,0.5306122449,3.5,5,-1031.2837108954,-18.5631067961,Calibration fitted; not prospectively validated,2026-09-20T13:53:22Z,2026-09-20T20:25:00Z,Sun 4:25 PM ET,San Francisco 49ers,Miami Dolphins,5a4f3bf,2026_02_MIA_SF,4.0,graded,win,0.8,0.8,1.0,0.29983598827459695,0.22032486463781756,0.7931284470229283,0.6337237600852984,False,-1.5541482657999999,1.5541482657999999,0.5
68bc55903f50af4af4766adcc89fcc61,Miami Dolphins @ San Francisco 49ers,George Kittle,betonlineag,BetOnline.ag,recv_yds,Receiving yards,over,40.5,-111,27.7543016027,0.4985632184,0.0,0.5260663507,0.4948402543,0.5,40.5,5,-275.031323201,-5.2280729005,Calibration fitted; not prospectively validated,2026-09-20T13:53:19Z,2026-09-20T20:25:00Z,Sun 4:25 PM ET,San Francisco 49ers,Miami Dolphins,5a4f3bf,2026_02_MIA_SF,80.0,graded,win,0.9009009009009009,0.9009009009009009,1.0,0.2514388459413662,0.25,0.6960248803691166,0.6931471805599453,False,-52.2456983973,52.2456983973,39.5
68bc55903f50af4af4766adcc89fcc61,Miami Dolphins @ San Francisco 49ers,Greg Dulcich,betmgm,BetMGM,receptions,Receptions,over,2.5,125,2.7228076914,0.5408805031,0.0,0.4444444444,0.416502947,0.4373408273,2.5,5,964.3605870021,21.6981132075,Calibration fitted; not prospectively validated,2026-09-20T13:53:23Z,2026-09-20T20:25:00Z,Sun 4:25 PM ET,San Francisco 49ers,Miami Dolphins,5a4f3bf,2026_02_MIA_SF,2.0,graded,loss,-1.0,1.25,0.0,0.29255171863370916,0.19126699922344845,0.7784447609745802,0.5750812112441759,False,0.7228076913999999,0.7228076913999999,0.5
68bc55903f50af4af4766adcc89fcc61,Miami Dolphins @ San Francisco 49ers,Greg Dulcich,draftkings,DraftKings,recv_yds,Receiving yards,over,22.5,-111,27.9771426212,0.5,0.0,0.5260663507,0.4978941162,0.5,22.5,4,-260.663507109,-4.954954955,Calibration fitted; not prospectively validated,2026-09-20T13:52:41Z,2026-09-20T20:25:00Z,Sun 4:25 PM ET,San Francisco 49ers,Miami Dolphins,5a4f3bf,2026_02_MIA_SF,17.0,graded,loss,-1.0,0.9009009009009009,0.0,0.25,0.25,0.6931471805599453,0.6931471805599453,False,10.977142621199999,10.977142621199999,5.5
68bc55903f50af4af4766adcc89fcc61,Miami Dolphins @ San Francisco 49ers,Kaelon Black,draftkings,DraftKings,rush_attempts,Rushing attempts,over,8.5,-137,9.123507347,0.506993007,0.0,0.5780590717,0.5447473059,0.5447473059,8.5,1,-710.6606473695,-12.2939104691,Calibration fitted; not prospectively validated,2026-09-20T13:52:41Z,2026-09-20T20:25:00Z,Sun 4:25 PM ET,San Francisco 49ers,Miami Dolphins,5a4f3bf,2026_02_MIA_SF,7.0,graded,loss,-1.0,0.7299270072992701,0.0,0.2570419091469021,0.2967496272853081,0.7072319204558688,0.7869026425445934,False,2.1235073470000003,2.1235073470000003,1.5
68bc55903f50af4af4766adcc89fcc61,Miami Dolphins @ San Francisco 49ers,Kaelon Black,fanduel,FanDuel,rush_yds,Rushing yards,over,37.5,-113,39.2446118223,0.5,0.0,0.5305164319,0.5,0.5,37.5,3,-305.1643192488,-5.7522123894,Calibration fitted; not prospectively validated,2026-09-20T13:53:22Z,2026-09-20T20:25:00Z,Sun 4:25 PM ET,San Francisco 49ers,Miami Dolphins,5a4f3bf,2026_02_MIA_SF,25.0,graded,loss,-1.0,0.8849557522123894,0.0,0.25,0.25,0.6931471805599453,0.6931471805599453,False,14.244611822300001,14.244611822300001,12.5
68bc55903f50af4af4766adcc89fcc61,Miami Dolphins @ San Francisco 49ers,Malik Washington,bovada,Bovada,receptions,Receptions,over,3.5,110,2.1273286937,0.4210526316,0.0,0.4761904762,0.4458598726,0.471842317,3.5,5,-551.3784461153,-11.5789473684,Calibration fitted; not prospectively validated,2026-09-20T13:52:32Z,2026-09-20T20:25:00Z,Sun 4:25 PM ET,San Francisco 49ers,Miami Dolphins,5a4f3bf,2026_02_MIA_SF,4.0,graded,win,1.1,1.1,1.0,0.33518005537728524,0.2789505381119285,0.8649974374366045,0.751110423364325,False,-1.8726713063,1.8726713063,0.5
68bc55903f50af4af4766adcc89fcc61,Miami Dolphins @ San Francisco 49ers,Malik Washington,draftkings,DraftKings,recv_yds,Receiving yards,over,33.5,-115,24.8329078989,0.4985632184,0.0,0.5348837209,0.5063197809,0.5063197809,33.5,3,-363.2050253943,-6.7903548226,Calibration fitted; not prospectively validated,2026-09-20T13:52:41Z,2026-09-20T20:25:00Z,Sun 4:25 PM ET,San Francisco 49ers,Miami Dolphins,5a4f3bf,2026_02_MIA_SF,43.0,graded,win,0.8695652173913043,0.8695652173913043,1.0,0.2514388459413662,0.24372015873062405,0.6960248803691166,0.68058683124547,False,-18.1670921011,18.1670921011,9.5
68bc55903f50af4af4766adcc89fcc61,Miami Dolphins @ San Francisco 49ers,Malik Willis,draftkings,DraftKings,pass_attempts,Passing attempts,over,27.5,-103,21.2466488887,0.3636363636,0.0,0.5073891626,0.4782356355,0.4796954315,27.5,4,-1437.5279892521,-28.3318623124,Calibration fitted; not prospectively validated,2026-09-20T13:52:41Z,2026-09-20T20:25:00Z,Sun 4:25 PM ET,San Francisco 49ers,Miami Dolphins,5a4f3bf,2026_02_MIA_SF,23.0,graded,loss,-1.0,0.970873786407767,0.0,0.1322314049322314,0.2301077070019712,0.4519851236859143,0.6533409302131841,True,-1.7533511112999989,1.7533511112999989,4.5
68bc55903f50af4af4766adcc89fcc61,Miami Dolphins @ San Francisco 49ers,Malik Willis,betmgm,BetMGM,pass_completions,Passing completions,over,16.5,-105,11.803693827,0.4571428571,0.0,0.512195122,0.4796954315,0.5,16.5,4,-550.5226480836,-10.7482993197,Calibration fitted; not prospectively validated,2026-09-20T13:53:23Z,2026-09-20T20:25:00Z,Sun 4:25 PM ET,San Francisco 49ers,Miami Dolphins,5a4f3bf,2026_02_MIA_SF,14.0,graded,loss,-1.0,0.9523809523809523,0.0,0.20897959179755105,0.25,0.6109090822440258,0.6931471805599453,True,-2.196306173,2.196306173,2.5
68bc55903f50af4af4766adcc89fcc61,Miami Dolphins @ San Francisco 49ers,Malik Willis,bovada,Bovada,pass_tds,Passing touchdowns,over,0.5,-150,0.0094,0.4421052632,0.0,0.6,0.5633187773,0.5813255391,0.5,7,-1578.9473684211,-26.3157894737,Calibration fitted; not prospectively validated,2026-09-20T13:52:32Z,2026-09-20T20:25:00Z,Sun 4:25 PM ET,San Francisco 49ers,Miami Dolphins,5a4f3bf,2026_02_MIA_SF,1.0,graded,win,0.6666666666666666,0.6666666666666666,1.0,0.31124653734914126,0.17528830420990565,0.8162072732219344,0.5424443707826713,False,-0.9906,0.9906,0.5
68bc55903f50af4af4766adcc89fcc61,Miami Dolphins @ San Francisco 49ers,Malik Willis,draftkings,DraftKings,pass_yds,Passing yards,over,179.5,-112,133.145666369,0.5,0.0,0.5283018868,0.5,0.5,179.5,2,-283.0188679245,-5.3571428571,Calibration fitted; not prospectively validated,2026-09-20T13:52:41Z,2026-09-20T20:25:00Z,Sun 4:25 PM ET,San Francisco 49ers,Miami Dolphins,5a4f3bf,2026_02_MIA_SF,197.0,graded,win,0.8928571428571429,0.8928571428571429,1.0,0.25,0.25,0.6931471805599453,0.6931471805599453,True,-63.854333631,63.854333631,17.5
68bc55903f50af4af4766adcc89fcc61,Miami Dolphins @ San Francisco 49ers,Malik Willis,betonlineag,BetOnline.ag,rush_attempts,Rushing attempts,over,7.5,110,6.2871437414,0.4915254237,0.0,0.4761904762,0.4472667035,0.4536313859,7.5,2,153.3494753834,3.2203389831,Calibration fitted; not prospectively validated,2026-09-20T13:53:19Z,2026-09-20T20:25:00Z,Sun 4:25 PM ET,San Francisco 49ers,Miami Dolphins,5a4f3bf,2026_02_MIA_SF,2.0,graded,loss,-1.0,1.1,0.0,0.24159724214346454,0.20578143427355475,0.6763400621868974,0.604461413627199,True,4.2871437414,4.2871437414,5.5
68bc55903f50af4af4766adcc89fcc61,Miami Dolphins @ San Francisco 49ers,Malik Willis,betmgm,BetMGM,rush_yds,Rushing yards,over,37.5,-111,30.4690873388,0.5,0.0,0.5260663507,0.4909529554,0.4989470581,37.5,4,-260.663507109,-4.954954955,Calibration fitted; not prospectively validated,2026-09-20T13:53:23Z,2026-09-20T20:25:00Z,Sun 4:25 PM ET,San Francisco 49ers,Miami Dolphins,5a4f3bf,2026_02_MIA_SF,6.0,graded,loss,-1.0,0.9009009009009009,0.0,0.25,0.24894816678664478,0.6931471805599453,0.691043511025123,False,24.4690873388,24.4690873388,31.5
68bc55903f50af4af4766adcc89fcc61,Miami Dolphins @ San Francisco 49ers,Mike Evans,fanduel,FanDuel,receptions,Receptions,over,3.5,-132,5.6680740629,0.5475728155,0.0,0.5689655172,0.5322580645,0.5419996102,3.5,5,-213.927017074,-3.759929391,Calibration fitted; not prospectively validated,2026-09-20T13:53:22Z,2026-09-20T20:25:00Z,Sun 4:25 PM ET,San Francisco 49ers,Miami Dolphins,5a4f3bf,2026_02_MIA_SF,3.0,graded,loss,-1.0,0.7575757575757576,0.0,0.29983598827459707,0.2937635774569519,0.7931284470229284,0.7808852437766112,False,2.6680740628999997,2.6680740628999997,0.5
68bc55903f50af4af4766adcc89fcc61,Miami Dolphins @ San Francisco 49ers,Mike Evans,draftkings,DraftKings,recv_yds,Receiving yards,over,50.5,-112,73.6733481279,0.5014367816,0.0,0.5283018868,0.5,0.5,50.5,3,-268.6510518326,-5.085180624,Calibration fitted; not prospectively validated,2026-09-20T13:52:41Z,2026-09-20T20:25:00Z,Sun 4:25 PM ET,San Francisco 49ers,Miami Dolphins,5a4f3bf,2026_02_MIA_SF,54.0,graded,win,0.8928571428571429,0.8928571428571429,1.0,0.24856528274136605,0.25,0.6902777381503304,0.6931471805599453,True,19.6733481279,19.6733481279,3.5
71b3b83747589efdc5baef2c5cf811bf,Las Vegas Raiders @ Los Angeles Chargers,Ashton Jeanty,betmgm,BetMGM,receptions,Receptions,over,3.5,-125,3.2823041019,0.4591194969,0.0,0.5555555556,0.5203045685,0.573254143,3.5,4,-964.3605870021,-17.358490566,Calibration fitted; not prospectively validated,2026-09-20T13:52:58Z,2026-09-20T20:05:00Z,Sun 4:05 PM ET,Los Angeles Chargers,Las Vegas Raiders,5a4f3bf,2026_02_LV_LAC,4.0,graded,win,0.8,0.8,1.0,0.29255171863370916,0.18211202646666447,0.7784447609745802,0.5564261300569817,False,-0.7176958981000001,0.7176958981000001,0.5
71b3b83747589efdc5baef2c5cf811bf,Las Vegas Raiders @ Los Angeles Chargers,Ashton Jeanty,draftkings,DraftKings,recv_yds,Receiving yards,over,25.5,-114,24.3769941769,0.5,0.0,0.5327102804,0.5042122999,0.5042122999,25.5,3,-327.1028037383,-6.1403508772,Calibration fitted; not prospectively validated,2026-09-20T13:52:39Z,2026-09-20T20:05:00Z,Sun 4:05 PM ET,Los Angeles Chargers,Las Vegas Raiders,5a4f3bf,2026_02_LV_LAC,15.0,graded,loss,-1.0,0.8771929824561403,0.0,0.25,0.2542300433704476,0.6931471805599453,0.701607467877561,False,9.376994176899998,9.376994176899998,10.5
71b3b83747589efdc5baef2c5cf811bf,Las Vegas Raiders @ Los Angeles Chargers,Ashton Jeanty,bovada,Bovada,rush_attempts,Rushing attempts,over,16.5,-115,12.2975310948,0.4473684211,0.0,0.5348837209,0.5,0.5158520496,16.5,4,-875.152998776,-16.3615560641,Calibration fitted; not prospectively validated,2026-09-20T13:53:09Z,2026-09-20T20:05:00Z,Sun 4:05 PM ET,Los Angeles Chargers,Las Vegas Raiders,5a4f3bf,2026_02_LV_LAC,21.0,graded,win,0.8695652173913043,0.8695652173913043,1.0,0.30540166199750696,0.2343992378765209,0.8043728155642873,0.6619352801956083,False,-8.7024689052,8.7024689052,4.5
71b3b83747589efdc5baef2c5cf811bf,Las Vegas Raiders @ Los Angeles Chargers,Ashton Jeanty,draftkings,DraftKings,rush_yds,Rushing yards,over,64.5,-111,48.5784507798,0.4352331606,0.0,0.5260663507,0.4978941162,0.5,64.0,3,-908.3319008914,-17.2664892872,Calibration fitted; not prospectively validated,2026-09-20T13:52:39Z,2026-09-20T20:05:00Z,Sun 4:05 PM ET,Los Angeles Chargers,Las Vegas Raiders,5a4f3bf,2026_02_LV_LAC,48.0,graded,loss,-1.0,0.9009009009009009,0.0,0.1894279040858654,0.25,0.5713423066372096,0.6931471805599453,True,0.5784507798000007,0.5784507798000007,16.5
71b3b83747589efdc5baef2c5cf811bf,Las Vegas Raiders @ Los Angeles Chargers,David Njoku,betmgm,BetMGM,receptions,Receptions,over,2.5,-135,5.1944404466,0.5789473684,0.0,0.5744680851,0.5346534653,0.5601695217,2.5,5,44.7928331467,0.7797270955,Calibration fitted; not prospectively validated,2026-09-20T13:52:58Z,2026-09-20T20:05:00Z,Sun 4:05 PM ET,Los Angeles Chargers,Las Vegas Raiders,5a4f3bf,2026_02_LV_LAC,1.0,graded,loss,-1.0,0.7407407407407407,0.0,0.3351800553772854,0.31378989304160676,0.8649974374366046,0.8213659028988338,False,4.1944404466,4.1944404466,1.5
71b3b83747589efdc5baef2c5cf811bf,Las Vegas Raiders @ Los Angeles Chargers,David Njoku,fanduel,FanDuel,recv_yds,Receiving yards,over,24.5,-113,54.9597382106,0.5163043478,0.0,0.5305164319,0.5,0.5051949356,24.5,4,-142.120840988,-2.6789149673,Calibration fitted; not prospectively validated,2026-09-20T13:52:56Z,2026-09-20T20:05:00Z,Sun 4:05 PM ET,Los Angeles Chargers,Las Vegas Raiders,5a4f3bf,2026_02_LV_LAC,9.0,graded,loss,-1.0,0.8849557522123894,0.0,0.2665701795571834,0.2552219229558881,0.7262993878229133,0.7035914032696197,False,45.9597382106,45.9597382106,15.5
71b3b83747589efdc5baef2c5cf811bf,Las Vegas Raiders @ Los Angeles Chargers,Jalen Nailor,fanduel,FanDuel,receptions,Receptions,over,2.5,-148,2.3289935324,0.4591194969,0.0,0.5967741935,0.5585303332,0.5688179646,2.5,4,-1376.5469669304,-23.0664626891,Calibration fitted; not prospectively validated,2026-09-20T13:52:56Z,2026-09-20T20:05:00Z,Sun 4:05 PM ET,Los Angeles Chargers,Las Vegas Raiders,5a4f3bf,2026_02_LV_LAC,1.0,graded,loss,-1.0,0.6756756756756757,0.0,0.2107907124337091,0.32355387685168685,0.6145569060492819,0.8412249221290701,True,1.3289935324000002,1.3289935324000002,1.5
71b3b83747589efdc5baef2c5cf811bf,Las Vegas Raiders @ Los Angeles Chargers,Jalen Nailor,fanduel,FanDuel,recv_yds,Receiving yards,over,32.5,-113,28.3271694836,0.5,0.0,0.5305164319,0.5,0.5015476682,32.5,4,-305.1643192488,-5.7522123894,Calibration fitted; not prospectively validated,2026-09-20T13:52:56Z,2026-09-20T20:05:00Z,Sun 4:05 PM ET,Los Angeles Chargers,Las Vegas Raiders,5a4f3bf,2026_02_LV_LAC,9.0,graded,loss,-1.0,0.8849557522123894,0.0,0.25,0.25155006347685727,0.6931471805599453,0.6962473174222498,False,19.3271694836,19.3271694836,23.5
71b3b83747589efdc5baef2c5cf811bf,Las Vegas Raiders @ Los Angeles Chargers,Justin Herbert,draftkings,DraftKings,pass_attempts,Passing attempts,over,29.5,-117,33.0491305318,0.5625,0.0,0.5391705069,0.5094197438,0.5101214575,29.5,3,233.2949308756,4.3269230769,Calibration fitted; not prospectively validated,2026-09-20T13:52:39Z,2026-09-20T20:05:00Z,Sun 4:05 PM ET,Los Angeles Chargers,Las Vegas Raiders,5a4f3bf,2026_02_LV_LAC,27.0,graded,loss,-1.0,0.8547008547008547,0.0,0.31640625,0.26022390140192436,0.8266785731844679,0.7135977910518974,False,6.049130531800003,6.049130531800003,2.5
71b3b83747589efdc5baef2c5cf811bf,Las Vegas Raiders @ Los Angeles Chargers,Justin Herbert,betrivers,BetRivers,pass_completions,Passing completions,over,19.5,-127,20.8087118163,0.5,0.0,0.5594713656,,0.5351457952,19.5,3,-594.7136563877,-10.6299212598,Calibration fitted; not prospectively validated,2026-09-20T13:52:45Z,2026-09-20T20:05:00Z,Sun 4:05 PM ET,Los Angeles Chargers,Las Vegas Raiders,5a4f3bf,2026_02_LV_LAC,15.0,graded,loss,-1.0,0.7874015748031497,0.0,0.25,0.2863810221202404,0.6931471805599453,0.7660314606226326,False,5.808711816300001,5.808711816300001,4.5
71b3b83747589efdc5baef2c5cf811bf,Las Vegas Raiders @ Los Angeles Chargers,Justin Herbert,betmgm,BetMGM,pass_tds,Passing touchdowns,over,1.5,-115,1.06,0.4821981424,0.0,0.5348837209,0.5,0.5123463241,1.5,6,-526.8557851537,-9.849912505,Calibration fitted; not prospectively validated,2026-09-20T13:52:58Z,2026-09-20T20:05:00Z,Sun 4:05 PM ET,Los Angeles Chargers,Las Vegas Raiders,5a4f3bf,2026_02_LV_LAC,1.0,graded,loss,-1.0,0.8695652173913043,0.0,0.23251504853401064,0.2624987558187823,0.658162624185619,0.7181498056042123,True,0.06000000000000005,0.06000000000000005,0.5
71b3b83747589efdc5baef2c5cf811bf,Las Vegas Raiders @ Los Angeles Chargers,Justin Herbert,draftkings,DraftKings,pass_yds,Passing yards,over,225.5,-111,248.7888408569,0.5,0.0,0.5260663507,0.4978941162,0.5,225.5,3,-260.663507109,-4.954954955,Calibration fitted; not prospectively validated,2026-09-20T13:52:39Z,2026-09-20T20:05:00Z,Sun 4:05 PM ET,Los Angeles Chargers,Las Vegas Raiders,5a4f3bf,2026_02_LV_LAC,192.0,graded,loss,-1.0,0.9009009009009009,0.0,0.25,0.25,0.6931471805599453,0.6931471805599453,False,56.78884085690001,56.78884085690001,33.5
71b3b83747589efdc5baef2c5cf811bf,Las Vegas Raiders @ Los Angeles Chargers,Justin Herbert,fanduel,FanDuel,rush_yds,Rushing yards,over,19.5,-113,25.7178013814,0.5,0.0,0.5305164319,0.5,0.5025798729,19.5,4,-305.1643192488,-5.7522123894,Calibration fitted; not prospectively validated,2026-09-20T13:52:56Z,2026-09-20T20:05:00Z,Sun 4:05 PM ET,Los Angeles Chargers,Las Vegas Raiders,5a4f3bf,2026_02_LV_LAC,2.0,graded,loss,-1.0,0.8849557522123894,0.0,0.25,0.2525865286441801,0.6931471805599453,0.6983202838154999,False,23.7178013814,23.7178013814,17.5
71b3b83747589efdc5baef2c5cf811bf,Las Vegas Raiders @ Los Angeles Chargers,Keaton Mitchell,draftkings,DraftKings,rush_yds,Rushing yards,over,22.5,-112,26.4945349064,0.5,0.0,0.5283018868,0.5,0.5,22.5,3,-283.0188679245,-5.3571428571,Calibration fitted; not prospectively validated,2026-09-20T13:52:39Z,2026-09-20T20:05:00Z,Sun 4:05 PM ET,Los Angeles Chargers,Las Vegas Raiders,5a4f3bf,2026_02_LV_LAC,24.0,graded,win,0.8928571428571429,0.8928571428571429,1.0,0.25,0.25,0.6931471805599453,0.6931471805599453,True,2.4945349063999984,2.4945349063999984,1.5
71b3b83747589efdc5baef2c5cf811bf,Las Vegas Raiders @ Los Angeles Chargers,Kirk Cousins,fanatics,Fanatics,pass_attempts,Passing attempts,over,29.5,-115,32.7353241763,0.5625,0.0,0.5348837209,0.5,0.5102595309,29.5,4,276.1627906977,5.1630434783,Calibration fitted; not prospectively validated,2026-09-20T13:52:37Z,2026-09-20T20:05:00Z,Sun 4:05 PM ET,Los Angeles Chargers,Las Vegas Raiders,5a4f3bf,2026_02_LV_LAC,29.0,graded,loss,-1.0,0.8695652173913043,0.0,0.31640625,0.26036478887428804,0.8266785731844679,0.7138796830921278,False,3.735324176299997,3.735324176299997,0.5
71b3b83747589efdc5baef2c5cf811bf,Las Vegas Raiders @ Los Angeles Chargers,Kirk Cousins,betmgm,BetMGM,pass_completions,Passing completions,over,18.5,-120,22.9147269234,0.5416666667,0.0,0.5454545455,0.5090470446,0.5400039316,18.5,5,-37.8787878788,-0.6944444444,Calibration fitted; not prospectively validated,2026-09-20T13:52:58Z,2026-09-20T20:05:00Z,Sun 4:05 PM ET,Los Angeles Chargers,Las Vegas Raiders,5a4f3bf,2026_02_LV_LAC,19.0,graded,win,0.8333333333333334,0.8333333333333334,1.0,0.21006944441388892,0.21159638294345745,0.6131044728248705,0.6161788587095807,True,3.9147269234,3.9147269234,0.5
71b3b83747589efdc5baef2c5cf811bf,Las Vegas Raiders @ Los Angeles Chargers,Kirk Cousins,bovada,Bovada,pass_tds,Passing touchdowns,over,1.5,200,2.82,0.5333333333,0.0,0.3333333333,0.3125,0.3196804647,1.5,4,2000.0,60.0,Calibration fitted; not prospectively validated,2026-09-20T13:53:09Z,2026-09-20T20:05:00Z,Sun 4:05 PM ET,Los Angeles Chargers,Las Vegas Raiders,5a4f3bf,2026_02_LV_LAC,3.0,graded,win,2.0,2.0,1.0,0.2177777778088889,0.4628346701108079,0.6286086594848742,1.1404333298818639,True,-0.18000000000000016,0.18000000000000016,1.5
71b3b83747589efdc5baef2c5cf811bf,Las Vegas Raiders @ Los Angeles Chargers,Kirk Cousins,draftkings,DraftKings,pass_yds,Passing yards,over,192.5,-112,221.3650078481,0.5,0.0,0.5283018868,0.5,0.5,192.5,4,-283.0188679245,-5.3571428571,Calibration fitted; not prospectively validated,2026-09-20T13:52:39Z,2026-09-20T20:05:00Z,Sun 4:05 PM ET,Los Angeles Chargers,Las Vegas Raiders,5a4f3bf,2026_02_LV_LAC,253.0,graded,win,0.8928571428571429,0.8928571428571429,1.0,0.25,0.25,0.6931471805599453,0.6931471805599453,True,-31.634992151900008,31.634992151900008,60.5
71b3b83747589efdc5baef2c5cf811bf,Las Vegas Raiders @ Los Angeles Chargers,Kirk Cousins,fanduel,FanDuel,rush_yds,Rushing yards,over,0.5,136,9.317711539,0.5647668394,0.0,0.4237288136,0.4002103295,0.4002103295,0.5,1,1410.3802581892,33.2849740933,Calibration fitted; not prospectively validated,2026-09-20T13:52:56Z,2026-09-20T20:05:00Z,Sun 4:05 PM ET,Los Angeles Chargers,Las Vegas Raiders,5a4f3bf,2026_02_LV_LAC,1.0,graded,win,1.36,1.36,1.0,0.18942790408586535,0.3597476488384985,0.5713423066372096,0.9157650463210204,True,8.317711539,8.317711539,0.5
71b3b83747589efdc5baef2c5cf811bf,Las Vegas Raiders @ Los Angeles Chargers,Michael Mayer,draftkings,DraftKings,receptions,Receptions,over,5.5,107,3.5071714138,0.4210526316,0.0,0.4830917874,0.4560210233,0.4562374675,5.5,4,-620.3915586067,-12.8421052632,Calibration fitted; not prospectively validated,2026-09-20T13:52:39Z,2026-09-20T20:05:00Z,Sun 4:05 PM ET,Los Angeles Chargers,Las Vegas Raiders,5a4f3bf,2026_02_LV_LAC,3.0,graded,loss,-1.0,1.07,0.0,0.17728531857728533,0.20815262675081356,0.5465437064044336,0.6092426485689887,True,0.5071714138000001,0.5071714138000001,2.5
71b3b83747589efdc5baef2c5cf811bf,Las Vegas Raiders @ Los Angeles Chargers,Michael Mayer,betmgm,BetMGM,recv_yds,Receiving yards,over,44.5,-111,30.2768378617,0.4985632184,0.0,0.5260663507,0.4928711097,0.5,44.5,5,-275.031323201,-5.2280729005,Calibration fitted; not prospectively validated,2026-09-20T13:52:58Z,2026-09-20T20:05:00Z,Sun 4:05 PM ET,Los Angeles Chargers,Las Vegas Raiders,5a4f3bf,2026_02_LV_LAC,23.0,graded,loss,-1.0,0.9009009009009009,0.0,0.2485652827413661,0.25,0.6902777381503304,0.6931471805599453,True,7.276837861699999,7.276837861699999,21.5
71b3b83747589efdc5baef2c5cf811bf,Las Vegas Raiders @ Los Angeles Chargers,Mike Washington,draftkings,DraftKings,rush_attempts,Rushing attempts,over,4.5,-145,7.324680826,0.506993007,0.0,0.5918367347,0.5587970466,0.5607281097,4.5,2,-848.4372770087,-14.3356643357,Calibration fitted; not prospectively validated,2026-09-20T13:52:39Z,2026-09-20T20:05:00Z,Sun 4:05 PM ET,Los Angeles Chargers,Las Vegas Raiders,5a4f3bf,2026_02_LV_LAC,3.0,graded,loss,-1.0,0.6896551724137931,0.0,0.2570419091469021,0.3144160130077352,0.7072319204558688,0.8226367175277712,False,4.324680826,4.324680826,1.5
71b3b83747589efdc5baef2c5cf811bf,Las Vegas Raiders @ Los Angeles Chargers,Mike Washington,fanduel,FanDuel,rush_yds,Rushing yards,over,18.5,-113,32.0130000102,0.5,0.0,0.5305164319,0.5,0.5,18.0,3,-305.1643192488,-5.7522123894,Calibration fitted; not prospectively validated,2026-09-20T13:52:56Z,2026-09-20T20:05:00Z,Sun 4:05 PM ET,Los Angeles Chargers,Las Vegas Raiders,5a4f3bf,2026_02_LV_LAC,7.0,graded,loss,-1.0,0.8849557522123894,0.0,0.25,0.25,0.6931471805599453,0.6931471805599453,False,25.013000010200003,25.013000010200003,11.5
71b3b83747589efdc5baef2c5cf811bf,Las Vegas Raiders @ Los Angeles Chargers,Omarion Hampton,betmgm,BetMGM,receptions,Receptions,over,2.5,150,1.3251126874,0.4524271845,0.0,0.4,0.375,0.3856006472,2.5,5,524.2718446602,13.1067961165,Calibration fitted; not prospectively validated,2026-09-20T13:52:58Z,2026-09-20T20:05:00Z,Sun 4:05 PM ET,Los Angeles Chargers,Las Vegas Raiders,5a4f3bf,2026_02_LV_LAC,2.0,graded,loss,-1.0,1.5,0.0,0.20469035727459706,0.14868785912105886,0.6022598297876794,0.48711015053464607,True,-0.6748873125999999,0.6748873125999999,0.5
71b3b83747589efdc5baef2c5cf811bf,Las Vegas Raiders @ Los Angeles Chargers,Omarion Hampton,draftkings,DraftKings,recv_yds,Receiving yards,over,10.5,-112,9.6139286615,0.5,0.0,0.5283018868,0.5,0.5,10.5,4,-283.0188679245,-5.3571428571,Calibration fitted; not prospectively validated,2026-09-20T13:52:39Z,2026-09-20T20:05:00Z,Sun 4:05 PM ET,Los Angeles Chargers,Las Vegas Raiders,5a4f3bf,2026_02_LV_LAC,21.0,graded,win,0.8928571428571429,0.8928571428571429,1.0,0.25,0.25,0.6931471805599453,0.6931471805599453,True,-11.3860713385,11.3860713385,10.5
71b3b83747589efdc5baef2c5cf811bf,Las Vegas Raiders @ Los Angeles Chargers,Omarion Hampton,fanatics,Fanatics,rush_attempts,Rushing attempts,over,16.5,-110,9.4229431786,0.4054054054,0.0,0.5238095238,0.4898785425,0.5015476682,16.5,4,-1184.0411840412,-22.6044226044,Calibration fitted; not prospectively validated,2026-09-20T13:48:18Z,2026-09-20T20:05:00Z,Sun 4:05 PM ET,Los Angeles Chargers,Las Vegas Raiders,5a4f3bf,2026_02_LV_LAC,23.0,graded,win,0.9090909090909091,0.9090909090909091,1.0,0.3535427319275383,0.24845472707685734,0.9028677115553477,0.6900566248509692,False,-13.5770568214,13.5770568214,6.5
71b3b83747589efdc5baef2c5cf811bf,Las Vegas Raiders @ Los Angeles Chargers,Omarion Hampton,draftkings,DraftKings,rush_yds,Rushing yards,over,62.5,-112,38.1659673042,0.4352331606,0.0,0.5283018868,0.5,0.5,62.5,4,-930.6872617069,-17.6165803109,Calibration fitted; not prospectively validated,2026-09-20T13:52:39Z,2026-09-20T20:05:00Z,Sun 4:05 PM ET,Los Angeles Chargers,Las Vegas Raiders,5a4f3bf,2026_02_LV_LAC,94.0,graded,win,0.8928571428571429,0.8928571428571429,1.0,0.31896158288586546,0.25,0.8318733901115719,0.6931471805599453,False,-55.8340326958,55.8340326958,31.5
71b3b83747589efdc5baef2c5cf811bf,Las Vegas Raiders @ Los Angeles Chargers,Oronde Gadsden,betmgm,BetMGM,receptions,Receptions,over,1.5,-125,3.323186831,0.5475728155,0.0,0.5555555556,0.5203045685,0.5541401274,1.5,5,-79.8274002158,-1.4368932039,Calibration fitted; not prospectively validated,2026-09-20T13:52:58Z,2026-09-20T20:05:00Z,Sun 4:05 PM ET,Los Angeles Chargers,Las Vegas Raiders,5a4f3bf,2026_02_LV_LAC,2.0,graded,win,0.8,0.8,1.0,0.204690357274597,0.19879102599488827,0.6022598297876792,0.5903376866730348,True,1.3231868310000001,1.3231868310000001,0.5
71b3b83747589efdc5baef2c5cf811bf,Las Vegas Raiders @ Los Angeles Chargers,Oronde Gadsden,fanduel,FanDuel,recv_yds,Receiving yards,over,17.5,-113,41.0118797011,0.5014367816,0.0,0.5305164319,0.5,0.5,17.0,3,-290.7965031569,-5.4813854135,Calibration fitted; not prospectively validated,2026-09-20T13:52:56Z,2026-09-20T20:05:00Z,Sun 4:05 PM ET,Los Angeles Chargers,Las Vegas Raiders,5a4f3bf,2026_02_LV_LAC,18.0,graded,win,0.8849557522123894,0.8849557522123894,1.0,0.24856528274136605,0.25,0.6902777381503304,0.6931471805599453,True,23.0118797011,23.0118797011,0.5
71b3b83747589efdc5baef2c5cf811bf,Las Vegas Raiders @ Los Angeles Chargers,Quentin Johnston,betonlineag,BetOnline.ag,receptions,Receptions,over,3.5,-152,2.807705245,0.4524271845,0.0,0.6031746032,0.5668912416,0.5727127207,4.0,2,-1507.4741870858,-24.9923352069,Calibration fitted; not prospectively validated,2026-09-20T13:53:02Z,2026-09-20T20:05:00Z,Sun 4:05 PM ET,Los Angeles Chargers,Las Vegas Raiders,5a4f3bf,2026_02_LV_LAC,1.0,graded,loss,-1.0,0.6578947368421053,0.0,0.20469035727459706,0.32799986045159624,0.6022598297876794,0.8502987067261458,True,1.8077052450000002,1.8077052450000002,2.5
71b3b83747589efdc5baef2c5cf811bf,Las Vegas Raiders @ Los Angeles Chargers,Quentin Johnston,fanduel,FanDuel,recv_yds,Receiving yards,over,50.5,-113,34.3297448872,0.4985632184,0.0,0.5305164319,0.5,0.5,51.0,3,-319.5321353408,-6.0230393653,Calibration fitted; not prospectively validated,2026-09-20T13:52:56Z,2026-09-20T20:05:00Z,Sun 4:05 PM ET,Los Angeles Chargers,Las Vegas Raiders,5a4f3bf,2026_02_LV_LAC,7.0,graded,loss,-1.0,0.8849557522123894,0.0,0.2485652827413661,0.25,0.6902777381503304,0.6931471805599453,True,27.3297448872,27.3297448872,43.5
71b3b83747589efdc5baef2c5cf811bf,Las Vegas Raiders @ Los Angeles Chargers,Tre Harris,betmgm,BetMGM,receptions,Receptions,over,2.5,-150,2.2838181788,0.4591194969,0.0,0.6,0.5575221239,0.5872331883,2.5,4,-1408.8050314465,-23.4800838574,Calibration fitted; not prospectively validated,2026-09-20T13:52:58Z,2026-09-20T20:05:00Z,Sun 4:05 PM ET,Los Angeles Chargers,Las Vegas Raiders,5a4f3bf,2026_02_LV_LAC,1.0,graded,loss,-1.0,0.6666666666666666,0.0,0.2107907124337091,0.34484281744098333,0.6145569060492819,0.8848724660604436,True,1.2838181787999998,1.2838181787999998,1.5
71b3b83747589efdc5baef2c5cf811bf,Las Vegas Raiders @ Los Angeles Chargers,Tre Harris,draftkings,DraftKings,recv_yds,Receiving yards,over,32.5,-111,26.0194780807,0.4989858012,0.0,0.5260663507,0.4978941162,0.5,32.5,5,-270.8054949386,-5.147744093,Calibration fitted; not prospectively validated,2026-09-20T13:52:39Z,2026-09-20T20:05:00Z,Sun 4:05 PM ET,Los Angeles Chargers,Las Vegas Raiders,5a4f3bf,2026_02_LV_LAC,53.0,graded,win,0.9009009009009009,0.9009009009009009,1.0,0.2510152273992059,0.25,0.6951776381444736,0.6931471805599453,False,-26.9805219193,26.9805219193,20.5
71b3b83747589efdc5baef2c5cf811bf,Las Vegas Raiders @ Los Angeles Chargers,Tre Tucker,betmgm,BetMGM,receptions,Receptions,over,3.5,115,2.2239555426,0.4210526316,0.0,0.4651162791,0.4334891628,0.4366812227,3.5,5,-440.6364749082,-9.4736842105,Calibration fitted; not prospectively validated,2026-09-20T13:52:58Z,2026-09-20T20:05:00Z,Sun 4:05 PM ET,Los Angeles Chargers,Las Vegas Raiders,5a4f3bf,2026_02_LV_LAC,5.0,graded,win,1.15,1.15,1.0,0.33518005537728524,0.31732804485876703,0.8649974374366045,0.8285518175831483,False,-2.7760444574,2.7760444574,1.5
71b3b83747589efdc5baef2c5cf811bf,Las Vegas Raiders @ Los Angeles Chargers,Tre Tucker,fanduel,FanDuel,recv_yds,Receiving yards,over,36.5,-113,27.9457121333,0.4985632184,0.0,0.5305164319,0.5,0.5025798729,36.5,2,-319.5321353408,-6.0230393653,Calibration fitted; not prospectively validated,2026-09-20T13:52:56Z,2026-09-20T20:05:00Z,Sun 4:05 PM ET,Los Angeles Chargers,Las Vegas Raiders,5a4f3bf,2026_02_LV_LAC,119.0,graded,win,0.8849557522123894,0.8849557522123894,1.0,0.2514388459413662,0.2474267828441802,0.6960248803691166,0.688000700635509,False,-91.05428786670001,91.05428786670001,82.5
85ef85098ddd22fe4ecf45e7e3c0a9c0,Washington Commanders @ Dallas Cowboys,Antonio Williams,betmgm,BetMGM,receptions,Receptions,over,2.5,135,2.2473797726,0.4591194969,0.0,0.4255319149,0.3959708232,0.4319831851,2.5,6,335.8758196173,7.893081761,Calibration fitted; not prospectively validated,2026-09-20T13:52:32Z,2026-09-20T20:25:00Z,Sun 4:25 PM ET,Dallas Cowboys,Washington Commanders,5a4f3bf,2026_02_WAS_DAL,3.0,graded,win,1.35,1.35,1.0,0.29255171863370916,0.32264310200914087,0.7784447609745802,0.8393686148751908,False,-0.7526202274,0.7526202274,0.5
85ef85098ddd22fe4ecf45e7e3c0a9c0,Washington Commanders @ Dallas Cowboys,Antonio Williams,draftkings,DraftKings,recv_yds,Receiving yards,over,25.5,-113,20.2701833601,0.5,0.0,0.5305164319,0.5021058838,0.5010529419,25.5,4,-305.1643192488,-5.7522123894,Calibration fitted; not prospectively validated,2026-09-20T13:53:19Z,2026-09-20T20:25:00Z,Sun 4:25 PM ET,Dallas Cowboys,Washington Commanders,5a4f3bf,2026_02_WAS_DAL,24.0,graded,loss,-1.0,0.8849557522123894,0.0,0.25,0.2510540505866448,0.6931471805599453,0.6952552848511804,False,-3.729816639900001,3.729816639900001,1.5
85ef85098ddd22fe4ecf45e7e3c0a9c0,Washington Commanders @ Dallas Cowboys,CeeDee Lamb,draftkings,DraftKings,receptions,Receptions,over,5.5,-128,5.1001882246,0.4579439252,0.0,0.5614035088,0.5301681503,0.5418848168,5.5,5,-1034.5958353828,-18.4287383178,Calibration fitted; not prospectively validated,2026-09-20T13:53:19Z,2026-09-20T20:25:00Z,Sun 4:25 PM ET,Dallas Cowboys,Washington Commanders,5a4f3bf,2026_02_WAS_DAL,8.0,graded,win,0.78125,0.78125,1.0,0.2938247882275833,0.20986952107836956,0.781008536424749,0.612701815256182,False,-2.8998117754,2.8998117754,2.5
85ef85098ddd22fe4ecf45e7e3c0a9c0,Washington Commanders @ Dallas Cowboys,CeeDee Lamb,betrivers,BetRivers,recv_yds,Receiving yards,over,76.5,-113,64.5571506725,0.4989858012,0.0,0.5305164319,0.4949766919,0.5,76.5,4,-315.3063070784,-5.9433843724,Calibration fitted; not prospectively validated,2026-09-20T13:52:33Z,2026-09-20T20:25:00Z,Sun 4:25 PM ET,Dallas Cowboys,Washington Commanders,5a4f3bf,2026_02_WAS_DAL,153.0,graded,win,0.8849557522123894,0.8849557522123894,1.0,0.2510152273992059,0.25,0.6951776381444736,0.6931471805599453,False,-88.4428493275,88.4428493275,76.5
85ef85098ddd22fe4ecf45e7e3c0a9c0,Washington Commanders @ Dallas Cowboys,Dak Prescott,bovada,Bovada,pass_attempts,Passing attempts,over,34.5,-120,33.4143899749,0.5,0.0,0.5454545455,0.5101214575,0.5145711907,34.5,3,-454.5454545455,-8.3333333333,Calibration fitted; not prospectively validated,2026-09-20T13:52:23Z,2026-09-20T20:25:00Z,Sun 4:25 PM ET,Dallas Cowboys,Washington Commanders,5a4f3bf,2026_02_WAS_DAL,31.0,graded,loss,-1.0,0.8333333333333334,0.0,0.25,0.2647835102984158,0.6931471805599453,0.7227226357821499,False,2.414389974899997,2.414389974899997,3.5
85ef85098ddd22fe4ecf45e7e3c0a9c0,Washington Commanders @ Dallas Cowboys,Dak Prescott,betrivers,BetRivers,pass_completions,Passing completions,over,22.5,-115,21.6210758661,0.5,0.0,0.5348837209,,0.5101214575,22.5,5,-348.8372093023,-6.5217391304,Calibration fitted; not prospectively validated,2026-09-20T13:52:33Z,2026-09-20T20:25:00Z,Sun 4:25 PM ET,Dallas Cowboys,Washington Commanders,5a4f3bf,2026_02_WAS_DAL,26.0,graded,win,0.8695652173913043,0.8695652173913043,1.0,0.25,0.23998098640192428,0.6931471805599453,0.6731064296566579,True,-4.3789241339,4.3789241339,3.5
85ef85098ddd22fe4ecf45e7e3c0a9c0,Washington Commanders @ Dallas Cowboys,Dak Prescott,betrivers,BetRivers,pass_tds,Passing touchdowns,over,1.5,-195,2.12,0.5,0.0,0.6610169492,0.6163100735,0.628078743,1.5,6,-1610.1694915254,-24.358974359,Calibration fitted; not prospectively validated,2026-09-20T13:52:33Z,2026-09-20T20:25:00Z,Sun 4:25 PM ET,Dallas Cowboys,Washington Commanders,5a4f3bf,2026_02_WAS_DAL,4.0,graded,win,0.5128205128205128,0.5128205128205128,1.0,0.25,0.13832542140846005,0.6931471805599453,0.46508973343154886,True,-1.88,1.88,2.5
85ef85098ddd22fe4ecf45e7e3c0a9c0,Washington Commanders @ Dallas Cowboys,Dak Prescott,draftkings,DraftKings,pass_yds,Passing yards,over,266.5,-112,239.0383157732,0.5,0.0,0.5283018868,0.5,0.5,266.5,4,-283.0188679245,-5.3571428571,Calibration fitted; not prospectively validated,2026-09-20T13:53:19Z,2026-09-20T20:25:00Z,Sun 4:25 PM ET,Dallas Cowboys,Washington Commanders,5a4f3bf,2026_02_WAS_DAL,279.0,graded,win,0.8928571428571429,0.8928571428571429,1.0,0.25,0.25,0.6931471805599453,0.6931471805599453,True,-39.9616842268,39.9616842268,12.5
85ef85098ddd22fe4ecf45e7e3c0a9c0,Washington Commanders @ Dallas Cowboys,Dak Prescott,draftkings,DraftKings,rush_attempts,Rushing attempts,over,2.5,-162,4.4648581695,0.55,0.0,0.6183206107,0.5828822518,0.5828822518,2.5,1,-683.2061068702,-11.049382716,Calibration fitted; not prospectively validated,2026-09-20T13:53:19Z,2026-09-20T20:25:00Z,Sun 4:25 PM ET,Dallas Cowboys,Washington Commanders,5a4f3bf,2026_02_WAS_DAL,4.0,graded,win,0.6172839506172839,0.6172839506172839,1.0,0.20249999999999996,0.17398721586343863,0.5978370007556204,0.539770082498492,True,0.46485816950000025,0.46485816950000025,1.5
85ef85098ddd22fe4ecf45e7e3c0a9c0,Washington Commanders @ Dallas Cowboys,Dak Prescott,betmgm,BetMGM,rush_yds,Rushing yards,over,8.5,-110,20.2823214726,0.5647668394,0.0,0.5238095238,0.4898785425,0.5,8.5,6,409.5731556871,7.8191238813,Calibration fitted; not prospectively validated,2026-09-20T13:52:32Z,2026-09-20T20:25:00Z,Sun 4:25 PM ET,Dallas Cowboys,Washington Commanders,5a4f3bf,2026_02_WAS_DAL,26.0,graded,win,0.9090909090909091,0.9090909090909091,1.0,0.18942790408586535,0.25,0.5713423066372096,0.6931471805599453,True,-5.7176785274,5.7176785274,17.5
85ef85098ddd22fe4ecf45e7e3c0a9c0,Washington Commanders @ Dallas Cowboys,Emari Demercado,draftkings,DraftKings,rush_yds,Rushing yards,over,11.5,-110,27.9735674883,0.5647668394,0.0,0.5238095238,0.4957877001,0.4957877001,11.5,3,409.5731556871,7.8191238813,Calibration fitted; not prospectively validated,2026-09-20T13:53:19Z,2026-09-20T20:25:00Z,Sun 4:25 PM ET,Dallas Cowboys,Washington Commanders,5a4f3bf,2026_02_WAS_DAL,8.0,graded,loss,-1.0,0.9090909090909091,0.0,0.31896158288586546,0.24580544357044753,0.831873390111572,0.6847578696428849,False,19.9735674883,19.9735674883,3.5
85ef85098ddd22fe4ecf45e7e3c0a9c0,Washington Commanders @ Dallas Cowboys,George Pickens,draftkings,DraftKings,receptions,Receptions,over,4.5,-112,3.0884693185,0.4210526316,0.0,0.5283018868,0.4989542374,0.5,4.5,5,-1072.4925521351,-20.3007518797,Calibration fitted; not prospectively validated,2026-09-20T13:53:19Z,2026-09-20T20:25:00Z,Sun 4:25 PM ET,Dallas Cowboys,Washington Commanders,5a4f3bf,2026_02_WAS_DAL,6.0,graded,win,0.8928571428571429,0.8928571428571429,1.0,0.33518005537728524,0.25,0.8649974374366045,0.6931471805599453,False,-2.9115306815,2.9115306815,1.5
85ef85098ddd22fe4ecf45e7e3c0a9c0,Washington Commanders @ Dallas Cowboys,George Pickens,fanduel,FanDuel,recv_yds,Receiving yards,over,65.5,-113,42.6865387856,0.4836956522,0.0,0.5305164319,0.5,0.5,65.0,3,-468.2077975097,-8.8255098115,Calibration fitted; not prospectively validated,2026-09-20T13:53:29Z,2026-09-20T20:25:00Z,Sun 4:25 PM ET,Dallas Cowboys,Washington Commanders,5a4f3bf,2026_02_WAS_DAL,40.0,graded,loss,-1.0,0.8849557522123894,0.0,0.23396148395718336,0.25,0.6610588660589711,0.6931471805599453,True,2.6865387856,2.6865387856,25.5
85ef85098ddd22fe4ecf45e7e3c0a9c0,Washington Commanders @ Dallas Cowboys,Hunter Luepke,betmgm,BetMGM,receptions,Receptions,over,0.5,-135,0.8230646266,0.5475728155,0.0,0.5744680851,0.5346534653,0.5346534653,0.5,1,-268.952695724,-4.6817691478,Calibration fitted; not prospectively validated,2026-09-20T13:52:32Z,2026-09-20T20:25:00Z,Sun 4:25 PM ET,Dallas Cowboys,Washington Commanders,5a4f3bf,2026_02_WAS_DAL,0.0,graded,loss,-1.0,0.7407407407407407,0.0,0.29983598827459707,0.2858543279572983,0.7931284470229284,0.7649729150312009,False,0.8230646266,0.8230646266,0.5
85ef85098ddd22fe4ecf45e7e3c0a9c0,Washington Commanders @ Dallas Cowboys,Jacory Croskey-Merritt,draftkings,DraftKings,rush_attempts,Rushing attempts,over,12.5,-113,10.4003331918,0.4915254237,0.0,0.5305164319,0.5,0.5025798729,12.5,2,-389.9100819607,-7.3496325184,Calibration fitted; not prospectively validated,2026-09-20T13:53:19Z,2026-09-20T20:25:00Z,Sun 4:25 PM ET,Dallas Cowboys,Washington Commanders,5a4f3bf,2026_02_WAS_DAL,12.0,graded,loss,-1.0,0.8849557522123894,0.0,0.24159724214346454,0.2525865286441801,0.6763400621868974,0.6983202838154999,True,-1.5996668082000003,1.5996668082000003,0.5
85ef85098ddd22fe4ecf45e7e3c0a9c0,Washington Commanders @ Dallas Cowboys,Jacory Croskey-Merritt,fanduel,FanDuel,rush_yds,Rushing yards,over,50.5,-113,42.7080487647,0.5,0.0,0.5305164319,0.5,0.5,51.5,3,-305.1643192488,-5.7522123894,Calibration fitted; not prospectively validated,2026-09-20T13:53:29Z,2026-09-20T20:25:00Z,Sun 4:25 PM ET,Dallas Cowboys,Washington Commanders,5a4f3bf,2026_02_WAS_DAL,43.0,graded,loss,-1.0,0.8849557522123894,0.0,0.25,0.25,0.6931471805599453,0.6931471805599453,False,-0.29195123529999734,0.29195123529999734,7.5
85ef85098ddd22fe4ecf45e7e3c0a9c0,Washington Commanders @ Dallas Cowboys,Jake Ferguson,bovada,Bovada,receptions,Receptions,over,3.5,110,4.0450735858,0.5420560748,0.0,0.4761904762,0.4458598726,0.4554079696,3.5,5,658.6559857588,13.8317757009,Calibration fitted; not prospectively validated,2026-09-20T13:52:23Z,2026-09-20T20:25:00Z,Sun 4:25 PM ET,Dallas Cowboys,Washington Commanders,5a4f3bf,2026_02_WAS_DAL,4.0,graded,win,1.1,1.1,1.0,0.20971263862758324,0.29658047957519457,0.612385823853418,0.7865616252860377,True,0.04507358579999998,0.04507358579999998,0.5
85ef85098ddd22fe4ecf45e7e3c0a9c0,Washington Commanders @ Dallas Cowboys,Jake Ferguson,draftkings,DraftKings,recv_yds,Receiving yards,over,26.5,-110,33.990849919,0.5010141988,0.0,0.5238095238,0.4957877001,0.5,26.5,4,-227.9532502656,-4.3518347778,Calibration fitted; not prospectively validated,2026-09-20T13:53:19Z,2026-09-20T20:25:00Z,Sun 4:25 PM ET,Dallas Cowboys,Washington Commanders,5a4f3bf,2026_02_WAS_DAL,43.0,graded,win,0.9090909090909091,0.9090909090909091,1.0,0.24898682979920594,0.25,0.6911208373807048,0.6931471805599453,True,-9.009150081000001,9.009150081000001,16.5
85ef85098ddd22fe4ecf45e7e3c0a9c0,Washington Commanders @ Dallas Cowboys,Javonte Williams,betmgm,BetMGM,receptions,Receptions,over,2.5,110,3.3732215083,0.5475728155,0.0,0.4761904762,0.4424778761,0.4796954315,2.5,5,713.823393435,14.9902912621,Calibration fitted; not prospectively validated,2026-09-20T13:52:32Z,2026-09-20T20:25:00Z,Sun 4:25 PM ET,Dallas Cowboys,Washington Commanders,5a4f3bf,2026_02_WAS_DAL,3.0,graded,win,1.1,1.1,1.0,0.204690357274597,0.27071684400197127,0.6022598297876792,0.7346038941800904,True,0.3732215082999999,0.3732215082999999,0.5
85ef85098ddd22fe4ecf45e7e3c0a9c0,Washington Commanders @ Dallas Cowboys,Javonte Williams,bovada,Bovada,recv_yds,Receiving yards,over,13.5,-110,20.8288240706,0.5010141988,0.0,0.5238095238,0.4898785425,0.4973849372,13.5,4,-227.9532502656,-4.3518347778,Calibration fitted; not prospectively validated,2026-09-20T13:52:23Z,2026-09-20T20:25:00Z,Sun 4:25 PM ET,Dallas Cowboys,Washington Commanders,5a4f3bf,2026_02_WAS_DAL,20.0,graded,win,0.9090909090909091,0.9090909090909091,1.0,0.24898682979920594,0.252621901353448,0.6911208373807048,0.6983910311433486,True,0.8288240705999996,0.8288240705999996,6.5
85ef85098ddd22fe4ecf45e7e3c0a9c0,Washington Commanders @ Dallas Cowboys,Javonte Williams,betonlineag,BetOnline.ag,rush_attempts,Rushing attempts,over,17.5,-108,11.9429249695,0.4054054054,0.0,0.5192307692,0.4876847291,0.515213013,17.5,4,-1138.2536382536,-21.9219219219,Calibration fitted; not prospectively validated,2026-09-20T13:52:42Z,2026-09-20T20:25:00Z,Sun 4:25 PM ET,Dallas Cowboys,Washington Commanders,5a4f3bf,2026_02_WAS_DAL,12.0,graded,loss,-1.0,0.9259259259259259,0.0,0.16435354272753833,0.26544444876453815,0.5198754592768178,0.7240456865839848,True,-0.05707503050000007,0.05707503050000007,5.5
85ef85098ddd22fe4ecf45e7e3c0a9c0,Washington Commanders @ Dallas Cowboys,Javonte Williams,fanduel,FanDuel,rush_yds,Rushing yards,over,75.5,-113,48.1154257744,0.4352331606,0.0,0.5305164319,0.5,0.5051597457,76.5,3,-952.8327130312,-17.9604750332,Calibration fitted; not prospectively validated,2026-09-20T13:53:29Z,2026-09-20T20:25:00Z,Sun 4:25 PM ET,Dallas Cowboys,Washington Commanders,5a4f3bf,2026_02_WAS_DAL,30.0,graded,loss,-1.0,0.8849557522123894,0.0,0.1894279040858654,0.25518636867568867,0.5713423066372096,0.7035202870841543,True,18.115425774400002,18.115425774400002,45.5
85ef85098ddd22fe4ecf45e7e3c0a9c0,Washington Commanders @ Dallas Cowboys,Jayden Daniels,betonlineag,BetOnline.ag,pass_attempts,Passing attempts,over,29.5,-125,29.4870985005,0.5,0.0,0.5555555556,0.5226570546,0.5214808116,30.0,2,-555.5555555556,-10.0,Calibration fitted; not prospectively validated,2026-09-20T13:52:42Z,2026-09-20T20:25:00Z,Sun 4:25 PM ET,Dallas Cowboys,Washington Commanders,5a4f3bf,2026_02_WAS_DAL,17.0,graded,loss,-1.0,0.8,0.0,0.25,0.27194223686699476,0.6931471805599453,0.7370589677437325,False,12.4870985005,12.4870985005,12.5
85ef85098ddd22fe4ecf45e7e3c0a9c0,Washington Commanders @ Dallas Cowboys,Jayden Daniels,betrivers,BetRivers,pass_completions,Passing completions,over,19.5,-115,15.6108168532,0.4583333333,0.0,0.5348837209,,0.5280665281,19.5,3,-765.503875969,-14.3115942029,Calibration fitted; not prospectively validated,2026-09-20T13:52:33Z,2026-09-20T20:25:00Z,Sun 4:25 PM ET,Dallas Cowboys,Washington Commanders,5a4f3bf,2026_02_WAS_DAL,11.0,graded,loss,-1.0,0.8695652173913043,0.0,0.21006944441388886,0.2788542580995881,0.6131044728248702,0.7509172526952836,True,4.610816853199999,4.610816853199999,8.5
85ef85098ddd22fe4ecf45e7e3c0a9c0,Washington Commanders @ Dallas Cowboys,Jayden Daniels,fanduel,FanDuel,pass_tds,Passing touchdowns,over,1.5,134,1.88,0.5,0.0,0.4273504274,0.4012561061,0.4170982552,1.5,6,726.4957264957,17.0,Calibration fitted; not prospectively validated,2026-09-20T13:53:29Z,2026-09-20T20:25:00Z,Sun 4:25 PM ET,Dallas Cowboys,Washington Commanders,5a4f3bf,2026_02_WAS_DAL,1.0,graded,loss,-1.0,1.34,0.0,0.25,0.17397095449088432,0.6931471805599453,0.5397366406257974,False,0.8799999999999999,0.8799999999999999,0.5
85ef85098ddd22fe4ecf45e7e3c0a9c0,Washington Commanders @ Dallas Cowboys,Jayden Daniels,fanduel,FanDuel,pass_yds,Passing yards,over,221.5,-113,154.4678768423,0.5,0.0,0.5305164319,0.5,0.5015067502,222.5,2,-305.1643192488,-5.7522123894,Calibration fitted; not prospectively validated,2026-09-20T13:53:29Z,2026-09-20T20:25:00Z,Sun 4:25 PM ET,Dallas Cowboys,Washington Commanders,5a4f3bf,2026_02_WAS_DAL,96.0,graded,loss,-1.0,0.8849557522123894,0.0,0.25,0.2515090204961652,0.6931471805599453,0.6961652306949938,False,58.4678768423,58.4678768423,125.5
85ef85098ddd22fe4ecf45e7e3c0a9c0,Washington Commanders @ Dallas Cowboys,Jayden Daniels,betrivers,BetRivers,rush_yds,Rushing yards,over,35.5,-113,38.4215721751,0.5,0.0,0.5305164319,0.4949766919,0.5,36.0,3,-305.1643192488,-5.7522123894,Calibration fitted; not prospectively validated,2026-09-20T13:52:33Z,2026-09-20T20:25:00Z,Sun 4:25 PM ET,Dallas Cowboys,Washington Commanders,5a4f3bf,2026_02_WAS_DAL,69.0,graded,win,0.8849557522123894,0.8849557522123894,1.0,0.25,0.25,0.6931471805599453,0.6931471805599453,True,-30.578427824899997,30.578427824899997,33.5
85ef85098ddd22fe4ecf45e7e3c0a9c0,Washington Commanders @ Dallas Cowboys,Rachaad White,fanduel,FanDuel,receptions,Receptions,over,1.5,-188,2.5209105733,0.5475728155,0.0,0.6527777778,0.6103896104,0.6209358945,1.5,4,-1052.049622438,-16.1165048544,Calibration fitted; not prospectively validated,2026-09-20T13:53:29Z,2026-09-20T20:25:00Z,Sun 4:25 PM ET,Dallas Cowboys,Washington Commanders,5a4f3bf,2026_02_WAS_DAL,6.0,graded,win,0.5319148936170213,0.5319148936170213,1.0,0.204690357274597,0.14368959607851514,0.6022598297876792,0.47652743184578567,True,-3.4790894267,3.4790894267,4.5
85ef85098ddd22fe4ecf45e7e3c0a9c0,Washington Commanders @ Dallas Cowboys,Rachaad White,draftkings,DraftKings,recv_yds,Receiving yards,over,12.5,-109,14.8694017585,0.5,0.0,0.5215311005,0.4936802191,0.5019008383,12.5,4,-215.3110047847,-4.128440367,Calibration fitted; not prospectively validated,2026-09-20T13:53:19Z,2026-09-20T20:25:00Z,Sun 4:25 PM ET,Dallas Cowboys,Washington Commanders,5a4f3bf,2026_02_WAS_DAL,40.0,graded,win,0.9174311926605505,0.9174311926605505,1.0,0.25,0.24810277488624277,0.6931471805599453,0.6893527120696055,True,-25.1305982415,25.1305982415,27.5
85ef85098ddd22fe4ecf45e7e3c0a9c0,Washington Commanders @ Dallas Cowboys,Rachaad White,draftkings,DraftKings,rush_yds,Rushing yards,over,22.5,-107,36.0741794543,0.5647668394,0.0,0.5169082126,0.4894599266,0.4898785425,22.5,3,478.5862681785,9.2586315433,Calibration fitted; not prospectively validated,2026-09-20T13:53:19Z,2026-09-20T20:25:00Z,Sun 4:25 PM ET,Dallas Cowboys,Washington Commanders,5a4f3bf,2026_02_WAS_DAL,43.0,graded,win,0.9345794392523364,0.9345794392523364,1.0,0.18942790408586535,0.26022390140192425,0.5713423066372096,0.7135977910518972,True,-6.925820545699999,6.925820545699999,20.5
85ef85098ddd22fe4ecf45e7e3c0a9c0,Washington Commanders @ Dallas Cowboys,Ryan Flournoy,draftkings,DraftKings,receptions,Receptions,over,2.5,-124,1.9775863778,0.4524271845,0.0,0.5535714286,0.5217643645,0.5256105556,2.5,5,-1011.4424410541,-18.27121829,Calibration fitted; not prospectively validated,2026-09-20T13:53:19Z,2026-09-20T20:25:00Z,Sun 4:25 PM ET,Dallas Cowboys,Washington Commanders,5a4f3bf,2026_02_WAS_DAL,5.0,graded,win,0.8064516129032258,0.8064516129032258,1.0,0.29983598827459695,0.22504534495814066,0.7931284470229283,0.6431947290605802,False,-3.0224136222,3.0224136222,2.5
85ef85098ddd22fe4ecf45e7e3c0a9c0,Washington Commanders @ Dallas Cowboys,Ryan Flournoy,draftkings,DraftKings,recv_yds,Receiving yards,over,28.5,-111,23.6473852438,0.5,0.0,0.5260663507,0.4978941162,0.5,29.0,3,-260.663507109,-4.954954955,Calibration fitted; not prospectively validated,2026-09-20T13:53:19Z,2026-09-20T20:25:00Z,Sun 4:25 PM ET,Dallas Cowboys,Washington Commanders,5a4f3bf,2026_02_WAS_DAL,23.0,graded,loss,-1.0,0.9009009009009009,0.0,0.25,0.25,0.6931471805599453,0.6931471805599453,False,0.6473852437999987,0.6473852437999987,5.5
85ef85098ddd22fe4ecf45e7e3c0a9c0,Washington Commanders @ Dallas Cowboys,Stefon Diggs,draftkings,DraftKings,receptions,Receptions,over,4.5,-112,3.5739865996,0.4524271845,0.0,0.5283018868,0.4979225528,0.5,4.5,5,-758.7470232643,-14.3619972261,Calibration fitted; not prospectively validated,2026-09-20T13:53:19Z,2026-09-20T20:25:00Z,Sun 4:25 PM ET,Dallas Cowboys,Washington Commanders,5a4f3bf,2026_02_WAS_DAL,5.0,graded,win,0.8928571428571429,0.8928571428571429,1.0,0.29983598827459695,0.25,0.7931284470229283,0.6931471805599453,False,-1.4260134004,1.4260134004,0.5
85ef85098ddd22fe4ecf45e7e3c0a9c0,Washington Commanders @ Dallas Cowboys,Stefon Diggs,draftkings,DraftKings,recv_yds,Receiving yards,over,48.5,-110,41.8910265064,0.4989858012,0.0,0.5238095238,0.4957877001,0.5,48.5,4,-248.2372259249,-4.7390743131,Calibration fitted; not prospectively validated,2026-09-20T13:53:19Z,2026-09-20T20:25:00Z,Sun 4:25 PM ET,Dallas Cowboys,Washington Commanders,5a4f3bf,2026_02_WAS_DAL,47.0,graded,loss,-1.0,0.9090909090909091,0.0,0.24898682979920594,0.25,0.6911208373807048,0.6931471805599453,True,-5.108973493599997,5.108973493599997,1.5
85ef85098ddd22fe4ecf45e7e3c0a9c0,Washington Commanders @ Dallas Cowboys,Terry McLaurin,betrivers,BetRivers,receptions,Receptions,over,4.5,120,2.8442734676,0.4210526316,0.0,0.4545454545,,0.4419739631,4.5,4,-334.9282296651,-7.3684210526,Calibration fitted; not prospectively validated,2026-09-20T13:52:33Z,2026-09-20T20:25:00Z,Sun 4:25 PM ET,Dallas Cowboys,Washington Commanders,5a4f3bf,2026_02_WAS_DAL,2.0,graded,loss,-1.0,1.2,0.0,0.17728531857728533,0.19534098405832015,0.5465437064044336,0.5833496565783106,True,0.8442734675999999,0.8442734675999999,2.5
85ef85098ddd22fe4ecf45e7e3c0a9c0,Washington Commanders @ Dallas Cowboys,Terry McLaurin,fanduel,FanDuel,recv_yds,Receiving yards,over,53.5,-113,34.4699751687,0.4836956522,0.0,0.5305164319,0.5,0.5,53.5,4,-468.2077975097,-8.8255098115,Calibration fitted; not prospectively validated,2026-09-20T13:53:29Z,2026-09-20T20:25:00Z,Sun 4:25 PM ET,Dallas Cowboys,Washington Commanders,5a4f3bf,2026_02_WAS_DAL,50.0,graded,loss,-1.0,0.8849557522123894,0.0,0.23396148395718336,0.25,0.6610588660589711,0.6931471805599453,True,-15.530024831299997,15.530024831299997,3.5
9d14f87600f6edc74dbcb5c74edf6246,Pittsburgh Steelers @ New England Patriots,Aaron Rodgers,betonlineag,BetOnline.ag,pass_attempts,Passing attempts,over,34.5,-108,31.8013209674,0.4375,0.0,0.5192307692,0.4876847291,0.5101214575,34.5,5,-817.3076923077,-15.7407407407,Calibration fitted; not prospectively validated,2026-09-20T13:52:43Z,2026-09-20T17:00:00Z,Sun 1:00 PM ET,New England Patriots,Pittsburgh Steelers,5a4f3bf,2026_02_PIT_NE,39.0,graded,win,0.9259259259259259,0.9259259259259259,1.0,0.31640625,0.23998098640192428,0.8266785731844679,0.6731064296566579,False,-7.198679032600001,7.198679032600001,4.5
9d14f87600f6edc74dbcb5c74edf6246,Pittsburgh Steelers @ New England Patriots,Aaron Rodgers,betmgm,BetMGM,pass_completions,Passing completions,over,20.5,-120,19.0807925805,0.5,0.0,0.5454545455,0.5101214575,0.5220817448,20.5,4,-454.5454545455,-8.3333333333,Calibration fitted; not prospectively validated,2026-09-20T13:52:32Z,2026-09-20T17:00:00Z,Sun 1:00 PM ET,New England Patriots,Pittsburgh Steelers,5a4f3bf,2026_02_PIT_NE,23.0,graded,win,0.8333333333333334,0.8333333333333334,1.0,0.25,0.2284058586534123,0.6931471805599453,0.6499311041261618,True,-3.919207419500001,3.919207419500001,2.5
9d14f87600f6edc74dbcb5c74edf6246,Pittsburgh Steelers @ New England Patriots,Aaron Rodgers,betonlineag,BetOnline.ag,pass_tds,Passing touchdowns,over,0.5,-244,0.94,0.5,0.0,0.7093023256,0.6651090343,0.6705882353,0.5,5,-2093.023255814,-29.5081967213,Calibration fitted; not prospectively validated,2026-09-20T13:52:43Z,2026-09-20T17:00:00Z,Sun 1:00 PM ET,New England Patriots,Pittsburgh Steelers,5a4f3bf,2026_02_PIT_NE,0.0,graded,loss,-1.0,0.4098360655737705,0.0,0.25,0.4496885813227682,0.6931471805599453,1.1104467463329697,False,0.94,0.94,0.5
9d14f87600f6edc74dbcb5c74edf6246,Pittsburgh Steelers @ New England Patriots,Aaron Rodgers,draftkings,DraftKings,pass_yds,Passing yards,over,206.5,-112,187.836643789,0.5,0.0,0.5283018868,0.5,0.5,209.5,3,-283.0188679245,-5.3571428571,Calibration fitted; not prospectively validated,2026-09-20T13:53:21Z,2026-09-20T17:00:00Z,Sun 1:00 PM ET,New England Patriots,Pittsburgh Steelers,5a4f3bf,2026_02_PIT_NE,187.0,graded,loss,-1.0,0.8928571428571429,0.0,0.25,0.25,0.6931471805599453,0.6931471805599453,False,0.8366437889999929,0.8366437889999929,19.5
9d14f87600f6edc74dbcb5c74edf6246,Pittsburgh Steelers @ New England Patriots,Aaron Rodgers,draftkings,DraftKings,rush_yds,Rushing yards,over,0.5,-107,8.6925855637,0.5647668394,0.0,0.5169082126,0.4894599266,0.4896023956,0.5,3,478.5862681785,9.2586315433,Calibration fitted; not prospectively validated,2026-09-20T13:53:21Z,2026-09-20T17:00:00Z,Sun 1:00 PM ET,New England Patriots,Pittsburgh Steelers,5a4f3bf,2026_02_PIT_NE,5.0,graded,win,0.9345794392523364,0.9345794392523364,1.0,0.18942790408586535,0.26050571457725896,0.5713423066372096,0.714161654822135,True,3.6925855637,3.6925855637,4.5
9d14f87600f6edc74dbcb5c74edf6246,Pittsburgh Steelers @ New England Patriots,DK Metcalf,bovada,Bovada,receptions,Receptions,over,4.5,100,3.3757911366,0.4524271845,0.0,0.5,0.4693877551,0.4796954315,4.5,5,-475.7281553398,-9.5145631068,Calibration fitted; not prospectively validated,2026-09-20T13:51:27Z,2026-09-20T17:00:00Z,Sun 1:00 PM ET,New England Patriots,Pittsburgh Steelers,5a4f3bf,2026_02_PIT_NE,4.0,graded,loss,-1.0,1.0,0.0,0.20469035727459706,0.2301077070019712,0.6022598297876794,0.6533409302131841,True,-0.6242088633999998,0.6242088633999998,0.5
9d14f87600f6edc74dbcb5c74edf6246,Pittsburgh Steelers @ New England Patriots,DK Metcalf,draftkings,DraftKings,recv_yds,Receiving yards,over,59.5,-110,43.8815262623,0.4985632184,0.0,0.5238095238,0.4957877001,0.5,59.5,4,-252.4630541872,-4.8197492163,Calibration fitted; not prospectively validated,2026-09-20T13:53:21Z,2026-09-20T17:00:00Z,Sun 1:00 PM ET,New England Patriots,Pittsburgh Steelers,5a4f3bf,2026_02_PIT_NE,27.0,graded,loss,-1.0,0.9090909090909091,0.0,0.2485652827413661,0.25,0.6902777381503304,0.6931471805599453,True,16.8815262623,16.8815262623,32.5
9d14f87600f6edc74dbcb5c74edf6246,Pittsburgh Steelers @ New England Patriots,Darnell Washington,fanduel,FanDuel,receptions,Receptions,over,1.5,-146,2.3804002512,0.5475728155,0.0,0.593495935,0.5548317047,0.5727636849,1.5,5,-459.2311942537,-7.7377310813,Calibration fitted; not prospectively validated,2026-09-20T13:53:23Z,2026-09-20T17:00:00Z,Sun 1:00 PM ET,New England Patriots,Pittsburgh Steelers,5a4f3bf,2026_02_PIT_NE,1.0,graded,loss,-1.0,0.684931506849315,0.0,0.29983598827459707,0.32805823874022644,0.7931284470229284,0.8504179876925096,False,1.3804002512000002,1.3804002512000002,0.5
9d14f87600f6edc74dbcb5c74edf6246,Pittsburgh Steelers @ New England Patriots,Darnell Washington,fanduel,FanDuel,recv_yds,Receiving yards,over,14.5,-113,23.5799522893,0.5010141988,0.0,0.5305164319,0.5,0.5030953364,14.5,5,-295.0223314192,-5.5610404064,Calibration fitted; not prospectively validated,2026-09-20T13:53:23Z,2026-09-20T17:00:00Z,Sun 1:00 PM ET,New England Patriots,Pittsburgh Steelers,5a4f3bf,2026_02_PIT_NE,7.0,graded,loss,-1.0,0.8849557522123894,0.0,0.2510152273992059,0.2531049175074292,0.6951776381444736,0.6993570950284903,False,16.5799522893,16.5799522893,7.5
9d14f87600f6edc74dbcb5c74edf6246,Pittsburgh Steelers @ New England Patriots,DeMario Douglas,betrivers,BetRivers,receptions,Receptions,over,3.5,120,3.4127650409,0.4591194969,0.0,0.4545454545,,0.4373408273,3.5,5,45.7404230989,1.0062893082,Calibration fitted; not prospectively validated,2026-09-20T13:53:18Z,2026-09-20T17:00:00Z,Sun 1:00 PM ET,New England Patriots,Pittsburgh Steelers,5a4f3bf,2026_02_PIT_NE,1.0,graded,loss,-1.0,1.2,0.0,0.2107907124337091,0.19126699922344845,0.6145569060492819,0.5750812112441759,True,2.4127650409,2.4127650409,2.5
9d14f87600f6edc74dbcb5c74edf6246,Pittsburgh Steelers @ New England Patriots,DeMario Douglas,fanduel,FanDuel,recv_yds,Receiving yards,over,34.5,-113,37.6109018515,0.5,0.0,0.5305164319,0.5,0.5050233081,35.0,3,-305.1643192488,-5.7522123894,Calibration fitted; not prospectively validated,2026-09-20T13:53:23Z,2026-09-20T17:00:00Z,Sun 1:00 PM ET,New England Patriots,Pittsburgh Steelers,5a4f3bf,2026_02_PIT_NE,9.0,graded,loss,-1.0,0.8849557522123894,0.0,0.25,0.2550485417242675,0.6931471805599453,0.7032446045927846,False,28.610901851500003,28.610901851500003,25.5
9d14f87600f6edc74dbcb5c74edf6246,Pittsburgh Steelers @ New England Patriots,Drake Maye,betmgm,BetMGM,pass_attempts,Passing attempts,over,29.5,-105,28.1877174436,0.5,0.0,0.512195122,0.4796954315,0.507138435,29.5,4,-121.9512195122,-2.380952381,Calibration fitted; not prospectively validated,2026-09-20T13:52:32Z,2026-09-20T17:00:00Z,Sun 1:00 PM ET,New England Patriots,Pittsburgh Steelers,5a4f3bf,2026_02_PIT_NE,22.0,graded,loss,-1.0,0.9523809523809523,0.0,0.25,0.25718939225424925,0.6931471805599453,0.7075269455885291,False,6.1877174436,6.1877174436,7.5
9d14f87600f6edc74dbcb5c74edf6246,Pittsburgh Steelers @ New England Patriots,Drake Maye,betonlineag,BetOnline.ag,pass_completions,Passing completions,over,20.5,-108,19.6459848849,0.5,0.0,0.5192307692,0.4876847291,0.5101214575,20.5,3,-192.3076923077,-3.7037037037,Calibration fitted; not prospectively validated,2026-09-20T13:52:43Z,2026-09-20T17:00:00Z,Sun 1:00 PM ET,New England Patriots,Pittsburgh Steelers,5a4f3bf,2026_02_PIT_NE,14.0,graded,loss,-1.0,0.9259259259259259,0.0,0.25,0.26022390140192436,0.6931471805599453,0.7135977910518974,False,5.645984884899999,5.645984884899999,6.5
9d14f87600f6edc74dbcb5c74edf6246,Pittsburgh Steelers @ New England Patriots,Drake Maye,draftkings,DraftKings,pass_tds,Passing touchdowns,over,1.5,118,1.06,0.4821981424,0.0,0.4587155963,0.4332755633,0.4366812227,1.5,7,234.8254608459,5.1191950464,Calibration fitted; not prospectively validated,2026-09-20T13:53:21Z,2026-09-20T17:00:00Z,Sun 1:00 PM ET,New England Patriots,Pittsburgh Steelers,5a4f3bf,2026_02_PIT_NE,0.0,graded,loss,-1.0,1.18,0.0,0.23251504853401064,0.19069049025876697,0.658162624185619,0.5739095991793892,True,1.06,1.06,1.5
9d14f87600f6edc74dbcb5c74edf6246,Pittsburgh Steelers @ New England Patriots,Drake Maye,fanatics,Fanatics,pass_yds,Passing yards,over,225.5,-110,220.2945987698,0.5,0.0,0.5238095238,0.4898785425,0.4978941162,225.5,3,-238.0952380952,-4.5454545455,Calibration fitted; not prospectively validated,2026-09-20T13:53:09Z,2026-09-20T17:00:00Z,Sun 1:00 PM ET,New England Patriots,Pittsburgh Steelers,5a4f3bf,2026_02_PIT_NE,208.0,graded,loss,-1.0,0.9090909090909091,0.0,0.25,0.24789855094657912,0.6931471805599453,0.6889442576273447,False,12.29459876979999,12.29459876979999,17.5
9d14f87600f6edc74dbcb5c74edf6246,Pittsburgh Steelers @ New England Patriots,Drake Maye,betonlineag,BetOnline.ag,rush_attempts,Rushing attempts,over,5.5,107,6.6675825407,0.506993007,0.0,0.4830917874,0.4537429043,0.4560210233,5.5,3,239.0121955339,4.9475524476,Calibration fitted; not prospectively validated,2026-09-20T13:52:43Z,2026-09-20T17:00:00Z,Sun 1:00 PM ET,New England Patriots,Pittsburgh Steelers,5a4f3bf,2026_02_PIT_NE,4.0,graded,loss,-1.0,1.07,0.0,0.2570419091469021,0.20795517369157915,0.7072319204558688,0.6088446786450202,False,2.6675825407,2.6675825407,1.5
9d14f87600f6edc74dbcb5c74edf6246,Pittsburgh Steelers @ New England Patriots,Drake Maye,draftkings,DraftKings,rush_yds,Rushing yards,over,28.5,-109,35.3559754784,0.5,0.0,0.5215311005,0.4936802191,0.4936802191,27.5,3,-215.3110047847,-4.128440367,Calibration fitted; not prospectively validated,2026-09-20T13:53:21Z,2026-09-20T17:00:00Z,Sun 1:00 PM ET,New England Patriots,Pittsburgh Steelers,5a4f3bf,2026_02_PIT_NE,17.0,graded,loss,-1.0,0.9174311926605505,0.0,0.25,0.243720158730624,0.6931471805599453,0.68058683124547,False,18.355975478399998,18.355975478399998,11.5
9d14f87600f6edc74dbcb5c74edf6246,Pittsburgh Steelers @ New England Patriots,Hunter Henry,bovada,Bovada,receptions,Receptions,over,3.5,115,3.9884883642,0.5420560748,0.0,0.4651162791,0.4366812227,0.4424778761,3.5,5,769.3979569659,16.5420560748,Calibration fitted; not prospectively validated,2026-09-20T13:51:27Z,2026-09-20T17:00:00Z,Sun 1:00 PM ET,New England Patriots,Pittsburgh Steelers,5a4f3bf,2026_02_PIT_NE,3.0,graded,loss,-1.0,1.15,0.0,0.2938247882275831,0.19578667083796694,0.7810085364247489,0.5842530923096968,False,0.9884883642000002,0.9884883642000002,0.5
9d14f87600f6edc74dbcb5c74edf6246,Pittsburgh Steelers @ New England Patriots,Hunter Henry,draftkings,DraftKings,recv_yds,Receiving yards,over,38.5,-111,44.1963364731,0.5,0.0,0.5260663507,0.4978941162,0.4989470581,38.5,2,-260.663507109,-4.954954955,Calibration fitted; not prospectively validated,2026-09-20T13:53:21Z,2026-09-20T17:00:00Z,Sun 1:00 PM ET,New England Patriots,Pittsburgh Steelers,5a4f3bf,2026_02_PIT_NE,40.0,graded,win,0.9009009009009009,0.9009009009009009,1.0,0.25,0.2510540505866448,0.6931471805599453,0.6952552848511803,True,4.196336473099997,4.196336473099997,1.5
9d14f87600f6edc74dbcb5c74edf6246,Pittsburgh Steelers @ New England Patriots,Jaylen Warren,betonlineag,BetOnline.ag,receptions,Receptions,over,3.5,140,2.6457999105,0.4524271845,0.0,0.4166666667,0.3909465021,0.394619766,3.5,4,357.6051779935,8.5825242718,Calibration fitted; not prospectively validated,2026-09-20T13:52:43Z,2026-09-20T17:00:00Z,Sun 1:00 PM ET,New England Patriots,Pittsburgh Steelers,5a4f3bf,2026_02_PIT_NE,2.0,graded,loss,-1.0,1.4,0.0,0.20469035727459706,0.15572475971789473,0.6022598297876794,0.5018985324154667,True,0.6457999105000001,0.6457999105000001,1.5
9d14f87600f6edc74dbcb5c74edf6246,Pittsburgh Steelers @ New England Patriots,Jaylen Warren,betrivers,BetRivers,recv_yds,Receiving yards,over,19.5,-110,17.2339897915,0.5,0.0,0.5238095238,0.4889380531,0.4957877001,19.0,3,-238.0952380952,-4.5454545455,Calibration fitted; not prospectively validated,2026-09-20T13:53:18Z,2026-09-20T17:00:00Z,Sun 1:00 PM ET,New England Patriots,Pittsburgh Steelers,5a4f3bf,2026_02_PIT_NE,34.0,graded,win,0.9090909090909091,0.9090909090909091,1.0,0.25,0.2542300433704476,0.6931471805599453,0.7016074678775609,True,-16.7660102085,16.7660102085,14.5
9d14f87600f6edc74dbcb5c74edf6246,Pittsburgh Steelers @ New England Patriots,Jaylen Warren,betonlineag,BetOnline.ag,rush_attempts,Rushing attempts,over,10.5,-123,8.5541619272,0.4915254237,0.0,0.5515695067,0.5185070944,0.5196836861,10.5,2,-600.4408299764,-10.8860410638,Calibration fitted; not prospectively validated,2026-09-20T13:52:43Z,2026-09-20T17:00:00Z,Sun 1:00 PM ET,New England Patriots,Pittsburgh Steelers,5a4f3bf,2026_02_PIT_NE,11.0,graded,win,0.8130081300813008,0.8130081300813008,1.0,0.2585463947434646,0.23070376139848328,0.7102416139778661,0.6545349484552531,False,-2.445838072800001,2.445838072800001,0.5
9d14f87600f6edc74dbcb5c74edf6246,Pittsburgh Steelers @ New England Patriots,Jaylen Warren,draftkings,DraftKings,rush_yds,Rushing yards,over,43.5,-113,36.5254251358,0.5,0.0,0.5305164319,0.5021058838,0.5,43.5,6,-305.1643192488,-5.7522123894,Calibration fitted; not prospectively validated,2026-09-20T13:53:21Z,2026-09-20T17:00:00Z,Sun 1:00 PM ET,New England Patriots,Pittsburgh Steelers,5a4f3bf,2026_02_PIT_NE,43.0,graded,loss,-1.0,0.8849557522123894,0.0,0.25,0.25,0.6931471805599453,0.6931471805599453,False,-6.474574864200001,6.474574864200001,0.5
9d14f87600f6edc74dbcb5c74edf6246,Pittsburgh Steelers @ New England Patriots,Mack Hollins,bovada,Bovada,receptions,Receptions,over,3.5,130,3.245020588,0.4591194969,0.0,0.4347826087,0.4084720121,0.4143685498,3.5,4,243.3688815969,5.5974842767,Calibration fitted; not prospectively validated,2026-09-20T13:51:27Z,2026-09-20T17:00:00Z,Sun 1:00 PM ET,New England Patriots,Pittsburgh Steelers,5a4f3bf,2026_02_PIT_NE,2.0,graded,loss,-1.0,1.3,0.0,0.2107907124337091,0.17170129506335507,0.6145569060492819,0.5350646118345249,True,1.245020588,1.245020588,1.5
9d14f87600f6edc74dbcb5c74edf6246,Pittsburgh Steelers @ New England Patriots,Mack Hollins,betmgm,BetMGM,recv_yds,Receiving yards,over,35.5,-111,42.3404213555,0.5,0.0,0.5260663507,0.4928711097,0.5015067502,35.5,4,-260.663507109,-4.954954955,Calibration fitted; not prospectively validated,2026-09-20T13:52:32Z,2026-09-20T17:00:00Z,Sun 1:00 PM ET,New England Patriots,Pittsburgh Steelers,5a4f3bf,2026_02_PIT_NE,18.0,graded,loss,-1.0,0.9009009009009009,0.0,0.25,0.2515090204961652,0.6931471805599453,0.6961652306949938,False,24.3404213555,24.3404213555,17.5
9d14f87600f6edc74dbcb5c74edf6246,Pittsburgh Steelers @ New England Patriots,Pat Freiermuth,betrivers,BetRivers,receptions,Receptions,over,3.5,112,3.8104129158,0.5408805031,0.0,0.4716981132,,0.4554079696,3.5,5,691.8238993711,14.6666666667,Calibration fitted; not prospectively validated,2026-09-20T13:53:18Z,2026-09-20T17:00:00Z,Sun 1:00 PM ET,New England Patriots,Pittsburgh Steelers,5a4f3bf,2026_02_PIT_NE,4.0,graded,win,1.12,1.12,1.0,0.2107907124337091,0.29658047957519457,0.6145569060492819,0.7865616252860377,True,-0.1895870841999998,0.1895870841999998,0.5
9d14f87600f6edc74dbcb5c74edf6246,Pittsburgh Steelers @ New England Patriots,Pat Freiermuth,fanduel,FanDuel,recv_yds,Receiving yards,over,31.5,-113,37.6548921816,0.5,0.0,0.5305164319,0.5,0.5047075586,31.5,4,-305.1643192488,-5.7522123894,Calibration fitted; not prospectively validated,2026-09-20T13:53:23Z,2026-09-20T17:00:00Z,Sun 1:00 PM ET,New England Patriots,Pittsburgh Steelers,5a4f3bf,2026_02_PIT_NE,32.0,graded,win,0.8849557522123894,0.8849557522123894,1.0,0.25,0.24531460250797238,0.6931471805599453,0.6837761093264291,True,5.6548921815999975,5.6548921815999975,0.5
9d14f87600f6edc74dbcb5c74edf6246,Pittsburgh Steelers @ New England Patriots,Rhamondre Stevenson,betmgm,BetMGM,receptions,Receptions,over,2.5,-140,2.9148349311,0.5475728155,0.0,0.5833333333,0.5445920304,0.5590151934,2.5,5,-357.6051779935,-6.1303744799,Calibration fitted; not prospectively validated,2026-09-20T13:52:32Z,2026-09-20T17:00:00Z,Sun 1:00 PM ET,New England Patriots,Pittsburgh Steelers,5a4f3bf,2026_02_PIT_NE,1.0,graded,loss,-1.0,0.7142857142857143,0.0,0.29983598827459707,0.31249798645203947,0.7931284470229284,0.8187448562829753,False,1.9148349311000001,1.9148349311000001,1.5
9d14f87600f6edc74dbcb5c74edf6246,Pittsburgh Steelers @ New England Patriots,Rhamondre Stevenson,betmgm,BetMGM,recv_yds,Receiving yards,over,17.5,-111,22.9079290719,0.5010141988,0.0,0.5260663507,0.4928711097,0.5,17.5,6,-250.5215192794,-4.7621658169,Calibration fitted; not prospectively validated,2026-09-20T13:52:32Z,2026-09-20T17:00:00Z,Sun 1:00 PM ET,New England Patriots,Pittsburgh Steelers,5a4f3bf,2026_02_PIT_NE,3.0,graded,loss,-1.0,0.9009009009009009,0.0,0.2510152273992059,0.25,0.6951776381444736,0.6931471805599453,False,19.9079290719,19.9079290719,14.5
9d14f87600f6edc74dbcb5c74edf6246,Pittsburgh Steelers @ New England Patriots,Rhamondre Stevenson,betonlineag,BetOnline.ag,rush_attempts,Rushing attempts,over,13.5,110,11.7715256829,0.4915254237,0.0,0.4761904762,0.4472667035,0.4512596988,13.5,2,153.3494753834,3.2203389831,Calibration fitted; not prospectively validated,2026-09-20T13:52:43Z,2026-09-20T17:00:00Z,Sun 1:00 PM ET,New England Patriots,Pittsburgh Steelers,5a4f3bf,2026_02_PIT_NE,6.0,graded,loss,-1.0,1.1,0.0,0.24159724214346454,0.20363531576106672,0.6763400621868974,0.6001299890997462,True,5.7715256829,5.7715256829,7.5
9d14f87600f6edc74dbcb5c74edf6246,Pittsburgh Steelers @ New England Patriots,Rhamondre Stevenson,fanduel,FanDuel,rush_yds,Rushing yards,over,48.5,-113,47.90244159,0.5,0.0,0.5305164319,0.5,0.5025798729,49.0,2,-305.1643192488,-5.7522123894,Calibration fitted; not prospectively validated,2026-09-20T13:53:23Z,2026-09-20T17:00:00Z,Sun 1:00 PM ET,New England Patriots,Pittsburgh Steelers,5a4f3bf,2026_02_PIT_NE,43.0,graded,loss,-1.0,0.8849557522123894,0.0,0.25,0.2525865286441801,0.6931471805599453,0.6983202838154999,False,4.902441590000002,4.902441590000002,5.5
9d14f87600f6edc74dbcb5c74edf6246,Pittsburgh Steelers @ New England Patriots,Rico Dowdle,fanduel,FanDuel,receptions,Receptions,over,2.5,-102,1.3420349872,0.4210526316,0.0,0.504950495,0.471842317,0.4803247453,2.5,5,-838.9786347056,-16.6150670795,Calibration fitted; not prospectively validated,2026-09-20T13:53:23Z,2026-09-20T17:00:00Z,Sun 1:00 PM ET,New England Patriots,Pittsburgh Steelers,5a4f3bf,2026_02_PIT_NE,2.0,graded,loss,-1.0,0.9803921568627451,0.0,0.17728531857728533,0.2307118609475099,0.5465437064044336,0.6545511726866889,True,-0.6579650128000001,0.6579650128000001,0.5
9d14f87600f6edc74dbcb5c74edf6246,Pittsburgh Steelers @ New England Patriots,Rico Dowdle,draftkings,DraftKings,recv_yds,Receiving yards,over,14.5,-111,8.4099589342,0.4985632184,0.0,0.5260663507,0.4978941162,0.5,14.5,5,-275.031323201,-5.2280729005,Calibration fitted; not prospectively validated,2026-09-20T13:53:21Z,2026-09-20T17:00:00Z,Sun 1:00 PM ET,New England Patriots,Pittsburgh Steelers,5a4f3bf,2026_02_PIT_NE,22.0,graded,win,0.9009009009009009,0.9009009009009009,1.0,0.2514388459413662,0.25,0.6960248803691166,0.6931471805599453,False,-13.5900410658,13.5900410658,7.5
9d14f87600f6edc74dbcb5c74edf6246,Pittsburgh Steelers @ New England Patriots,Rico Dowdle,draftkings,DraftKings,rush_attempts,Rushing attempts,over,8.5,-115,8.9404272408,0.506993007,0.0,0.5348837209,0.5041554124,0.5046575791,8.5,2,-278.9071393723,-5.2143508665,Calibration fitted; not prospectively validated,2026-09-20T13:53:21Z,2026-09-20T17:00:00Z,Sun 1:00 PM ET,New England Patriots,Pittsburgh Steelers,5a4f3bf,2026_02_PIT_NE,7.0,graded,loss,-1.0,0.8695652173913043,0.0,0.2570419091469021,0.25467927214307273,0.7072319204558688,0.7025059961747513,False,1.9404272408,1.9404272408,1.5
9d14f87600f6edc74dbcb5c74edf6246,Pittsburgh Steelers @ New England Patriots,Rico Dowdle,draftkings,DraftKings,rush_yds,Rushing yards,over,32.5,-108,32.0501296698,0.5,0.0,0.5192307692,0.4915711396,0.4920127796,32.5,3,-192.3076923077,-3.7037037037,Calibration fitted; not prospectively validated,2026-09-20T13:53:21Z,2026-09-20T17:00:00Z,Sun 1:00 PM ET,New England Patriots,Pittsburgh Steelers,5a4f3bf,2026_02_PIT_NE,22.0,graded,loss,-1.0,0.9259259259259259,0.0,0.25,0.24207657528971818,0.6931471805599453,0.6772989884130035,False,10.0501296698,10.0501296698,10.5
9d14f87600f6edc74dbcb5c74edf6246,Pittsburgh Steelers @ New England Patriots,Roman Wilson,betrivers,BetRivers,receptions,Receptions,over,2.5,-129,2.0264695596,0.4524271845,0.0,0.5633187773,,0.5613178226,2.5,5,-1108.9159282656,-19.6854067886,Calibration fitted; not prospectively validated,2026-09-20T13:53:18Z,2026-09-20T17:00:00Z,Sun 1:00 PM ET,New England Patriots,Pittsburgh Steelers,5a4f3bf,2026_02_PIT_NE,5.0,graded,win,0.7751937984496124,0.7751937984496124,1.0,0.29983598827459695,0.1924420527684051,0.7931284470229283,0.5774680051774875,False,-2.9735304404,2.9735304404,2.5
9d14f87600f6edc74dbcb5c74edf6246,Pittsburgh Steelers @ New England Patriots,Roman Wilson,bovada,Bovada,recv_yds,Receiving yards,over,32.5,-115,23.1538068791,0.4985632184,0.0,0.5348837209,0.5,0.5015067502,33.0,2,-363.2050253943,-6.7903548226,Calibration fitted; not prospectively validated,2026-09-20T13:51:27Z,2026-09-20T17:00:00Z,Sun 1:00 PM ET,New England Patriots,Pittsburgh Steelers,5a4f3bf,2026_02_PIT_NE,28.0,graded,loss,-1.0,0.8695652173913043,0.0,0.2485652827413661,0.2515090204961652,0.6902777381503304,0.6961652306949938,True,-4.846193120900001,4.846193120900001,4.5
9d14f87600f6edc74dbcb5c74edf6246,Pittsburgh Steelers @ New England Patriots,Romeo Doubs,betmgm,BetMGM,receptions,Receptions,over,3.5,125,2.3071441243,0.4524271845,0.0,0.4444444444,0.416502947,0.4476490374,3.5,6,79.8274002158,1.7961165049,Calibration fitted; not prospectively validated,2026-09-20T13:52:32Z,2026-09-20T17:00:00Z,Sun 1:00 PM ET,New England Patriots,Pittsburgh Steelers,5a4f3bf,2026_02_PIT_NE,3.0,graded,loss,-1.0,1.25,0.0,0.20469035727459706,0.2003896606851466,0.6022598297876794,0.5935716329297871,True,-0.6928558756999998,0.6928558756999998,0.5
9d14f87600f6edc74dbcb5c74edf6246,Pittsburgh Steelers @ New England Patriots,Romeo Doubs,draftkings,DraftKings,recv_yds,Receiving yards,over,40.5,-112,30.8129081879,0.4985632184,0.0,0.5283018868,0.5,0.5,40.0,3,-297.3866840165,-5.6291050903,Calibration fitted; not prospectively validated,2026-09-20T13:53:21Z,2026-09-20T17:00:00Z,Sun 1:00 PM ET,New England Patriots,Pittsburgh Steelers,5a4f3bf,2026_02_PIT_NE,96.0,graded,win,0.8928571428571429,0.8928571428571429,1.0,0.2514388459413662,0.25,0.6960248803691166,0.6931471805599453,False,-65.1870918121,65.1870918121,55.5
9d14f87600f6edc74dbcb5c74edf6246,Pittsburgh Steelers @ New England Patriots,TreVeyon Henderson,betmgm,BetMGM,receptions,Receptions,over,1.5,110,1.6964286822,0.5408805031,0.0,0.4761904762,0.4424778761,0.4693877551,1.5,5,646.9002695418,13.5849056604,Calibration fitted; not prospectively validated,2026-09-20T13:52:32Z,2026-09-20T17:00:00Z,Sun 1:00 PM ET,New England Patriots,Pittsburgh Steelers,5a4f3bf,2026_02_PIT_NE,0.0,graded,loss,-1.0,1.1,0.0,0.29255171863370916,0.2203248646378176,0.7784447609745802,0.6337237600852985,False,1.6964286822,1.6964286822,1.5
9d14f87600f6edc74dbcb5c74edf6246,Pittsburgh Steelers @ New England Patriots,TreVeyon Henderson,fanduel,FanDuel,recv_yds,Receiving yards,over,7.5,-113,12.3310486163,0.5010141988,0.0,0.5305164319,0.5,0.5141838223,7.5,5,-295.0223314192,-5.5610404064,Calibration fitted; not prospectively validated,2026-09-20T13:53:23Z,2026-09-20T17:00:00Z,Sun 1:00 PM ET,New England Patriots,Pittsburgh Steelers,5a4f3bf,2026_02_PIT_NE,0.0,graded,loss,-1.0,0.8849557522123894,0.0,0.2510152273992059,0.26438500311503804,0.6951776381444736,0.7219249618157983,False,12.3310486163,12.3310486163,7.5
9d14f87600f6edc74dbcb5c74edf6246,Pittsburgh Steelers @ New England Patriots,TreVeyon Henderson,draftkings,DraftKings,rush_attempts,Rushing attempts,over,8.5,-117,8.3313381405,0.5,0.0,0.5391705069,0.5083149711,0.5092865324,8.5,2,-391.7050691244,-7.264957265,Calibration fitted; not prospectively validated,2026-09-20T13:53:21Z,2026-09-20T17:00:00Z,Sun 1:00 PM ET,New England Patriots,Pittsburgh Steelers,5a4f3bf,2026_02_PIT_NE,16.0,graded,win,0.8547008547008547,0.8547008547008547,1.0,0.25,0.24079970728401626,0.6931471805599453,0.6747444887948324,True,-7.6686618595,7.6686618595,7.5
9d14f87600f6edc74dbcb5c74edf6246,Pittsburgh Steelers @ New England Patriots,TreVeyon Henderson,draftkings,DraftKings,rush_yds,Rushing yards,over,35.5,-111,35.4117303382,0.5,0.0,0.5260663507,0.4978941162,0.5,35.5,5,-260.663507109,-4.954954955,Calibration fitted; not prospectively validated,2026-09-20T13:53:21Z,2026-09-20T17:00:00Z,Sun 1:00 PM ET,New England Patriots,Pittsburgh Steelers,5a4f3bf,2026_02_PIT_NE,76.0,graded,win,0.9009009009009009,0.9009009009009009,1.0,0.25,0.25,0.6931471805599453,0.6931471805599453,True,-40.5882696618,40.5882696618,40.5
aee7eae1849ebb103b9bf233e9741392,Carolina Panthers @ Atlanta Falcons,Bijan Robinson,fanduel,FanDuel,receptions,Receptions,over,4.5,-154,4.154467498,0.4579439252,0.0,0.6062992126,0.5670257739,0.5751633987,4.5,3,-1483.5528736478,-24.468988955,Calibration fitted; not prospectively validated,2026-09-20T13:52:58Z,2026-09-20T17:00:00Z,Sun 1:00 PM ET,Atlanta Falcons,Carolina Panthers,5a4f3bf,2026_02_CAR_ATL,3.0,graded,loss,-1.0,0.6493506493506493,0.0,0.2097126386275832,0.3308129352041352,0.6123858238534178,0.8560506515137214,True,1.1544674979999998,1.1544674979999998,1.5
aee7eae1849ebb103b9bf233e9741392,Carolina Panthers @ Atlanta Falcons,Bijan Robinson,draftkings,DraftKings,recv_yds,Receiving yards,over,43.5,-113,36.9724770118,0.4989858012,0.0,0.5305164319,0.5021058838,0.5,43.0,3,-315.3063070784,-5.9433843724,Calibration fitted; not prospectively validated,2026-09-20T13:52:59Z,2026-09-20T17:00:00Z,Sun 1:00 PM ET,Atlanta Falcons,Carolina Panthers,5a4f3bf,2026_02_CAR_ATL,9.0,graded,loss,-1.0,0.8849557522123894,0.0,0.24898682979920594,0.25,0.6911208373807048,0.6931471805599453,True,27.972477011800002,27.972477011800002,34.5
aee7eae1849ebb103b9bf233e9741392,Carolina Panthers @ Atlanta Falcons,Bijan Robinson,betonlineag,BetOnline.ag,rush_attempts,Rushing attempts,over,18.5,-114,13.0856940676,0.4054054054,0.0,0.5327102804,0.5,0.5093796898,18.5,2,-1273.0487496843,-23.8975817923,Calibration fitted; not prospectively validated,2026-09-20T13:53:20Z,2026-09-20T17:00:00Z,Sun 1:00 PM ET,Atlanta Falcons,Carolina Panthers,5a4f3bf,2026_02_CAR_ATL,16.0,graded,loss,-1.0,0.8771929824561403,0.0,0.16435354272753833,0.25946766838074425,0.5198754592768178,0.7120847493191756,True,-2.9143059323999996,2.9143059323999996,2.5
aee7eae1849ebb103b9bf233e9741392,Carolina Panthers @ Atlanta Falcons,Bijan Robinson,betmgm,BetMGM,rush_yds,Rushing yards,over,82.5,-115,57.8995423578,0.4352331606,0.0,0.5348837209,0.5,0.5,82.5,2,-996.5056030847,-18.6303221446,Calibration fitted; not prospectively validated,2026-09-20T13:52:45Z,2026-09-20T17:00:00Z,Sun 1:00 PM ET,Atlanta Falcons,Carolina Panthers,5a4f3bf,2026_02_CAR_ATL,72.0,graded,loss,-1.0,0.8695652173913043,0.0,0.1894279040858654,0.25,0.5713423066372096,0.6931471805599453,True,-14.100457642199999,14.100457642199999,10.5
aee7eae1849ebb103b9bf233e9741392,Carolina Panthers @ Atlanta Falcons,Brian Robinson,fanduel,FanDuel,rush_yds,Rushing yards,over,25.5,-113,34.3601308842,0.5,0.0,0.5305164319,0.5,0.5082034454,25.5,5,-305.1643192488,-5.7522123894,Calibration fitted; not prospectively validated,2026-09-20T13:52:58Z,2026-09-20T17:00:00Z,Sun 1:00 PM ET,Atlanta Falcons,Carolina Panthers,5a4f3bf,2026_02_CAR_ATL,51.0,graded,win,0.8849557522123894,0.8849557522123894,1.0,0.25,0.24186385111643083,0.6931471805599453,0.6768734285047299,True,-16.639869115800003,16.639869115800003,25.5
aee7eae1849ebb103b9bf233e9741392,Carolina Panthers @ Atlanta Falcons,Bryce Young,draftkings,DraftKings,pass_attempts,Passing attempts,over,31.5,-106,30.5241371341,0.5,0.0,0.5145631068,0.4854288093,0.4898785425,31.5,5,-145.6310679612,-2.8301886792,Calibration fitted; not prospectively validated,2026-09-20T13:52:59Z,2026-09-20T17:00:00Z,Sun 1:00 PM ET,Atlanta Falcons,Carolina Panthers,5a4f3bf,2026_02_CAR_ATL,36.0,graded,win,0.9433962264150944,0.9433962264150944,1.0,0.25,0.26022390140192425,0.6931471805599453,0.7135977910518972,True,-5.475862865900002,5.475862865900002,4.5
aee7eae1849ebb103b9bf233e9741392,Carolina Panthers @ Atlanta Falcons,Bryce Young,fanatics,Fanatics,pass_completions,Passing completions,over,19.5,-115,18.9744636239,0.5,0.0,0.5348837209,0.5,0.5102595309,19.5,4,-348.8372093023,-6.5217391304,Calibration fitted; not prospectively validated,2026-09-20T13:51:54Z,2026-09-20T17:00:00Z,Sun 1:00 PM ET,Atlanta Falcons,Carolina Panthers,5a4f3bf,2026_02_CAR_ATL,23.0,graded,win,0.8695652173913043,0.8695652173913043,1.0,0.25,0.23984572707428808,0.6931471805599453,0.6728357985837305,True,-4.0255363761,4.0255363761,3.5
aee7eae1849ebb103b9bf233e9741392,Carolina Panthers @ Atlanta Falcons,Bryce Young,betrivers,BetRivers,pass_tds,Passing touchdowns,over,1.5,117,2.82,0.5333333333,0.0,0.4608294931,0.4299887902,0.443519189,1.5,7,725.0384024578,15.7333333333,Calibration fitted; not prospectively validated,2026-09-20T13:52:51Z,2026-09-20T17:00:00Z,Sun 1:00 PM ET,Atlanta Falcons,Carolina Panthers,5a4f3bf,2026_02_CAR_ATL,3.0,graded,win,1.17,1.17,1.0,0.2177777778088889,0.30967089301121775,0.6286086594848742,0.8130142109757162,True,-0.18000000000000016,0.18000000000000016,1.5
aee7eae1849ebb103b9bf233e9741392,Carolina Panthers @ Atlanta Falcons,Bryce Young,draftkings,DraftKings,pass_yds,Passing yards,over,221.5,-113,202.1206123227,0.5,0.0,0.5305164319,0.5021058838,0.5010529419,221.5,2,-305.1643192488,-5.7522123894,Calibration fitted; not prospectively validated,2026-09-20T13:52:59Z,2026-09-20T17:00:00Z,Sun 1:00 PM ET,Atlanta Falcons,Carolina Panthers,5a4f3bf,2026_02_CAR_ATL,287.0,graded,win,0.8849557522123894,0.8849557522123894,1.0,0.25,0.24894816678664472,0.6931471805599453,0.691043511025123,True,-84.8793876773,84.8793876773,65.5
aee7eae1849ebb103b9bf233e9741392,Carolina Panthers @ Atlanta Falcons,Bryce Young,fanatics,Fanatics,rush_attempts,Rushing attempts,over,3.5,-105,4.029895461,0.506993007,0.0,0.512195122,0.4796954315,0.4796954315,3.5,1,-52.0211495821,-1.0156510157,Calibration fitted; not prospectively validated,2026-09-20T13:53:03Z,2026-09-20T17:00:00Z,Sun 1:00 PM ET,Atlanta Falcons,Carolina Panthers,5a4f3bf,2026_02_CAR_ATL,1.0,graded,loss,-1.0,0.9523809523809523,0.0,0.2570419091469021,0.2301077070019712,0.7072319204558688,0.6533409302131841,False,3.0298954609999997,3.0298954609999997,2.5
aee7eae1849ebb103b9bf233e9741392,Carolina Panthers @ Atlanta Falcons,Bryce Young,draftkings,DraftKings,rush_yds,Rushing yards,over,14.5,-107,18.3133564705,0.5,0.0,0.5169082126,0.4894599266,0.4898785425,14.5,3,-169.0821256039,-3.2710280374,Calibration fitted; not prospectively validated,2026-09-20T13:52:59Z,2026-09-20T17:00:00Z,Sun 1:00 PM ET,Atlanta Falcons,Carolina Panthers,5a4f3bf,2026_02_CAR_ATL,6.0,graded,loss,-1.0,0.9345794392523364,0.0,0.25,0.2399809864019243,0.6931471805599453,0.673106429656658,False,12.3133564705,12.3133564705,8.5
aee7eae1849ebb103b9bf233e9741392,Carolina Panthers @ Atlanta Falcons,Chuba Hubbard,bovada,Bovada,receptions,Receptions,over,2.5,150,2.3527340071,0.4591194969,0.0,0.4,0.375,0.3831317765,2.5,5,591.1949685535,14.7798742138,Calibration fitted; not prospectively validated,2026-09-20T13:51:35Z,2026-09-20T17:00:00Z,Sun 1:00 PM ET,Atlanta Falcons,Carolina Panthers,5a4f3bf,2026_02_CAR_ATL,2.0,graded,loss,-1.0,1.5,0.0,0.2107907124337091,0.14678995816404597,0.6145569060492819,0.4830998540624289,True,0.3527340071,0.3527340071,0.5
aee7eae1849ebb103b9bf233e9741392,Carolina Panthers @ Atlanta Falcons,Chuba Hubbard,draftkings,DraftKings,recv_yds,Receiving yards,over,12.5,-110,18.0218731642,0.5010141988,0.0,0.5238095238,0.4957877001,0.5,12.5,5,-227.9532502656,-4.3518347778,Calibration fitted; not prospectively validated,2026-09-20T13:52:59Z,2026-09-20T17:00:00Z,Sun 1:00 PM ET,Atlanta Falcons,Carolina Panthers,5a4f3bf,2026_02_CAR_ATL,11.0,graded,loss,-1.0,0.9090909090909091,0.0,0.2510152273992059,0.25,0.6951776381444736,0.6931471805599453,False,7.021873164199999,7.021873164199999,1.5
aee7eae1849ebb103b9bf233e9741392,Carolina Panthers @ Atlanta Falcons,Chuba Hubbard,draftkings,DraftKings,rush_attempts,Rushing attempts,over,13.5,-106,9.1642312101,0.4473684211,0.0,0.5145631068,0.4854288093,0.4968161274,13.5,2,-671.9468574348,-13.0585898709,Calibration fitted; not prospectively validated,2026-09-20T13:52:59Z,2026-09-20T17:00:00Z,Sun 1:00 PM ET,Atlanta Falcons,Carolina Panthers,5a4f3bf,2026_02_CAR_ATL,12.0,graded,loss,-1.0,0.9433962264150944,0.0,0.20013850419750695,0.24682626444473302,0.593063722088677,0.6867996237915434,True,-2.8357687898999995,2.8357687898999995,1.5
aee7eae1849ebb103b9bf233e9741392,Carolina Panthers @ Atlanta Falcons,Chuba Hubbard,draftkings,DraftKings,rush_yds,Rushing yards,over,55.5,-115,38.169301343,0.4352331606,0.0,0.5348837209,0.5063197809,0.5101214575,55.5,3,-996.5056030847,-18.6303221446,Calibration fitted; not prospectively validated,2026-09-20T13:52:59Z,2026-09-20T17:00:00Z,Sun 1:00 PM ET,Atlanta Falcons,Carolina Panthers,5a4f3bf,2026_02_CAR_ATL,53.0,graded,loss,-1.0,0.8695652173913043,0.0,0.1894279040858654,0.26022390140192436,0.5713423066372096,0.7135977910518974,True,-14.830698657,14.830698657,2.5
aee7eae1849ebb103b9bf233e9741392,Carolina Panthers @ Atlanta Falcons,Cooper Rush,betmgm,BetMGM,pass_attempts,Passing attempts,over,29.5,-110,22.7149428984,0.3636363636,0.0,0.5238095238,0.4898785425,0.5102595309,29.5,4,-1601.7316017316,-30.5785123967,Calibration fitted; not prospectively validated,2026-09-20T13:52:45Z,2026-09-20T17:00:00Z,Sun 1:00 PM ET,Atlanta Falcons,Carolina Panthers,5a4f3bf,2026_02_CAR_ATL,17.0,graded,loss,-1.0,0.9090909090909091,0.0,0.1322314049322314,0.26036478887428804,0.4519851236859143,0.7138796830921278,True,5.7149428984,5.7149428984,12.5
aee7eae1849ebb103b9bf233e9741392,Carolina Panthers @ Atlanta Falcons,Cooper Rush,draftkings,DraftKings,pass_completions,Passing completions,over,17.5,-118,12.3899688537,0.4583333333,0.0,0.5412844037,0.5103976044,0.5102580936,17.5,3,-829.5107033639,-15.3248587571,Calibration fitted; not prospectively validated,2026-09-20T13:52:59Z,2026-09-20T17:00:00Z,Sun 1:00 PM ET,Atlanta Falcons,Carolina Panthers,5a4f3bf,2026_02_CAR_ATL,10.0,graded,loss,-1.0,0.847457627118644,0.0,0.21006944441388886,0.26036332208430635,0.6131044728248702,0.7138767482766866,True,2.3899688536999992,2.3899688536999992,7.5
aee7eae1849ebb103b9bf233e9741392,Carolina Panthers @ Atlanta Falcons,Cooper Rush,betrivers,BetRivers,pass_tds,Passing touchdowns,over,0.5,-225,1.06,0.5,0.0,0.6923076923,0.6472184532,0.681391116,0.5,6,-1923.0769230769,-27.7777777778,Calibration fitted; not prospectively validated,2026-09-20T13:52:51Z,2026-09-20T17:00:00Z,Sun 1:00 PM ET,Atlanta Falcons,Carolina Panthers,5a4f3bf,2026_02_CAR_ATL,0.0,graded,loss,-1.0,0.4444444444444444,0.0,0.25,0.4642938529637255,0.6931471805599453,1.14379099740029,False,1.06,1.06,0.5
aee7eae1849ebb103b9bf233e9741392,Carolina Panthers @ Atlanta Falcons,Cooper Rush,betmgm,BetMGM,pass_yds,Passing yards,over,184.5,-115,138.8265997958,0.5,0.0,0.5348837209,0.5,0.5041017227,184.0,2,-348.8372093023,-6.5217391304,Calibration fitted; not prospectively validated,2026-09-20T13:52:45Z,2026-09-20T17:00:00Z,Sun 1:00 PM ET,Atlanta Falcons,Carolina Panthers,5a4f3bf,2026_02_CAR_ATL,86.0,graded,loss,-1.0,0.8695652173913043,0.0,0.25,0.25411854682910767,0.6931471805599453,0.7013844593789469,False,52.82659979580001,52.82659979580001,98.5
aee7eae1849ebb103b9bf233e9741392,Carolina Panthers @ Atlanta Falcons,Cooper Rush,fanduel,FanDuel,rush_yds,Rushing yards,over,0.5,136,9.868878958,0.5647668394,0.0,0.4237288136,0.4002103295,0.4084720121,0.5,3,1410.3802581892,33.2849740933,Calibration fitted; not prospectively validated,2026-09-20T13:52:58Z,2026-09-20T17:00:00Z,Sun 1:00 PM ET,Atlanta Falcons,Carolina Panthers,5a4f3bf,2026_02_CAR_ATL,20.0,graded,win,1.36,1.36,1.0,0.18942790408586535,0.3499053604690225,0.5713423066372096,0.8953318808603485,True,-10.131121042,10.131121042,19.5
aee7eae1849ebb103b9bf233e9741392,Carolina Panthers @ Atlanta Falcons,Darren Waller,draftkings,DraftKings,receptions,Receptions,over,1.5,-191,3.9211319772,0.5789473684,0.0,0.6563573883,0.6203968223,0.6221740477,1.5,3,-774.100198951,-11.7938826123,Calibration fitted; not prospectively validated,2026-09-20T13:52:59Z,2026-09-20T17:00:00Z,Sun 1:00 PM ET,Atlanta Falcons,Carolina Panthers,5a4f3bf,2026_02_CAR_ATL,3.0,graded,win,0.5235602094240838,0.5235602094240838,1.0,0.17728531857728527,0.1427524502314019,0.5465437064044335,0.47453540593174304,True,0.9211319772,0.9211319772,1.5
aee7eae1849ebb103b9bf233e9741392,Carolina Panthers @ Atlanta Falcons,Darren Waller,draftkings,DraftKings,recv_yds,Receiving yards,over,17.5,-108,43.7004453859,0.5014367816,0.0,0.5192307692,0.4915711396,0.490724841,17.5,4,-177.9398762157,-3.4269902086,Calibration fitted; not prospectively validated,2026-09-20T13:52:59Z,2026-09-20T17:00:00Z,Sun 1:00 PM ET,Atlanta Falcons,Carolina Panthers,5a4f3bf,2026_02_CAR_ATL,33.0,graded,win,0.9259259259259259,0.9259259259259259,1.0,0.24856528274136605,0.25936118757447524,0.6902777381503304,0.7118717135686702,True,10.700445385899997,10.700445385899997,15.5
aee7eae1849ebb103b9bf233e9741392,Carolina Panthers @ Atlanta Falcons,Drake London,draftkings,DraftKings,receptions,Receptions,over,4.5,-121,3.1679946513,0.4524271845,0.0,0.5475113122,0.5166631952,0.5256105556,4.5,5,-950.8412775118,-17.3666051512,Calibration fitted; not prospectively validated,2026-09-20T13:52:59Z,2026-09-20T17:00:00Z,Sun 1:00 PM ET,Atlanta Falcons,Carolina Panthers,5a4f3bf,2026_02_CAR_ATL,4.0,graded,loss,-1.0,0.8264462809917356,0.0,0.20469035727459706,0.2762664561581407,0.6022598297876794,0.7457266819677508,True,-0.8320053487000001,0.8320053487000001,0.5
aee7eae1849ebb103b9bf233e9741392,Carolina Panthers @ Atlanta Falcons,Drake London,draftkings,DraftKings,recv_yds,Receiving yards,over,57.5,-111,42.1247507482,0.4985632184,0.0,0.5260663507,0.4978941162,0.5,57.0,3,-275.031323201,-5.2280729005,Calibration fitted; not prospectively validated,2026-09-20T13:52:59Z,2026-09-20T17:00:00Z,Sun 1:00 PM ET,Atlanta Falcons,Carolina Panthers,5a4f3bf,2026_02_CAR_ATL,51.0,graded,loss,-1.0,0.9009009009009009,0.0,0.2485652827413661,0.25,0.6902777381503304,0.6931471805599453,True,-8.8752492518,8.8752492518,6.5
aee7eae1849ebb103b9bf233e9741392,Carolina Panthers @ Atlanta Falcons,Jahan Dotson,betmgm,BetMGM,receptions,Receptions,over,1.5,-125,1.7924300104,0.5420560748,0.0,0.5555555556,0.5203045685,0.5407914021,1.5,5,-134.994807892,-2.4299065421,Calibration fitted; not prospectively validated,2026-09-20T13:52:45Z,2026-09-20T17:00:00Z,Sun 1:00 PM ET,Atlanta Falcons,Carolina Panthers,5a4f3bf,2026_02_CAR_ATL,2.0,graded,win,0.8,0.8,1.0,0.20971263862758324,0.2108725363852839,0.612385823853418,0.6147216528634928,True,-0.20756998960000006,0.20756998960000006,0.5
aee7eae1849ebb103b9bf233e9741392,Carolina Panthers @ Atlanta Falcons,Jahan Dotson,fanduel,FanDuel,recv_yds,Receiving yards,over,17.5,-113,26.0283632253,0.5010141988,0.0,0.5305164319,0.5,0.5025798729,17.5,2,-295.0223314192,-5.5610404064,Calibration fitted; not prospectively validated,2026-09-20T13:52:58Z,2026-09-20T17:00:00Z,Sun 1:00 PM ET,Atlanta Falcons,Carolina Panthers,5a4f3bf,2026_02_CAR_ATL,11.0,graded,loss,-1.0,0.8849557522123894,0.0,0.2510152273992059,0.2525865286441801,0.6951776381444736,0.6983202838154999,False,15.028363225300001,15.028363225300001,6.5
aee7eae1849ebb103b9bf233e9741392,Carolina Panthers @ Atlanta Falcons,Jalen Coker,betmgm,BetMGM,receptions,Receptions,over,4.5,105,4.4871760294,0.5,0.0,0.487804878,0.4554079696,0.4808467742,4.5,5,121.9512195122,2.5,Calibration fitted; not prospectively validated,2026-09-20T13:52:45Z,2026-09-20T17:00:00Z,Sun 1:00 PM ET,Atlanta Falcons,Carolina Panthers,5a4f3bf,2026_02_CAR_ATL,8.0,graded,win,1.05,1.05,1.0,0.25,0.2695200718585458,0.6931471805599453,0.7322066163831144,True,-3.5128239706000004,3.5128239706000004,3.5
aee7eae1849ebb103b9bf233e9741392,Carolina Panthers @ Atlanta Falcons,Jalen Coker,fanduel,FanDuel,recv_yds,Receiving yards,over,50.5,-113,59.4839286762,0.5,0.0,0.5305164319,0.5,0.5050233081,50.0,3,-305.1643192488,-5.7522123894,Calibration fitted; not prospectively validated,2026-09-20T13:52:58Z,2026-09-20T17:00:00Z,Sun 1:00 PM ET,Atlanta Falcons,Carolina Panthers,5a4f3bf,2026_02_CAR_ATL,66.0,graded,win,0.8849557522123894,0.8849557522123894,1.0,0.25,0.24500192552426756,0.6931471805599453,0.6831506961184052,True,-6.5160713237999985,6.5160713237999985,15.5
aee7eae1849ebb103b9bf233e9741392,Carolina Panthers @ Atlanta Falcons,Jonathon Brooks,draftkings,DraftKings,receptions,Receptions,over,1.5,163,0.9601777031,0.4524271845,0.0,0.3802281369,0.359503653,0.3675598767,1.5,5,721.9904758389,18.9883495146,Calibration fitted; not prospectively validated,2026-09-20T13:52:59Z,2026-09-20T17:00:00Z,Sun 1:00 PM ET,Atlanta Falcons,Carolina Panthers,5a4f3bf,2026_02_CAR_ATL,1.0,graded,loss,-1.0,1.63,0.0,0.20469035727459706,0.13510026295971922,0.6022598297876794,0.45816972958100605,True,-0.039822296900000054,0.039822296900000054,0.5
aee7eae1849ebb103b9bf233e9741392,Carolina Panthers @ Atlanta Falcons,Jonathon Brooks,fanduel,FanDuel,recv_yds,Receiving yards,over,8.5,-113,14.3914585597,0.5010141988,0.0,0.5305164319,0.5,0.50210615,8.5,4,-295.0223314192,-5.5610404064,Calibration fitted; not prospectively validated,2026-09-20T13:52:58Z,2026-09-20T17:00:00Z,Sun 1:00 PM ET,Atlanta Falcons,Carolina Panthers,5a4f3bf,2026_02_CAR_ATL,-5.0,graded,loss,-1.0,0.8849557522123894,0.0,0.2510152273992059,0.25211058586782253,0.6951776381444736,0.6973683772881722,False,19.3914585597,19.3914585597,13.5
aee7eae1849ebb103b9bf233e9741392,Carolina Panthers @ Atlanta Falcons,Jonathon Brooks,betonlineag,BetOnline.ag,rush_attempts,Rushing attempts,over,6.5,-105,5.9253394668,0.5,0.0,0.512195122,0.4814929056,0.4824148552,6.5,2,-121.9512195122,-2.380952381,Calibration fitted; not prospectively validated,2026-09-20T13:53:20Z,2026-09-20T17:00:00Z,Sun 1:00 PM ET,Atlanta Falcons,Carolina Panthers,5a4f3bf,2026_02_CAR_ATL,5.0,graded,loss,-1.0,0.9523809523809523,0.0,0.25,0.23272409251763695,0.6931471805599453,0.6585812363618632,False,0.9253394667999997,0.9253394667999997,1.5
aee7eae1849ebb103b9bf233e9741392,Carolina Panthers @ Atlanta Falcons,Jonathon Brooks,betrivers,BetRivers,rush_yds,Rushing yards,over,21.5,-110,22.206288822,0.5,0.0,0.5238095238,0.4889380531,0.5,22.0,3,-238.0952380952,-4.5454545455,Calibration fitted; not prospectively validated,2026-09-20T13:52:51Z,2026-09-20T17:00:00Z,Sun 1:00 PM ET,Atlanta Falcons,Carolina Panthers,5a4f3bf,2026_02_CAR_ATL,16.0,graded,loss,-1.0,0.9090909090909091,0.0,0.25,0.25,0.6931471805599453,0.6931471805599453,False,6.206288822000001,6.206288822000001,5.5
aee7eae1849ebb103b9bf233e9741392,Carolina Panthers @ Atlanta Falcons,Kyle Pitts,betrivers,BetRivers,receptions,Receptions,over,3.5,114,2.1116918794,0.4210526316,0.0,0.4672897196,,0.4592085979,3.5,5,-462.3708804722,-9.8947368421,Calibration fitted; not prospectively validated,2026-09-20T13:52:51Z,2026-09-20T17:00:00Z,Sun 1:00 PM ET,Atlanta Falcons,Carolina Panthers,5a4f3bf,2026_02_CAR_ATL,1.0,graded,loss,-1.0,1.14,0.0,0.17728531857728533,0.2108725363852839,0.5465437064044336,0.6147216528634928,True,1.1116918794,1.1116918794,2.5
aee7eae1849ebb103b9bf233e9741392,Carolina Panthers @ Atlanta Falcons,Kyle Pitts,draftkings,DraftKings,recv_yds,Receiving yards,over,31.5,-112,24.9878802745,0.4989858012,0.0,0.5283018868,0.5,0.5,31.5,4,-293.1608557541,-5.5491161982,Calibration fitted; not prospectively validated,2026-09-20T13:52:59Z,2026-09-20T17:00:00Z,Sun 1:00 PM ET,Atlanta Falcons,Carolina Panthers,5a4f3bf,2026_02_CAR_ATL,15.0,graded,loss,-1.0,0.8928571428571429,0.0,0.24898682979920594,0.25,0.6911208373807048,0.6931471805599453,True,9.9878802745,9.9878802745,16.5
aee7eae1849ebb103b9bf233e9741392,Carolina Panthers @ Atlanta Falcons,Olamide Zaccheaus,bovada,Bovada,receptions,Receptions,over,1.5,130,3.1822655561,0.5475728155,0.0,0.4347826087,0.4084720121,0.4255929117,1.5,4,1127.9020683833,25.9417475728,Calibration fitted; not prospectively validated,2026-09-20T13:51:35Z,2026-09-20T17:00:00Z,Sun 1:00 PM ET,Atlanta Falcons,Carolina Panthers,5a4f3bf,2026_02_CAR_ATL,1.0,graded,loss,-1.0,1.3,0.0,0.29983598827459707,0.181129326489284,0.7931284470229284,0.554416920969111,False,2.1822655561,2.1822655561,0.5
aee7eae1849ebb103b9bf233e9741392,Carolina Panthers @ Atlanta Falcons,Olamide Zaccheaus,fanduel,FanDuel,recv_yds,Receiving yards,over,8.5,-113,33.5983050559,0.5163043478,0.0,0.5305164319,0.5,0.5051597457,8.5,5,-142.120840988,-2.6789149673,Calibration fitted; not prospectively validated,2026-09-20T13:52:58Z,2026-09-20T17:00:00Z,Sun 1:00 PM ET,Atlanta Falcons,Carolina Panthers,5a4f3bf,2026_02_CAR_ATL,3.0,graded,loss,-1.0,0.8849557522123894,0.0,0.2665701795571834,0.25518636867568867,0.7262993878229133,0.7035202870841543,False,30.5983050559,30.5983050559,5.5
aee7eae1849ebb103b9bf233e9741392,Carolina Panthers @ Atlanta Falcons,Tetairoa McMillan,betonlineag,BetOnline.ag,receptions,Receptions,over,4.5,-102,3.440309125,0.4524271845,0.0,0.504950495,0.4743894444,0.4928711097,4.5,5,-525.2331058349,-10.4016752332,Calibration fitted; not prospectively validated,2026-09-20T13:53:20Z,2026-09-20T17:00:00Z,Sun 1:00 PM ET,Atlanta Falcons,Carolina Panthers,5a4f3bf,2026_02_CAR_ATL,5.0,graded,win,0.9803921568627451,0.9803921568627451,1.0,0.29983598827459695,0.2571797113769094,0.7931284470229283,0.7075075798918341,False,-1.5596908749999998,1.5596908749999998,0.5
aee7eae1849ebb103b9bf233e9741392,Carolina Panthers @ Atlanta Falcons,Tetairoa McMillan,betonlineag,BetOnline.ag,recv_yds,Receiving yards,over,58.5,-112,45.9830253127,0.4989858012,0.0,0.5283018868,0.4969046636,0.5,58.5,5,-293.1608557541,-5.5491161982,Calibration fitted; not prospectively validated,2026-09-20T13:53:20Z,2026-09-20T17:00:00Z,Sun 1:00 PM ET,Atlanta Falcons,Carolina Panthers,5a4f3bf,2026_02_CAR_ATL,101.0,graded,win,0.8928571428571429,0.8928571428571429,1.0,0.2510152273992059,0.25,0.6951776381444736,0.6931471805599453,False,-55.0169746873,55.0169746873,42.5
aee7eae1849ebb103b9bf233e9741392,Carolina Panthers @ Atlanta Falcons,Tommy Tremble,draftkings,DraftKings,receptions,Receptions,over,1.5,-111,1.8380129839,0.5475728155,0.0,0.5260663507,0.4968624498,0.5306122449,1.5,5,215.0646482308,4.0881658357,Calibration fitted; not prospectively validated,2026-09-20T13:52:59Z,2026-09-20T17:00:00Z,Sun 1:00 PM ET,Atlanta Falcons,Carolina Panthers,5a4f3bf,2026_02_CAR_ATL,1.0,graded,loss,-1.0,0.9009009009009009,0.0,0.29983598827459707,0.2815493544378176,0.7931284470229284,0.7563260821858248,False,0.8380129838999999,0.8380129838999999,0.5
aee7eae1849ebb103b9bf233e9741392,Carolina Panthers @ Atlanta Falcons,Tommy Tremble,fanduel,FanDuel,recv_yds,Receiving yards,over,13.5,-113,16.3124258106,0.5,0.0,0.5305164319,0.5,0.509275159,13.5,4,-305.1643192488,-5.7522123894,Calibration fitted; not prospectively validated,2026-09-20T13:52:58Z,2026-09-20T17:00:00Z,Sun 1:00 PM ET,Atlanta Falcons,Carolina Panthers,5a4f3bf,2026_02_CAR_ATL,4.0,graded,loss,-1.0,0.8849557522123894,0.0,0.25,0.25936118757447524,0.6931471805599453,0.7118717135686702,False,12.3124258106,12.3124258106,9.5
aee7eae1849ebb103b9bf233e9741392,Carolina Panthers @ Atlanta Falcons,Xavier Legette,betonlineag,BetOnline.ag,receptions,Receptions,over,1.5,100,1.9194897145,0.5475728155,0.0,0.5,0.4693877551,0.4870202691,1.5,4,475.7281553398,9.5145631068,Calibration fitted; not prospectively validated,2026-09-20T13:53:20Z,2026-09-20T17:00:00Z,Sun 1:00 PM ET,Atlanta Falcons,Carolina Panthers,5a4f3bf,2026_02_CAR_ATL,2.0,graded,win,1.0,1.0,1.0,0.204690357274597,0.26314820431423636,0.6022598297876792,0.719449536437107,True,-0.08051028549999995,0.08051028549999995,0.5
aee7eae1849ebb103b9bf233e9741392,Carolina Panthers @ Atlanta Falcons,Xavier Legette,draftkings,DraftKings,recv_yds,Receiving yards,over,15.5,-114,21.2711652654,0.5010141988,0.0,0.5327102804,0.5042122999,0.50210615,15.5,2,-316.9608159087,-5.9499661934,Calibration fitted; not prospectively validated,2026-09-20T13:52:59Z,2026-09-20T17:00:00Z,Sun 1:00 PM ET,Atlanta Falcons,Carolina Panthers,5a4f3bf,2026_02_CAR_ATL,64.0,graded,win,0.8771929824561403,0.8771929824561403,1.0,0.24898682979920594,0.24789828586782248,0.6911208373807048,0.6889437274604256,True,-42.7288347346,42.7288347346,48.5
fafc649c455e32a0f2ba1bd06e2039bc,Philadelphia Eagles @ Tennessee Titans,Calvin Ridley,draftkings,DraftKings,receptions,Receptions,over,1.5,-121,3.6905658605,0.5789473684,0.0,0.5475113122,0.5166631952,0.5203045685,1.5,5,314.3605620386,5.7416267943,Calibration fitted; not prospectively validated,2026-09-20T13:52:24Z,2026-09-20T17:00:00Z,Sun 1:00 PM ET,Tennessee Titans,Philadelphia Eagles,5a4f3bf,2026_02_PHI_TEN,2.0,graded,win,0.8264462809917356,0.8264462809917356,1.0,0.17728531857728527,0.23010770700197122,0.5465437064044335,0.6533409302131843,True,1.6905658605,1.6905658605,0.5
fafc649c455e32a0f2ba1bd06e2039bc,Philadelphia Eagles @ Tennessee Titans,Calvin Ridley,draftkings,DraftKings,recv_yds,Receiving yards,over,16.5,-116,53.5734090329,0.5163043478,0.0,0.537037037,0.5084288604,0.5101214575,17.0,3,-207.3268921095,-3.8605697151,Calibration fitted; not prospectively validated,2026-09-20T13:52:24Z,2026-09-20T17:00:00Z,Sun 1:00 PM ET,Tennessee Titans,Philadelphia Eagles,5a4f3bf,2026_02_PHI_TEN,35.0,graded,win,0.8620689655172413,0.8620689655172413,1.0,0.23396148395718336,0.23998098640192428,0.6610588660589711,0.6731064296566579,True,18.573409032900003,18.573409032900003,18.5
fafc649c455e32a0f2ba1bd06e2039bc,Philadelphia Eagles @ Tennessee Titans,Cam Ward,fanatics,Fanatics,pass_attempts,Passing attempts,over,32.5,-105,29.2508578503,0.4375,0.0,0.512195122,0.4796954315,0.4896023956,32.5,5,-746.9512195122,-14.5833333333,Calibration fitted; not prospectively validated,2026-09-20T13:53:02Z,2026-09-20T17:00:00Z,Sun 1:00 PM ET,Tennessee Titans,Philadelphia Eagles,5a4f3bf,2026_02_PHI_TEN,20.0,graded,loss,-1.0,0.9523809523809523,0.0,0.19140625,0.23971050577725891,0.5753641449035618,0.6725652405362395,True,9.250857850300001,9.250857850300001,12.5
fafc649c455e32a0f2ba1bd06e2039bc,Philadelphia Eagles @ Tennessee Titans,Cam Ward,draftkings,DraftKings,pass_completions,Passing completions,over,18.5,-121,17.3676968486,0.5,0.0,0.5475113122,0.5166631952,0.5185070944,18.5,3,-475.1131221719,-8.6776859504,Calibration fitted; not prospectively validated,2026-09-20T13:52:24Z,2026-09-20T17:00:00Z,Sun 1:00 PM ET,Tennessee Titans,Philadelphia Eagles,5a4f3bf,2026_02_PHI_TEN,13.0,graded,loss,-1.0,0.8264462809917356,0.0,0.25,0.2688496069431305,0.6931471805599453,0.7308637818088889,False,4.367696848600001,4.367696848600001,5.5
fafc649c455e32a0f2ba1bd06e2039bc,Philadelphia Eagles @ Tennessee Titans,Cam Ward,betrivers,BetRivers,pass_tds,Passing touchdowns,over,0.5,-175,1.06,0.5,0.0,0.6363636364,0.5919881306,0.6234096692,0.5,7,-1363.6363636364,-21.4285714286,Calibration fitted; not prospectively validated,2026-09-20T13:52:50Z,2026-09-20T17:00:00Z,Sun 1:00 PM ET,Tennessee Titans,Philadelphia Eagles,5a4f3bf,2026_02_PHI_TEN,0.0,graded,loss,-1.0,0.5714285714285714,0.0,0.25,0.3886396156520534,0.6931471805599453,0.9765973380754164,False,1.06,1.06,0.5
fafc649c455e32a0f2ba1bd06e2039bc,Philadelphia Eagles @ Tennessee Titans,Cam Ward,draftkings,DraftKings,pass_yds,Passing yards,over,187.5,-111,185.6417638664,0.5,0.0,0.5260663507,0.4978941162,0.5,186.5,3,-260.663507109,-4.954954955,Calibration fitted; not prospectively validated,2026-09-20T13:52:24Z,2026-09-20T17:00:00Z,Sun 1:00 PM ET,Tennessee Titans,Philadelphia Eagles,5a4f3bf,2026_02_PHI_TEN,183.0,graded,loss,-1.0,0.9009009009009009,0.0,0.25,0.25,0.6931471805599453,0.6931471805599453,False,2.641763866399998,2.641763866399998,4.5
fafc649c455e32a0f2ba1bd06e2039bc,Philadelphia Eagles @ Tennessee Titans,Cam Ward,fanduel,FanDuel,rush_yds,Rushing yards,over,11.5,-113,27.0498533972,0.5647668394,0.0,0.5305164319,0.5,0.5015067502,11.5,6,342.5040745336,6.4560502545,Calibration fitted; not prospectively validated,2026-09-20T13:53:05Z,2026-09-20T17:00:00Z,Sun 1:00 PM ET,Tennessee Titans,Philadelphia Eagles,5a4f3bf,2026_02_PHI_TEN,7.0,graded,loss,-1.0,0.8849557522123894,0.0,0.31896158288586546,0.2515090204961652,0.831873390111572,0.6961652306949938,False,20.0498533972,20.0498533972,4.5
fafc649c455e32a0f2ba1bd06e2039bc,Philadelphia Eagles @ Tennessee Titans,Carnell Tate,betmgm,BetMGM,receptions,Receptions,over,3.5,-115,3.1025289863,0.4579439252,0.0,0.5348837209,0.5,0.5282858533,3.5,6,-769.3979569659,-14.3843965868,Calibration fitted; not prospectively validated,2026-09-20T13:52:32Z,2026-09-20T17:00:00Z,Sun 1:00 PM ET,Tennessee Titans,Philadelphia Eagles,5a4f3bf,2026_02_PHI_TEN,3.0,graded,loss,-1.0,0.8695652173913043,0.0,0.2097126386275832,0.2790859427969091,0.6123858238534178,0.7513820982576022,True,0.10252898629999985,0.10252898629999985,0.5
fafc649c455e32a0f2ba1bd06e2039bc,Philadelphia Eagles @ Tennessee Titans,Carnell Tate,betonlineag,BetOnline.ag,recv_yds,Receiving yards,over,41.5,-112,38.4008673665,0.5,0.0,0.5283018868,0.4969046636,0.4984523318,41.5,2,-283.0188679245,-5.3571428571,Calibration fitted; not prospectively validated,2026-09-20T13:53:08Z,2026-09-20T17:00:00Z,Sun 1:00 PM ET,Tennessee Titans,Philadelphia Eagles,5a4f3bf,2026_02_PHI_TEN,27.0,graded,loss,-1.0,0.8928571428571429,0.0,0.25,0.24845472707685728,0.6931471805599453,0.6900566248509692,False,11.400867366500002,11.400867366500002,14.5
fafc649c455e32a0f2ba1bd06e2039bc,Philadelphia Eagles @ Tennessee Titans,Dallas Goedert,fanduel,FanDuel,receptions,Receptions,over,3.5,-125,3.7208934599,0.5408805031,0.0,0.5555555556,0.5191532258,0.5306122449,3.5,5,-146.750524109,-2.641509434,Calibration fitted; not prospectively validated,2026-09-20T13:53:05Z,2026-09-20T17:00:00Z,Sun 1:00 PM ET,Tennessee Titans,Philadelphia Eagles,5a4f3bf,2026_02_PHI_TEN,1.0,graded,loss,-1.0,0.8,0.0,0.29255171863370916,0.2815493544378176,0.7784447609745802,0.7563260821858248,False,2.7208934599,2.7208934599,2.5
fafc649c455e32a0f2ba1bd06e2039bc,Philadelphia Eagles @ Tennessee Titans,Dallas Goedert,betmgm,BetMGM,recv_yds,Receiving yards,over,39.5,-111,45.6268670934,0.5,0.0,0.5260663507,0.4928711097,0.5,39.0,3,-260.663507109,-4.954954955,Calibration fitted; not prospectively validated,2026-09-20T13:52:32Z,2026-09-20T17:00:00Z,Sun 1:00 PM ET,Tennessee Titans,Philadelphia Eagles,5a4f3bf,2026_02_PHI_TEN,4.0,graded,loss,-1.0,0.9009009009009009,0.0,0.25,0.25,0.6931471805599453,0.6931471805599453,False,41.6268670934,41.6268670934,35.5
fafc649c455e32a0f2ba1bd06e2039bc,Philadelphia Eagles @ Tennessee Titans,DeVonta Smith,fanduel,FanDuel,receptions,Receptions,over,4.5,-136,2.9083406182,0.4210526316,0.0,0.5762711864,0.5379072682,0.5447441531,4.5,4,-1552.1855486173,-26.9349845201,Calibration fitted; not prospectively validated,2026-09-20T13:53:05Z,2026-09-20T17:00:00Z,Sun 1:00 PM ET,Tennessee Titans,Philadelphia Eagles,5a4f3bf,2026_02_PHI_TEN,10.0,graded,win,0.7352941176470589,0.7352941176470589,1.0,0.33518005537728524,0.20725788613663623,0.8649974374366045,0.6074390383953667,False,-7.0916593817999996,7.0916593817999996,5.5
fafc649c455e32a0f2ba1bd06e2039bc,Philadelphia Eagles @ Tennessee Titans,DeVonta Smith,draftkings,DraftKings,recv_yds,Receiving yards,over,59.5,-111,38.6908944817,0.4836956522,0.0,0.5260663507,0.4978941162,0.5,60.0,3,-423.7069853699,-8.0542499021,Calibration fitted; not prospectively validated,2026-09-20T13:52:24Z,2026-09-20T17:00:00Z,Sun 1:00 PM ET,Tennessee Titans,Philadelphia Eagles,5a4f3bf,2026_02_PHI_TEN,117.0,graded,win,0.9009009009009009,0.9009009009009009,1.0,0.2665701795571834,0.25,0.7262993878229133,0.6931471805599453,False,-78.3091055183,78.3091055183,57.5
fafc649c455e32a0f2ba1bd06e2039bc,Philadelphia Eagles @ Tennessee Titans,Dontayvion Wicks,fanduel,FanDuel,receptions,Receptions,over,2.5,-118,1.9443045082,0.4524271845,0.0,0.5412844037,0.5060689432,0.5203045685,2.5,5,-888.5721920371,-16.4159947342,Calibration fitted; not prospectively validated,2026-09-20T13:53:05Z,2026-09-20T17:00:00Z,Sun 1:00 PM ET,Tennessee Titans,Philadelphia Eagles,5a4f3bf,2026_02_PHI_TEN,5.0,graded,win,0.847457627118644,0.847457627118644,1.0,0.29983598827459695,0.23010770700197122,0.7931284470229283,0.6533409302131843,False,-3.0556954918,3.0556954918,2.5
fafc649c455e32a0f2ba1bd06e2039bc,Philadelphia Eagles @ Tennessee Titans,Dontayvion Wicks,draftkings,DraftKings,recv_yds,Receiving yards,over,30.5,-110,32.0819976991,0.5,0.0,0.5238095238,0.4957877001,0.49789385,30.5,4,-238.0952380952,-4.5454545455,Calibration fitted; not prospectively validated,2026-09-20T13:52:24Z,2026-09-20T17:00:00Z,Sun 1:00 PM ET,Tennessee Titans,Philadelphia Eagles,5a4f3bf,2026_02_PHI_TEN,74.0,graded,win,0.9090909090909091,0.9090909090909091,1.0,0.25,0.2521105858678224,0.6931471805599453,0.6973683772881721,True,-41.9180023009,41.9180023009,43.5
fafc649c455e32a0f2ba1bd06e2039bc,Philadelphia Eagles @ Tennessee Titans,Gunnar Helm,fanduel,FanDuel,receptions,Receptions,over,3.5,148,2.9180311884,0.4524271845,0.0,0.4032258065,0.3768844221,0.4091280257,3.5,4,492.0137801441,12.2019417476,Calibration fitted; not prospectively validated,2026-09-20T13:53:05Z,2026-09-20T17:00:00Z,Sun 1:00 PM ET,Tennessee Titans,Philadelphia Eagles,5a4f3bf,2026_02_PHI_TEN,2.0,graded,loss,-1.0,1.48,0.0,0.20469035727459706,0.16738574141317986,0.6022598297876794,0.5261559105926579,True,0.9180311884000001,0.9180311884000001,1.5
fafc649c455e32a0f2ba1bd06e2039bc,Philadelphia Eagles @ Tennessee Titans,Gunnar Helm,fanduel,FanDuel,recv_yds,Receiving yards,over,22.5,-113,27.6780056648,0.5,0.0,0.5305164319,0.5,0.5015476682,22.5,6,-305.1643192488,-5.7522123894,Calibration fitted; not prospectively validated,2026-09-20T13:53:05Z,2026-09-20T17:00:00Z,Sun 1:00 PM ET,Tennessee Titans,Philadelphia Eagles,5a4f3bf,2026_02_PHI_TEN,13.0,graded,loss,-1.0,0.8849557522123894,0.0,0.25,0.25155006347685727,0.6931471805599453,0.6962473174222498,False,14.6780056648,14.6780056648,9.5
fafc649c455e32a0f2ba1bd06e2039bc,Philadelphia Eagles @ Tennessee Titans,Jalen Hurts,betonlineag,BetOnline.ag,pass_attempts,Passing attempts,over,27.5,-114,26.6563476008,0.5,0.0,0.5327102804,0.5,0.5101214575,27.5,3,-327.1028037383,-6.1403508772,Calibration fitted; not prospectively validated,2026-09-20T13:53:08Z,2026-09-20T17:00:00Z,Sun 1:00 PM ET,Tennessee Titans,Philadelphia Eagles,5a4f3bf,2026_02_PHI_TEN,37.0,graded,win,0.8771929824561403,0.8771929824561403,1.0,0.25,0.23998098640192428,0.6931471805599453,0.6731064296566579,True,-10.3436523992,10.3436523992,9.5
fafc649c455e32a0f2ba1bd06e2039bc,Philadelphia Eagles @ Tennessee Titans,Jalen Hurts,bovada,Bovada,pass_completions,Passing completions,over,18.5,105,14.9275546565,0.4583333333,0.0,0.487804878,0.4592085979,0.4693877551,18.5,5,-294.7154471545,-6.0416666667,Calibration fitted; not prospectively validated,2026-09-20T13:51:39Z,2026-09-20T17:00:00Z,Sun 1:00 PM ET,Tennessee Titans,Philadelphia Eagles,5a4f3bf,2026_02_PHI_TEN,26.0,graded,win,1.05,1.05,1.0,0.29340277781388896,0.2815493544378175,0.7801585576223024,0.7563260821858246,False,-11.0724453435,11.0724453435,7.5
fafc649c455e32a0f2ba1bd06e2039bc,Philadelphia Eagles @ Tennessee Titans,Jalen Hurts,betmgm,BetMGM,pass_tds,Passing touchdowns,over,1.5,140,2.82,0.5333333333,0.0,0.4166666667,0.3887399464,0.3990011661,1.5,6,1166.6666666667,28.0,Calibration fitted; not prospectively validated,2026-09-20T13:52:32Z,2026-09-20T17:00:00Z,Sun 1:00 PM ET,Tennessee Titans,Philadelphia Eagles,5a4f3bf,2026_02_PHI_TEN,2.0,graded,win,1.4,1.4,1.0,0.2177777778088889,0.36119959834915977,0.6286086594848742,0.9187909395401532,True,0.8199999999999998,0.8199999999999998,0.5
fafc649c455e32a0f2ba1bd06e2039bc,Philadelphia Eagles @ Tennessee Titans,Jalen Hurts,draftkings,DraftKings,pass_yds,Passing yards,over,205.5,-113,166.204708551,0.5,0.0,0.5305164319,0.5021058838,0.5010529419,205.5,4,-305.1643192488,-5.7522123894,Calibration fitted; not prospectively validated,2026-09-20T13:52:24Z,2026-09-20T17:00:00Z,Sun 1:00 PM ET,Tennessee Titans,Philadelphia Eagles,5a4f3bf,2026_02_PHI_TEN,264.0,graded,win,0.8849557522123894,0.8849557522123894,1.0,0.25,0.24894816678664472,0.6931471805599453,0.691043511025123,True,-97.79529144899999,97.79529144899999,58.5
fafc649c455e32a0f2ba1bd06e2039bc,Philadelphia Eagles @ Tennessee Titans,Jalen Hurts,betonlineag,BetOnline.ag,rush_attempts,Rushing attempts,over,7.5,-103,8.1686232468,0.506993007,0.0,0.5073891626,0.4773429454,0.4792917829,7.5,2,-3.9615556857,-0.0780772625,Calibration fitted; not prospectively validated,2026-09-20T13:53:08Z,2026-09-20T17:00:00Z,Sun 1:00 PM ET,Tennessee Titans,Philadelphia Eagles,5a4f3bf,2026_02_PHI_TEN,5.0,graded,loss,-1.0,0.970873786407767,0.0,0.2570419091469021,0.22972061315546075,0.7072319204558688,0.6525654380658973,False,3.1686232467999993,3.1686232467999993,2.5
fafc649c455e32a0f2ba1bd06e2039bc,Philadelphia Eagles @ Tennessee Titans,Jalen Hurts,fanatics,Fanatics,rush_yds,Rushing yards,over,30.5,-110,38.0939837242,0.5,0.0,0.5238095238,0.4898785425,0.4933916031,30.5,2,-238.0952380952,-4.5454545455,Calibration fitted; not prospectively validated,2026-09-20T13:53:02Z,2026-09-20T17:00:00Z,Sun 1:00 PM ET,Tennessee Titans,Philadelphia Eagles,5a4f3bf,2026_02_PHI_TEN,16.0,graded,loss,-1.0,0.9090909090909091,0.0,0.25,0.24343527400958795,0.6931471805599453,0.6800169665420566,False,22.0939837242,22.0939837242,14.5
fafc649c455e32a0f2ba1bd06e2039bc,Philadelphia Eagles @ Tennessee Titans,Makai Lemon,betrivers,BetRivers,receptions,Receptions,over,2.5,-109,2.9992890001,0.5420560748,0.0,0.5215311005,,0.5187593797,2.5,5,205.2497428789,3.9355225928,Calibration fitted; not prospectively validated,2026-09-20T13:52:50Z,2026-09-20T17:00:00Z,Sun 1:00 PM ET,Tennessee Titans,Philadelphia Eagles,5a4f3bf,2026_02_PHI_TEN,1.0,graded,loss,-1.0,0.9174311926605505,0.0,0.2938247882275831,0.26911129402672873,0.7810085364247489,0.7313878838557953,False,1.9992890001,1.9992890001,1.5
fafc649c455e32a0f2ba1bd06e2039bc,Philadelphia Eagles @ Tennessee Titans,Makai Lemon,draftkings,DraftKings,recv_yds,Receiving yards,over,24.5,-109,28.465499743,0.5,0.0,0.5215311005,0.4936802191,0.4936802191,25.0,3,-215.3110047847,-4.128440367,Calibration fitted; not prospectively validated,2026-09-20T13:52:24Z,2026-09-20T17:00:00Z,Sun 1:00 PM ET,Tennessee Titans,Philadelphia Eagles,5a4f3bf,2026_02_PHI_TEN,14.0,graded,loss,-1.0,0.9174311926605505,0.0,0.25,0.243720158730624,0.6931471805599453,0.68058683124547,False,14.465499742999999,14.465499742999999,10.5
fafc649c455e32a0f2ba1bd06e2039bc,Philadelphia Eagles @ Tennessee Titans,Saquon Barkley,betrivers,BetRivers,receptions,Receptions,over,1.5,-162,1.391868194,0.4591194969,0.0,0.6183206107,,0.6041952798,1.5,4,-1592.0111383168,-25.747340632,Calibration fitted; not prospectively validated,2026-09-20T13:52:50Z,2026-09-20T17:00:00Z,Sun 1:00 PM ET,Tennessee Titans,Philadelphia Eagles,5a4f3bf,2026_02_PHI_TEN,1.0,graded,loss,-1.0,0.6172839506172839,0.0,0.2107907124337091,0.3650519361326003,0.6145569060492819,0.9268343201647219,True,0.39186819399999995,0.39186819399999995,0.5
fafc649c455e32a0f2ba1bd06e2039bc,Philadelphia Eagles @ Tennessee Titans,Saquon Barkley,fanduel,FanDuel,recv_yds,Receiving yards,over,10.5,-113,8.0929243447,0.4989858012,0.0,0.5305164319,0.5,0.5101214575,10.5,5,-315.3063070784,-5.9433843724,Calibration fitted; not prospectively validated,2026-09-20T13:53:05Z,2026-09-20T17:00:00Z,Sun 1:00 PM ET,Tennessee Titans,Philadelphia Eagles,5a4f3bf,2026_02_PHI_TEN,11.0,graded,win,0.8849557522123894,0.8849557522123894,1.0,0.2510152273992059,0.23998098640192428,0.6951776381444736,0.6731064296566579,False,-2.9070756553,2.9070756553,0.5
fafc649c455e32a0f2ba1bd06e2039bc,Philadelphia Eagles @ Tennessee Titans,Saquon Barkley,draftkings,DraftKings,rush_attempts,Rushing attempts,over,18.5,-105,15.3565185633,0.4915254237,0.0,0.512195122,0.4833368048,0.4855107669,18.5,2,-206.6969822241,-4.0355125101,Calibration fitted; not prospectively validated,2026-09-20T13:52:24Z,2026-09-20T17:00:00Z,Sun 1:00 PM ET,Tennessee Titans,Philadelphia Eagles,5a4f3bf,2026_02_PHI_TEN,4.0,graded,loss,-1.0,0.9523809523809523,0.0,0.24159724214346454,0.23572070477582613,0.6763400621868974,0.6645806508463431,True,11.3565185633,11.3565185633,14.5
fafc649c455e32a0f2ba1bd06e2039bc,Philadelphia Eagles @ Tennessee Titans,Saquon Barkley,draftkings,DraftKings,rush_yds,Rushing yards,over,80.5,-111,70.5485104239,0.5,0.0,0.5260663507,0.4978941162,0.5,80.5,3,-260.663507109,-4.954954955,Calibration fitted; not prospectively validated,2026-09-20T13:52:24Z,2026-09-20T17:00:00Z,Sun 1:00 PM ET,Tennessee Titans,Philadelphia Eagles,5a4f3bf,2026_02_PHI_TEN,9.0,graded,loss,-1.0,0.9009009009009009,0.0,0.25,0.25,0.6931471805599453,0.6931471805599453,False,61.5485104239,61.5485104239,71.5
fafc649c455e32a0f2ba1bd06e2039bc,Philadelphia Eagles @ Tennessee Titans,Tony Pollard,betonlineag,BetOnline.ag,receptions,Receptions,over,1.5,100,1.3707607272,0.4591194969,0.0,0.5,0.4693877551,0.5,1.5,5,-408.8050314465,-8.1761006289,Calibration fitted; not prospectively validated,2026-09-20T13:53:08Z,2026-09-20T17:00:00Z,Sun 1:00 PM ET,Tennessee Titans,Philadelphia Eagles,5a4f3bf,2026_02_PHI_TEN,1.0,graded,loss,-1.0,1.0,0.0,0.2107907124337091,0.25,0.6145569060492819,0.6931471805599453,True,0.3707607272,0.3707607272,0.5
fafc649c455e32a0f2ba1bd06e2039bc,Philadelphia Eagles @ Tennessee Titans,Tony Pollard,draftkings,DraftKings,recv_yds,Receiving yards,over,9.5,-111,8.4641147813,0.5,0.0,0.5260663507,0.4978941162,0.5,9.5,4,-260.663507109,-4.954954955,Calibration fitted; not prospectively validated,2026-09-20T13:52:24Z,2026-09-20T17:00:00Z,Sun 1:00 PM ET,Tennessee Titans,Philadelphia Eagles,5a4f3bf,2026_02_PHI_TEN,1.0,graded,loss,-1.0,0.9009009009009009,0.0,0.25,0.25,0.6931471805599453,0.6931471805599453,False,7.464114781299999,7.464114781299999,8.5
fafc649c455e32a0f2ba1bd06e2039bc,Philadelphia Eagles @ Tennessee Titans,Tony Pollard,draftkings,DraftKings,rush_attempts,Rushing attempts,over,11.5,-104,11.5405403479,0.5,0.0,0.5098039216,0.4812406203,0.5,11.5,3,-98.0392156863,-1.9230769231,Calibration fitted; not prospectively validated,2026-09-20T13:52:24Z,2026-09-20T17:00:00Z,Sun 1:00 PM ET,Tennessee Titans,Philadelphia Eagles,5a4f3bf,2026_02_PHI_TEN,14.0,graded,win,0.9615384615384616,0.9615384615384616,1.0,0.25,0.25,0.6931471805599453,0.6931471805599453,True,-2.4594596520999996,2.4594596520999996,2.5
fafc649c455e32a0f2ba1bd06e2039bc,Philadelphia Eagles @ Tennessee Titans,Tony Pollard,bovada,Bovada,rush_yds,Rushing yards,over,39.5,-110,52.1864476086,0.5,0.0,0.5238095238,0.4898785425,0.4978941162,40.0,3,-238.0952380952,-4.5454545455,Calibration fitted; not prospectively validated,2026-09-20T13:51:39Z,2026-09-20T17:00:00Z,Sun 1:00 PM ET,Tennessee Titans,Philadelphia Eagles,5a4f3bf,2026_02_PHI_TEN,64.0,graded,win,0.9090909090909091,0.9090909090909091,1.0,0.25,0.2521103185465791,0.6931471805599453,0.6973678426362,True,-11.813552391400002,11.813552391400002,24.5
fafc649c455e32a0f2ba1bd06e2039bc,Philadelphia Eagles @ Tennessee Titans,Tyjae Spears,betonlineag,BetOnline.ag,receptions,Receptions,over,2.5,-114,1.581344605,0.4210526316,0.0,0.5327102804,0.5,0.528157683,2.5,5,-1116.5764879488,-20.9602954755,Calibration fitted; not prospectively validated,2026-09-20T13:53:08Z,2026-09-20T17:00:00Z,Sun 1:00 PM ET,Tennessee Titans,Philadelphia Eagles,5a4f3bf,2026_02_PHI_TEN,2.0,graded,loss,-1.0,0.8771929824561403,0.0,0.17728531857728533,0.2789505381119285,0.5465437064044336,0.751110423364325,True,-0.41865539500000004,0.41865539500000004,0.5
fafc649c455e32a0f2ba1bd06e2039bc,Philadelphia Eagles @ Tennessee Titans,Tyjae Spears,draftkings,DraftKings,recv_yds,Receiving yards,over,16.5,-111,11.1013283245,0.4985632184,0.0,0.5260663507,0.4978941162,0.5,16.5,4,-275.031323201,-5.2280729005,Calibration fitted; not prospectively validated,2026-09-20T13:52:24Z,2026-09-20T17:00:00Z,Sun 1:00 PM ET,Tennessee Titans,Philadelphia Eagles,5a4f3bf,2026_02_PHI_TEN,29.0,graded,win,0.9009009009009009,0.9009009009009009,1.0,0.2514388459413662,0.25,0.6960248803691166,0.6931471805599453,False,-17.898671675499997,17.898671675499997,12.5
fafc649c455e32a0f2ba1bd06e2039bc,Philadelphia Eagles @ Tennessee Titans,Tyjae Spears,fanduel,FanDuel,rush_yds,Rushing yards,over,17.5,-113,26.7318249815,0.5,0.0,0.5305164319,0.5,0.5025798729,17.5,2,-305.1643192488,-5.7522123894,Calibration fitted; not prospectively validated,2026-09-20T13:53:05Z,2026-09-20T17:00:00Z,Sun 1:00 PM ET,Tennessee Titans,Philadelphia Eagles,5a4f3bf,2026_02_PHI_TEN,41.0,graded,win,0.8849557522123894,0.8849557522123894,1.0,0.25,0.2474267828441802,0.6931471805599453,0.688000700635509,True,-14.2681750185,14.2681750185,23.5
fafc649c455e32a0f2ba1bd06e2039bc,Philadelphia Eagles @ Tennessee Titans,Wan'Dale Robinson,betrivers,BetRivers,receptions,Receptions,over,4.5,123,5.2005555971,0.5420560748,0.0,0.4484304933,,0.4386821774,4.5,5,936.2558149281,20.8785046729,Calibration fitted; not prospectively validated,2026-09-20T13:52:50Z,2026-09-20T17:00:00Z,Sun 1:00 PM ET,Tennessee Titans,Philadelphia Eagles,5a4f3bf,2026_02_PHI_TEN,1.0,graded,loss,-1.0,1.23,0.0,0.2938247882275831,0.19244205276840506,0.7810085364247489,0.5774680051774875,False,4.2005555971,4.2005555971,3.5
fafc649c455e32a0f2ba1bd06e2039bc,Philadelphia Eagles @ Tennessee Titans,Wan'Dale Robinson,draftkings,DraftKings,recv_yds,Receiving yards,over,37.5,-113,54.831394621,0.5014367816,0.0,0.5305164319,0.5021058838,0.5,37.5,5,-290.7965031569,-5.4813854135,Calibration fitted; not prospectively validated,2026-09-20T13:52:24Z,2026-09-20T17:00:00Z,Sun 1:00 PM ET,Tennessee Titans,Philadelphia Eagles,5a4f3bf,2026_02_PHI_TEN,9.0,graded,loss,-1.0,0.8849557522123894,0.0,0.2514388459413662,0.25,0.6960248803691167,0.6931471805599453,False,45.831394621,45.831394621,28.5
