game_id,game,player,bookmaker,book_label,market_std,market_label,name,point,price,mu,model_prob,push_prob,mkt_prob,prob_devig,consensus_prob,consensus_line,book_count,edge_bps,ev_per_100,model_status,last_update,commence_time,kick_et,home_team,away_team,archive_ref,stat_game,actual,grading_status,outcome,units,payout
0283a29e1b38ef78b29b904fd56a16dd,Minnesota Vikings @ Chicago Bears,Aaron Jones,fanduel,FanDuel,receptions,Receptions,over,2.5,-122,1.5938662185,0.4210526316,0.0,0.5495495495,0.5141838223,0.5289256198,2.5,5,-1284.969179706,-23.3822260569,Calibration fitted; not prospectively validated,2026-09-20T13:53:03Z,2026-09-20T17:00:00Z,Sun 1:00 PM ET,Chicago Bears,Minnesota Vikings,5a4f3bf,2026_02_MIN_CHI,0.0,graded,loss,-1.0,0.819672131147541
0283a29e1b38ef78b29b904fd56a16dd,Minnesota Vikings @ Chicago Bears,Aaron Jones,betmgm,BetMGM,receptions,Receptions,under,2.5,100,1.5938662185,0.5789473684,0.0,0.5,0.4653465347,0.4710743802,2.5,5,789.4736842105,15.7894736842,Calibration fitted; not prospectively validated,2026-09-20T13:52:33Z,2026-09-20T17:00:00Z,Sun 1:00 PM ET,Chicago Bears,Minnesota Vikings,5a4f3bf,2026_02_MIN_CHI,0.0,graded,win,1.0,1.0
0283a29e1b38ef78b29b904fd56a16dd,Minnesota Vikings @ Chicago Bears,Aaron Jones,fanduel,FanDuel,recv_yds,Receiving yards,over,15.5,-113,11.8244699924,0.4989858012,0.0,0.5305164319,0.5,0.5,16.0,3,-315.3063070784,-5.9433843724,Calibration fitted; not prospectively validated,2026-09-20T13:53:03Z,2026-09-20T17:00:00Z,Sun 1:00 PM ET,Chicago Bears,Minnesota Vikings,5a4f3bf,2026_02_MIN_CHI,0.0,graded,loss,-1.0,0.8849557522123894
0283a29e1b38ef78b29b904fd56a16dd,Minnesota Vikings @ Chicago Bears,Aaron Jones,fanduel,FanDuel,recv_yds,Receiving yards,under,15.5,-113,11.8244699924,0.5010141988,0.0,0.5305164319,0.5,0.5,16.0,3,-295.0223314192,-5.5610404064,Calibration fitted; not prospectively validated,2026-09-20T13:53:03Z,2026-09-20T17:00:00Z,Sun 1:00 PM ET,Chicago Bears,Minnesota Vikings,5a4f3bf,2026_02_MIN_CHI,0.0,graded,win,0.8849557522123894,0.8849557522123894
0283a29e1b38ef78b29b904fd56a16dd,Minnesota Vikings @ Chicago Bears,Aaron Jones,betmgm,BetMGM,rush_attempts,Rushing attempts,over,14.5,-110,11.352256552,0.45,0.0,0.5238095238,0.4898785425,0.5,14.5,3,-738.0952380952,-14.0909090909,Calibration fitted; not prospectively validated,2026-09-20T13:52:33Z,2026-09-20T17:00:00Z,Sun 1:00 PM ET,Chicago Bears,Minnesota Vikings,5a4f3bf,2026_02_MIN_CHI,23.0,graded,win,0.9090909090909091,0.9090909090909091
0283a29e1b38ef78b29b904fd56a16dd,Minnesota Vikings @ Chicago Bears,Aaron Jones,draftkings,DraftKings,rush_attempts,Rushing attempts,under,14.5,-103,11.352256552,0.55,0.0,0.5073891626,0.4791397221,0.5,14.5,3,426.1083743842,8.3980582524,Calibration fitted; not prospectively validated,2026-09-20T13:53:13Z,2026-09-20T17:00:00Z,Sun 1:00 PM ET,Chicago Bears,Minnesota Vikings,5a4f3bf,2026_02_MIN_CHI,23.0,graded,loss,-1.0,0.970873786407767
0283a29e1b38ef78b29b904fd56a16dd,Minnesota Vikings @ Chicago Bears,Aaron Jones,fanduel,FanDuel,rush_yds,Rushing yards,over,59.5,-113,46.6939087051,0.5,0.0,0.5305164319,0.5,0.5,60.0,3,-305.1643192488,-5.7522123894,Calibration fitted; not prospectively validated,2026-09-20T13:53:03Z,2026-09-20T17:00:00Z,Sun 1:00 PM ET,Chicago Bears,Minnesota Vikings,5a4f3bf,2026_02_MIN_CHI,105.0,graded,win,0.8849557522123894,0.8849557522123894
0283a29e1b38ef78b29b904fd56a16dd,Minnesota Vikings @ Chicago Bears,Aaron Jones,fanduel,FanDuel,rush_yds,Rushing yards,under,59.5,-113,46.6939087051,0.5,0.0,0.5305164319,0.5,0.5,60.0,3,-305.1643192488,-5.7522123894,Calibration fitted; not prospectively validated,2026-09-20T13:53:03Z,2026-09-20T17:00:00Z,Sun 1:00 PM ET,Chicago Bears,Minnesota Vikings,5a4f3bf,2026_02_MIN_CHI,105.0,graded,loss,-1.0,0.8849557522123894
0283a29e1b38ef78b29b904fd56a16dd,Minnesota Vikings @ Chicago Bears,Caleb Williams,betmgm,BetMGM,interceptions,Interceptions thrown,over,0.5,135,,,,0.4255319149,0.3959708232,0.4373408273,0.5,5,,,Insufficient player data,2026-09-20T13:52:33Z,2026-09-20T17:00:00Z,Sun 1:00 PM ET,Chicago Bears,Minnesota Vikings,5a4f3bf,2026_02_MIN_CHI,1.0,graded,win,1.35,1.35
0283a29e1b38ef78b29b904fd56a16dd,Minnesota Vikings @ Chicago Bears,Caleb Williams,draftkings,DraftKings,interceptions,Interceptions thrown,under,0.5,-144,,,,0.5901639344,0.5569436374,0.5626591727,0.5,5,,,Insufficient player data,2026-09-20T13:53:13Z,2026-09-20T17:00:00Z,Sun 1:00 PM ET,Chicago Bears,Minnesota Vikings,5a4f3bf,2026_02_MIN_CHI,1.0,graded,loss,-1.0,0.6944444444444444
0283a29e1b38ef78b29b904fd56a16dd,Minnesota Vikings @ Chicago Bears,Caleb Williams,draftkings,DraftKings,pass_attempts,Passing attempts,over,31.5,-109,34.6631231512,0.5625,0.0,0.5215311005,0.4926759856,0.4926759856,31.5,3,409.6889952153,7.8555045872,Calibration fitted; not prospectively validated,2026-09-20T13:53:13Z,2026-09-20T17:00:00Z,Sun 1:00 PM ET,Chicago Bears,Minnesota Vikings,5a4f3bf,2026_02_MIN_CHI,26.0,graded,loss,-1.0,0.9174311926605505
0283a29e1b38ef78b29b904fd56a16dd,Minnesota Vikings @ Chicago Bears,Caleb Williams,betonlineag,BetOnline.ag,pass_attempts,Passing attempts,under,31.5,-115,34.6631231512,0.4375,0.0,0.5348837209,0.5030953364,0.5073240144,31.5,3,-973.8372093023,-18.2065217391,Calibration fitted; not prospectively validated,2026-09-20T13:53:18Z,2026-09-20T17:00:00Z,Sun 1:00 PM ET,Chicago Bears,Minnesota Vikings,5a4f3bf,2026_02_MIN_CHI,26.0,graded,win,0.8695652173913043,0.8695652173913043
0283a29e1b38ef78b29b904fd56a16dd,Minnesota Vikings @ Chicago Bears,Caleb Williams,betonlineag,BetOnline.ag,pass_completions,Passing completions,over,19.5,100,25.1008822819,0.5428571429,0.0,0.5,0.4693877551,0.484786987,19.5,4,428.5714285714,8.5714285714,Calibration fitted; not prospectively validated,2026-09-20T13:53:18Z,2026-09-20T17:00:00Z,Sun 1:00 PM ET,Chicago Bears,Minnesota Vikings,5a4f3bf,2026_02_MIN_CHI,15.0,graded,loss,-1.0,1.0
0283a29e1b38ef78b29b904fd56a16dd,Minnesota Vikings @ Chicago Bears,Caleb Williams,draftkings,DraftKings,pass_completions,Passing completions,under,19.5,-116,25.1008822819,0.4571428571,0.0,0.537037037,0.506234414,0.515213013,19.5,4,-798.9417989418,-14.8768472906,Calibration fitted; not prospectively validated,2026-09-20T13:53:13Z,2026-09-20T17:00:00Z,Sun 1:00 PM ET,Chicago Bears,Minnesota Vikings,5a4f3bf,2026_02_MIN_CHI,15.0,graded,win,0.8620689655172413,0.8620689655172413
0283a29e1b38ef78b29b904fd56a16dd,Minnesota Vikings @ Chicago Bears,Caleb Williams,betmgm,BetMGM,pass_tds,Passing touchdowns,over,1.5,-111,2.12,0.5,0.0,0.5260663507,0.4928711097,0.5203045685,1.5,7,-260.663507109,-4.954954955,Calibration fitted; not prospectively validated,2026-09-20T13:52:33Z,2026-09-20T17:00:00Z,Sun 1:00 PM ET,Chicago Bears,Minnesota Vikings,5a4f3bf,2026_02_MIN_CHI,0.0,graded,loss,-1.0,0.9009009009009009
0283a29e1b38ef78b29b904fd56a16dd,Minnesota Vikings @ Chicago Bears,Caleb Williams,betonlineag,BetOnline.ag,pass_tds,Passing touchdowns,under,1.5,105,2.12,0.5,0.0,0.487804878,0.4592085979,0.4796954315,1.5,7,121.9512195122,2.5,Calibration fitted; not prospectively validated,2026-09-20T13:53:18Z,2026-09-20T17:00:00Z,Sun 1:00 PM ET,Chicago Bears,Minnesota Vikings,5a4f3bf,2026_02_MIN_CHI,0.0,graded,win,1.05,1.05
0283a29e1b38ef78b29b904fd56a16dd,Minnesota Vikings @ Chicago Bears,Caleb Williams,betmgm,BetMGM,pass_yds,Passing yards,over,229.5,-105,304.2618132222,0.5,0.0,0.512195122,0.4796954315,0.5,227.5,3,-121.9512195122,-2.380952381,Calibration fitted; not prospectively validated,2026-09-20T13:52:33Z,2026-09-20T17:00:00Z,Sun 1:00 PM ET,Chicago Bears,Minnesota Vikings,5a4f3bf,2026_02_MIN_CHI,138.0,graded,loss,-1.0,0.9523809523809523
0283a29e1b38ef78b29b904fd56a16dd,Minnesota Vikings @ Chicago Bears,Caleb Williams,draftkings,DraftKings,pass_yds,Passing yards,under,229.5,-112,304.2618132222,0.5,0.0,0.5283018868,0.5,0.5,227.5,3,-283.0188679245,-5.3571428571,Calibration fitted; not prospectively validated,2026-09-20T13:53:13Z,2026-09-20T17:00:00Z,Sun 1:00 PM ET,Chicago Bears,Minnesota Vikings,5a4f3bf,2026_02_MIN_CHI,138.0,graded,win,0.8928571428571429,0.8928571428571429
0283a29e1b38ef78b29b904fd56a16dd,Minnesota Vikings @ Chicago Bears,Caleb Williams,draftkings,DraftKings,rush_attempts,Rushing attempts,over,5.5,120,7.1626255198,0.506993007,0.0,0.4545454545,0.4284750337,0.425224778,5.5,2,524.4755244755,11.5384615385,Calibration fitted; not prospectively validated,2026-09-20T13:53:13Z,2026-09-20T17:00:00Z,Sun 1:00 PM ET,Chicago Bears,Minnesota Vikings,5a4f3bf,2026_02_MIN_CHI,5.0,graded,loss,-1.0,1.2
0283a29e1b38ef78b29b904fd56a16dd,Minnesota Vikings @ Chicago Bears,Caleb Williams,draftkings,DraftKings,rush_attempts,Rushing attempts,under,5.5,-154,7.1626255198,0.4915254237,0.0,0.6062992126,0.5715249663,0.574775222,5.5,2,-1147.7378886961,-18.9302223201,Calibration fitted; not prospectively validated,2026-09-20T13:53:13Z,2026-09-20T17:00:00Z,Sun 1:00 PM ET,Chicago Bears,Minnesota Vikings,5a4f3bf,2026_02_MIN_CHI,5.0,graded,win,0.6493506493506493,0.6493506493506493
0283a29e1b38ef78b29b904fd56a16dd,Minnesota Vikings @ Chicago Bears,Caleb Williams,fanduel,FanDuel,rush_yds,Rushing yards,over,27.5,-113,37.2876075334,0.5,0.0,0.5305164319,0.5,0.5042144302,27.5,4,-305.1643192488,-5.7522123894,Calibration fitted; not prospectively validated,2026-09-20T13:53:03Z,2026-09-20T17:00:00Z,Sun 1:00 PM ET,Chicago Bears,Minnesota Vikings,5a4f3bf,2026_02_MIN_CHI,42.0,graded,win,0.8849557522123894,0.8849557522123894
0283a29e1b38ef78b29b904fd56a16dd,Minnesota Vikings @ Chicago Bears,Caleb Williams,draftkings,DraftKings,rush_yds,Rushing yards,under,27.5,-108,37.2876075334,0.5,0.0,0.5192307692,0.4915711396,0.4957855698,27.5,4,-192.3076923077,-3.7037037037,Calibration fitted; not prospectively validated,2026-09-20T13:53:13Z,2026-09-20T17:00:00Z,Sun 1:00 PM ET,Chicago Bears,Minnesota Vikings,5a4f3bf,2026_02_MIN_CHI,42.0,graded,loss,-1.0,0.9259259259259259
0283a29e1b38ef78b29b904fd56a16dd,Minnesota Vikings @ Chicago Bears,Carson Wentz,betmgm,BetMGM,interceptions,Interceptions thrown,over,0.5,-115,,,,0.5348837209,0.5,0.5306122449,0.5,5,,,Insufficient player data,2026-09-20T13:52:33Z,2026-09-20T17:00:00Z,Sun 1:00 PM ET,Chicago Bears,Minnesota Vikings,5a4f3bf,2026_02_MIN_CHI,0.0,graded,loss,-1.0,0.8695652173913043
0283a29e1b38ef78b29b904fd56a16dd,Minnesota Vikings @ Chicago Bears,Carson Wentz,draftkings,DraftKings,interceptions,Interceptions thrown,under,0.5,107,,,,0.4830917874,0.4552526941,0.4693877551,0.5,5,,,Insufficient player data,2026-09-20T13:53:13Z,2026-09-20T17:00:00Z,Sun 1:00 PM ET,Chicago Bears,Minnesota Vikings,5a4f3bf,2026_02_MIN_CHI,0.0,graded,win,1.07,1.07
0283a29e1b38ef78b29b904fd56a16dd,Minnesota Vikings @ Chicago Bears,Carson Wentz,draftkings,DraftKings,pass_attempts,Passing attempts,over,31.5,-111,31.2885174071,0.5,0.0,0.5260663507,0.4968624498,0.5,31.5,4,-260.663507109,-4.954954955,Calibration fitted; not prospectively validated,2026-09-20T13:53:13Z,2026-09-20T17:00:00Z,Sun 1:00 PM ET,Chicago Bears,Minnesota Vikings,5a4f3bf,2026_02_MIN_CHI,20.0,graded,loss,-1.0,0.9009009009009009
0283a29e1b38ef78b29b904fd56a16dd,Minnesota Vikings @ Chicago Bears,Carson Wentz,betmgm,BetMGM,pass_attempts,Passing attempts,under,31.5,-105,31.2885174071,0.5,0.0,0.512195122,0.4753937008,0.5,31.5,4,-121.9512195122,-2.380952381,Calibration fitted; not prospectively validated,2026-09-20T13:52:33Z,2026-09-20T17:00:00Z,Sun 1:00 PM ET,Chicago Bears,Minnesota Vikings,5a4f3bf,2026_02_MIN_CHI,20.0,graded,win,0.9523809523809523,0.9523809523809523
0283a29e1b38ef78b29b904fd56a16dd,Minnesota Vikings @ Chicago Bears,Carson Wentz,betmgm,BetMGM,pass_completions,Passing completions,over,19.5,-105,19.7611688887,0.5,0.0,0.512195122,0.4796954315,0.4836900803,19.5,2,-121.9512195122,-2.380952381,Calibration fitted; not prospectively validated,2026-09-20T13:52:33Z,2026-09-20T17:00:00Z,Sun 1:00 PM ET,Chicago Bears,Minnesota Vikings,5a4f3bf,2026_02_MIN_CHI,11.0,graded,loss,-1.0,0.9523809523809523
0283a29e1b38ef78b29b904fd56a16dd,Minnesota Vikings @ Chicago Bears,Carson Wentz,betonlineag,BetOnline.ag,pass_completions,Passing completions,under,19.5,-120,19.7611688887,0.5,0.0,0.5454545455,0.5123152709,0.5163099197,19.5,2,-454.5454545455,-8.3333333333,Calibration fitted; not prospectively validated,2026-09-20T13:53:18Z,2026-09-20T17:00:00Z,Sun 1:00 PM ET,Chicago Bears,Minnesota Vikings,5a4f3bf,2026_02_MIN_CHI,11.0,graded,win,0.8333333333333334,0.8333333333333334
0283a29e1b38ef78b29b904fd56a16dd,Minnesota Vikings @ Chicago Bears,Carson Wentz,betrivers,BetRivers,pass_tds,Passing touchdowns,over,1.5,148,2.82,0.5333333333,0.0,0.4032258065,0.3768844221,0.3942641875,1.5,6,1301.0752688172,32.2666666667,Calibration fitted; not prospectively validated,2026-09-20T13:52:52Z,2026-09-20T17:00:00Z,Sun 1:00 PM ET,Chicago Bears,Minnesota Vikings,5a4f3bf,2026_02_MIN_CHI,0.0,graded,loss,-1.0,1.48
0283a29e1b38ef78b29b904fd56a16dd,Minnesota Vikings @ Chicago Bears,Carson Wentz,betmgm,BetMGM,pass_tds,Passing touchdowns,under,1.5,-165,2.82,0.4666666667,0.0,0.6226415094,0.583497053,0.6057358125,1.5,6,-1559.748427673,-25.0505050505,Calibration fitted; not prospectively validated,2026-09-20T13:52:33Z,2026-09-20T17:00:00Z,Sun 1:00 PM ET,Chicago Bears,Minnesota Vikings,5a4f3bf,2026_02_MIN_CHI,0.0,graded,win,0.6060606060606061,0.6060606060606061
0283a29e1b38ef78b29b904fd56a16dd,Minnesota Vikings @ Chicago Bears,Carson Wentz,draftkings,DraftKings,pass_yds,Passing yards,over,214.5,-112,202.0355022385,0.5,0.0,0.5283018868,0.5,0.5,214.5,3,-283.0188679245,-5.3571428571,Calibration fitted; not prospectively validated,2026-09-20T13:53:13Z,2026-09-20T17:00:00Z,Sun 1:00 PM ET,Chicago Bears,Minnesota Vikings,5a4f3bf,2026_02_MIN_CHI,143.0,graded,loss,-1.0,0.8928571428571429
0283a29e1b38ef78b29b904fd56a16dd,Minnesota Vikings @ Chicago Bears,Carson Wentz,draftkings,DraftKings,pass_yds,Passing yards,under,214.5,-112,202.0355022385,0.5,0.0,0.5283018868,0.5,0.5,214.5,3,-283.0188679245,-5.3571428571,Calibration fitted; not prospectively validated,2026-09-20T13:53:13Z,2026-09-20T17:00:00Z,Sun 1:00 PM ET,Chicago Bears,Minnesota Vikings,5a4f3bf,2026_02_MIN_CHI,143.0,graded,win,0.8928571428571429,0.8928571428571429
0283a29e1b38ef78b29b904fd56a16dd,Minnesota Vikings @ Chicago Bears,Carson Wentz,betrivers,BetRivers,rush_yds,Rushing yards,over,8.5,-108,16.8080120628,0.5647668394,0.0,0.5192307692,0.4839948784,0.5,8.5,5,455.3607014747,8.7699098062,Calibration fitted; not prospectively validated,2026-09-20T13:52:52Z,2026-09-20T17:00:00Z,Sun 1:00 PM ET,Chicago Bears,Minnesota Vikings,5a4f3bf,2026_02_MIN_CHI,6.0,graded,loss,-1.0,0.9259259259259259
0283a29e1b38ef78b29b904fd56a16dd,Minnesota Vikings @ Chicago Bears,Carson Wentz,betonlineag,BetOnline.ag,rush_yds,Rushing yards,under,8.5,-110,16.8080120628,0.4352331606,0.0,0.5238095238,0.4917965546,0.5,8.5,5,-885.7636318776,-16.9100329722,Calibration fitted; not prospectively validated,2026-09-20T13:53:18Z,2026-09-20T17:00:00Z,Sun 1:00 PM ET,Chicago Bears,Minnesota Vikings,5a4f3bf,2026_02_MIN_CHI,6.0,graded,win,0.9090909090909091,0.9090909090909091
0283a29e1b38ef78b29b904fd56a16dd,Minnesota Vikings @ Chicago Bears,Cole Kmet,draftkings,DraftKings,receptions,Receptions,over,1.5,-102,2.7697161685,0.5475728155,0.0,0.504950495,0.4761410788,0.4796954315,1.5,5,426.2232048448,8.4408909195,Calibration fitted; not prospectively validated,2026-09-20T13:53:13Z,2026-09-20T17:00:00Z,Sun 1:00 PM ET,Chicago Bears,Minnesota Vikings,5a4f3bf,2026_02_MIN_CHI,0.0,graded,loss,-1.0,0.9803921568627451
0283a29e1b38ef78b29b904fd56a16dd,Minnesota Vikings @ Chicago Bears,Cole Kmet,betonlineag,BetOnline.ag,receptions,Receptions,under,1.5,-118,2.7697161685,0.4524271845,0.0,0.5412844037,0.5082034454,0.5203045685,1.5,5,-888.5721920371,-16.4159947342,Calibration fitted; not prospectively validated,2026-09-20T13:53:18Z,2026-09-20T17:00:00Z,Sun 1:00 PM ET,Chicago Bears,Minnesota Vikings,5a4f3bf,2026_02_MIN_CHI,0.0,graded,win,0.847457627118644,0.847457627118644
0283a29e1b38ef78b29b904fd56a16dd,Minnesota Vikings @ Chicago Bears,Cole Kmet,draftkings,DraftKings,recv_yds,Receiving yards,over,13.5,-108,33.7635043764,0.5163043478,0.0,0.5192307692,0.4905802562,0.4949766919,13.5,5,-29.2642140468,-0.5636070853,Calibration fitted; not prospectively validated,2026-09-20T13:53:13Z,2026-09-20T17:00:00Z,Sun 1:00 PM ET,Chicago Bears,Minnesota Vikings,5a4f3bf,2026_02_MIN_CHI,0.0,graded,loss,-1.0,0.9259259259259259
0283a29e1b38ef78b29b904fd56a16dd,Minnesota Vikings @ Chicago Bears,Cole Kmet,betonlineag,BetOnline.ag,recv_yds,Receiving yards,under,13.5,-109,33.7635043764,0.4836956522,0.0,0.5215311005,0.4897419064,0.5050233081,13.5,5,-378.3544830456,-7.2546868767,Calibration fitted; not prospectively validated,2026-09-20T13:53:18Z,2026-09-20T17:00:00Z,Sun 1:00 PM ET,Chicago Bears,Minnesota Vikings,5a4f3bf,2026_02_MIN_CHI,0.0,graded,win,0.9174311926605505,0.9174311926605505
0283a29e1b38ef78b29b904fd56a16dd,Minnesota Vikings @ Chicago Bears,Colston Loveland,betmgm,BetMGM,receptions,Receptions,over,4.5,-105,2.1205966872,0.4210526316,0.0,0.512195122,0.4796954315,0.5101214575,4.5,5,-911.4249037227,-17.7944862155,Calibration fitted; not prospectively validated,2026-09-20T13:52:33Z,2026-09-20T17:00:00Z,Sun 1:00 PM ET,Chicago Bears,Minnesota Vikings,5a4f3bf,2026_02_MIN_CHI,1.0,graded,loss,-1.0,0.9523809523809523
0283a29e1b38ef78b29b904fd56a16dd,Minnesota Vikings @ Chicago Bears,Colston Loveland,betonlineag,BetOnline.ag,receptions,Receptions,under,4.5,-108,2.1205966872,0.5789473684,0.0,0.5192307692,0.4876847291,0.4898785425,4.5,5,597.1659919028,11.5009746589,Calibration fitted; not prospectively validated,2026-09-20T13:53:18Z,2026-09-20T17:00:00Z,Sun 1:00 PM ET,Chicago Bears,Minnesota Vikings,5a4f3bf,2026_02_MIN_CHI,1.0,graded,win,0.9259259259259259,0.9259259259259259
0283a29e1b38ef78b29b904fd56a16dd,Minnesota Vikings @ Chicago Bears,Colston Loveland,draftkings,DraftKings,recv_yds,Receiving yards,over,53.5,-111,24.0912999743,0.4836956522,0.0,0.5260663507,0.4978941162,0.5,53.5,3,-423.7069853699,-8.0542499021,Calibration fitted; not prospectively validated,2026-09-20T13:53:13Z,2026-09-20T17:00:00Z,Sun 1:00 PM ET,Chicago Bears,Minnesota Vikings,5a4f3bf,2026_02_MIN_CHI,3.0,graded,loss,-1.0,0.9009009009009009
0283a29e1b38ef78b29b904fd56a16dd,Minnesota Vikings @ Chicago Bears,Colston Loveland,draftkings,DraftKings,recv_yds,Receiving yards,under,53.5,-113,24.0912999743,0.5163043478,0.0,0.5305164319,0.5021058838,0.5,53.5,3,-142.120840988,-2.6789149673,Calibration fitted; not prospectively validated,2026-09-20T13:53:13Z,2026-09-20T17:00:00Z,Sun 1:00 PM ET,Chicago Bears,Minnesota Vikings,5a4f3bf,2026_02_MIN_CHI,3.0,graded,win,0.8849557522123894,0.8849557522123894
0283a29e1b38ef78b29b904fd56a16dd,Minnesota Vikings @ Chicago Bears,D'Andre Swift,betmgm,BetMGM,receptions,Receptions,over,1.5,-125,2.9544497854,0.5475728155,0.0,0.5555555556,0.5203045685,0.5407914021,1.5,5,-79.8274002158,-1.4368932039,Calibration fitted; not prospectively validated,2026-09-20T13:52:33Z,2026-09-20T17:00:00Z,Sun 1:00 PM ET,Chicago Bears,Minnesota Vikings,5a4f3bf,2026_02_MIN_CHI,5.0,graded,win,0.8,0.8
0283a29e1b38ef78b29b904fd56a16dd,Minnesota Vikings @ Chicago Bears,D'Andre Swift,betonlineag,BetOnline.ag,receptions,Receptions,under,1.5,109,2.9544497854,0.4524271845,0.0,0.4784688995,0.4498870615,0.4592085979,1.5,5,-260.4171505551,-5.4427184466,Calibration fitted; not prospectively validated,2026-09-20T13:53:18Z,2026-09-20T17:00:00Z,Sun 1:00 PM ET,Chicago Bears,Minnesota Vikings,5a4f3bf,2026_02_MIN_CHI,5.0,graded,loss,-1.0,1.09
0283a29e1b38ef78b29b904fd56a16dd,Minnesota Vikings @ Chicago Bears,D'Andre Swift,draftkings,DraftKings,recv_yds,Receiving yards,over,10.5,-107,26.0931361444,0.5014367816,0.0,0.5169082126,0.4894599266,0.4969046636,10.5,5,-154.7143095119,-2.9930712214,Calibration fitted; not prospectively validated,2026-09-20T13:53:13Z,2026-09-20T17:00:00Z,Sun 1:00 PM ET,Chicago Bears,Minnesota Vikings,5a4f3bf,2026_02_MIN_CHI,54.0,graded,win,0.9345794392523364,0.9345794392523364
0283a29e1b38ef78b29b904fd56a16dd,Minnesota Vikings @ Chicago Bears,D'Andre Swift,betrivers,BetRivers,recv_yds,Receiving yards,under,10.5,-108,26.0931361444,0.4985632184,0.0,0.5192307692,0.4858161777,0.5030953364,10.5,5,-206.6755083996,-3.9804171988,Calibration fitted; not prospectively validated,2026-09-20T13:52:52Z,2026-09-20T17:00:00Z,Sun 1:00 PM ET,Chicago Bears,Minnesota Vikings,5a4f3bf,2026_02_MIN_CHI,54.0,graded,loss,-1.0,0.9259259259259259
0283a29e1b38ef78b29b904fd56a16dd,Minnesota Vikings @ Chicago Bears,D'Andre Swift,draftkings,DraftKings,rush_attempts,Rushing attempts,over,13.5,-128,13.0620957218,0.5,0.0,0.5614035088,0.5289256198,0.5297689324,13.5,2,-614.0350877193,-10.9375,Calibration fitted; not prospectively validated,2026-09-20T13:53:13Z,2026-09-20T17:00:00Z,Sun 1:00 PM ET,Chicago Bears,Minnesota Vikings,5a4f3bf,2026_02_MIN_CHI,16.0,graded,win,0.78125,0.78125
0283a29e1b38ef78b29b904fd56a16dd,Minnesota Vikings @ Chicago Bears,D'Andre Swift,betonlineag,BetOnline.ag,rush_attempts,Rushing attempts,under,13.5,100,13.0620957218,0.506993007,0.0,0.5,0.4693877551,0.4702310676,13.5,2,69.9300699301,1.3986013986,Calibration fitted; not prospectively validated,2026-09-20T13:53:18Z,2026-09-20T17:00:00Z,Sun 1:00 PM ET,Chicago Bears,Minnesota Vikings,5a4f3bf,2026_02_MIN_CHI,16.0,graded,loss,-1.0,1.0
0283a29e1b38ef78b29b904fd56a16dd,Minnesota Vikings @ Chicago Bears,D'Andre Swift,draftkings,DraftKings,rush_yds,Rushing yards,over,60.5,-110,63.5065611094,0.5,0.0,0.5238095238,0.4957877001,0.5,60.5,4,-238.0952380952,-4.5454545455,Calibration fitted; not prospectively validated,2026-09-20T13:53:13Z,2026-09-20T17:00:00Z,Sun 1:00 PM ET,Chicago Bears,Minnesota Vikings,5a4f3bf,2026_02_MIN_CHI,45.0,graded,loss,-1.0,0.9090909090909091
0283a29e1b38ef78b29b904fd56a16dd,Minnesota Vikings @ Chicago Bears,D'Andre Swift,betonlineag,BetOnline.ag,rush_yds,Rushing yards,under,60.5,-105,63.5065611094,0.5,0.0,0.512195122,0.4814929056,0.5,60.5,4,-121.9512195122,-2.380952381,Calibration fitted; not prospectively validated,2026-09-20T13:53:18Z,2026-09-20T17:00:00Z,Sun 1:00 PM ET,Chicago Bears,Minnesota Vikings,5a4f3bf,2026_02_MIN_CHI,45.0,graded,win,0.9523809523809523,0.9523809523809523
0283a29e1b38ef78b29b904fd56a16dd,Minnesota Vikings @ Chicago Bears,Jordan Addison,betrivers,BetRivers,receptions,Receptions,over,3.5,118,2.5575686087,0.4524271845,0.0,0.4587155963,,0.4580003898,3.5,5,-62.8841186426,-1.3708737864,Calibration fitted; not prospectively validated,2026-09-20T13:52:52Z,2026-09-20T17:00:00Z,Sun 1:00 PM ET,Chicago Bears,Minnesota Vikings,5a4f3bf,2026_02_MIN_CHI,2.0,graded,loss,-1.0,1.18
0283a29e1b38ef78b29b904fd56a16dd,Minnesota Vikings @ Chicago Bears,Jordan Addison,betonlineag,BetOnline.ag,receptions,Receptions,under,3.5,-135,2.5575686087,0.5475728155,0.0,0.5744680851,0.5395768025,0.5419996102,3.5,5,-268.952695724,-4.6817691478,Calibration fitted; not prospectively validated,2026-09-20T13:53:18Z,2026-09-20T17:00:00Z,Sun 1:00 PM ET,Chicago Bears,Minnesota Vikings,5a4f3bf,2026_02_MIN_CHI,2.0,graded,win,0.7407407407407407,0.7407407407407407
0283a29e1b38ef78b29b904fd56a16dd,Minnesota Vikings @ Chicago Bears,Jordan Addison,fanduel,FanDuel,recv_yds,Receiving yards,over,39.5,-113,32.7836417734,0.4989858012,0.0,0.5305164319,0.5,0.5,40.0,3,-315.3063070784,-5.9433843724,Calibration fitted; not prospectively validated,2026-09-20T13:53:03Z,2026-09-20T17:00:00Z,Sun 1:00 PM ET,Chicago Bears,Minnesota Vikings,5a4f3bf,2026_02_MIN_CHI,21.0,graded,loss,-1.0,0.8849557522123894
0283a29e1b38ef78b29b904fd56a16dd,Minnesota Vikings @ Chicago Bears,Jordan Addison,betrivers,BetRivers,recv_yds,Receiving yards,under,39.5,-113,32.7836417734,0.5010141988,0.0,0.5305164319,0.4959548562,0.5,40.0,3,-295.0223314192,-5.5610404064,Calibration fitted; not prospectively validated,2026-09-20T13:52:52Z,2026-09-20T17:00:00Z,Sun 1:00 PM ET,Chicago Bears,Minnesota Vikings,5a4f3bf,2026_02_MIN_CHI,21.0,graded,win,0.8849557522123894,0.8849557522123894
0283a29e1b38ef78b29b904fd56a16dd,Minnesota Vikings @ Chicago Bears,Josh Oliver,betmgm,BetMGM,receptions,Receptions,over,1.5,-105,1.5019345726,0.5,0.0,0.512195122,0.4796954315,0.493765586,1.5,5,-121.9512195122,-2.380952381,Calibration fitted; not prospectively validated,2026-09-20T13:52:33Z,2026-09-20T17:00:00Z,Sun 1:00 PM ET,Chicago Bears,Minnesota Vikings,5a4f3bf,2026_02_MIN_CHI,1.0,graded,loss,-1.0,0.9523809523809523
0283a29e1b38ef78b29b904fd56a16dd,Minnesota Vikings @ Chicago Bears,Josh Oliver,bovada,Bovada,receptions,Receptions,under,1.5,-110,1.5019345726,0.5,0.0,0.5238095238,0.4898785425,0.506234414,1.5,5,-238.0952380952,-4.5454545455,Calibration fitted; not prospectively validated,2026-09-20T13:52:31Z,2026-09-20T17:00:00Z,Sun 1:00 PM ET,Chicago Bears,Minnesota Vikings,5a4f3bf,2026_02_MIN_CHI,1.0,graded,win,0.9090909090909091,0.9090909090909091
0283a29e1b38ef78b29b904fd56a16dd,Minnesota Vikings @ Chicago Bears,Josh Oliver,draftkings,DraftKings,recv_yds,Receiving yards,over,13.5,-111,15.0215395954,0.5,0.0,0.5260663507,0.4978941162,0.4978941162,13.5,3,-260.663507109,-4.954954955,Calibration fitted; not prospectively validated,2026-09-20T13:53:13Z,2026-09-20T17:00:00Z,Sun 1:00 PM ET,Chicago Bears,Minnesota Vikings,5a4f3bf,2026_02_MIN_CHI,24.0,graded,win,0.9009009009009009,0.9009009009009009
0283a29e1b38ef78b29b904fd56a16dd,Minnesota Vikings @ Chicago Bears,Josh Oliver,draftkings,DraftKings,recv_yds,Receiving yards,under,13.5,-113,15.0215395954,0.5,0.0,0.5305164319,0.5021058838,0.5021058838,13.5,3,-305.1643192488,-5.7522123894,Calibration fitted; not prospectively validated,2026-09-20T13:53:13Z,2026-09-20T17:00:00Z,Sun 1:00 PM ET,Chicago Bears,Minnesota Vikings,5a4f3bf,2026_02_MIN_CHI,24.0,graded,loss,-1.0,0.8849557522123894
0283a29e1b38ef78b29b904fd56a16dd,Minnesota Vikings @ Chicago Bears,Justin Jefferson,betrivers,BetRivers,receptions,Receptions,over,6.5,116,7.8134521156,0.5475728155,0.0,0.462962963,,0.4875171639,6.5,5,846.0985257102,18.2757281553,Calibration fitted; not prospectively validated,2026-09-20T13:52:52Z,2026-09-20T17:00:00Z,Sun 1:00 PM ET,Chicago Bears,Minnesota Vikings,5a4f3bf,2026_02_MIN_CHI,3.0,graded,loss,-1.0,1.16
0283a29e1b38ef78b29b904fd56a16dd,Minnesota Vikings @ Chicago Bears,Justin Jefferson,betonlineag,BetOnline.ag,receptions,Receptions,under,6.5,-118,7.8134521156,0.4524271845,0.0,0.5412844037,0.5082034454,0.5124828361,6.5,5,-888.5721920371,-16.4159947342,Calibration fitted; not prospectively validated,2026-09-20T13:53:18Z,2026-09-20T17:00:00Z,Sun 1:00 PM ET,Chicago Bears,Minnesota Vikings,5a4f3bf,2026_02_MIN_CHI,3.0,graded,win,0.847457627118644,0.847457627118644
0283a29e1b38ef78b29b904fd56a16dd,Minnesota Vikings @ Chicago Bears,Justin Jefferson,fanduel,FanDuel,recv_yds,Receiving yards,over,79.5,-113,99.3717591639,0.5010141988,0.0,0.5305164319,0.5,0.5,79.5,3,-295.0223314192,-5.5610404064,Calibration fitted; not prospectively validated,2026-09-20T13:53:03Z,2026-09-20T17:00:00Z,Sun 1:00 PM ET,Chicago Bears,Minnesota Vikings,5a4f3bf,2026_02_MIN_CHI,55.0,graded,loss,-1.0,0.8849557522123894
0283a29e1b38ef78b29b904fd56a16dd,Minnesota Vikings @ Chicago Bears,Justin Jefferson,fanduel,FanDuel,recv_yds,Receiving yards,under,79.5,-113,99.3717591639,0.4989858012,0.0,0.5305164319,0.5,0.5,79.5,3,-315.3063070784,-5.9433843724,Calibration fitted; not prospectively validated,2026-09-20T13:53:03Z,2026-09-20T17:00:00Z,Sun 1:00 PM ET,Chicago Bears,Minnesota Vikings,5a4f3bf,2026_02_MIN_CHI,55.0,graded,win,0.8849557522123894,0.8849557522123894
0283a29e1b38ef78b29b904fd56a16dd,Minnesota Vikings @ Chicago Bears,Kalif Raymond,betrivers,BetRivers,receptions,Receptions,over,2.5,133,4.4061523007,0.5789473684,0.0,0.4291845494,,0.4170324846,2.5,5,1497.6281906483,34.8947368421,Calibration fitted; not prospectively validated,2026-09-20T13:52:52Z,2026-09-20T17:00:00Z,Sun 1:00 PM ET,Chicago Bears,Minnesota Vikings,5a4f3bf,2026_02_MIN_CHI,5.0,graded,win,1.33,1.33
0283a29e1b38ef78b29b904fd56a16dd,Minnesota Vikings @ Chicago Bears,Kalif Raymond,draftkings,DraftKings,receptions,Receptions,under,2.5,-153,4.4061523007,0.4210526316,0.0,0.604743083,0.5708955224,0.5829675154,2.5,5,-1836.9045142501,-30.3749570003,Calibration fitted; not prospectively validated,2026-09-20T13:53:13Z,2026-09-20T17:00:00Z,Sun 1:00 PM ET,Chicago Bears,Minnesota Vikings,5a4f3bf,2026_02_MIN_CHI,5.0,graded,loss,-1.0,0.6535947712418301
0283a29e1b38ef78b29b904fd56a16dd,Minnesota Vikings @ Chicago Bears,Kalif Raymond,betonlineag,BetOnline.ag,recv_yds,Receiving yards,over,22.5,-114,55.5776449607,0.5163043478,0.0,0.5327102804,0.5,0.5,23.0,3,-164.0593254774,-3.0797101449,Calibration fitted; not prospectively validated,2026-09-20T13:53:18Z,2026-09-20T17:00:00Z,Sun 1:00 PM ET,Chicago Bears,Minnesota Vikings,5a4f3bf,2026_02_MIN_CHI,40.0,graded,win,0.8771929824561403,0.8771929824561403
0283a29e1b38ef78b29b904fd56a16dd,Minnesota Vikings @ Chicago Bears,Kalif Raymond,betmgm,BetMGM,recv_yds,Receiving yards,under,22.5,-111,55.5776449607,0.4836956522,0.0,0.5260663507,0.4909529554,0.5,23.0,3,-423.7069853699,-8.0542499021,Calibration fitted; not prospectively validated,2026-09-20T13:52:33Z,2026-09-20T17:00:00Z,Sun 1:00 PM ET,Chicago Bears,Minnesota Vikings,5a4f3bf,2026_02_MIN_CHI,40.0,graded,loss,-1.0,0.9009009009009009
0283a29e1b38ef78b29b904fd56a16dd,Minnesota Vikings @ Chicago Bears,Kyle Monangai,betmgm,BetMGM,receptions,Receptions,over,1.5,135,2.2542356381,0.5475728155,0.0,0.4255319149,0.3959708232,0.419857152,1.5,5,1220.4090064036,28.6796116505,Calibration fitted; not prospectively validated,2026-09-20T13:52:33Z,2026-09-20T17:00:00Z,Sun 1:00 PM ET,Chicago Bears,Minnesota Vikings,5a4f3bf,2026_02_MIN_CHI,2.0,graded,win,1.35,1.35
0283a29e1b38ef78b29b904fd56a16dd,Minnesota Vikings @ Chicago Bears,Kyle Monangai,draftkings,DraftKings,receptions,Receptions,under,1.5,-157,2.2542356381,0.4524271845,0.0,0.6108949416,0.5766829734,0.580142848,1.5,5,-1584.6775716822,-25.9402634345,Calibration fitted; not prospectively validated,2026-09-20T13:53:13Z,2026-09-20T17:00:00Z,Sun 1:00 PM ET,Chicago Bears,Minnesota Vikings,5a4f3bf,2026_02_MIN_CHI,2.0,graded,loss,-1.0,0.6369426751592356
0283a29e1b38ef78b29b904fd56a16dd,Minnesota Vikings @ Chicago Bears,Kyle Monangai,betrivers,BetRivers,recv_yds,Receiving yards,over,10.5,-110,20.7010548546,0.5014367816,0.0,0.5238095238,0.4889380531,0.5,10.5,4,-223.7274220033,-4.2711598746,Calibration fitted; not prospectively validated,2026-09-20T13:52:52Z,2026-09-20T17:00:00Z,Sun 1:00 PM ET,Chicago Bears,Minnesota Vikings,5a4f3bf,2026_02_MIN_CHI,11.0,graded,win,0.9090909090909091,0.9090909090909091
0283a29e1b38ef78b29b904fd56a16dd,Minnesota Vikings @ Chicago Bears,Kyle Monangai,draftkings,DraftKings,recv_yds,Receiving yards,under,10.5,-112,20.7010548546,0.4985632184,0.0,0.5283018868,0.5,0.5,10.5,4,-297.3866840165,-5.6291050903,Calibration fitted; not prospectively validated,2026-09-20T13:53:13Z,2026-09-20T17:00:00Z,Sun 1:00 PM ET,Chicago Bears,Minnesota Vikings,5a4f3bf,2026_02_MIN_CHI,11.0,graded,loss,-1.0,0.8928571428571429
0283a29e1b38ef78b29b904fd56a16dd,Minnesota Vikings @ Chicago Bears,Kyle Monangai,draftkings,DraftKings,rush_attempts,Rushing attempts,over,8.5,-118,8.96331705,0.506993007,0.0,0.5412844037,0.5103976044,0.5255945032,8.5,2,-342.9139667672,-6.3351902335,Calibration fitted; not prospectively validated,2026-09-20T13:53:13Z,2026-09-20T17:00:00Z,Sun 1:00 PM ET,Chicago Bears,Minnesota Vikings,5a4f3bf,2026_02_MIN_CHI,10.0,graded,win,0.847457627118644,0.847457627118644
0283a29e1b38ef78b29b904fd56a16dd,Minnesota Vikings @ Chicago Bears,Kyle Monangai,betonlineag,BetOnline.ag,rush_attempts,Rushing attempts,under,8.5,105,8.96331705,0.5,0.0,0.487804878,0.4592085979,0.4744054968,8.5,2,121.9512195122,2.5,Calibration fitted; not prospectively validated,2026-09-20T13:53:18Z,2026-09-20T17:00:00Z,Sun 1:00 PM ET,Chicago Bears,Minnesota Vikings,5a4f3bf,2026_02_MIN_CHI,10.0,graded,loss,-1.0,1.05
0283a29e1b38ef78b29b904fd56a16dd,Minnesota Vikings @ Chicago Bears,Kyle Monangai,draftkings,DraftKings,rush_yds,Rushing yards,over,36.5,-109,48.2271891738,0.5,0.0,0.5215311005,0.4936802191,0.4917965546,36.5,3,-215.3110047847,-4.128440367,Calibration fitted; not prospectively validated,2026-09-20T13:53:13Z,2026-09-20T17:00:00Z,Sun 1:00 PM ET,Chicago Bears,Minnesota Vikings,5a4f3bf,2026_02_MIN_CHI,47.0,graded,win,0.9174311926605505,0.9174311926605505
0283a29e1b38ef78b29b904fd56a16dd,Minnesota Vikings @ Chicago Bears,Kyle Monangai,draftkings,DraftKings,rush_yds,Rushing yards,under,36.5,-115,48.2271891738,0.5,0.0,0.5348837209,0.5063197809,0.5082034454,36.5,3,-348.8372093023,-6.5217391304,Calibration fitted; not prospectively validated,2026-09-20T13:53:13Z,2026-09-20T17:00:00Z,Sun 1:00 PM ET,Chicago Bears,Minnesota Vikings,5a4f3bf,2026_02_MIN_CHI,47.0,graded,loss,-1.0,0.8695652173913043
0283a29e1b38ef78b29b904fd56a16dd,Minnesota Vikings @ Chicago Bears,Luther Burden,betmgm,BetMGM,receptions,Receptions,over,4.5,125,4.9147891106,0.5408805031,0.0,0.4444444444,0.416502947,0.4366812227,4.5,5,964.3605870021,21.6981132075,Calibration fitted; not prospectively validated,2026-09-20T13:52:33Z,2026-09-20T17:00:00Z,Sun 1:00 PM ET,Chicago Bears,Minnesota Vikings,5a4f3bf,2026_02_MIN_CHI,3.0,graded,loss,-1.0,1.25
0283a29e1b38ef78b29b904fd56a16dd,Minnesota Vikings @ Chicago Bears,Luther Burden,betonlineag,BetOnline.ag,receptions,Receptions,under,4.5,-132,4.9147891106,0.4591194969,0.0,0.5689655172,0.5347344778,0.5633187773,4.5,5,-1098.4602038603,-19.3062702497,Calibration fitted; not prospectively validated,2026-09-20T13:53:18Z,2026-09-20T17:00:00Z,Sun 1:00 PM ET,Chicago Bears,Minnesota Vikings,5a4f3bf,2026_02_MIN_CHI,3.0,graded,win,0.7575757575757576,0.7575757575757576
0283a29e1b38ef78b29b904fd56a16dd,Minnesota Vikings @ Chicago Bears,Luther Burden,draftkings,DraftKings,recv_yds,Receiving yards,over,50.5,-109,62.794080977,0.5010141988,0.0,0.5215311005,0.4936802191,0.4927383868,50.5,4,-205.1690169551,-3.9339747288,Calibration fitted; not prospectively validated,2026-09-20T13:53:13Z,2026-09-20T17:00:00Z,Sun 1:00 PM ET,Chicago Bears,Minnesota Vikings,5a4f3bf,2026_02_MIN_CHI,32.0,graded,loss,-1.0,0.9174311926605505
0283a29e1b38ef78b29b904fd56a16dd,Minnesota Vikings @ Chicago Bears,Luther Burden,draftkings,DraftKings,recv_yds,Receiving yards,under,50.5,-115,62.794080977,0.4989858012,0.0,0.5348837209,0.5063197809,0.5072616132,50.5,4,-358.9791971319,-6.7113502072,Calibration fitted; not prospectively validated,2026-09-20T13:53:13Z,2026-09-20T17:00:00Z,Sun 1:00 PM ET,Chicago Bears,Minnesota Vikings,5a4f3bf,2026_02_MIN_CHI,32.0,graded,win,0.8695652173913043,0.8695652173913043
0283a29e1b38ef78b29b904fd56a16dd,Minnesota Vikings @ Chicago Bears,Rome Odunze,betonlineag,BetOnline.ag,receptions,Receptions,over,2.5,-127,3.7749592453,0.5475728155,0.0,0.5594713656,0.5256105556,0.5256105556,2.5,5,-118.9855010479,-2.1267487195,Calibration fitted; not prospectively validated,2026-09-20T13:53:18Z,2026-09-20T17:00:00Z,Sun 1:00 PM ET,Chicago Bears,Minnesota Vikings,5a4f3bf,2026_02_MIN_CHI,3.0,graded,win,0.7874015748031497,0.7874015748031497
0283a29e1b38ef78b29b904fd56a16dd,Minnesota Vikings @ Chicago Bears,Rome Odunze,draftkings,DraftKings,receptions,Receptions,under,2.5,102,3.7749592453,0.4524271845,0.0,0.495049505,0.4660828861,0.4743894444,2.5,5,-426.2232048448,-8.6097087379,Calibration fitted; not prospectively validated,2026-09-20T13:53:13Z,2026-09-20T17:00:00Z,Sun 1:00 PM ET,Chicago Bears,Minnesota Vikings,5a4f3bf,2026_02_MIN_CHI,3.0,graded,loss,-1.0,1.02
0283a29e1b38ef78b29b904fd56a16dd,Minnesota Vikings @ Chicago Bears,Rome Odunze,fanduel,FanDuel,recv_yds,Receiving yards,over,39.5,-113,62.5288362822,0.5014367816,0.0,0.5305164319,0.5,0.5051290468,39.5,2,-290.7965031569,-5.4813854135,Calibration fitted; not prospectively validated,2026-09-20T13:53:03Z,2026-09-20T17:00:00Z,Sun 1:00 PM ET,Chicago Bears,Minnesota Vikings,5a4f3bf,2026_02_MIN_CHI,43.0,graded,win,0.8849557522123894,0.8849557522123894
0283a29e1b38ef78b29b904fd56a16dd,Minnesota Vikings @ Chicago Bears,Rome Odunze,betonlineag,BetOnline.ag,recv_yds,Receiving yards,under,39.5,-109,62.5288362822,0.4985632184,0.0,0.5215311005,0.4897419064,0.4948709532,39.5,2,-229.6788208766,-4.4039333544,Calibration fitted; not prospectively validated,2026-09-20T13:53:18Z,2026-09-20T17:00:00Z,Sun 1:00 PM ET,Chicago Bears,Minnesota Vikings,5a4f3bf,2026_02_MIN_CHI,43.0,graded,loss,-1.0,0.9174311926605505
0283a29e1b38ef78b29b904fd56a16dd,Minnesota Vikings @ Chicago Bears,T.J. Hockenson,betmgm,BetMGM,receptions,Receptions,over,3.5,-105,4.6628891738,0.5475728155,0.0,0.512195122,0.4796954315,0.5101897756,3.5,6,353.7769358276,6.907073509,Calibration fitted; not prospectively validated,2026-09-20T13:52:33Z,2026-09-20T17:00:00Z,Sun 1:00 PM ET,Chicago Bears,Minnesota Vikings,5a4f3bf,2026_02_MIN_CHI,3.0,graded,loss,-1.0,0.9523809523809523
0283a29e1b38ef78b29b904fd56a16dd,Minnesota Vikings @ Chicago Bears,T.J. Hockenson,fanatics,Fanatics,receptions,Receptions,under,3.5,-105,4.6628891738,0.4524271845,0.0,0.512195122,0.4796954315,0.4898102244,3.5,6,-597.679374852,-11.6689782709,Calibration fitted; not prospectively validated,2026-09-20T13:51:50Z,2026-09-20T17:00:00Z,Sun 1:00 PM ET,Chicago Bears,Minnesota Vikings,5a4f3bf,2026_02_MIN_CHI,3.0,graded,win,0.9523809523809523,0.9523809523809523
0283a29e1b38ef78b29b904fd56a16dd,Minnesota Vikings @ Chicago Bears,T.J. Hockenson,fanduel,FanDuel,recv_yds,Receiving yards,over,30.5,-113,44.0821486587,0.5014367816,0.0,0.5305164319,0.5,0.5,30.0,3,-290.7965031569,-5.4813854135,Calibration fitted; not prospectively validated,2026-09-20T13:53:03Z,2026-09-20T17:00:00Z,Sun 1:00 PM ET,Chicago Bears,Minnesota Vikings,5a4f3bf,2026_02_MIN_CHI,29.0,graded,loss,-1.0,0.8849557522123894
0283a29e1b38ef78b29b904fd56a16dd,Minnesota Vikings @ Chicago Bears,T.J. Hockenson,betmgm,BetMGM,recv_yds,Receiving yards,under,30.5,-111,44.0821486587,0.4985632184,0.0,0.5260663507,0.4909529554,0.5,30.0,3,-275.031323201,-5.2280729005,Calibration fitted; not prospectively validated,2026-09-20T13:52:33Z,2026-09-20T17:00:00Z,Sun 1:00 PM ET,Chicago Bears,Minnesota Vikings,5a4f3bf,2026_02_MIN_CHI,29.0,graded,win,0.9009009009009009,0.9009009009009009
0636ebff776d43f8c829a36713c80b22,Cleveland Browns @ Tampa Bay Buccaneers,Baker Mayfield,bovada,Bovada,interceptions,Interceptions thrown,over,0.5,115,,,,0.4651162791,0.4366812227,0.4423580392,0.5,5,,,Insufficient player data,2026-09-20T13:52:14Z,2026-09-20T17:00:00Z,Sun 1:00 PM ET,Tampa Bay Buccaneers,Cleveland Browns,5a4f3bf,2026_02_CLE_TB,1.0,graded,win,1.15,1.15
0636ebff776d43f8c829a36713c80b22,Cleveland Browns @ Tampa Bay Buccaneers,Baker Mayfield,betonlineag,BetOnline.ag,interceptions,Interceptions thrown,under,0.5,-135,,,,0.5744680851,0.5407914021,0.5576419608,0.5,5,,,Insufficient player data,2026-09-20T13:53:13Z,2026-09-20T17:00:00Z,Sun 1:00 PM ET,Tampa Bay Buccaneers,Cleveland Browns,5a4f3bf,2026_02_CLE_TB,1.0,graded,loss,-1.0,0.7407407407407407
0636ebff776d43f8c829a36713c80b22,Cleveland Browns @ Tampa Bay Buccaneers,Baker Mayfield,bovada,Bovada,pass_attempts,Passing attempts,over,27.5,-125,31.0380281172,0.6363636364,0.0,0.5555555556,0.5203045685,0.5220817448,28.0,2,808.0808080808,14.5454545455,Calibration fitted; not prospectively validated,2026-09-20T13:52:14Z,2026-09-20T17:00:00Z,Sun 1:00 PM ET,Tampa Bay Buccaneers,Cleveland Browns,5a4f3bf,2026_02_CLE_TB,34.0,graded,win,0.8,0.8
0636ebff776d43f8c829a36713c80b22,Cleveland Browns @ Tampa Bay Buccaneers,Baker Mayfield,draftkings,DraftKings,pass_attempts,Passing attempts,under,27.5,-102,31.0380281172,0.3636363636,0.0,0.504950495,0.4761410788,0.4779182552,28.0,2,-1413.1413141314,-27.9857397504,Calibration fitted; not prospectively validated,2026-09-20T13:53:22Z,2026-09-20T17:00:00Z,Sun 1:00 PM ET,Tampa Bay Buccaneers,Cleveland Browns,5a4f3bf,2026_02_CLE_TB,34.0,graded,loss,-1.0,0.9803921568627451
0636ebff776d43f8c829a36713c80b22,Cleveland Browns @ Tampa Bay Buccaneers,Baker Mayfield,betrivers,BetRivers,pass_completions,Passing completions,over,18.5,-113,23.2785210879,0.5416666667,0.0,0.5305164319,,0.5101214575,18.5,3,111.5023474178,2.1017699115,Calibration fitted; not prospectively validated,2026-09-20T13:52:58Z,2026-09-20T17:00:00Z,Sun 1:00 PM ET,Tampa Bay Buccaneers,Cleveland Browns,5a4f3bf,2026_02_CLE_TB,21.0,graded,win,0.8849557522123894,0.8849557522123894
0636ebff776d43f8c829a36713c80b22,Cleveland Browns @ Tampa Bay Buccaneers,Baker Mayfield,draftkings,DraftKings,pass_completions,Passing completions,under,18.5,-106,23.2785210879,0.4583333333,0.0,0.5145631068,0.4854288093,0.4898785425,18.5,3,-562.2977346278,-10.927672956,Calibration fitted; not prospectively validated,2026-09-20T13:53:22Z,2026-09-20T17:00:00Z,Sun 1:00 PM ET,Tampa Bay Buccaneers,Cleveland Browns,5a4f3bf,2026_02_CLE_TB,21.0,graded,loss,-1.0,0.9433962264150944
0636ebff776d43f8c829a36713c80b22,Cleveland Browns @ Tampa Bay Buccaneers,Baker Mayfield,betmgm,BetMGM,pass_tds,Passing touchdowns,over,1.5,-110,0.0106,0.25,0.0,0.5238095238,0.4898785425,0.5154235088,1.5,6,-2738.0952380952,-52.2727272727,Calibration fitted; not prospectively validated,2026-09-20T13:53:24Z,2026-09-20T17:00:00Z,Sun 1:00 PM ET,Tampa Bay Buccaneers,Cleveland Browns,5a4f3bf,2026_02_CLE_TB,1.0,graded,loss,-1.0,0.9090909090909091
0636ebff776d43f8c829a36713c80b22,Cleveland Browns @ Tampa Bay Buccaneers,Baker Mayfield,betonlineag,BetOnline.ag,pass_tds,Passing touchdowns,under,1.5,100,0.0106,0.75,0.0,0.5,0.4693877551,0.4845764912,1.5,6,2500.0,50.0,Calibration fitted; not prospectively validated,2026-09-20T13:53:13Z,2026-09-20T17:00:00Z,Sun 1:00 PM ET,Tampa Bay Buccaneers,Cleveland Browns,5a4f3bf,2026_02_CLE_TB,1.0,graded,win,1.0,1.0
0636ebff776d43f8c829a36713c80b22,Cleveland Browns @ Tampa Bay Buccaneers,Baker Mayfield,draftkings,DraftKings,pass_yds,Passing yards,over,216.5,-112,265.7731259976,0.5,0.0,0.5283018868,0.5,0.5,216.5,5,-283.0188679245,-5.3571428571,Calibration fitted; not prospectively validated,2026-09-20T13:53:22Z,2026-09-20T17:00:00Z,Sun 1:00 PM ET,Tampa Bay Buccaneers,Cleveland Browns,5a4f3bf,2026_02_CLE_TB,182.0,graded,loss,-1.0,0.8928571428571429
0636ebff776d43f8c829a36713c80b22,Cleveland Browns @ Tampa Bay Buccaneers,Baker Mayfield,betonlineag,BetOnline.ag,pass_yds,Passing yards,under,216.5,-111,265.7731259976,0.5,0.0,0.5260663507,0.4948402543,0.5,216.5,5,-260.663507109,-4.954954955,Calibration fitted; not prospectively validated,2026-09-20T13:53:13Z,2026-09-20T17:00:00Z,Sun 1:00 PM ET,Tampa Bay Buccaneers,Cleveland Browns,5a4f3bf,2026_02_CLE_TB,182.0,graded,win,0.9009009009009009,0.9009009009009009
0636ebff776d43f8c829a36713c80b22,Cleveland Browns @ Tampa Bay Buccaneers,Baker Mayfield,draftkings,DraftKings,rush_yds,Rushing yards,over,16.5,-113,23.1982150412,0.5,0.0,0.5305164319,0.5021058838,0.5021058838,16.5,3,-305.1643192488,-5.7522123894,Calibration fitted; not prospectively validated,2026-09-20T13:53:22Z,2026-09-20T17:00:00Z,Sun 1:00 PM ET,Tampa Bay Buccaneers,Cleveland Browns,5a4f3bf,2026_02_CLE_TB,29.0,graded,win,0.8849557522123894,0.8849557522123894
0636ebff776d43f8c829a36713c80b22,Cleveland Browns @ Tampa Bay Buccaneers,Baker Mayfield,draftkings,DraftKings,rush_yds,Rushing yards,under,16.5,-111,23.1982150412,0.5,0.0,0.5260663507,0.4978941162,0.4978941162,16.5,3,-260.663507109,-4.954954955,Calibration fitted; not prospectively validated,2026-09-20T13:53:22Z,2026-09-20T17:00:00Z,Sun 1:00 PM ET,Tampa Bay Buccaneers,Cleveland Browns,5a4f3bf,2026_02_CLE_TB,29.0,graded,loss,-1.0,0.9009009009009009
0636ebff776d43f8c829a36713c80b22,Cleveland Browns @ Tampa Bay Buccaneers,Bucky Irving,betrivers,BetRivers,receptions,Receptions,over,2.5,123,3.4530514891,0.5475728155,0.0,0.4484304933,,0.4677419355,2.5,5,991.4232226044,22.1087378641,Calibration fitted; not prospectively validated,2026-09-20T13:52:58Z,2026-09-20T17:00:00Z,Sun 1:00 PM ET,Tampa Bay Buccaneers,Cleveland Browns,5a4f3bf,2026_02_CLE_TB,4.0,graded,win,1.23,1.23
0636ebff776d43f8c829a36713c80b22,Cleveland Browns @ Tampa Bay Buccaneers,Bucky Irving,draftkings,DraftKings,receptions,Receptions,under,2.5,-121,3.4530514891,0.4524271845,0.0,0.5475113122,0.5166631952,0.5322580645,2.5,5,-950.8412775118,-17.3666051512,Calibration fitted; not prospectively validated,2026-09-20T13:53:22Z,2026-09-20T17:00:00Z,Sun 1:00 PM ET,Tampa Bay Buccaneers,Cleveland Browns,5a4f3bf,2026_02_CLE_TB,4.0,graded,loss,-1.0,0.8264462809917356
0636ebff776d43f8c829a36713c80b22,Cleveland Browns @ Tampa Bay Buccaneers,Bucky Irving,betrivers,BetRivers,recv_yds,Receiving yards,over,17.5,-113,27.0784380284,0.5014367816,0.0,0.5305164319,0.4949766919,0.5101214575,17.0,3,-290.7965031569,-5.4813854135,Calibration fitted; not prospectively validated,2026-09-20T13:52:58Z,2026-09-20T17:00:00Z,Sun 1:00 PM ET,Tampa Bay Buccaneers,Cleveland Browns,5a4f3bf,2026_02_CLE_TB,1.0,graded,loss,-1.0,0.8849557522123894
0636ebff776d43f8c829a36713c80b22,Cleveland Browns @ Tampa Bay Buccaneers,Bucky Irving,draftkings,DraftKings,recv_yds,Receiving yards,under,17.5,-107,27.0784380284,0.4985632184,0.0,0.5169082126,0.4894599266,0.4898785425,17.0,3,-183.4499416958,-3.5489848534,Calibration fitted; not prospectively validated,2026-09-20T13:53:22Z,2026-09-20T17:00:00Z,Sun 1:00 PM ET,Tampa Bay Buccaneers,Cleveland Browns,5a4f3bf,2026_02_CLE_TB,1.0,graded,win,0.9345794392523364,0.9345794392523364
0636ebff776d43f8c829a36713c80b22,Cleveland Browns @ Tampa Bay Buccaneers,Bucky Irving,draftkings,DraftKings,rush_attempts,Rushing attempts,over,15.5,-103,9.9643757061,0.4054054054,0.0,0.5073891626,0.4782356355,0.484057089,15.5,2,-1019.8375715617,-20.0997113618,Calibration fitted; not prospectively validated,2026-09-20T13:53:22Z,2026-09-20T17:00:00Z,Sun 1:00 PM ET,Tampa Bay Buccaneers,Cleveland Browns,5a4f3bf,2026_02_CLE_TB,17.0,graded,win,0.970873786407767,0.970873786407767
0636ebff776d43f8c829a36713c80b22,Cleveland Browns @ Tampa Bay Buccaneers,Bucky Irving,betmgm,BetMGM,rush_attempts,Rushing attempts,under,15.5,-120,9.9643757061,0.5945945946,0.0,0.5454545455,0.5101214575,0.515942911,15.5,2,491.4004914005,9.009009009,Calibration fitted; not prospectively validated,2026-09-20T13:53:24Z,2026-09-20T17:00:00Z,Sun 1:00 PM ET,Tampa Bay Buccaneers,Cleveland Browns,5a4f3bf,2026_02_CLE_TB,17.0,graded,loss,-1.0,0.8333333333333334
0636ebff776d43f8c829a36713c80b22,Cleveland Browns @ Tampa Bay Buccaneers,Bucky Irving,draftkings,DraftKings,rush_yds,Rushing yards,over,65.5,-112,45.6183472592,0.4352331606,0.0,0.5283018868,0.5,0.5,65.5,3,-930.6872617069,-17.6165803109,Calibration fitted; not prospectively validated,2026-09-20T13:53:22Z,2026-09-20T17:00:00Z,Sun 1:00 PM ET,Tampa Bay Buccaneers,Cleveland Browns,5a4f3bf,2026_02_CLE_TB,89.0,graded,win,0.8928571428571429,0.8928571428571429
0636ebff776d43f8c829a36713c80b22,Cleveland Browns @ Tampa Bay Buccaneers,Bucky Irving,draftkings,DraftKings,rush_yds,Rushing yards,under,65.5,-112,45.6183472592,0.5647668394,0.0,0.5283018868,0.5,0.5,65.5,3,364.6495258579,6.9022945966,Calibration fitted; not prospectively validated,2026-09-20T13:53:22Z,2026-09-20T17:00:00Z,Sun 1:00 PM ET,Tampa Bay Buccaneers,Cleveland Browns,5a4f3bf,2026_02_CLE_TB,89.0,graded,loss,-1.0,0.8928571428571429
0636ebff776d43f8c829a36713c80b22,Cleveland Browns @ Tampa Bay Buccaneers,Cade Otton,betmgm,BetMGM,receptions,Receptions,over,2.5,-155,2.8668042661,0.5420560748,0.0,0.6078431373,0.5665108372,0.5806451613,2.5,5,-657.8706248855,-10.823032861,Calibration fitted; not prospectively validated,2026-09-20T13:53:24Z,2026-09-20T17:00:00Z,Sun 1:00 PM ET,Tampa Bay Buccaneers,Cleveland Browns,5a4f3bf,2026_02_CLE_TB,5.0,graded,win,0.6451612903225806,0.6451612903225806
0636ebff776d43f8c829a36713c80b22,Cleveland Browns @ Tampa Bay Buccaneers,Cade Otton,betonlineag,BetOnline.ag,receptions,Receptions,under,2.5,126,2.8668042661,0.4579439252,0.0,0.4424778761,0.4159838649,0.4193548387,2.5,5,154.6604912745,3.4953271028,Calibration fitted; not prospectively validated,2026-09-20T13:53:13Z,2026-09-20T17:00:00Z,Sun 1:00 PM ET,Tampa Bay Buccaneers,Cleveland Browns,5a4f3bf,2026_02_CLE_TB,5.0,graded,loss,-1.0,1.26
0636ebff776d43f8c829a36713c80b22,Cleveland Browns @ Tampa Bay Buccaneers,Cade Otton,fanduel,FanDuel,recv_yds,Receiving yards,over,27.5,-113,29.37550026,0.5,0.0,0.5305164319,0.5,0.5,28.5,3,-305.1643192488,-5.7522123894,Calibration fitted; not prospectively validated,2026-09-20T13:53:11Z,2026-09-20T17:00:00Z,Sun 1:00 PM ET,Tampa Bay Buccaneers,Cleveland Browns,5a4f3bf,2026_02_CLE_TB,38.0,graded,win,0.8849557522123894,0.8849557522123894
0636ebff776d43f8c829a36713c80b22,Cleveland Browns @ Tampa Bay Buccaneers,Cade Otton,betonlineag,BetOnline.ag,recv_yds,Receiving yards,under,27.5,-111,29.37550026,0.5,0.0,0.5260663507,0.4948402543,0.5,28.5,3,-260.663507109,-4.954954955,Calibration fitted; not prospectively validated,2026-09-20T13:53:13Z,2026-09-20T17:00:00Z,Sun 1:00 PM ET,Tampa Bay Buccaneers,Cleveland Browns,5a4f3bf,2026_02_CLE_TB,38.0,graded,loss,-1.0,0.9009009009009009
0636ebff776d43f8c829a36713c80b22,Cleveland Browns @ Tampa Bay Buccaneers,Chris Godwin,betmgm,BetMGM,receptions,Receptions,over,3.5,-115,6.1312222907,0.5789473684,0.0,0.5348837209,0.5,0.5347344778,3.5,5,440.6364749082,8.23798627,Calibration fitted; not prospectively validated,2026-09-20T13:53:24Z,2026-09-20T17:00:00Z,Sun 1:00 PM ET,Tampa Bay Buccaneers,Cleveland Browns,5a4f3bf,2026_02_CLE_TB,3.0,graded,loss,-1.0,0.8695652173913043
0636ebff776d43f8c829a36713c80b22,Cleveland Browns @ Tampa Bay Buccaneers,Chris Godwin,draftkings,DraftKings,receptions,Receptions,under,3.5,106,6.1312222907,0.4210526316,0.0,0.4854368932,0.4580003898,0.4652655222,3.5,5,-643.8426162494,-13.2631578947,Calibration fitted; not prospectively validated,2026-09-20T13:53:22Z,2026-09-20T17:00:00Z,Sun 1:00 PM ET,Tampa Bay Buccaneers,Cleveland Browns,5a4f3bf,2026_02_CLE_TB,3.0,graded,win,1.06,1.06
0636ebff776d43f8c829a36713c80b22,Cleveland Browns @ Tampa Bay Buccaneers,Chris Godwin,draftkings,DraftKings,recv_yds,Receiving yards,over,37.5,-112,72.0157696397,0.5163043478,0.0,0.5283018868,0.5,0.5,37.5,3,-119.9753896637,-2.2709627329,Calibration fitted; not prospectively validated,2026-09-20T13:53:22Z,2026-09-20T17:00:00Z,Sun 1:00 PM ET,Tampa Bay Buccaneers,Cleveland Browns,5a4f3bf,2026_02_CLE_TB,46.0,graded,win,0.8928571428571429,0.8928571428571429
0636ebff776d43f8c829a36713c80b22,Cleveland Browns @ Tampa Bay Buccaneers,Chris Godwin,draftkings,DraftKings,recv_yds,Receiving yards,under,37.5,-112,72.0157696397,0.4836956522,0.0,0.5283018868,0.5,0.5,37.5,3,-446.0623461854,-8.4433229814,Calibration fitted; not prospectively validated,2026-09-20T13:53:22Z,2026-09-20T17:00:00Z,Sun 1:00 PM ET,Tampa Bay Buccaneers,Cleveland Browns,5a4f3bf,2026_02_CLE_TB,46.0,graded,loss,-1.0,0.8928571428571429
0636ebff776d43f8c829a36713c80b22,Cleveland Browns @ Tampa Bay Buccaneers,Denzel Boston,betmgm,BetMGM,receptions,Receptions,over,2.5,-118,2.0816005118,0.4579439252,0.0,0.5412844037,0.5071288903,0.5203045685,2.5,5,-833.4047843608,-15.3968002534,Calibration fitted; not prospectively validated,2026-09-20T13:53:24Z,2026-09-20T17:00:00Z,Sun 1:00 PM ET,Tampa Bay Buccaneers,Cleveland Browns,5a4f3bf,2026_02_CLE_TB,5.0,graded,win,0.847457627118644,0.847457627118644
0636ebff776d43f8c829a36713c80b22,Cleveland Browns @ Tampa Bay Buccaneers,Denzel Boston,fanduel,FanDuel,receptions,Receptions,under,2.5,100,2.0816005118,0.5420560748,0.0,0.5,0.4677419355,0.4796954315,2.5,5,420.5607476636,8.4112149533,Calibration fitted; not prospectively validated,2026-09-20T13:53:11Z,2026-09-20T17:00:00Z,Sun 1:00 PM ET,Tampa Bay Buccaneers,Cleveland Browns,5a4f3bf,2026_02_CLE_TB,5.0,graded,loss,-1.0,1.0
0636ebff776d43f8c829a36713c80b22,Cleveland Browns @ Tampa Bay Buccaneers,Denzel Boston,betmgm,BetMGM,recv_yds,Receiving yards,over,30.5,-111,32.329960051,0.5,0.0,0.5260663507,0.4928711097,0.5010529419,30.5,4,-260.663507109,-4.954954955,Calibration fitted; not prospectively validated,2026-09-20T13:53:24Z,2026-09-20T17:00:00Z,Sun 1:00 PM ET,Tampa Bay Buccaneers,Cleveland Browns,5a4f3bf,2026_02_CLE_TB,95.0,graded,win,0.9009009009009009,0.9009009009009009
0636ebff776d43f8c829a36713c80b22,Cleveland Browns @ Tampa Bay Buccaneers,Denzel Boston,draftkings,DraftKings,recv_yds,Receiving yards,under,30.5,-111,32.329960051,0.5,0.0,0.5260663507,0.4978941162,0.4989470581,30.5,4,-260.663507109,-4.954954955,Calibration fitted; not prospectively validated,2026-09-20T13:53:22Z,2026-09-20T17:00:00Z,Sun 1:00 PM ET,Tampa Bay Buccaneers,Cleveland Browns,5a4f3bf,2026_02_CLE_TB,95.0,graded,loss,-1.0,0.9009009009009009
0636ebff776d43f8c829a36713c80b22,Cleveland Browns @ Tampa Bay Buccaneers,Deshaun Watson,betonlineag,BetOnline.ag,interceptions,Interceptions thrown,over,0.5,-143,,,,0.5884773663,0.5527332965,0.5587970466,0.5,3,,,Insufficient player data,2026-09-20T13:53:13Z,2026-09-20T17:00:00Z,Sun 1:00 PM ET,Tampa Bay Buccaneers,Cleveland Browns,5a4f3bf,2026_02_CLE_TB,0.0,graded,loss,-1.0,0.6993006993006993
0636ebff776d43f8c829a36713c80b22,Cleveland Browns @ Tampa Bay Buccaneers,Deshaun Watson,betrivers,BetRivers,interceptions,Interceptions thrown,under,0.5,117,,,,0.4608294931,0.4299887902,0.4412029534,0.5,3,,,Insufficient player data,2026-09-20T13:52:58Z,2026-09-20T17:00:00Z,Sun 1:00 PM ET,Tampa Bay Buccaneers,Cleveland Browns,5a4f3bf,2026_02_CLE_TB,0.0,graded,win,1.17,1.17
0636ebff776d43f8c829a36713c80b22,Cleveland Browns @ Tampa Bay Buccaneers,Deshaun Watson,betmgm,BetMGM,pass_attempts,Passing attempts,over,28.5,-120,28.5327232675,0.5,0.0,0.5454545455,0.5101214575,0.5241855483,28.5,4,-454.5454545455,-8.3333333333,Calibration fitted; not prospectively validated,2026-09-20T13:53:24Z,2026-09-20T17:00:00Z,Sun 1:00 PM ET,Tampa Bay Buccaneers,Cleveland Browns,5a4f3bf,2026_02_CLE_TB,30.0,graded,win,0.8333333333333334,0.8333333333333334
0636ebff776d43f8c829a36713c80b22,Cleveland Browns @ Tampa Bay Buccaneers,Deshaun Watson,betonlineag,BetOnline.ag,pass_attempts,Passing attempts,under,28.5,100,28.5327232675,0.5,0.0,0.5,0.4693877551,0.4758144517,28.5,4,0.0,0.0,Calibration fitted; not prospectively validated,2026-09-20T13:53:13Z,2026-09-20T17:00:00Z,Sun 1:00 PM ET,Tampa Bay Buccaneers,Cleveland Browns,5a4f3bf,2026_02_CLE_TB,30.0,graded,loss,-1.0,1.0
0636ebff776d43f8c829a36713c80b22,Cleveland Browns @ Tampa Bay Buccaneers,Deshaun Watson,draftkings,DraftKings,pass_completions,Passing completions,over,16.5,-130,20.7510714672,0.5,0.0,0.5652173913,0.533089728,0.5407914021,16.5,3,-652.1739130435,-11.5384615385,Calibration fitted; not prospectively validated,2026-09-20T13:53:22Z,2026-09-20T17:00:00Z,Sun 1:00 PM ET,Tampa Bay Buccaneers,Cleveland Browns,5a4f3bf,2026_02_CLE_TB,24.0,graded,win,0.7692307692307693,0.7692307692307693
0636ebff776d43f8c829a36713c80b22,Cleveland Browns @ Tampa Bay Buccaneers,Deshaun Watson,betmgm,BetMGM,pass_completions,Passing completions,under,16.5,105,20.7510714672,0.5,0.0,0.487804878,0.4554079696,0.4592085979,16.5,3,121.9512195122,2.5,Calibration fitted; not prospectively validated,2026-09-20T13:53:24Z,2026-09-20T17:00:00Z,Sun 1:00 PM ET,Tampa Bay Buccaneers,Cleveland Browns,5a4f3bf,2026_02_CLE_TB,24.0,graded,loss,-1.0,1.05
0636ebff776d43f8c829a36713c80b22,Cleveland Browns @ Tampa Bay Buccaneers,Deshaun Watson,betmgm,BetMGM,pass_tds,Passing touchdowns,over,0.5,-175,0.94,0.5,0.0,0.6363636364,0.594095941,0.6216232611,0.5,6,-1363.6363636364,-21.4285714286,Calibration fitted; not prospectively validated,2026-09-20T13:53:24Z,2026-09-20T17:00:00Z,Sun 1:00 PM ET,Tampa Bay Buccaneers,Cleveland Browns,5a4f3bf,2026_02_CLE_TB,2.0,graded,win,0.5714285714285714,0.5714285714285714
0636ebff776d43f8c829a36713c80b22,Cleveland Browns @ Tampa Bay Buccaneers,Deshaun Watson,fanduel,FanDuel,pass_tds,Passing touchdowns,under,0.5,158,0.94,0.5,0.0,0.3875968992,0.3639351961,0.3783767389,0.5,6,1124.0310077519,29.0,Calibration fitted; not prospectively validated,2026-09-20T13:53:11Z,2026-09-20T17:00:00Z,Sun 1:00 PM ET,Tampa Bay Buccaneers,Cleveland Browns,5a4f3bf,2026_02_CLE_TB,2.0,graded,loss,-1.0,1.58
0636ebff776d43f8c829a36713c80b22,Cleveland Browns @ Tampa Bay Buccaneers,Deshaun Watson,fanduel,FanDuel,pass_yds,Passing yards,over,175.5,-113,217.0009818893,0.5,0.0,0.5305164319,0.5,0.5,174.5,2,-305.1643192488,-5.7522123894,Calibration fitted; not prospectively validated,2026-09-20T13:53:11Z,2026-09-20T17:00:00Z,Sun 1:00 PM ET,Tampa Bay Buccaneers,Cleveland Browns,5a4f3bf,2026_02_CLE_TB,238.0,graded,win,0.8849557522123894,0.8849557522123894
0636ebff776d43f8c829a36713c80b22,Cleveland Browns @ Tampa Bay Buccaneers,Deshaun Watson,fanduel,FanDuel,pass_yds,Passing yards,under,175.5,-113,217.0009818893,0.5,0.0,0.5305164319,0.5,0.5,174.5,2,-305.1643192488,-5.7522123894,Calibration fitted; not prospectively validated,2026-09-20T13:53:11Z,2026-09-20T17:00:00Z,Sun 1:00 PM ET,Tampa Bay Buccaneers,Cleveland Browns,5a4f3bf,2026_02_CLE_TB,238.0,graded,loss,-1.0,0.8849557522123894
0636ebff776d43f8c829a36713c80b22,Cleveland Browns @ Tampa Bay Buccaneers,Deshaun Watson,draftkings,DraftKings,rush_attempts,Rushing attempts,over,4.5,-143,6.0650307745,0.506993007,0.0,0.5884773663,0.5550754358,0.5557781234,4.5,2,-814.8435926214,-13.8466428676,Calibration fitted; not prospectively validated,2026-09-20T13:53:22Z,2026-09-20T17:00:00Z,Sun 1:00 PM ET,Tampa Bay Buccaneers,Cleveland Browns,5a4f3bf,2026_02_CLE_TB,7.0,graded,win,0.6993006993006993,0.6993006993006993
0636ebff776d43f8c829a36713c80b22,Cleveland Browns @ Tampa Bay Buccaneers,Deshaun Watson,betonlineag,BetOnline.ag,rush_attempts,Rushing attempts,under,4.5,112,6.0650307745,0.4915254237,0.0,0.4716981132,0.443519189,0.4442218766,4.5,2,198.2731052127,4.2033898305,Calibration fitted; not prospectively validated,2026-09-20T13:53:13Z,2026-09-20T17:00:00Z,Sun 1:00 PM ET,Tampa Bay Buccaneers,Cleveland Browns,5a4f3bf,2026_02_CLE_TB,7.0,graded,loss,-1.0,1.12
0636ebff776d43f8c829a36713c80b22,Cleveland Browns @ Tampa Bay Buccaneers,Deshaun Watson,fanduel,FanDuel,rush_yds,Rushing yards,over,22.5,-113,29.1310614934,0.5,0.0,0.5305164319,0.5,0.5082034454,22.5,3,-305.1643192488,-5.7522123894,Calibration fitted; not prospectively validated,2026-09-20T13:53:11Z,2026-09-20T17:00:00Z,Sun 1:00 PM ET,Tampa Bay Buccaneers,Cleveland Browns,5a4f3bf,2026_02_CLE_TB,22.0,graded,loss,-1.0,0.8849557522123894
0636ebff776d43f8c829a36713c80b22,Cleveland Browns @ Tampa Bay Buccaneers,Deshaun Watson,draftkings,DraftKings,rush_yds,Rushing yards,under,22.5,-107,29.1310614934,0.5,0.0,0.5169082126,0.4894599266,0.4917965546,22.5,3,-169.0821256039,-3.2710280374,Calibration fitted; not prospectively validated,2026-09-20T13:53:22Z,2026-09-20T17:00:00Z,Sun 1:00 PM ET,Tampa Bay Buccaneers,Cleveland Browns,5a4f3bf,2026_02_CLE_TB,22.0,graded,win,0.9345794392523364,0.9345794392523364
0636ebff776d43f8c829a36713c80b22,Cleveland Browns @ Tampa Bay Buccaneers,Emeka Egbuka,fanduel,FanDuel,receptions,Receptions,over,3.5,-158,4.7243116651,0.5475728155,0.0,0.6124031008,0.5717415842,0.583497053,3.5,5,-648.3028524121,-10.5862111343,Calibration fitted; not prospectively validated,2026-09-20T13:53:11Z,2026-09-20T17:00:00Z,Sun 1:00 PM ET,Tampa Bay Buccaneers,Cleveland Browns,5a4f3bf,2026_02_CLE_TB,3.0,graded,loss,-1.0,0.6329113924050633
0636ebff776d43f8c829a36713c80b22,Cleveland Browns @ Tampa Bay Buccaneers,Emeka Egbuka,betonlineag,BetOnline.ag,receptions,Receptions,under,3.5,128,4.7243116651,0.4524271845,0.0,0.4385964912,0.4121896999,0.416502947,3.5,5,138.3069323795,3.1533980583,Calibration fitted; not prospectively validated,2026-09-20T13:53:13Z,2026-09-20T17:00:00Z,Sun 1:00 PM ET,Tampa Bay Buccaneers,Cleveland Browns,5a4f3bf,2026_02_CLE_TB,3.0,graded,win,1.28,1.28
0636ebff776d43f8c829a36713c80b22,Cleveland Browns @ Tampa Bay Buccaneers,Emeka Egbuka,draftkings,DraftKings,recv_yds,Receiving yards,over,54.5,-111,63.9567072619,0.5,0.0,0.5260663507,0.4978941162,0.5,54.5,3,-260.663507109,-4.954954955,Calibration fitted; not prospectively validated,2026-09-20T13:53:22Z,2026-09-20T17:00:00Z,Sun 1:00 PM ET,Tampa Bay Buccaneers,Cleveland Browns,5a4f3bf,2026_02_CLE_TB,16.0,graded,loss,-1.0,0.9009009009009009
0636ebff776d43f8c829a36713c80b22,Cleveland Browns @ Tampa Bay Buccaneers,Emeka Egbuka,draftkings,DraftKings,recv_yds,Receiving yards,under,54.5,-113,63.9567072619,0.5,0.0,0.5305164319,0.5021058838,0.5,54.5,3,-305.1643192488,-5.7522123894,Calibration fitted; not prospectively validated,2026-09-20T13:53:22Z,2026-09-20T17:00:00Z,Sun 1:00 PM ET,Tampa Bay Buccaneers,Cleveland Browns,5a4f3bf,2026_02_CLE_TB,16.0,graded,win,0.8849557522123894,0.8849557522123894
0636ebff776d43f8c829a36713c80b22,Cleveland Browns @ Tampa Bay Buccaneers,Harold Fannin,betmgm,BetMGM,receptions,Receptions,over,3.5,-135,2.6122652078,0.4524271845,0.0,0.5744680851,0.5346534653,0.5633187773,3.5,5,-1220.4090064036,-21.2441567781,Calibration fitted; not prospectively validated,2026-09-20T13:53:24Z,2026-09-20T17:00:00Z,Sun 1:00 PM ET,Tampa Bay Buccaneers,Cleveland Browns,5a4f3bf,2026_02_CLE_TB,5.0,graded,win,0.7407407407407407,0.7407407407407407
0636ebff776d43f8c829a36713c80b22,Cleveland Browns @ Tampa Bay Buccaneers,Harold Fannin,betonlineag,BetOnline.ag,receptions,Receptions,under,3.5,117,2.6122652078,0.5475728155,0.0,0.4608294931,0.4331087584,0.4366812227,3.5,5,867.4332244642,18.8233009709,Calibration fitted; not prospectively validated,2026-09-20T13:53:13Z,2026-09-20T17:00:00Z,Sun 1:00 PM ET,Tampa Bay Buccaneers,Cleveland Browns,5a4f3bf,2026_02_CLE_TB,5.0,graded,loss,-1.0,1.17
0636ebff776d43f8c829a36713c80b22,Cleveland Browns @ Tampa Bay Buccaneers,Harold Fannin,fanduel,FanDuel,recv_yds,Receiving yards,over,33.5,-113,26.1054727722,0.4989858012,0.0,0.5305164319,0.5,0.5,34.0,2,-315.3063070784,-5.9433843724,Calibration fitted; not prospectively validated,2026-09-20T13:53:11Z,2026-09-20T17:00:00Z,Sun 1:00 PM ET,Tampa Bay Buccaneers,Cleveland Browns,5a4f3bf,2026_02_CLE_TB,54.0,graded,win,0.8849557522123894,0.8849557522123894
0636ebff776d43f8c829a36713c80b22,Cleveland Browns @ Tampa Bay Buccaneers,Harold Fannin,fanduel,FanDuel,recv_yds,Receiving yards,under,33.5,-113,26.1054727722,0.5010141988,0.0,0.5305164319,0.5,0.5,34.0,2,-295.0223314192,-5.5610404064,Calibration fitted; not prospectively validated,2026-09-20T13:53:11Z,2026-09-20T17:00:00Z,Sun 1:00 PM ET,Tampa Bay Buccaneers,Cleveland Browns,5a4f3bf,2026_02_CLE_TB,54.0,graded,loss,-1.0,0.8849557522123894
0636ebff776d43f8c829a36713c80b22,Cleveland Browns @ Tampa Bay Buccaneers,Jalen McMillan,betonlineag,BetOnline.ag,receptions,Receptions,over,1.5,-135,2.8660320369,0.5475728155,0.0,0.5744680851,0.5407914021,0.5520550897,1.5,4,-268.952695724,-4.6817691478,Calibration fitted; not prospectively validated,2026-09-20T13:53:13Z,2026-09-20T17:00:00Z,Sun 1:00 PM ET,Tampa Bay Buccaneers,Cleveland Browns,5a4f3bf,2026_02_CLE_TB,,no matching game/player result,,,0.7407407407407407
0636ebff776d43f8c829a36713c80b22,Cleveland Browns @ Tampa Bay Buccaneers,Jalen McMillan,draftkings,DraftKings,receptions,Receptions,under,1.5,117,2.8660320369,0.4524271845,0.0,0.4608294931,0.4344048653,0.4479449103,1.5,4,-84.0230862154,-1.8233009709,Calibration fitted; not prospectively validated,2026-09-20T13:53:22Z,2026-09-20T17:00:00Z,Sun 1:00 PM ET,Tampa Bay Buccaneers,Cleveland Browns,5a4f3bf,2026_02_CLE_TB,,no matching game/player result,,,1.17
0636ebff776d43f8c829a36713c80b22,Cleveland Browns @ Tampa Bay Buccaneers,Jalen McMillan,fanduel,FanDuel,recv_yds,Receiving yards,over,20.5,-113,38.4184283192,0.5014367816,0.0,0.5305164319,0.5,0.5031598905,20.5,4,-290.7965031569,-5.4813854135,Calibration fitted; not prospectively validated,2026-09-20T13:53:11Z,2026-09-20T17:00:00Z,Sun 1:00 PM ET,Tampa Bay Buccaneers,Cleveland Browns,5a4f3bf,2026_02_CLE_TB,,no matching game/player result,,,0.8849557522123894
0636ebff776d43f8c829a36713c80b22,Cleveland Browns @ Tampa Bay Buccaneers,Jalen McMillan,draftkings,DraftKings,recv_yds,Receiving yards,under,20.5,-109,38.4184283192,0.4985632184,0.0,0.5215311005,0.4936802191,0.4968401095,20.5,4,-229.6788208766,-4.4039333544,Calibration fitted; not prospectively validated,2026-09-20T13:53:22Z,2026-09-20T17:00:00Z,Sun 1:00 PM ET,Tampa Bay Buccaneers,Cleveland Browns,5a4f3bf,2026_02_CLE_TB,,no matching game/player result,,,0.9174311926605505
0636ebff776d43f8c829a36713c80b22,Cleveland Browns @ Tampa Bay Buccaneers,Jerry Jeudy,draftkings,DraftKings,receptions,Receptions,over,2.5,-107,2.7812215859,0.5420560748,0.0,0.5169082126,0.4865646962,0.5,2.5,5,251.4786220597,4.8650537165,Calibration fitted; not prospectively validated,2026-09-20T13:53:22Z,2026-09-20T17:00:00Z,Sun 1:00 PM ET,Tampa Bay Buccaneers,Cleveland Browns,5a4f3bf,2026_02_CLE_TB,0.0,graded,loss,-1.0,0.9345794392523364
0636ebff776d43f8c829a36713c80b22,Cleveland Browns @ Tampa Bay Buccaneers,Jerry Jeudy,bovada,Bovada,receptions,Receptions,under,2.5,100,2.7812215859,0.4579439252,0.0,0.5,0.4693877551,0.5,2.5,5,-420.5607476636,-8.4112149533,Calibration fitted; not prospectively validated,2026-09-20T13:52:14Z,2026-09-20T17:00:00Z,Sun 1:00 PM ET,Tampa Bay Buccaneers,Cleveland Browns,5a4f3bf,2026_02_CLE_TB,0.0,graded,win,1.0,1.0
0636ebff776d43f8c829a36713c80b22,Cleveland Browns @ Tampa Bay Buccaneers,Jerry Jeudy,draftkings,DraftKings,recv_yds,Receiving yards,over,26.5,-111,36.6461628126,0.5010141988,0.0,0.5260663507,0.4978941162,0.4989470581,27.5,2,-250.5215192794,-4.7621658169,Calibration fitted; not prospectively validated,2026-09-20T13:53:22Z,2026-09-20T17:00:00Z,Sun 1:00 PM ET,Tampa Bay Buccaneers,Cleveland Browns,5a4f3bf,2026_02_CLE_TB,0.0,graded,loss,-1.0,0.9009009009009009
0636ebff776d43f8c829a36713c80b22,Cleveland Browns @ Tampa Bay Buccaneers,Jerry Jeudy,draftkings,DraftKings,recv_yds,Receiving yards,under,26.5,-113,36.6461628126,0.4989858012,0.0,0.5305164319,0.5021058838,0.5010529419,27.5,2,-315.3063070784,-5.9433843724,Calibration fitted; not prospectively validated,2026-09-20T13:53:22Z,2026-09-20T17:00:00Z,Sun 1:00 PM ET,Tampa Bay Buccaneers,Cleveland Browns,5a4f3bf,2026_02_CLE_TB,0.0,graded,win,0.8849557522123894,0.8849557522123894
0636ebff776d43f8c829a36713c80b22,Cleveland Browns @ Tampa Bay Buccaneers,KC Concepcion,draftkings,DraftKings,receptions,Receptions,over,3.5,121,3.4903185205,0.5,0.0,0.4524886878,0.427364808,0.4331087584,3.5,5,475.1131221719,10.5,Calibration fitted; not prospectively validated,2026-09-20T13:53:22Z,2026-09-20T17:00:00Z,Sun 1:00 PM ET,Tampa Bay Buccaneers,Cleveland Browns,5a4f3bf,2026_02_CLE_TB,6.0,graded,win,1.21,1.21
0636ebff776d43f8c829a36713c80b22,Cleveland Browns @ Tampa Bay Buccaneers,KC Concepcion,betmgm,BetMGM,receptions,Receptions,under,3.5,-140,3.4903185205,0.5,0.0,0.5833333333,0.5445920304,0.5668912416,3.5,5,-833.3333333333,-14.2857142857,Calibration fitted; not prospectively validated,2026-09-20T13:53:24Z,2026-09-20T17:00:00Z,Sun 1:00 PM ET,Tampa Bay Buccaneers,Cleveland Browns,5a4f3bf,2026_02_CLE_TB,6.0,graded,loss,-1.0,0.7142857142857143
0636ebff776d43f8c829a36713c80b22,Cleveland Browns @ Tampa Bay Buccaneers,KC Concepcion,draftkings,DraftKings,recv_yds,Receiving yards,over,32.5,-110,41.5252912523,0.5,0.0,0.5238095238,0.4957877001,0.5,32.5,5,-238.0952380952,-4.5454545455,Calibration fitted; not prospectively validated,2026-09-20T13:53:22Z,2026-09-20T17:00:00Z,Sun 1:00 PM ET,Tampa Bay Buccaneers,Cleveland Browns,5a4f3bf,2026_02_CLE_TB,28.0,graded,loss,-1.0,0.9090909090909091
0636ebff776d43f8c829a36713c80b22,Cleveland Browns @ Tampa Bay Buccaneers,KC Concepcion,betonlineag,BetOnline.ag,recv_yds,Receiving yards,under,32.5,-111,41.5252912523,0.5,0.0,0.5260663507,0.4948402543,0.5,32.5,5,-260.663507109,-4.954954955,Calibration fitted; not prospectively validated,2026-09-20T13:53:13Z,2026-09-20T17:00:00Z,Sun 1:00 PM ET,Tampa Bay Buccaneers,Cleveland Browns,5a4f3bf,2026_02_CLE_TB,28.0,graded,win,0.9009009009009009,0.9009009009009009
0636ebff776d43f8c829a36713c80b22,Cleveland Browns @ Tampa Bay Buccaneers,KC Concepcion,draftkings,DraftKings,rush_yds,Rushing yards,over,7.5,-114,27.0982953848,0.5647668394,0.0,0.5327102804,0.5042122999,0.50210615,8.0,2,320.5655900441,6.0176347605,Calibration fitted; not prospectively validated,2026-09-20T13:53:22Z,2026-09-20T17:00:00Z,Sun 1:00 PM ET,Tampa Bay Buccaneers,Cleveland Browns,5a4f3bf,2026_02_CLE_TB,-6.0,graded,loss,-1.0,0.8771929824561403
0636ebff776d43f8c829a36713c80b22,Cleveland Browns @ Tampa Bay Buccaneers,KC Concepcion,draftkings,DraftKings,rush_yds,Rushing yards,under,7.5,-110,27.0982953848,0.4352331606,0.0,0.5238095238,0.4957877001,0.49789385,8.0,2,-885.7636318776,-16.9100329722,Calibration fitted; not prospectively validated,2026-09-20T13:53:22Z,2026-09-20T17:00:00Z,Sun 1:00 PM ET,Tampa Bay Buccaneers,Cleveland Browns,5a4f3bf,2026_02_CLE_TB,-6.0,graded,win,0.9090909090909091,0.9090909090909091
0636ebff776d43f8c829a36713c80b22,Cleveland Browns @ Tampa Bay Buccaneers,Kenny Gainwell,betrivers,BetRivers,receptions,Receptions,over,1.5,-150,2.6269541468,0.5475728155,0.0,0.6,,0.6147488536,1.5,5,-524.2718446602,-8.7378640777,Calibration fitted; not prospectively validated,2026-09-20T13:52:58Z,2026-09-20T17:00:00Z,Sun 1:00 PM ET,Tampa Bay Buccaneers,Cleveland Browns,5a4f3bf,2026_02_CLE_TB,3.0,graded,win,0.6666666666666666,0.6666666666666666
0636ebff776d43f8c829a36713c80b22,Cleveland Browns @ Tampa Bay Buccaneers,Kenny Gainwell,draftkings,DraftKings,receptions,Receptions,under,1.5,146,2.6269541468,0.4524271845,0.0,0.406504065,0.3837543972,0.3852511464,1.5,5,459.2311942537,11.2970873786,Calibration fitted; not prospectively validated,2026-09-20T13:53:22Z,2026-09-20T17:00:00Z,Sun 1:00 PM ET,Tampa Bay Buccaneers,Cleveland Browns,5a4f3bf,2026_02_CLE_TB,3.0,graded,loss,-1.0,1.46
0636ebff776d43f8c829a36713c80b22,Cleveland Browns @ Tampa Bay Buccaneers,Kenny Gainwell,fanduel,FanDuel,recv_yds,Receiving yards,over,12.5,-113,16.2208042465,0.5,0.0,0.5305164319,0.5,0.5082034454,13.0,3,-305.1643192488,-5.7522123894,Calibration fitted; not prospectively validated,2026-09-20T13:53:11Z,2026-09-20T17:00:00Z,Sun 1:00 PM ET,Tampa Bay Buccaneers,Cleveland Browns,5a4f3bf,2026_02_CLE_TB,5.0,graded,loss,-1.0,0.8849557522123894
0636ebff776d43f8c829a36713c80b22,Cleveland Browns @ Tampa Bay Buccaneers,Kenny Gainwell,betmgm,BetMGM,recv_yds,Receiving yards,under,12.5,-110,16.2208042465,0.5,0.0,0.5238095238,0.4898785425,0.4917965546,13.0,3,-238.0952380952,-4.5454545455,Calibration fitted; not prospectively validated,2026-09-20T13:53:24Z,2026-09-20T17:00:00Z,Sun 1:00 PM ET,Tampa Bay Buccaneers,Cleveland Browns,5a4f3bf,2026_02_CLE_TB,5.0,graded,win,0.9090909090909091,0.9090909090909091
0636ebff776d43f8c829a36713c80b22,Cleveland Browns @ Tampa Bay Buccaneers,Kenny Gainwell,fanduel,FanDuel,rush_yds,Rushing yards,over,26.5,-113,24.263629799,0.5,0.0,0.5305164319,0.5,0.5,26.5,4,-305.1643192488,-5.7522123894,Calibration fitted; not prospectively validated,2026-09-20T13:53:11Z,2026-09-20T17:00:00Z,Sun 1:00 PM ET,Tampa Bay Buccaneers,Cleveland Browns,5a4f3bf,2026_02_CLE_TB,10.0,graded,loss,-1.0,0.8849557522123894
0636ebff776d43f8c829a36713c80b22,Cleveland Browns @ Tampa Bay Buccaneers,Kenny Gainwell,draftkings,DraftKings,rush_yds,Rushing yards,under,26.5,-110,24.263629799,0.5,0.0,0.5238095238,0.4957877001,0.5,26.5,4,-238.0952380952,-4.5454545455,Calibration fitted; not prospectively validated,2026-09-20T13:53:22Z,2026-09-20T17:00:00Z,Sun 1:00 PM ET,Tampa Bay Buccaneers,Cleveland Browns,5a4f3bf,2026_02_CLE_TB,10.0,graded,win,0.9090909090909091,0.9090909090909091
0636ebff776d43f8c829a36713c80b22,Cleveland Browns @ Tampa Bay Buccaneers,Quinshon Judkins,bovada,Bovada,receptions,Receptions,over,2.5,150,2.0438836992,0.4579439252,0.0,0.4,0.375,0.3887399464,2.5,5,579.4392523364,14.4859813084,Calibration fitted; not prospectively validated,2026-09-20T13:52:14Z,2026-09-20T17:00:00Z,Sun 1:00 PM ET,Tampa Bay Buccaneers,Cleveland Browns,5a4f3bf,2026_02_CLE_TB,5.0,graded,win,1.5,1.5
0636ebff776d43f8c829a36713c80b22,Cleveland Browns @ Tampa Bay Buccaneers,Quinshon Judkins,betonlineag,BetOnline.ag,receptions,Receptions,under,2.5,-179,2.0438836992,0.5420560748,0.0,0.6415770609,0.6022468066,0.6112600536,2.5,5,-995.2098616554,-15.5119302459,Calibration fitted; not prospectively validated,2026-09-20T13:53:13Z,2026-09-20T17:00:00Z,Sun 1:00 PM ET,Tampa Bay Buccaneers,Cleveland Browns,5a4f3bf,2026_02_CLE_TB,5.0,graded,loss,-1.0,0.5586592178770949
0636ebff776d43f8c829a36713c80b22,Cleveland Browns @ Tampa Bay Buccaneers,Quinshon Judkins,draftkings,DraftKings,recv_yds,Receiving yards,over,11.5,-114,15.9288388929,0.5,0.0,0.5327102804,0.5042122999,0.5042122999,12.0,3,-327.1028037383,-6.1403508772,Calibration fitted; not prospectively validated,2026-09-20T13:53:22Z,2026-09-20T17:00:00Z,Sun 1:00 PM ET,Tampa Bay Buccaneers,Cleveland Browns,5a4f3bf,2026_02_CLE_TB,27.0,graded,win,0.8771929824561403,0.8771929824561403
0636ebff776d43f8c829a36713c80b22,Cleveland Browns @ Tampa Bay Buccaneers,Quinshon Judkins,draftkings,DraftKings,recv_yds,Receiving yards,under,11.5,-110,15.9288388929,0.5,0.0,0.5238095238,0.4957877001,0.4957877001,12.0,3,-238.0952380952,-4.5454545455,Calibration fitted; not prospectively validated,2026-09-20T13:53:22Z,2026-09-20T17:00:00Z,Sun 1:00 PM ET,Tampa Bay Buccaneers,Cleveland Browns,5a4f3bf,2026_02_CLE_TB,27.0,graded,loss,-1.0,0.9090909090909091
0636ebff776d43f8c829a36713c80b22,Cleveland Browns @ Tampa Bay Buccaneers,Quinshon Judkins,draftkings,DraftKings,rush_attempts,Rushing attempts,over,13.5,-119,9.9200289716,0.45,0.0,0.5433789954,0.5124828361,0.5306122449,13.5,3,-933.7899543379,-17.1848739496,Calibration fitted; not prospectively validated,2026-09-20T13:53:22Z,2026-09-20T17:00:00Z,Sun 1:00 PM ET,Tampa Bay Buccaneers,Cleveland Browns,5a4f3bf,2026_02_CLE_TB,12.0,graded,loss,-1.0,0.8403361344537815
0636ebff776d43f8c829a36713c80b22,Cleveland Browns @ Tampa Bay Buccaneers,Quinshon Judkins,betmgm,BetMGM,rush_attempts,Rushing attempts,under,13.5,100,9.9200289716,0.55,0.0,0.5,0.4653465347,0.4693877551,13.5,3,500.0,10.0,Calibration fitted; not prospectively validated,2026-09-20T13:53:24Z,2026-09-20T17:00:00Z,Sun 1:00 PM ET,Tampa Bay Buccaneers,Cleveland Browns,5a4f3bf,2026_02_CLE_TB,12.0,graded,win,1.0,1.0
0636ebff776d43f8c829a36713c80b22,Cleveland Browns @ Tampa Bay Buccaneers,Quinshon Judkins,draftkings,DraftKings,rush_yds,Rushing yards,over,48.5,-108,36.0264622716,0.5,0.0,0.5192307692,0.4915711396,0.4957855698,48.5,4,-192.3076923077,-3.7037037037,Calibration fitted; not prospectively validated,2026-09-20T13:53:22Z,2026-09-20T17:00:00Z,Sun 1:00 PM ET,Tampa Bay Buccaneers,Cleveland Browns,5a4f3bf,2026_02_CLE_TB,21.0,graded,loss,-1.0,0.9259259259259259
0636ebff776d43f8c829a36713c80b22,Cleveland Browns @ Tampa Bay Buccaneers,Quinshon Judkins,betonlineag,BetOnline.ag,rush_yds,Rushing yards,under,48.5,-114,36.0264622716,0.5,0.0,0.5327102804,0.5,0.5042144302,48.5,4,-327.1028037383,-6.1403508772,Calibration fitted; not prospectively validated,2026-09-20T13:53:13Z,2026-09-20T17:00:00Z,Sun 1:00 PM ET,Tampa Bay Buccaneers,Cleveland Browns,5a4f3bf,2026_02_CLE_TB,21.0,graded,win,0.8771929824561403,0.8771929824561403
0636ebff776d43f8c829a36713c80b22,Cleveland Browns @ Tampa Bay Buccaneers,Raheim Sanders,fanduel,FanDuel,rush_yds,Rushing yards,over,9.5,-113,20.1110914443,0.5,0.0,0.5305164319,0.5,0.5025798729,10.0,2,-305.1643192488,-5.7522123894,Calibration fitted; not prospectively validated,2026-09-20T13:53:11Z,2026-09-20T17:00:00Z,Sun 1:00 PM ET,Tampa Bay Buccaneers,Cleveland Browns,5a4f3bf,2026_02_CLE_TB,4.0,graded,loss,-1.0,0.8849557522123894
0636ebff776d43f8c829a36713c80b22,Cleveland Browns @ Tampa Bay Buccaneers,Raheim Sanders,betonlineag,BetOnline.ag,rush_yds,Rushing yards,under,9.5,-111,20.1110914443,0.5,0.0,0.5260663507,0.4948402543,0.4974201271,10.0,2,-260.663507109,-4.954954955,Calibration fitted; not prospectively validated,2026-09-20T13:53:13Z,2026-09-20T17:00:00Z,Sun 1:00 PM ET,Tampa Bay Buccaneers,Cleveland Browns,5a4f3bf,2026_02_CLE_TB,4.0,graded,win,0.9009009009009009,0.9009009009009009
1fd6628c781f556a7a19638e97d7107f,Jacksonville Jaguars @ Denver Broncos,Adam Trautman,betrivers,BetRivers,receptions,Receptions,over,1.5,170,1.6487035805,0.5408805031,0.0,0.3703703704,,0.3583198527,1.5,6,1705.1013277428,46.0377358491,Calibration fitted; not prospectively validated,2026-09-20T13:53:18Z,2026-09-20T20:05:00Z,Sun 4:05 PM ET,Denver Broncos,Jacksonville Jaguars,5a4f3bf,2026_02_JAX_DEN,,no matching game/player result,,,1.7
1fd6628c781f556a7a19638e97d7107f,Jacksonville Jaguars @ Denver Broncos,Adam Trautman,betmgm,BetMGM,receptions,Receptions,under,1.5,-185,1.6487035805,0.4591194969,0.0,0.649122807,0.6040291768,0.6416801473,1.5,6,-1900.033101622,-29.2707802142,Calibration fitted; not prospectively validated,2026-09-20T13:52:25Z,2026-09-20T20:05:00Z,Sun 4:05 PM ET,Denver Broncos,Jacksonville Jaguars,5a4f3bf,2026_02_JAX_DEN,,no matching game/player result,,,0.5405405405405406
1fd6628c781f556a7a19638e97d7107f,Jacksonville Jaguars @ Denver Broncos,Adam Trautman,betrivers,BetRivers,recv_yds,Receiving yards,over,8.5,-113,15.7826650051,0.5014367816,0.0,0.5305164319,0.4949766919,0.5,8.5,4,-290.7965031569,-5.4813854135,Calibration fitted; not prospectively validated,2026-09-20T13:53:18Z,2026-09-20T20:05:00Z,Sun 4:05 PM ET,Denver Broncos,Jacksonville Jaguars,5a4f3bf,2026_02_JAX_DEN,,no matching game/player result,,,0.8849557522123894
1fd6628c781f556a7a19638e97d7107f,Jacksonville Jaguars @ Denver Broncos,Adam Trautman,betonlineag,BetOnline.ag,recv_yds,Receiving yards,under,8.5,-111,15.7826650051,0.4985632184,0.0,0.5260663507,0.4948402543,0.5,8.5,4,-275.031323201,-5.2280729005,Calibration fitted; not prospectively validated,2026-09-20T13:52:52Z,2026-09-20T20:05:00Z,Sun 4:05 PM ET,Denver Broncos,Jacksonville Jaguars,5a4f3bf,2026_02_JAX_DEN,,no matching game/player result,,,0.9009009009009009
1fd6628c781f556a7a19638e97d7107f,Jacksonville Jaguars @ Denver Broncos,Bhayshul Tuten,betrivers,BetRivers,receptions,Receptions,over,1.5,102,1.3906934668,0.4591194969,0.0,0.495049505,,0.4979225528,1.5,5,-359.3000809515,-7.2578616352,Calibration fitted; not prospectively validated,2026-09-20T13:53:18Z,2026-09-20T20:05:00Z,Sun 4:05 PM ET,Denver Broncos,Jacksonville Jaguars,5a4f3bf,2026_02_JAX_DEN,2.0,graded,win,1.02,1.02
1fd6628c781f556a7a19638e97d7107f,Jacksonville Jaguars @ Denver Broncos,Bhayshul Tuten,draftkings,DraftKings,receptions,Receptions,under,1.5,-114,1.3906934668,0.5408805031,0.0,0.5327102804,0.5020774472,0.5020774472,1.5,5,81.7022277082,1.533708485,Calibration fitted; not prospectively validated,2026-09-20T13:52:59Z,2026-09-20T20:05:00Z,Sun 4:05 PM ET,Denver Broncos,Jacksonville Jaguars,5a4f3bf,2026_02_JAX_DEN,2.0,graded,loss,-1.0,0.8771929824561403
1fd6628c781f556a7a19638e97d7107f,Jacksonville Jaguars @ Denver Broncos,Bhayshul Tuten,fanduel,FanDuel,recv_yds,Receiving yards,over,8.5,-113,13.7688354553,0.5010141988,0.0,0.5305164319,0.5,0.5051597457,9.0,3,-295.0223314192,-5.5610404064,Calibration fitted; not prospectively validated,2026-09-20T13:52:58Z,2026-09-20T20:05:00Z,Sun 4:05 PM ET,Denver Broncos,Jacksonville Jaguars,5a4f3bf,2026_02_JAX_DEN,-3.0,graded,loss,-1.0,0.8849557522123894
1fd6628c781f556a7a19638e97d7107f,Jacksonville Jaguars @ Denver Broncos,Bhayshul Tuten,betmgm,BetMGM,recv_yds,Receiving yards,under,8.5,-110,13.7688354553,0.4989858012,0.0,0.5238095238,0.4898785425,0.4948402543,9.0,3,-248.2372259249,-4.7390743131,Calibration fitted; not prospectively validated,2026-09-20T13:52:25Z,2026-09-20T20:05:00Z,Sun 4:05 PM ET,Denver Broncos,Jacksonville Jaguars,5a4f3bf,2026_02_JAX_DEN,-3.0,graded,win,0.9090909090909091,0.9090909090909091
1fd6628c781f556a7a19638e97d7107f,Jacksonville Jaguars @ Denver Broncos,Bhayshul Tuten,draftkings,DraftKings,rush_attempts,Rushing attempts,over,12.5,-104,9.6931328394,0.4915254237,0.0,0.5098039216,0.4803247453,0.4803247453,12.5,3,-182.7849783981,-3.5853976532,Calibration fitted; not prospectively validated,2026-09-20T13:52:59Z,2026-09-20T20:05:00Z,Sun 4:05 PM ET,Denver Broncos,Jacksonville Jaguars,5a4f3bf,2026_02_JAX_DEN,13.0,graded,win,0.9615384615384616,0.9615384615384616
1fd6628c781f556a7a19638e97d7107f,Jacksonville Jaguars @ Denver Broncos,Bhayshul Tuten,betmgm,BetMGM,rush_attempts,Rushing attempts,under,12.5,-115,9.6931328394,0.506993007,0.0,0.5348837209,0.5,0.5196752547,12.5,3,-278.9071393723,-5.2143508665,Calibration fitted; not prospectively validated,2026-09-20T13:52:25Z,2026-09-20T20:05:00Z,Sun 4:05 PM ET,Denver Broncos,Jacksonville Jaguars,5a4f3bf,2026_02_JAX_DEN,13.0,graded,loss,-1.0,0.8695652173913043
1fd6628c781f556a7a19638e97d7107f,Jacksonville Jaguars @ Denver Broncos,Bhayshul Tuten,fanduel,FanDuel,rush_yds,Rushing yards,over,48.5,-113,40.1157110356,0.5,0.0,0.5305164319,0.5,0.5030135005,48.5,3,-305.1643192488,-5.7522123894,Calibration fitted; not prospectively validated,2026-09-20T13:52:58Z,2026-09-20T20:05:00Z,Sun 4:05 PM ET,Denver Broncos,Jacksonville Jaguars,5a4f3bf,2026_02_JAX_DEN,65.0,graded,win,0.8849557522123894,0.8849557522123894
1fd6628c781f556a7a19638e97d7107f,Jacksonville Jaguars @ Denver Broncos,Bhayshul Tuten,betonlineag,BetOnline.ag,rush_yds,Rushing yards,under,48.5,-112,40.1157110356,0.5,0.0,0.5283018868,0.4969046636,0.4969864995,48.5,3,-283.0188679245,-5.3571428571,Calibration fitted; not prospectively validated,2026-09-20T13:52:52Z,2026-09-20T20:05:00Z,Sun 4:05 PM ET,Denver Broncos,Jacksonville Jaguars,5a4f3bf,2026_02_JAX_DEN,65.0,graded,loss,-1.0,0.8928571428571429
1fd6628c781f556a7a19638e97d7107f,Jacksonville Jaguars @ Denver Broncos,Bo Nix,betmgm,BetMGM,interceptions,Interceptions thrown,over,0.5,110,,,,0.4761904762,0.4424778761,0.4487060138,0.5,5,,,Insufficient player data,2026-09-20T13:52:25Z,2026-09-20T20:05:00Z,Sun 4:05 PM ET,Denver Broncos,Jacksonville Jaguars,5a4f3bf,2026_02_JAX_DEN,1.0,graded,win,1.1,1.1
1fd6628c781f556a7a19638e97d7107f,Jacksonville Jaguars @ Denver Broncos,Bo Nix,betrivers,BetRivers,interceptions,Interceptions thrown,under,0.5,-125,,,,0.5555555556,0.518018018,0.5512939862,0.5,5,,,Insufficient player data,2026-09-20T13:53:18Z,2026-09-20T20:05:00Z,Sun 4:05 PM ET,Denver Broncos,Jacksonville Jaguars,5a4f3bf,2026_02_JAX_DEN,1.0,graded,loss,-1.0,0.8
1fd6628c781f556a7a19638e97d7107f,Jacksonville Jaguars @ Denver Broncos,Bo Nix,betonlineag,BetOnline.ag,pass_attempts,Passing attempts,over,34.5,100,29.2053451471,0.3636363636,0.0,0.5,0.4693877551,0.4846489135,34.5,4,-1363.6363636364,-27.2727272727,Calibration fitted; not prospectively validated,2026-09-20T13:52:52Z,2026-09-20T20:05:00Z,Sun 4:05 PM ET,Denver Broncos,Jacksonville Jaguars,5a4f3bf,2026_02_JAX_DEN,31.0,graded,loss,-1.0,1.0
1fd6628c781f556a7a19638e97d7107f,Jacksonville Jaguars @ Denver Broncos,Bo Nix,draftkings,DraftKings,pass_attempts,Passing attempts,under,34.5,-118,29.2053451471,0.6363636364,0.0,0.5412844037,0.5103976044,0.5153510865,34.5,4,950.7923269391,17.5654853621,Calibration fitted; not prospectively validated,2026-09-20T13:52:59Z,2026-09-20T20:05:00Z,Sun 4:05 PM ET,Denver Broncos,Jacksonville Jaguars,5a4f3bf,2026_02_JAX_DEN,31.0,graded,win,0.847457627118644,0.847457627118644
1fd6628c781f556a7a19638e97d7107f,Jacksonville Jaguars @ Denver Broncos,Bo Nix,betrivers,BetRivers,pass_completions,Passing completions,over,21.5,-121,17.7318166965,0.4583333333,0.0,0.5475113122,,0.5220817448,21.5,4,-891.7797888386,-16.2878787879,Calibration fitted; not prospectively validated,2026-09-20T13:53:18Z,2026-09-20T20:05:00Z,Sun 4:05 PM ET,Denver Broncos,Jacksonville Jaguars,5a4f3bf,2026_02_JAX_DEN,22.0,graded,win,0.8264462809917356,0.8264462809917356
1fd6628c781f556a7a19638e97d7107f,Jacksonville Jaguars @ Denver Broncos,Bo Nix,draftkings,DraftKings,pass_completions,Passing completions,under,21.5,-102,17.7318166965,0.5416666667,0.0,0.504950495,0.4761410788,0.4779182552,21.5,4,367.1617161716,7.2712418301,Calibration fitted; not prospectively validated,2026-09-20T13:52:59Z,2026-09-20T20:05:00Z,Sun 4:05 PM ET,Denver Broncos,Jacksonville Jaguars,5a4f3bf,2026_02_JAX_DEN,22.0,graded,loss,-1.0,0.9803921568627451
1fd6628c781f556a7a19638e97d7107f,Jacksonville Jaguars @ Denver Broncos,Bo Nix,betmgm,BetMGM,pass_tds,Passing touchdowns,over,1.5,115,1.06,0.4821981424,0.0,0.4651162791,0.4334891628,0.4458598726,1.5,7,170.8186334509,3.6726006192,Calibration fitted; not prospectively validated,2026-09-20T13:52:25Z,2026-09-20T20:05:00Z,Sun 4:05 PM ET,Denver Broncos,Jacksonville Jaguars,5a4f3bf,2026_02_JAX_DEN,1.0,graded,loss,-1.0,1.15
1fd6628c781f556a7a19638e97d7107f,Jacksonville Jaguars @ Denver Broncos,Bo Nix,draftkings,DraftKings,pass_tds,Passing touchdowns,under,1.5,-140,1.06,0.5178018576,0.0,0.5833333333,0.5505617978,0.5541401274,1.5,7,-655.3147574819,-11.2339672711,Calibration fitted; not prospectively validated,2026-09-20T13:52:59Z,2026-09-20T20:05:00Z,Sun 4:05 PM ET,Denver Broncos,Jacksonville Jaguars,5a4f3bf,2026_02_JAX_DEN,1.0,graded,win,0.7142857142857143,0.7142857142857143
1fd6628c781f556a7a19638e97d7107f,Jacksonville Jaguars @ Denver Broncos,Bo Nix,draftkings,DraftKings,pass_yds,Passing yards,over,221.5,-112,188.0764223869,0.5,0.0,0.5283018868,0.5,0.5,221.5,3,-283.0188679245,-5.3571428571,Calibration fitted; not prospectively validated,2026-09-20T13:52:59Z,2026-09-20T20:05:00Z,Sun 4:05 PM ET,Denver Broncos,Jacksonville Jaguars,5a4f3bf,2026_02_JAX_DEN,288.0,graded,win,0.8928571428571429,0.8928571428571429
1fd6628c781f556a7a19638e97d7107f,Jacksonville Jaguars @ Denver Broncos,Bo Nix,draftkings,DraftKings,pass_yds,Passing yards,under,221.5,-112,188.0764223869,0.5,0.0,0.5283018868,0.5,0.5,221.5,3,-283.0188679245,-5.3571428571,Calibration fitted; not prospectively validated,2026-09-20T13:52:59Z,2026-09-20T20:05:00Z,Sun 4:05 PM ET,Denver Broncos,Jacksonville Jaguars,5a4f3bf,2026_02_JAX_DEN,288.0,graded,loss,-1.0,0.8928571428571429
1fd6628c781f556a7a19638e97d7107f,Jacksonville Jaguars @ Denver Broncos,Bo Nix,betonlineag,BetOnline.ag,rush_attempts,Rushing attempts,over,4.5,-115,6.8281285853,0.506993007,0.0,0.5348837209,0.5030953364,0.5155809322,4.5,2,-278.9071393723,-5.2143508665,Calibration fitted; not prospectively validated,2026-09-20T13:52:52Z,2026-09-20T20:05:00Z,Sun 4:05 PM ET,Denver Broncos,Jacksonville Jaguars,5a4f3bf,2026_02_JAX_DEN,5.0,graded,win,0.8695652173913043,0.8695652173913043
1fd6628c781f556a7a19638e97d7107f,Jacksonville Jaguars @ Denver Broncos,Bo Nix,draftkings,DraftKings,rush_attempts,Rushing attempts,under,4.5,100,6.8281285853,0.4915254237,0.0,0.5,0.4719334719,0.4844190678,4.5,2,-84.7457627119,-1.6949152542,Calibration fitted; not prospectively validated,2026-09-20T13:52:59Z,2026-09-20T20:05:00Z,Sun 4:05 PM ET,Denver Broncos,Jacksonville Jaguars,5a4f3bf,2026_02_JAX_DEN,5.0,graded,loss,-1.0,1.0
1fd6628c781f556a7a19638e97d7107f,Jacksonville Jaguars @ Denver Broncos,Bo Nix,betrivers,BetRivers,rush_yds,Rushing yards,over,18.5,-114,24.9856278752,0.5,0.0,0.5327102804,0.4969864995,0.5052301255,18.0,3,-327.1028037383,-6.1403508772,Calibration fitted; not prospectively validated,2026-09-20T13:53:18Z,2026-09-20T20:05:00Z,Sun 4:05 PM ET,Denver Broncos,Jacksonville Jaguars,5a4f3bf,2026_02_JAX_DEN,6.0,graded,loss,-1.0,0.8771929824561403
1fd6628c781f556a7a19638e97d7107f,Jacksonville Jaguars @ Denver Broncos,Bo Nix,bovada,Bovada,rush_yds,Rushing yards,under,18.5,-110,24.9856278752,0.5,0.0,0.5238095238,0.4898785425,0.4947698745,18.0,3,-238.0952380952,-4.5454545455,Calibration fitted; not prospectively validated,2026-09-20T13:53:02Z,2026-09-20T20:05:00Z,Sun 4:05 PM ET,Denver Broncos,Jacksonville Jaguars,5a4f3bf,2026_02_JAX_DEN,6.0,graded,win,0.9090909090909091,0.9090909090909091
1fd6628c781f556a7a19638e97d7107f,Jacksonville Jaguars @ Denver Broncos,Brenton Strange,betmgm,BetMGM,receptions,Receptions,over,3.5,110,2.1216653968,0.4524271845,0.0,0.4761904762,0.4424778761,0.4604231975,3.5,5,-237.6329172446,-4.9902912621,Calibration fitted; not prospectively validated,2026-09-20T13:52:25Z,2026-09-20T20:05:00Z,Sun 4:05 PM ET,Denver Broncos,Jacksonville Jaguars,5a4f3bf,2026_02_JAX_DEN,2.0,graded,loss,-1.0,1.1
1fd6628c781f556a7a19638e97d7107f,Jacksonville Jaguars @ Denver Broncos,Brenton Strange,draftkings,DraftKings,receptions,Receptions,under,3.5,-129,2.1216653968,0.5475728155,0.0,0.5633187773,0.5310164042,0.5395768025,3.5,5,-157.459617586,-2.7952133664,Calibration fitted; not prospectively validated,2026-09-20T13:52:59Z,2026-09-20T20:05:00Z,Sun 4:05 PM ET,Denver Broncos,Jacksonville Jaguars,5a4f3bf,2026_02_JAX_DEN,2.0,graded,win,0.7751937984496124,0.7751937984496124
1fd6628c781f556a7a19638e97d7107f,Jacksonville Jaguars @ Denver Broncos,Brenton Strange,betrivers,BetRivers,recv_yds,Receiving yards,over,31.5,-113,22.6638277706,0.4985632184,0.0,0.5305164319,0.4949766919,0.5,31.5,3,-319.5321353408,-6.0230393653,Calibration fitted; not prospectively validated,2026-09-20T13:53:18Z,2026-09-20T20:05:00Z,Sun 4:05 PM ET,Denver Broncos,Jacksonville Jaguars,5a4f3bf,2026_02_JAX_DEN,17.0,graded,loss,-1.0,0.8849557522123894
1fd6628c781f556a7a19638e97d7107f,Jacksonville Jaguars @ Denver Broncos,Brenton Strange,draftkings,DraftKings,recv_yds,Receiving yards,under,31.5,-111,22.6638277706,0.5014367816,0.0,0.5260663507,0.4978941162,0.5,31.5,3,-246.2956910171,-4.6818370094,Calibration fitted; not prospectively validated,2026-09-20T13:52:59Z,2026-09-20T20:05:00Z,Sun 4:05 PM ET,Denver Broncos,Jacksonville Jaguars,5a4f3bf,2026_02_JAX_DEN,17.0,graded,win,0.9009009009009009,0.9009009009009009
1fd6628c781f556a7a19638e97d7107f,Jacksonville Jaguars @ Denver Broncos,Brian Thomas,draftkings,DraftKings,receptions,Receptions,over,2.5,-121,4.3557062997,0.5475728155,0.0,0.5475113122,0.5155112508,0.5203045685,2.5,5,0.6150331679,0.0112332504,Calibration fitted; not prospectively validated,2026-09-20T13:52:59Z,2026-09-20T20:05:00Z,Sun 4:05 PM ET,Denver Broncos,Jacksonville Jaguars,5a4f3bf,2026_02_JAX_DEN,3.0,graded,win,0.8264462809917356,0.8264462809917356
1fd6628c781f556a7a19638e97d7107f,Jacksonville Jaguars @ Denver Broncos,Brian Thomas,betmgm,BetMGM,receptions,Receptions,under,2.5,105,4.3557062997,0.4524271845,0.0,0.487804878,0.4554079696,0.4796954315,2.5,5,-353.7769358276,-7.2524271845,Calibration fitted; not prospectively validated,2026-09-20T13:52:25Z,2026-09-20T20:05:00Z,Sun 4:05 PM ET,Denver Broncos,Jacksonville Jaguars,5a4f3bf,2026_02_JAX_DEN,3.0,graded,loss,-1.0,1.05
1fd6628c781f556a7a19638e97d7107f,Jacksonville Jaguars @ Denver Broncos,Brian Thomas,fanduel,FanDuel,recv_yds,Receiving yards,over,34.5,-113,58.1503802362,0.5014367816,0.0,0.5305164319,0.5,0.5025798729,34.5,2,-290.7965031569,-5.4813854135,Calibration fitted; not prospectively validated,2026-09-20T13:52:58Z,2026-09-20T20:05:00Z,Sun 4:05 PM ET,Denver Broncos,Jacksonville Jaguars,5a4f3bf,2026_02_JAX_DEN,40.0,graded,win,0.8849557522123894,0.8849557522123894
1fd6628c781f556a7a19638e97d7107f,Jacksonville Jaguars @ Denver Broncos,Brian Thomas,betonlineag,BetOnline.ag,recv_yds,Receiving yards,under,34.5,-111,58.1503802362,0.4985632184,0.0,0.5260663507,0.4948402543,0.4974201271,34.5,2,-275.031323201,-5.2280729005,Calibration fitted; not prospectively validated,2026-09-20T13:52:52Z,2026-09-20T20:05:00Z,Sun 4:05 PM ET,Denver Broncos,Jacksonville Jaguars,5a4f3bf,2026_02_JAX_DEN,40.0,graded,loss,-1.0,0.9009009009009009
1fd6628c781f556a7a19638e97d7107f,Jacksonville Jaguars @ Denver Broncos,Chris Rodriguez,betmgm,BetMGM,rush_yds,Rushing yards,over,24.5,-111,32.5754121906,0.5,0.0,0.5260663507,0.4928711097,0.5,24.5,3,-260.663507109,-4.954954955,Calibration fitted; not prospectively validated,2026-09-20T13:52:25Z,2026-09-20T20:05:00Z,Sun 4:05 PM ET,Denver Broncos,Jacksonville Jaguars,5a4f3bf,2026_02_JAX_DEN,13.0,graded,loss,-1.0,0.9009009009009009
1fd6628c781f556a7a19638e97d7107f,Jacksonville Jaguars @ Denver Broncos,Chris Rodriguez,betonlineag,BetOnline.ag,rush_yds,Rushing yards,under,24.5,-111,32.5754121906,0.5,0.0,0.5260663507,0.4948402543,0.5,24.5,3,-260.663507109,-4.954954955,Calibration fitted; not prospectively validated,2026-09-20T13:52:52Z,2026-09-20T20:05:00Z,Sun 4:05 PM ET,Denver Broncos,Jacksonville Jaguars,5a4f3bf,2026_02_JAX_DEN,13.0,graded,win,0.9009009009009009,0.9009009009009009
1fd6628c781f556a7a19638e97d7107f,Jacksonville Jaguars @ Denver Broncos,Courtland Sutton,betonlineag,BetOnline.ag,receptions,Receptions,over,3.5,-102,2.9310395409,0.4524271845,0.0,0.504950495,0.4743894444,0.4898785425,3.5,5,-525.2331058349,-10.4016752332,Calibration fitted; not prospectively validated,2026-09-20T13:52:52Z,2026-09-20T20:05:00Z,Sun 4:05 PM ET,Denver Broncos,Jacksonville Jaguars,5a4f3bf,2026_02_JAX_DEN,3.0,graded,loss,-1.0,0.9803921568627451
1fd6628c781f556a7a19638e97d7107f,Jacksonville Jaguars @ Denver Broncos,Courtland Sutton,betmgm,BetMGM,receptions,Receptions,under,3.5,-110,2.9310395409,0.5475728155,0.0,0.5238095238,0.4898785425,0.5101214575,3.5,5,237.6329172446,4.5366284201,Calibration fitted; not prospectively validated,2026-09-20T13:52:25Z,2026-09-20T20:05:00Z,Sun 4:05 PM ET,Denver Broncos,Jacksonville Jaguars,5a4f3bf,2026_02_JAX_DEN,3.0,graded,win,0.9090909090909091,0.9090909090909091
1fd6628c781f556a7a19638e97d7107f,Jacksonville Jaguars @ Denver Broncos,Courtland Sutton,fanduel,FanDuel,recv_yds,Receiving yards,over,39.5,-113,35.2980858376,0.5,0.0,0.5305164319,0.5,0.5,40.0,3,-305.1643192488,-5.7522123894,Calibration fitted; not prospectively validated,2026-09-20T13:52:58Z,2026-09-20T20:05:00Z,Sun 4:05 PM ET,Denver Broncos,Jacksonville Jaguars,5a4f3bf,2026_02_JAX_DEN,25.0,graded,loss,-1.0,0.8849557522123894
1fd6628c781f556a7a19638e97d7107f,Jacksonville Jaguars @ Denver Broncos,Courtland Sutton,fanduel,FanDuel,recv_yds,Receiving yards,under,39.5,-113,35.2980858376,0.5,0.0,0.5305164319,0.5,0.5,40.0,3,-305.1643192488,-5.7522123894,Calibration fitted; not prospectively validated,2026-09-20T13:52:58Z,2026-09-20T20:05:00Z,Sun 4:05 PM ET,Denver Broncos,Jacksonville Jaguars,5a4f3bf,2026_02_JAX_DEN,25.0,graded,win,0.8849557522123894,0.8849557522123894
1fd6628c781f556a7a19638e97d7107f,Jacksonville Jaguars @ Denver Broncos,Evan Engram,betrivers,BetRivers,receptions,Receptions,over,2.5,-157,4.056968426,0.5475728155,0.0,0.6108949416,,0.5776531233,3.0,2,-633.2212610026,-10.3654690495,Calibration fitted; not prospectively validated,2026-09-20T13:53:18Z,2026-09-20T20:05:00Z,Sun 4:05 PM ET,Denver Broncos,Jacksonville Jaguars,5a4f3bf,2026_02_JAX_DEN,1.0,graded,loss,-1.0,0.6369426751592356
1fd6628c781f556a7a19638e97d7107f,Jacksonville Jaguars @ Denver Broncos,Evan Engram,betonlineag,BetOnline.ag,receptions,Receptions,under,2.5,124,4.056968426,0.4524271845,0.0,0.4464285714,0.419857152,0.4223468767,3.0,2,59.9861303745,1.3436893204,Calibration fitted; not prospectively validated,2026-09-20T13:52:52Z,2026-09-20T20:05:00Z,Sun 4:05 PM ET,Denver Broncos,Jacksonville Jaguars,5a4f3bf,2026_02_JAX_DEN,1.0,graded,win,1.24,1.24
1fd6628c781f556a7a19638e97d7107f,Jacksonville Jaguars @ Denver Broncos,Evan Engram,betonlineag,BetOnline.ag,recv_yds,Receiving yards,over,25.5,-112,40.2831248936,0.5014367816,0.0,0.5283018868,0.4969046636,0.4984523318,25.5,2,-268.6510518326,-5.085180624,Calibration fitted; not prospectively validated,2026-09-20T13:52:52Z,2026-09-20T20:05:00Z,Sun 4:05 PM ET,Denver Broncos,Jacksonville Jaguars,5a4f3bf,2026_02_JAX_DEN,17.0,graded,loss,-1.0,0.8928571428571429
1fd6628c781f556a7a19638e97d7107f,Jacksonville Jaguars @ Denver Broncos,Evan Engram,betmgm,BetMGM,recv_yds,Receiving yards,under,25.5,-115,40.2831248936,0.4985632184,0.0,0.5348837209,0.5,0.5015476682,25.5,2,-363.2050253943,-6.7903548226,Calibration fitted; not prospectively validated,2026-09-20T13:52:25Z,2026-09-20T20:05:00Z,Sun 4:05 PM ET,Denver Broncos,Jacksonville Jaguars,5a4f3bf,2026_02_JAX_DEN,17.0,graded,win,0.8695652173913043,0.8695652173913043
1fd6628c781f556a7a19638e97d7107f,Jacksonville Jaguars @ Denver Broncos,J.K. Dobbins,draftkings,DraftKings,rush_attempts,Rushing attempts,over,13.5,-114,12.1308313054,0.4915254237,0.0,0.5327102804,0.5031375502,0.5108223223,13.5,2,-411.8485664502,-7.7311923877,Calibration fitted; not prospectively validated,2026-09-20T13:52:59Z,2026-09-20T20:05:00Z,Sun 4:05 PM ET,Denver Broncos,Jacksonville Jaguars,5a4f3bf,2026_02_JAX_DEN,10.0,graded,loss,-1.0,0.8771929824561403
1fd6628c781f556a7a19638e97d7107f,Jacksonville Jaguars @ Denver Broncos,J.K. Dobbins,betonlineag,BetOnline.ag,rush_attempts,Rushing attempts,under,13.5,-105,12.1308313054,0.506993007,0.0,0.512195122,0.4814929056,0.4891776777,13.5,2,-52.0211495821,-1.0156510157,Calibration fitted; not prospectively validated,2026-09-20T13:52:52Z,2026-09-20T20:05:00Z,Sun 4:05 PM ET,Denver Broncos,Jacksonville Jaguars,5a4f3bf,2026_02_JAX_DEN,10.0,graded,win,0.9523809523809523,0.9523809523809523
1fd6628c781f556a7a19638e97d7107f,Jacksonville Jaguars @ Denver Broncos,J.K. Dobbins,bovada,Bovada,rush_yds,Rushing yards,over,58.5,-110,58.9085065487,0.5,0.0,0.5238095238,0.4898785425,0.4947698745,59.0,3,-238.0952380952,-4.5454545455,Calibration fitted; not prospectively validated,2026-09-20T13:53:02Z,2026-09-20T20:05:00Z,Sun 4:05 PM ET,Denver Broncos,Jacksonville Jaguars,5a4f3bf,2026_02_JAX_DEN,36.0,graded,loss,-1.0,0.9090909090909091
1fd6628c781f556a7a19638e97d7107f,Jacksonville Jaguars @ Denver Broncos,J.K. Dobbins,betonlineag,BetOnline.ag,rush_yds,Rushing yards,under,58.5,-114,58.9085065487,0.5,0.0,0.5327102804,0.5,0.5052301255,59.0,3,-327.1028037383,-6.1403508772,Calibration fitted; not prospectively validated,2026-09-20T13:52:52Z,2026-09-20T20:05:00Z,Sun 4:05 PM ET,Denver Broncos,Jacksonville Jaguars,5a4f3bf,2026_02_JAX_DEN,36.0,graded,win,0.8771929824561403,0.8771929824561403
1fd6628c781f556a7a19638e97d7107f,Jacksonville Jaguars @ Denver Broncos,Jakobi Meyers,betmgm,BetMGM,receptions,Receptions,over,3.5,-115,4.8134688093,0.5475728155,0.0,0.5348837209,0.5,0.5208602779,3.5,5,126.8909460375,2.3723089911,Calibration fitted; not prospectively validated,2026-09-20T13:52:25Z,2026-09-20T20:05:00Z,Sun 4:05 PM ET,Denver Broncos,Jacksonville Jaguars,5a4f3bf,2026_02_JAX_DEN,1.0,graded,loss,-1.0,0.8695652173913043
1fd6628c781f556a7a19638e97d7107f,Jacksonville Jaguars @ Denver Broncos,Jakobi Meyers,betonlineag,BetOnline.ag,receptions,Receptions,under,3.5,102,4.8134688093,0.4524271845,0.0,0.495049505,0.4652655222,0.4791397221,3.5,5,-426.2232048448,-8.6097087379,Calibration fitted; not prospectively validated,2026-09-20T13:52:52Z,2026-09-20T20:05:00Z,Sun 4:05 PM ET,Denver Broncos,Jacksonville Jaguars,5a4f3bf,2026_02_JAX_DEN,1.0,graded,win,1.02,1.02
1fd6628c781f556a7a19638e97d7107f,Jacksonville Jaguars @ Denver Broncos,Jakobi Meyers,draftkings,DraftKings,recv_yds,Receiving yards,over,37.5,-109,63.9449901818,0.5014367816,0.0,0.5215311005,0.4936802191,0.4949766919,37.5,5,-200.9431886927,-3.8529473795,Calibration fitted; not prospectively validated,2026-09-20T13:52:59Z,2026-09-20T20:05:00Z,Sun 4:05 PM ET,Denver Broncos,Jacksonville Jaguars,5a4f3bf,2026_02_JAX_DEN,28.0,graded,loss,-1.0,0.9174311926605505
1fd6628c781f556a7a19638e97d7107f,Jacksonville Jaguars @ Denver Broncos,Jakobi Meyers,fanduel,FanDuel,recv_yds,Receiving yards,under,37.5,-113,63.9449901818,0.4985632184,0.0,0.5305164319,0.5,0.5050233081,37.5,5,-319.5321353408,-6.0230393653,Calibration fitted; not prospectively validated,2026-09-20T13:52:58Z,2026-09-20T20:05:00Z,Sun 4:05 PM ET,Denver Broncos,Jacksonville Jaguars,5a4f3bf,2026_02_JAX_DEN,28.0,graded,win,0.8849557522123894,0.8849557522123894
1fd6628c781f556a7a19638e97d7107f,Jacksonville Jaguars @ Denver Broncos,Jaylen Waddle,betrivers,BetRivers,receptions,Receptions,over,4.5,114,2.5888199773,0.4210526316,0.0,0.4672897196,,0.4648542048,4.5,5,-462.3708804722,-9.8947368421,Calibration fitted; not prospectively validated,2026-09-20T13:53:18Z,2026-09-20T20:05:00Z,Sun 4:05 PM ET,Denver Broncos,Jacksonville Jaguars,5a4f3bf,2026_02_JAX_DEN,8.0,graded,win,1.14,1.14
1fd6628c781f556a7a19638e97d7107f,Jacksonville Jaguars @ Denver Broncos,Jaylen Waddle,betmgm,BetMGM,receptions,Receptions,under,4.5,-125,2.5888199773,0.5789473684,0.0,0.5555555556,0.5203045685,0.5351457952,4.5,5,233.918128655,4.2105263158,Calibration fitted; not prospectively validated,2026-09-20T13:52:25Z,2026-09-20T20:05:00Z,Sun 4:05 PM ET,Denver Broncos,Jacksonville Jaguars,5a4f3bf,2026_02_JAX_DEN,8.0,graded,loss,-1.0,0.8
1fd6628c781f556a7a19638e97d7107f,Jacksonville Jaguars @ Denver Broncos,Jaylen Waddle,draftkings,DraftKings,recv_yds,Receiving yards,over,53.5,-113,30.3968248138,0.4836956522,0.0,0.5305164319,0.5021058838,0.5010529419,53.5,2,-468.2077975097,-8.8255098115,Calibration fitted; not prospectively validated,2026-09-20T13:52:59Z,2026-09-20T20:05:00Z,Sun 4:05 PM ET,Denver Broncos,Jacksonville Jaguars,5a4f3bf,2026_02_JAX_DEN,138.0,graded,win,0.8849557522123894,0.8849557522123894
1fd6628c781f556a7a19638e97d7107f,Jacksonville Jaguars @ Denver Broncos,Jaylen Waddle,draftkings,DraftKings,recv_yds,Receiving yards,under,53.5,-111,30.3968248138,0.5163043478,0.0,0.5260663507,0.4978941162,0.4989470581,53.5,2,-97.6200288481,-1.8556600078,Calibration fitted; not prospectively validated,2026-09-20T13:52:59Z,2026-09-20T20:05:00Z,Sun 4:05 PM ET,Denver Broncos,Jacksonville Jaguars,5a4f3bf,2026_02_JAX_DEN,138.0,graded,loss,-1.0,0.9009009009009009
1fd6628c781f556a7a19638e97d7107f,Jacksonville Jaguars @ Denver Broncos,Parker Washington,betrivers,BetRivers,receptions,Receptions,over,4.5,-112,3.7457113981,0.4524271845,0.0,0.5283018868,,0.5226570546,4.5,5,-758.7470232643,-14.3619972261,Calibration fitted; not prospectively validated,2026-09-20T13:53:18Z,2026-09-20T20:05:00Z,Sun 4:05 PM ET,Denver Broncos,Jacksonville Jaguars,5a4f3bf,2026_02_JAX_DEN,7.0,graded,win,0.8928571428571429,0.8928571428571429
1fd6628c781f556a7a19638e97d7107f,Jacksonville Jaguars @ Denver Broncos,Parker Washington,fanduel,FanDuel,receptions,Receptions,under,4.5,104,3.7457113981,0.5475728155,0.0,0.4901960784,0.4581151832,0.4773429454,4.5,5,573.7673710261,11.7048543689,Calibration fitted; not prospectively validated,2026-09-20T13:52:58Z,2026-09-20T20:05:00Z,Sun 4:05 PM ET,Denver Broncos,Jacksonville Jaguars,5a4f3bf,2026_02_JAX_DEN,7.0,graded,loss,-1.0,1.04
1fd6628c781f556a7a19638e97d7107f,Jacksonville Jaguars @ Denver Broncos,Parker Washington,draftkings,DraftKings,recv_yds,Receiving yards,over,59.5,-112,48.8852070506,0.5,0.0,0.5283018868,0.5,0.5,59.5,5,-283.0188679245,-5.3571428571,Calibration fitted; not prospectively validated,2026-09-20T13:52:59Z,2026-09-20T20:05:00Z,Sun 4:05 PM ET,Denver Broncos,Jacksonville Jaguars,5a4f3bf,2026_02_JAX_DEN,98.0,graded,win,0.8928571428571429,0.8928571428571429
1fd6628c781f556a7a19638e97d7107f,Jacksonville Jaguars @ Denver Broncos,Parker Washington,draftkings,DraftKings,recv_yds,Receiving yards,under,59.5,-112,48.8852070506,0.5,0.0,0.5283018868,0.5,0.5,59.5,5,-283.0188679245,-5.3571428571,Calibration fitted; not prospectively validated,2026-09-20T13:52:59Z,2026-09-20T20:05:00Z,Sun 4:05 PM ET,Denver Broncos,Jacksonville Jaguars,5a4f3bf,2026_02_JAX_DEN,98.0,graded,loss,-1.0,0.8928571428571429
1fd6628c781f556a7a19638e97d7107f,Jacksonville Jaguars @ Denver Broncos,Pat Bryant,betrivers,BetRivers,receptions,Receptions,over,3.5,125,2.9040620634,0.4524271845,0.0,0.4444444444,,0.4334891628,3.5,5,79.8274002158,1.7961165049,Calibration fitted; not prospectively validated,2026-09-20T13:53:18Z,2026-09-20T20:05:00Z,Sun 4:05 PM ET,Denver Broncos,Jacksonville Jaguars,5a4f3bf,2026_02_JAX_DEN,0.0,graded,loss,-1.0,1.25
1fd6628c781f556a7a19638e97d7107f,Jacksonville Jaguars @ Denver Broncos,Pat Bryant,draftkings,DraftKings,receptions,Receptions,under,3.5,-144,2.9040620634,0.5475728155,0.0,0.5901639344,0.5569436374,0.5665108372,3.5,5,-425.9111889225,-7.216828479,Calibration fitted; not prospectively validated,2026-09-20T13:52:59Z,2026-09-20T20:05:00Z,Sun 4:05 PM ET,Denver Broncos,Jacksonville Jaguars,5a4f3bf,2026_02_JAX_DEN,0.0,graded,win,0.6944444444444444,0.6944444444444444
1fd6628c781f556a7a19638e97d7107f,Jacksonville Jaguars @ Denver Broncos,Pat Bryant,betmgm,BetMGM,recv_yds,Receiving yards,over,31.5,-111,36.6166974605,0.5,0.0,0.5260663507,0.4909529554,0.4978941162,31.5,3,-260.663507109,-4.954954955,Calibration fitted; not prospectively validated,2026-09-20T13:52:25Z,2026-09-20T20:05:00Z,Sun 4:05 PM ET,Denver Broncos,Jacksonville Jaguars,5a4f3bf,2026_02_JAX_DEN,0.0,graded,loss,-1.0,0.9009009009009009
1fd6628c781f556a7a19638e97d7107f,Jacksonville Jaguars @ Denver Broncos,Pat Bryant,draftkings,DraftKings,recv_yds,Receiving yards,under,31.5,-113,36.6166974605,0.5,0.0,0.5305164319,0.5021058838,0.5021058838,31.5,3,-305.1643192488,-5.7522123894,Calibration fitted; not prospectively validated,2026-09-20T13:52:59Z,2026-09-20T20:05:00Z,Sun 4:05 PM ET,Denver Broncos,Jacksonville Jaguars,5a4f3bf,2026_02_JAX_DEN,0.0,graded,win,0.8849557522123894,0.8849557522123894
1fd6628c781f556a7a19638e97d7107f,Jacksonville Jaguars @ Denver Broncos,Trevor Lawrence,betmgm,BetMGM,interceptions,Interceptions thrown,over,0.5,-120,,,,0.5454545455,0.5090470446,0.5196752547,0.5,5,,,Insufficient player data,2026-09-20T13:52:25Z,2026-09-20T20:05:00Z,Sun 4:05 PM ET,Denver Broncos,Jacksonville Jaguars,5a4f3bf,2026_02_JAX_DEN,1.0,graded,win,0.8333333333333334,0.8333333333333334
1fd6628c781f556a7a19638e97d7107f,Jacksonville Jaguars @ Denver Broncos,Trevor Lawrence,betrivers,BetRivers,interceptions,Interceptions thrown,under,0.5,100,,,,0.5,0.4677419355,0.4803247453,0.5,5,,,Insufficient player data,2026-09-20T13:53:18Z,2026-09-20T20:05:00Z,Sun 4:05 PM ET,Denver Broncos,Jacksonville Jaguars,5a4f3bf,2026_02_JAX_DEN,1.0,graded,loss,-1.0,1.0
1fd6628c781f556a7a19638e97d7107f,Jacksonville Jaguars @ Denver Broncos,Trevor Lawrence,draftkings,DraftKings,pass_attempts,Passing attempts,over,31.5,-126,28.4612817177,0.4375,0.0,0.5575221239,0.5259594617,0.5306122449,31.5,4,-1200.2212389381,-21.5277777778,Calibration fitted; not prospectively validated,2026-09-20T13:52:59Z,2026-09-20T20:05:00Z,Sun 4:05 PM ET,Denver Broncos,Jacksonville Jaguars,5a4f3bf,2026_02_JAX_DEN,29.0,graded,loss,-1.0,0.7936507936507936
1fd6628c781f556a7a19638e97d7107f,Jacksonville Jaguars @ Denver Broncos,Trevor Lawrence,betonlineag,BetOnline.ag,pass_attempts,Passing attempts,under,31.5,100,28.4612817177,0.5625,0.0,0.5,0.4693877551,0.4693877551,31.5,4,625.0,12.5,Calibration fitted; not prospectively validated,2026-09-20T13:52:52Z,2026-09-20T20:05:00Z,Sun 4:05 PM ET,Denver Broncos,Jacksonville Jaguars,5a4f3bf,2026_02_JAX_DEN,29.0,graded,win,1.0,1.0
1fd6628c781f556a7a19638e97d7107f,Jacksonville Jaguars @ Denver Broncos,Trevor Lawrence,betrivers,BetRivers,pass_completions,Passing completions,over,19.5,-107,21.3459612883,0.5,0.0,0.5169082126,,0.5103976044,19.5,5,-169.0821256039,-3.2710280374,Calibration fitted; not prospectively validated,2026-09-20T13:53:18Z,2026-09-20T20:05:00Z,Sun 4:05 PM ET,Denver Broncos,Jacksonville Jaguars,5a4f3bf,2026_02_JAX_DEN,17.0,graded,loss,-1.0,0.9345794392523364
1fd6628c781f556a7a19638e97d7107f,Jacksonville Jaguars @ Denver Broncos,Trevor Lawrence,betmgm,BetMGM,pass_completions,Passing completions,under,19.5,-105,21.3459612883,0.5,0.0,0.512195122,0.4796954315,0.4896023956,19.5,5,-121.9512195122,-2.380952381,Calibration fitted; not prospectively validated,2026-09-20T13:52:25Z,2026-09-20T20:05:00Z,Sun 4:05 PM ET,Denver Broncos,Jacksonville Jaguars,5a4f3bf,2026_02_JAX_DEN,17.0,graded,win,0.9523809523809523,0.9523809523809523
1fd6628c781f556a7a19638e97d7107f,Jacksonville Jaguars @ Denver Broncos,Trevor Lawrence,betmgm,BetMGM,pass_tds,Passing touchdowns,over,1.5,135,3.76,0.5384615385,0.0,0.4255319149,0.3959708232,0.437361068,1.5,6,1129.2962356792,26.5384615385,Calibration fitted; not prospectively validated,2026-09-20T13:52:25Z,2026-09-20T20:05:00Z,Sun 4:05 PM ET,Denver Broncos,Jacksonville Jaguars,5a4f3bf,2026_02_JAX_DEN,0.0,graded,loss,-1.0,1.35
1fd6628c781f556a7a19638e97d7107f,Jacksonville Jaguars @ Denver Broncos,Trevor Lawrence,draftkings,DraftKings,pass_tds,Passing touchdowns,under,1.5,-137,3.76,0.4615384615,0.0,0.5780590717,0.5459422178,0.562638932,1.5,6,-1165.206101915,-20.1572150477,Calibration fitted; not prospectively validated,2026-09-20T13:52:59Z,2026-09-20T20:05:00Z,Sun 4:05 PM ET,Denver Broncos,Jacksonville Jaguars,5a4f3bf,2026_02_JAX_DEN,0.0,graded,win,0.7299270072992701,0.7299270072992701
1fd6628c781f556a7a19638e97d7107f,Jacksonville Jaguars @ Denver Broncos,Trevor Lawrence,draftkings,DraftKings,pass_yds,Passing yards,over,223.5,-113,233.9153656249,0.5,0.0,0.5305164319,0.5021058838,0.5,223.5,3,-305.1643192488,-5.7522123894,Calibration fitted; not prospectively validated,2026-09-20T13:52:59Z,2026-09-20T20:05:00Z,Sun 4:05 PM ET,Denver Broncos,Jacksonville Jaguars,5a4f3bf,2026_02_JAX_DEN,189.0,graded,loss,-1.0,0.8849557522123894
1fd6628c781f556a7a19638e97d7107f,Jacksonville Jaguars @ Denver Broncos,Trevor Lawrence,draftkings,DraftKings,pass_yds,Passing yards,under,223.5,-111,233.9153656249,0.5,0.0,0.5260663507,0.4978941162,0.5,223.5,3,-260.663507109,-4.954954955,Calibration fitted; not prospectively validated,2026-09-20T13:52:59Z,2026-09-20T20:05:00Z,Sun 4:05 PM ET,Denver Broncos,Jacksonville Jaguars,5a4f3bf,2026_02_JAX_DEN,189.0,graded,win,0.9009009009009009,0.9009009009009009
1fd6628c781f556a7a19638e97d7107f,Jacksonville Jaguars @ Denver Broncos,Trevor Lawrence,draftkings,DraftKings,rush_attempts,Rushing attempts,over,3.5,-154,5.2241058238,0.506993007,0.0,0.6062992126,0.572635192,0.572635192,3.5,1,-993.0620560542,-16.37907547,Calibration fitted; not prospectively validated,2026-09-20T13:52:59Z,2026-09-20T20:05:00Z,Sun 4:05 PM ET,Denver Broncos,Jacksonville Jaguars,5a4f3bf,2026_02_JAX_DEN,2.0,graded,loss,-1.0,0.6493506493506493
1fd6628c781f556a7a19638e97d7107f,Jacksonville Jaguars @ Denver Broncos,Trevor Lawrence,draftkings,DraftKings,rush_attempts,Rushing attempts,under,3.5,121,5.2241058238,0.4915254237,0.0,0.4524886878,0.427364808,0.427364808,3.5,1,390.3673594601,8.6271186441,Calibration fitted; not prospectively validated,2026-09-20T13:52:59Z,2026-09-20T20:05:00Z,Sun 4:05 PM ET,Denver Broncos,Jacksonville Jaguars,5a4f3bf,2026_02_JAX_DEN,2.0,graded,win,1.21,1.21
1fd6628c781f556a7a19638e97d7107f,Jacksonville Jaguars @ Denver Broncos,Trevor Lawrence,draftkings,DraftKings,rush_yds,Rushing yards,over,16.5,-107,20.3828228098,0.5,0.0,0.5169082126,0.4894599266,0.4949392713,16.5,4,-169.0821256039,-3.2710280374,Calibration fitted; not prospectively validated,2026-09-20T13:52:59Z,2026-09-20T20:05:00Z,Sun 4:05 PM ET,Denver Broncos,Jacksonville Jaguars,5a4f3bf,2026_02_JAX_DEN,6.0,graded,loss,-1.0,0.9345794392523364
1fd6628c781f556a7a19638e97d7107f,Jacksonville Jaguars @ Denver Broncos,Trevor Lawrence,fanduel,FanDuel,rush_yds,Rushing yards,under,16.5,-113,20.3828228098,0.5,0.0,0.5305164319,0.5,0.5050607287,16.5,4,-305.1643192488,-5.7522123894,Calibration fitted; not prospectively validated,2026-09-20T13:52:58Z,2026-09-20T20:05:00Z,Sun 4:05 PM ET,Denver Broncos,Jacksonville Jaguars,5a4f3bf,2026_02_JAX_DEN,6.0,graded,win,0.8849557522123894,0.8849557522123894
2143ade9684fd876b68a4e8cbf451f05,New Orleans Saints @ Baltimore Ravens,Alvin Kamara,bovada,Bovada,receptions,Receptions,over,2.5,150,3.1151952715,0.5475728155,0.0,0.4,0.375,0.3783565712,2.5,4,1475.7281553398,36.8932038835,Calibration fitted; not prospectively validated,2026-09-20T13:51:43Z,2026-09-20T17:00:00Z,Sun 1:00 PM ET,Baltimore Ravens,New Orleans Saints,5a4f3bf,2026_02_NO_BAL,5.0,graded,win,1.5,1.5
2143ade9684fd876b68a4e8cbf451f05,New Orleans Saints @ Baltimore Ravens,Alvin Kamara,fanduel,FanDuel,receptions,Receptions,under,2.5,-188,3.1151952715,0.4524271845,0.0,0.6527777778,0.6103896104,0.6216434288,2.5,4,-2003.5059331176,-30.6920057839,Calibration fitted; not prospectively validated,2026-09-20T13:53:08Z,2026-09-20T17:00:00Z,Sun 1:00 PM ET,Baltimore Ravens,New Orleans Saints,5a4f3bf,2026_02_NO_BAL,5.0,graded,loss,-1.0,0.5319148936170213
2143ade9684fd876b68a4e8cbf451f05,New Orleans Saints @ Baltimore Ravens,Alvin Kamara,betrivers,BetRivers,recv_yds,Receiving yards,over,11.5,-113,22.6079766994,0.5014367816,0.0,0.5305164319,0.4959548562,0.5031598905,11.5,4,-290.7965031569,-5.4813854135,Calibration fitted; not prospectively validated,2026-09-20T13:52:34Z,2026-09-20T17:00:00Z,Sun 1:00 PM ET,Baltimore Ravens,New Orleans Saints,5a4f3bf,2026_02_NO_BAL,7.0,graded,loss,-1.0,0.8849557522123894
2143ade9684fd876b68a4e8cbf451f05,New Orleans Saints @ Baltimore Ravens,Alvin Kamara,draftkings,DraftKings,recv_yds,Receiving yards,under,11.5,-109,22.6079766994,0.4985632184,0.0,0.5215311005,0.4936802191,0.4968401095,11.5,4,-229.6788208766,-4.4039333544,Calibration fitted; not prospectively validated,2026-09-20T13:53:25Z,2026-09-20T17:00:00Z,Sun 1:00 PM ET,Baltimore Ravens,New Orleans Saints,5a4f3bf,2026_02_NO_BAL,7.0,graded,win,0.9174311926605505,0.9174311926605505
2143ade9684fd876b68a4e8cbf451f05,New Orleans Saints @ Baltimore Ravens,Alvin Kamara,betonlineag,BetOnline.ag,rush_yds,Rushing yards,over,15.5,-108,44.8882204127,0.5647668394,0.0,0.5192307692,0.4876847291,0.5,15.5,5,455.3607014747,8.7699098062,Calibration fitted; not prospectively validated,2026-09-20T13:52:16Z,2026-09-20T17:00:00Z,Sun 1:00 PM ET,Baltimore Ravens,New Orleans Saints,5a4f3bf,2026_02_NO_BAL,15.0,graded,loss,-1.0,0.9259259259259259
2143ade9684fd876b68a4e8cbf451f05,New Orleans Saints @ Baltimore Ravens,Alvin Kamara,draftkings,DraftKings,rush_yds,Rushing yards,under,15.5,-110,44.8882204127,0.4352331606,0.0,0.5238095238,0.4957877001,0.5,15.5,5,-885.7636318776,-16.9100329722,Calibration fitted; not prospectively validated,2026-09-20T13:53:25Z,2026-09-20T17:00:00Z,Sun 1:00 PM ET,Baltimore Ravens,New Orleans Saints,5a4f3bf,2026_02_NO_BAL,15.0,graded,win,0.9090909090909091,0.9090909090909091
2143ade9684fd876b68a4e8cbf451f05,New Orleans Saints @ Baltimore Ravens,Bryce Lance,fanduel,FanDuel,receptions,Receptions,over,1.5,-132,2.8446101126,0.5475728155,0.0,0.5689655172,0.5322580645,0.550044446,1.5,4,-213.927017074,-3.759929391,Calibration fitted; not prospectively validated,2026-09-20T13:53:08Z,2026-09-20T17:00:00Z,Sun 1:00 PM ET,Baltimore Ravens,New Orleans Saints,5a4f3bf,2026_02_NO_BAL,1.0,graded,loss,-1.0,0.7575757575757576
2143ade9684fd876b68a4e8cbf451f05,New Orleans Saints @ Baltimore Ravens,Bryce Lance,draftkings,DraftKings,receptions,Receptions,under,1.5,116,2.8446101126,0.4524271845,0.0,0.462962963,0.4361992853,0.449955554,1.5,4,-105.3577849694,-2.2757281553,Calibration fitted; not prospectively validated,2026-09-20T13:53:25Z,2026-09-20T17:00:00Z,Sun 1:00 PM ET,Baltimore Ravens,New Orleans Saints,5a4f3bf,2026_02_NO_BAL,1.0,graded,win,1.16,1.16
2143ade9684fd876b68a4e8cbf451f05,New Orleans Saints @ Baltimore Ravens,Bryce Lance,draftkings,DraftKings,recv_yds,Receiving yards,over,20.5,-110,35.6349296496,0.5014367816,0.0,0.5238095238,0.4957877001,0.5,20.5,5,-223.7274220033,-4.2711598746,Calibration fitted; not prospectively validated,2026-09-20T13:53:25Z,2026-09-20T17:00:00Z,Sun 1:00 PM ET,Baltimore Ravens,New Orleans Saints,5a4f3bf,2026_02_NO_BAL,8.0,graded,loss,-1.0,0.9090909090909091
2143ade9684fd876b68a4e8cbf451f05,New Orleans Saints @ Baltimore Ravens,Bryce Lance,fanduel,FanDuel,recv_yds,Receiving yards,under,20.5,-113,35.6349296496,0.4985632184,0.0,0.5305164319,0.5,0.5,20.5,5,-319.5321353408,-6.0230393653,Calibration fitted; not prospectively validated,2026-09-20T13:53:08Z,2026-09-20T17:00:00Z,Sun 1:00 PM ET,Baltimore Ravens,New Orleans Saints,5a4f3bf,2026_02_NO_BAL,8.0,graded,win,0.8849557522123894,0.8849557522123894
2143ade9684fd876b68a4e8cbf451f05,New Orleans Saints @ Baltimore Ravens,Chris Olave,draftkings,DraftKings,receptions,Receptions,over,5.5,-108,5.562786474,0.5408805031,0.0,0.5192307692,0.4896023956,0.5101214575,5.5,5,216.4973391388,4.1695783834,Calibration fitted; not prospectively validated,2026-09-20T13:53:25Z,2026-09-20T17:00:00Z,Sun 1:00 PM ET,Baltimore Ravens,New Orleans Saints,5a4f3bf,2026_02_NO_BAL,8.0,graded,win,0.9259259259259259,0.9259259259259259
2143ade9684fd876b68a4e8cbf451f05,New Orleans Saints @ Baltimore Ravens,Chris Olave,betonlineag,BetOnline.ag,receptions,Receptions,under,5.5,-105,5.562786474,0.4591194969,0.0,0.512195122,0.4814929056,0.4898785425,5.5,5,-530.7562509587,-10.3623839473,Calibration fitted; not prospectively validated,2026-09-20T13:52:16Z,2026-09-20T17:00:00Z,Sun 1:00 PM ET,Baltimore Ravens,New Orleans Saints,5a4f3bf,2026_02_NO_BAL,8.0,graded,loss,-1.0,0.9523809523809523
2143ade9684fd876b68a4e8cbf451f05,New Orleans Saints @ Baltimore Ravens,Chris Olave,betmgm,BetMGM,recv_yds,Receiving yards,over,68.5,-115,73.3900484541,0.5,0.0,0.5348837209,0.5,0.5005089577,68.5,2,-348.8372093023,-6.5217391304,Calibration fitted; not prospectively validated,2026-09-20T13:53:23Z,2026-09-20T17:00:00Z,Sun 1:00 PM ET,Baltimore Ravens,New Orleans Saints,5a4f3bf,2026_02_NO_BAL,86.0,graded,win,0.8695652173913043,0.8695652173913043
2143ade9684fd876b68a4e8cbf451f05,New Orleans Saints @ Baltimore Ravens,Chris Olave,betrivers,BetRivers,recv_yds,Receiving yards,under,68.5,-114,73.3900484541,0.5,0.0,0.5327102804,0.4989820847,0.4994910423,68.5,2,-327.1028037383,-6.1403508772,Calibration fitted; not prospectively validated,2026-09-20T13:52:34Z,2026-09-20T17:00:00Z,Sun 1:00 PM ET,Baltimore Ravens,New Orleans Saints,5a4f3bf,2026_02_NO_BAL,86.0,graded,loss,-1.0,0.8771929824561403
2143ade9684fd876b68a4e8cbf451f05,New Orleans Saints @ Baltimore Ravens,Derrick Henry,fanduel,FanDuel,receptions,Receptions,over,1.5,182,1.4947397928,0.5,0.0,0.3546099291,0.3317535545,0.3470031546,1.5,5,1453.9007092199,41.0,Calibration fitted; not prospectively validated,2026-09-20T13:53:08Z,2026-09-20T17:00:00Z,Sun 1:00 PM ET,Baltimore Ravens,New Orleans Saints,5a4f3bf,2026_02_NO_BAL,3.0,graded,win,1.82,1.82
2143ade9684fd876b68a4e8cbf451f05,New Orleans Saints @ Baltimore Ravens,Derrick Henry,betmgm,BetMGM,receptions,Receptions,under,1.5,-190,1.4947397928,0.5,0.0,0.6551724138,0.6092697386,0.6529968454,1.5,5,-1551.724137931,-23.6842105263,Calibration fitted; not prospectively validated,2026-09-20T13:53:23Z,2026-09-20T17:00:00Z,Sun 1:00 PM ET,Baltimore Ravens,New Orleans Saints,5a4f3bf,2026_02_NO_BAL,3.0,graded,loss,-1.0,0.5263157894736842
2143ade9684fd876b68a4e8cbf451f05,New Orleans Saints @ Baltimore Ravens,Derrick Henry,betonlineag,BetOnline.ag,recv_yds,Receiving yards,over,5.5,-116,17.0995040602,0.5014367816,0.0,0.537037037,0.5051597457,0.5101214575,6.0,3,-356.0025542784,-6.6290130797,Calibration fitted; not prospectively validated,2026-09-20T13:52:16Z,2026-09-20T17:00:00Z,Sun 1:00 PM ET,Baltimore Ravens,New Orleans Saints,5a4f3bf,2026_02_NO_BAL,19.0,graded,win,0.8620689655172413,0.8620689655172413
2143ade9684fd876b68a4e8cbf451f05,New Orleans Saints @ Baltimore Ravens,Derrick Henry,draftkings,DraftKings,recv_yds,Receiving yards,under,5.5,-107,17.0995040602,0.4985632184,0.0,0.5169082126,0.4894599266,0.4898785425,6.0,3,-183.4499416958,-3.5489848534,Calibration fitted; not prospectively validated,2026-09-20T13:53:25Z,2026-09-20T17:00:00Z,Sun 1:00 PM ET,Baltimore Ravens,New Orleans Saints,5a4f3bf,2026_02_NO_BAL,19.0,graded,loss,-1.0,0.9345794392523364
2143ade9684fd876b68a4e8cbf451f05,New Orleans Saints @ Baltimore Ravens,Derrick Henry,draftkings,DraftKings,rush_attempts,Rushing attempts,over,20.5,-102,17.402895479,0.4915254237,0.0,0.504950495,0.4761410788,0.4779182552,20.5,2,-134.2507132069,-2.6586905949,Calibration fitted; not prospectively validated,2026-09-20T13:53:25Z,2026-09-20T17:00:00Z,Sun 1:00 PM ET,Baltimore Ravens,New Orleans Saints,5a4f3bf,2026_02_NO_BAL,16.0,graded,loss,-1.0,0.9803921568627451
2143ade9684fd876b68a4e8cbf451f05,New Orleans Saints @ Baltimore Ravens,Derrick Henry,draftkings,DraftKings,rush_attempts,Rushing attempts,under,20.5,-125,17.402895479,0.506993007,0.0,0.5555555556,0.5238589212,0.5220817448,20.5,2,-485.6254856255,-8.7412587413,Calibration fitted; not prospectively validated,2026-09-20T13:53:25Z,2026-09-20T17:00:00Z,Sun 1:00 PM ET,Baltimore Ravens,New Orleans Saints,5a4f3bf,2026_02_NO_BAL,16.0,graded,win,0.8,0.8
2143ade9684fd876b68a4e8cbf451f05,New Orleans Saints @ Baltimore Ravens,Derrick Henry,fanduel,FanDuel,rush_yds,Rushing yards,over,94.5,-113,88.7009916676,0.5,0.0,0.5305164319,0.5,0.5015067502,94.5,4,-305.1643192488,-5.7522123894,Calibration fitted; not prospectively validated,2026-09-20T13:53:08Z,2026-09-20T17:00:00Z,Sun 1:00 PM ET,Baltimore Ravens,New Orleans Saints,5a4f3bf,2026_02_NO_BAL,68.0,graded,loss,-1.0,0.8849557522123894
2143ade9684fd876b68a4e8cbf451f05,New Orleans Saints @ Baltimore Ravens,Derrick Henry,betonlineag,BetOnline.ag,rush_yds,Rushing yards,under,94.5,-110,88.7009916676,0.5,0.0,0.5238095238,0.4917965546,0.4984932498,94.5,4,-238.0952380952,-4.5454545455,Calibration fitted; not prospectively validated,2026-09-20T13:52:16Z,2026-09-20T17:00:00Z,Sun 1:00 PM ET,Baltimore Ravens,New Orleans Saints,5a4f3bf,2026_02_NO_BAL,68.0,graded,win,0.9090909090909091,0.9090909090909091
2143ade9684fd876b68a4e8cbf451f05,New Orleans Saints @ Baltimore Ravens,Devaughn Vele,betrivers,BetRivers,receptions,Receptions,over,3.5,-134,3.6534269485,0.5408805031,0.0,0.5726495726,,0.5501129385,3.5,5,-317.6906950492,-5.5477330329,Calibration fitted; not prospectively validated,2026-09-20T13:52:34Z,2026-09-20T17:00:00Z,Sun 1:00 PM ET,Baltimore Ravens,New Orleans Saints,5a4f3bf,2026_02_NO_BAL,5.0,graded,win,0.746268656716418,0.746268656716418
2143ade9684fd876b68a4e8cbf451f05,New Orleans Saints @ Baltimore Ravens,Devaughn Vele,bovada,Bovada,receptions,Receptions,under,3.5,115,3.6534269485,0.4591194969,0.0,0.4651162791,0.4366812227,0.4498870615,3.5,5,-59.9678221442,-1.2893081761,Calibration fitted; not prospectively validated,2026-09-20T13:51:43Z,2026-09-20T17:00:00Z,Sun 1:00 PM ET,Baltimore Ravens,New Orleans Saints,5a4f3bf,2026_02_NO_BAL,5.0,graded,loss,-1.0,1.15
2143ade9684fd876b68a4e8cbf451f05,New Orleans Saints @ Baltimore Ravens,Devaughn Vele,fanduel,FanDuel,recv_yds,Receiving yards,over,41.5,-113,41.9779058708,0.5,0.0,0.5305164319,0.5,0.5092535472,41.5,2,-305.1643192488,-5.7522123894,Calibration fitted; not prospectively validated,2026-09-20T13:53:08Z,2026-09-20T17:00:00Z,Sun 1:00 PM ET,Baltimore Ravens,New Orleans Saints,5a4f3bf,2026_02_NO_BAL,64.0,graded,win,0.8849557522123894,0.8849557522123894
2143ade9684fd876b68a4e8cbf451f05,New Orleans Saints @ Baltimore Ravens,Devaughn Vele,betonlineag,BetOnline.ag,recv_yds,Receiving yards,under,41.5,-105,41.9779058708,0.5,0.0,0.512195122,0.4814929056,0.4907464528,41.5,2,-121.9512195122,-2.380952381,Calibration fitted; not prospectively validated,2026-09-20T13:52:16Z,2026-09-20T17:00:00Z,Sun 1:00 PM ET,Baltimore Ravens,New Orleans Saints,5a4f3bf,2026_02_NO_BAL,64.0,graded,loss,-1.0,0.9523809523809523
2143ade9684fd876b68a4e8cbf451f05,New Orleans Saints @ Baltimore Ravens,Justice Hill,fanduel,FanDuel,recv_yds,Receiving yards,over,13.5,-113,15.2323352631,0.5,0.0,0.5305164319,0.5,0.5015476682,13.5,4,-305.1643192488,-5.7522123894,Calibration fitted; not prospectively validated,2026-09-20T13:53:08Z,2026-09-20T17:00:00Z,Sun 1:00 PM ET,Baltimore Ravens,New Orleans Saints,5a4f3bf,2026_02_NO_BAL,12.0,graded,loss,-1.0,0.8849557522123894
2143ade9684fd876b68a4e8cbf451f05,New Orleans Saints @ Baltimore Ravens,Justice Hill,draftkings,DraftKings,recv_yds,Receiving yards,under,13.5,-110,15.2323352631,0.5,0.0,0.5238095238,0.4957877001,0.4984523318,13.5,4,-238.0952380952,-4.5454545455,Calibration fitted; not prospectively validated,2026-09-20T13:53:25Z,2026-09-20T17:00:00Z,Sun 1:00 PM ET,Baltimore Ravens,New Orleans Saints,5a4f3bf,2026_02_NO_BAL,12.0,graded,win,0.9090909090909091,0.9090909090909091
2143ade9684fd876b68a4e8cbf451f05,New Orleans Saints @ Baltimore Ravens,Justice Hill,fanduel,FanDuel,rush_yds,Rushing yards,over,13.5,-113,21.4488100691,0.5,0.0,0.5305164319,0.5,0.5030135005,13.0,3,-305.1643192488,-5.7522123894,Calibration fitted; not prospectively validated,2026-09-20T13:53:08Z,2026-09-20T17:00:00Z,Sun 1:00 PM ET,Baltimore Ravens,New Orleans Saints,5a4f3bf,2026_02_NO_BAL,6.0,graded,loss,-1.0,0.8849557522123894
2143ade9684fd876b68a4e8cbf451f05,New Orleans Saints @ Baltimore Ravens,Justice Hill,betonlineag,BetOnline.ag,rush_yds,Rushing yards,under,13.5,-111,21.4488100691,0.5,0.0,0.5260663507,0.4948402543,0.4969864995,13.0,3,-260.663507109,-4.954954955,Calibration fitted; not prospectively validated,2026-09-20T13:52:16Z,2026-09-20T17:00:00Z,Sun 1:00 PM ET,Baltimore Ravens,New Orleans Saints,5a4f3bf,2026_02_NO_BAL,6.0,graded,win,0.9009009009009009,0.9009009009009009
2143ade9684fd876b68a4e8cbf451f05,New Orleans Saints @ Baltimore Ravens,Juwan Johnson,betonlineag,BetOnline.ag,receptions,Receptions,over,3.5,-127,2.1445816584,0.4210526316,0.0,0.5594713656,0.5256105556,0.5306122449,3.5,5,-1384.1873405982,-24.7409863241,Calibration fitted; not prospectively validated,2026-09-20T13:52:16Z,2026-09-20T17:00:00Z,Sun 1:00 PM ET,Baltimore Ravens,New Orleans Saints,5a4f3bf,2026_02_NO_BAL,4.0,graded,win,0.7874015748031497,0.7874015748031497
2143ade9684fd876b68a4e8cbf451f05,New Orleans Saints @ Baltimore Ravens,Juwan Johnson,betmgm,BetMGM,receptions,Receptions,under,3.5,120,2.1445816584,0.5789473684,0.0,0.4545454545,0.4248366013,0.4693877551,3.5,5,1244.019138756,27.3684210526,Calibration fitted; not prospectively validated,2026-09-20T13:53:23Z,2026-09-20T17:00:00Z,Sun 1:00 PM ET,Baltimore Ravens,New Orleans Saints,5a4f3bf,2026_02_NO_BAL,4.0,graded,loss,-1.0,1.2
2143ade9684fd876b68a4e8cbf451f05,New Orleans Saints @ Baltimore Ravens,Juwan Johnson,betrivers,BetRivers,recv_yds,Receiving yards,over,37.5,-114,25.7923539935,0.4985632184,0.0,0.5327102804,0.4989820847,0.4994910423,37.5,2,-341.4706198303,-6.4100625126,Calibration fitted; not prospectively validated,2026-09-20T13:52:34Z,2026-09-20T17:00:00Z,Sun 1:00 PM ET,Baltimore Ravens,New Orleans Saints,5a4f3bf,2026_02_NO_BAL,66.0,graded,win,0.8771929824561403,0.8771929824561403
2143ade9684fd876b68a4e8cbf451f05,New Orleans Saints @ Baltimore Ravens,Juwan Johnson,betmgm,BetMGM,recv_yds,Receiving yards,under,37.5,-115,25.7923539935,0.5014367816,0.0,0.5348837209,0.5,0.5005089577,37.5,2,-334.4693932104,-6.2531234383,Calibration fitted; not prospectively validated,2026-09-20T13:53:23Z,2026-09-20T17:00:00Z,Sun 1:00 PM ET,Baltimore Ravens,New Orleans Saints,5a4f3bf,2026_02_NO_BAL,66.0,graded,loss,-1.0,0.8695652173913043
2143ade9684fd876b68a4e8cbf451f05,New Orleans Saints @ Baltimore Ravens,LaJohntay Wester,betmgm,BetMGM,receptions,Receptions,over,2.5,145,2.6573830343,0.5408805031,0.0,0.4081632653,0.3797468354,0.3977419559,2.5,4,1327.1723783853,32.5157232704,Calibration fitted; not prospectively validated,2026-09-20T13:53:23Z,2026-09-20T17:00:00Z,Sun 1:00 PM ET,Baltimore Ravens,New Orleans Saints,5a4f3bf,2026_02_NO_BAL,1.0,graded,loss,-1.0,1.45
2143ade9684fd876b68a4e8cbf451f05,New Orleans Saints @ Baltimore Ravens,LaJohntay Wester,draftkings,DraftKings,receptions,Receptions,under,2.5,-176,2.6573830343,0.4591194969,0.0,0.6376811594,0.6028091181,0.6022580441,2.5,4,-1785.6166256494,-28.0017152659,Calibration fitted; not prospectively validated,2026-09-20T13:53:25Z,2026-09-20T17:00:00Z,Sun 1:00 PM ET,Baltimore Ravens,New Orleans Saints,5a4f3bf,2026_02_NO_BAL,1.0,graded,win,0.5681818181818182,0.5681818181818182
2143ade9684fd876b68a4e8cbf451f05,New Orleans Saints @ Baltimore Ravens,LaJohntay Wester,fanduel,FanDuel,recv_yds,Receiving yards,over,22.5,-113,31.797258635,0.5010141988,0.0,0.5305164319,0.5,0.5015476682,22.5,4,-295.0223314192,-5.5610404064,Calibration fitted; not prospectively validated,2026-09-20T13:53:08Z,2026-09-20T17:00:00Z,Sun 1:00 PM ET,Baltimore Ravens,New Orleans Saints,5a4f3bf,2026_02_NO_BAL,14.0,graded,loss,-1.0,0.8849557522123894
2143ade9684fd876b68a4e8cbf451f05,New Orleans Saints @ Baltimore Ravens,LaJohntay Wester,draftkings,DraftKings,recv_yds,Receiving yards,under,22.5,-110,31.797258635,0.4989858012,0.0,0.5238095238,0.4957877001,0.4984523318,22.5,4,-248.2372259249,-4.7390743131,Calibration fitted; not prospectively validated,2026-09-20T13:53:25Z,2026-09-20T17:00:00Z,Sun 1:00 PM ET,Baltimore Ravens,New Orleans Saints,5a4f3bf,2026_02_NO_BAL,14.0,graded,win,0.9090909090909091,0.9090909090909091
2143ade9684fd876b68a4e8cbf451f05,New Orleans Saints @ Baltimore Ravens,Lamar Jackson,betmgm,BetMGM,interceptions,Interceptions thrown,over,0.5,150,,,,0.4,0.375,0.4090010643,0.5,5,,,Insufficient player data,2026-09-20T13:53:23Z,2026-09-20T17:00:00Z,Sun 1:00 PM ET,Baltimore Ravens,New Orleans Saints,5a4f3bf,2026_02_NO_BAL,1.0,graded,win,1.5,1.5
2143ade9684fd876b68a4e8cbf451f05,New Orleans Saints @ Baltimore Ravens,Lamar Jackson,draftkings,DraftKings,interceptions,Interceptions thrown,under,0.5,-159,,,,0.6138996139,0.5800567491,0.5909989357,0.5,5,,,Insufficient player data,2026-09-20T13:53:25Z,2026-09-20T17:00:00Z,Sun 1:00 PM ET,Baltimore Ravens,New Orleans Saints,5a4f3bf,2026_02_NO_BAL,1.0,graded,loss,-1.0,0.6289308176100629
2143ade9684fd876b68a4e8cbf451f05,New Orleans Saints @ Baltimore Ravens,Lamar Jackson,betmgm,BetMGM,pass_attempts,Passing attempts,over,27.5,-110,24.026215318,0.4375,0.0,0.5238095238,0.4898785425,0.492861565,27.5,4,-863.0952380952,-16.4772727273,Calibration fitted; not prospectively validated,2026-09-20T13:53:23Z,2026-09-20T17:00:00Z,Sun 1:00 PM ET,Baltimore Ravens,New Orleans Saints,5a4f3bf,2026_02_NO_BAL,31.0,graded,win,0.9090909090909091,0.9090909090909091
2143ade9684fd876b68a4e8cbf451f05,New Orleans Saints @ Baltimore Ravens,Lamar Jackson,betonlineag,BetOnline.ag,pass_attempts,Passing attempts,under,27.5,-115,24.026215318,0.5625,0.0,0.5348837209,0.5030953364,0.507138435,27.5,4,276.1627906977,5.1630434783,Calibration fitted; not prospectively validated,2026-09-20T13:52:16Z,2026-09-20T17:00:00Z,Sun 1:00 PM ET,Baltimore Ravens,New Orleans Saints,5a4f3bf,2026_02_NO_BAL,31.0,graded,loss,-1.0,0.8695652173913043
2143ade9684fd876b68a4e8cbf451f05,New Orleans Saints @ Baltimore Ravens,Lamar Jackson,betonlineag,BetOnline.ag,pass_completions,Passing completions,over,17.5,-114,16.3378264163,0.5,0.0,0.5327102804,0.5,0.5010387236,17.5,4,-327.1028037383,-6.1403508772,Calibration fitted; not prospectively validated,2026-09-20T13:52:16Z,2026-09-20T17:00:00Z,Sun 1:00 PM ET,Baltimore Ravens,New Orleans Saints,5a4f3bf,2026_02_NO_BAL,21.0,graded,win,0.8771929824561403,0.8771929824561403
2143ade9684fd876b68a4e8cbf451f05,New Orleans Saints @ Baltimore Ravens,Lamar Jackson,betmgm,BetMGM,pass_completions,Passing completions,under,17.5,-105,16.3378264163,0.5,0.0,0.512195122,0.4753937008,0.4989612764,17.5,4,-121.9512195122,-2.380952381,Calibration fitted; not prospectively validated,2026-09-20T13:53:23Z,2026-09-20T17:00:00Z,Sun 1:00 PM ET,Baltimore Ravens,New Orleans Saints,5a4f3bf,2026_02_NO_BAL,21.0,graded,loss,-1.0,0.9523809523809523
2143ade9684fd876b68a4e8cbf451f05,New Orleans Saints @ Baltimore Ravens,Lamar Jackson,draftkings,DraftKings,pass_tds,Passing touchdowns,over,1.5,107,1.06,0.4821981424,0.0,0.4830917874,0.4552526941,0.4653465347,1.5,7,-8.9364502475,-0.1849845201,Calibration fitted; not prospectively validated,2026-09-20T13:53:25Z,2026-09-20T17:00:00Z,Sun 1:00 PM ET,Baltimore Ravens,New Orleans Saints,5a4f3bf,2026_02_NO_BAL,1.0,graded,loss,-1.0,1.07
2143ade9684fd876b68a4e8cbf451f05,New Orleans Saints @ Baltimore Ravens,Lamar Jackson,fanatics,Fanatics,pass_tds,Passing touchdowns,under,1.5,-120,1.06,0.5178018576,0.0,0.5454545455,0.5101214575,0.5346534653,1.5,7,-276.5268786941,-5.0696594427,Calibration fitted; not prospectively validated,2026-09-20T13:53:22Z,2026-09-20T17:00:00Z,Sun 1:00 PM ET,Baltimore Ravens,New Orleans Saints,5a4f3bf,2026_02_NO_BAL,1.0,graded,win,0.8333333333333334,0.8333333333333334
2143ade9684fd876b68a4e8cbf451f05,New Orleans Saints @ Baltimore Ravens,Lamar Jackson,draftkings,DraftKings,pass_yds,Passing yards,over,211.5,-112,207.8171520148,0.5,0.0,0.5283018868,0.5,0.5,211.5,2,-283.0188679245,-5.3571428571,Calibration fitted; not prospectively validated,2026-09-20T13:53:25Z,2026-09-20T17:00:00Z,Sun 1:00 PM ET,Baltimore Ravens,New Orleans Saints,5a4f3bf,2026_02_NO_BAL,235.0,graded,win,0.8928571428571429,0.8928571428571429
2143ade9684fd876b68a4e8cbf451f05,New Orleans Saints @ Baltimore Ravens,Lamar Jackson,draftkings,DraftKings,pass_yds,Passing yards,under,211.5,-112,207.8171520148,0.5,0.0,0.5283018868,0.5,0.5,211.5,2,-283.0188679245,-5.3571428571,Calibration fitted; not prospectively validated,2026-09-20T13:53:25Z,2026-09-20T17:00:00Z,Sun 1:00 PM ET,Baltimore Ravens,New Orleans Saints,5a4f3bf,2026_02_NO_BAL,235.0,graded,loss,-1.0,0.8928571428571429
2143ade9684fd876b68a4e8cbf451f05,New Orleans Saints @ Baltimore Ravens,Lamar Jackson,betonlineag,BetOnline.ag,rush_attempts,Rushing attempts,over,7.5,-143,7.4980348509,0.5,0.0,0.5884773663,0.5527332965,0.5527332965,8.0,1,-884.7736625514,-15.034965035,Calibration fitted; not prospectively validated,2026-09-20T13:52:16Z,2026-09-20T17:00:00Z,Sun 1:00 PM ET,Baltimore Ravens,New Orleans Saints,5a4f3bf,2026_02_NO_BAL,4.0,graded,loss,-1.0,0.6993006993006993
2143ade9684fd876b68a4e8cbf451f05,New Orleans Saints @ Baltimore Ravens,Lamar Jackson,betonlineag,BetOnline.ag,rush_attempts,Rushing attempts,under,7.5,110,7.4980348509,0.5,0.0,0.4761904762,0.4472667035,0.4472667035,8.0,1,238.0952380952,5.0,Calibration fitted; not prospectively validated,2026-09-20T13:52:16Z,2026-09-20T17:00:00Z,Sun 1:00 PM ET,Baltimore Ravens,New Orleans Saints,5a4f3bf,2026_02_NO_BAL,4.0,graded,win,1.1,1.1
2143ade9684fd876b68a4e8cbf451f05,New Orleans Saints @ Baltimore Ravens,Lamar Jackson,bovada,Bovada,rush_yds,Rushing yards,over,40.5,-110,42.9592064153,0.5,0.0,0.5238095238,0.4898785425,0.5,39.5,3,-238.0952380952,-4.5454545455,Calibration fitted; not prospectively validated,2026-09-20T13:51:43Z,2026-09-20T17:00:00Z,Sun 1:00 PM ET,Baltimore Ravens,New Orleans Saints,5a4f3bf,2026_02_NO_BAL,34.0,graded,loss,-1.0,0.9090909090909091
2143ade9684fd876b68a4e8cbf451f05,New Orleans Saints @ Baltimore Ravens,Lamar Jackson,draftkings,DraftKings,rush_yds,Rushing yards,under,40.5,-110,42.9592064153,0.5,0.0,0.5238095238,0.4957877001,0.5,39.5,3,-238.0952380952,-4.5454545455,Calibration fitted; not prospectively validated,2026-09-20T13:53:25Z,2026-09-20T17:00:00Z,Sun 1:00 PM ET,Baltimore Ravens,New Orleans Saints,5a4f3bf,2026_02_NO_BAL,34.0,graded,win,0.9090909090909091,0.9090909090909091
2143ade9684fd876b68a4e8cbf451f05,New Orleans Saints @ Baltimore Ravens,Mark Andrews,betonlineag,BetOnline.ag,receptions,Receptions,over,4.5,118,3.2244341098,0.4524271845,0.0,0.4587155963,0.4307128807,0.4332755633,4.5,5,-62.8841186426,-1.3708737864,Calibration fitted; not prospectively validated,2026-09-20T13:52:16Z,2026-09-20T17:00:00Z,Sun 1:00 PM ET,Baltimore Ravens,New Orleans Saints,5a4f3bf,2026_02_NO_BAL,6.0,graded,win,1.18,1.18
2143ade9684fd876b68a4e8cbf451f05,New Orleans Saints @ Baltimore Ravens,Mark Andrews,betmgm,BetMGM,receptions,Receptions,under,4.5,-145,3.2244341098,0.5475728155,0.0,0.5918367347,0.5481788843,0.5667244367,4.5,5,-442.639191599,-7.479075996,Calibration fitted; not prospectively validated,2026-09-20T13:53:23Z,2026-09-20T17:00:00Z,Sun 1:00 PM ET,Baltimore Ravens,New Orleans Saints,5a4f3bf,2026_02_NO_BAL,6.0,graded,loss,-1.0,0.6896551724137931
2143ade9684fd876b68a4e8cbf451f05,New Orleans Saints @ Baltimore Ravens,Mark Andrews,draftkings,DraftKings,recv_yds,Receiving yards,over,46.5,-111,37.1529800057,0.4989858012,0.0,0.5260663507,0.4978941162,0.5,46.5,3,-270.8054949386,-5.147744093,Calibration fitted; not prospectively validated,2026-09-20T13:53:25Z,2026-09-20T17:00:00Z,Sun 1:00 PM ET,Baltimore Ravens,New Orleans Saints,5a4f3bf,2026_02_NO_BAL,49.0,graded,win,0.9009009009009009,0.9009009009009009
2143ade9684fd876b68a4e8cbf451f05,New Orleans Saints @ Baltimore Ravens,Mark Andrews,draftkings,DraftKings,recv_yds,Receiving yards,under,46.5,-113,37.1529800057,0.5010141988,0.0,0.5305164319,0.5021058838,0.5,46.5,3,-295.0223314192,-5.5610404064,Calibration fitted; not prospectively validated,2026-09-20T13:53:25Z,2026-09-20T17:00:00Z,Sun 1:00 PM ET,Baltimore Ravens,New Orleans Saints,5a4f3bf,2026_02_NO_BAL,49.0,graded,loss,-1.0,0.8849557522123894
2143ade9684fd876b68a4e8cbf451f05,New Orleans Saints @ Baltimore Ravens,Noah Fant,betonlineag,BetOnline.ag,receptions,Receptions,over,1.5,-169,2.0845006042,0.5475728155,0.0,0.6282527881,0.5909989357,0.5946400661,1.5,4,-806.7997257011,-12.841960131,Calibration fitted; not prospectively validated,2026-09-20T13:52:16Z,2026-09-20T17:00:00Z,Sun 1:00 PM ET,Baltimore Ravens,New Orleans Saints,5a4f3bf,2026_02_NO_BAL,,no offensive usage evidence,,,0.591715976331361
2143ade9684fd876b68a4e8cbf451f05,New Orleans Saints @ Baltimore Ravens,Noah Fant,fanduel,FanDuel,receptions,Receptions,under,1.5,140,2.0845006042,0.4524271845,0.0,0.4166666667,0.3896103896,0.4053599339,1.5,4,357.6051779935,8.5825242718,Calibration fitted; not prospectively validated,2026-09-20T13:53:08Z,2026-09-20T17:00:00Z,Sun 1:00 PM ET,Baltimore Ravens,New Orleans Saints,5a4f3bf,2026_02_NO_BAL,,no offensive usage evidence,,,1.4
2143ade9684fd876b68a4e8cbf451f05,New Orleans Saints @ Baltimore Ravens,Noah Fant,draftkings,DraftKings,recv_yds,Receiving yards,over,14.5,-109,19.8989262222,0.5010141988,0.0,0.5215311005,0.4936802191,0.4968401095,14.5,4,-205.1690169551,-3.9339747288,Calibration fitted; not prospectively validated,2026-09-20T13:53:25Z,2026-09-20T17:00:00Z,Sun 1:00 PM ET,Baltimore Ravens,New Orleans Saints,5a4f3bf,2026_02_NO_BAL,,no offensive usage evidence,,,0.9174311926605505
2143ade9684fd876b68a4e8cbf451f05,New Orleans Saints @ Baltimore Ravens,Noah Fant,betonlineag,BetOnline.ag,recv_yds,Receiving yards,under,14.5,-112,19.8989262222,0.4989858012,0.0,0.5283018868,0.4969046636,0.5031598905,14.5,4,-293.1608557541,-5.5491161982,Calibration fitted; not prospectively validated,2026-09-20T13:52:16Z,2026-09-20T17:00:00Z,Sun 1:00 PM ET,Baltimore Ravens,New Orleans Saints,5a4f3bf,2026_02_NO_BAL,,no offensive usage evidence,,,0.8928571428571429
2143ade9684fd876b68a4e8cbf451f05,New Orleans Saints @ Baltimore Ravens,Rashod Bateman,betmgm,BetMGM,receptions,Receptions,over,2.5,-135,1.6496380696,0.4524271845,0.0,0.5744680851,0.5346534653,0.5587970466,2.5,5,-1220.4090064036,-21.2441567781,Calibration fitted; not prospectively validated,2026-09-20T13:53:23Z,2026-09-20T17:00:00Z,Sun 1:00 PM ET,Baltimore Ravens,New Orleans Saints,5a4f3bf,2026_02_NO_BAL,7.0,graded,win,0.7407407407407407,0.7407407407407407
2143ade9684fd876b68a4e8cbf451f05,New Orleans Saints @ Baltimore Ravens,Rashod Bateman,bovada,Bovada,receptions,Receptions,under,2.5,115,1.6496380696,0.5475728155,0.0,0.4651162791,0.4366812227,0.4412029534,2.5,5,824.5653646421,17.7281553398,Calibration fitted; not prospectively validated,2026-09-20T13:51:43Z,2026-09-20T17:00:00Z,Sun 1:00 PM ET,Baltimore Ravens,New Orleans Saints,5a4f3bf,2026_02_NO_BAL,7.0,graded,loss,-1.0,1.15
2143ade9684fd876b68a4e8cbf451f05,New Orleans Saints @ Baltimore Ravens,Rashod Bateman,draftkings,DraftKings,recv_yds,Receiving yards,over,37.5,-114,22.7561506635,0.4836956522,0.0,0.5327102804,0.5042122999,0.5042122999,37.5,3,-490.1462819992,-9.2009916095,Calibration fitted; not prospectively validated,2026-09-20T13:53:25Z,2026-09-20T17:00:00Z,Sun 1:00 PM ET,Baltimore Ravens,New Orleans Saints,5a4f3bf,2026_02_NO_BAL,88.0,graded,win,0.8771929824561403,0.8771929824561403
2143ade9684fd876b68a4e8cbf451f05,New Orleans Saints @ Baltimore Ravens,Rashod Bateman,betmgm,BetMGM,recv_yds,Receiving yards,under,37.5,-110,22.7561506635,0.5163043478,0.0,0.5238095238,0.4898785425,0.4957877001,37.5,3,-75.0517598344,-1.4328063241,Calibration fitted; not prospectively validated,2026-09-20T13:53:23Z,2026-09-20T17:00:00Z,Sun 1:00 PM ET,Baltimore Ravens,New Orleans Saints,5a4f3bf,2026_02_NO_BAL,88.0,graded,loss,-1.0,0.9090909090909091
2143ade9684fd876b68a4e8cbf451f05,New Orleans Saints @ Baltimore Ravens,Travis Etienne,betonlineag,BetOnline.ag,receptions,Receptions,over,1.5,-175,2.9084997954,0.5789473684,0.0,0.6363636364,0.5992714026,0.6099068193,1.5,4,-574.1626794258,-9.022556391,Calibration fitted; not prospectively validated,2026-09-20T13:52:16Z,2026-09-20T17:00:00Z,Sun 1:00 PM ET,Baltimore Ravens,New Orleans Saints,5a4f3bf,2026_02_NO_BAL,2.0,graded,win,0.5714285714285714,0.5714285714285714
2143ade9684fd876b68a4e8cbf451f05,New Orleans Saints @ Baltimore Ravens,Travis Etienne,draftkings,DraftKings,receptions,Receptions,under,1.5,147,2.9084997954,0.4210526316,0.0,0.4048582996,0.3823611129,0.3900931807,1.5,4,161.9433198381,4.0,Calibration fitted; not prospectively validated,2026-09-20T13:53:25Z,2026-09-20T17:00:00Z,Sun 1:00 PM ET,Baltimore Ravens,New Orleans Saints,5a4f3bf,2026_02_NO_BAL,2.0,graded,loss,-1.0,1.47
2143ade9684fd876b68a4e8cbf451f05,New Orleans Saints @ Baltimore Ravens,Travis Etienne,draftkings,DraftKings,recv_yds,Receiving yards,over,11.5,-107,20.1388857969,0.5014367816,0.0,0.5169082126,0.4894599266,0.4920127796,11.5,5,-154.7143095119,-2.9930712214,Calibration fitted; not prospectively validated,2026-09-20T13:53:25Z,2026-09-20T17:00:00Z,Sun 1:00 PM ET,Baltimore Ravens,New Orleans Saints,5a4f3bf,2026_02_NO_BAL,6.0,graded,loss,-1.0,0.9345794392523364
2143ade9684fd876b68a4e8cbf451f05,New Orleans Saints @ Baltimore Ravens,Travis Etienne,fanduel,FanDuel,recv_yds,Receiving yards,under,11.5,-113,20.1388857969,0.4985632184,0.0,0.5305164319,0.5,0.5079872204,11.5,5,-319.5321353408,-6.0230393653,Calibration fitted; not prospectively validated,2026-09-20T13:53:08Z,2026-09-20T17:00:00Z,Sun 1:00 PM ET,Baltimore Ravens,New Orleans Saints,5a4f3bf,2026_02_NO_BAL,6.0,graded,win,0.8849557522123894,0.8849557522123894
2143ade9684fd876b68a4e8cbf451f05,New Orleans Saints @ Baltimore Ravens,Travis Etienne,betonlineag,BetOnline.ag,rush_attempts,Rushing attempts,over,10.5,-105,10.4370320534,0.5,0.0,0.512195122,0.4814929056,0.4897077292,10.5,2,-121.9512195122,-2.380952381,Calibration fitted; not prospectively validated,2026-09-20T13:52:16Z,2026-09-20T17:00:00Z,Sun 1:00 PM ET,Baltimore Ravens,New Orleans Saints,5a4f3bf,2026_02_NO_BAL,8.0,graded,loss,-1.0,0.9523809523809523
2143ade9684fd876b68a4e8cbf451f05,New Orleans Saints @ Baltimore Ravens,Travis Etienne,draftkings,DraftKings,rush_attempts,Rushing attempts,under,10.5,-114,10.4370320534,0.5,0.0,0.5327102804,0.5020774472,0.5102922708,10.5,2,-327.1028037383,-6.1403508772,Calibration fitted; not prospectively validated,2026-09-20T13:53:25Z,2026-09-20T17:00:00Z,Sun 1:00 PM ET,Baltimore Ravens,New Orleans Saints,5a4f3bf,2026_02_NO_BAL,8.0,graded,win,0.8771929824561403,0.8771929824561403
2143ade9684fd876b68a4e8cbf451f05,New Orleans Saints @ Baltimore Ravens,Travis Etienne,betonlineag,BetOnline.ag,rush_yds,Rushing yards,over,40.5,-111,44.7820581139,0.5,0.0,0.5260663507,0.4948402543,0.5,40.5,3,-260.663507109,-4.954954955,Calibration fitted; not prospectively validated,2026-09-20T13:52:16Z,2026-09-20T17:00:00Z,Sun 1:00 PM ET,Baltimore Ravens,New Orleans Saints,5a4f3bf,2026_02_NO_BAL,25.0,graded,loss,-1.0,0.9009009009009009
2143ade9684fd876b68a4e8cbf451f05,New Orleans Saints @ Baltimore Ravens,Travis Etienne,fanduel,FanDuel,rush_yds,Rushing yards,under,40.5,-113,44.7820581139,0.5,0.0,0.5305164319,0.5,0.5,40.5,3,-305.1643192488,-5.7522123894,Calibration fitted; not prospectively validated,2026-09-20T13:53:08Z,2026-09-20T17:00:00Z,Sun 1:00 PM ET,Baltimore Ravens,New Orleans Saints,5a4f3bf,2026_02_NO_BAL,25.0,graded,win,0.8849557522123894,0.8849557522123894
2143ade9684fd876b68a4e8cbf451f05,New Orleans Saints @ Baltimore Ravens,Tyler Shough,draftkings,DraftKings,interceptions,Interceptions thrown,over,0.5,-120,,,,0.5454545455,0.5134353038,0.5203045685,0.5,5,,,Insufficient player data,2026-09-20T13:53:25Z,2026-09-20T17:00:00Z,Sun 1:00 PM ET,Baltimore Ravens,New Orleans Saints,5a4f3bf,2026_02_NO_BAL,0.0,graded,loss,-1.0,0.8333333333333334
2143ade9684fd876b68a4e8cbf451f05,New Orleans Saints @ Baltimore Ravens,Tyler Shough,bovada,Bovada,interceptions,Interceptions thrown,under,0.5,105,,,,0.487804878,0.4592085979,0.4796954315,0.5,5,,,Insufficient player data,2026-09-20T13:51:43Z,2026-09-20T17:00:00Z,Sun 1:00 PM ET,Baltimore Ravens,New Orleans Saints,5a4f3bf,2026_02_NO_BAL,0.0,graded,win,1.05,1.05
2143ade9684fd876b68a4e8cbf451f05,New Orleans Saints @ Baltimore Ravens,Tyler Shough,draftkings,DraftKings,pass_attempts,Passing attempts,over,34.5,-113,31.6681085627,0.5,0.0,0.5305164319,0.5,0.5,34.5,5,-305.1643192488,-5.7522123894,Calibration fitted; not prospectively validated,2026-09-20T13:53:25Z,2026-09-20T17:00:00Z,Sun 1:00 PM ET,Baltimore Ravens,New Orleans Saints,5a4f3bf,2026_02_NO_BAL,34.0,graded,loss,-1.0,0.8849557522123894
2143ade9684fd876b68a4e8cbf451f05,New Orleans Saints @ Baltimore Ravens,Tyler Shough,betmgm,BetMGM,pass_attempts,Passing attempts,under,34.5,-110,31.6681085627,0.5,0.0,0.5238095238,0.4898785425,0.5,34.5,5,-238.0952380952,-4.5454545455,Calibration fitted; not prospectively validated,2026-09-20T13:53:23Z,2026-09-20T17:00:00Z,Sun 1:00 PM ET,Baltimore Ravens,New Orleans Saints,5a4f3bf,2026_02_NO_BAL,34.0,graded,win,0.9090909090909091,0.9090909090909091
2143ade9684fd876b68a4e8cbf451f05,New Orleans Saints @ Baltimore Ravens,Tyler Shough,betrivers,BetRivers,pass_completions,Passing completions,over,21.5,-118,19.7925678517,0.5,0.0,0.5412844037,,0.5348996303,21.5,4,-412.8440366972,-7.6271186441,Calibration fitted; not prospectively validated,2026-09-20T13:52:34Z,2026-09-20T17:00:00Z,Sun 1:00 PM ET,Baltimore Ravens,New Orleans Saints,5a4f3bf,2026_02_NO_BAL,27.0,graded,win,0.847457627118644,0.847457627118644
2143ade9684fd876b68a4e8cbf451f05,New Orleans Saints @ Baltimore Ravens,Tyler Shough,bovada,Bovada,pass_completions,Passing completions,under,21.5,105,19.7925678517,0.5,0.0,0.487804878,0.4592085979,0.4651003697,21.5,4,121.9512195122,2.5,Calibration fitted; not prospectively validated,2026-09-20T13:51:43Z,2026-09-20T17:00:00Z,Sun 1:00 PM ET,Baltimore Ravens,New Orleans Saints,5a4f3bf,2026_02_NO_BAL,27.0,graded,loss,-1.0,1.05
2143ade9684fd876b68a4e8cbf451f05,New Orleans Saints @ Baltimore Ravens,Tyler Shough,fanduel,FanDuel,pass_tds,Passing touchdowns,over,1.5,195,2.82,0.5333333333,0.0,0.3389830508,0.3182908219,0.3258991411,1.5,6,1943.5028248588,57.3333333333,Calibration fitted; not prospectively validated,2026-09-20T13:53:08Z,2026-09-20T17:00:00Z,Sun 1:00 PM ET,Baltimore Ravens,New Orleans Saints,5a4f3bf,2026_02_NO_BAL,1.0,graded,loss,-1.0,1.95
2143ade9684fd876b68a4e8cbf451f05,New Orleans Saints @ Baltimore Ravens,Tyler Shough,betmgm,BetMGM,pass_tds,Passing touchdowns,under,1.5,-225,2.82,0.4666666667,0.0,0.6923076923,0.6472184532,0.6741008589,1.5,6,-2256.4102564103,-32.5925925926,Calibration fitted; not prospectively validated,2026-09-20T13:53:23Z,2026-09-20T17:00:00Z,Sun 1:00 PM ET,Baltimore Ravens,New Orleans Saints,5a4f3bf,2026_02_NO_BAL,1.0,graded,win,0.4444444444444444,0.4444444444444444
2143ade9684fd876b68a4e8cbf451f05,New Orleans Saints @ Baltimore Ravens,Tyler Shough,fanatics,Fanatics,pass_yds,Passing yards,over,230.5,-110,206.7715796072,0.5,0.0,0.5238095238,0.4898785425,0.5,230.5,4,-238.0952380952,-4.5454545455,Calibration fitted; not prospectively validated,2026-09-20T13:53:22Z,2026-09-20T17:00:00Z,Sun 1:00 PM ET,Baltimore Ravens,New Orleans Saints,5a4f3bf,2026_02_NO_BAL,252.0,graded,win,0.9090909090909091,0.9090909090909091
2143ade9684fd876b68a4e8cbf451f05,New Orleans Saints @ Baltimore Ravens,Tyler Shough,betmgm,BetMGM,pass_yds,Passing yards,under,230.5,-110,206.7715796072,0.5,0.0,0.5238095238,0.4898785425,0.5,230.5,4,-238.0952380952,-4.5454545455,Calibration fitted; not prospectively validated,2026-09-20T13:53:23Z,2026-09-20T17:00:00Z,Sun 1:00 PM ET,Baltimore Ravens,New Orleans Saints,5a4f3bf,2026_02_NO_BAL,252.0,graded,loss,-1.0,0.9090909090909091
2143ade9684fd876b68a4e8cbf451f05,New Orleans Saints @ Baltimore Ravens,Tyler Shough,draftkings,DraftKings,rush_yds,Rushing yards,over,16.5,-114,21.6395799664,0.5,0.0,0.5327102804,0.5042122999,0.5,16.0,3,-327.1028037383,-6.1403508772,Calibration fitted; not prospectively validated,2026-09-20T13:53:25Z,2026-09-20T17:00:00Z,Sun 1:00 PM ET,Baltimore Ravens,New Orleans Saints,5a4f3bf,2026_02_NO_BAL,23.0,graded,win,0.8771929824561403,0.8771929824561403
2143ade9684fd876b68a4e8cbf451f05,New Orleans Saints @ Baltimore Ravens,Tyler Shough,draftkings,DraftKings,rush_yds,Rushing yards,under,16.5,-110,21.6395799664,0.5,0.0,0.5238095238,0.4957877001,0.5,16.0,3,-238.0952380952,-4.5454545455,Calibration fitted; not prospectively validated,2026-09-20T13:53:25Z,2026-09-20T17:00:00Z,Sun 1:00 PM ET,Baltimore Ravens,New Orleans Saints,5a4f3bf,2026_02_NO_BAL,23.0,graded,loss,-1.0,0.9090909090909091
32367f882fac1a0c20a6335619922025,New York Giants @ Los Angeles Rams,Blake Corum,betmgm,BetMGM,rush_attempts,Rushing attempts,over,10.5,-115,7.8279869345,0.4915254237,0.0,0.5348837209,0.5,0.506234414,10.5,3,-433.5829720142,-8.1061164333,Calibration fitted; not prospectively validated,2026-09-20T13:51:31Z,2026-09-22T00:15:00Z,Mon 8:15 PM ET,Los Angeles Rams,New York Giants,5a4f3bf,2026_02_NYG_LA,12.0,graded,win,0.8695652173913043,0.8695652173913043
32367f882fac1a0c20a6335619922025,New York Giants @ Los Angeles Rams,Blake Corum,betonlineag,BetOnline.ag,rush_attempts,Rushing attempts,under,10.5,-103,7.8279869345,0.506993007,0.0,0.5073891626,0.4773429454,0.493765586,10.5,3,-3.9615556857,-0.0780772625,Calibration fitted; not prospectively validated,2026-09-20T13:53:24Z,2026-09-22T00:15:00Z,Mon 8:15 PM ET,Los Angeles Rams,New York Giants,5a4f3bf,2026_02_NYG_LA,12.0,graded,loss,-1.0,0.970873786407767
32367f882fac1a0c20a6335619922025,New York Giants @ Los Angeles Rams,Blake Corum,draftkings,DraftKings,rush_yds,Rushing yards,over,48.5,-110,35.5934358041,0.4352331606,0.0,0.5238095238,0.4957877001,0.5,48.5,4,-885.7636318776,-16.9100329722,Calibration fitted; not prospectively validated,2026-09-20T13:53:25Z,2026-09-22T00:15:00Z,Mon 8:15 PM ET,Los Angeles Rams,New York Giants,5a4f3bf,2026_02_NYG_LA,79.0,graded,win,0.9090909090909091,0.9090909090909091
32367f882fac1a0c20a6335619922025,New York Giants @ Los Angeles Rams,Blake Corum,betonlineag,BetOnline.ag,rush_yds,Rushing yards,under,48.5,-114,35.5934358041,0.5647668394,0.0,0.5327102804,0.5,0.5,48.5,4,320.5655900441,6.0176347605,Calibration fitted; not prospectively validated,2026-09-20T13:53:24Z,2026-09-22T00:15:00Z,Mon 8:15 PM ET,Los Angeles Rams,New York Giants,5a4f3bf,2026_02_NYG_LA,79.0,graded,loss,-1.0,0.8771929824561403
32367f882fac1a0c20a6335619922025,New York Giants @ Los Angeles Rams,Cam Skattebo,fanatics,Fanatics,receptions,Receptions,over,1.5,-140,1.2026111824,0.4579439252,0.0,0.5833333333,0.5445920304,0.5603254823,1.5,6,-1253.8940809969,-21.4953271028,Calibration fitted; not prospectively validated,2026-09-20T13:52:43Z,2026-09-22T00:15:00Z,Mon 8:15 PM ET,Los Angeles Rams,New York Giants,5a4f3bf,2026_02_NYG_LA,4.0,graded,win,0.7142857142857143,0.7142857142857143
32367f882fac1a0c20a6335619922025,New York Giants @ Los Angeles Rams,Cam Skattebo,betonlineag,BetOnline.ag,receptions,Receptions,under,1.5,118,1.2026111824,0.5420560748,0.0,0.4587155963,0.4307128807,0.4396745177,1.5,6,833.4047843608,18.1682242991,Calibration fitted; not prospectively validated,2026-09-20T13:53:24Z,2026-09-22T00:15:00Z,Mon 8:15 PM ET,Los Angeles Rams,New York Giants,5a4f3bf,2026_02_NYG_LA,4.0,graded,loss,-1.0,1.18
32367f882fac1a0c20a6335619922025,New York Giants @ Los Angeles Rams,Cam Skattebo,betrivers,BetRivers,recv_yds,Receiving yards,over,11.5,-110,8.8499010027,0.5,0.0,0.5238095238,0.4889380531,0.5091624515,11.5,6,-238.0952380952,-4.5454545455,Calibration fitted; not prospectively validated,2026-09-20T13:52:25Z,2026-09-22T00:15:00Z,Mon 8:15 PM ET,Los Angeles Rams,New York Giants,5a4f3bf,2026_02_NYG_LA,19.0,graded,win,0.9090909090909091,0.9090909090909091
32367f882fac1a0c20a6335619922025,New York Giants @ Los Angeles Rams,Cam Skattebo,draftkings,DraftKings,recv_yds,Receiving yards,under,11.5,-107,8.8499010027,0.5,0.0,0.5169082126,0.4884821578,0.4908375485,11.5,6,-169.0821256039,-3.2710280374,Calibration fitted; not prospectively validated,2026-09-20T13:53:25Z,2026-09-22T00:15:00Z,Mon 8:15 PM ET,Los Angeles Rams,New York Giants,5a4f3bf,2026_02_NYG_LA,19.0,graded,loss,-1.0,0.9345794392523364
32367f882fac1a0c20a6335619922025,New York Giants @ Los Angeles Rams,Cam Skattebo,betonlineag,BetOnline.ag,rush_attempts,Rushing attempts,over,12.5,-115,10.1778516601,0.4915254237,0.0,0.5348837209,0.5030953364,0.5098792658,12.5,2,-433.5829720142,-8.1061164333,Calibration fitted; not prospectively validated,2026-09-20T13:53:24Z,2026-09-22T00:15:00Z,Mon 8:15 PM ET,Los Angeles Rams,New York Giants,5a4f3bf,2026_02_NYG_LA,12.0,graded,loss,-1.0,0.8695652173913043
32367f882fac1a0c20a6335619922025,New York Giants @ Los Angeles Rams,Cam Skattebo,draftkings,DraftKings,rush_attempts,Rushing attempts,under,12.5,-105,10.1778516601,0.506993007,0.0,0.512195122,0.4833368048,0.4901207342,12.5,2,-52.0211495821,-1.0156510157,Calibration fitted; not prospectively validated,2026-09-20T13:53:25Z,2026-09-22T00:15:00Z,Mon 8:15 PM ET,Los Angeles Rams,New York Giants,5a4f3bf,2026_02_NYG_LA,12.0,graded,win,0.9523809523809523,0.9523809523809523
32367f882fac1a0c20a6335619922025,New York Giants @ Los Angeles Rams,Cam Skattebo,betrivers,BetRivers,rush_yds,Rushing yards,over,49.5,-117,41.0606398471,0.5,0.0,0.5391705069,0.5030135005,0.5076643857,49.5,2,-391.7050691244,-7.264957265,Calibration fitted; not prospectively validated,2026-09-20T13:52:25Z,2026-09-22T00:15:00Z,Mon 8:15 PM ET,Los Angeles Rams,New York Giants,5a4f3bf,2026_02_NYG_LA,36.0,graded,loss,-1.0,0.8547008547008547
32367f882fac1a0c20a6335619922025,New York Giants @ Los Angeles Rams,Cam Skattebo,betonlineag,BetOnline.ag,rush_yds,Rushing yards,under,49.5,-108,41.0606398471,0.5,0.0,0.5192307692,0.4876847291,0.4923356143,49.5,2,-192.3076923077,-3.7037037037,Calibration fitted; not prospectively validated,2026-09-20T13:53:24Z,2026-09-22T00:15:00Z,Mon 8:15 PM ET,Los Angeles Rams,New York Giants,5a4f3bf,2026_02_NYG_LA,36.0,graded,win,0.9259259259259259,0.9259259259259259
32367f882fac1a0c20a6335619922025,New York Giants @ Los Angeles Rams,Davante Adams,betrivers,BetRivers,receptions,Receptions,over,4.5,108,3.8399250952,0.4524271845,0.0,0.4807692308,,0.4648542048,4.5,3,-283.4204630321,-5.8951456311,Calibration fitted; not prospectively validated,2026-09-20T13:52:25Z,2026-09-22T00:15:00Z,Mon 8:15 PM ET,Los Angeles Rams,New York Giants,5a4f3bf,2026_02_NYG_LA,8.0,graded,win,1.08,1.08
32367f882fac1a0c20a6335619922025,New York Giants @ Los Angeles Rams,Davante Adams,betonlineag,BetOnline.ag,receptions,Receptions,under,4.5,-128,3.8399250952,0.5475728155,0.0,0.5614035088,0.5276888998,0.5351457952,4.5,3,-138.3069323795,-2.463592233,Calibration fitted; not prospectively validated,2026-09-20T13:53:24Z,2026-09-22T00:15:00Z,Mon 8:15 PM ET,Los Angeles Rams,New York Giants,5a4f3bf,2026_02_NYG_LA,8.0,graded,loss,-1.0,0.78125
32367f882fac1a0c20a6335619922025,New York Giants @ Los Angeles Rams,Davante Adams,fanduel,FanDuel,recv_yds,Receiving yards,over,53.5,-114,45.252258659,0.4989858012,0.0,0.5327102804,0.5,0.5050233081,54.0,3,-337.2447915679,-6.330735561,Calibration fitted; not prospectively validated,2026-09-20T13:53:02Z,2026-09-22T00:15:00Z,Mon 8:15 PM ET,Los Angeles Rams,New York Giants,5a4f3bf,2026_02_NYG_LA,195.0,graded,win,0.8771929824561403,0.8771929824561403
32367f882fac1a0c20a6335619922025,New York Giants @ Los Angeles Rams,Davante Adams,betonlineag,BetOnline.ag,recv_yds,Receiving yards,under,53.5,-105,45.252258659,0.5010141988,0.0,0.512195122,0.4814929056,0.4949766919,54.0,3,-111.8092316826,-2.1829421424,Calibration fitted; not prospectively validated,2026-09-20T13:53:24Z,2026-09-22T00:15:00Z,Mon 8:15 PM ET,Los Angeles Rams,New York Giants,5a4f3bf,2026_02_NYG_LA,195.0,graded,loss,-1.0,0.9523809523809523
32367f882fac1a0c20a6335619922025,New York Giants @ Los Angeles Rams,Isaiah Likely,betmgm,BetMGM,receptions,Receptions,over,4.5,110,3.9330840478,0.4579439252,0.0,0.4761904762,0.4424778761,0.4796954315,4.5,5,-182.4655095683,-3.8317757009,Calibration fitted; not prospectively validated,2026-09-20T13:51:31Z,2026-09-22T00:15:00Z,Mon 8:15 PM ET,Los Angeles Rams,New York Giants,5a4f3bf,2026_02_NYG_LA,5.0,graded,win,1.1,1.1
32367f882fac1a0c20a6335619922025,New York Giants @ Los Angeles Rams,Isaiah Likely,betonlineag,BetOnline.ag,receptions,Receptions,under,4.5,-120,3.9330840478,0.5420560748,0.0,0.5454545455,0.5123152709,0.5203045685,4.5,5,-33.9847068819,-0.6230529595,Calibration fitted; not prospectively validated,2026-09-20T13:53:24Z,2026-09-22T00:15:00Z,Mon 8:15 PM ET,Los Angeles Rams,New York Giants,5a4f3bf,2026_02_NYG_LA,5.0,graded,loss,-1.0,0.8333333333333334
32367f882fac1a0c20a6335619922025,New York Giants @ Los Angeles Rams,Isaiah Likely,draftkings,DraftKings,recv_yds,Receiving yards,over,45.5,-112,40.7523536965,0.5,0.0,0.5283018868,0.5,0.5,44.5,3,-283.0188679245,-5.3571428571,Calibration fitted; not prospectively validated,2026-09-20T13:53:25Z,2026-09-22T00:15:00Z,Mon 8:15 PM ET,Los Angeles Rams,New York Giants,5a4f3bf,2026_02_NYG_LA,33.0,graded,loss,-1.0,0.8928571428571429
32367f882fac1a0c20a6335619922025,New York Giants @ Los Angeles Rams,Isaiah Likely,draftkings,DraftKings,recv_yds,Receiving yards,under,45.5,-112,40.7523536965,0.5,0.0,0.5283018868,0.5,0.5,44.5,3,-283.0188679245,-5.3571428571,Calibration fitted; not prospectively validated,2026-09-20T13:53:25Z,2026-09-22T00:15:00Z,Mon 8:15 PM ET,Los Angeles Rams,New York Giants,5a4f3bf,2026_02_NYG_LA,33.0,graded,win,0.8928571428571429,0.8928571428571429
32367f882fac1a0c20a6335619922025,New York Giants @ Los Angeles Rams,Jaxson Dart,bovada,Bovada,interceptions,Interceptions thrown,over,0.5,110,,,,0.4761904762,0.4458598726,0.4508265153,0.5,5,,,Insufficient player data,2026-09-20T13:52:44Z,2026-09-22T00:15:00Z,Mon 8:15 PM ET,Los Angeles Rams,New York Giants,5a4f3bf,2026_02_NYG_LA,0.0,graded,loss,-1.0,1.1
32367f882fac1a0c20a6335619922025,New York Giants @ Los Angeles Rams,Jaxson Dart,betmgm,BetMGM,interceptions,Interceptions thrown,under,0.5,-135,,,,0.5744680851,0.5346534653,0.5491734847,0.5,5,,,Insufficient player data,2026-09-20T13:51:31Z,2026-09-22T00:15:00Z,Mon 8:15 PM ET,Los Angeles Rams,New York Giants,5a4f3bf,2026_02_NYG_LA,0.0,graded,win,0.7407407407407407,0.7407407407407407
32367f882fac1a0c20a6335619922025,New York Giants @ Los Angeles Rams,Jaxson Dart,bovada,Bovada,pass_attempts,Passing attempts,over,31.5,100,27.2929248724,0.4375,0.0,0.5,0.4693877551,0.4731704297,31.5,3,-625.0,-12.5,Calibration fitted; not prospectively validated,2026-09-20T13:52:44Z,2026-09-22T00:15:00Z,Mon 8:15 PM ET,Los Angeles Rams,New York Giants,5a4f3bf,2026_02_NYG_LA,5.0,graded,loss,-1.0,1.0
32367f882fac1a0c20a6335619922025,New York Giants @ Los Angeles Rams,Jaxson Dart,betmgm,BetMGM,pass_attempts,Passing attempts,under,31.5,-125,27.2929248724,0.5625,0.0,0.5555555556,0.5203045685,0.5268295703,31.5,3,69.4444444444,1.25,Calibration fitted; not prospectively validated,2026-09-20T13:51:31Z,2026-09-22T00:15:00Z,Mon 8:15 PM ET,Los Angeles Rams,New York Giants,5a4f3bf,2026_02_NYG_LA,5.0,graded,win,0.8,0.8
32367f882fac1a0c20a6335619922025,New York Giants @ Los Angeles Rams,Jaxson Dart,betonlineag,BetOnline.ag,pass_completions,Passing completions,over,19.5,-120,20.4696936543,0.5,0.0,0.5454545455,0.5123152709,0.5306122449,19.5,3,-454.5454545455,-8.3333333333,Calibration fitted; not prospectively validated,2026-09-20T13:53:24Z,2026-09-22T00:15:00Z,Mon 8:15 PM ET,Los Angeles Rams,New York Giants,5a4f3bf,2026_02_NYG_LA,3.0,graded,loss,-1.0,0.8333333333333334
32367f882fac1a0c20a6335619922025,New York Giants @ Los Angeles Rams,Jaxson Dart,draftkings,DraftKings,pass_completions,Passing completions,under,19.5,102,20.4696936543,0.5,0.0,0.495049505,0.466910272,0.4693877551,19.5,3,49.5049504951,1.0,Calibration fitted; not prospectively validated,2026-09-20T13:53:25Z,2026-09-22T00:15:00Z,Mon 8:15 PM ET,Los Angeles Rams,New York Giants,5a4f3bf,2026_02_NYG_LA,3.0,graded,win,1.02,1.02
32367f882fac1a0c20a6335619922025,New York Giants @ Los Angeles Rams,Jaxson Dart,betrivers,BetRivers,pass_tds,Passing touchdowns,over,1.5,195,2.82,0.5333333333,0.0,0.3389830508,0.3161222339,0.3427971423,1.5,7,1943.5028248588,57.3333333333,Calibration fitted; not prospectively validated,2026-09-20T13:52:25Z,2026-09-22T00:15:00Z,Mon 8:15 PM ET,Los Angeles Rams,New York Giants,5a4f3bf,2026_02_NYG_LA,0.0,graded,loss,-1.0,1.95
32367f882fac1a0c20a6335619922025,New York Giants @ Los Angeles Rams,Jaxson Dart,betmgm,BetMGM,pass_tds,Passing touchdowns,under,1.5,-210,2.82,0.4666666667,0.0,0.6774193548,0.6333530455,0.6572028577,1.5,7,-2107.5268817204,-31.1111111111,Calibration fitted; not prospectively validated,2026-09-20T13:51:31Z,2026-09-22T00:15:00Z,Mon 8:15 PM ET,Los Angeles Rams,New York Giants,5a4f3bf,2026_02_NYG_LA,0.0,graded,win,0.47619047619047616,0.47619047619047616
32367f882fac1a0c20a6335619922025,New York Giants @ Los Angeles Rams,Jaxson Dart,betmgm,BetMGM,pass_yds,Passing yards,over,212.5,-115,205.597553456,0.5,0.0,0.5348837209,0.5,0.5015067502,213.5,2,-348.8372093023,-6.5217391304,Calibration fitted; not prospectively validated,2026-09-20T13:51:31Z,2026-09-22T00:15:00Z,Mon 8:15 PM ET,Los Angeles Rams,New York Giants,5a4f3bf,2026_02_NYG_LA,20.0,graded,loss,-1.0,0.8695652173913043
32367f882fac1a0c20a6335619922025,New York Giants @ Los Angeles Rams,Jaxson Dart,betrivers,BetRivers,pass_yds,Passing yards,under,212.5,-114,205.597553456,0.5,0.0,0.5327102804,0.4969864995,0.4984932498,213.5,2,-327.1028037383,-6.1403508772,Calibration fitted; not prospectively validated,2026-09-20T13:52:25Z,2026-09-22T00:15:00Z,Mon 8:15 PM ET,Los Angeles Rams,New York Giants,5a4f3bf,2026_02_NYG_LA,20.0,graded,win,0.8771929824561403,0.8771929824561403
32367f882fac1a0c20a6335619922025,New York Giants @ Los Angeles Rams,Jaxson Dart,betonlineag,BetOnline.ag,rush_attempts,Rushing attempts,over,6.5,103,7.8492014757,0.506993007,0.0,0.4926108374,0.4632298853,0.4796954315,6.5,3,143.8216955458,2.9195804196,Calibration fitted; not prospectively validated,2026-09-20T13:53:24Z,2026-09-22T00:15:00Z,Mon 8:15 PM ET,Los Angeles Rams,New York Giants,5a4f3bf,2026_02_NYG_LA,0.0,graded,loss,-1.0,1.03
32367f882fac1a0c20a6335619922025,New York Giants @ Los Angeles Rams,Jaxson Dart,draftkings,DraftKings,rush_attempts,Rushing attempts,under,6.5,-121,7.8492014757,0.4915254237,0.0,0.5475113122,0.5155112508,0.5203045685,6.5,3,-559.8588848838,-10.2255217818,Calibration fitted; not prospectively validated,2026-09-20T13:53:25Z,2026-09-22T00:15:00Z,Mon 8:15 PM ET,Los Angeles Rams,New York Giants,5a4f3bf,2026_02_NYG_LA,0.0,graded,win,0.8264462809917356,0.8264462809917356
32367f882fac1a0c20a6335619922025,New York Giants @ Los Angeles Rams,Jaxson Dart,draftkings,DraftKings,rush_yds,Rushing yards,over,31.5,-113,34.0330113406,0.5,0.0,0.5305164319,0.5021058838,0.5,31.5,5,-305.1643192488,-5.7522123894,Calibration fitted; not prospectively validated,2026-09-20T13:53:25Z,2026-09-22T00:15:00Z,Mon 8:15 PM ET,Los Angeles Rams,New York Giants,5a4f3bf,2026_02_NYG_LA,0.0,graded,loss,-1.0,0.8849557522123894
32367f882fac1a0c20a6335619922025,New York Giants @ Los Angeles Rams,Jaxson Dart,draftkings,DraftKings,rush_yds,Rushing yards,under,31.5,-111,34.0330113406,0.5,0.0,0.5260663507,0.4978941162,0.5,31.5,5,-260.663507109,-4.954954955,Calibration fitted; not prospectively validated,2026-09-20T13:53:25Z,2026-09-22T00:15:00Z,Mon 8:15 PM ET,Los Angeles Rams,New York Giants,5a4f3bf,2026_02_NYG_LA,0.0,graded,win,0.9009009009009009,0.9009009009009009
32367f882fac1a0c20a6335619922025,New York Giants @ Los Angeles Rams,Kyren Williams,fanduel,FanDuel,receptions,Receptions,over,2.5,140,2.4880149313,0.5,0.0,0.4166666667,0.3896103896,0.3979763197,2.5,4,833.3333333333,20.0,Calibration fitted; not prospectively validated,2026-09-20T13:53:02Z,2026-09-22T00:15:00Z,Mon 8:15 PM ET,Los Angeles Rams,New York Giants,5a4f3bf,2026_02_NYG_LA,2.0,graded,loss,-1.0,1.4
32367f882fac1a0c20a6335619922025,New York Giants @ Los Angeles Rams,Kyren Williams,draftkings,DraftKings,receptions,Receptions,under,2.5,-176,2.4880149313,0.5,0.0,0.6376811594,0.601800554,0.6020236803,2.5,4,-1376.8115942029,-21.5909090909,Calibration fitted; not prospectively validated,2026-09-20T13:53:25Z,2026-09-22T00:15:00Z,Mon 8:15 PM ET,Los Angeles Rams,New York Giants,5a4f3bf,2026_02_NYG_LA,2.0,graded,win,0.5681818181818182,0.5681818181818182
32367f882fac1a0c20a6335619922025,New York Giants @ Los Angeles Rams,Kyren Williams,betrivers,BetRivers,recv_yds,Receiving yards,over,12.5,-109,18.2968955379,0.5010141988,0.0,0.5215311005,0.4869204765,0.5,12.5,5,-205.1690169551,-3.9339747288,Calibration fitted; not prospectively validated,2026-09-20T13:52:25Z,2026-09-22T00:15:00Z,Mon 8:15 PM ET,Los Angeles Rams,New York Giants,5a4f3bf,2026_02_NYG_LA,12.0,graded,loss,-1.0,0.9174311926605505
32367f882fac1a0c20a6335619922025,New York Giants @ Los Angeles Rams,Kyren Williams,draftkings,DraftKings,recv_yds,Receiving yards,under,12.5,-110,18.2968955379,0.4989858012,0.0,0.5238095238,0.4957877001,0.5,12.5,5,-248.2372259249,-4.7390743131,Calibration fitted; not prospectively validated,2026-09-20T13:53:25Z,2026-09-22T00:15:00Z,Mon 8:15 PM ET,Los Angeles Rams,New York Giants,5a4f3bf,2026_02_NYG_LA,12.0,graded,win,0.9090909090909091,0.9090909090909091
32367f882fac1a0c20a6335619922025,New York Giants @ Los Angeles Rams,Kyren Williams,betonlineag,BetOnline.ag,rush_attempts,Rushing attempts,over,13.5,-123,12.4054357322,0.4927536232,0.0,0.5515695067,0.5185070944,0.5280665281,13.5,3,-588.1588353805,-10.6633675032,Calibration fitted; not prospectively validated,2026-09-20T13:53:24Z,2026-09-22T00:15:00Z,Mon 8:15 PM ET,Los Angeles Rams,New York Giants,5a4f3bf,2026_02_NYG_LA,12.0,graded,loss,-1.0,0.8130081300813008
32367f882fac1a0c20a6335619922025,New York Giants @ Los Angeles Rams,Kyren Williams,betmgm,BetMGM,rush_attempts,Rushing attempts,under,13.5,100,12.4054357322,0.506993007,0.0,0.5,0.4653465347,0.4719334719,13.5,3,69.9300699301,1.3986013986,Calibration fitted; not prospectively validated,2026-09-20T13:51:31Z,2026-09-22T00:15:00Z,Mon 8:15 PM ET,Los Angeles Rams,New York Giants,5a4f3bf,2026_02_NYG_LA,12.0,graded,win,1.0,1.0
32367f882fac1a0c20a6335619922025,New York Giants @ Los Angeles Rams,Kyren Williams,betrivers,BetRivers,rush_yds,Rushing yards,over,61.5,-113,53.3477737289,0.5,0.0,0.5305164319,0.4949766919,0.5,61.5,3,-305.1643192488,-5.7522123894,Calibration fitted; not prospectively validated,2026-09-20T13:52:25Z,2026-09-22T00:15:00Z,Mon 8:15 PM ET,Los Angeles Rams,New York Giants,5a4f3bf,2026_02_NYG_LA,85.0,graded,win,0.8849557522123894,0.8849557522123894
32367f882fac1a0c20a6335619922025,New York Giants @ Los Angeles Rams,Kyren Williams,betonlineag,BetOnline.ag,rush_yds,Rushing yards,under,61.5,-114,53.3477737289,0.5,0.0,0.5327102804,0.5,0.5,61.5,3,-327.1028037383,-6.1403508772,Calibration fitted; not prospectively validated,2026-09-20T13:53:24Z,2026-09-22T00:15:00Z,Mon 8:15 PM ET,Los Angeles Rams,New York Giants,5a4f3bf,2026_02_NYG_LA,85.0,graded,loss,-1.0,0.8771929824561403
32367f882fac1a0c20a6335619922025,New York Giants @ Los Angeles Rams,Malachi Fields,betonlineag,BetOnline.ag,receptions,Receptions,over,2.5,118,2.0222148675,0.4524271845,0.0,0.4587155963,0.4307128807,0.4386821774,2.5,5,-62.8841186426,-1.3708737864,Calibration fitted; not prospectively validated,2026-09-20T13:53:24Z,2026-09-22T00:15:00Z,Mon 8:15 PM ET,Los Angeles Rams,New York Giants,5a4f3bf,2026_02_NYG_LA,2.0,graded,loss,-1.0,1.18
32367f882fac1a0c20a6335619922025,New York Giants @ Los Angeles Rams,Malachi Fields,draftkings,DraftKings,receptions,Receptions,under,2.5,-147,2.0222148675,0.5475728155,0.0,0.5951417004,0.5613178226,0.5613178226,2.5,5,-475.6888487088,-7.9928670497,Calibration fitted; not prospectively validated,2026-09-20T13:53:25Z,2026-09-22T00:15:00Z,Mon 8:15 PM ET,Los Angeles Rams,New York Giants,5a4f3bf,2026_02_NYG_LA,2.0,graded,win,0.6802721088435374,0.6802721088435374
32367f882fac1a0c20a6335619922025,New York Giants @ Los Angeles Rams,Malachi Fields,draftkings,DraftKings,recv_yds,Receiving yards,over,27.5,-110,24.7447385752,0.5,0.0,0.5238095238,0.4957877001,0.4957877001,27.0,3,-238.0952380952,-4.5454545455,Calibration fitted; not prospectively validated,2026-09-20T13:53:25Z,2026-09-22T00:15:00Z,Mon 8:15 PM ET,Los Angeles Rams,New York Giants,5a4f3bf,2026_02_NYG_LA,30.0,graded,win,0.9090909090909091,0.9090909090909091
32367f882fac1a0c20a6335619922025,New York Giants @ Los Angeles Rams,Malachi Fields,draftkings,DraftKings,recv_yds,Receiving yards,under,27.5,-114,24.7447385752,0.5,0.0,0.5327102804,0.5042122999,0.5042122999,27.0,3,-327.1028037383,-6.1403508772,Calibration fitted; not prospectively validated,2026-09-20T13:53:25Z,2026-09-22T00:15:00Z,Mon 8:15 PM ET,Los Angeles Rams,New York Giants,5a4f3bf,2026_02_NYG_LA,30.0,graded,loss,-1.0,0.8771929824561403
32367f882fac1a0c20a6335619922025,New York Giants @ Los Angeles Rams,Malik Nabers,betmgm,BetMGM,receptions,Receptions,over,5.5,-105,4.4164902386,0.4524271845,0.0,0.512195122,0.4796954315,0.5082034454,5.5,5,-597.679374852,-11.6689782709,Calibration fitted; not prospectively validated,2026-09-20T13:51:31Z,2026-09-22T00:15:00Z,Mon 8:15 PM ET,Los Angeles Rams,New York Giants,5a4f3bf,2026_02_NYG_LA,1.0,graded,loss,-1.0,0.9523809523809523
32367f882fac1a0c20a6335619922025,New York Giants @ Los Angeles Rams,Malik Nabers,draftkings,DraftKings,receptions,Receptions,under,5.5,-103,4.4164902386,0.5475728155,0.0,0.5073891626,0.4782356355,0.4917965546,5.5,5,401.836529724,7.9196908285,Calibration fitted; not prospectively validated,2026-09-20T13:53:25Z,2026-09-22T00:15:00Z,Mon 8:15 PM ET,Los Angeles Rams,New York Giants,5a4f3bf,2026_02_NYG_LA,1.0,graded,win,0.970873786407767,0.970873786407767
32367f882fac1a0c20a6335619922025,New York Giants @ Los Angeles Rams,Malik Nabers,draftkings,DraftKings,recv_yds,Receiving yards,over,64.5,-112,52.0490364823,0.4989858012,0.0,0.5283018868,0.5,0.5,64.5,3,-293.1608557541,-5.5491161982,Calibration fitted; not prospectively validated,2026-09-20T13:53:25Z,2026-09-22T00:15:00Z,Mon 8:15 PM ET,Los Angeles Rams,New York Giants,5a4f3bf,2026_02_NYG_LA,1.0,graded,loss,-1.0,0.8928571428571429
32367f882fac1a0c20a6335619922025,New York Giants @ Los Angeles Rams,Malik Nabers,draftkings,DraftKings,recv_yds,Receiving yards,under,64.5,-112,52.0490364823,0.5010141988,0.0,0.5283018868,0.5,0.5,64.5,3,-272.8768800949,-5.1651695161,Calibration fitted; not prospectively validated,2026-09-20T13:53:25Z,2026-09-22T00:15:00Z,Mon 8:15 PM ET,Los Angeles Rams,New York Giants,5a4f3bf,2026_02_NYG_LA,1.0,graded,win,0.8928571428571429,0.8928571428571429
32367f882fac1a0c20a6335619922025,New York Giants @ Los Angeles Rams,Matthew Stafford,betmgm,BetMGM,interceptions,Interceptions thrown,over,0.5,105,,,,0.487804878,0.4554079696,0.4796954315,0.5,5,,,Insufficient player data,2026-09-20T13:51:31Z,2026-09-22T00:15:00Z,Mon 8:15 PM ET,Los Angeles Rams,New York Giants,5a4f3bf,2026_02_NYG_LA,1.0,graded,win,1.05,1.05
32367f882fac1a0c20a6335619922025,New York Giants @ Los Angeles Rams,Matthew Stafford,betrivers,BetRivers,interceptions,Interceptions thrown,under,0.5,-121,,,,0.5475113122,0.5110619469,0.5203045685,0.5,5,,,Insufficient player data,2026-09-20T13:52:25Z,2026-09-22T00:15:00Z,Mon 8:15 PM ET,Los Angeles Rams,New York Giants,5a4f3bf,2026_02_NYG_LA,1.0,graded,loss,-1.0,0.8264462809917356
32367f882fac1a0c20a6335619922025,New York Giants @ Los Angeles Rams,Matthew Stafford,betonlineag,BetOnline.ag,pass_attempts,Passing attempts,over,31.5,-123,31.0715395248,0.5,0.0,0.5515695067,0.5196752547,0.5196752547,31.5,3,-515.6950672646,-9.3495934959,Calibration fitted; not prospectively validated,2026-09-20T13:53:24Z,2026-09-22T00:15:00Z,Mon 8:15 PM ET,Los Angeles Rams,New York Giants,5a4f3bf,2026_02_NYG_LA,31.0,graded,loss,-1.0,0.8130081300813008
32367f882fac1a0c20a6335619922025,New York Giants @ Los Angeles Rams,Matthew Stafford,betonlineag,BetOnline.ag,pass_attempts,Passing attempts,under,31.5,-104,31.0715395248,0.5,0.0,0.5098039216,0.4803247453,0.4803247453,31.5,3,-98.0392156863,-1.9230769231,Calibration fitted; not prospectively validated,2026-09-20T13:53:24Z,2026-09-22T00:15:00Z,Mon 8:15 PM ET,Los Angeles Rams,New York Giants,5a4f3bf,2026_02_NYG_LA,31.0,graded,win,0.9615384615384616,0.9615384615384616
32367f882fac1a0c20a6335619922025,New York Giants @ Los Angeles Rams,Matthew Stafford,betrivers,BetRivers,pass_completions,Passing completions,over,21.5,-107,18.6429237149,0.5,0.0,0.5169082126,,0.4938205711,21.5,4,-169.0821256039,-3.2710280374,Calibration fitted; not prospectively validated,2026-09-20T13:52:25Z,2026-09-22T00:15:00Z,Mon 8:15 PM ET,Los Angeles Rams,New York Giants,5a4f3bf,2026_02_NYG_LA,22.0,graded,win,0.9345794392523364,0.9345794392523364
32367f882fac1a0c20a6335619922025,New York Giants @ Los Angeles Rams,Matthew Stafford,draftkings,DraftKings,pass_completions,Passing completions,under,21.5,-115,18.6429237149,0.5,0.0,0.5348837209,0.5041554124,0.5061794289,21.5,4,-348.8372093023,-6.5217391304,Calibration fitted; not prospectively validated,2026-09-20T13:53:25Z,2026-09-22T00:15:00Z,Mon 8:15 PM ET,Los Angeles Rams,New York Giants,5a4f3bf,2026_02_NYG_LA,22.0,graded,loss,-1.0,0.8695652173913043
32367f882fac1a0c20a6335619922025,New York Giants @ Los Angeles Rams,Matthew Stafford,betmgm,BetMGM,pass_tds,Passing touchdowns,over,1.5,-175,0.01,0.25,0.0,0.6363636364,0.594095941,0.6262445065,1.5,6,-3863.6363636364,-60.7142857143,Calibration fitted; not prospectively validated,2026-09-20T13:51:31Z,2026-09-22T00:15:00Z,Mon 8:15 PM ET,Los Angeles Rams,New York Giants,5a4f3bf,2026_02_NYG_LA,4.0,graded,win,0.5714285714285714,0.5714285714285714
32367f882fac1a0c20a6335619922025,New York Giants @ Los Angeles Rams,Matthew Stafford,draftkings,DraftKings,pass_tds,Passing touchdowns,under,1.5,158,0.01,0.75,0.0,0.3875968992,0.366499746,0.3737554935,1.5,6,3624.0310077519,93.5,Calibration fitted; not prospectively validated,2026-09-20T13:53:25Z,2026-09-22T00:15:00Z,Mon 8:15 PM ET,Los Angeles Rams,New York Giants,5a4f3bf,2026_02_NYG_LA,4.0,graded,loss,-1.0,1.58
32367f882fac1a0c20a6335619922025,New York Giants @ Los Angeles Rams,Matthew Stafford,betonlineag,BetOnline.ag,pass_yds,Passing yards,over,242.5,-114,212.7914137252,0.5,0.0,0.5327102804,0.5,0.5,242.5,2,-327.1028037383,-6.1403508772,Calibration fitted; not prospectively validated,2026-09-20T13:53:24Z,2026-09-22T00:15:00Z,Mon 8:15 PM ET,Los Angeles Rams,New York Giants,5a4f3bf,2026_02_NYG_LA,327.0,graded,win,0.8771929824561403,0.8771929824561403
32367f882fac1a0c20a6335619922025,New York Giants @ Los Angeles Rams,Matthew Stafford,betonlineag,BetOnline.ag,pass_yds,Passing yards,under,242.5,-114,212.7914137252,0.5,0.0,0.5327102804,0.5,0.5,242.5,2,-327.1028037383,-6.1403508772,Calibration fitted; not prospectively validated,2026-09-20T13:53:24Z,2026-09-22T00:15:00Z,Mon 8:15 PM ET,Los Angeles Rams,New York Giants,5a4f3bf,2026_02_NYG_LA,327.0,graded,loss,-1.0,0.8771929824561403
32367f882fac1a0c20a6335619922025,New York Giants @ Los Angeles Rams,Odell Beckham,betonlineag,BetOnline.ag,recv_yds,Receiving yards,over,6.5,-102,32.941197473,0.5163043478,0.0,0.504950495,0.4743894444,0.4821339934,6.5,4,113.5385277658,2.2485080989,Calibration fitted; not prospectively validated,2026-09-20T13:53:24Z,2026-09-22T00:15:00Z,Mon 8:15 PM ET,Los Angeles Rams,New York Giants,5a4f3bf,2026_02_NYG_LA,,no matching game/player result,,,0.9803921568627451
32367f882fac1a0c20a6335619922025,New York Giants @ Los Angeles Rams,Odell Beckham,draftkings,DraftKings,recv_yds,Receiving yards,under,6.5,-116,32.941197473,0.4836956522,0.0,0.537037037,0.5084288604,0.5178660066,6.5,4,-533.4138486312,-9.9325337331,Calibration fitted; not prospectively validated,2026-09-20T13:53:25Z,2026-09-22T00:15:00Z,Mon 8:15 PM ET,Los Angeles Rams,New York Giants,5a4f3bf,2026_02_NYG_LA,,no matching game/player result,,,0.8620689655172413
32367f882fac1a0c20a6335619922025,New York Giants @ Los Angeles Rams,Puka Nacua,betrivers,BetRivers,receptions,Receptions,over,6.5,-124,4.3749507557,0.4210526316,0.0,0.5535714286,,0.5285416514,6.5,4,-1325.1879699248,-23.9388794567,Calibration fitted; not prospectively validated,2026-09-20T13:52:25Z,2026-09-22T00:15:00Z,Mon 8:15 PM ET,Los Angeles Rams,New York Giants,5a4f3bf,2026_02_NYG_LA,,no matching game/player result,,,0.8064516129032258
32367f882fac1a0c20a6335619922025,New York Giants @ Los Angeles Rams,Puka Nacua,bovada,Bovada,receptions,Receptions,under,6.5,100,4.3749507557,0.5789473684,0.0,0.5,0.4693877551,0.4714583486,6.5,4,789.4736842105,15.7894736842,Calibration fitted; not prospectively validated,2026-09-20T13:52:44Z,2026-09-22T00:15:00Z,Mon 8:15 PM ET,Los Angeles Rams,New York Giants,5a4f3bf,2026_02_NYG_LA,,no matching game/player result,,,1.0
32367f882fac1a0c20a6335619922025,New York Giants @ Los Angeles Rams,Puka Nacua,draftkings,DraftKings,recv_yds,Receiving yards,over,84.5,-110,58.6561052159,0.4836956522,0.0,0.5238095238,0.4957877001,0.5,84.5,4,-401.1387163561,-7.6581027668,Calibration fitted; not prospectively validated,2026-09-20T13:53:25Z,2026-09-22T00:15:00Z,Mon 8:15 PM ET,Los Angeles Rams,New York Giants,5a4f3bf,2026_02_NYG_LA,,no matching game/player result,,,0.9090909090909091
32367f882fac1a0c20a6335619922025,New York Giants @ Los Angeles Rams,Puka Nacua,betonlineag,BetOnline.ag,recv_yds,Receiving yards,under,84.5,-114,58.6561052159,0.5163043478,0.0,0.5327102804,0.5,0.5,84.5,4,-164.0593254774,-3.0797101449,Calibration fitted; not prospectively validated,2026-09-20T13:53:24Z,2026-09-22T00:15:00Z,Mon 8:15 PM ET,Los Angeles Rams,New York Giants,5a4f3bf,2026_02_NYG_LA,,no matching game/player result,,,0.8771929824561403
36ad2fa722f4915ef23d2c81351261de,Cincinnati Bengals @ Houston Texans,Andrei Iosivas,bovada,Bovada,receptions,Receptions,over,1.5,110,2.6352465377,0.5475728155,0.0,0.4761904762,0.4458598726,0.471842317,1.5,5,713.823393435,14.9902912621,Calibration fitted; not prospectively validated,2026-09-20T13:51:54Z,2026-09-20T17:00:00Z,Sun 1:00 PM ET,Houston Texans,Cincinnati Bengals,5a4f3bf,2026_02_CIN_HOU,1.0,graded,loss,-1.0,1.1
36ad2fa722f4915ef23d2c81351261de,Cincinnati Bengals @ Houston Texans,Andrei Iosivas,betmgm,BetMGM,receptions,Receptions,under,1.5,-115,2.6352465377,0.4524271845,0.0,0.5348837209,0.5,0.528157683,1.5,5,-824.5653646421,-15.415787252,Calibration fitted; not prospectively validated,2026-09-20T13:52:32Z,2026-09-20T17:00:00Z,Sun 1:00 PM ET,Houston Texans,Cincinnati Bengals,5a4f3bf,2026_02_CIN_HOU,1.0,graded,win,0.8695652173913043,0.8695652173913043
36ad2fa722f4915ef23d2c81351261de,Cincinnati Bengals @ Houston Texans,Andrei Iosivas,fanduel,FanDuel,recv_yds,Receiving yards,over,14.5,-113,29.4146735658,0.5014367816,0.0,0.5305164319,0.5,0.5079872204,14.5,3,-290.7965031569,-5.4813854135,Calibration fitted; not prospectively validated,2026-09-20T13:53:09Z,2026-09-20T17:00:00Z,Sun 1:00 PM ET,Houston Texans,Cincinnati Bengals,5a4f3bf,2026_02_CIN_HOU,7.0,graded,loss,-1.0,0.8849557522123894
36ad2fa722f4915ef23d2c81351261de,Cincinnati Bengals @ Houston Texans,Andrei Iosivas,betonlineag,BetOnline.ag,recv_yds,Receiving yards,under,14.5,-109,29.4146735658,0.4985632184,0.0,0.5215311005,0.4897419064,0.4920127796,14.5,3,-229.6788208766,-4.4039333544,Calibration fitted; not prospectively validated,2026-09-20T13:53:14Z,2026-09-20T17:00:00Z,Sun 1:00 PM ET,Houston Texans,Cincinnati Bengals,5a4f3bf,2026_02_CIN_HOU,7.0,graded,win,0.9174311926605505,0.9174311926605505
36ad2fa722f4915ef23d2c81351261de,Cincinnati Bengals @ Houston Texans,C.J. Stroud,betrivers,BetRivers,interceptions,Interceptions thrown,over,0.5,-108,,,,0.5192307692,0.4858161777,0.503117207,0.5,4,,,Insufficient player data,2026-09-20T13:52:39Z,2026-09-20T17:00:00Z,Sun 1:00 PM ET,Houston Texans,Cincinnati Bengals,5a4f3bf,2026_02_CIN_HOU,0.0,graded,loss,-1.0,0.9259259259259259
36ad2fa722f4915ef23d2c81351261de,Cincinnati Bengals @ Houston Texans,C.J. Stroud,bovada,Bovada,interceptions,Interceptions thrown,under,0.5,-110,,,,0.5238095238,0.4898785425,0.496882793,0.5,4,,,Insufficient player data,2026-09-20T13:51:54Z,2026-09-20T17:00:00Z,Sun 1:00 PM ET,Houston Texans,Cincinnati Bengals,5a4f3bf,2026_02_CIN_HOU,0.0,graded,win,0.9090909090909091,0.9090909090909091
36ad2fa722f4915ef23d2c81351261de,Cincinnati Bengals @ Houston Texans,C.J. Stroud,draftkings,DraftKings,pass_attempts,Passing attempts,over,31.5,-102,35.1068610946,0.5625,0.0,0.504950495,0.4761410788,0.4796954315,31.5,3,575.495049505,11.3970588235,Calibration fitted; not prospectively validated,2026-09-20T13:53:13Z,2026-09-20T17:00:00Z,Sun 1:00 PM ET,Houston Texans,Cincinnati Bengals,5a4f3bf,2026_02_CIN_HOU,55.0,graded,win,0.9803921568627451,0.9803921568627451
36ad2fa722f4915ef23d2c81351261de,Cincinnati Bengals @ Houston Texans,C.J. Stroud,betonlineag,BetOnline.ag,pass_attempts,Passing attempts,under,31.5,-116,35.1068610946,0.4375,0.0,0.537037037,0.5051597457,0.5203045685,31.5,3,-995.3703703704,-18.5344827586,Calibration fitted; not prospectively validated,2026-09-20T13:53:14Z,2026-09-20T17:00:00Z,Sun 1:00 PM ET,Houston Texans,Cincinnati Bengals,5a4f3bf,2026_02_CIN_HOU,55.0,graded,loss,-1.0,0.8620689655172413
36ad2fa722f4915ef23d2c81351261de,Cincinnati Bengals @ Houston Texans,C.J. Stroud,betmgm,BetMGM,pass_completions,Passing completions,over,19.5,-110,24.0204839069,0.5416666667,0.0,0.5238095238,0.4898785425,0.5210344665,19.5,4,178.5714285714,3.4090909091,Calibration fitted; not prospectively validated,2026-09-20T13:52:32Z,2026-09-20T17:00:00Z,Sun 1:00 PM ET,Houston Texans,Cincinnati Bengals,5a4f3bf,2026_02_CIN_HOU,30.0,graded,win,0.9090909090909091,0.9090909090909091
36ad2fa722f4915ef23d2c81351261de,Cincinnati Bengals @ Houston Texans,C.J. Stroud,betonlineag,BetOnline.ag,pass_completions,Passing completions,under,19.5,-103,24.0204839069,0.4583333333,0.0,0.5073891626,0.4773429454,0.4789655335,19.5,4,-490.5582922824,-9.6682847896,Calibration fitted; not prospectively validated,2026-09-20T13:53:14Z,2026-09-20T17:00:00Z,Sun 1:00 PM ET,Houston Texans,Cincinnati Bengals,5a4f3bf,2026_02_CIN_HOU,30.0,graded,loss,-1.0,0.970873786407767
36ad2fa722f4915ef23d2c81351261de,Cincinnati Bengals @ Houston Texans,C.J. Stroud,betmgm,BetMGM,pass_tds,Passing touchdowns,over,1.5,115,2.12,0.5,0.0,0.4651162791,0.4334891628,0.4640825665,1.5,6,348.8372093023,7.5,Calibration fitted; not prospectively validated,2026-09-20T13:52:32Z,2026-09-20T17:00:00Z,Sun 1:00 PM ET,Houston Texans,Cincinnati Bengals,5a4f3bf,2026_02_CIN_HOU,0.0,graded,loss,-1.0,1.15
36ad2fa722f4915ef23d2c81351261de,Cincinnati Bengals @ Houston Texans,C.J. Stroud,bovada,Bovada,pass_tds,Passing touchdowns,under,1.5,-125,2.12,0.5,0.0,0.5555555556,0.5203045685,0.5359174335,1.5,6,-555.5555555556,-10.0,Calibration fitted; not prospectively validated,2026-09-20T13:51:54Z,2026-09-20T17:00:00Z,Sun 1:00 PM ET,Houston Texans,Cincinnati Bengals,5a4f3bf,2026_02_CIN_HOU,0.0,graded,win,0.8,0.8
36ad2fa722f4915ef23d2c81351261de,Cincinnati Bengals @ Houston Texans,C.J. Stroud,betmgm,BetMGM,pass_yds,Passing yards,over,217.5,-115,286.2740617898,0.5,0.0,0.5348837209,0.5,0.5015067502,219.0,2,-348.8372093023,-6.5217391304,Calibration fitted; not prospectively validated,2026-09-20T13:52:32Z,2026-09-20T17:00:00Z,Sun 1:00 PM ET,Houston Texans,Cincinnati Bengals,5a4f3bf,2026_02_CIN_HOU,353.0,graded,win,0.8695652173913043,0.8695652173913043
36ad2fa722f4915ef23d2c81351261de,Cincinnati Bengals @ Houston Texans,C.J. Stroud,betrivers,BetRivers,pass_yds,Passing yards,under,217.5,-114,286.2740617898,0.5,0.0,0.5327102804,0.4969864995,0.4984932498,219.0,2,-327.1028037383,-6.1403508772,Calibration fitted; not prospectively validated,2026-09-20T13:52:39Z,2026-09-20T17:00:00Z,Sun 1:00 PM ET,Houston Texans,Cincinnati Bengals,5a4f3bf,2026_02_CIN_HOU,353.0,graded,loss,-1.0,0.8771929824561403
36ad2fa722f4915ef23d2c81351261de,Cincinnati Bengals @ Houston Texans,C.J. Stroud,draftkings,DraftKings,rush_yds,Rushing yards,over,11.5,-105,21.997476039,0.5647668394,0.0,0.512195122,0.4852289513,0.4948402543,11.5,5,525.7171742702,10.2640019738,Calibration fitted; not prospectively validated,2026-09-20T13:53:13Z,2026-09-20T17:00:00Z,Sun 1:00 PM ET,Houston Texans,Cincinnati Bengals,5a4f3bf,2026_02_CIN_HOU,29.0,graded,win,0.9523809523809523,0.9523809523809523
36ad2fa722f4915ef23d2c81351261de,Cincinnati Bengals @ Houston Texans,C.J. Stroud,betrivers,BetRivers,rush_yds,Rushing yards,under,11.5,-112,21.997476039,0.4352331606,0.0,0.5283018868,0.4920127796,0.5051597457,11.5,5,-930.6872617069,-17.6165803109,Calibration fitted; not prospectively validated,2026-09-20T13:52:39Z,2026-09-20T17:00:00Z,Sun 1:00 PM ET,Houston Texans,Cincinnati Bengals,5a4f3bf,2026_02_CIN_HOU,29.0,graded,loss,-1.0,0.8928571428571429
36ad2fa722f4915ef23d2c81351261de,Cincinnati Bengals @ Houston Texans,Chase Brown,betmgm,BetMGM,receptions,Receptions,over,3.5,100,3.3240413097,0.4591194969,0.0,0.5,0.4653465347,0.4875171639,3.5,5,-408.8050314465,-8.1761006289,Calibration fitted; not prospectively validated,2026-09-20T13:52:32Z,2026-09-20T17:00:00Z,Sun 1:00 PM ET,Houston Texans,Cincinnati Bengals,5a4f3bf,2026_02_CIN_HOU,3.0,graded,loss,-1.0,1.0
36ad2fa722f4915ef23d2c81351261de,Cincinnati Bengals @ Houston Texans,Chase Brown,bovada,Bovada,receptions,Receptions,under,3.5,-115,3.3240413097,0.5408805031,0.0,0.5348837209,0.5,0.5124828361,3.5,5,59.9678221442,1.1211375444,Calibration fitted; not prospectively validated,2026-09-20T13:51:54Z,2026-09-20T17:00:00Z,Sun 1:00 PM ET,Houston Texans,Cincinnati Bengals,5a4f3bf,2026_02_CIN_HOU,3.0,graded,win,0.8695652173913043,0.8695652173913043
36ad2fa722f4915ef23d2c81351261de,Cincinnati Bengals @ Houston Texans,Chase Brown,fanduel,FanDuel,recv_yds,Receiving yards,over,19.5,-113,20.7366769477,0.5,0.0,0.5305164319,0.5,0.5079872204,20.0,3,-305.1643192488,-5.7522123894,Calibration fitted; not prospectively validated,2026-09-20T13:53:09Z,2026-09-20T17:00:00Z,Sun 1:00 PM ET,Houston Texans,Cincinnati Bengals,5a4f3bf,2026_02_CIN_HOU,2.0,graded,loss,-1.0,0.8849557522123894
36ad2fa722f4915ef23d2c81351261de,Cincinnati Bengals @ Houston Texans,Chase Brown,betonlineag,BetOnline.ag,recv_yds,Receiving yards,under,19.5,-109,20.7366769477,0.5,0.0,0.5215311005,0.4897419064,0.4920127796,20.0,3,-215.3110047847,-4.128440367,Calibration fitted; not prospectively validated,2026-09-20T13:53:14Z,2026-09-20T17:00:00Z,Sun 1:00 PM ET,Houston Texans,Cincinnati Bengals,5a4f3bf,2026_02_CIN_HOU,2.0,graded,win,0.9174311926605505,0.9174311926605505
36ad2fa722f4915ef23d2c81351261de,Cincinnati Bengals @ Houston Texans,Chase Brown,draftkings,DraftKings,rush_attempts,Rushing attempts,over,14.5,102,10.3770222192,0.4473684211,0.0,0.495049505,0.466910272,0.4814929056,14.5,3,-476.8108389786,-9.6315789474,Calibration fitted; not prospectively validated,2026-09-20T13:53:13Z,2026-09-20T17:00:00Z,Sun 1:00 PM ET,Houston Texans,Cincinnati Bengals,5a4f3bf,2026_02_CIN_HOU,20.0,graded,win,1.02,1.02
36ad2fa722f4915ef23d2c81351261de,Cincinnati Bengals @ Houston Texans,Chase Brown,betmgm,BetMGM,rush_attempts,Rushing attempts,under,14.5,-115,10.3770222192,0.5526315789,0.0,0.5348837209,0.5,0.5185070944,14.5,3,177.4785801714,3.3180778032,Calibration fitted; not prospectively validated,2026-09-20T13:52:32Z,2026-09-20T17:00:00Z,Sun 1:00 PM ET,Houston Texans,Cincinnati Bengals,5a4f3bf,2026_02_CIN_HOU,20.0,graded,loss,-1.0,0.8695652173913043
36ad2fa722f4915ef23d2c81351261de,Cincinnati Bengals @ Houston Texans,Chase Brown,draftkings,DraftKings,rush_yds,Rushing yards,over,53.5,-112,41.6167054928,0.5,0.0,0.5283018868,0.5,0.5,53.5,4,-283.0188679245,-5.3571428571,Calibration fitted; not prospectively validated,2026-09-20T13:53:13Z,2026-09-20T17:00:00Z,Sun 1:00 PM ET,Houston Texans,Cincinnati Bengals,5a4f3bf,2026_02_CIN_HOU,80.0,graded,win,0.8928571428571429,0.8928571428571429
36ad2fa722f4915ef23d2c81351261de,Cincinnati Bengals @ Houston Texans,Chase Brown,draftkings,DraftKings,rush_yds,Rushing yards,under,53.5,-112,41.6167054928,0.5,0.0,0.5283018868,0.5,0.5,53.5,4,-283.0188679245,-5.3571428571,Calibration fitted; not prospectively validated,2026-09-20T13:53:13Z,2026-09-20T17:00:00Z,Sun 1:00 PM ET,Houston Texans,Cincinnati Bengals,5a4f3bf,2026_02_CIN_HOU,80.0,graded,loss,-1.0,0.8928571428571429
36ad2fa722f4915ef23d2c81351261de,Cincinnati Bengals @ Houston Texans,Dalton Schultz,fanduel,FanDuel,receptions,Receptions,over,4.5,-132,3.2028693706,0.4210526316,0.0,0.5689655172,0.5322580645,0.5407914021,4.5,5,-1479.1288566243,-25.9968102073,Calibration fitted; not prospectively validated,2026-09-20T13:53:09Z,2026-09-20T17:00:00Z,Sun 1:00 PM ET,Houston Texans,Cincinnati Bengals,5a4f3bf,2026_02_CIN_HOU,12.0,graded,win,0.7575757575757576,0.7575757575757576
36ad2fa722f4915ef23d2c81351261de,Cincinnati Bengals @ Houston Texans,Dalton Schultz,bovada,Bovada,receptions,Receptions,under,4.5,110,3.2028693706,0.5789473684,0.0,0.4761904762,0.4458598726,0.4592085979,4.5,5,1027.5689223058,21.5789473684,Calibration fitted; not prospectively validated,2026-09-20T13:51:54Z,2026-09-20T17:00:00Z,Sun 1:00 PM ET,Houston Texans,Cincinnati Bengals,5a4f3bf,2026_02_CIN_HOU,12.0,graded,loss,-1.0,1.1
36ad2fa722f4915ef23d2c81351261de,Cincinnati Bengals @ Houston Texans,Dalton Schultz,bovada,Bovada,recv_yds,Receiving yards,over,43.5,110,33.225663856,0.4985632184,0.0,0.4761904762,0.4458598726,0.4739828782,43.5,2,223.7274220033,4.6982758621,Calibration fitted; not prospectively validated,2026-09-20T13:51:54Z,2026-09-20T17:00:00Z,Sun 1:00 PM ET,Houston Texans,Cincinnati Bengals,5a4f3bf,2026_02_CIN_HOU,140.0,graded,win,1.1,1.1
36ad2fa722f4915ef23d2c81351261de,Cincinnati Bengals @ Houston Texans,Dalton Schultz,draftkings,DraftKings,recv_yds,Receiving yards,under,43.5,-111,33.225663856,0.5014367816,0.0,0.5260663507,0.4978941162,0.5260171218,43.5,2,-246.2956910171,-4.6818370094,Calibration fitted; not prospectively validated,2026-09-20T13:53:13Z,2026-09-20T17:00:00Z,Sun 1:00 PM ET,Houston Texans,Cincinnati Bengals,5a4f3bf,2026_02_CIN_HOU,140.0,graded,loss,-1.0,0.9009009009009009
36ad2fa722f4915ef23d2c81351261de,Cincinnati Bengals @ Houston Texans,David Montgomery,betmgm,BetMGM,receptions,Receptions,over,1.5,-160,2.6366506892,0.5475728155,0.0,0.6153846154,0.5751633987,0.5979747952,1.5,4,-678.1179985063,-11.0194174757,Calibration fitted; not prospectively validated,2026-09-20T13:52:32Z,2026-09-20T17:00:00Z,Sun 1:00 PM ET,Houston Texans,Cincinnati Bengals,5a4f3bf,2026_02_CIN_HOU,2.0,graded,win,0.625,0.625
36ad2fa722f4915ef23d2c81351261de,Cincinnati Bengals @ Houston Texans,David Montgomery,bovada,Bovada,receptions,Receptions,under,1.5,145,2.6366506892,0.4524271845,0.0,0.4081632653,0.3838517538,0.4020252048,1.5,4,442.639191599,10.8446601942,Calibration fitted; not prospectively validated,2026-09-20T13:51:54Z,2026-09-20T17:00:00Z,Sun 1:00 PM ET,Houston Texans,Cincinnati Bengals,5a4f3bf,2026_02_CIN_HOU,2.0,graded,loss,-1.0,1.45
36ad2fa722f4915ef23d2c81351261de,Cincinnati Bengals @ Houston Texans,David Montgomery,fanduel,FanDuel,recv_yds,Receiving yards,over,11.5,-113,21.7452953914,0.5014367816,0.0,0.5305164319,0.5,0.5030135005,11.5,3,-290.7965031569,-5.4813854135,Calibration fitted; not prospectively validated,2026-09-20T13:53:09Z,2026-09-20T17:00:00Z,Sun 1:00 PM ET,Houston Texans,Cincinnati Bengals,5a4f3bf,2026_02_CIN_HOU,14.0,graded,win,0.8849557522123894,0.8849557522123894
36ad2fa722f4915ef23d2c81351261de,Cincinnati Bengals @ Houston Texans,David Montgomery,betonlineag,BetOnline.ag,recv_yds,Receiving yards,under,11.5,-112,21.7452953914,0.4985632184,0.0,0.5283018868,0.4969046636,0.4969864995,11.5,3,-297.3866840165,-5.6291050903,Calibration fitted; not prospectively validated,2026-09-20T13:53:14Z,2026-09-20T17:00:00Z,Sun 1:00 PM ET,Houston Texans,Cincinnati Bengals,5a4f3bf,2026_02_CIN_HOU,14.0,graded,loss,-1.0,0.8928571428571429
36ad2fa722f4915ef23d2c81351261de,Cincinnati Bengals @ Houston Texans,David Montgomery,betmgm,BetMGM,rush_attempts,Rushing attempts,over,15.5,-115,12.5212747368,0.4915254237,0.0,0.5348837209,0.5,0.5041554124,15.5,3,-433.5829720142,-8.1061164333,Calibration fitted; not prospectively validated,2026-09-20T13:52:32Z,2026-09-20T17:00:00Z,Sun 1:00 PM ET,Houston Texans,Cincinnati Bengals,5a4f3bf,2026_02_CIN_HOU,6.0,graded,loss,-1.0,0.8695652173913043
36ad2fa722f4915ef23d2c81351261de,Cincinnati Bengals @ Houston Texans,David Montgomery,betonlineag,BetOnline.ag,rush_attempts,Rushing attempts,under,15.5,-104,12.5212747368,0.506993007,0.0,0.5098039216,0.4803247453,0.4958445876,15.5,3,-28.1091457562,-0.5513717052,Calibration fitted; not prospectively validated,2026-09-20T13:53:14Z,2026-09-20T17:00:00Z,Sun 1:00 PM ET,Houston Texans,Cincinnati Bengals,5a4f3bf,2026_02_CIN_HOU,6.0,graded,win,0.9615384615384616,0.9615384615384616
36ad2fa722f4915ef23d2c81351261de,Cincinnati Bengals @ Houston Texans,David Montgomery,draftkings,DraftKings,rush_yds,Rushing yards,over,63.5,-110,51.2948346674,0.5,0.0,0.5238095238,0.4957877001,0.5,63.0,3,-238.0952380952,-4.5454545455,Calibration fitted; not prospectively validated,2026-09-20T13:53:13Z,2026-09-20T17:00:00Z,Sun 1:00 PM ET,Houston Texans,Cincinnati Bengals,5a4f3bf,2026_02_CIN_HOU,10.0,graded,loss,-1.0,0.9090909090909091
36ad2fa722f4915ef23d2c81351261de,Cincinnati Bengals @ Houston Texans,David Montgomery,fanduel,FanDuel,rush_yds,Rushing yards,under,63.5,-113,51.2948346674,0.5,0.0,0.5305164319,0.5,0.5,63.0,3,-305.1643192488,-5.7522123894,Calibration fitted; not prospectively validated,2026-09-20T13:53:09Z,2026-09-20T17:00:00Z,Sun 1:00 PM ET,Houston Texans,Cincinnati Bengals,5a4f3bf,2026_02_CIN_HOU,10.0,graded,win,0.8849557522123894,0.8849557522123894
36ad2fa722f4915ef23d2c81351261de,Cincinnati Bengals @ Houston Texans,Drew Sample,fanatics,Fanatics,receptions,Receptions,over,1.5,135,2.5810223192,0.5475728155,0.0,0.4255319149,0.3959708232,0.4167677158,1.5,4,1220.4090064036,28.6796116505,Calibration fitted; not prospectively validated,2026-09-20T13:52:40Z,2026-09-20T17:00:00Z,Sun 1:00 PM ET,Houston Texans,Cincinnati Bengals,5a4f3bf,2026_02_CIN_HOU,,no matching game/player result,,,1.35
36ad2fa722f4915ef23d2c81351261de,Cincinnati Bengals @ Houston Texans,Drew Sample,draftkings,DraftKings,receptions,Receptions,under,1.5,-159,2.5810223192,0.4524271845,0.0,0.6138996139,0.5789713245,0.5832322842,1.5,4,-1614.7242943359,-26.3027416499,Calibration fitted; not prospectively validated,2026-09-20T13:53:13Z,2026-09-20T17:00:00Z,Sun 1:00 PM ET,Houston Texans,Cincinnati Bengals,5a4f3bf,2026_02_CIN_HOU,,no matching game/player result,,,0.6289308176100629
36ad2fa722f4915ef23d2c81351261de,Cincinnati Bengals @ Houston Texans,Drew Sample,draftkings,DraftKings,recv_yds,Receiving yards,over,9.5,-106,19.1394937333,0.5014367816,0.0,0.5145631068,0.4873460435,0.488612293,9.5,2,-131.2632518692,-2.5509650835,Calibration fitted; not prospectively validated,2026-09-20T13:53:13Z,2026-09-20T17:00:00Z,Sun 1:00 PM ET,Houston Texans,Cincinnati Bengals,5a4f3bf,2026_02_CIN_HOU,,no matching game/player result,,,0.9433962264150944
36ad2fa722f4915ef23d2c81351261de,Cincinnati Bengals @ Houston Texans,Drew Sample,draftkings,DraftKings,recv_yds,Receiving yards,under,9.5,-118,19.1394937333,0.4985632184,0.0,0.5412844037,0.5126539565,0.511387707,9.5,2,-427.2118527892,-7.8925579583,Calibration fitted; not prospectively validated,2026-09-20T13:53:13Z,2026-09-20T17:00:00Z,Sun 1:00 PM ET,Houston Texans,Cincinnati Bengals,5a4f3bf,2026_02_CIN_HOU,,no matching game/player result,,,0.847457627118644
36ad2fa722f4915ef23d2c81351261de,Cincinnati Bengals @ Houston Texans,Foster Moreau,draftkings,DraftKings,receptions,Receptions,over,0.5,-218,2.7825805692,0.5789473684,0.0,0.6855345912,0.6483934455,0.6529968454,0.5,3,-1065.8722277392,-15.548044423,Calibration fitted; not prospectively validated,2026-09-20T13:53:13Z,2026-09-20T17:00:00Z,Sun 1:00 PM ET,Houston Texans,Cincinnati Bengals,5a4f3bf,2026_02_CIN_HOU,2.0,graded,win,0.45871559633027525,0.45871559633027525
36ad2fa722f4915ef23d2c81351261de,Cincinnati Bengals @ Houston Texans,Foster Moreau,fanduel,FanDuel,receptions,Receptions,under,0.5,182,2.7825805692,0.4210526316,0.0,0.3546099291,0.3317535545,0.3470031546,0.5,3,664.4270250093,18.7368421053,Calibration fitted; not prospectively validated,2026-09-20T13:53:09Z,2026-09-20T17:00:00Z,Sun 1:00 PM ET,Houston Texans,Cincinnati Bengals,5a4f3bf,2026_02_CIN_HOU,2.0,graded,loss,-1.0,1.82
36ad2fa722f4915ef23d2c81351261de,Cincinnati Bengals @ Houston Texans,Foster Moreau,draftkings,DraftKings,recv_yds,Receiving yards,over,6.5,-117,31.0979913742,0.5163043478,0.0,0.5391705069,0.5105400734,0.5103307654,6.5,2,-228.6615908636,-4.2409884801,Calibration fitted; not prospectively validated,2026-09-20T13:53:13Z,2026-09-20T17:00:00Z,Sun 1:00 PM ET,Houston Texans,Cincinnati Bengals,5a4f3bf,2026_02_CIN_HOU,34.0,graded,win,0.8547008547008547,0.8547008547008547
36ad2fa722f4915ef23d2c81351261de,Cincinnati Bengals @ Houston Texans,Foster Moreau,draftkings,DraftKings,recv_yds,Receiving yards,under,6.5,-107,31.0979913742,0.4836956522,0.0,0.5169082126,0.4894599266,0.4896692346,6.5,2,-332.1256038647,-6.4252336449,Calibration fitted; not prospectively validated,2026-09-20T13:53:13Z,2026-09-20T17:00:00Z,Sun 1:00 PM ET,Houston Texans,Cincinnati Bengals,5a4f3bf,2026_02_CIN_HOU,34.0,graded,loss,-1.0,0.9345794392523364
36ad2fa722f4915ef23d2c81351261de,Cincinnati Bengals @ Houston Texans,Ja'Marr Chase,betrivers,BetRivers,receptions,Receptions,over,6.5,-110,4.0098701734,0.4210526316,0.0,0.5238095238,,0.5030953364,6.5,5,-1027.5689223058,-19.6172248804,Calibration fitted; not prospectively validated,2026-09-20T13:52:39Z,2026-09-20T17:00:00Z,Sun 1:00 PM ET,Houston Texans,Cincinnati Bengals,5a4f3bf,2026_02_CIN_HOU,7.0,graded,win,0.9090909090909091,0.9090909090909091
36ad2fa722f4915ef23d2c81351261de,Cincinnati Bengals @ Houston Texans,Ja'Marr Chase,betmgm,BetMGM,receptions,Receptions,under,6.5,100,4.0098701734,0.5789473684,0.0,0.5,0.4653465347,0.4969046636,6.5,5,789.4736842105,15.7894736842,Calibration fitted; not prospectively validated,2026-09-20T13:52:32Z,2026-09-20T17:00:00Z,Sun 1:00 PM ET,Houston Texans,Cincinnati Bengals,5a4f3bf,2026_02_CIN_HOU,7.0,graded,loss,-1.0,1.0
36ad2fa722f4915ef23d2c81351261de,Cincinnati Bengals @ Houston Texans,Ja'Marr Chase,draftkings,DraftKings,recv_yds,Receiving yards,over,77.5,-111,44.3292636184,0.4836956522,0.0,0.5260663507,0.4978941162,0.5,77.5,4,-423.7069853699,-8.0542499021,Calibration fitted; not prospectively validated,2026-09-20T13:53:13Z,2026-09-20T17:00:00Z,Sun 1:00 PM ET,Houston Texans,Cincinnati Bengals,5a4f3bf,2026_02_CIN_HOU,75.0,graded,loss,-1.0,0.9009009009009009
36ad2fa722f4915ef23d2c81351261de,Cincinnati Bengals @ Houston Texans,Ja'Marr Chase,draftkings,DraftKings,recv_yds,Receiving yards,under,77.5,-113,44.3292636184,0.5163043478,0.0,0.5305164319,0.5021058838,0.5,77.5,4,-142.120840988,-2.6789149673,Calibration fitted; not prospectively validated,2026-09-20T13:53:13Z,2026-09-20T17:00:00Z,Sun 1:00 PM ET,Houston Texans,Cincinnati Bengals,5a4f3bf,2026_02_CIN_HOU,75.0,graded,win,0.8849557522123894,0.8849557522123894
36ad2fa722f4915ef23d2c81351261de,Cincinnati Bengals @ Houston Texans,Jaylin Noel,betmgm,BetMGM,receptions,Receptions,over,2.5,100,3.4687186323,0.5475728155,0.0,0.5,0.4653465347,0.4897419064,2.5,5,475.7281553398,9.5145631068,Calibration fitted; not prospectively validated,2026-09-20T13:52:32Z,2026-09-20T17:00:00Z,Sun 1:00 PM ET,Houston Texans,Cincinnati Bengals,5a4f3bf,2026_02_CIN_HOU,1.0,graded,loss,-1.0,1.0
36ad2fa722f4915ef23d2c81351261de,Cincinnati Bengals @ Houston Texans,Jaylin Noel,fanduel,FanDuel,receptions,Receptions,under,2.5,-118,3.4687186323,0.4524271845,0.0,0.5412844037,0.5060689432,0.5102580936,2.5,5,-888.5721920371,-16.4159947342,Calibration fitted; not prospectively validated,2026-09-20T13:53:09Z,2026-09-20T17:00:00Z,Sun 1:00 PM ET,Houston Texans,Cincinnati Bengals,5a4f3bf,2026_02_CIN_HOU,1.0,graded,win,0.847457627118644,0.847457627118644
36ad2fa722f4915ef23d2c81351261de,Cincinnati Bengals @ Houston Texans,Jaylin Noel,draftkings,DraftKings,recv_yds,Receiving yards,over,27.5,-110,52.7196466303,0.5014367816,0.0,0.5238095238,0.4957877001,0.5,26.5,3,-223.7274220033,-4.2711598746,Calibration fitted; not prospectively validated,2026-09-20T13:53:13Z,2026-09-20T17:00:00Z,Sun 1:00 PM ET,Houston Texans,Cincinnati Bengals,5a4f3bf,2026_02_CIN_HOU,31.0,graded,win,0.9090909090909091,0.9090909090909091
36ad2fa722f4915ef23d2c81351261de,Cincinnati Bengals @ Houston Texans,Jaylin Noel,betonlineag,BetOnline.ag,recv_yds,Receiving yards,under,27.5,-114,52.7196466303,0.4985632184,0.0,0.5327102804,0.5,0.5,26.5,3,-341.4706198303,-6.4100625126,Calibration fitted; not prospectively validated,2026-09-20T13:53:14Z,2026-09-20T17:00:00Z,Sun 1:00 PM ET,Houston Texans,Cincinnati Bengals,5a4f3bf,2026_02_CIN_HOU,31.0,graded,loss,-1.0,0.8771929824561403
36ad2fa722f4915ef23d2c81351261de,Cincinnati Bengals @ Houston Texans,Joe Burrow,betonlineag,BetOnline.ag,interceptions,Interceptions thrown,over,0.5,-119,,,,0.5433789954,0.5102580936,0.5199899116,0.5,4,,,Insufficient player data,2026-09-20T13:53:14Z,2026-09-20T17:00:00Z,Sun 1:00 PM ET,Houston Texans,Cincinnati Bengals,5a4f3bf,2026_02_CIN_HOU,0.0,graded,loss,-1.0,0.8403361344537815
36ad2fa722f4915ef23d2c81351261de,Cincinnati Bengals @ Houston Texans,Joe Burrow,betrivers,BetRivers,interceptions,Interceptions thrown,under,0.5,106,,,,0.4854368932,0.4534678057,0.4800100884,0.5,4,,,Insufficient player data,2026-09-20T13:52:39Z,2026-09-20T17:00:00Z,Sun 1:00 PM ET,Houston Texans,Cincinnati Bengals,5a4f3bf,2026_02_CIN_HOU,0.0,graded,win,1.06,1.06
36ad2fa722f4915ef23d2c81351261de,Cincinnati Bengals @ Houston Texans,Joe Burrow,fanatics,Fanatics,pass_attempts,Passing attempts,over,35.5,-115,37.6014052132,0.5,0.0,0.5348837209,0.5,0.5072189297,35.5,4,-348.8372093023,-6.5217391304,Calibration fitted; not prospectively validated,2026-09-20T13:52:40Z,2026-09-20T17:00:00Z,Sun 1:00 PM ET,Houston Texans,Cincinnati Bengals,5a4f3bf,2026_02_CIN_HOU,31.0,graded,loss,-1.0,0.8695652173913043
36ad2fa722f4915ef23d2c81351261de,Cincinnati Bengals @ Houston Texans,Joe Burrow,betonlineag,BetOnline.ag,pass_attempts,Passing attempts,under,35.5,-110,37.6014052132,0.5,0.0,0.5238095238,0.4917965546,0.4927810703,35.5,4,-238.0952380952,-4.5454545455,Calibration fitted; not prospectively validated,2026-09-20T13:53:14Z,2026-09-20T17:00:00Z,Sun 1:00 PM ET,Houston Texans,Cincinnati Bengals,5a4f3bf,2026_02_CIN_HOU,31.0,graded,win,0.9090909090909091,0.9090909090909091
36ad2fa722f4915ef23d2c81351261de,Cincinnati Bengals @ Houston Texans,Joe Burrow,fanatics,Fanatics,pass_completions,Passing completions,over,23.5,-105,26.8581465808,0.5,0.0,0.512195122,0.4796954315,0.4897419064,23.5,5,-121.9512195122,-2.380952381,Calibration fitted; not prospectively validated,2026-09-20T13:52:40Z,2026-09-20T17:00:00Z,Sun 1:00 PM ET,Houston Texans,Cincinnati Bengals,5a4f3bf,2026_02_CIN_HOU,20.0,graded,loss,-1.0,0.9523809523809523
36ad2fa722f4915ef23d2c81351261de,Cincinnati Bengals @ Houston Texans,Joe Burrow,betmgm,BetMGM,pass_completions,Passing completions,under,23.5,-118,26.8581465808,0.5,0.0,0.5412844037,0.5071288903,0.5102580936,23.5,5,-412.8440366972,-7.6271186441,Calibration fitted; not prospectively validated,2026-09-20T13:52:32Z,2026-09-20T17:00:00Z,Sun 1:00 PM ET,Houston Texans,Cincinnati Bengals,5a4f3bf,2026_02_CIN_HOU,20.0,graded,win,0.847457627118644,0.847457627118644
36ad2fa722f4915ef23d2c81351261de,Cincinnati Bengals @ Houston Texans,Joe Burrow,fanduel,FanDuel,pass_tds,Passing touchdowns,over,1.5,-115,0.611,0.4666666667,0.0,0.5348837209,0.5020496003,0.5130795235,1.5,7,-682.1705426357,-12.7536231884,Calibration fitted; not prospectively validated,2026-09-20T13:53:09Z,2026-09-20T17:00:00Z,Sun 1:00 PM ET,Houston Texans,Cincinnati Bengals,5a4f3bf,2026_02_CIN_HOU,2.0,graded,win,0.8695652173913043,0.8695652173913043
36ad2fa722f4915ef23d2c81351261de,Cincinnati Bengals @ Houston Texans,Joe Burrow,bovada,Bovada,pass_tds,Passing touchdowns,under,1.5,-105,0.611,0.5333333333,0.0,0.512195122,0.4796954315,0.4869204765,1.5,7,211.3821138211,4.126984127,Calibration fitted; not prospectively validated,2026-09-20T13:51:54Z,2026-09-20T17:00:00Z,Sun 1:00 PM ET,Houston Texans,Cincinnati Bengals,5a4f3bf,2026_02_CIN_HOU,2.0,graded,loss,-1.0,0.9523809523809523
36ad2fa722f4915ef23d2c81351261de,Cincinnati Bengals @ Houston Texans,Joe Burrow,draftkings,DraftKings,pass_yds,Passing yards,over,248.5,-111,268.5615754707,0.5,0.0,0.5260663507,0.4978941162,0.5,248.5,3,-260.663507109,-4.954954955,Calibration fitted; not prospectively validated,2026-09-20T13:53:13Z,2026-09-20T17:00:00Z,Sun 1:00 PM ET,Houston Texans,Cincinnati Bengals,5a4f3bf,2026_02_CIN_HOU,207.0,graded,loss,-1.0,0.9009009009009009
36ad2fa722f4915ef23d2c81351261de,Cincinnati Bengals @ Houston Texans,Joe Burrow,draftkings,DraftKings,pass_yds,Passing yards,under,248.5,-113,268.5615754707,0.5,0.0,0.5305164319,0.5021058838,0.5,248.5,3,-305.1643192488,-5.7522123894,Calibration fitted; not prospectively validated,2026-09-20T13:53:13Z,2026-09-20T17:00:00Z,Sun 1:00 PM ET,Houston Texans,Cincinnati Bengals,5a4f3bf,2026_02_CIN_HOU,207.0,graded,win,0.8849557522123894,0.8849557522123894
36ad2fa722f4915ef23d2c81351261de,Cincinnati Bengals @ Houston Texans,Joe Burrow,draftkings,DraftKings,rush_attempts,Rushing attempts,over,2.5,-127,4.2385783617,0.506993007,0.0,0.5594713656,0.5280665281,0.5280665281,2.5,1,-524.7835864576,-9.3799900887,Calibration fitted; not prospectively validated,2026-09-20T13:53:13Z,2026-09-20T17:00:00Z,Sun 1:00 PM ET,Houston Texans,Cincinnati Bengals,5a4f3bf,2026_02_CIN_HOU,1.0,graded,loss,-1.0,0.7874015748031497
36ad2fa722f4915ef23d2c81351261de,Cincinnati Bengals @ Houston Texans,Joe Burrow,draftkings,DraftKings,rush_attempts,Rushing attempts,under,2.5,100,4.2385783617,0.4915254237,0.0,0.5,0.4719334719,0.4719334719,2.5,1,-84.7457627119,-1.6949152542,Calibration fitted; not prospectively validated,2026-09-20T13:53:13Z,2026-09-20T17:00:00Z,Sun 1:00 PM ET,Houston Texans,Cincinnati Bengals,5a4f3bf,2026_02_CIN_HOU,1.0,graded,win,1.0,1.0
36ad2fa722f4915ef23d2c81351261de,Cincinnati Bengals @ Houston Texans,Joe Burrow,betrivers,BetRivers,rush_yds,Rushing yards,over,8.5,-109,15.8085883941,0.5647668394,0.0,0.5215311005,0.4869204765,0.5,8.5,4,432.3573889977,8.2901554404,Calibration fitted; not prospectively validated,2026-09-20T13:52:39Z,2026-09-20T17:00:00Z,Sun 1:00 PM ET,Houston Texans,Cincinnati Bengals,5a4f3bf,2026_02_CIN_HOU,-1.0,graded,loss,-1.0,0.9174311926605505
36ad2fa722f4915ef23d2c81351261de,Cincinnati Bengals @ Houston Texans,Joe Burrow,betonlineag,BetOnline.ag,rush_yds,Rushing yards,under,8.5,-109,15.8085883941,0.4352331606,0.0,0.5215311005,0.4897419064,0.5,8.5,4,-862.9793985671,-16.5470361744,Calibration fitted; not prospectively validated,2026-09-20T13:53:14Z,2026-09-20T17:00:00Z,Sun 1:00 PM ET,Houston Texans,Cincinnati Bengals,5a4f3bf,2026_02_CIN_HOU,-1.0,graded,win,0.9174311926605505,0.9174311926605505
36ad2fa722f4915ef23d2c81351261de,Cincinnati Bengals @ Houston Texans,Kayshon Boutte,betonlineag,BetOnline.ag,receptions,Receptions,over,2.5,-164,2.0941815971,0.4524271845,0.0,0.6212121212,0.5829383886,0.583497053,2.5,3,-1687.849367461,-27.1702581103,Calibration fitted; not prospectively validated,2026-09-20T13:53:14Z,2026-09-20T17:00:00Z,Sun 1:00 PM ET,Houston Texans,Cincinnati Bengals,5a4f3bf,2026_02_CIN_HOU,3.0,graded,win,0.6097560975609756,0.6097560975609756
36ad2fa722f4915ef23d2c81351261de,Cincinnati Bengals @ Houston Texans,Kayshon Boutte,fanduel,FanDuel,receptions,Receptions,under,2.5,132,2.0941815971,0.5475728155,0.0,0.4310344828,0.402338775,0.416502947,2.5,3,1165.3833277536,27.0368932039,Calibration fitted; not prospectively validated,2026-09-20T13:53:09Z,2026-09-20T17:00:00Z,Sun 1:00 PM ET,Houston Texans,Cincinnati Bengals,5a4f3bf,2026_02_CIN_HOU,3.0,graded,loss,-1.0,1.32
36ad2fa722f4915ef23d2c81351261de,Cincinnati Bengals @ Houston Texans,Kayshon Boutte,draftkings,DraftKings,recv_yds,Receiving yards,over,35.5,-111,33.070943722,0.5,0.0,0.5260663507,0.4978941162,0.5,35.5,5,-260.663507109,-4.954954955,Calibration fitted; not prospectively validated,2026-09-20T13:53:13Z,2026-09-20T17:00:00Z,Sun 1:00 PM ET,Houston Texans,Cincinnati Bengals,5a4f3bf,2026_02_CIN_HOU,37.0,graded,win,0.9009009009009009,0.9009009009009009
36ad2fa722f4915ef23d2c81351261de,Cincinnati Bengals @ Houston Texans,Kayshon Boutte,betonlineag,BetOnline.ag,recv_yds,Receiving yards,under,35.5,-111,33.070943722,0.5,0.0,0.5260663507,0.4948402543,0.5,35.5,5,-260.663507109,-4.954954955,Calibration fitted; not prospectively validated,2026-09-20T13:53:14Z,2026-09-20T17:00:00Z,Sun 1:00 PM ET,Houston Texans,Cincinnati Bengals,5a4f3bf,2026_02_CIN_HOU,37.0,graded,loss,-1.0,0.9009009009009009
36ad2fa722f4915ef23d2c81351261de,Cincinnati Bengals @ Houston Texans,Mike Gesicki,draftkings,DraftKings,receptions,Receptions,over,2.5,106,3.5082320331,0.5475728155,0.0,0.4854368932,0.4580003898,0.4652655222,2.5,5,621.359223301,12.8,Calibration fitted; not prospectively validated,2026-09-20T13:53:13Z,2026-09-20T17:00:00Z,Sun 1:00 PM ET,Houston Texans,Cincinnati Bengals,5a4f3bf,2026_02_CIN_HOU,,no matching game/player result,,,1.06
36ad2fa722f4915ef23d2c81351261de,Cincinnati Bengals @ Houston Texans,Mike Gesicki,betmgm,BetMGM,receptions,Receptions,under,2.5,-125,3.5082320331,0.4524271845,0.0,0.5555555556,0.5203045685,0.5347344778,2.5,5,-1031.2837108954,-18.5631067961,Calibration fitted; not prospectively validated,2026-09-20T13:52:32Z,2026-09-20T17:00:00Z,Sun 1:00 PM ET,Houston Texans,Cincinnati Bengals,5a4f3bf,2026_02_CIN_HOU,,no matching game/player result,,,0.8
36ad2fa722f4915ef23d2c81351261de,Cincinnati Bengals @ Houston Texans,Mike Gesicki,betmgm,BetMGM,recv_yds,Receiving yards,over,24.5,-105,38.3038323483,0.5014367816,0.0,0.512195122,0.4753937008,0.49789385,24.5,6,-107.5834034202,-2.1004378763,Calibration fitted; not prospectively validated,2026-09-20T13:52:32Z,2026-09-20T17:00:00Z,Sun 1:00 PM ET,Houston Texans,Cincinnati Bengals,5a4f3bf,2026_02_CIN_HOU,,no matching game/player result,,,0.9523809523809523
36ad2fa722f4915ef23d2c81351261de,Cincinnati Bengals @ Houston Texans,Mike Gesicki,betonlineag,BetOnline.ag,recv_yds,Receiving yards,under,24.5,-112,38.3038323483,0.4985632184,0.0,0.5283018868,0.4969046636,0.50210615,24.5,6,-297.3866840165,-5.6291050903,Calibration fitted; not prospectively validated,2026-09-20T13:53:14Z,2026-09-20T17:00:00Z,Sun 1:00 PM ET,Houston Texans,Cincinnati Bengals,5a4f3bf,2026_02_CIN_HOU,,no matching game/player result,,,0.8928571428571429
36ad2fa722f4915ef23d2c81351261de,Cincinnati Bengals @ Houston Texans,Samaje Perine,bovada,Bovada,receptions,Receptions,over,1.5,135,2.3608719993,0.5475728155,0.0,0.4255319149,0.3982930299,0.4170324846,1.5,5,1220.4090064036,28.6796116505,Calibration fitted; not prospectively validated,2026-09-20T13:51:54Z,2026-09-20T17:00:00Z,Sun 1:00 PM ET,Houston Texans,Cincinnati Bengals,5a4f3bf,2026_02_CIN_HOU,1.0,graded,loss,-1.0,1.35
36ad2fa722f4915ef23d2c81351261de,Cincinnati Bengals @ Houston Texans,Samaje Perine,betmgm,BetMGM,receptions,Receptions,under,1.5,-160,2.3608719993,0.4524271845,0.0,0.6153846154,0.5751633987,0.5829675154,1.5,5,-1629.574309186,-26.4805825243,Calibration fitted; not prospectively validated,2026-09-20T13:52:32Z,2026-09-20T17:00:00Z,Sun 1:00 PM ET,Houston Texans,Cincinnati Bengals,5a4f3bf,2026_02_CIN_HOU,1.0,graded,win,0.625,0.625
36ad2fa722f4915ef23d2c81351261de,Cincinnati Bengals @ Houston Texans,Samaje Perine,fanduel,FanDuel,recv_yds,Receiving yards,over,7.5,-113,19.6726584354,0.5014367816,0.0,0.5305164319,0.5,0.5031598905,7.5,4,-290.7965031569,-5.4813854135,Calibration fitted; not prospectively validated,2026-09-20T13:53:09Z,2026-09-20T17:00:00Z,Sun 1:00 PM ET,Houston Texans,Cincinnati Bengals,5a4f3bf,2026_02_CIN_HOU,16.0,graded,win,0.8849557522123894,0.8849557522123894
36ad2fa722f4915ef23d2c81351261de,Cincinnati Bengals @ Houston Texans,Samaje Perine,draftkings,DraftKings,recv_yds,Receiving yards,under,7.5,-109,19.6726584354,0.4985632184,0.0,0.5215311005,0.4936802191,0.4968401095,7.5,4,-229.6788208766,-4.4039333544,Calibration fitted; not prospectively validated,2026-09-20T13:53:13Z,2026-09-20T17:00:00Z,Sun 1:00 PM ET,Houston Texans,Cincinnati Bengals,5a4f3bf,2026_02_CIN_HOU,16.0,graded,loss,-1.0,0.9174311926605505
36ad2fa722f4915ef23d2c81351261de,Cincinnati Bengals @ Houston Texans,Samaje Perine,fanatics,Fanatics,rush_attempts,Rushing attempts,over,4.5,-105,4.5117765585,0.5,0.0,0.512195122,0.4796954315,0.493765586,4.5,3,-121.9512195122,-2.380952381,Calibration fitted; not prospectively validated,2026-09-20T13:52:40Z,2026-09-20T17:00:00Z,Sun 1:00 PM ET,Houston Texans,Cincinnati Bengals,5a4f3bf,2026_02_CIN_HOU,2.0,graded,loss,-1.0,0.9523809523809523
36ad2fa722f4915ef23d2c81351261de,Cincinnati Bengals @ Houston Texans,Samaje Perine,betonlineag,BetOnline.ag,rush_attempts,Rushing attempts,under,4.5,-116,4.5117765585,0.5,0.0,0.537037037,0.5051597457,0.506234414,4.5,3,-370.3703703704,-6.8965517241,Calibration fitted; not prospectively validated,2026-09-20T13:53:14Z,2026-09-20T17:00:00Z,Sun 1:00 PM ET,Houston Texans,Cincinnati Bengals,5a4f3bf,2026_02_CIN_HOU,2.0,graded,win,0.8620689655172413,0.8620689655172413
36ad2fa722f4915ef23d2c81351261de,Cincinnati Bengals @ Houston Texans,Samaje Perine,fanduel,FanDuel,rush_yds,Rushing yards,over,17.5,-113,18.8627881651,0.5,0.0,0.5305164319,0.5,0.5057397633,17.5,4,-305.1643192488,-5.7522123894,Calibration fitted; not prospectively validated,2026-09-20T13:53:09Z,2026-09-20T17:00:00Z,Sun 1:00 PM ET,Houston Texans,Cincinnati Bengals,5a4f3bf,2026_02_CIN_HOU,6.0,graded,loss,-1.0,0.8849557522123894
36ad2fa722f4915ef23d2c81351261de,Cincinnati Bengals @ Houston Texans,Samaje Perine,draftkings,DraftKings,rush_yds,Rushing yards,under,17.5,-109,18.8627881651,0.5,0.0,0.5215311005,0.4936802191,0.4942602367,17.5,4,-215.3110047847,-4.128440367,Calibration fitted; not prospectively validated,2026-09-20T13:53:13Z,2026-09-20T17:00:00Z,Sun 1:00 PM ET,Houston Texans,Cincinnati Bengals,5a4f3bf,2026_02_CIN_HOU,6.0,graded,win,0.9174311926605505,0.9174311926605505
36ad2fa722f4915ef23d2c81351261de,Cincinnati Bengals @ Houston Texans,Tee Higgins,draftkings,DraftKings,receptions,Receptions,over,3.5,-154,3.4037374185,0.4591194969,0.0,0.6062992126,0.5715249663,0.5790508937,3.5,4,-1471.7971574308,-24.2750959732,Calibration fitted; not prospectively validated,2026-09-20T13:53:13Z,2026-09-20T17:00:00Z,Sun 1:00 PM ET,Houston Texans,Cincinnati Bengals,5a4f3bf,2026_02_CIN_HOU,5.0,graded,win,0.6493506493506493,0.6493506493506493
36ad2fa722f4915ef23d2c81351261de,Cincinnati Bengals @ Houston Texans,Tee Higgins,fanduel,FanDuel,receptions,Receptions,under,3.5,140,3.4037374185,0.5408805031,0.0,0.4166666667,0.3896103896,0.4209491063,3.5,4,1242.1383647799,29.8113207547,Calibration fitted; not prospectively validated,2026-09-20T13:53:09Z,2026-09-20T17:00:00Z,Sun 1:00 PM ET,Houston Texans,Cincinnati Bengals,5a4f3bf,2026_02_CIN_HOU,5.0,graded,loss,-1.0,1.4
36ad2fa722f4915ef23d2c81351261de,Cincinnati Bengals @ Houston Texans,Tee Higgins,fanduel,FanDuel,recv_yds,Receiving yards,over,55.5,-113,49.9052776909,0.5,0.0,0.5305164319,0.5,0.5,54.5,3,-305.1643192488,-5.7522123894,Calibration fitted; not prospectively validated,2026-09-20T13:53:09Z,2026-09-20T17:00:00Z,Sun 1:00 PM ET,Houston Texans,Cincinnati Bengals,5a4f3bf,2026_02_CIN_HOU,95.0,graded,win,0.8849557522123894,0.8849557522123894
36ad2fa722f4915ef23d2c81351261de,Cincinnati Bengals @ Houston Texans,Tee Higgins,fanduel,FanDuel,recv_yds,Receiving yards,under,55.5,-113,49.9052776909,0.5,0.0,0.5305164319,0.5,0.5,54.5,3,-305.1643192488,-5.7522123894,Calibration fitted; not prospectively validated,2026-09-20T13:53:09Z,2026-09-20T17:00:00Z,Sun 1:00 PM ET,Houston Texans,Cincinnati Bengals,5a4f3bf,2026_02_CIN_HOU,95.0,graded,loss,-1.0,0.8849557522123894
36ad2fa722f4915ef23d2c81351261de,Cincinnati Bengals @ Houston Texans,Woody Marks,fanduel,FanDuel,receptions,Receptions,over,1.5,112,2.0564193172,0.5475728155,0.0,0.4716981132,0.4414696668,0.450619602,1.5,5,758.7470232643,16.0854368932,Calibration fitted; not prospectively validated,2026-09-20T13:53:09Z,2026-09-20T17:00:00Z,Sun 1:00 PM ET,Houston Texans,Cincinnati Bengals,5a4f3bf,2026_02_CIN_HOU,5.0,graded,win,1.12,1.12
36ad2fa722f4915ef23d2c81351261de,Cincinnati Bengals @ Houston Texans,Woody Marks,betmgm,BetMGM,receptions,Receptions,under,1.5,-135,2.0564193172,0.4524271845,0.0,0.5744680851,0.5346534653,0.549380398,1.5,5,-1220.4090064036,-21.2441567781,Calibration fitted; not prospectively validated,2026-09-20T13:52:32Z,2026-09-20T17:00:00Z,Sun 1:00 PM ET,Houston Texans,Cincinnati Bengals,5a4f3bf,2026_02_CIN_HOU,5.0,graded,loss,-1.0,0.7407407407407407
36ad2fa722f4915ef23d2c81351261de,Cincinnati Bengals @ Houston Texans,Woody Marks,fanduel,FanDuel,recv_yds,Receiving yards,over,10.5,-113,12.6978901528,0.5,0.0,0.5305164319,0.5,0.5082034454,10.5,5,-305.1643192488,-5.7522123894,Calibration fitted; not prospectively validated,2026-09-20T13:53:09Z,2026-09-20T17:00:00Z,Sun 1:00 PM ET,Houston Texans,Cincinnati Bengals,5a4f3bf,2026_02_CIN_HOU,27.0,graded,win,0.8849557522123894,0.8849557522123894
36ad2fa722f4915ef23d2c81351261de,Cincinnati Bengals @ Houston Texans,Woody Marks,draftkings,DraftKings,recv_yds,Receiving yards,under,10.5,-107,12.6978901528,0.5,0.0,0.5169082126,0.4894599266,0.4917965546,10.5,5,-169.0821256039,-3.2710280374,Calibration fitted; not prospectively validated,2026-09-20T13:53:13Z,2026-09-20T17:00:00Z,Sun 1:00 PM ET,Houston Texans,Cincinnati Bengals,5a4f3bf,2026_02_CIN_HOU,27.0,graded,loss,-1.0,0.9345794392523364
36ad2fa722f4915ef23d2c81351261de,Cincinnati Bengals @ Houston Texans,Woody Marks,betmgm,BetMGM,rush_attempts,Rushing attempts,over,7.5,-105,8.8873023133,0.506993007,0.0,0.512195122,0.4753937008,0.5083149711,7.5,3,-52.0211495821,-1.0156510157,Calibration fitted; not prospectively validated,2026-09-20T13:52:32Z,2026-09-20T17:00:00Z,Sun 1:00 PM ET,Houston Texans,Cincinnati Bengals,5a4f3bf,2026_02_CIN_HOU,8.0,graded,win,0.9523809523809523,0.9523809523809523
36ad2fa722f4915ef23d2c81351261de,Cincinnati Bengals @ Houston Texans,Woody Marks,betonlineag,BetOnline.ag,rush_attempts,Rushing attempts,under,7.5,-109,8.8873023133,0.4915254237,0.0,0.5215311005,0.4897419064,0.4916850289,7.5,3,-300.0567674966,-5.7533820557,Calibration fitted; not prospectively validated,2026-09-20T13:53:14Z,2026-09-20T17:00:00Z,Sun 1:00 PM ET,Houston Texans,Cincinnati Bengals,5a4f3bf,2026_02_CIN_HOU,8.0,graded,loss,-1.0,0.9174311926605505
36ad2fa722f4915ef23d2c81351261de,Cincinnati Bengals @ Houston Texans,Woody Marks,fanduel,FanDuel,rush_yds,Rushing yards,over,29.5,-113,37.1400924826,0.5,0.0,0.5305164319,0.5,0.5083161529,29.5,4,-305.1643192488,-5.7522123894,Calibration fitted; not prospectively validated,2026-09-20T13:53:09Z,2026-09-20T17:00:00Z,Sun 1:00 PM ET,Houston Texans,Cincinnati Bengals,5a4f3bf,2026_02_CIN_HOU,8.0,graded,loss,-1.0,0.8849557522123894
36ad2fa722f4915ef23d2c81351261de,Cincinnati Bengals @ Houston Texans,Woody Marks,draftkings,DraftKings,rush_yds,Rushing yards,under,29.5,-108,37.1400924826,0.5,0.0,0.5192307692,0.4915711396,0.4916838471,29.5,4,-192.3076923077,-3.7037037037,Calibration fitted; not prospectively validated,2026-09-20T13:53:13Z,2026-09-20T17:00:00Z,Sun 1:00 PM ET,Houston Texans,Cincinnati Bengals,5a4f3bf,2026_02_CIN_HOU,8.0,graded,win,0.9259259259259259,0.9259259259259259
36ad2fa722f4915ef23d2c81351261de,Cincinnati Bengals @ Houston Texans,Xavier Hutchinson,fanduel,FanDuel,receptions,Receptions,over,2.5,-148,2.3025230067,0.4591194969,0.0,0.5967741935,0.5585303332,0.5655951347,2.5,5,-1376.5469669304,-23.0664626891,Calibration fitted; not prospectively validated,2026-09-20T13:53:09Z,2026-09-20T17:00:00Z,Sun 1:00 PM ET,Houston Texans,Cincinnati Bengals,5a4f3bf,2026_02_CIN_HOU,3.0,graded,win,0.6756756756756757,0.6756756756756757
36ad2fa722f4915ef23d2c81351261de,Cincinnati Bengals @ Houston Texans,Xavier Hutchinson,bovada,Bovada,receptions,Receptions,under,2.5,125,2.3025230067,0.5408805031,0.0,0.4444444444,0.416502947,0.4344048653,2.5,5,964.3605870021,21.6981132075,Calibration fitted; not prospectively validated,2026-09-20T13:51:54Z,2026-09-20T17:00:00Z,Sun 1:00 PM ET,Houston Texans,Cincinnati Bengals,5a4f3bf,2026_02_CIN_HOU,3.0,graded,loss,-1.0,1.25
36ad2fa722f4915ef23d2c81351261de,Cincinnati Bengals @ Houston Texans,Xavier Hutchinson,betrivers,BetRivers,recv_yds,Receiving yards,over,32.5,-113,28.2036147398,0.5,0.0,0.5305164319,0.4949766919,0.4974883459,32.5,2,-305.1643192488,-5.7522123894,Calibration fitted; not prospectively validated,2026-09-20T13:52:39Z,2026-09-20T17:00:00Z,Sun 1:00 PM ET,Houston Texans,Cincinnati Bengals,5a4f3bf,2026_02_CIN_HOU,37.0,graded,win,0.8849557522123894,0.8849557522123894
36ad2fa722f4915ef23d2c81351261de,Cincinnati Bengals @ Houston Texans,Xavier Hutchinson,betonlineag,BetOnline.ag,recv_yds,Receiving yards,under,32.5,-114,28.2036147398,0.5,0.0,0.5327102804,0.5,0.5025116541,32.5,2,-327.1028037383,-6.1403508772,Calibration fitted; not prospectively validated,2026-09-20T13:53:14Z,2026-09-20T17:00:00Z,Sun 1:00 PM ET,Houston Texans,Cincinnati Bengals,5a4f3bf,2026_02_CIN_HOU,37.0,graded,loss,-1.0,0.8771929824561403
4aeee070bb6ec60bdfae4dede61b9014,Green Bay Packers @ New York Jets,Adonai Mitchell,draftkings,DraftKings,receptions,Receptions,over,2.5,-119,3.4719416804,0.5475728155,0.0,0.5433789954,0.5124828361,0.5221685501,2.5,4,41.9382010019,0.7718038672,Calibration fitted; not prospectively validated,2026-09-20T13:53:13Z,2026-09-20T17:00:00Z,Sun 1:00 PM ET,New York Jets,Green Bay Packers,5a4f3bf,2026_02_GB_NYJ,6.0,graded,win,0.8403361344537815,0.8403361344537815
4aeee070bb6ec60bdfae4dede61b9014,Green Bay Packers @ New York Jets,Adonai Mitchell,fanduel,FanDuel,receptions,Receptions,under,2.5,104,3.4719416804,0.4524271845,0.0,0.4901960784,0.4581151832,0.4778314499,2.5,4,-377.6889396535,-7.7048543689,Calibration fitted; not prospectively validated,2026-09-20T13:53:04Z,2026-09-20T17:00:00Z,Sun 1:00 PM ET,New York Jets,Green Bay Packers,5a4f3bf,2026_02_GB_NYJ,6.0,graded,loss,-1.0,1.04
4aeee070bb6ec60bdfae4dede61b9014,Green Bay Packers @ New York Jets,Adonai Mitchell,draftkings,DraftKings,recv_yds,Receiving yards,over,33.5,-112,52.8310329491,0.5014367816,0.0,0.5283018868,0.5010601306,0.5,34.0,3,-268.6510518326,-5.085180624,Calibration fitted; not prospectively validated,2026-09-20T13:53:13Z,2026-09-20T17:00:00Z,Sun 1:00 PM ET,New York Jets,Green Bay Packers,5a4f3bf,2026_02_GB_NYJ,63.0,graded,win,0.8928571428571429,0.8928571428571429
4aeee070bb6ec60bdfae4dede61b9014,Green Bay Packers @ New York Jets,Adonai Mitchell,draftkings,DraftKings,recv_yds,Receiving yards,under,33.5,-111,52.8310329491,0.4985632184,0.0,0.5260663507,0.4989398694,0.5,34.0,3,-275.031323201,-5.2280729005,Calibration fitted; not prospectively validated,2026-09-20T13:53:13Z,2026-09-20T17:00:00Z,Sun 1:00 PM ET,New York Jets,Green Bay Packers,5a4f3bf,2026_02_GB_NYJ,63.0,graded,loss,-1.0,0.9009009009009009
4aeee070bb6ec60bdfae4dede61b9014,Green Bay Packers @ New York Jets,Braelon Allen,draftkings,DraftKings,rush_yds,Rushing yards,over,23.5,-111,28.5945675984,0.5,0.0,0.5260663507,0.4978941162,0.5039936102,23.5,4,-260.663507109,-4.954954955,Calibration fitted; not prospectively validated,2026-09-20T13:53:13Z,2026-09-20T17:00:00Z,Sun 1:00 PM ET,New York Jets,Green Bay Packers,5a4f3bf,2026_02_GB_NYJ,7.0,graded,loss,-1.0,0.9009009009009009
4aeee070bb6ec60bdfae4dede61b9014,Green Bay Packers @ New York Jets,Braelon Allen,betonlineag,BetOnline.ag,rush_yds,Rushing yards,under,23.5,-110,28.5945675984,0.5,0.0,0.5238095238,0.4917965546,0.4960063898,23.5,4,-238.0952380952,-4.5454545455,Calibration fitted; not prospectively validated,2026-09-20T13:52:30Z,2026-09-20T17:00:00Z,Sun 1:00 PM ET,New York Jets,Green Bay Packers,5a4f3bf,2026_02_GB_NYJ,7.0,graded,win,0.9090909090909091,0.9090909090909091
4aeee070bb6ec60bdfae4dede61b9014,Green Bay Packers @ New York Jets,Breece Hall,betrivers,BetRivers,receptions,Receptions,over,2.5,-129,2.729213427,0.5408805031,0.0,0.5633187773,,0.5310164042,2.5,5,-224.3827414792,-3.9832285115,Calibration fitted; not prospectively validated,2026-09-20T13:53:00Z,2026-09-20T17:00:00Z,Sun 1:00 PM ET,New York Jets,Green Bay Packers,5a4f3bf,2026_02_GB_NYJ,5.0,graded,win,0.7751937984496124,0.7751937984496124
4aeee070bb6ec60bdfae4dede61b9014,Green Bay Packers @ New York Jets,Breece Hall,betmgm,BetMGM,receptions,Receptions,under,2.5,105,2.729213427,0.4591194969,0.0,0.487804878,0.4554079696,0.4689835958,2.5,5,-286.8538119343,-5.8805031447,Calibration fitted; not prospectively validated,2026-09-20T13:52:25Z,2026-09-20T17:00:00Z,Sun 1:00 PM ET,New York Jets,Green Bay Packers,5a4f3bf,2026_02_GB_NYJ,5.0,graded,loss,-1.0,1.05
4aeee070bb6ec60bdfae4dede61b9014,Green Bay Packers @ New York Jets,Breece Hall,betrivers,BetRivers,recv_yds,Receiving yards,over,18.5,-110,23.7921874918,0.5,0.0,0.5238095238,0.4889380531,0.5025798729,18.5,4,-238.0952380952,-4.5454545455,Calibration fitted; not prospectively validated,2026-09-20T13:53:00Z,2026-09-20T17:00:00Z,Sun 1:00 PM ET,New York Jets,Green Bay Packers,5a4f3bf,2026_02_GB_NYJ,63.0,graded,win,0.9090909090909091,0.9090909090909091
4aeee070bb6ec60bdfae4dede61b9014,Green Bay Packers @ New York Jets,Breece Hall,betmgm,BetMGM,recv_yds,Receiving yards,under,18.5,-111,23.7921874918,0.5,0.0,0.5260663507,0.4909529554,0.4974201271,18.5,4,-260.663507109,-4.954954955,Calibration fitted; not prospectively validated,2026-09-20T13:52:25Z,2026-09-20T17:00:00Z,Sun 1:00 PM ET,New York Jets,Green Bay Packers,5a4f3bf,2026_02_GB_NYJ,63.0,graded,loss,-1.0,0.9009009009009009
4aeee070bb6ec60bdfae4dede61b9014,Green Bay Packers @ New York Jets,Breece Hall,draftkings,DraftKings,rush_attempts,Rushing attempts,over,15.5,-128,12.5955843713,0.4915254237,0.0,0.5614035088,0.5289256198,0.5297689324,15.5,2,-698.7808504312,-12.4470338983,Calibration fitted; not prospectively validated,2026-09-20T13:53:13Z,2026-09-20T17:00:00Z,Sun 1:00 PM ET,New York Jets,Green Bay Packers,5a4f3bf,2026_02_GB_NYJ,16.0,graded,win,0.78125,0.78125
4aeee070bb6ec60bdfae4dede61b9014,Green Bay Packers @ New York Jets,Breece Hall,betonlineag,BetOnline.ag,rush_attempts,Rushing attempts,under,15.5,100,12.5955843713,0.506993007,0.0,0.5,0.4693877551,0.4702310676,15.5,2,69.9300699301,1.3986013986,Calibration fitted; not prospectively validated,2026-09-20T13:52:30Z,2026-09-20T17:00:00Z,Sun 1:00 PM ET,New York Jets,Green Bay Packers,5a4f3bf,2026_02_GB_NYJ,16.0,graded,loss,-1.0,1.0
4aeee070bb6ec60bdfae4dede61b9014,Green Bay Packers @ New York Jets,Breece Hall,draftkings,DraftKings,rush_yds,Rushing yards,over,65.5,-113,56.0329285413,0.5,0.0,0.5305164319,0.5021058838,0.5,65.5,5,-305.1643192488,-5.7522123894,Calibration fitted; not prospectively validated,2026-09-20T13:53:13Z,2026-09-20T17:00:00Z,Sun 1:00 PM ET,New York Jets,Green Bay Packers,5a4f3bf,2026_02_GB_NYJ,29.0,graded,loss,-1.0,0.8849557522123894
4aeee070bb6ec60bdfae4dede61b9014,Green Bay Packers @ New York Jets,Breece Hall,draftkings,DraftKings,rush_yds,Rushing yards,under,65.5,-111,56.0329285413,0.5,0.0,0.5260663507,0.4978941162,0.5,65.5,5,-260.663507109,-4.954954955,Calibration fitted; not prospectively validated,2026-09-20T13:53:13Z,2026-09-20T17:00:00Z,Sun 1:00 PM ET,New York Jets,Green Bay Packers,5a4f3bf,2026_02_GB_NYJ,29.0,graded,win,0.9009009009009009,0.9009009009009009
4aeee070bb6ec60bdfae4dede61b9014,Green Bay Packers @ New York Jets,Chris Brooks,betmgm,BetMGM,receptions,Receptions,over,1.5,120,0.6485421938,0.4210526316,0.0,0.4545454545,0.4248366013,0.4329742261,1.5,5,-334.9282296651,-7.3684210526,Calibration fitted; not prospectively validated,2026-09-20T13:52:25Z,2026-09-20T17:00:00Z,Sun 1:00 PM ET,New York Jets,Green Bay Packers,5a4f3bf,2026_02_GB_NYJ,1.0,graded,loss,-1.0,1.2
4aeee070bb6ec60bdfae4dede61b9014,Green Bay Packers @ New York Jets,Chris Brooks,draftkings,DraftKings,receptions,Receptions,under,1.5,-147,0.6485421938,0.5789473684,0.0,0.5951417004,0.5613178226,0.5670257739,1.5,5,-161.9433198381,-2.7210884354,Calibration fitted; not prospectively validated,2026-09-20T13:53:13Z,2026-09-20T17:00:00Z,Sun 1:00 PM ET,New York Jets,Green Bay Packers,5a4f3bf,2026_02_GB_NYJ,1.0,graded,win,0.6802721088435374,0.6802721088435374
4aeee070bb6ec60bdfae4dede61b9014,Green Bay Packers @ New York Jets,Chris Brooks,draftkings,DraftKings,recv_yds,Receiving yards,over,9.5,-113,4.4351209488,0.4836956522,0.0,0.5305164319,0.5021058838,0.5036328148,9.5,4,-468.2077975097,-8.8255098115,Calibration fitted; not prospectively validated,2026-09-20T13:53:13Z,2026-09-20T17:00:00Z,Sun 1:00 PM ET,New York Jets,Green Bay Packers,5a4f3bf,2026_02_GB_NYJ,15.0,graded,win,0.8849557522123894,0.8849557522123894
4aeee070bb6ec60bdfae4dede61b9014,Green Bay Packers @ New York Jets,Chris Brooks,bovada,Bovada,recv_yds,Receiving yards,under,9.5,-105,4.4351209488,0.5163043478,0.0,0.512195122,0.4796954315,0.4963671852,9.5,4,41.0922587487,0.8022774327,Calibration fitted; not prospectively validated,2026-09-20T13:51:28Z,2026-09-20T17:00:00Z,Sun 1:00 PM ET,New York Jets,Green Bay Packers,5a4f3bf,2026_02_GB_NYJ,15.0,graded,loss,-1.0,0.9523809523809523
4aeee070bb6ec60bdfae4dede61b9014,Green Bay Packers @ New York Jets,Chris Brooks,fanduel,FanDuel,rush_yds,Rushing yards,over,24.5,-113,21.5078639353,0.5,0.0,0.5305164319,0.5,0.5042144302,24.5,4,-305.1643192488,-5.7522123894,Calibration fitted; not prospectively validated,2026-09-20T13:53:04Z,2026-09-20T17:00:00Z,Sun 1:00 PM ET,New York Jets,Green Bay Packers,5a4f3bf,2026_02_GB_NYJ,11.0,graded,loss,-1.0,0.8849557522123894
4aeee070bb6ec60bdfae4dede61b9014,Green Bay Packers @ New York Jets,Chris Brooks,draftkings,DraftKings,rush_yds,Rushing yards,under,24.5,-108,21.5078639353,0.5,0.0,0.5192307692,0.4915711396,0.4957855698,24.5,4,-192.3076923077,-3.7037037037,Calibration fitted; not prospectively validated,2026-09-20T13:53:13Z,2026-09-20T17:00:00Z,Sun 1:00 PM ET,New York Jets,Green Bay Packers,5a4f3bf,2026_02_GB_NYJ,11.0,graded,win,0.9259259259259259,0.9259259259259259
4aeee070bb6ec60bdfae4dede61b9014,Green Bay Packers @ New York Jets,Christian Watson,draftkings,DraftKings,receptions,Receptions,over,3.5,-158,3.4643895278,0.5,0.0,0.6124031008,0.5783762583,0.5767698285,4.0,2,-1124.0310077519,-18.3544303797,Calibration fitted; not prospectively validated,2026-09-20T13:53:13Z,2026-09-20T17:00:00Z,Sun 1:00 PM ET,New York Jets,Green Bay Packers,5a4f3bf,2026_02_GB_NYJ,4.0,graded,win,0.6329113924050633,0.6329113924050633
4aeee070bb6ec60bdfae4dede61b9014,Green Bay Packers @ New York Jets,Christian Watson,draftkings,DraftKings,receptions,Receptions,under,3.5,124,3.4643895278,0.5,0.0,0.4464285714,0.4216237417,0.4232301715,4.0,2,535.7142857143,12.0,Calibration fitted; not prospectively validated,2026-09-20T13:53:13Z,2026-09-20T17:00:00Z,Sun 1:00 PM ET,New York Jets,Green Bay Packers,5a4f3bf,2026_02_GB_NYJ,4.0,graded,loss,-1.0,1.24
4aeee070bb6ec60bdfae4dede61b9014,Green Bay Packers @ New York Jets,Christian Watson,draftkings,DraftKings,recv_yds,Receiving yards,over,60.5,-114,56.7383549389,0.5,0.0,0.5327102804,0.5042122999,0.5042122999,60.5,3,-327.1028037383,-6.1403508772,Calibration fitted; not prospectively validated,2026-09-20T13:53:13Z,2026-09-20T17:00:00Z,Sun 1:00 PM ET,New York Jets,Green Bay Packers,5a4f3bf,2026_02_GB_NYJ,41.0,graded,loss,-1.0,0.8771929824561403
4aeee070bb6ec60bdfae4dede61b9014,Green Bay Packers @ New York Jets,Christian Watson,draftkings,DraftKings,recv_yds,Receiving yards,under,60.5,-110,56.7383549389,0.5,0.0,0.5238095238,0.4957877001,0.4957877001,60.5,3,-238.0952380952,-4.5454545455,Calibration fitted; not prospectively validated,2026-09-20T13:53:13Z,2026-09-20T17:00:00Z,Sun 1:00 PM ET,New York Jets,Green Bay Packers,5a4f3bf,2026_02_GB_NYJ,41.0,graded,win,0.9090909090909091,0.9090909090909091
4aeee070bb6ec60bdfae4dede61b9014,Green Bay Packers @ New York Jets,Garrett Wilson,betonlineag,BetOnline.ag,receptions,Receptions,over,5.5,-114,5.6775749387,0.5408805031,0.0,0.5327102804,0.5,0.5310164042,5.5,5,81.7022277082,1.533708485,Calibration fitted; not prospectively validated,2026-09-20T13:52:30Z,2026-09-20T17:00:00Z,Sun 1:00 PM ET,New York Jets,Green Bay Packers,5a4f3bf,2026_02_GB_NYJ,5.0,graded,loss,-1.0,0.8771929824561403
4aeee070bb6ec60bdfae4dede61b9014,Green Bay Packers @ New York Jets,Garrett Wilson,draftkings,DraftKings,receptions,Receptions,under,5.5,101,5.6775749387,0.4591194969,0.0,0.4975124378,0.4689835958,0.4689835958,5.5,5,-383.929409556,-7.7169811321,Calibration fitted; not prospectively validated,2026-09-20T13:53:13Z,2026-09-20T17:00:00Z,Sun 1:00 PM ET,New York Jets,Green Bay Packers,5a4f3bf,2026_02_GB_NYJ,5.0,graded,win,1.01,1.01
4aeee070bb6ec60bdfae4dede61b9014,Green Bay Packers @ New York Jets,Garrett Wilson,betrivers,BetRivers,recv_yds,Receiving yards,over,66.5,-113,72.3052357845,0.5,0.0,0.5305164319,0.4949766919,0.5042122999,66.5,3,-305.1643192488,-5.7522123894,Calibration fitted; not prospectively validated,2026-09-20T13:53:00Z,2026-09-20T17:00:00Z,Sun 1:00 PM ET,New York Jets,Green Bay Packers,5a4f3bf,2026_02_GB_NYJ,57.0,graded,loss,-1.0,0.8849557522123894
4aeee070bb6ec60bdfae4dede61b9014,Green Bay Packers @ New York Jets,Garrett Wilson,bovada,Bovada,recv_yds,Receiving yards,under,66.5,-110,72.3052357845,0.5,0.0,0.5238095238,0.4898785425,0.4957877001,66.5,3,-238.0952380952,-4.5454545455,Calibration fitted; not prospectively validated,2026-09-20T13:51:28Z,2026-09-20T17:00:00Z,Sun 1:00 PM ET,New York Jets,Green Bay Packers,5a4f3bf,2026_02_GB_NYJ,57.0,graded,win,0.9090909090909091,0.9090909090909091
4aeee070bb6ec60bdfae4dede61b9014,Green Bay Packers @ New York Jets,Geno Smith,betonlineag,BetOnline.ag,interceptions,Interceptions thrown,over,0.5,106,,,,0.4854368932,0.4564539116,0.4693877551,0.5,5,,,Insufficient player data,2026-09-20T13:52:30Z,2026-09-20T17:00:00Z,Sun 1:00 PM ET,New York Jets,Green Bay Packers,5a4f3bf,2026_02_GB_NYJ,0.0,graded,loss,-1.0,1.06
4aeee070bb6ec60bdfae4dede61b9014,Green Bay Packers @ New York Jets,Geno Smith,betrivers,BetRivers,interceptions,Interceptions thrown,under,0.5,-125,,,,0.5555555556,0.5191532258,0.5306122449,0.5,5,,,Insufficient player data,2026-09-20T13:53:00Z,2026-09-20T17:00:00Z,Sun 1:00 PM ET,New York Jets,Green Bay Packers,5a4f3bf,2026_02_GB_NYJ,0.0,graded,win,0.8,0.8
4aeee070bb6ec60bdfae4dede61b9014,Green Bay Packers @ New York Jets,Geno Smith,bovada,Bovada,pass_attempts,Passing attempts,over,30.5,-105,26.5761881884,0.3636363636,0.0,0.512195122,0.4796954315,0.4824089404,30.5,3,-1485.5875831486,-29.0043290043,Calibration fitted; not prospectively validated,2026-09-20T13:51:28Z,2026-09-20T17:00:00Z,Sun 1:00 PM ET,New York Jets,Green Bay Packers,5a4f3bf,2026_02_GB_NYJ,41.0,graded,win,0.9523809523809523,0.9523809523809523
4aeee070bb6ec60bdfae4dede61b9014,Green Bay Packers @ New York Jets,Geno Smith,betmgm,BetMGM,pass_attempts,Passing attempts,under,30.5,-105,26.5761881884,0.6363636364,0.0,0.512195122,0.4796954315,0.5175910596,30.5,3,1241.6851441242,24.2424242424,Calibration fitted; not prospectively validated,2026-09-20T13:52:25Z,2026-09-20T17:00:00Z,Sun 1:00 PM ET,New York Jets,Green Bay Packers,5a4f3bf,2026_02_GB_NYJ,41.0,graded,loss,-1.0,0.9523809523809523
4aeee070bb6ec60bdfae4dede61b9014,Green Bay Packers @ New York Jets,Geno Smith,draftkings,DraftKings,pass_completions,Passing completions,over,20.5,-103,19.9321411413,0.5,0.0,0.5073891626,0.4782356355,0.4796954315,20.5,3,-73.8916256158,-1.4563106796,Calibration fitted; not prospectively validated,2026-09-20T13:53:13Z,2026-09-20T17:00:00Z,Sun 1:00 PM ET,New York Jets,Green Bay Packers,5a4f3bf,2026_02_GB_NYJ,27.0,graded,win,0.970873786407767,0.970873786407767
4aeee070bb6ec60bdfae4dede61b9014,Green Bay Packers @ New York Jets,Geno Smith,betmgm,BetMGM,pass_completions,Passing completions,under,20.5,-111,19.9321411413,0.5,0.0,0.5260663507,0.4909529554,0.5203045685,20.5,3,-260.663507109,-4.954954955,Calibration fitted; not prospectively validated,2026-09-20T13:52:25Z,2026-09-20T17:00:00Z,Sun 1:00 PM ET,New York Jets,Green Bay Packers,5a4f3bf,2026_02_GB_NYJ,27.0,graded,loss,-1.0,0.9009009009009009
4aeee070bb6ec60bdfae4dede61b9014,Green Bay Packers @ New York Jets,Geno Smith,betrivers,BetRivers,pass_tds,Passing touchdowns,over,1.5,185,0.0106,0.25,0.0,0.350877193,0.3294117647,0.3466673033,1.5,6,-1008.7719298246,-28.75,Calibration fitted; not prospectively validated,2026-09-20T13:53:00Z,2026-09-20T17:00:00Z,Sun 1:00 PM ET,New York Jets,Green Bay Packers,5a4f3bf,2026_02_GB_NYJ,1.0,graded,loss,-1.0,1.85
4aeee070bb6ec60bdfae4dede61b9014,Green Bay Packers @ New York Jets,Geno Smith,betonlineag,BetOnline.ag,pass_tds,Passing touchdowns,under,1.5,-217,0.0106,0.75,0.0,0.6845425868,0.643772194,0.6533326967,1.5,6,654.5741324921,9.5622119816,Calibration fitted; not prospectively validated,2026-09-20T13:52:30Z,2026-09-20T17:00:00Z,Sun 1:00 PM ET,New York Jets,Green Bay Packers,5a4f3bf,2026_02_GB_NYJ,1.0,graded,win,0.4608294930875576,0.4608294930875576
4aeee070bb6ec60bdfae4dede61b9014,Green Bay Packers @ New York Jets,Geno Smith,draftkings,DraftKings,pass_yds,Passing yards,over,207.5,-113,228.5141023757,0.5,0.0,0.5305164319,0.5021058838,0.5010529419,207.5,4,-305.1643192488,-5.7522123894,Calibration fitted; not prospectively validated,2026-09-20T13:53:13Z,2026-09-20T17:00:00Z,Sun 1:00 PM ET,New York Jets,Green Bay Packers,5a4f3bf,2026_02_GB_NYJ,247.0,graded,win,0.8849557522123894,0.8849557522123894
4aeee070bb6ec60bdfae4dede61b9014,Green Bay Packers @ New York Jets,Geno Smith,betonlineag,BetOnline.ag,pass_yds,Passing yards,under,207.5,-111,228.5141023757,0.5,0.0,0.5260663507,0.4948402543,0.4989470581,207.5,4,-260.663507109,-4.954954955,Calibration fitted; not prospectively validated,2026-09-20T13:52:30Z,2026-09-20T17:00:00Z,Sun 1:00 PM ET,New York Jets,Green Bay Packers,5a4f3bf,2026_02_GB_NYJ,247.0,graded,loss,-1.0,0.9009009009009009
4aeee070bb6ec60bdfae4dede61b9014,Green Bay Packers @ New York Jets,Geno Smith,fanduel,FanDuel,rush_yds,Rushing yards,over,7.5,-106,16.4077971064,0.5647668394,0.0,0.5145631068,0.4854288093,0.5101214575,7.5,5,502.0373258212,9.7565744452,Calibration fitted; not prospectively validated,2026-09-20T13:53:04Z,2026-09-20T17:00:00Z,Sun 1:00 PM ET,New York Jets,Green Bay Packers,5a4f3bf,2026_02_GB_NYJ,17.0,graded,win,0.9433962264150944,0.9433962264150944
4aeee070bb6ec60bdfae4dede61b9014,Green Bay Packers @ New York Jets,Geno Smith,draftkings,DraftKings,rush_yds,Rushing yards,under,7.5,-107,16.4077971064,0.4352331606,0.0,0.5169082126,0.4894599266,0.4898785425,7.5,5,-816.7505193862,-15.800687618,Calibration fitted; not prospectively validated,2026-09-20T13:53:13Z,2026-09-20T17:00:00Z,Sun 1:00 PM ET,New York Jets,Green Bay Packers,5a4f3bf,2026_02_GB_NYJ,17.0,graded,loss,-1.0,0.9345794392523364
4aeee070bb6ec60bdfae4dede61b9014,Green Bay Packers @ New York Jets,Isaiah Williams,bovada,Bovada,receptions,Receptions,over,1.5,105,2.5346627042,0.5475728155,0.0,0.487804878,0.4592085979,0.4620082487,1.5,3,597.679374852,12.2524271845,Calibration fitted; not prospectively validated,2026-09-20T13:51:28Z,2026-09-20T17:00:00Z,Sun 1:00 PM ET,New York Jets,Green Bay Packers,5a4f3bf,2026_02_GB_NYJ,6.0,graded,win,1.05,1.05
4aeee070bb6ec60bdfae4dede61b9014,Green Bay Packers @ New York Jets,Isaiah Williams,fanduel,FanDuel,receptions,Receptions,under,1.5,-130,2.5346627042,0.4524271845,0.0,0.5652173913,0.528157683,0.5379917513,1.5,3,-1127.9020683833,-19.9551904406,Calibration fitted; not prospectively validated,2026-09-20T13:53:04Z,2026-09-20T17:00:00Z,Sun 1:00 PM ET,New York Jets,Green Bay Packers,5a4f3bf,2026_02_GB_NYJ,6.0,graded,loss,-1.0,0.7692307692307693
4aeee070bb6ec60bdfae4dede61b9014,Green Bay Packers @ New York Jets,Isaiah Williams,draftkings,DraftKings,recv_yds,Receiving yards,over,11.5,-110,27.7552388284,0.5014367816,0.0,0.5238095238,0.4957877001,0.49789385,11.5,2,-223.7274220033,-4.2711598746,Calibration fitted; not prospectively validated,2026-09-20T13:53:13Z,2026-09-20T17:00:00Z,Sun 1:00 PM ET,New York Jets,Green Bay Packers,5a4f3bf,2026_02_GB_NYJ,34.0,graded,win,0.9090909090909091,0.9090909090909091
4aeee070bb6ec60bdfae4dede61b9014,Green Bay Packers @ New York Jets,Isaiah Williams,fanduel,FanDuel,recv_yds,Receiving yards,under,11.5,-113,27.7552388284,0.4985632184,0.0,0.5305164319,0.5,0.50210615,11.5,2,-319.5321353408,-6.0230393653,Calibration fitted; not prospectively validated,2026-09-20T13:53:04Z,2026-09-20T17:00:00Z,Sun 1:00 PM ET,New York Jets,Green Bay Packers,5a4f3bf,2026_02_GB_NYJ,34.0,graded,loss,-1.0,0.8849557522123894
4aeee070bb6ec60bdfae4dede61b9014,Green Bay Packers @ New York Jets,Jayden Reed,draftkings,DraftKings,receptions,Receptions,over,3.5,106,2.230642552,0.4210526316,0.0,0.4854368932,0.4580003898,0.4693877551,3.5,5,-643.8426162494,-13.2631578947,Calibration fitted; not prospectively validated,2026-09-20T13:53:13Z,2026-09-20T17:00:00Z,Sun 1:00 PM ET,New York Jets,Green Bay Packers,5a4f3bf,2026_02_GB_NYJ,1.0,graded,loss,-1.0,1.06
4aeee070bb6ec60bdfae4dede61b9014,Green Bay Packers @ New York Jets,Jayden Reed,betmgm,BetMGM,receptions,Receptions,under,3.5,-115,2.230642552,0.5789473684,0.0,0.5348837209,0.5,0.5306122449,3.5,5,440.6364749082,8.23798627,Calibration fitted; not prospectively validated,2026-09-20T13:52:25Z,2026-09-20T17:00:00Z,Sun 1:00 PM ET,New York Jets,Green Bay Packers,5a4f3bf,2026_02_GB_NYJ,1.0,graded,win,0.8695652173913043,0.8695652173913043
4aeee070bb6ec60bdfae4dede61b9014,Green Bay Packers @ New York Jets,Jayden Reed,fanduel,FanDuel,recv_yds,Receiving yards,over,37.5,-113,25.3843586818,0.4985632184,0.0,0.5305164319,0.5,0.50210615,37.5,4,-319.5321353408,-6.0230393653,Calibration fitted; not prospectively validated,2026-09-20T13:53:04Z,2026-09-20T17:00:00Z,Sun 1:00 PM ET,New York Jets,Green Bay Packers,5a4f3bf,2026_02_GB_NYJ,4.0,graded,loss,-1.0,0.8849557522123894
4aeee070bb6ec60bdfae4dede61b9014,Green Bay Packers @ New York Jets,Jayden Reed,betonlineag,BetOnline.ag,recv_yds,Receiving yards,under,37.5,-109,25.3843586818,0.5014367816,0.0,0.5215311005,0.4897419064,0.49789385,37.5,4,-200.9431886927,-3.8529473795,Calibration fitted; not prospectively validated,2026-09-20T13:52:30Z,2026-09-20T17:00:00Z,Sun 1:00 PM ET,New York Jets,Green Bay Packers,5a4f3bf,2026_02_GB_NYJ,4.0,graded,win,0.9174311926605505,0.9174311926605505
4aeee070bb6ec60bdfae4dede61b9014,Green Bay Packers @ New York Jets,Jonnu Smith,draftkings,DraftKings,receptions,Receptions,over,1.5,120,2.179937218,0.5475728155,0.0,0.4545454545,0.4291044776,0.4537429043,1.5,5,930.2736098853,20.4660194175,Calibration fitted; not prospectively validated,2026-09-20T13:53:13Z,2026-09-20T17:00:00Z,Sun 1:00 PM ET,New York Jets,Green Bay Packers,5a4f3bf,2026_02_GB_NYJ,,no matching game/player result,,,1.2
4aeee070bb6ec60bdfae4dede61b9014,Green Bay Packers @ New York Jets,Jonnu Smith,betmgm,BetMGM,receptions,Receptions,under,1.5,-120,2.179937218,0.4524271845,0.0,0.5454545455,0.5101214575,0.5462570957,1.5,5,-930.2736098853,-17.0550161812,Calibration fitted; not prospectively validated,2026-09-20T13:52:25Z,2026-09-20T17:00:00Z,Sun 1:00 PM ET,New York Jets,Green Bay Packers,5a4f3bf,2026_02_GB_NYJ,,no matching game/player result,,,0.8333333333333334
4aeee070bb6ec60bdfae4dede61b9014,Green Bay Packers @ New York Jets,Jonnu Smith,betrivers,BetRivers,recv_yds,Receiving yards,over,12.5,-113,26.2734619712,0.5014367816,0.0,0.5305164319,0.4949766919,0.4974883459,12.5,2,-290.7965031569,-5.4813854135,Calibration fitted; not prospectively validated,2026-09-20T13:53:00Z,2026-09-20T17:00:00Z,Sun 1:00 PM ET,New York Jets,Green Bay Packers,5a4f3bf,2026_02_GB_NYJ,,no matching game/player result,,,0.8849557522123894
4aeee070bb6ec60bdfae4dede61b9014,Green Bay Packers @ New York Jets,Jonnu Smith,betmgm,BetMGM,recv_yds,Receiving yards,under,12.5,-115,26.2734619712,0.4985632184,0.0,0.5348837209,0.5,0.5025116541,12.5,2,-363.2050253943,-6.7903548226,Calibration fitted; not prospectively validated,2026-09-20T13:52:25Z,2026-09-20T17:00:00Z,Sun 1:00 PM ET,New York Jets,Green Bay Packers,5a4f3bf,2026_02_GB_NYJ,,no matching game/player result,,,0.8695652173913043
4aeee070bb6ec60bdfae4dede61b9014,Green Bay Packers @ New York Jets,Jordan Love,betmgm,BetMGM,interceptions,Interceptions thrown,over,0.5,110,,,,0.4761904762,0.4424778761,0.4689835958,0.5,5,,,Insufficient player data,2026-09-20T13:52:25Z,2026-09-20T17:00:00Z,Sun 1:00 PM ET,New York Jets,Green Bay Packers,5a4f3bf,2026_02_GB_NYJ,0.0,graded,loss,-1.0,1.1
4aeee070bb6ec60bdfae4dede61b9014,Green Bay Packers @ New York Jets,Jordan Love,betrivers,BetRivers,interceptions,Interceptions thrown,under,0.5,-122,,,,0.5495495495,0.5141838223,0.5310164042,0.5,5,,,Insufficient player data,2026-09-20T13:53:00Z,2026-09-20T17:00:00Z,Sun 1:00 PM ET,New York Jets,Green Bay Packers,5a4f3bf,2026_02_GB_NYJ,0.0,graded,win,0.819672131147541,0.819672131147541
4aeee070bb6ec60bdfae4dede61b9014,Green Bay Packers @ New York Jets,Jordan Love,bovada,Bovada,pass_attempts,Passing attempts,over,33.5,100,28.3028210896,0.3636363636,0.0,0.5,0.4693877551,0.4740405383,33.5,3,-1363.6363636364,-27.2727272727,Calibration fitted; not prospectively validated,2026-09-20T13:51:28Z,2026-09-20T17:00:00Z,Sun 1:00 PM ET,New York Jets,Green Bay Packers,5a4f3bf,2026_02_GB_NYJ,29.0,graded,loss,-1.0,1.0
4aeee070bb6ec60bdfae4dede61b9014,Green Bay Packers @ New York Jets,Jordan Love,betonlineag,BetOnline.ag,pass_attempts,Passing attempts,under,33.5,-123,28.3028210896,0.6363636364,0.0,0.5515695067,0.5185070944,0.5259594617,33.5,3,847.9412963718,15.3732446415,Calibration fitted; not prospectively validated,2026-09-20T13:52:30Z,2026-09-20T17:00:00Z,Sun 1:00 PM ET,New York Jets,Green Bay Packers,5a4f3bf,2026_02_GB_NYJ,29.0,graded,win,0.8130081300813008,0.8130081300813008
4aeee070bb6ec60bdfae4dede61b9014,Green Bay Packers @ New York Jets,Jordan Love,draftkings,DraftKings,pass_completions,Passing completions,over,20.5,-128,14.1514105448,0.4571428571,0.0,0.5614035088,0.5289256198,0.5306122449,20.5,3,-1042.6065162907,-18.5714285714,Calibration fitted; not prospectively validated,2026-09-20T13:53:13Z,2026-09-20T17:00:00Z,Sun 1:00 PM ET,New York Jets,Green Bay Packers,5a4f3bf,2026_02_GB_NYJ,16.0,graded,loss,-1.0,0.78125
4aeee070bb6ec60bdfae4dede61b9014,Green Bay Packers @ New York Jets,Jordan Love,betonlineag,BetOnline.ag,pass_completions,Passing completions,under,20.5,100,14.1514105448,0.5428571429,0.0,0.5,0.4693877551,0.4693877551,20.5,3,428.5714285714,8.5714285714,Calibration fitted; not prospectively validated,2026-09-20T13:52:30Z,2026-09-20T17:00:00Z,Sun 1:00 PM ET,New York Jets,Green Bay Packers,5a4f3bf,2026_02_GB_NYJ,16.0,graded,win,1.0,1.0
4aeee070bb6ec60bdfae4dede61b9014,Green Bay Packers @ New York Jets,Jordan Love,fanduel,FanDuel,pass_tds,Passing touchdowns,over,1.5,-115,1.88,0.5,0.0,0.5348837209,0.5020496003,0.5347344778,1.5,7,-348.8372093023,-6.5217391304,Calibration fitted; not prospectively validated,2026-09-20T13:53:04Z,2026-09-20T17:00:00Z,Sun 1:00 PM ET,New York Jets,Green Bay Packers,5a4f3bf,2026_02_GB_NYJ,2.0,graded,win,0.8695652173913043,0.8695652173913043
4aeee070bb6ec60bdfae4dede61b9014,Green Bay Packers @ New York Jets,Jordan Love,betmgm,BetMGM,pass_tds,Passing touchdowns,under,1.5,110,1.88,0.5,0.0,0.4761904762,0.4424778761,0.4652655222,1.5,7,238.0952380952,5.0,Calibration fitted; not prospectively validated,2026-09-20T13:52:25Z,2026-09-20T17:00:00Z,Sun 1:00 PM ET,New York Jets,Green Bay Packers,5a4f3bf,2026_02_GB_NYJ,2.0,graded,loss,-1.0,1.1
4aeee070bb6ec60bdfae4dede61b9014,Green Bay Packers @ New York Jets,Jordan Love,draftkings,DraftKings,pass_yds,Passing yards,over,251.5,-111,159.6279109453,0.5,0.0,0.5260663507,0.4978941162,0.4989470581,251.5,2,-260.663507109,-4.954954955,Calibration fitted; not prospectively validated,2026-09-20T13:53:13Z,2026-09-20T17:00:00Z,Sun 1:00 PM ET,New York Jets,Green Bay Packers,5a4f3bf,2026_02_GB_NYJ,145.0,graded,loss,-1.0,0.9009009009009009
4aeee070bb6ec60bdfae4dede61b9014,Green Bay Packers @ New York Jets,Jordan Love,draftkings,DraftKings,pass_yds,Passing yards,under,251.5,-113,159.6279109453,0.5,0.0,0.5305164319,0.5021058838,0.5010529419,251.5,2,-305.1643192488,-5.7522123894,Calibration fitted; not prospectively validated,2026-09-20T13:53:13Z,2026-09-20T17:00:00Z,Sun 1:00 PM ET,New York Jets,Green Bay Packers,5a4f3bf,2026_02_GB_NYJ,145.0,graded,win,0.8849557522123894,0.8849557522123894
4aeee070bb6ec60bdfae4dede61b9014,Green Bay Packers @ New York Jets,Jordan Love,fanduel,FanDuel,rush_yds,Rushing yards,over,7.5,-113,10.755721726,0.5,0.0,0.5305164319,0.5,0.5101897756,7.5,6,-305.1643192488,-5.7522123894,Calibration fitted; not prospectively validated,2026-09-20T13:53:04Z,2026-09-20T17:00:00Z,Sun 1:00 PM ET,New York Jets,Green Bay Packers,5a4f3bf,2026_02_GB_NYJ,0.0,graded,loss,-1.0,0.8849557522123894
4aeee070bb6ec60bdfae4dede61b9014,Green Bay Packers @ New York Jets,Jordan Love,draftkings,DraftKings,rush_yds,Rushing yards,under,7.5,-107,10.755721726,0.5,0.0,0.5169082126,0.4894599266,0.4898102244,7.5,6,-169.0821256039,-3.2710280374,Calibration fitted; not prospectively validated,2026-09-20T13:53:13Z,2026-09-20T17:00:00Z,Sun 1:00 PM ET,New York Jets,Green Bay Packers,5a4f3bf,2026_02_GB_NYJ,0.0,graded,win,0.9345794392523364,0.9345794392523364
4aeee070bb6ec60bdfae4dede61b9014,Green Bay Packers @ New York Jets,Kenyon Sadiq,betmgm,BetMGM,receptions,Receptions,over,2.5,100,3.5374281186,0.5475728155,0.0,0.5,0.4653465347,0.4723111002,2.5,5,475.7281553398,9.5145631068,Calibration fitted; not prospectively validated,2026-09-20T13:52:25Z,2026-09-20T17:00:00Z,Sun 1:00 PM ET,New York Jets,Green Bay Packers,5a4f3bf,2026_02_GB_NYJ,2.0,graded,loss,-1.0,1.0
4aeee070bb6ec60bdfae4dede61b9014,Green Bay Packers @ New York Jets,Kenyon Sadiq,fanduel,FanDuel,receptions,Receptions,under,2.5,-122,3.5374281186,0.4524271845,0.0,0.5495495495,0.5141838223,0.5276888998,2.5,5,-971.2236508353,-17.6730861054,Calibration fitted; not prospectively validated,2026-09-20T13:53:04Z,2026-09-20T17:00:00Z,Sun 1:00 PM ET,New York Jets,Green Bay Packers,5a4f3bf,2026_02_GB_NYJ,2.0,graded,win,0.819672131147541,0.819672131147541
4aeee070bb6ec60bdfae4dede61b9014,Green Bay Packers @ New York Jets,Kenyon Sadiq,fanduel,FanDuel,recv_yds,Receiving yards,over,20.5,-113,41.9635053303,0.5014367816,0.0,0.5305164319,0.5,0.5025798729,20.5,4,-290.7965031569,-5.4813854135,Calibration fitted; not prospectively validated,2026-09-20T13:53:04Z,2026-09-20T17:00:00Z,Sun 1:00 PM ET,New York Jets,Green Bay Packers,5a4f3bf,2026_02_GB_NYJ,17.0,graded,loss,-1.0,0.8849557522123894
4aeee070bb6ec60bdfae4dede61b9014,Green Bay Packers @ New York Jets,Kenyon Sadiq,betmgm,BetMGM,recv_yds,Receiving yards,under,20.5,-111,41.9635053303,0.4985632184,0.0,0.5260663507,0.4909529554,0.4974201271,20.5,4,-275.031323201,-5.2280729005,Calibration fitted; not prospectively validated,2026-09-20T13:52:25Z,2026-09-20T17:00:00Z,Sun 1:00 PM ET,New York Jets,Green Bay Packers,5a4f3bf,2026_02_GB_NYJ,17.0,graded,win,0.9009009009009009,0.9009009009009009
4aeee070bb6ec60bdfae4dede61b9014,Green Bay Packers @ New York Jets,MarShawn Lloyd,bovada,Bovada,receptions,Receptions,over,1.5,150,0.8075082757,0.4524271845,0.0,0.4,0.375,0.4017531045,1.5,5,524.2718446602,13.1067961165,Calibration fitted; not prospectively validated,2026-09-20T13:51:28Z,2026-09-20T17:00:00Z,Sun 1:00 PM ET,New York Jets,Green Bay Packers,5a4f3bf,2026_02_GB_NYJ,2.0,graded,win,1.5,1.5
4aeee070bb6ec60bdfae4dede61b9014,Green Bay Packers @ New York Jets,MarShawn Lloyd,betmgm,BetMGM,receptions,Receptions,under,1.5,-165,0.8075082757,0.5475728155,0.0,0.6226415094,0.583497053,0.5982468955,1.5,5,-750.6869389998,-12.0564872021,Calibration fitted; not prospectively validated,2026-09-20T13:52:25Z,2026-09-20T17:00:00Z,Sun 1:00 PM ET,New York Jets,Green Bay Packers,5a4f3bf,2026_02_GB_NYJ,2.0,graded,loss,-1.0,0.6060606060606061
4aeee070bb6ec60bdfae4dede61b9014,Green Bay Packers @ New York Jets,MarShawn Lloyd,fanduel,FanDuel,recv_yds,Receiving yards,over,6.5,-113,5.6495244387,0.5,0.0,0.5305164319,0.5,0.5030135005,6.5,5,-305.1643192488,-5.7522123894,Calibration fitted; not prospectively validated,2026-09-20T13:53:04Z,2026-09-20T17:00:00Z,Sun 1:00 PM ET,New York Jets,Green Bay Packers,5a4f3bf,2026_02_GB_NYJ,6.0,graded,loss,-1.0,0.8849557522123894
4aeee070bb6ec60bdfae4dede61b9014,Green Bay Packers @ New York Jets,MarShawn Lloyd,betonlineag,BetOnline.ag,recv_yds,Receiving yards,under,6.5,-109,5.6495244387,0.5,0.0,0.5215311005,0.4897419064,0.4969864995,6.5,5,-215.3110047847,-4.128440367,Calibration fitted; not prospectively validated,2026-09-20T13:52:30Z,2026-09-20T17:00:00Z,Sun 1:00 PM ET,New York Jets,Green Bay Packers,5a4f3bf,2026_02_GB_NYJ,6.0,graded,win,0.9174311926605505,0.9174311926605505
4aeee070bb6ec60bdfae4dede61b9014,Green Bay Packers @ New York Jets,MarShawn Lloyd,betonlineag,BetOnline.ag,rush_attempts,Rushing attempts,over,13.5,-112,7.8547896436,0.4054054054,0.0,0.5283018868,0.4969046636,0.5216055927,13.5,4,-1228.9648138705,-23.2625482625,Calibration fitted; not prospectively validated,2026-09-20T13:52:30Z,2026-09-20T17:00:00Z,Sun 1:00 PM ET,New York Jets,Green Bay Packers,5a4f3bf,2026_02_GB_NYJ,6.0,graded,loss,-1.0,0.8928571428571429
4aeee070bb6ec60bdfae4dede61b9014,Green Bay Packers @ New York Jets,MarShawn Lloyd,draftkings,DraftKings,rush_attempts,Rushing attempts,under,13.5,102,7.8547896436,0.5945945946,0.0,0.495049505,0.466910272,0.4783944073,13.5,4,995.450896441,20.1081081081,Calibration fitted; not prospectively validated,2026-09-20T13:53:13Z,2026-09-20T17:00:00Z,Sun 1:00 PM ET,New York Jets,Green Bay Packers,5a4f3bf,2026_02_GB_NYJ,6.0,graded,win,1.02,1.02
4aeee070bb6ec60bdfae4dede61b9014,Green Bay Packers @ New York Jets,MarShawn Lloyd,draftkings,DraftKings,rush_yds,Rushing yards,over,49.5,-113,29.4541412049,0.4352331606,0.0,0.5305164319,0.5021058838,0.5010529419,49.5,4,-952.8327130312,-17.9604750332,Calibration fitted; not prospectively validated,2026-09-20T13:53:13Z,2026-09-20T17:00:00Z,Sun 1:00 PM ET,New York Jets,Green Bay Packers,5a4f3bf,2026_02_GB_NYJ,20.0,graded,loss,-1.0,0.8849557522123894
4aeee070bb6ec60bdfae4dede61b9014,Green Bay Packers @ New York Jets,MarShawn Lloyd,betonlineag,BetOnline.ag,rush_yds,Rushing yards,under,49.5,-111,29.4541412049,0.5647668394,0.0,0.5260663507,0.4948402543,0.4989470581,49.5,4,387.0048866734,7.3565793773,Calibration fitted; not prospectively validated,2026-09-20T13:52:30Z,2026-09-20T17:00:00Z,Sun 1:00 PM ET,New York Jets,Green Bay Packers,5a4f3bf,2026_02_GB_NYJ,20.0,graded,win,0.9009009009009009,0.9009009009009009
4aeee070bb6ec60bdfae4dede61b9014,Green Bay Packers @ New York Jets,Mason Taylor,betonlineag,BetOnline.ag,receptions,Receptions,over,2.5,103,2.1753711964,0.4579439252,0.0,0.4926108374,0.4632298853,0.4979225528,2.5,5,-346.6691220478,-7.0373831776,Calibration fitted; not prospectively validated,2026-09-20T13:52:30Z,2026-09-20T17:00:00Z,Sun 1:00 PM ET,New York Jets,Green Bay Packers,5a4f3bf,2026_02_GB_NYJ,,no matching game/player result,,,1.03
4aeee070bb6ec60bdfae4dede61b9014,Green Bay Packers @ New York Jets,Mason Taylor,fanduel,FanDuel,receptions,Receptions,under,2.5,-112,2.1753711964,0.5420560748,0.0,0.5283018868,0.4939310568,0.5020774472,2.5,5,137.541879739,2.6034712951,Calibration fitted; not prospectively validated,2026-09-20T13:53:04Z,2026-09-20T17:00:00Z,Sun 1:00 PM ET,New York Jets,Green Bay Packers,5a4f3bf,2026_02_GB_NYJ,,no matching game/player result,,,0.8928571428571429
4aeee070bb6ec60bdfae4dede61b9014,Green Bay Packers @ New York Jets,Mason Taylor,draftkings,DraftKings,recv_yds,Receiving yards,over,17.5,-111,17.0266799198,0.5,0.0,0.5260663507,0.4978941162,0.5,17.5,5,-260.663507109,-4.954954955,Calibration fitted; not prospectively validated,2026-09-20T13:53:13Z,2026-09-20T17:00:00Z,Sun 1:00 PM ET,New York Jets,Green Bay Packers,5a4f3bf,2026_02_GB_NYJ,,no matching game/player result,,,0.9009009009009009
4aeee070bb6ec60bdfae4dede61b9014,Green Bay Packers @ New York Jets,Mason Taylor,betonlineag,BetOnline.ag,recv_yds,Receiving yards,under,17.5,-112,17.0266799198,0.5,0.0,0.5283018868,0.4969046636,0.5,17.5,5,-283.0188679245,-5.3571428571,Calibration fitted; not prospectively validated,2026-09-20T13:52:30Z,2026-09-20T17:00:00Z,Sun 1:00 PM ET,New York Jets,Green Bay Packers,5a4f3bf,2026_02_GB_NYJ,,no matching game/player result,,,0.8928571428571429
4aeee070bb6ec60bdfae4dede61b9014,Green Bay Packers @ New York Jets,Matthew Golden,betrivers,BetRivers,receptions,Receptions,over,3.5,-143,2.4573231792,0.4524271845,0.0,0.5884773663,,0.5665108372,3.5,3,-1360.5018178912,-23.1190169054,Calibration fitted; not prospectively validated,2026-09-20T13:53:00Z,2026-09-20T17:00:00Z,Sun 1:00 PM ET,New York Jets,Green Bay Packers,5a4f3bf,2026_02_GB_NYJ,4.0,graded,win,0.6993006993006993,0.6993006993006993
4aeee070bb6ec60bdfae4dede61b9014,Green Bay Packers @ New York Jets,Matthew Golden,betonlineag,BetOnline.ag,receptions,Receptions,under,3.5,123,2.4573231792,0.5475728155,0.0,0.4484304933,0.4209473735,0.4334891628,3.5,3,991.4232226044,22.1087378641,Calibration fitted; not prospectively validated,2026-09-20T13:52:30Z,2026-09-20T17:00:00Z,Sun 1:00 PM ET,New York Jets,Green Bay Packers,5a4f3bf,2026_02_GB_NYJ,4.0,graded,loss,-1.0,1.23
4aeee070bb6ec60bdfae4dede61b9014,Green Bay Packers @ New York Jets,Matthew Golden,betmgm,BetMGM,recv_yds,Receiving yards,over,49.5,-111,31.9414469674,0.4985632184,0.0,0.5260663507,0.4928711097,0.5,49.5,3,-275.031323201,-5.2280729005,Calibration fitted; not prospectively validated,2026-09-20T13:52:25Z,2026-09-20T17:00:00Z,Sun 1:00 PM ET,New York Jets,Green Bay Packers,5a4f3bf,2026_02_GB_NYJ,58.0,graded,win,0.9009009009009009,0.9009009009009009
4aeee070bb6ec60bdfae4dede61b9014,Green Bay Packers @ New York Jets,Matthew Golden,betonlineag,BetOnline.ag,recv_yds,Receiving yards,under,49.5,-111,31.9414469674,0.5014367816,0.0,0.5260663507,0.4948402543,0.5,49.5,3,-246.2956910171,-4.6818370094,Calibration fitted; not prospectively validated,2026-09-20T13:52:30Z,2026-09-20T17:00:00Z,Sun 1:00 PM ET,New York Jets,Green Bay Packers,5a4f3bf,2026_02_GB_NYJ,58.0,graded,loss,-1.0,0.9009009009009009
4aeee070bb6ec60bdfae4dede61b9014,Green Bay Packers @ New York Jets,Tucker Kraft,betrivers,BetRivers,receptions,Receptions,over,3.5,-122,1.8301959336,0.4210526316,0.0,0.5495495495,,0.5322580645,3.5,5,-1284.969179706,-23.3822260569,Calibration fitted; not prospectively validated,2026-09-20T13:53:00Z,2026-09-20T17:00:00Z,Sun 1:00 PM ET,New York Jets,Green Bay Packers,5a4f3bf,2026_02_GB_NYJ,2.0,graded,loss,-1.0,0.819672131147541
4aeee070bb6ec60bdfae4dede61b9014,Green Bay Packers @ New York Jets,Tucker Kraft,betmgm,BetMGM,receptions,Receptions,under,3.5,115,1.8301959336,0.5789473684,0.0,0.4651162791,0.4334891628,0.4677419355,3.5,5,1138.3108935129,24.4736842105,Calibration fitted; not prospectively validated,2026-09-20T13:52:25Z,2026-09-20T17:00:00Z,Sun 1:00 PM ET,New York Jets,Green Bay Packers,5a4f3bf,2026_02_GB_NYJ,2.0,graded,win,1.15,1.15
4aeee070bb6ec60bdfae4dede61b9014,Green Bay Packers @ New York Jets,Tucker Kraft,betrivers,BetRivers,recv_yds,Receiving yards,over,44.5,-113,24.130778354,0.4836956522,0.0,0.5305164319,0.4949766919,0.4974883459,44.5,2,-468.2077975097,-8.8255098115,Calibration fitted; not prospectively validated,2026-09-20T13:53:00Z,2026-09-20T17:00:00Z,Sun 1:00 PM ET,New York Jets,Green Bay Packers,5a4f3bf,2026_02_GB_NYJ,15.0,graded,loss,-1.0,0.8849557522123894
4aeee070bb6ec60bdfae4dede61b9014,Green Bay Packers @ New York Jets,Tucker Kraft,betmgm,BetMGM,recv_yds,Receiving yards,under,44.5,-115,24.130778354,0.5163043478,0.0,0.5348837209,0.5,0.5025116541,44.5,2,-185.7937310415,-3.4735349716,Calibration fitted; not prospectively validated,2026-09-20T13:52:25Z,2026-09-20T17:00:00Z,Sun 1:00 PM ET,New York Jets,Green Bay Packers,5a4f3bf,2026_02_GB_NYJ,15.0,graded,win,0.8695652173913043,0.8695652173913043
4dd8020192a544385db42374e5555303,Seattle Seahawks @ Arizona Cardinals,AJ Barner,betrivers,BetRivers,receptions,Receptions,over,2.5,-110,2.6956874283,0.5408805031,0.0,0.5238095238,,0.5101214575,2.5,5,170.7097933513,3.2590051458,Calibration fitted; not prospectively validated,2026-09-20T13:52:41Z,2026-09-20T20:25:00Z,Sun 4:25 PM ET,Arizona Cardinals,Seattle Seahawks,5a4f3bf,2026_02_SEA_ARI,1.0,graded,loss,-1.0,0.9090909090909091
4dd8020192a544385db42374e5555303,Seattle Seahawks @ Arizona Cardinals,AJ Barner,betmgm,BetMGM,receptions,Receptions,under,2.5,-105,2.6956874283,0.4591194969,0.0,0.512195122,0.4796954315,0.4898785425,2.5,5,-530.7562509587,-10.3623839473,Calibration fitted; not prospectively validated,2026-09-20T13:52:46Z,2026-09-20T20:25:00Z,Sun 4:25 PM ET,Arizona Cardinals,Seattle Seahawks,5a4f3bf,2026_02_SEA_ARI,1.0,graded,win,0.9523809523809523,0.9523809523809523
4dd8020192a544385db42374e5555303,Seattle Seahawks @ Arizona Cardinals,AJ Barner,fanduel,FanDuel,recv_yds,Receiving yards,over,22.5,-113,24.4785365354,0.5,0.0,0.5305164319,0.5,0.50210615,22.5,4,-305.1643192488,-5.7522123894,Calibration fitted; not prospectively validated,2026-09-20T13:53:08Z,2026-09-20T20:25:00Z,Sun 4:25 PM ET,Arizona Cardinals,Seattle Seahawks,5a4f3bf,2026_02_SEA_ARI,8.0,graded,loss,-1.0,0.8849557522123894
4dd8020192a544385db42374e5555303,Seattle Seahawks @ Arizona Cardinals,AJ Barner,draftkings,DraftKings,recv_yds,Receiving yards,under,22.5,-110,24.4785365354,0.5,0.0,0.5238095238,0.4957877001,0.49789385,22.5,4,-238.0952380952,-4.5454545455,Calibration fitted; not prospectively validated,2026-09-20T13:50:10Z,2026-09-20T20:25:00Z,Sun 4:25 PM ET,Arizona Cardinals,Seattle Seahawks,5a4f3bf,2026_02_SEA_ARI,8.0,graded,win,0.9090909090909091,0.9090909090909091
4dd8020192a544385db42374e5555303,Seattle Seahawks @ Arizona Cardinals,Cooper Kupp,draftkings,DraftKings,receptions,Receptions,over,2.5,134,3.6609539143,0.5475728155,0.0,0.4273504274,0.4037905653,0.4121896999,2.5,5,1202.2238818355,28.132038835,Calibration fitted; not prospectively validated,2026-09-20T13:50:10Z,2026-09-20T20:25:00Z,Sun 4:25 PM ET,Arizona Cardinals,Seattle Seahawks,5a4f3bf,2026_02_SEA_ARI,2.0,graded,loss,-1.0,1.34
4dd8020192a544385db42374e5555303,Seattle Seahawks @ Arizona Cardinals,Cooper Kupp,betmgm,BetMGM,receptions,Receptions,under,2.5,-140,3.6609539143,0.4524271845,0.0,0.5833333333,0.5445920304,0.5878103001,2.5,5,-1309.0614886731,-22.4410540915,Calibration fitted; not prospectively validated,2026-09-20T13:52:46Z,2026-09-20T20:25:00Z,Sun 4:25 PM ET,Arizona Cardinals,Seattle Seahawks,5a4f3bf,2026_02_SEA_ARI,2.0,graded,win,0.7142857142857143,0.7142857142857143
4dd8020192a544385db42374e5555303,Seattle Seahawks @ Arizona Cardinals,Cooper Kupp,betmgm,BetMGM,recv_yds,Receiving yards,over,22.5,-111,48.9561489244,0.5014367816,0.0,0.5260663507,0.4928711097,0.4989470581,22.5,4,-246.2956910171,-4.6818370094,Calibration fitted; not prospectively validated,2026-09-20T13:52:46Z,2026-09-20T20:25:00Z,Sun 4:25 PM ET,Arizona Cardinals,Seattle Seahawks,5a4f3bf,2026_02_SEA_ARI,20.0,graded,loss,-1.0,0.9009009009009009
4dd8020192a544385db42374e5555303,Seattle Seahawks @ Arizona Cardinals,Cooper Kupp,betonlineag,BetOnline.ag,recv_yds,Receiving yards,under,22.5,-112,48.9561489244,0.4985632184,0.0,0.5283018868,0.4969046636,0.5010529419,22.5,4,-297.3866840165,-5.6291050903,Calibration fitted; not prospectively validated,2026-09-20T13:51:11Z,2026-09-20T20:25:00Z,Sun 4:25 PM ET,Arizona Cardinals,Seattle Seahawks,5a4f3bf,2026_02_SEA_ARI,20.0,graded,win,0.8928571428571429,0.8928571428571429
4dd8020192a544385db42374e5555303,Seattle Seahawks @ Arizona Cardinals,Drew Lock,betonlineag,BetOnline.ag,interceptions,Interceptions thrown,over,0.5,-101,,,,0.5024875622,0.4723111002,0.4958445876,0.5,3,,,Insufficient player data,2026-09-20T13:51:11Z,2026-09-20T20:25:00Z,Sun 4:25 PM ET,Arizona Cardinals,Seattle Seahawks,5a4f3bf,2026_02_SEA_ARI,0.0,graded,loss,-1.0,0.9900990099009901
4dd8020192a544385db42374e5555303,Seattle Seahawks @ Arizona Cardinals,Drew Lock,betrivers,BetRivers,interceptions,Interceptions thrown,under,0.5,-112,,,,0.5283018868,0.4920127796,0.5041554124,0.5,3,,,Insufficient player data,2026-09-20T13:52:41Z,2026-09-20T20:25:00Z,Sun 4:25 PM ET,Arizona Cardinals,Seattle Seahawks,5a4f3bf,2026_02_SEA_ARI,0.0,graded,win,0.8928571428571429,0.8928571428571429
4dd8020192a544385db42374e5555303,Seattle Seahawks @ Arizona Cardinals,Drew Lock,draftkings,DraftKings,pass_attempts,Passing attempts,over,29.5,-112,23.6779554721,0.3636363636,0.0,0.5283018868,0.4979225528,0.5051290468,29.5,4,-1646.6552315609,-31.1688311688,Calibration fitted; not prospectively validated,2026-09-20T13:50:10Z,2026-09-20T20:25:00Z,Sun 4:25 PM ET,Arizona Cardinals,Seattle Seahawks,5a4f3bf,2026_02_SEA_ARI,26.0,graded,loss,-1.0,0.8928571428571429
4dd8020192a544385db42374e5555303,Seattle Seahawks @ Arizona Cardinals,Drew Lock,betmgm,BetMGM,pass_attempts,Passing attempts,under,29.5,-105,23.6779554721,0.6363636364,0.0,0.512195122,0.4796954315,0.4948709532,29.5,4,1241.6851441242,24.2424242424,Calibration fitted; not prospectively validated,2026-09-20T13:52:46Z,2026-09-20T20:25:00Z,Sun 4:25 PM ET,Arizona Cardinals,Seattle Seahawks,5a4f3bf,2026_02_SEA_ARI,26.0,graded,win,0.9523809523809523,0.9523809523809523
4dd8020192a544385db42374e5555303,Seattle Seahawks @ Arizona Cardinals,Drew Lock,betrivers,BetRivers,pass_completions,Passing completions,over,18.5,-113,17.2203312525,0.5,0.0,0.5305164319,,0.5101214575,18.5,4,-305.1643192488,-5.7522123894,Calibration fitted; not prospectively validated,2026-09-20T13:52:41Z,2026-09-20T20:25:00Z,Sun 4:25 PM ET,Arizona Cardinals,Seattle Seahawks,5a4f3bf,2026_02_SEA_ARI,19.0,graded,win,0.8849557522123894,0.8849557522123894
4dd8020192a544385db42374e5555303,Seattle Seahawks @ Arizona Cardinals,Drew Lock,draftkings,DraftKings,pass_completions,Passing completions,under,18.5,-107,17.2203312525,0.5,0.0,0.5169082126,0.4875171639,0.4898785425,18.5,4,-169.0821256039,-3.2710280374,Calibration fitted; not prospectively validated,2026-09-20T13:50:10Z,2026-09-20T20:25:00Z,Sun 4:25 PM ET,Arizona Cardinals,Seattle Seahawks,5a4f3bf,2026_02_SEA_ARI,19.0,graded,loss,-1.0,0.9345794392523364
4dd8020192a544385db42374e5555303,Seattle Seahawks @ Arizona Cardinals,Drew Lock,betmgm,BetMGM,pass_tds,Passing touchdowns,over,1.5,155,0.94,0.4666666667,0.0,0.3921568627,0.3666469545,0.3764693831,1.5,7,745.0980392157,19.0,Calibration fitted; not prospectively validated,2026-09-20T13:52:46Z,2026-09-20T20:25:00Z,Sun 4:25 PM ET,Arizona Cardinals,Seattle Seahawks,5a4f3bf,2026_02_SEA_ARI,3.0,graded,win,1.55,1.55
4dd8020192a544385db42374e5555303,Seattle Seahawks @ Arizona Cardinals,Drew Lock,fanatics,Fanatics,pass_tds,Passing touchdowns,under,1.5,-180,0.94,0.5333333333,0.0,0.6428571429,0.6017069701,0.6235306169,1.5,7,-1095.2380952381,-17.037037037,Calibration fitted; not prospectively validated,2026-09-20T13:52:26Z,2026-09-20T20:25:00Z,Sun 4:25 PM ET,Arizona Cardinals,Seattle Seahawks,5a4f3bf,2026_02_SEA_ARI,3.0,graded,loss,-1.0,0.5555555555555556
4dd8020192a544385db42374e5555303,Seattle Seahawks @ Arizona Cardinals,Drew Lock,fanduel,FanDuel,pass_yds,Passing yards,over,207.5,-113,177.2992273089,0.5,0.0,0.5305164319,0.5,0.5,206.0,3,-305.1643192488,-5.7522123894,Calibration fitted; not prospectively validated,2026-09-20T13:53:08Z,2026-09-20T20:25:00Z,Sun 4:25 PM ET,Arizona Cardinals,Seattle Seahawks,5a4f3bf,2026_02_SEA_ARI,235.0,graded,win,0.8849557522123894,0.8849557522123894
4dd8020192a544385db42374e5555303,Seattle Seahawks @ Arizona Cardinals,Drew Lock,betonlineag,BetOnline.ag,pass_yds,Passing yards,under,207.5,-111,177.2992273089,0.5,0.0,0.5260663507,0.4948402543,0.5,206.0,3,-260.663507109,-4.954954955,Calibration fitted; not prospectively validated,2026-09-20T13:51:11Z,2026-09-20T20:25:00Z,Sun 4:25 PM ET,Arizona Cardinals,Seattle Seahawks,5a4f3bf,2026_02_SEA_ARI,235.0,graded,loss,-1.0,0.9009009009009009
4dd8020192a544385db42374e5555303,Seattle Seahawks @ Arizona Cardinals,Drew Lock,betmgm,BetMGM,rush_yds,Rushing yards,over,7.5,-111,18.6258654031,0.5647668394,0.0,0.5260663507,0.4928711097,0.5082034454,7.5,5,387.0048866734,7.3565793773,Calibration fitted; not prospectively validated,2026-09-20T13:52:46Z,2026-09-20T20:25:00Z,Sun 4:25 PM ET,Arizona Cardinals,Seattle Seahawks,5a4f3bf,2026_02_SEA_ARI,0.0,graded,loss,-1.0,0.9009009009009009
4dd8020192a544385db42374e5555303,Seattle Seahawks @ Arizona Cardinals,Drew Lock,draftkings,DraftKings,rush_yds,Rushing yards,under,7.5,-106,18.6258654031,0.4352331606,0.0,0.5145631068,0.4863811599,0.4917965546,7.5,5,-793.2994617435,-15.4169518037,Calibration fitted; not prospectively validated,2026-09-20T13:50:10Z,2026-09-20T20:25:00Z,Sun 4:25 PM ET,Arizona Cardinals,Seattle Seahawks,5a4f3bf,2026_02_SEA_ARI,0.0,graded,win,0.9433962264150944,0.9433962264150944
4dd8020192a544385db42374e5555303,Seattle Seahawks @ Arizona Cardinals,George Holani,betonlineag,BetOnline.ag,rush_attempts,Rushing attempts,over,7.5,-130,5.9985800479,0.4915254237,0.0,0.5652173913,0.5306122449,0.5338985259,7.5,2,-736.9196757553,-13.037809648,Calibration fitted; not prospectively validated,2026-09-20T13:51:11Z,2026-09-20T20:25:00Z,Sun 4:25 PM ET,Arizona Cardinals,Seattle Seahawks,5a4f3bf,2026_02_SEA_ARI,4.0,graded,loss,-1.0,0.7692307692307693
4dd8020192a544385db42374e5555303,Seattle Seahawks @ Arizona Cardinals,George Holani,draftkings,DraftKings,rush_attempts,Rushing attempts,under,7.5,104,5.9985800479,0.506993007,0.0,0.4901960784,0.4628151931,0.4661014741,7.5,2,167.9692856163,3.4265734266,Calibration fitted; not prospectively validated,2026-09-20T13:50:10Z,2026-09-20T20:25:00Z,Sun 4:25 PM ET,Arizona Cardinals,Seattle Seahawks,5a4f3bf,2026_02_SEA_ARI,4.0,graded,win,1.04,1.04
4dd8020192a544385db42374e5555303,Seattle Seahawks @ Arizona Cardinals,George Holani,fanduel,FanDuel,rush_yds,Rushing yards,over,29.5,-113,22.7849503259,0.5,0.0,0.5305164319,0.5,0.5,29.5,4,-305.1643192488,-5.7522123894,Calibration fitted; not prospectively validated,2026-09-20T13:53:08Z,2026-09-20T20:25:00Z,Sun 4:25 PM ET,Arizona Cardinals,Seattle Seahawks,5a4f3bf,2026_02_SEA_ARI,13.0,graded,loss,-1.0,0.8849557522123894
4dd8020192a544385db42374e5555303,Seattle Seahawks @ Arizona Cardinals,George Holani,draftkings,DraftKings,rush_yds,Rushing yards,under,29.5,-110,22.7849503259,0.5,0.0,0.5238095238,0.4957877001,0.5,29.5,4,-238.0952380952,-4.5454545455,Calibration fitted; not prospectively validated,2026-09-20T13:50:10Z,2026-09-20T20:25:00Z,Sun 4:25 PM ET,Arizona Cardinals,Seattle Seahawks,5a4f3bf,2026_02_SEA_ARI,13.0,graded,win,0.9090909090909091,0.9090909090909091
4dd8020192a544385db42374e5555303,Seattle Seahawks @ Arizona Cardinals,Jacoby Brissett,betrivers,BetRivers,interceptions,Interceptions thrown,over,0.5,-124,,,,0.5535714286,0.5160051216,0.5523509626,0.5,4,,,Insufficient player data,2026-09-20T13:52:41Z,2026-09-20T20:25:00Z,Sun 4:25 PM ET,Arizona Cardinals,Seattle Seahawks,5a4f3bf,2026_02_SEA_ARI,1.0,graded,win,0.8064516129032258,0.8064516129032258
4dd8020192a544385db42374e5555303,Seattle Seahawks @ Arizona Cardinals,Jacoby Brissett,betonlineag,BetOnline.ag,interceptions,Interceptions thrown,under,0.5,111,,,,0.4739336493,0.4446864507,0.4476490374,0.5,4,,,Insufficient player data,2026-09-20T13:51:11Z,2026-09-20T20:25:00Z,Sun 4:25 PM ET,Arizona Cardinals,Seattle Seahawks,5a4f3bf,2026_02_SEA_ARI,1.0,graded,loss,-1.0,1.11
4dd8020192a544385db42374e5555303,Seattle Seahawks @ Arizona Cardinals,Jacoby Brissett,fanatics,Fanatics,pass_attempts,Passing attempts,over,34.5,-115,28.3909805164,0.3636363636,0.0,0.5348837209,0.5,0.5101897756,34.5,4,-1712.4735729387,-32.0158102767,Calibration fitted; not prospectively validated,2026-09-20T13:52:26Z,2026-09-20T20:25:00Z,Sun 4:25 PM ET,Arizona Cardinals,Seattle Seahawks,5a4f3bf,2026_02_SEA_ARI,28.0,graded,loss,-1.0,0.8695652173913043
4dd8020192a544385db42374e5555303,Seattle Seahawks @ Arizona Cardinals,Jacoby Brissett,draftkings,DraftKings,pass_attempts,Passing attempts,under,34.5,-108,28.3909805164,0.6363636364,0.0,0.5192307692,0.4896023956,0.4898102244,34.5,4,1171.3286713287,22.5589225589,Calibration fitted; not prospectively validated,2026-09-20T13:50:10Z,2026-09-20T20:25:00Z,Sun 4:25 PM ET,Arizona Cardinals,Seattle Seahawks,5a4f3bf,2026_02_SEA_ARI,28.0,graded,win,0.9259259259259259,0.9259259259259259
4dd8020192a544385db42374e5555303,Seattle Seahawks @ Arizona Cardinals,Jacoby Brissett,draftkings,DraftKings,pass_completions,Passing completions,over,21.5,-103,20.717742539,0.5,0.0,0.5073891626,0.4782356355,0.4805941685,21.5,4,-73.8916256158,-1.4563106796,Calibration fitted; not prospectively validated,2026-09-20T13:50:10Z,2026-09-20T20:25:00Z,Sun 4:25 PM ET,Arizona Cardinals,Seattle Seahawks,5a4f3bf,2026_02_SEA_ARI,17.0,graded,loss,-1.0,0.970873786407767
4dd8020192a544385db42374e5555303,Seattle Seahawks @ Arizona Cardinals,Jacoby Brissett,betmgm,BetMGM,pass_completions,Passing completions,under,21.5,-105,20.717742539,0.5,0.0,0.512195122,0.4796954315,0.5194058315,21.5,4,-121.9512195122,-2.380952381,Calibration fitted; not prospectively validated,2026-09-20T13:52:46Z,2026-09-20T20:25:00Z,Sun 4:25 PM ET,Arizona Cardinals,Seattle Seahawks,5a4f3bf,2026_02_SEA_ARI,17.0,graded,win,0.9523809523809523,0.9523809523809523
4dd8020192a544385db42374e5555303,Seattle Seahawks @ Arizona Cardinals,Jacoby Brissett,draftkings,DraftKings,pass_tds,Passing touchdowns,over,1.5,204,1.06,0.4821981424,0.0,0.3289473684,0.311584826,0.320994842,1.5,6,1532.5077399381,46.5882352941,Calibration fitted; not prospectively validated,2026-09-20T13:50:10Z,2026-09-20T20:25:00Z,Sun 4:25 PM ET,Arizona Cardinals,Seattle Seahawks,5a4f3bf,2026_02_SEA_ARI,1.0,graded,loss,-1.0,2.04
4dd8020192a544385db42374e5555303,Seattle Seahawks @ Arizona Cardinals,Jacoby Brissett,betmgm,BetMGM,pass_tds,Passing touchdowns,under,1.5,-225,1.06,0.5178018576,0.0,0.6923076923,0.6472184532,0.679005158,1.5,6,-1745.0583472255,-25.2063983488,Calibration fitted; not prospectively validated,2026-09-20T13:52:46Z,2026-09-20T20:25:00Z,Sun 4:25 PM ET,Arizona Cardinals,Seattle Seahawks,5a4f3bf,2026_02_SEA_ARI,1.0,graded,win,0.4444444444444444,0.4444444444444444
4dd8020192a544385db42374e5555303,Seattle Seahawks @ Arizona Cardinals,Jacoby Brissett,fanduel,FanDuel,pass_yds,Passing yards,over,216.5,-113,231.9370951797,0.5,0.0,0.5305164319,0.5,0.5030135005,216.5,3,-305.1643192488,-5.7522123894,Calibration fitted; not prospectively validated,2026-09-20T13:53:08Z,2026-09-20T20:25:00Z,Sun 4:25 PM ET,Arizona Cardinals,Seattle Seahawks,5a4f3bf,2026_02_SEA_ARI,95.0,graded,loss,-1.0,0.8849557522123894
4dd8020192a544385db42374e5555303,Seattle Seahawks @ Arizona Cardinals,Jacoby Brissett,betonlineag,BetOnline.ag,pass_yds,Passing yards,under,216.5,-111,231.9370951797,0.5,0.0,0.5260663507,0.4948402543,0.4969864995,216.5,3,-260.663507109,-4.954954955,Calibration fitted; not prospectively validated,2026-09-20T13:51:11Z,2026-09-20T20:25:00Z,Sun 4:25 PM ET,Arizona Cardinals,Seattle Seahawks,5a4f3bf,2026_02_SEA_ARI,95.0,graded,win,0.9009009009009009,0.9009009009009009
4dd8020192a544385db42374e5555303,Seattle Seahawks @ Arizona Cardinals,Jacoby Brissett,betmgm,BetMGM,rush_yds,Rushing yards,over,9.5,-105,18.1832970121,0.5647668394,0.0,0.512195122,0.4796954315,0.5,9.5,3,525.7171742702,10.2640019738,Calibration fitted; not prospectively validated,2026-09-20T13:52:46Z,2026-09-20T20:25:00Z,Sun 4:25 PM ET,Arizona Cardinals,Seattle Seahawks,5a4f3bf,2026_02_SEA_ARI,7.0,graded,loss,-1.0,0.9523809523809523
4dd8020192a544385db42374e5555303,Seattle Seahawks @ Arizona Cardinals,Jacoby Brissett,betonlineag,BetOnline.ag,rush_yds,Rushing yards,under,9.5,-111,18.1832970121,0.4352331606,0.0,0.5260663507,0.4948402543,0.5,9.5,3,-908.3319008914,-17.2664892872,Calibration fitted; not prospectively validated,2026-09-20T13:51:11Z,2026-09-20T20:25:00Z,Sun 4:25 PM ET,Arizona Cardinals,Seattle Seahawks,5a4f3bf,2026_02_SEA_ARI,7.0,graded,win,0.9009009009009009,0.9009009009009009
4dd8020192a544385db42374e5555303,Seattle Seahawks @ Arizona Cardinals,Jadarian Price,draftkings,DraftKings,receptions,Receptions,over,1.5,-112,3.4129455747,0.5475728155,0.0,0.5283018868,0.4979225528,0.5,1.5,5,192.7092874153,3.6477115118,Calibration fitted; not prospectively validated,2026-09-20T13:50:10Z,2026-09-20T20:25:00Z,Sun 4:25 PM ET,Arizona Cardinals,Seattle Seahawks,5a4f3bf,2026_02_SEA_ARI,1.0,graded,loss,-1.0,0.8928571428571429
4dd8020192a544385db42374e5555303,Seattle Seahawks @ Arizona Cardinals,Jadarian Price,betonlineag,BetOnline.ag,receptions,Receptions,under,1.5,-112,3.4129455747,0.4524271845,0.0,0.5283018868,0.4969046636,0.5,1.5,5,-758.7470232643,-14.3619972261,Calibration fitted; not prospectively validated,2026-09-20T13:51:11Z,2026-09-20T20:25:00Z,Sun 4:25 PM ET,Arizona Cardinals,Seattle Seahawks,5a4f3bf,2026_02_SEA_ARI,1.0,graded,win,0.8928571428571429,0.8928571428571429
4dd8020192a544385db42374e5555303,Seattle Seahawks @ Arizona Cardinals,Jadarian Price,draftkings,DraftKings,recv_yds,Receiving yards,over,8.5,-107,35.4783084098,0.5014367816,0.0,0.5169082126,0.4884821578,0.4898102244,8.5,4,-154.7143095119,-2.9930712214,Calibration fitted; not prospectively validated,2026-09-20T13:50:10Z,2026-09-20T20:25:00Z,Sun 4:25 PM ET,Arizona Cardinals,Seattle Seahawks,5a4f3bf,2026_02_SEA_ARI,8.0,graded,loss,-1.0,0.9345794392523364
4dd8020192a544385db42374e5555303,Seattle Seahawks @ Arizona Cardinals,Jadarian Price,betmgm,BetMGM,recv_yds,Receiving yards,under,8.5,-115,35.4783084098,0.4985632184,0.0,0.5348837209,0.5,0.5101897756,8.5,4,-363.2050253943,-6.7903548226,Calibration fitted; not prospectively validated,2026-09-20T13:52:46Z,2026-09-20T20:25:00Z,Sun 4:25 PM ET,Arizona Cardinals,Seattle Seahawks,5a4f3bf,2026_02_SEA_ARI,8.0,graded,win,0.8695652173913043,0.8695652173913043
4dd8020192a544385db42374e5555303,Seattle Seahawks @ Arizona Cardinals,Jadarian Price,betmgm,BetMGM,rush_attempts,Rushing attempts,over,14.5,100,7.495270618,0.4054054054,0.0,0.5,0.4653465347,0.4958445876,14.5,3,-945.9459459459,-18.9189189189,Calibration fitted; not prospectively validated,2026-09-20T13:52:46Z,2026-09-20T20:25:00Z,Sun 4:25 PM ET,Arizona Cardinals,Seattle Seahawks,5a4f3bf,2026_02_SEA_ARI,13.0,graded,loss,-1.0,1.0
4dd8020192a544385db42374e5555303,Seattle Seahawks @ Arizona Cardinals,Jadarian Price,betonlineag,BetOnline.ag,rush_attempts,Rushing attempts,under,14.5,-115,7.495270618,0.5945945946,0.0,0.5348837209,0.5030953364,0.5041554124,14.5,3,597.1087366436,11.1633372503,Calibration fitted; not prospectively validated,2026-09-20T13:51:11Z,2026-09-20T20:25:00Z,Sun 4:25 PM ET,Arizona Cardinals,Seattle Seahawks,5a4f3bf,2026_02_SEA_ARI,13.0,graded,win,0.8695652173913043,0.8695652173913043
4dd8020192a544385db42374e5555303,Seattle Seahawks @ Arizona Cardinals,Jadarian Price,draftkings,DraftKings,rush_yds,Rushing yards,over,60.5,-110,31.7935851559,0.4352331606,0.0,0.5238095238,0.4957877001,0.5,60.5,4,-885.7636318776,-16.9100329722,Calibration fitted; not prospectively validated,2026-09-20T13:50:10Z,2026-09-20T20:25:00Z,Sun 4:25 PM ET,Arizona Cardinals,Seattle Seahawks,5a4f3bf,2026_02_SEA_ARI,52.0,graded,loss,-1.0,0.9090909090909091
4dd8020192a544385db42374e5555303,Seattle Seahawks @ Arizona Cardinals,Jadarian Price,fanduel,FanDuel,rush_yds,Rushing yards,under,60.5,-113,31.7935851559,0.5647668394,0.0,0.5305164319,0.5,0.5,60.5,4,342.5040745336,6.4560502545,Calibration fitted; not prospectively validated,2026-09-20T13:53:08Z,2026-09-20T20:25:00Z,Sun 4:25 PM ET,Arizona Cardinals,Seattle Seahawks,5a4f3bf,2026_02_SEA_ARI,52.0,graded,win,0.8849557522123894,0.8849557522123894
4dd8020192a544385db42374e5555303,Seattle Seahawks @ Arizona Cardinals,Jaxon Smith-Njigba,betonlineag,BetOnline.ag,receptions,Receptions,over,6.5,100,5.1089900841,0.4524271845,0.0,0.5,0.4693877551,0.4710743802,6.5,5,-475.7281553398,-9.5145631068,Calibration fitted; not prospectively validated,2026-09-20T13:51:11Z,2026-09-20T20:25:00Z,Sun 4:25 PM ET,Arizona Cardinals,Seattle Seahawks,5a4f3bf,2026_02_SEA_ARI,9.0,graded,win,1.0,1.0
4dd8020192a544385db42374e5555303,Seattle Seahawks @ Arizona Cardinals,Jaxon Smith-Njigba,betmgm,BetMGM,receptions,Receptions,under,6.5,-120,5.1089900841,0.5475728155,0.0,0.5454545455,0.5101214575,0.5289256198,6.5,5,21.1827007944,0.3883495146,Calibration fitted; not prospectively validated,2026-09-20T13:52:46Z,2026-09-20T20:25:00Z,Sun 4:25 PM ET,Arizona Cardinals,Seattle Seahawks,5a4f3bf,2026_02_SEA_ARI,9.0,graded,loss,-1.0,0.8333333333333334
4dd8020192a544385db42374e5555303,Seattle Seahawks @ Arizona Cardinals,Jaxon Smith-Njigba,draftkings,DraftKings,recv_yds,Receiving yards,over,81.5,-111,64.8205106365,0.4989858012,0.0,0.5260663507,0.4978941162,0.5,81.5,5,-270.8054949386,-5.147744093,Calibration fitted; not prospectively validated,2026-09-20T13:50:10Z,2026-09-20T20:25:00Z,Sun 4:25 PM ET,Arizona Cardinals,Seattle Seahawks,5a4f3bf,2026_02_SEA_ARI,155.0,graded,win,0.9009009009009009,0.9009009009009009
4dd8020192a544385db42374e5555303,Seattle Seahawks @ Arizona Cardinals,Jaxon Smith-Njigba,betonlineag,BetOnline.ag,recv_yds,Receiving yards,under,81.5,-111,64.8205106365,0.5010141988,0.0,0.5260663507,0.4948402543,0.5,81.5,5,-250.5215192794,-4.7621658169,Calibration fitted; not prospectively validated,2026-09-20T13:51:11Z,2026-09-20T20:25:00Z,Sun 4:25 PM ET,Arizona Cardinals,Seattle Seahawks,5a4f3bf,2026_02_SEA_ARI,155.0,graded,loss,-1.0,0.9009009009009009
4dd8020192a544385db42374e5555303,Seattle Seahawks @ Arizona Cardinals,Jeremiyah Love,betmgm,BetMGM,receptions,Receptions,over,2.5,-135,2.1098001306,0.4579439252,0.0,0.5744680851,0.5346534653,0.5542983007,2.5,6,-1165.2415987274,-20.2838352371,Calibration fitted; not prospectively validated,2026-09-20T13:52:46Z,2026-09-20T20:25:00Z,Sun 4:25 PM ET,Arizona Cardinals,Seattle Seahawks,5a4f3bf,2026_02_SEA_ARI,3.0,graded,win,0.7407407407407407,0.7407407407407407
4dd8020192a544385db42374e5555303,Seattle Seahawks @ Arizona Cardinals,Jeremiyah Love,bovada,Bovada,receptions,Receptions,under,2.5,115,2.1098001306,0.5420560748,0.0,0.4651162791,0.4366812227,0.4457016993,2.5,6,769.3979569659,16.5420560748,Calibration fitted; not prospectively validated,2026-09-20T13:51:34Z,2026-09-20T20:25:00Z,Sun 4:25 PM ET,Arizona Cardinals,Seattle Seahawks,5a4f3bf,2026_02_SEA_ARI,3.0,graded,loss,-1.0,1.15
4dd8020192a544385db42374e5555303,Seattle Seahawks @ Arizona Cardinals,Jeremiyah Love,betrivers,BetRivers,recv_yds,Receiving yards,over,16.5,-110,23.9423345688,0.5010141988,0.0,0.5238095238,0.4889380531,0.4969046636,16.5,5,-227.9532502656,-4.3518347778,Calibration fitted; not prospectively validated,2026-09-20T13:52:41Z,2026-09-20T20:25:00Z,Sun 4:25 PM ET,Arizona Cardinals,Seattle Seahawks,5a4f3bf,2026_02_SEA_ARI,16.0,graded,loss,-1.0,0.9090909090909091
4dd8020192a544385db42374e5555303,Seattle Seahawks @ Arizona Cardinals,Jeremiyah Love,draftkings,DraftKings,recv_yds,Receiving yards,under,16.5,-114,23.9423345688,0.4989858012,0.0,0.5327102804,0.5042122999,0.5030953364,16.5,5,-337.2447915679,-6.330735561,Calibration fitted; not prospectively validated,2026-09-20T13:50:10Z,2026-09-20T20:25:00Z,Sun 4:25 PM ET,Arizona Cardinals,Seattle Seahawks,5a4f3bf,2026_02_SEA_ARI,16.0,graded,win,0.8771929824561403,0.8771929824561403
4dd8020192a544385db42374e5555303,Seattle Seahawks @ Arizona Cardinals,Jeremiyah Love,betonlineag,BetOnline.ag,rush_attempts,Rushing attempts,over,9.5,-109,7.9932845241,0.4915254237,0.0,0.5215311005,0.4897419064,0.4969486594,9.5,2,-300.0567674966,-5.7533820557,Calibration fitted; not prospectively validated,2026-09-20T13:51:11Z,2026-09-20T20:25:00Z,Sun 4:25 PM ET,Arizona Cardinals,Seattle Seahawks,5a4f3bf,2026_02_SEA_ARI,9.0,graded,loss,-1.0,0.9174311926605505
4dd8020192a544385db42374e5555303,Seattle Seahawks @ Arizona Cardinals,Jeremiyah Love,draftkings,DraftKings,rush_attempts,Rushing attempts,under,9.5,-111,7.9932845241,0.506993007,0.0,0.5260663507,0.4958445876,0.5030513406,9.5,2,-190.7334371789,-3.6256536257,Calibration fitted; not prospectively validated,2026-09-20T13:50:10Z,2026-09-20T20:25:00Z,Sun 4:25 PM ET,Arizona Cardinals,Seattle Seahawks,5a4f3bf,2026_02_SEA_ARI,9.0,graded,win,0.9009009009009009,0.9009009009009009
4dd8020192a544385db42374e5555303,Seattle Seahawks @ Arizona Cardinals,Jeremiyah Love,fanduel,FanDuel,rush_yds,Rushing yards,over,36.5,-113,32.8905721021,0.5,0.0,0.5305164319,0.5,0.5030135005,36.5,3,-305.1643192488,-5.7522123894,Calibration fitted; not prospectively validated,2026-09-20T13:53:08Z,2026-09-20T20:25:00Z,Sun 4:25 PM ET,Arizona Cardinals,Seattle Seahawks,5a4f3bf,2026_02_SEA_ARI,29.0,graded,loss,-1.0,0.8849557522123894
4dd8020192a544385db42374e5555303,Seattle Seahawks @ Arizona Cardinals,Jeremiyah Love,betonlineag,BetOnline.ag,rush_yds,Rushing yards,under,36.5,-111,32.8905721021,0.5,0.0,0.5260663507,0.4948402543,0.4969864995,36.5,3,-260.663507109,-4.954954955,Calibration fitted; not prospectively validated,2026-09-20T13:51:11Z,2026-09-20T20:25:00Z,Sun 4:25 PM ET,Arizona Cardinals,Seattle Seahawks,5a4f3bf,2026_02_SEA_ARI,29.0,graded,win,0.9009009009009009,0.9009009009009009
4dd8020192a544385db42374e5555303,Seattle Seahawks @ Arizona Cardinals,Kendrick Bourne,betonlineag,BetOnline.ag,receptions,Receptions,over,2.5,-122,4.6545660962,0.5475728155,0.0,0.5495495495,0.5164392569,0.5210344665,2.5,4,-19.7673401557,-0.3597007799,Calibration fitted; not prospectively validated,2026-09-20T13:51:11Z,2026-09-20T20:25:00Z,Sun 4:25 PM ET,Arizona Cardinals,Seattle Seahawks,5a4f3bf,2026_02_SEA_ARI,2.0,graded,loss,-1.0,0.819672131147541
4dd8020192a544385db42374e5555303,Seattle Seahawks @ Arizona Cardinals,Kendrick Bourne,fanduel,FanDuel,receptions,Receptions,under,2.5,-102,4.6545660962,0.4524271845,0.0,0.504950495,0.471842317,0.4789655335,2.5,4,-525.2331058349,-10.4016752332,Calibration fitted; not prospectively validated,2026-09-20T13:53:08Z,2026-09-20T20:25:00Z,Sun 4:25 PM ET,Arizona Cardinals,Seattle Seahawks,5a4f3bf,2026_02_SEA_ARI,2.0,graded,win,0.9803921568627451,0.9803921568627451
4dd8020192a544385db42374e5555303,Seattle Seahawks @ Arizona Cardinals,Kendrick Bourne,draftkings,DraftKings,recv_yds,Receiving yards,over,23.5,-116,59.9107108678,0.5163043478,0.0,0.537037037,0.5084288604,0.5101214575,23.5,3,-207.3268921095,-3.8605697151,Calibration fitted; not prospectively validated,2026-09-20T13:50:10Z,2026-09-20T20:25:00Z,Sun 4:25 PM ET,Arizona Cardinals,Seattle Seahawks,5a4f3bf,2026_02_SEA_ARI,11.0,graded,loss,-1.0,0.8620689655172413
4dd8020192a544385db42374e5555303,Seattle Seahawks @ Arizona Cardinals,Kendrick Bourne,draftkings,DraftKings,recv_yds,Receiving yards,under,23.5,-108,59.9107108678,0.4836956522,0.0,0.5192307692,0.4915711396,0.4898785425,23.5,3,-355.3511705686,-6.8438003221,Calibration fitted; not prospectively validated,2026-09-20T13:50:10Z,2026-09-20T20:25:00Z,Sun 4:25 PM ET,Arizona Cardinals,Seattle Seahawks,5a4f3bf,2026_02_SEA_ARI,11.0,graded,win,0.9259259259259259,0.9259259259259259
4dd8020192a544385db42374e5555303,Seattle Seahawks @ Arizona Cardinals,Marvin Harrison,betrivers,BetRivers,receptions,Receptions,over,3.5,135,2.3918718203,0.4524271845,0.0,0.4255319149,,0.432624358,3.5,5,268.952695724,6.3203883495,Calibration fitted; not prospectively validated,2026-09-20T13:52:41Z,2026-09-20T20:25:00Z,Sun 4:25 PM ET,Arizona Cardinals,Seattle Seahawks,5a4f3bf,2026_02_SEA_ARI,0.0,graded,loss,-1.0,1.35
4dd8020192a544385db42374e5555303,Seattle Seahawks @ Arizona Cardinals,Marvin Harrison,bovada,Bovada,receptions,Receptions,under,3.5,-150,2.3918718203,0.5475728155,0.0,0.6,0.5633187773,0.567375642,3.5,5,-524.2718446602,-8.7378640777,Calibration fitted; not prospectively validated,2026-09-20T13:51:34Z,2026-09-20T20:25:00Z,Sun 4:25 PM ET,Arizona Cardinals,Seattle Seahawks,5a4f3bf,2026_02_SEA_ARI,0.0,graded,win,0.6666666666666666,0.6666666666666666
4dd8020192a544385db42374e5555303,Seattle Seahawks @ Arizona Cardinals,Marvin Harrison,draftkings,DraftKings,recv_yds,Receiving yards,over,34.5,-111,42.8933921874,0.5010141988,0.0,0.5260663507,0.4978941162,0.5,34.5,4,-250.5215192794,-4.7621658169,Calibration fitted; not prospectively validated,2026-09-20T13:50:10Z,2026-09-20T20:25:00Z,Sun 4:25 PM ET,Arizona Cardinals,Seattle Seahawks,5a4f3bf,2026_02_SEA_ARI,0.0,graded,loss,-1.0,0.9009009009009009
4dd8020192a544385db42374e5555303,Seattle Seahawks @ Arizona Cardinals,Marvin Harrison,draftkings,DraftKings,recv_yds,Receiving yards,under,34.5,-113,42.8933921874,0.4989858012,0.0,0.5305164319,0.5021058838,0.5,34.5,4,-315.3063070784,-5.9433843724,Calibration fitted; not prospectively validated,2026-09-20T13:50:10Z,2026-09-20T20:25:00Z,Sun 4:25 PM ET,Arizona Cardinals,Seattle Seahawks,5a4f3bf,2026_02_SEA_ARI,0.0,graded,win,0.8849557522123894,0.8849557522123894
4dd8020192a544385db42374e5555303,Seattle Seahawks @ Arizona Cardinals,Michael Wilson,betrivers,BetRivers,receptions,Receptions,over,3.5,-122,3.9497059184,0.5420560748,0.0,0.5495495495,,0.5407914021,3.5,5,-74.9347478319,-1.3635667228,Calibration fitted; not prospectively validated,2026-09-20T13:52:41Z,2026-09-20T20:25:00Z,Sun 4:25 PM ET,Arizona Cardinals,Seattle Seahawks,5a4f3bf,2026_02_SEA_ARI,2.0,graded,loss,-1.0,0.819672131147541
4dd8020192a544385db42374e5555303,Seattle Seahawks @ Arizona Cardinals,Michael Wilson,bovada,Bovada,receptions,Receptions,under,3.5,110,3.9497059184,0.4579439252,0.0,0.4761904762,0.4458598726,0.4592085979,3.5,5,-182.4655095683,-3.8317757009,Calibration fitted; not prospectively validated,2026-09-20T13:51:34Z,2026-09-20T20:25:00Z,Sun 4:25 PM ET,Arizona Cardinals,Seattle Seahawks,5a4f3bf,2026_02_SEA_ARI,2.0,graded,win,1.1,1.1
4dd8020192a544385db42374e5555303,Seattle Seahawks @ Arizona Cardinals,Michael Wilson,draftkings,DraftKings,recv_yds,Receiving yards,over,37.5,-109,51.3459352234,0.5010141988,0.0,0.5215311005,0.4936802191,0.5,37.5,5,-205.1690169551,-3.9339747288,Calibration fitted; not prospectively validated,2026-09-20T13:50:10Z,2026-09-20T20:25:00Z,Sun 4:25 PM ET,Arizona Cardinals,Seattle Seahawks,5a4f3bf,2026_02_SEA_ARI,18.0,graded,loss,-1.0,0.9174311926605505
4dd8020192a544385db42374e5555303,Seattle Seahawks @ Arizona Cardinals,Michael Wilson,betonlineag,BetOnline.ag,recv_yds,Receiving yards,under,37.5,-112,51.3459352234,0.4989858012,0.0,0.5283018868,0.4969046636,0.5,37.5,5,-293.1608557541,-5.5491161982,Calibration fitted; not prospectively validated,2026-09-20T13:51:11Z,2026-09-20T20:25:00Z,Sun 4:25 PM ET,Arizona Cardinals,Seattle Seahawks,5a4f3bf,2026_02_SEA_ARI,18.0,graded,win,0.8928571428571429,0.8928571428571429
4dd8020192a544385db42374e5555303,Seattle Seahawks @ Arizona Cardinals,Rashid Shaheed,fanduel,FanDuel,receptions,Receptions,over,2.5,152,2.0320760448,0.4524271845,0.0,0.3968253968,0.3712268744,0.3775317586,2.5,3,556.0178764062,14.0116504854,Calibration fitted; not prospectively validated,2026-09-20T13:53:08Z,2026-09-20T20:25:00Z,Sun 4:25 PM ET,Arizona Cardinals,Seattle Seahawks,5a4f3bf,2026_02_SEA_ARI,3.0,graded,win,1.52,1.52
4dd8020192a544385db42374e5555303,Seattle Seahawks @ Arizona Cardinals,Rashid Shaheed,betmgm,BetMGM,receptions,Receptions,under,2.5,-165,2.0320760448,0.5475728155,0.0,0.6226415094,0.583497053,0.6224682414,2.5,3,-750.6869389998,-12.0564872021,Calibration fitted; not prospectively validated,2026-09-20T13:52:46Z,2026-09-20T20:25:00Z,Sun 4:25 PM ET,Arizona Cardinals,Seattle Seahawks,5a4f3bf,2026_02_SEA_ARI,3.0,graded,loss,-1.0,0.6060606060606061
4dd8020192a544385db42374e5555303,Seattle Seahawks @ Arizona Cardinals,Rashid Shaheed,draftkings,DraftKings,recv_yds,Receiving yards,over,24.5,-109,23.7945956946,0.5,0.0,0.5215311005,0.4936802191,0.5,24.5,5,-215.3110047847,-4.128440367,Calibration fitted; not prospectively validated,2026-09-20T13:50:10Z,2026-09-20T20:25:00Z,Sun 4:25 PM ET,Arizona Cardinals,Seattle Seahawks,5a4f3bf,2026_02_SEA_ARI,35.0,graded,win,0.9174311926605505,0.9174311926605505
4dd8020192a544385db42374e5555303,Seattle Seahawks @ Arizona Cardinals,Rashid Shaheed,fanduel,FanDuel,recv_yds,Receiving yards,under,24.5,-113,23.7945956946,0.5,0.0,0.5305164319,0.5,0.5,24.5,5,-305.1643192488,-5.7522123894,Calibration fitted; not prospectively validated,2026-09-20T13:53:08Z,2026-09-20T20:25:00Z,Sun 4:25 PM ET,Arizona Cardinals,Seattle Seahawks,5a4f3bf,2026_02_SEA_ARI,35.0,graded,loss,-1.0,0.8849557522123894
4dd8020192a544385db42374e5555303,Seattle Seahawks @ Arizona Cardinals,Trey McBride,bovada,Bovada,receptions,Receptions,over,6.5,105,5.2873602567,0.4524271845,0.0,0.487804878,0.4592085979,0.4620927318,6.5,5,-353.7769358276,-7.2524271845,Calibration fitted; not prospectively validated,2026-09-20T13:51:34Z,2026-09-20T20:25:00Z,Sun 4:25 PM ET,Arizona Cardinals,Seattle Seahawks,5a4f3bf,2026_02_SEA_ARI,8.0,graded,win,1.05,1.05
4dd8020192a544385db42374e5555303,Seattle Seahawks @ Arizona Cardinals,Trey McBride,betmgm,BetMGM,receptions,Receptions,under,6.5,-110,5.2873602567,0.5475728155,0.0,0.5238095238,0.4898785425,0.5379072682,6.5,5,237.6329172446,4.5366284201,Calibration fitted; not prospectively validated,2026-09-20T13:52:46Z,2026-09-20T20:25:00Z,Sun 4:25 PM ET,Arizona Cardinals,Seattle Seahawks,5a4f3bf,2026_02_SEA_ARI,8.0,graded,loss,-1.0,0.9090909090909091
4dd8020192a544385db42374e5555303,Seattle Seahawks @ Arizona Cardinals,Trey McBride,fanduel,FanDuel,recv_yds,Receiving yards,over,60.5,-113,54.7351496685,0.5,0.0,0.5305164319,0.5,0.5,62.0,2,-305.1643192488,-5.7522123894,Calibration fitted; not prospectively validated,2026-09-20T13:53:08Z,2026-09-20T20:25:00Z,Sun 4:25 PM ET,Arizona Cardinals,Seattle Seahawks,5a4f3bf,2026_02_SEA_ARI,41.0,graded,loss,-1.0,0.8849557522123894
4dd8020192a544385db42374e5555303,Seattle Seahawks @ Arizona Cardinals,Trey McBride,fanduel,FanDuel,recv_yds,Receiving yards,under,60.5,-113,54.7351496685,0.5,0.0,0.5305164319,0.5,0.5,62.0,2,-305.1643192488,-5.7522123894,Calibration fitted; not prospectively validated,2026-09-20T13:53:08Z,2026-09-20T20:25:00Z,Sun 4:25 PM ET,Arizona Cardinals,Seattle Seahawks,5a4f3bf,2026_02_SEA_ARI,41.0,graded,win,0.8849557522123894,0.8849557522123894
4dd8020192a544385db42374e5555303,Seattle Seahawks @ Arizona Cardinals,Tyler Allgeier,draftkings,DraftKings,rush_attempts,Rushing attempts,over,9.5,-134,10.0485952543,0.506993007,0.0,0.5726495726,0.5400039316,0.5431305136,9.5,2,-656.5656565657,-11.4654002714,Calibration fitted; not prospectively validated,2026-09-20T13:50:10Z,2026-09-20T20:25:00Z,Sun 4:25 PM ET,Arizona Cardinals,Seattle Seahawks,5a4f3bf,2026_02_SEA_ARI,5.0,graded,loss,-1.0,0.746268656716418
4dd8020192a544385db42374e5555303,Seattle Seahawks @ Arizona Cardinals,Tyler Allgeier,betonlineag,BetOnline.ag,rush_attempts,Rushing attempts,under,9.5,107,10.0485952543,0.4927536232,0.0,0.4830917874,0.4537429043,0.4568694864,9.5,2,96.6183574879,2.0,Calibration fitted; not prospectively validated,2026-09-20T13:51:11Z,2026-09-20T20:25:00Z,Sun 4:25 PM ET,Arizona Cardinals,Seattle Seahawks,5a4f3bf,2026_02_SEA_ARI,5.0,graded,win,1.07,1.07
4dd8020192a544385db42374e5555303,Seattle Seahawks @ Arizona Cardinals,Tyler Allgeier,draftkings,DraftKings,rush_yds,Rushing yards,over,35.5,-115,41.4066550664,0.5,0.0,0.5348837209,0.5063197809,0.5082206192,35.5,4,-348.8372093023,-6.5217391304,Calibration fitted; not prospectively validated,2026-09-20T13:50:10Z,2026-09-20T20:25:00Z,Sun 4:25 PM ET,Arizona Cardinals,Seattle Seahawks,5a4f3bf,2026_02_SEA_ARI,10.0,graded,loss,-1.0,0.8695652173913043
4dd8020192a544385db42374e5555303,Seattle Seahawks @ Arizona Cardinals,Tyler Allgeier,betonlineag,BetOnline.ag,rush_yds,Rushing yards,under,35.5,-109,41.4066550664,0.5,0.0,0.5215311005,0.4897419064,0.4917793808,35.5,4,-215.3110047847,-4.128440367,Calibration fitted; not prospectively validated,2026-09-20T13:51:11Z,2026-09-20T20:25:00Z,Sun 4:25 PM ET,Arizona Cardinals,Seattle Seahawks,5a4f3bf,2026_02_SEA_ARI,10.0,graded,win,0.9174311926605505,0.9174311926605505
50bc247030707d823b9c3581d7eb5760,Indianapolis Colts @ Kansas City Chiefs,Alec Pierce,fanduel,FanDuel,receptions,Receptions,over,2.5,-140,2.8144832984,0.5420560748,0.0,0.5833333333,0.5457986374,0.5850337953,2.5,4,-412.7725856698,-7.0761014686,Calibration fitted; not prospectively validated,2026-09-20T13:52:59Z,2026-09-21T00:20:00Z,Sun 8:20 PM ET,Kansas City Chiefs,Indianapolis Colts,5a4f3bf,2026_02_IND_KC,1.0,graded,loss,-1.0,0.7142857142857143
50bc247030707d823b9c3581d7eb5760,Indianapolis Colts @ Kansas City Chiefs,Alec Pierce,bovada,Bovada,receptions,Receptions,under,2.5,130,2.8144832984,0.4579439252,0.0,0.4347826087,0.4084720121,0.4149662047,2.5,4,231.6131653799,5.3271028037,Calibration fitted; not prospectively validated,2026-09-20T13:52:07Z,2026-09-21T00:20:00Z,Sun 8:20 PM ET,Kansas City Chiefs,Indianapolis Colts,5a4f3bf,2026_02_IND_KC,1.0,graded,win,1.3,1.3
50bc247030707d823b9c3581d7eb5760,Indianapolis Colts @ Kansas City Chiefs,Alec Pierce,fanduel,FanDuel,recv_yds,Receiving yards,over,44.5,-113,46.3327721238,0.5,0.0,0.5305164319,0.5,0.5025798729,44.5,2,-305.1643192488,-5.7522123894,Calibration fitted; not prospectively validated,2026-09-20T13:52:59Z,2026-09-21T00:20:00Z,Sun 8:20 PM ET,Kansas City Chiefs,Indianapolis Colts,5a4f3bf,2026_02_IND_KC,11.0,graded,loss,-1.0,0.8849557522123894
50bc247030707d823b9c3581d7eb5760,Indianapolis Colts @ Kansas City Chiefs,Alec Pierce,betonlineag,BetOnline.ag,recv_yds,Receiving yards,under,44.5,-111,46.3327721238,0.5,0.0,0.5260663507,0.4948402543,0.4974201271,44.5,2,-260.663507109,-4.954954955,Calibration fitted; not prospectively validated,2026-09-20T13:52:24Z,2026-09-21T00:20:00Z,Sun 8:20 PM ET,Kansas City Chiefs,Indianapolis Colts,5a4f3bf,2026_02_IND_KC,11.0,graded,win,0.9009009009009009,0.9009009009009009
50bc247030707d823b9c3581d7eb5760,Indianapolis Colts @ Kansas City Chiefs,Daniel Jones,betmgm,BetMGM,interceptions,Interceptions thrown,over,0.5,-105,,,,0.512195122,0.4796954315,0.5259594617,0.5,5,,,Insufficient player data,2026-09-20T13:52:32Z,2026-09-21T00:20:00Z,Sun 8:20 PM ET,Kansas City Chiefs,Indianapolis Colts,5a4f3bf,2026_02_IND_KC,1.0,graded,win,0.9523809523809523,0.9523809523809523
50bc247030707d823b9c3581d7eb5760,Indianapolis Colts @ Kansas City Chiefs,Daniel Jones,betrivers,BetRivers,interceptions,Interceptions thrown,under,0.5,100,,,,0.5,0.4677419355,0.4740405383,0.5,5,,,Insufficient player data,2026-09-20T13:53:11Z,2026-09-21T00:20:00Z,Sun 8:20 PM ET,Kansas City Chiefs,Indianapolis Colts,5a4f3bf,2026_02_IND_KC,1.0,graded,loss,-1.0,1.0
50bc247030707d823b9c3581d7eb5760,Indianapolis Colts @ Kansas City Chiefs,Daniel Jones,draftkings,DraftKings,pass_attempts,Passing attempts,over,31.5,-116,26.9852770483,0.3636363636,0.0,0.537037037,0.506234414,0.5082034454,31.5,3,-1734.0067340067,-32.2884012539,Calibration fitted; not prospectively validated,2026-09-20T13:52:43Z,2026-09-21T00:20:00Z,Sun 8:20 PM ET,Kansas City Chiefs,Indianapolis Colts,5a4f3bf,2026_02_IND_KC,31.0,graded,loss,-1.0,0.8620689655172413
50bc247030707d823b9c3581d7eb5760,Indianapolis Colts @ Kansas City Chiefs,Daniel Jones,betonlineag,BetOnline.ag,pass_attempts,Passing attempts,under,31.5,-110,26.9852770483,0.6363636364,0.0,0.5238095238,0.4917965546,0.4917965546,31.5,3,1125.5411255411,21.4876033058,Calibration fitted; not prospectively validated,2026-09-20T13:52:24Z,2026-09-21T00:20:00Z,Sun 8:20 PM ET,Kansas City Chiefs,Indianapolis Colts,5a4f3bf,2026_02_IND_KC,31.0,graded,win,0.9090909090909091,0.9090909090909091
50bc247030707d823b9c3581d7eb5760,Indianapolis Colts @ Kansas City Chiefs,Daniel Jones,bovada,Bovada,pass_completions,Passing completions,over,21.5,105,16.5393633522,0.4571428571,0.0,0.487804878,0.4592085979,0.4652655222,21.5,5,-306.6202090592,-6.2857142857,Calibration fitted; not prospectively validated,2026-09-20T13:52:07Z,2026-09-21T00:20:00Z,Sun 8:20 PM ET,Kansas City Chiefs,Indianapolis Colts,5a4f3bf,2026_02_IND_KC,22.0,graded,win,1.05,1.05
50bc247030707d823b9c3581d7eb5760,Indianapolis Colts @ Kansas City Chiefs,Daniel Jones,betmgm,BetMGM,pass_completions,Passing completions,under,21.5,-125,16.5393633522,0.5428571429,0.0,0.5555555556,0.5203045685,0.5347344778,21.5,5,-126.9841269841,-2.2857142857,Calibration fitted; not prospectively validated,2026-09-20T13:52:32Z,2026-09-21T00:20:00Z,Sun 8:20 PM ET,Kansas City Chiefs,Indianapolis Colts,5a4f3bf,2026_02_IND_KC,22.0,graded,loss,-1.0,0.8
50bc247030707d823b9c3581d7eb5760,Indianapolis Colts @ Kansas City Chiefs,Daniel Jones,betmgm,BetMGM,pass_tds,Passing touchdowns,over,1.5,180,0.94,0.4666666667,0.0,0.3571428571,0.3333333333,0.3553010569,1.5,6,1095.2380952381,30.6666666667,Calibration fitted; not prospectively validated,2026-09-20T13:52:32Z,2026-09-21T00:20:00Z,Sun 8:20 PM ET,Kansas City Chiefs,Indianapolis Colts,5a4f3bf,2026_02_IND_KC,1.0,graded,loss,-1.0,1.8
50bc247030707d823b9c3581d7eb5760,Indianapolis Colts @ Kansas City Chiefs,Daniel Jones,draftkings,DraftKings,pass_tds,Passing touchdowns,under,1.5,-204,0.94,0.5333333333,0.0,0.6710526316,0.633876096,0.6446989431,1.5,6,-1377.1929824561,-20.522875817,Calibration fitted; not prospectively validated,2026-09-20T13:52:43Z,2026-09-21T00:20:00Z,Sun 8:20 PM ET,Kansas City Chiefs,Indianapolis Colts,5a4f3bf,2026_02_IND_KC,1.0,graded,win,0.49019607843137253,0.49019607843137253
50bc247030707d823b9c3581d7eb5760,Indianapolis Colts @ Kansas City Chiefs,Daniel Jones,draftkings,DraftKings,pass_yds,Passing yards,over,217.5,-113,160.4570856503,0.5,0.0,0.5305164319,0.5021058838,0.5010529419,217.5,2,-305.1643192488,-5.7522123894,Calibration fitted; not prospectively validated,2026-09-20T13:52:43Z,2026-09-21T00:20:00Z,Sun 8:20 PM ET,Kansas City Chiefs,Indianapolis Colts,5a4f3bf,2026_02_IND_KC,210.0,graded,loss,-1.0,0.8849557522123894
50bc247030707d823b9c3581d7eb5760,Indianapolis Colts @ Kansas City Chiefs,Daniel Jones,draftkings,DraftKings,pass_yds,Passing yards,under,217.5,-111,160.4570856503,0.5,0.0,0.5260663507,0.4978941162,0.4989470581,217.5,2,-260.663507109,-4.954954955,Calibration fitted; not prospectively validated,2026-09-20T13:52:43Z,2026-09-21T00:20:00Z,Sun 8:20 PM ET,Kansas City Chiefs,Indianapolis Colts,5a4f3bf,2026_02_IND_KC,210.0,graded,win,0.9009009009009009,0.9009009009009009
50bc247030707d823b9c3581d7eb5760,Indianapolis Colts @ Kansas City Chiefs,Daniel Jones,draftkings,DraftKings,rush_yds,Rushing yards,over,8.5,-113,19.087906549,0.5647668394,0.0,0.5305164319,0.5021058838,0.5010529419,8.5,4,342.5040745336,6.4560502545,Calibration fitted; not prospectively validated,2026-09-20T13:52:43Z,2026-09-21T00:20:00Z,Sun 8:20 PM ET,Kansas City Chiefs,Indianapolis Colts,5a4f3bf,2026_02_IND_KC,10.0,graded,win,0.8849557522123894,0.8849557522123894
50bc247030707d823b9c3581d7eb5760,Indianapolis Colts @ Kansas City Chiefs,Daniel Jones,draftkings,DraftKings,rush_yds,Rushing yards,under,8.5,-111,19.087906549,0.4352331606,0.0,0.5260663507,0.4978941162,0.4989470581,8.5,4,-908.3319008914,-17.2664892872,Calibration fitted; not prospectively validated,2026-09-20T13:52:43Z,2026-09-21T00:20:00Z,Sun 8:20 PM ET,Kansas City Chiefs,Indianapolis Colts,5a4f3bf,2026_02_IND_KC,10.0,graded,loss,-1.0,0.9009009009009009
50bc247030707d823b9c3581d7eb5760,Indianapolis Colts @ Kansas City Chiefs,Emmett Johnson,fanduel,FanDuel,recv_yds,Receiving yards,over,7.5,-113,49.7038591394,0.5163043478,0.0,0.5305164319,0.5,0.5,7.5,3,-142.120840988,-2.6789149673,Calibration fitted; not prospectively validated,2026-09-20T13:52:59Z,2026-09-21T00:20:00Z,Sun 8:20 PM ET,Kansas City Chiefs,Indianapolis Colts,5a4f3bf,2026_02_IND_KC,20.0,graded,win,0.8849557522123894,0.8849557522123894
50bc247030707d823b9c3581d7eb5760,Indianapolis Colts @ Kansas City Chiefs,Emmett Johnson,betonlineag,BetOnline.ag,recv_yds,Receiving yards,under,7.5,-111,49.7038591394,0.4836956522,0.0,0.5260663507,0.4948402543,0.5,7.5,3,-423.7069853699,-8.0542499021,Calibration fitted; not prospectively validated,2026-09-20T13:52:24Z,2026-09-21T00:20:00Z,Sun 8:20 PM ET,Kansas City Chiefs,Indianapolis Colts,5a4f3bf,2026_02_IND_KC,20.0,graded,loss,-1.0,0.9009009009009009
50bc247030707d823b9c3581d7eb5760,Indianapolis Colts @ Kansas City Chiefs,Emmett Johnson,draftkings,DraftKings,rush_yds,Rushing yards,over,17.5,-109,28.4917214479,0.5,0.0,0.5215311005,0.4936802191,0.4952924414,17.5,4,-215.3110047847,-4.128440367,Calibration fitted; not prospectively validated,2026-09-20T13:52:43Z,2026-09-21T00:20:00Z,Sun 8:20 PM ET,Kansas City Chiefs,Indianapolis Colts,5a4f3bf,2026_02_IND_KC,15.0,graded,loss,-1.0,0.9174311926605505
50bc247030707d823b9c3581d7eb5760,Indianapolis Colts @ Kansas City Chiefs,Emmett Johnson,fanduel,FanDuel,rush_yds,Rushing yards,under,17.5,-113,28.4917214479,0.5,0.0,0.5305164319,0.5,0.5047075586,17.5,4,-305.1643192488,-5.7522123894,Calibration fitted; not prospectively validated,2026-09-20T13:52:59Z,2026-09-21T00:20:00Z,Sun 8:20 PM ET,Kansas City Chiefs,Indianapolis Colts,5a4f3bf,2026_02_IND_KC,15.0,graded,win,0.8849557522123894,0.8849557522123894
50bc247030707d823b9c3581d7eb5760,Indianapolis Colts @ Kansas City Chiefs,Jonathan Taylor,betrivers,BetRivers,receptions,Receptions,over,2.5,-115,1.8919641977,0.4524271845,0.0,0.5348837209,,0.5203045685,2.5,5,-824.5653646421,-15.415787252,Calibration fitted; not prospectively validated,2026-09-20T13:53:11Z,2026-09-21T00:20:00Z,Sun 8:20 PM ET,Kansas City Chiefs,Indianapolis Colts,5a4f3bf,2026_02_IND_KC,4.0,graded,win,0.8695652173913043,0.8695652173913043
50bc247030707d823b9c3581d7eb5760,Indianapolis Colts @ Kansas City Chiefs,Jonathan Taylor,betmgm,BetMGM,receptions,Receptions,under,2.5,120,1.8919641977,0.5475728155,0.0,0.4545454545,0.4248366013,0.4796954315,2.5,5,930.2736098853,20.4660194175,Calibration fitted; not prospectively validated,2026-09-20T13:52:32Z,2026-09-21T00:20:00Z,Sun 8:20 PM ET,Kansas City Chiefs,Indianapolis Colts,5a4f3bf,2026_02_IND_KC,4.0,graded,loss,-1.0,1.2
50bc247030707d823b9c3581d7eb5760,Indianapolis Colts @ Kansas City Chiefs,Jonathan Taylor,draftkings,DraftKings,recv_yds,Receiving yards,over,16.5,-109,14.3751603517,0.5,0.0,0.5215311005,0.4926759856,0.4984932498,16.5,6,-215.3110047847,-4.128440367,Calibration fitted; not prospectively validated,2026-09-20T13:52:43Z,2026-09-21T00:20:00Z,Sun 8:20 PM ET,Kansas City Chiefs,Indianapolis Colts,5a4f3bf,2026_02_IND_KC,40.0,graded,win,0.9174311926605505,0.9174311926605505
50bc247030707d823b9c3581d7eb5760,Indianapolis Colts @ Kansas City Chiefs,Jonathan Taylor,fanduel,FanDuel,recv_yds,Receiving yards,under,16.5,-113,14.3751603517,0.5,0.0,0.5305164319,0.5,0.5015067502,16.5,6,-305.1643192488,-5.7522123894,Calibration fitted; not prospectively validated,2026-09-20T13:52:59Z,2026-09-21T00:20:00Z,Sun 8:20 PM ET,Kansas City Chiefs,Indianapolis Colts,5a4f3bf,2026_02_IND_KC,40.0,graded,loss,-1.0,0.8849557522123894
50bc247030707d823b9c3581d7eb5760,Indianapolis Colts @ Kansas City Chiefs,Jonathan Taylor,betonlineag,BetOnline.ag,rush_attempts,Rushing attempts,over,18.5,-123,14.3786336007,0.4473684211,0.0,0.5515695067,0.5185070944,0.5203045685,18.5,3,-1042.0108567383,-18.891741549,Calibration fitted; not prospectively validated,2026-09-20T13:52:24Z,2026-09-21T00:20:00Z,Sun 8:20 PM ET,Kansas City Chiefs,Indianapolis Colts,5a4f3bf,2026_02_IND_KC,24.0,graded,win,0.8130081300813008,0.8130081300813008
50bc247030707d823b9c3581d7eb5760,Indianapolis Colts @ Kansas City Chiefs,Jonathan Taylor,draftkings,DraftKings,rush_attempts,Rushing attempts,under,18.5,100,14.3786336007,0.5526315789,0.0,0.5,0.4719334719,0.4796954315,18.5,3,526.3157894737,10.5263157895,Calibration fitted; not prospectively validated,2026-09-20T13:52:43Z,2026-09-21T00:20:00Z,Sun 8:20 PM ET,Kansas City Chiefs,Indianapolis Colts,5a4f3bf,2026_02_IND_KC,24.0,graded,loss,-1.0,1.0
50bc247030707d823b9c3581d7eb5760,Indianapolis Colts @ Kansas City Chiefs,Jonathan Taylor,fanduel,FanDuel,rush_yds,Rushing yards,over,82.5,-113,66.0070219362,0.5,0.0,0.5305164319,0.5,0.5,82.5,3,-305.1643192488,-5.7522123894,Calibration fitted; not prospectively validated,2026-09-20T13:52:59Z,2026-09-21T00:20:00Z,Sun 8:20 PM ET,Kansas City Chiefs,Indianapolis Colts,5a4f3bf,2026_02_IND_KC,92.0,graded,win,0.8849557522123894,0.8849557522123894
50bc247030707d823b9c3581d7eb5760,Indianapolis Colts @ Kansas City Chiefs,Jonathan Taylor,draftkings,DraftKings,rush_yds,Rushing yards,under,82.5,-110,66.0070219362,0.5,0.0,0.5238095238,0.4957877001,0.5,82.5,3,-238.0952380952,-4.5454545455,Calibration fitted; not prospectively validated,2026-09-20T13:52:43Z,2026-09-21T00:20:00Z,Sun 8:20 PM ET,Kansas City Chiefs,Indianapolis Colts,5a4f3bf,2026_02_IND_KC,92.0,graded,loss,-1.0,0.9090909090909091
50bc247030707d823b9c3581d7eb5760,Indianapolis Colts @ Kansas City Chiefs,Josh Downs,betrivers,BetRivers,receptions,Receptions,over,4.5,130,2.1972576904,0.4210526316,0.0,0.4347826087,,0.4209771748,4.5,4,-137.299771167,-3.1578947368,Calibration fitted; not prospectively validated,2026-09-20T13:53:11Z,2026-09-21T00:20:00Z,Sun 8:20 PM ET,Kansas City Chiefs,Indianapolis Colts,5a4f3bf,2026_02_IND_KC,7.0,graded,win,1.3,1.3
50bc247030707d823b9c3581d7eb5760,Indianapolis Colts @ Kansas City Chiefs,Josh Downs,betonlineag,BetOnline.ag,receptions,Receptions,under,4.5,-143,2.1972576904,0.5789473684,0.0,0.5884773663,0.5527332965,0.5790228252,4.5,4,-95.2999783409,-1.6194331984,Calibration fitted; not prospectively validated,2026-09-20T13:52:24Z,2026-09-21T00:20:00Z,Sun 8:20 PM ET,Kansas City Chiefs,Indianapolis Colts,5a4f3bf,2026_02_IND_KC,7.0,graded,loss,-1.0,0.6993006993006993
50bc247030707d823b9c3581d7eb5760,Indianapolis Colts @ Kansas City Chiefs,Josh Downs,draftkings,DraftKings,recv_yds,Receiving yards,over,42.5,-111,27.9376141808,0.4985632184,0.0,0.5260663507,0.4978941162,0.5,42.5,4,-275.031323201,-5.2280729005,Calibration fitted; not prospectively validated,2026-09-20T13:52:43Z,2026-09-21T00:20:00Z,Sun 8:20 PM ET,Kansas City Chiefs,Indianapolis Colts,5a4f3bf,2026_02_IND_KC,72.0,graded,win,0.9009009009009009,0.9009009009009009
50bc247030707d823b9c3581d7eb5760,Indianapolis Colts @ Kansas City Chiefs,Josh Downs,draftkings,DraftKings,recv_yds,Receiving yards,under,42.5,-113,27.9376141808,0.5014367816,0.0,0.5305164319,0.5021058838,0.5,42.5,4,-290.7965031569,-5.4813854135,Calibration fitted; not prospectively validated,2026-09-20T13:52:43Z,2026-09-21T00:20:00Z,Sun 8:20 PM ET,Kansas City Chiefs,Indianapolis Colts,5a4f3bf,2026_02_IND_KC,72.0,graded,loss,-1.0,0.8849557522123894
50bc247030707d823b9c3581d7eb5760,Indianapolis Colts @ Kansas City Chiefs,Keenan Allen,betmgm,BetMGM,receptions,Receptions,over,3.5,-115,5.8503905386,0.5475728155,0.0,0.5348837209,0.5,0.528157683,3.5,5,126.8909460375,2.3723089911,Calibration fitted; not prospectively validated,2026-09-20T13:52:32Z,2026-09-21T00:20:00Z,Sun 8:20 PM ET,Kansas City Chiefs,Indianapolis Colts,5a4f3bf,2026_02_IND_KC,1.0,graded,loss,-1.0,0.8695652173913043
50bc247030707d823b9c3581d7eb5760,Indianapolis Colts @ Kansas City Chiefs,Keenan Allen,draftkings,DraftKings,receptions,Receptions,under,3.5,101,5.8503905386,0.4524271845,0.0,0.4975124378,0.4698318497,0.471842317,3.5,5,-450.8525334493,-9.0621359223,Calibration fitted; not prospectively validated,2026-09-20T13:52:43Z,2026-09-21T00:20:00Z,Sun 8:20 PM ET,Kansas City Chiefs,Indianapolis Colts,5a4f3bf,2026_02_IND_KC,1.0,graded,win,1.01,1.01
50bc247030707d823b9c3581d7eb5760,Indianapolis Colts @ Kansas City Chiefs,Keenan Allen,draftkings,DraftKings,recv_yds,Receiving yards,over,30.5,-113,57.5085263669,0.5014367816,0.0,0.5305164319,0.5021058838,0.5010529419,30.5,2,-290.7965031569,-5.4813854135,Calibration fitted; not prospectively validated,2026-09-20T13:52:43Z,2026-09-21T00:20:00Z,Sun 8:20 PM ET,Kansas City Chiefs,Indianapolis Colts,5a4f3bf,2026_02_IND_KC,5.0,graded,loss,-1.0,0.8849557522123894
50bc247030707d823b9c3581d7eb5760,Indianapolis Colts @ Kansas City Chiefs,Keenan Allen,draftkings,DraftKings,recv_yds,Receiving yards,under,30.5,-111,57.5085263669,0.4985632184,0.0,0.5260663507,0.4978941162,0.4989470581,30.5,2,-275.031323201,-5.2280729005,Calibration fitted; not prospectively validated,2026-09-20T13:52:43Z,2026-09-21T00:20:00Z,Sun 8:20 PM ET,Kansas City Chiefs,Indianapolis Colts,5a4f3bf,2026_02_IND_KC,5.0,graded,win,0.9009009009009009,0.9009009009009009
50bc247030707d823b9c3581d7eb5760,Indianapolis Colts @ Kansas City Chiefs,Kenneth Walker,betrivers,BetRivers,receptions,Receptions,over,3.5,130,1.4950922718,0.303353888,0.0,0.4347826087,,0.4181800495,3.5,4,-1314.2872069545,-30.22860576,Calibration fitted; not prospectively validated,2026-09-20T13:53:11Z,2026-09-21T00:20:00Z,Sun 8:20 PM ET,Kansas City Chiefs,Indianapolis Colts,5a4f3bf,2026_02_IND_KC,6.0,graded,win,1.3,1.3
50bc247030707d823b9c3581d7eb5760,Indianapolis Colts @ Kansas City Chiefs,Kenneth Walker,draftkings,DraftKings,receptions,Receptions,under,3.5,-159,1.4950922718,0.696646112,0.0,0.6138996139,0.5789713245,0.5818199505,3.5,4,827.4649810018,13.4788320805,Calibration fitted; not prospectively validated,2026-09-20T13:52:43Z,2026-09-21T00:20:00Z,Sun 8:20 PM ET,Kansas City Chiefs,Indianapolis Colts,5a4f3bf,2026_02_IND_KC,6.0,graded,loss,-1.0,0.6289308176100629
50bc247030707d823b9c3581d7eb5760,Indianapolis Colts @ Kansas City Chiefs,Kenneth Walker,fanduel,FanDuel,recv_yds,Receiving yards,over,20.5,-113,11.4543882716,0.4836956522,0.0,0.5305164319,0.5,0.5030953364,20.5,3,-468.2077975097,-8.8255098115,Calibration fitted; not prospectively validated,2026-09-20T13:52:59Z,2026-09-21T00:20:00Z,Sun 8:20 PM ET,Kansas City Chiefs,Indianapolis Colts,5a4f3bf,2026_02_IND_KC,61.0,graded,win,0.8849557522123894,0.8849557522123894
50bc247030707d823b9c3581d7eb5760,Indianapolis Colts @ Kansas City Chiefs,Kenneth Walker,fanatics,Fanatics,recv_yds,Receiving yards,under,20.5,-110,11.4543882716,0.5163043478,0.0,0.5238095238,0.4898785425,0.4969046636,20.5,3,-75.0517598344,-1.4328063241,Calibration fitted; not prospectively validated,2026-09-20T13:53:30Z,2026-09-21T00:20:00Z,Sun 8:20 PM ET,Kansas City Chiefs,Indianapolis Colts,5a4f3bf,2026_02_IND_KC,61.0,graded,loss,-1.0,0.9090909090909091
50bc247030707d823b9c3581d7eb5760,Indianapolis Colts @ Kansas City Chiefs,Kenneth Walker,draftkings,DraftKings,rush_attempts,Rushing attempts,over,18.5,-103,13.0350046198,0.4054054054,0.0,0.5073891626,0.4782356355,0.5101214575,18.5,3,-1019.8375715617,-20.0997113618,Calibration fitted; not prospectively validated,2026-09-20T13:52:43Z,2026-09-21T00:20:00Z,Sun 8:20 PM ET,Kansas City Chiefs,Indianapolis Colts,5a4f3bf,2026_02_IND_KC,24.0,graded,win,0.970873786407767,0.970873786407767
50bc247030707d823b9c3581d7eb5760,Indianapolis Colts @ Kansas City Chiefs,Kenneth Walker,betonlineag,BetOnline.ag,rush_attempts,Rushing attempts,under,18.5,-108,13.0350046198,0.5945945946,0.0,0.5192307692,0.4876847291,0.4898785425,18.5,3,753.6382536383,14.5145145145,Calibration fitted; not prospectively validated,2026-09-20T13:52:24Z,2026-09-21T00:20:00Z,Sun 8:20 PM ET,Kansas City Chiefs,Indianapolis Colts,5a4f3bf,2026_02_IND_KC,24.0,graded,loss,-1.0,0.9259259259259259
50bc247030707d823b9c3581d7eb5760,Indianapolis Colts @ Kansas City Chiefs,Kenneth Walker,draftkings,DraftKings,rush_yds,Rushing yards,over,81.5,-112,65.9889988889,0.5,0.0,0.5283018868,0.5,0.5,81.5,4,-283.0188679245,-5.3571428571,Calibration fitted; not prospectively validated,2026-09-20T13:52:43Z,2026-09-21T00:20:00Z,Sun 8:20 PM ET,Kansas City Chiefs,Indianapolis Colts,5a4f3bf,2026_02_IND_KC,117.0,graded,win,0.8928571428571429,0.8928571428571429
50bc247030707d823b9c3581d7eb5760,Indianapolis Colts @ Kansas City Chiefs,Kenneth Walker,betonlineag,BetOnline.ag,rush_yds,Rushing yards,under,81.5,-112,65.9889988889,0.5,0.0,0.5283018868,0.4969046636,0.5,81.5,4,-283.0188679245,-5.3571428571,Calibration fitted; not prospectively validated,2026-09-20T13:52:24Z,2026-09-21T00:20:00Z,Sun 8:20 PM ET,Kansas City Chiefs,Indianapolis Colts,5a4f3bf,2026_02_IND_KC,117.0,graded,loss,-1.0,0.8928571428571429
50bc247030707d823b9c3581d7eb5760,Indianapolis Colts @ Kansas City Chiefs,Noah Gray,fanduel,FanDuel,receptions,Receptions,over,1.5,148,2.1032131012,0.5475728155,0.0,0.4032258065,0.3768844221,0.3889018676,1.5,5,1443.4700908237,35.7980582524,Calibration fitted; not prospectively validated,2026-09-20T13:52:59Z,2026-09-21T00:20:00Z,Sun 8:20 PM ET,Kansas City Chiefs,Indianapolis Colts,5a4f3bf,2026_02_IND_KC,0.0,graded,loss,-1.0,1.48
50bc247030707d823b9c3581d7eb5760,Indianapolis Colts @ Kansas City Chiefs,Noah Gray,draftkings,DraftKings,receptions,Receptions,under,1.5,-183,2.1032131012,0.4524271845,0.0,0.6466431095,0.6110981324,0.6110981324,1.5,5,-1942.1592507462,-30.034484588,Calibration fitted; not prospectively validated,2026-09-20T13:52:43Z,2026-09-21T00:20:00Z,Sun 8:20 PM ET,Kansas City Chiefs,Indianapolis Colts,5a4f3bf,2026_02_IND_KC,0.0,graded,win,0.546448087431694,0.546448087431694
50bc247030707d823b9c3581d7eb5760,Indianapolis Colts @ Kansas City Chiefs,Noah Gray,draftkings,DraftKings,recv_yds,Receiving yards,over,11.5,-112,19.2115875601,0.5010141988,0.0,0.5283018868,0.5,0.5,11.5,4,-272.8768800949,-5.1651695161,Calibration fitted; not prospectively validated,2026-09-20T13:52:43Z,2026-09-21T00:20:00Z,Sun 8:20 PM ET,Kansas City Chiefs,Indianapolis Colts,5a4f3bf,2026_02_IND_KC,0.0,graded,loss,-1.0,0.8928571428571429
50bc247030707d823b9c3581d7eb5760,Indianapolis Colts @ Kansas City Chiefs,Noah Gray,betonlineag,BetOnline.ag,recv_yds,Receiving yards,under,11.5,-112,19.2115875601,0.4989858012,0.0,0.5283018868,0.4969046636,0.5,11.5,4,-293.1608557541,-5.5491161982,Calibration fitted; not prospectively validated,2026-09-20T13:52:24Z,2026-09-21T00:20:00Z,Sun 8:20 PM ET,Kansas City Chiefs,Indianapolis Colts,5a4f3bf,2026_02_IND_KC,0.0,graded,win,0.8928571428571429,0.8928571428571429
50bc247030707d823b9c3581d7eb5760,Indianapolis Colts @ Kansas City Chiefs,Patrick Mahomes,betmgm,BetMGM,interceptions,Interceptions thrown,over,0.5,130,,,,0.4347826087,0.405904059,0.4458598726,0.5,5,,,Insufficient player data,2026-09-20T13:52:32Z,2026-09-21T00:20:00Z,Sun 8:20 PM ET,Kansas City Chiefs,Indianapolis Colts,5a4f3bf,2026_02_IND_KC,0.0,graded,loss,-1.0,1.3
50bc247030707d823b9c3581d7eb5760,Indianapolis Colts @ Kansas City Chiefs,Patrick Mahomes,betrivers,BetRivers,interceptions,Interceptions thrown,under,0.5,-134,,,,0.5726495726,0.5338645418,0.5541401274,0.5,5,,,Insufficient player data,2026-09-20T13:53:11Z,2026-09-21T00:20:00Z,Sun 8:20 PM ET,Kansas City Chiefs,Indianapolis Colts,5a4f3bf,2026_02_IND_KC,0.0,graded,win,0.746268656716418,0.746268656716418
50bc247030707d823b9c3581d7eb5760,Indianapolis Colts @ Kansas City Chiefs,Patrick Mahomes,betmgm,BetMGM,pass_attempts,Passing attempts,over,30.5,-115,29.6390487574,0.5,0.0,0.5348837209,0.5,0.5203045685,30.5,4,-348.8372093023,-6.5217391304,Calibration fitted; not prospectively validated,2026-09-20T13:52:32Z,2026-09-21T00:20:00Z,Sun 8:20 PM ET,Kansas City Chiefs,Indianapolis Colts,5a4f3bf,2026_02_IND_KC,47.0,graded,win,0.8695652173913043,0.8695652173913043
50bc247030707d823b9c3581d7eb5760,Indianapolis Colts @ Kansas City Chiefs,Patrick Mahomes,draftkings,DraftKings,pass_attempts,Passing attempts,under,30.5,-103,29.6390487574,0.5,0.0,0.5073891626,0.4782356355,0.4796954315,30.5,4,-73.8916256158,-1.4563106796,Calibration fitted; not prospectively validated,2026-09-20T13:52:43Z,2026-09-21T00:20:00Z,Sun 8:20 PM ET,Kansas City Chiefs,Indianapolis Colts,5a4f3bf,2026_02_IND_KC,47.0,graded,loss,-1.0,0.970873786407767
50bc247030707d823b9c3581d7eb5760,Indianapolis Colts @ Kansas City Chiefs,Patrick Mahomes,betmgm,BetMGM,pass_completions,Passing completions,over,19.5,-130,16.4661381986,0.4583333333,0.0,0.5652173913,0.5246062992,0.5403976668,19.5,4,-1068.8405797101,-18.9102564103,Calibration fitted; not prospectively validated,2026-09-20T13:52:32Z,2026-09-21T00:20:00Z,Sun 8:20 PM ET,Kansas City Chiefs,Indianapolis Colts,5a4f3bf,2026_02_IND_KC,32.0,graded,win,0.7692307692307693,0.7692307692307693
50bc247030707d823b9c3581d7eb5760,Indianapolis Colts @ Kansas City Chiefs,Patrick Mahomes,betonlineag,BetOnline.ag,pass_completions,Passing completions,under,19.5,105,16.4661381986,0.5416666667,0.0,0.487804878,0.4592085979,0.4596023332,19.5,4,538.6178861789,11.0416666667,Calibration fitted; not prospectively validated,2026-09-20T13:52:24Z,2026-09-21T00:20:00Z,Sun 8:20 PM ET,Kansas City Chiefs,Indianapolis Colts,5a4f3bf,2026_02_IND_KC,32.0,graded,loss,-1.0,1.05
50bc247030707d823b9c3581d7eb5760,Indianapolis Colts @ Kansas City Chiefs,Patrick Mahomes,betmgm,BetMGM,pass_tds,Passing touchdowns,over,1.5,-110,2.12,0.5,0.0,0.5238095238,0.4898785425,0.5082034454,1.5,7,-238.0952380952,-4.5454545455,Calibration fitted; not prospectively validated,2026-09-20T13:52:32Z,2026-09-21T00:20:00Z,Sun 8:20 PM ET,Kansas City Chiefs,Indianapolis Colts,5a4f3bf,2026_02_IND_KC,3.0,graded,win,0.9090909090909091,0.9090909090909091
50bc247030707d823b9c3581d7eb5760,Indianapolis Colts @ Kansas City Chiefs,Patrick Mahomes,fanduel,FanDuel,pass_tds,Passing touchdowns,under,1.5,-106,2.12,0.5,0.0,0.5145631068,0.4835607431,0.4917965546,1.5,7,-145.6310679612,-2.8301886792,Calibration fitted; not prospectively validated,2026-09-20T13:52:59Z,2026-09-21T00:20:00Z,Sun 8:20 PM ET,Kansas City Chiefs,Indianapolis Colts,5a4f3bf,2026_02_IND_KC,3.0,graded,loss,-1.0,0.9433962264150944
50bc247030707d823b9c3581d7eb5760,Indianapolis Colts @ Kansas City Chiefs,Patrick Mahomes,draftkings,DraftKings,pass_yds,Passing yards,over,219.5,-111,197.5101956449,0.5,0.0,0.5260663507,0.4978941162,0.4989470581,220.5,2,-260.663507109,-4.954954955,Calibration fitted; not prospectively validated,2026-09-20T13:52:43Z,2026-09-21T00:20:00Z,Sun 8:20 PM ET,Kansas City Chiefs,Indianapolis Colts,5a4f3bf,2026_02_IND_KC,382.0,graded,win,0.9009009009009009,0.9009009009009009
50bc247030707d823b9c3581d7eb5760,Indianapolis Colts @ Kansas City Chiefs,Patrick Mahomes,draftkings,DraftKings,pass_yds,Passing yards,under,219.5,-113,197.5101956449,0.5,0.0,0.5305164319,0.5021058838,0.5010529419,220.5,2,-305.1643192488,-5.7522123894,Calibration fitted; not prospectively validated,2026-09-20T13:52:43Z,2026-09-21T00:20:00Z,Sun 8:20 PM ET,Kansas City Chiefs,Indianapolis Colts,5a4f3bf,2026_02_IND_KC,382.0,graded,loss,-1.0,0.8849557522123894
50bc247030707d823b9c3581d7eb5760,Indianapolis Colts @ Kansas City Chiefs,Patrick Mahomes,draftkings,DraftKings,rush_attempts,Rushing attempts,over,3.5,-146,5.1722598093,0.506993007,0.0,0.593495935,0.5594871428,0.5594871428,3.5,1,-865.0292796634,-14.5751508765,Calibration fitted; not prospectively validated,2026-09-20T13:52:43Z,2026-09-21T00:20:00Z,Sun 8:20 PM ET,Kansas City Chiefs,Indianapolis Colts,5a4f3bf,2026_02_IND_KC,2.0,graded,loss,-1.0,0.684931506849315
50bc247030707d823b9c3581d7eb5760,Indianapolis Colts @ Kansas City Chiefs,Patrick Mahomes,draftkings,DraftKings,rush_attempts,Rushing attempts,under,3.5,114,5.1722598093,0.4915254237,0.0,0.4672897196,0.4405128572,0.4405128572,3.5,1,242.3570410265,5.186440678,Calibration fitted; not prospectively validated,2026-09-20T13:52:43Z,2026-09-21T00:20:00Z,Sun 8:20 PM ET,Kansas City Chiefs,Indianapolis Colts,5a4f3bf,2026_02_IND_KC,2.0,graded,win,1.14,1.14
50bc247030707d823b9c3581d7eb5760,Indianapolis Colts @ Kansas City Chiefs,Patrick Mahomes,betmgm,BetMGM,rush_yds,Rushing yards,over,17.5,-111,25.8063598242,0.5,0.0,0.5260663507,0.4928711097,0.5,17.5,3,-260.663507109,-4.954954955,Calibration fitted; not prospectively validated,2026-09-20T13:52:32Z,2026-09-21T00:20:00Z,Sun 8:20 PM ET,Kansas City Chiefs,Indianapolis Colts,5a4f3bf,2026_02_IND_KC,17.0,graded,loss,-1.0,0.9009009009009009
50bc247030707d823b9c3581d7eb5760,Indianapolis Colts @ Kansas City Chiefs,Patrick Mahomes,betonlineag,BetOnline.ag,rush_yds,Rushing yards,under,17.5,-110,25.8063598242,0.5,0.0,0.5238095238,0.4917965546,0.5,17.5,3,-238.0952380952,-4.5454545455,Calibration fitted; not prospectively validated,2026-09-20T13:52:24Z,2026-09-21T00:20:00Z,Sun 8:20 PM ET,Kansas City Chiefs,Indianapolis Colts,5a4f3bf,2026_02_IND_KC,17.0,graded,win,0.9090909090909091,0.9090909090909091
50bc247030707d823b9c3581d7eb5760,Indianapolis Colts @ Kansas City Chiefs,Rashee Rice,draftkings,DraftKings,receptions,Receptions,over,4.5,-138,4.4799875199,0.5,0.0,0.5798319328,0.5467012037,0.5467012037,4.5,5,-798.3193277311,-13.768115942,Calibration fitted; not prospectively validated,2026-09-20T13:52:43Z,2026-09-21T00:20:00Z,Sun 8:20 PM ET,Kansas City Chiefs,Indianapolis Colts,5a4f3bf,2026_02_IND_KC,4.0,graded,loss,-1.0,0.7246376811594203
50bc247030707d823b9c3581d7eb5760,Indianapolis Colts @ Kansas City Chiefs,Rashee Rice,betonlineag,BetOnline.ag,receptions,Receptions,under,4.5,110,4.4799875199,0.5,0.0,0.4761904762,0.4472667035,0.4532987963,4.5,5,238.0952380952,5.0,Calibration fitted; not prospectively validated,2026-09-20T13:52:24Z,2026-09-21T00:20:00Z,Sun 8:20 PM ET,Kansas City Chiefs,Indianapolis Colts,5a4f3bf,2026_02_IND_KC,4.0,graded,win,1.1,1.1
50bc247030707d823b9c3581d7eb5760,Indianapolis Colts @ Kansas City Chiefs,Rashee Rice,betonlineag,BetOnline.ag,recv_yds,Receiving yards,over,50.5,-114,53.5117257558,0.5,0.0,0.5327102804,0.5,0.5015067502,50.5,4,-327.1028037383,-6.1403508772,Calibration fitted; not prospectively validated,2026-09-20T13:52:24Z,2026-09-21T00:20:00Z,Sun 8:20 PM ET,Kansas City Chiefs,Indianapolis Colts,5a4f3bf,2026_02_IND_KC,83.0,graded,win,0.8771929824561403,0.8771929824561403
50bc247030707d823b9c3581d7eb5760,Indianapolis Colts @ Kansas City Chiefs,Rashee Rice,draftkings,DraftKings,recv_yds,Receiving yards,under,50.5,-110,53.5117257558,0.5,0.0,0.5238095238,0.4957877001,0.4984932498,50.5,4,-238.0952380952,-4.5454545455,Calibration fitted; not prospectively validated,2026-09-20T13:52:43Z,2026-09-21T00:20:00Z,Sun 8:20 PM ET,Kansas City Chiefs,Indianapolis Colts,5a4f3bf,2026_02_IND_KC,83.0,graded,loss,-1.0,0.9090909090909091
50bc247030707d823b9c3581d7eb5760,Indianapolis Colts @ Kansas City Chiefs,Travis Kelce,draftkings,DraftKings,receptions,Receptions,over,3.5,-139,3.5357236619,0.5408805031,0.0,0.5815899582,0.548639308,0.556480811,3.5,5,-407.0945501434,-6.9996832723,Calibration fitted; not prospectively validated,2026-09-20T13:52:43Z,2026-09-21T00:20:00Z,Sun 8:20 PM ET,Kansas City Chiefs,Indianapolis Colts,5a4f3bf,2026_02_IND_KC,9.0,graded,win,0.7194244604316546,0.7194244604316546
50bc247030707d823b9c3581d7eb5760,Indianapolis Colts @ Kansas City Chiefs,Travis Kelce,fanduel,FanDuel,receptions,Receptions,under,3.5,116,3.5357236619,0.4591194969,0.0,0.462962963,0.4329742261,0.443519189,3.5,5,-38.4346610762,-0.8301886792,Calibration fitted; not prospectively validated,2026-09-20T13:52:59Z,2026-09-21T00:20:00Z,Sun 8:20 PM ET,Kansas City Chiefs,Indianapolis Colts,5a4f3bf,2026_02_IND_KC,9.0,graded,loss,-1.0,1.16
50bc247030707d823b9c3581d7eb5760,Indianapolis Colts @ Kansas City Chiefs,Travis Kelce,betonlineag,BetOnline.ag,recv_yds,Receiving yards,over,42.5,-111,48.3646136193,0.5,0.0,0.5260663507,0.4948402543,0.4984932498,42.5,4,-260.663507109,-4.954954955,Calibration fitted; not prospectively validated,2026-09-20T13:52:24Z,2026-09-21T00:20:00Z,Sun 8:20 PM ET,Kansas City Chiefs,Indianapolis Colts,5a4f3bf,2026_02_IND_KC,101.0,graded,win,0.9009009009009009,0.9009009009009009
50bc247030707d823b9c3581d7eb5760,Indianapolis Colts @ Kansas City Chiefs,Travis Kelce,fanduel,FanDuel,recv_yds,Receiving yards,under,42.5,-113,48.3646136193,0.5,0.0,0.5305164319,0.5,0.5015067502,42.5,4,-305.1643192488,-5.7522123894,Calibration fitted; not prospectively validated,2026-09-20T13:52:59Z,2026-09-21T00:20:00Z,Sun 8:20 PM ET,Kansas City Chiefs,Indianapolis Colts,5a4f3bf,2026_02_IND_KC,101.0,graded,loss,-1.0,0.8849557522123894
50bc247030707d823b9c3581d7eb5760,Indianapolis Colts @ Kansas City Chiefs,Tyler Warren,fanduel,FanDuel,receptions,Receptions,over,4.5,-130,2.2747389504,0.4210526316,0.0,0.5652173913,0.528157683,0.548639308,4.5,5,-1441.647597254,-25.5060728745,Calibration fitted; not prospectively validated,2026-09-20T13:52:59Z,2026-09-21T00:20:00Z,Sun 8:20 PM ET,Kansas City Chiefs,Indianapolis Colts,5a4f3bf,2026_02_IND_KC,6.0,graded,win,0.7692307692307693,0.7692307692307693
50bc247030707d823b9c3581d7eb5760,Indianapolis Colts @ Kansas City Chiefs,Tyler Warren,betmgm,BetMGM,receptions,Receptions,under,4.5,110,2.2747389504,0.5789473684,0.0,0.4761904762,0.4424778761,0.451360692,4.5,5,1027.5689223058,21.5789473684,Calibration fitted; not prospectively validated,2026-09-20T13:52:32Z,2026-09-21T00:20:00Z,Sun 8:20 PM ET,Kansas City Chiefs,Indianapolis Colts,5a4f3bf,2026_02_IND_KC,6.0,graded,loss,-1.0,1.1
50bc247030707d823b9c3581d7eb5760,Indianapolis Colts @ Kansas City Chiefs,Tyler Warren,fanduel,FanDuel,recv_yds,Receiving yards,over,42.5,-113,20.1535749998,0.4836956522,0.0,0.5305164319,0.5,0.5072616132,42.5,4,-468.2077975097,-8.8255098115,Calibration fitted; not prospectively validated,2026-09-20T13:52:59Z,2026-09-21T00:20:00Z,Sun 8:20 PM ET,Kansas City Chiefs,Indianapolis Colts,5a4f3bf,2026_02_IND_KC,21.0,graded,loss,-1.0,0.8849557522123894
50bc247030707d823b9c3581d7eb5760,Indianapolis Colts @ Kansas City Chiefs,Tyler Warren,draftkings,DraftKings,recv_yds,Receiving yards,under,42.5,-109,20.1535749998,0.5163043478,0.0,0.5215311005,0.4936802191,0.4927383868,42.5,4,-52.2675265238,-1.0021938572,Calibration fitted; not prospectively validated,2026-09-20T13:52:43Z,2026-09-21T00:20:00Z,Sun 8:20 PM ET,Kansas City Chiefs,Indianapolis Colts,5a4f3bf,2026_02_IND_KC,21.0,graded,win,0.9174311926605505,0.9174311926605505
50bc247030707d823b9c3581d7eb5760,Indianapolis Colts @ Kansas City Chiefs,Tyquan Thornton,fanduel,FanDuel,receptions,Receptions,over,1.5,148,1.4374998187,0.4591194969,0.0,0.4032258065,0.3768844221,0.3933164105,1.5,5,558.9369040373,13.8616352201,Calibration fitted; not prospectively validated,2026-09-20T13:52:59Z,2026-09-21T00:20:00Z,Sun 8:20 PM ET,Kansas City Chiefs,Indianapolis Colts,5a4f3bf,2026_02_IND_KC,4.0,graded,win,1.48,1.48
50bc247030707d823b9c3581d7eb5760,Indianapolis Colts @ Kansas City Chiefs,Tyquan Thornton,draftkings,DraftKings,receptions,Receptions,under,1.5,-175,1.4374998187,0.5408805031,0.0,0.6363636364,0.6013048206,0.6066835895,1.5,5,-954.8313321898,-15.004492363,Calibration fitted; not prospectively validated,2026-09-20T13:52:43Z,2026-09-21T00:20:00Z,Sun 8:20 PM ET,Kansas City Chiefs,Indianapolis Colts,5a4f3bf,2026_02_IND_KC,4.0,graded,loss,-1.0,0.5714285714285714
50bc247030707d823b9c3581d7eb5760,Indianapolis Colts @ Kansas City Chiefs,Tyquan Thornton,betmgm,BetMGM,recv_yds,Receiving yards,over,16.5,-115,21.6590964623,0.5010141988,0.0,0.5348837209,0.5,0.5063197809,16.0,3,-338.6952214727,-6.3321280536,Calibration fitted; not prospectively validated,2026-09-20T13:52:32Z,2026-09-21T00:20:00Z,Sun 8:20 PM ET,Kansas City Chiefs,Indianapolis Colts,5a4f3bf,2026_02_IND_KC,86.0,graded,win,0.8695652173913043,0.8695652173913043
50bc247030707d823b9c3581d7eb5760,Indianapolis Colts @ Kansas City Chiefs,Tyquan Thornton,draftkings,DraftKings,recv_yds,Receiving yards,under,16.5,-109,21.6590964623,0.4989858012,0.0,0.5215311005,0.4936802191,0.4936802191,16.0,3,-225.4529926143,-4.3229060052,Calibration fitted; not prospectively validated,2026-09-20T13:52:43Z,2026-09-21T00:20:00Z,Sun 8:20 PM ET,Kansas City Chiefs,Indianapolis Colts,5a4f3bf,2026_02_IND_KC,86.0,graded,loss,-1.0,0.9174311926605505
50bc247030707d823b9c3581d7eb5760,Indianapolis Colts @ Kansas City Chiefs,Xavier Worthy,betrivers,BetRivers,receptions,Receptions,over,3.5,108,2.3782749654,0.4524271845,0.0,0.4807692308,,0.4652655222,3.5,5,-283.4204630321,-5.8951456311,Calibration fitted; not prospectively validated,2026-09-20T13:53:11Z,2026-09-21T00:20:00Z,Sun 8:20 PM ET,Kansas City Chiefs,Indianapolis Colts,5a4f3bf,2026_02_IND_KC,5.0,graded,win,1.08,1.08
50bc247030707d823b9c3581d7eb5760,Indianapolis Colts @ Kansas City Chiefs,Xavier Worthy,draftkings,DraftKings,receptions,Receptions,under,3.5,-129,2.3782749654,0.5475728155,0.0,0.5633187773,0.5310164042,0.5347344778,3.5,5,-157.459617586,-2.7952133664,Calibration fitted; not prospectively validated,2026-09-20T13:52:43Z,2026-09-21T00:20:00Z,Sun 8:20 PM ET,Kansas City Chiefs,Indianapolis Colts,5a4f3bf,2026_02_IND_KC,5.0,graded,loss,-1.0,0.7751937984496124
50bc247030707d823b9c3581d7eb5760,Indianapolis Colts @ Kansas City Chiefs,Xavier Worthy,draftkings,DraftKings,recv_yds,Receiving yards,over,40.5,-114,27.6160713845,0.4985632184,0.0,0.5327102804,0.5042122999,0.5,40.0,3,-341.4706198303,-6.4100625126,Calibration fitted; not prospectively validated,2026-09-20T13:52:43Z,2026-09-21T00:20:00Z,Sun 8:20 PM ET,Kansas City Chiefs,Indianapolis Colts,5a4f3bf,2026_02_IND_KC,25.0,graded,loss,-1.0,0.8771929824561403
50bc247030707d823b9c3581d7eb5760,Indianapolis Colts @ Kansas City Chiefs,Xavier Worthy,draftkings,DraftKings,recv_yds,Receiving yards,under,40.5,-110,27.6160713845,0.5014367816,0.0,0.5238095238,0.4957877001,0.5,40.0,3,-223.7274220033,-4.2711598746,Calibration fitted; not prospectively validated,2026-09-20T13:52:43Z,2026-09-21T00:20:00Z,Sun 8:20 PM ET,Kansas City Chiefs,Indianapolis Colts,5a4f3bf,2026_02_IND_KC,25.0,graded,win,0.9090909090909091,0.9090909090909091
56e8897681915f7ec92baeee952bb1ae,Detroit Lions @ Buffalo Bills,Amon-Ra St. Brown,betmgm,BetMGM,receptions,Receptions,over,7.5,105,6.5329013132,0.4524271845,0.0,0.487804878,0.4554079696,0.4693877551,7.5,5,-353.7769358276,-7.2524271845,Calibration fitted; not prospectively validated,2026-09-17T21:28:09Z,2026-09-18T00:15:00Z,Thu 8:15 PM ET,Buffalo Bills,Detroit Lions,13c730d,2026_02_DET_BUF,9.0,graded,win,1.05,1.05
56e8897681915f7ec92baeee952bb1ae,Detroit Lions @ Buffalo Bills,Amon-Ra St. Brown,betonlineag,BetOnline.ag,receptions,Receptions,under,7.5,-123,6.5329013132,0.5475728155,0.0,0.5515695067,0.5185070944,0.5306122449,7.5,5,-39.9669119248,-0.7246033625,Calibration fitted; not prospectively validated,2026-09-17T21:27:31Z,2026-09-18T00:15:00Z,Thu 8:15 PM ET,Buffalo Bills,Detroit Lions,13c730d,2026_02_DET_BUF,9.0,graded,loss,-1.0,0.8130081300813008
56e8897681915f7ec92baeee952bb1ae,Detroit Lions @ Buffalo Bills,Amon-Ra St. Brown,betonlineag,BetOnline.ag,recv_yds,Receiving yards,over,80.5,-114,69.0901933067,0.4989858012,0.0,0.5327102804,0.5,0.5,80.5,4,-337.2447915679,-6.330735561,Calibration fitted; not prospectively validated,2026-09-17T21:27:31Z,2026-09-18T00:15:00Z,Thu 8:15 PM ET,Buffalo Bills,Detroit Lions,13c730d,2026_02_DET_BUF,142.0,graded,win,0.8771929824561403,0.8771929824561403
56e8897681915f7ec92baeee952bb1ae,Detroit Lions @ Buffalo Bills,Amon-Ra St. Brown,draftkings,DraftKings,recv_yds,Receiving yards,under,80.5,-110,69.0901933067,0.5010141988,0.0,0.5238095238,0.4957877001,0.5,80.5,4,-227.9532502656,-4.3518347778,Calibration fitted; not prospectively validated,2026-09-17T21:28:13Z,2026-09-18T00:15:00Z,Thu 8:15 PM ET,Buffalo Bills,Detroit Lions,13c730d,2026_02_DET_BUF,142.0,graded,loss,-1.0,0.9090909090909091
56e8897681915f7ec92baeee952bb1ae,Detroit Lions @ Buffalo Bills,Brock Wright,fanduel,FanDuel,receptions,Receptions,over,0.5,-188,2.0725594643,0.5475728155,0.0,0.6527777778,0.6103896104,0.6103896104,0.5,1,-1052.049622438,-16.1165048544,Calibration fitted; not prospectively validated,2026-09-17T21:27:50Z,2026-09-18T00:15:00Z,Thu 8:15 PM ET,Buffalo Bills,Detroit Lions,13c730d,2026_02_DET_BUF,,no offensive usage evidence,,,0.5319148936170213
56e8897681915f7ec92baeee952bb1ae,Detroit Lions @ Buffalo Bills,Brock Wright,fanduel,FanDuel,receptions,Receptions,under,0.5,140,2.0725594643,0.4524271845,0.0,0.4166666667,0.3896103896,0.3896103896,0.5,1,357.6051779935,8.5825242718,Calibration fitted; not prospectively validated,2026-09-17T21:27:50Z,2026-09-18T00:15:00Z,Thu 8:15 PM ET,Buffalo Bills,Detroit Lions,13c730d,2026_02_DET_BUF,,no offensive usage evidence,,,1.4
56e8897681915f7ec92baeee952bb1ae,Detroit Lions @ Buffalo Bills,Brock Wright,draftkings,DraftKings,recv_yds,Receiving yards,over,5.5,-111,17.676418306,0.5014367816,0.0,0.5260663507,0.4978941162,0.4989470581,5.5,2,-246.2956910171,-4.6818370094,Calibration fitted; not prospectively validated,2026-09-17T21:28:13Z,2026-09-18T00:15:00Z,Thu 8:15 PM ET,Buffalo Bills,Detroit Lions,13c730d,2026_02_DET_BUF,,no offensive usage evidence,,,0.9009009009009009
56e8897681915f7ec92baeee952bb1ae,Detroit Lions @ Buffalo Bills,Brock Wright,draftkings,DraftKings,recv_yds,Receiving yards,under,5.5,-113,17.676418306,0.4985632184,0.0,0.5305164319,0.5021058838,0.5010529419,5.5,2,-319.5321353408,-6.0230393653,Calibration fitted; not prospectively validated,2026-09-17T21:28:13Z,2026-09-18T00:15:00Z,Thu 8:15 PM ET,Buffalo Bills,Detroit Lions,13c730d,2026_02_DET_BUF,,no offensive usage evidence,,,0.8849557522123894
56e8897681915f7ec92baeee952bb1ae,Detroit Lions @ Buffalo Bills,DJ Moore,draftkings,DraftKings,receptions,Receptions,over,4.5,-108,4.5030125456,0.5,0.0,0.5192307692,0.4896023956,0.4969655284,4.5,6,-192.3076923077,-3.7037037037,Calibration fitted; not prospectively validated,2026-09-17T21:28:13Z,2026-09-18T00:15:00Z,Thu 8:15 PM ET,Buffalo Bills,Detroit Lions,13c730d,2026_02_DET_BUF,0.0,graded,loss,-1.0,0.9259259259259259
56e8897681915f7ec92baeee952bb1ae,Detroit Lions @ Buffalo Bills,DJ Moore,betonlineag,BetOnline.ag,receptions,Receptions,under,4.5,-114,4.5030125456,0.5,0.0,0.5327102804,0.5,0.5030344716,4.5,6,-327.1028037383,-6.1403508772,Calibration fitted; not prospectively validated,2026-09-17T21:27:31Z,2026-09-18T00:15:00Z,Thu 8:15 PM ET,Buffalo Bills,Detroit Lions,13c730d,2026_02_DET_BUF,0.0,graded,win,0.8771929824561403,0.8771929824561403
56e8897681915f7ec92baeee952bb1ae,Detroit Lions @ Buffalo Bills,DJ Moore,draftkings,DraftKings,recv_yds,Receiving yards,over,62.5,-114,64.9968742579,0.5,0.0,0.5327102804,0.5042122999,0.5010179153,62.5,3,-327.1028037383,-6.1403508772,Calibration fitted; not prospectively validated,2026-09-17T21:28:13Z,2026-09-18T00:15:00Z,Thu 8:15 PM ET,Buffalo Bills,Detroit Lions,13c730d,2026_02_DET_BUF,0.0,graded,loss,-1.0,0.8771929824561403
56e8897681915f7ec92baeee952bb1ae,Detroit Lions @ Buffalo Bills,DJ Moore,draftkings,DraftKings,recv_yds,Receiving yards,under,62.5,-110,64.9968742579,0.5,0.0,0.5238095238,0.4957877001,0.4989820847,62.5,3,-238.0952380952,-4.5454545455,Calibration fitted; not prospectively validated,2026-09-17T21:28:13Z,2026-09-18T00:15:00Z,Thu 8:15 PM ET,Buffalo Bills,Detroit Lions,13c730d,2026_02_DET_BUF,0.0,graded,win,0.9090909090909091,0.9090909090909091
56e8897681915f7ec92baeee952bb1ae,Detroit Lions @ Buffalo Bills,Dalton Kincaid,draftkings,DraftKings,receptions,Receptions,over,4.5,126,4.0757558532,0.4579439252,0.0,0.4424778761,0.4171177482,0.4168103476,4.5,4,154.6604912745,3.4953271028,Calibration fitted; not prospectively validated,2026-09-17T21:28:13Z,2026-09-18T00:15:00Z,Thu 8:15 PM ET,Buffalo Bills,Detroit Lions,13c730d,2026_02_DET_BUF,7.0,graded,win,1.26,1.26
56e8897681915f7ec92baeee952bb1ae,Detroit Lions @ Buffalo Bills,Dalton Kincaid,betonlineag,BetOnline.ag,receptions,Receptions,under,4.5,-156,4.0757558532,0.5420560748,0.0,0.609375,0.5727636849,0.5831896524,4.5,4,-673.1892523364,-11.0472082435,Calibration fitted; not prospectively validated,2026-09-17T21:27:31Z,2026-09-18T00:15:00Z,Thu 8:15 PM ET,Buffalo Bills,Detroit Lions,13c730d,2026_02_DET_BUF,7.0,graded,loss,-1.0,0.6410256410256411
56e8897681915f7ec92baeee952bb1ae,Detroit Lions @ Buffalo Bills,Dalton Kincaid,betrivers,BetRivers,recv_yds,Receiving yards,over,50.5,-117,59.6877067153,0.5010141988,0.0,0.5391705069,0.5030135005,0.5203045685,52.5,3,-381.5630812948,-7.07685373,Calibration fitted; not prospectively validated,2026-09-17T21:28:24Z,2026-09-18T00:15:00Z,Thu 8:15 PM ET,Buffalo Bills,Detroit Lions,13c730d,2026_02_DET_BUF,95.0,graded,win,0.8547008547008547,0.8547008547008547
56e8897681915f7ec92baeee952bb1ae,Detroit Lions @ Buffalo Bills,Dalton Kincaid,betmgm,BetMGM,recv_yds,Receiving yards,under,50.5,100,59.6877067153,0.4989858012,0.0,0.5,0.4653465347,0.4796954315,52.5,3,-10.1419878296,-0.2028397566,Calibration fitted; not prospectively validated,2026-09-17T21:28:09Z,2026-09-18T00:15:00Z,Thu 8:15 PM ET,Buffalo Bills,Detroit Lions,13c730d,2026_02_DET_BUF,95.0,graded,loss,-1.0,1.0
56e8897681915f7ec92baeee952bb1ae,Detroit Lions @ Buffalo Bills,Dawson Knox,draftkings,DraftKings,receptions,Receptions,over,1.5,127,2.9166792712,0.5475728155,0.0,0.4405286344,0.415475269,0.4170324846,1.5,5,1070.4418117275,24.2990291262,Calibration fitted; not prospectively validated,2026-09-17T21:28:13Z,2026-09-18T00:15:00Z,Thu 8:15 PM ET,Buffalo Bills,Detroit Lions,13c730d,2026_02_DET_BUF,2.0,graded,win,1.27,1.27
56e8897681915f7ec92baeee952bb1ae,Detroit Lions @ Buffalo Bills,Dawson Knox,betmgm,BetMGM,receptions,Receptions,under,1.5,-150,2.9166792712,0.4524271845,0.0,0.6,0.5575221239,0.5829675154,1.5,5,-1475.7281553398,-24.5954692557,Calibration fitted; not prospectively validated,2026-09-17T21:28:09Z,2026-09-18T00:15:00Z,Thu 8:15 PM ET,Buffalo Bills,Detroit Lions,13c730d,2026_02_DET_BUF,2.0,graded,loss,-1.0,0.6666666666666666
56e8897681915f7ec92baeee952bb1ae,Detroit Lions @ Buffalo Bills,Dawson Knox,draftkings,DraftKings,recv_yds,Receiving yards,over,12.5,-110,30.9754906976,0.5163043478,0.0,0.5238095238,0.4957877001,0.5,12.5,5,-75.0517598344,-1.4328063241,Calibration fitted; not prospectively validated,2026-09-17T21:28:13Z,2026-09-18T00:15:00Z,Thu 8:15 PM ET,Buffalo Bills,Detroit Lions,13c730d,2026_02_DET_BUF,5.0,graded,loss,-1.0,0.9090909090909091
56e8897681915f7ec92baeee952bb1ae,Detroit Lions @ Buffalo Bills,Dawson Knox,betonlineag,BetOnline.ag,recv_yds,Receiving yards,under,12.5,-103,30.9754906976,0.4836956522,0.0,0.5073891626,0.4773429454,0.5,12.5,5,-236.9351038766,-4.6696918531,Calibration fitted; not prospectively validated,2026-09-17T21:27:31Z,2026-09-18T00:15:00Z,Thu 8:15 PM ET,Buffalo Bills,Detroit Lions,13c730d,2026_02_DET_BUF,5.0,graded,win,0.970873786407767,0.970873786407767
56e8897681915f7ec92baeee952bb1ae,Detroit Lions @ Buffalo Bills,Isaac TeSlaa,betrivers,BetRivers,receptions,Receptions,over,1.5,-109,1.576876577,0.5408805031,0.0,0.5215311005,,0.5101214575,1.5,5,193.4940266619,3.7101148231,Calibration fitted; not prospectively validated,2026-09-17T21:28:24Z,2026-09-18T00:15:00Z,Thu 8:15 PM ET,Buffalo Bills,Detroit Lions,13c730d,2026_02_DET_BUF,2.0,graded,win,0.9174311926605505,0.9174311926605505
56e8897681915f7ec92baeee952bb1ae,Detroit Lions @ Buffalo Bills,Isaac TeSlaa,betonlineag,BetOnline.ag,receptions,Receptions,under,1.5,100,1.576876577,0.4591194969,0.0,0.5,0.4693877551,0.4898785425,1.5,5,-408.8050314465,-8.1761006289,Calibration fitted; not prospectively validated,2026-09-17T21:27:31Z,2026-09-18T00:15:00Z,Thu 8:15 PM ET,Buffalo Bills,Detroit Lions,13c730d,2026_02_DET_BUF,2.0,graded,loss,-1.0,1.0
56e8897681915f7ec92baeee952bb1ae,Detroit Lions @ Buffalo Bills,Isaac TeSlaa,draftkings,DraftKings,recv_yds,Receiving yards,over,17.5,-110,20.1517506904,0.5,0.0,0.5238095238,0.4957877001,0.49789385,17.5,4,-238.0952380952,-4.5454545455,Calibration fitted; not prospectively validated,2026-09-17T21:28:13Z,2026-09-18T00:15:00Z,Thu 8:15 PM ET,Buffalo Bills,Detroit Lions,13c730d,2026_02_DET_BUF,26.0,graded,win,0.9090909090909091,0.9090909090909091
56e8897681915f7ec92baeee952bb1ae,Detroit Lions @ Buffalo Bills,Isaac TeSlaa,fanduel,FanDuel,recv_yds,Receiving yards,under,17.5,-113,20.1517506904,0.5,0.0,0.5305164319,0.5,0.50210615,17.5,4,-305.1643192488,-5.7522123894,Calibration fitted; not prospectively validated,2026-09-17T21:27:50Z,2026-09-18T00:15:00Z,Thu 8:15 PM ET,Buffalo Bills,Detroit Lions,13c730d,2026_02_DET_BUF,26.0,graded,loss,-1.0,0.8849557522123894
56e8897681915f7ec92baeee952bb1ae,Detroit Lions @ Buffalo Bills,Jahmyr Gibbs,betrivers,BetRivers,receptions,Receptions,over,4.5,114,3.7969621306,0.4524271845,0.0,0.4672897196,,0.4463337988,4.5,4,-148.6253516015,-3.1805825243,Calibration fitted; not prospectively validated,2026-09-17T21:28:24Z,2026-09-18T00:15:00Z,Thu 8:15 PM ET,Buffalo Bills,Detroit Lions,13c730d,2026_02_DET_BUF,6.0,graded,win,1.14,1.14
56e8897681915f7ec92baeee952bb1ae,Detroit Lions @ Buffalo Bills,Jahmyr Gibbs,betonlineag,BetOnline.ag,receptions,Receptions,under,4.5,-135,3.7969621306,0.5475728155,0.0,0.5744680851,0.5395768025,0.5536662012,4.5,4,-268.952695724,-4.6817691478,Calibration fitted; not prospectively validated,2026-09-17T21:27:31Z,2026-09-18T00:15:00Z,Thu 8:15 PM ET,Buffalo Bills,Detroit Lions,13c730d,2026_02_DET_BUF,6.0,graded,loss,-1.0,0.7407407407407407
56e8897681915f7ec92baeee952bb1ae,Detroit Lions @ Buffalo Bills,Jahmyr Gibbs,draftkings,DraftKings,recv_yds,Receiving yards,over,31.5,-108,28.6502588499,0.5,0.0,0.5192307692,0.4915711396,0.4915711396,31.0,3,-192.3076923077,-3.7037037037,Calibration fitted; not prospectively validated,2026-09-17T21:28:13Z,2026-09-18T00:15:00Z,Thu 8:15 PM ET,Buffalo Bills,Detroit Lions,13c730d,2026_02_DET_BUF,61.0,graded,win,0.9259259259259259,0.9259259259259259
56e8897681915f7ec92baeee952bb1ae,Detroit Lions @ Buffalo Bills,Jahmyr Gibbs,betmgm,BetMGM,recv_yds,Receiving yards,under,31.5,-111,28.6502588499,0.5,0.0,0.5260663507,0.4909529554,0.5084288604,31.0,3,-260.663507109,-4.954954955,Calibration fitted; not prospectively validated,2026-09-17T21:28:09Z,2026-09-18T00:15:00Z,Thu 8:15 PM ET,Buffalo Bills,Detroit Lions,13c730d,2026_02_DET_BUF,61.0,graded,loss,-1.0,0.9009009009009009
56e8897681915f7ec92baeee952bb1ae,Detroit Lions @ Buffalo Bills,Jahmyr Gibbs,draftkings,DraftKings,rush_attempts,Rushing attempts,over,18.5,-109,14.4984839976,0.4054054054,0.0,0.5215311005,0.4916850289,0.4958425144,18.5,2,-1161.2569507306,-22.2663030002,Calibration fitted; not prospectively validated,2026-09-17T21:28:13Z,2026-09-18T00:15:00Z,Thu 8:15 PM ET,Buffalo Bills,Detroit Lions,13c730d,2026_02_DET_BUF,16.0,graded,loss,-1.0,0.9174311926605505
56e8897681915f7ec92baeee952bb1ae,Detroit Lions @ Buffalo Bills,Jahmyr Gibbs,betonlineag,BetOnline.ag,rush_attempts,Rushing attempts,under,18.5,-114,14.4984839976,0.5945945946,0.0,0.5327102804,0.5,0.5041574856,18.5,2,618.8431422076,11.6168800379,Calibration fitted; not prospectively validated,2026-09-17T21:27:31Z,2026-09-18T00:15:00Z,Thu 8:15 PM ET,Buffalo Bills,Detroit Lions,13c730d,2026_02_DET_BUF,16.0,graded,win,0.8771929824561403,0.8771929824561403
56e8897681915f7ec92baeee952bb1ae,Detroit Lions @ Buffalo Bills,Jahmyr Gibbs,draftkings,DraftKings,rush_yds,Rushing yards,over,87.5,-112,69.6212941655,0.4352331606,0.0,0.5283018868,0.5,0.5,87.5,3,-930.6872617069,-17.6165803109,Calibration fitted; not prospectively validated,2026-09-17T21:28:13Z,2026-09-18T00:15:00Z,Thu 8:15 PM ET,Buffalo Bills,Detroit Lions,13c730d,2026_02_DET_BUF,52.0,graded,loss,-1.0,0.8928571428571429
56e8897681915f7ec92baeee952bb1ae,Detroit Lions @ Buffalo Bills,Jahmyr Gibbs,draftkings,DraftKings,rush_yds,Rushing yards,under,87.5,-112,69.6212941655,0.5647668394,0.0,0.5283018868,0.5,0.5,87.5,3,364.6495258579,6.9022945966,Calibration fitted; not prospectively validated,2026-09-17T21:28:13Z,2026-09-18T00:15:00Z,Thu 8:15 PM ET,Buffalo Bills,Detroit Lions,13c730d,2026_02_DET_BUF,52.0,graded,win,0.8928571428571429,0.8928571428571429
56e8897681915f7ec92baeee952bb1ae,Detroit Lions @ Buffalo Bills,James Cook,betonlineag,BetOnline.ag,receptions,Receptions,over,2.5,-108,2.165143267,0.4579439252,0.0,0.5192307692,0.4876847291,0.5,2.5,5,-612.8684399712,-11.8033921772,Calibration fitted; not prospectively validated,2026-09-17T21:27:31Z,2026-09-18T00:15:00Z,Thu 8:15 PM ET,Buffalo Bills,Detroit Lions,13c730d,2026_02_DET_BUF,1.0,graded,loss,-1.0,0.9259259259259259
56e8897681915f7ec92baeee952bb1ae,Detroit Lions @ Buffalo Bills,James Cook,bovada,Bovada,receptions,Receptions,under,2.5,-110,2.165143267,0.5420560748,0.0,0.5238095238,0.4898785425,0.5,2.5,5,182.4655095683,3.4834324554,Calibration fitted; not prospectively validated,2026-09-17T21:28:03Z,2026-09-18T00:15:00Z,Thu 8:15 PM ET,Buffalo Bills,Detroit Lions,13c730d,2026_02_DET_BUF,1.0,graded,win,0.9090909090909091,0.9090909090909091
56e8897681915f7ec92baeee952bb1ae,Detroit Lions @ Buffalo Bills,James Cook,fanduel,FanDuel,recv_yds,Receiving yards,over,18.5,-113,17.2131918582,0.5,0.0,0.5305164319,0.5,0.5,18.5,4,-305.1643192488,-5.7522123894,Calibration fitted; not prospectively validated,2026-09-17T21:27:50Z,2026-09-18T00:15:00Z,Thu 8:15 PM ET,Buffalo Bills,Detroit Lions,13c730d,2026_02_DET_BUF,4.0,graded,loss,-1.0,0.8849557522123894
56e8897681915f7ec92baeee952bb1ae,Detroit Lions @ Buffalo Bills,James Cook,fanduel,FanDuel,recv_yds,Receiving yards,under,18.5,-113,17.2131918582,0.5,0.0,0.5305164319,0.5,0.5,18.5,4,-305.1643192488,-5.7522123894,Calibration fitted; not prospectively validated,2026-09-17T21:27:50Z,2026-09-18T00:15:00Z,Thu 8:15 PM ET,Buffalo Bills,Detroit Lions,13c730d,2026_02_DET_BUF,4.0,graded,win,0.8849557522123894,0.8849557522123894
56e8897681915f7ec92baeee952bb1ae,Detroit Lions @ Buffalo Bills,James Cook,betmgm,BetMGM,rush_attempts,Rushing attempts,over,17.5,-120,12.5473236895,0.4054054054,0.0,0.5454545455,0.5101214575,0.5185070944,17.5,3,-1400.4914004914,-25.6756756757,Calibration fitted; not prospectively validated,2026-09-17T21:28:09Z,2026-09-18T00:15:00Z,Thu 8:15 PM ET,Buffalo Bills,Detroit Lions,13c730d,2026_02_DET_BUF,21.0,graded,win,0.8333333333333334,0.8333333333333334
56e8897681915f7ec92baeee952bb1ae,Detroit Lions @ Buffalo Bills,James Cook,draftkings,DraftKings,rush_attempts,Rushing attempts,under,17.5,-103,12.5473236895,0.5945945946,0.0,0.5073891626,0.4782356355,0.4814929056,17.5,3,872.0543203302,17.1870900026,Calibration fitted; not prospectively validated,2026-09-17T21:28:13Z,2026-09-18T00:15:00Z,Thu 8:15 PM ET,Buffalo Bills,Detroit Lions,13c730d,2026_02_DET_BUF,21.0,graded,loss,-1.0,0.970873786407767
56e8897681915f7ec92baeee952bb1ae,Detroit Lions @ Buffalo Bills,James Cook,draftkings,DraftKings,rush_yds,Rushing yards,over,79.5,-112,58.2431966365,0.4352331606,0.0,0.5283018868,0.5,0.5,79.5,3,-930.6872617069,-17.6165803109,Calibration fitted; not prospectively validated,2026-09-17T21:28:13Z,2026-09-18T00:15:00Z,Thu 8:15 PM ET,Buffalo Bills,Detroit Lions,13c730d,2026_02_DET_BUF,135.0,graded,win,0.8928571428571429,0.8928571428571429
56e8897681915f7ec92baeee952bb1ae,Detroit Lions @ Buffalo Bills,James Cook,draftkings,DraftKings,rush_yds,Rushing yards,under,79.5,-112,58.2431966365,0.5647668394,0.0,0.5283018868,0.5,0.5,79.5,3,364.6495258579,6.9022945966,Calibration fitted; not prospectively validated,2026-09-17T21:28:13Z,2026-09-18T00:15:00Z,Thu 8:15 PM ET,Buffalo Bills,Detroit Lions,13c730d,2026_02_DET_BUF,135.0,graded,loss,-1.0,0.8928571428571429
56e8897681915f7ec92baeee952bb1ae,Detroit Lions @ Buffalo Bills,Jameson Williams,fanduel,FanDuel,receptions,Receptions,over,3.5,-148,2.8520047063,0.4524271845,0.0,0.5967741935,0.5585303332,0.5715249663,3.5,3,-1443.4700908237,-24.1878771976,Calibration fitted; not prospectively validated,2026-09-17T21:27:50Z,2026-09-18T00:15:00Z,Thu 8:15 PM ET,Buffalo Bills,Detroit Lions,13c730d,2026_02_DET_BUF,2.0,graded,loss,-1.0,0.6756756756756757
56e8897681915f7ec92baeee952bb1ae,Detroit Lions @ Buffalo Bills,Jameson Williams,bovada,Bovada,receptions,Receptions,under,3.5,120,2.8520047063,0.5475728155,0.0,0.4545454545,0.4248366013,0.4284750337,3.5,3,930.2736098853,20.4660194175,Calibration fitted; not prospectively validated,2026-09-17T21:28:03Z,2026-09-18T00:15:00Z,Thu 8:15 PM ET,Buffalo Bills,Detroit Lions,13c730d,2026_02_DET_BUF,2.0,graded,win,1.2,1.2
56e8897681915f7ec92baeee952bb1ae,Detroit Lions @ Buffalo Bills,Jameson Williams,fanduel,FanDuel,recv_yds,Receiving yards,over,57.5,-113,40.0125972947,0.4985632184,0.0,0.5305164319,0.5,0.5025116541,58.0,2,-319.5321353408,-6.0230393653,Calibration fitted; not prospectively validated,2026-09-17T21:27:50Z,2026-09-18T00:15:00Z,Thu 8:15 PM ET,Buffalo Bills,Detroit Lions,13c730d,2026_02_DET_BUF,33.0,graded,loss,-1.0,0.8849557522123894
56e8897681915f7ec92baeee952bb1ae,Detroit Lions @ Buffalo Bills,Jameson Williams,betrivers,BetRivers,recv_yds,Receiving yards,under,57.5,-113,40.0125972947,0.5014367816,0.0,0.5305164319,0.4949766919,0.4974883459,58.0,2,-290.7965031569,-5.4813854135,Calibration fitted; not prospectively validated,2026-09-17T21:28:24Z,2026-09-18T00:15:00Z,Thu 8:15 PM ET,Buffalo Bills,Detroit Lions,13c730d,2026_02_DET_BUF,33.0,graded,win,0.8849557522123894,0.8849557522123894
56e8897681915f7ec92baeee952bb1ae,Detroit Lions @ Buffalo Bills,Jared Goff,betmgm,BetMGM,interceptions,Interceptions thrown,over,0.5,100,,,,0.5,0.4653465347,0.4896023956,0.5,5,,,Insufficient player data,2026-09-17T21:28:09Z,2026-09-18T00:15:00Z,Thu 8:15 PM ET,Buffalo Bills,Detroit Lions,13c730d,2026_02_DET_BUF,0.0,graded,loss,-1.0,1.0
56e8897681915f7ec92baeee952bb1ae,Detroit Lions @ Buffalo Bills,Jared Goff,draftkings,DraftKings,interceptions,Interceptions thrown,under,0.5,-118,,,,0.5412844037,0.5103976044,0.5103976044,0.5,5,,,Insufficient player data,2026-09-17T21:28:13Z,2026-09-18T00:15:00Z,Thu 8:15 PM ET,Buffalo Bills,Detroit Lions,13c730d,2026_02_DET_BUF,0.0,graded,win,0.847457627118644,0.847457627118644
56e8897681915f7ec92baeee952bb1ae,Detroit Lions @ Buffalo Bills,Jared Goff,bovada,Bovada,pass_attempts,Passing attempts,over,36.5,-105,35.4006278304,0.5,0.0,0.512195122,0.4796954315,0.4844887492,36.5,3,-121.9512195122,-2.380952381,Calibration fitted; not prospectively validated,2026-09-17T21:28:03Z,2026-09-18T00:15:00Z,Thu 8:15 PM ET,Buffalo Bills,Detroit Lions,13c730d,2026_02_DET_BUF,38.0,graded,win,0.9523809523809523,0.9523809523809523
56e8897681915f7ec92baeee952bb1ae,Detroit Lions @ Buffalo Bills,Jared Goff,betonlineag,BetOnline.ag,pass_attempts,Passing attempts,under,36.5,-110,35.4006278304,0.5,0.0,0.5238095238,0.4917965546,0.5155112508,36.5,3,-238.0952380952,-4.5454545455,Calibration fitted; not prospectively validated,2026-09-17T21:27:31Z,2026-09-18T00:15:00Z,Thu 8:15 PM ET,Buffalo Bills,Detroit Lions,13c730d,2026_02_DET_BUF,38.0,graded,loss,-1.0,0.9090909090909091
56e8897681915f7ec92baeee952bb1ae,Detroit Lions @ Buffalo Bills,Jared Goff,betmgm,BetMGM,pass_completions,Passing completions,over,23.5,-115,23.6004185536,0.5,0.0,0.5348837209,0.5,0.5173267327,24.0,2,-348.8372093023,-6.5217391304,Calibration fitted; not prospectively validated,2026-09-17T21:28:09Z,2026-09-18T00:15:00Z,Thu 8:15 PM ET,Buffalo Bills,Detroit Lions,13c730d,2026_02_DET_BUF,26.0,graded,win,0.8695652173913043,0.8695652173913043
56e8897681915f7ec92baeee952bb1ae,Detroit Lions @ Buffalo Bills,Jared Goff,fanatics,Fanatics,pass_completions,Passing completions,under,23.5,100,23.6004185536,0.5,0.0,0.5,0.4653465347,0.4826732673,24.0,2,0.0,0.0,Calibration fitted; not prospectively validated,2026-09-17T21:27:31Z,2026-09-18T00:15:00Z,Thu 8:15 PM ET,Buffalo Bills,Detroit Lions,13c730d,2026_02_DET_BUF,26.0,graded,loss,-1.0,1.0
56e8897681915f7ec92baeee952bb1ae,Detroit Lions @ Buffalo Bills,Jared Goff,betmgm,BetMGM,pass_tds,Passing touchdowns,over,1.5,-130,1.88,0.5,0.0,0.5652173913,0.5246062992,0.5472249334,1.5,6,-652.1739130435,-11.5384615385,Calibration fitted; not prospectively validated,2026-09-17T21:28:09Z,2026-09-18T00:15:00Z,Thu 8:15 PM ET,Buffalo Bills,Detroit Lions,13c730d,2026_02_DET_BUF,4.0,graded,win,0.7692307692307693,0.7692307692307693
56e8897681915f7ec92baeee952bb1ae,Detroit Lions @ Buffalo Bills,Jared Goff,draftkings,DraftKings,pass_tds,Passing touchdowns,under,1.5,112,1.88,0.5,0.0,0.4716981132,0.4449245642,0.4527750666,1.5,6,283.0188679245,6.0,Calibration fitted; not prospectively validated,2026-09-17T21:28:13Z,2026-09-18T00:15:00Z,Thu 8:15 PM ET,Buffalo Bills,Detroit Lions,13c730d,2026_02_DET_BUF,4.0,graded,loss,-1.0,1.12
56e8897681915f7ec92baeee952bb1ae,Detroit Lions @ Buffalo Bills,Jared Goff,draftkings,DraftKings,pass_yds,Passing yards,over,259.5,-111,237.3738391165,0.5,0.0,0.5260663507,0.4978941162,0.4978941162,259.5,3,-260.663507109,-4.954954955,Calibration fitted; not prospectively validated,2026-09-17T21:28:13Z,2026-09-18T00:15:00Z,Thu 8:15 PM ET,Buffalo Bills,Detroit Lions,13c730d,2026_02_DET_BUF,327.0,graded,win,0.9009009009009009,0.9009009009009009
56e8897681915f7ec92baeee952bb1ae,Detroit Lions @ Buffalo Bills,Jared Goff,draftkings,DraftKings,pass_yds,Passing yards,under,259.5,-113,237.3738391165,0.5,0.0,0.5305164319,0.5021058838,0.5021058838,259.5,3,-305.1643192488,-5.7522123894,Calibration fitted; not prospectively validated,2026-09-17T21:28:13Z,2026-09-18T00:15:00Z,Thu 8:15 PM ET,Buffalo Bills,Detroit Lions,13c730d,2026_02_DET_BUF,327.0,graded,loss,-1.0,0.8849557522123894
56e8897681915f7ec92baeee952bb1ae,Detroit Lions @ Buffalo Bills,Jared Goff,draftkings,DraftKings,rush_yds,Rushing yards,over,0.5,127,7.6017899031,0.5647668394,0.0,0.4405286344,0.4172015404,0.4172015404,0.5,3,1242.38205017,28.2020725389,Calibration fitted; not prospectively validated,2026-09-17T21:28:13Z,2026-09-18T00:15:00Z,Thu 8:15 PM ET,Buffalo Bills,Detroit Lions,13c730d,2026_02_DET_BUF,7.0,graded,win,1.27,1.27
56e8897681915f7ec92baeee952bb1ae,Detroit Lions @ Buffalo Bills,Jared Goff,fanduel,FanDuel,rush_yds,Rushing yards,under,0.5,-158,7.6017899031,0.4352331606,0.0,0.6124031008,0.5783762583,0.5827984596,0.5,3,-1771.6994015343,-28.9302813668,Calibration fitted; not prospectively validated,2026-09-17T21:27:50Z,2026-09-18T00:15:00Z,Thu 8:15 PM ET,Buffalo Bills,Detroit Lions,13c730d,2026_02_DET_BUF,7.0,graded,loss,-1.0,0.6329113924050633
56e8897681915f7ec92baeee952bb1ae,Detroit Lions @ Buffalo Bills,Josh Allen,betmgm,BetMGM,interceptions,Interceptions thrown,over,0.5,125,,,,0.4444444444,0.416502947,0.4248366013,0.5,5,,,Insufficient player data,2026-09-17T21:28:09Z,2026-09-18T00:15:00Z,Thu 8:15 PM ET,Buffalo Bills,Detroit Lions,13c730d,2026_02_DET_BUF,0.0,graded,loss,-1.0,1.25
56e8897681915f7ec92baeee952bb1ae,Detroit Lions @ Buffalo Bills,Josh Allen,betonlineag,BetOnline.ag,interceptions,Interceptions thrown,under,0.5,-156,,,,0.609375,0.5727636849,0.5751633987,0.5,5,,,Insufficient player data,2026-09-17T21:27:31Z,2026-09-18T00:15:00Z,Thu 8:15 PM ET,Buffalo Bills,Detroit Lions,13c730d,2026_02_DET_BUF,0.0,graded,win,0.6410256410256411,0.6410256410256411
56e8897681915f7ec92baeee952bb1ae,Detroit Lions @ Buffalo Bills,Josh Allen,draftkings,DraftKings,pass_attempts,Passing attempts,over,31.5,-103,32.3520344322,0.5,0.0,0.5073891626,0.4791397221,0.4796954315,31.5,3,-73.8916256158,-1.4563106796,Calibration fitted; not prospectively validated,2026-09-17T21:28:13Z,2026-09-18T00:15:00Z,Thu 8:15 PM ET,Buffalo Bills,Detroit Lions,13c730d,2026_02_DET_BUF,31.0,graded,loss,-1.0,0.970873786407767
56e8897681915f7ec92baeee952bb1ae,Detroit Lions @ Buffalo Bills,Josh Allen,betonlineag,BetOnline.ag,pass_attempts,Passing attempts,under,31.5,-123,32.3520344322,0.5,0.0,0.5515695067,0.5185070944,0.5203045685,31.5,3,-515.6950672646,-9.3495934959,Calibration fitted; not prospectively validated,2026-09-17T21:27:31Z,2026-09-18T00:15:00Z,Thu 8:15 PM ET,Buffalo Bills,Detroit Lions,13c730d,2026_02_DET_BUF,31.0,graded,win,0.8130081300813008,0.8130081300813008
56e8897681915f7ec92baeee952bb1ae,Detroit Lions @ Buffalo Bills,Josh Allen,draftkings,DraftKings,pass_completions,Passing completions,over,21.5,102,22.3117478843,0.5,0.0,0.495049505,0.466910272,0.4681490136,21.5,4,49.5049504951,1.0,Calibration fitted; not prospectively validated,2026-09-17T21:28:13Z,2026-09-18T00:15:00Z,Thu 8:15 PM ET,Buffalo Bills,Detroit Lions,13c730d,2026_02_DET_BUF,20.0,graded,loss,-1.0,1.02
56e8897681915f7ec92baeee952bb1ae,Detroit Lions @ Buffalo Bills,Josh Allen,betonlineag,BetOnline.ag,pass_completions,Passing completions,under,21.5,-114,22.3117478843,0.5,0.0,0.5327102804,0.5,0.5318509864,21.5,4,-327.1028037383,-6.1403508772,Calibration fitted; not prospectively validated,2026-09-17T21:27:31Z,2026-09-18T00:15:00Z,Thu 8:15 PM ET,Buffalo Bills,Detroit Lions,13c730d,2026_02_DET_BUF,20.0,graded,win,0.8771929824561403,0.8771929824561403
56e8897681915f7ec92baeee952bb1ae,Detroit Lions @ Buffalo Bills,Josh Allen,bovada,Bovada,pass_tds,Passing touchdowns,over,1.5,-170,2.12,0.5,0.0,0.6296296296,0.5915279879,0.6017069701,1.5,7,-1296.2962962963,-20.5882352941,Calibration fitted; not prospectively validated,2026-09-17T21:28:03Z,2026-09-18T00:15:00Z,Thu 8:15 PM ET,Buffalo Bills,Detroit Lions,13c730d,2026_02_DET_BUF,3.0,graded,win,0.5882352941176471,0.5882352941176471
56e8897681915f7ec92baeee952bb1ae,Detroit Lions @ Buffalo Bills,Josh Allen,betmgm,BetMGM,pass_tds,Passing touchdowns,under,1.5,160,2.12,0.5,0.0,0.3846153846,0.3587443946,0.3982930299,1.5,7,1153.8461538462,30.0,Calibration fitted; not prospectively validated,2026-09-17T21:28:09Z,2026-09-18T00:15:00Z,Thu 8:15 PM ET,Buffalo Bills,Detroit Lions,13c730d,2026_02_DET_BUF,3.0,graded,loss,-1.0,1.6
56e8897681915f7ec92baeee952bb1ae,Detroit Lions @ Buffalo Bills,Josh Allen,draftkings,DraftKings,pass_yds,Passing yards,over,252.5,-112,283.8054330878,0.5,0.0,0.5283018868,0.5,0.5,253.0,2,-283.0188679245,-5.3571428571,Calibration fitted; not prospectively validated,2026-09-17T21:28:13Z,2026-09-18T00:15:00Z,Thu 8:15 PM ET,Buffalo Bills,Detroit Lions,13c730d,2026_02_DET_BUF,248.0,graded,loss,-1.0,0.8928571428571429
56e8897681915f7ec92baeee952bb1ae,Detroit Lions @ Buffalo Bills,Josh Allen,draftkings,DraftKings,pass_yds,Passing yards,under,252.5,-112,283.8054330878,0.5,0.0,0.5283018868,0.5,0.5,253.0,2,-283.0188679245,-5.3571428571,Calibration fitted; not prospectively validated,2026-09-17T21:28:13Z,2026-09-18T00:15:00Z,Thu 8:15 PM ET,Buffalo Bills,Detroit Lions,13c730d,2026_02_DET_BUF,248.0,graded,win,0.8928571428571429,0.8928571428571429
56e8897681915f7ec92baeee952bb1ae,Detroit Lions @ Buffalo Bills,Josh Allen,betonlineag,BetOnline.ag,rush_attempts,Rushing attempts,over,7.5,100,7.2243049872,0.5,0.0,0.5,0.4693877551,0.4782356355,7.5,3,0.0,0.0,Calibration fitted; not prospectively validated,2026-09-17T21:27:31Z,2026-09-18T00:15:00Z,Thu 8:15 PM ET,Buffalo Bills,Detroit Lions,13c730d,2026_02_DET_BUF,14.0,graded,win,1.0,1.0
56e8897681915f7ec92baeee952bb1ae,Detroit Lions @ Buffalo Bills,Josh Allen,draftkings,DraftKings,rush_attempts,Rushing attempts,under,7.5,-124,7.2243049872,0.506993007,0.0,0.5535714286,0.5217643645,0.5217643645,7.5,3,-465.7842157842,-8.4141664787,Calibration fitted; not prospectively validated,2026-09-17T21:28:13Z,2026-09-18T00:15:00Z,Thu 8:15 PM ET,Buffalo Bills,Detroit Lions,13c730d,2026_02_DET_BUF,14.0,graded,loss,-1.0,0.8064516129032258
56e8897681915f7ec92baeee952bb1ae,Detroit Lions @ Buffalo Bills,Josh Allen,draftkings,DraftKings,rush_yds,Rushing yards,over,34.5,-111,35.1475875175,0.5,0.0,0.5260663507,0.4978941162,0.5,32.5,3,-260.663507109,-4.954954955,Calibration fitted; not prospectively validated,2026-09-17T21:28:13Z,2026-09-18T00:15:00Z,Thu 8:15 PM ET,Buffalo Bills,Detroit Lions,13c730d,2026_02_DET_BUF,69.0,graded,win,0.9009009009009009,0.9009009009009009
56e8897681915f7ec92baeee952bb1ae,Detroit Lions @ Buffalo Bills,Josh Allen,betonlineag,BetOnline.ag,rush_yds,Rushing yards,under,34.5,-108,35.1475875175,0.5,0.0,0.5192307692,0.4876847291,0.5,32.5,3,-192.3076923077,-3.7037037037,Calibration fitted; not prospectively validated,2026-09-17T21:27:31Z,2026-09-18T00:15:00Z,Thu 8:15 PM ET,Buffalo Bills,Detroit Lions,13c730d,2026_02_DET_BUF,69.0,graded,loss,-1.0,0.9259259259259259
56e8897681915f7ec92baeee952bb1ae,Detroit Lions @ Buffalo Bills,Joshua Palmer,betmgm,BetMGM,receptions,Receptions,over,1.5,180,2.6374845833,,,0.3571428571,0.3333333333,0.3419768935,1.5,3,,,Insufficient player data,2026-09-17T21:28:09Z,2026-09-18T00:15:00Z,Thu 8:15 PM ET,Buffalo Bills,Detroit Lions,13c730d,2026_02_DET_BUF,,no matching game/player result,,,1.8
56e8897681915f7ec92baeee952bb1ae,Detroit Lions @ Buffalo Bills,Joshua Palmer,betonlineag,BetOnline.ag,receptions,Receptions,under,1.5,-233,2.6374845833,,,0.6996996997,0.6580231065,0.6580231065,1.5,3,,,Insufficient player data,2026-09-17T21:27:31Z,2026-09-18T00:15:00Z,Thu 8:15 PM ET,Buffalo Bills,Detroit Lions,13c730d,2026_02_DET_BUF,,no matching game/player result,,,0.4291845493562232
56e8897681915f7ec92baeee952bb1ae,Detroit Lions @ Buffalo Bills,Joshua Palmer,fanduel,FanDuel,recv_yds,Receiving yards,over,12.5,-113,33.3871880978,,,0.5305164319,0.5,0.5,12.0,3,,,Insufficient player data,2026-09-17T21:27:50Z,2026-09-18T00:15:00Z,Thu 8:15 PM ET,Buffalo Bills,Detroit Lions,13c730d,2026_02_DET_BUF,,no matching game/player result,,,0.8849557522123894
56e8897681915f7ec92baeee952bb1ae,Detroit Lions @ Buffalo Bills,Joshua Palmer,betrivers,BetRivers,recv_yds,Receiving yards,under,12.5,-112,33.3871880978,,,0.5283018868,0.4920127796,0.5,12.0,3,,,Insufficient player data,2026-09-17T21:28:24Z,2026-09-18T00:15:00Z,Thu 8:15 PM ET,Buffalo Bills,Detroit Lions,13c730d,2026_02_DET_BUF,,no matching game/player result,,,0.8928571428571429
56e8897681915f7ec92baeee952bb1ae,Detroit Lions @ Buffalo Bills,Keon Coleman,fanduel,FanDuel,receptions,Receptions,over,1.5,140,3.6984025372,0.5475728155,0.0,0.4166666667,0.3896103896,0.405904059,1.5,5,1309.0614886731,31.4174757282,Calibration fitted; not prospectively validated,2026-09-17T21:27:50Z,2026-09-18T00:15:00Z,Thu 8:15 PM ET,Buffalo Bills,Detroit Lions,13c730d,2026_02_DET_BUF,6.0,graded,win,1.4,1.4
56e8897681915f7ec92baeee952bb1ae,Detroit Lions @ Buffalo Bills,Keon Coleman,draftkings,DraftKings,receptions,Receptions,under,1.5,-169,3.6984025372,0.4524271845,0.0,0.6282527881,0.593090095,0.594095941,1.5,5,-1758.2560363807,-27.9864422359,Calibration fitted; not prospectively validated,2026-09-17T21:28:13Z,2026-09-18T00:15:00Z,Thu 8:15 PM ET,Buffalo Bills,Detroit Lions,13c730d,2026_02_DET_BUF,6.0,graded,loss,-1.0,0.591715976331361
56e8897681915f7ec92baeee952bb1ae,Detroit Lions @ Buffalo Bills,Keon Coleman,draftkings,DraftKings,recv_yds,Receiving yards,over,14.5,-109,43.3515321768,0.5163043478,0.0,0.5215311005,0.4936802191,0.4936802191,14.5,3,-52.2675265238,-1.0021938572,Calibration fitted; not prospectively validated,2026-09-17T21:28:13Z,2026-09-18T00:15:00Z,Thu 8:15 PM ET,Buffalo Bills,Detroit Lions,13c730d,2026_02_DET_BUF,63.0,graded,win,0.9174311926605505,0.9174311926605505
56e8897681915f7ec92baeee952bb1ae,Detroit Lions @ Buffalo Bills,Keon Coleman,fanduel,FanDuel,recv_yds,Receiving yards,under,14.5,-113,43.3515321768,0.4836956522,0.0,0.5305164319,0.5,0.5063197809,14.5,3,-468.2077975097,-8.8255098115,Calibration fitted; not prospectively validated,2026-09-17T21:27:50Z,2026-09-18T00:15:00Z,Thu 8:15 PM ET,Buffalo Bills,Detroit Lions,13c730d,2026_02_DET_BUF,63.0,graded,loss,-1.0,0.8849557522123894
56e8897681915f7ec92baeee952bb1ae,Detroit Lions @ Buffalo Bills,Khalil Shakir,draftkings,DraftKings,receptions,Receptions,over,4.5,126,3.7014945035,0.4524271845,0.0,0.4424778761,0.4176935634,0.4248366013,4.5,5,99.4930835982,2.2485436893,Calibration fitted; not prospectively validated,2026-09-17T21:28:13Z,2026-09-18T00:15:00Z,Thu 8:15 PM ET,Buffalo Bills,Detroit Lions,13c730d,2026_02_DET_BUF,3.0,graded,loss,-1.0,1.26
56e8897681915f7ec92baeee952bb1ae,Detroit Lions @ Buffalo Bills,Khalil Shakir,betmgm,BetMGM,receptions,Receptions,under,4.5,-150,3.7014945035,0.5475728155,0.0,0.6,0.5575221239,0.5751633987,4.5,5,-524.2718446602,-8.7378640777,Calibration fitted; not prospectively validated,2026-09-17T21:28:09Z,2026-09-18T00:15:00Z,Thu 8:15 PM ET,Buffalo Bills,Detroit Lions,13c730d,2026_02_DET_BUF,3.0,graded,win,0.6666666666666666,0.6666666666666666
56e8897681915f7ec92baeee952bb1ae,Detroit Lions @ Buffalo Bills,Khalil Shakir,draftkings,DraftKings,recv_yds,Receiving yards,over,43.5,-111,45.3382551445,0.5,0.0,0.5260663507,0.4978941162,0.5,43.5,4,-260.663507109,-4.954954955,Calibration fitted; not prospectively validated,2026-09-17T21:28:13Z,2026-09-18T00:15:00Z,Thu 8:15 PM ET,Buffalo Bills,Detroit Lions,13c730d,2026_02_DET_BUF,38.0,graded,loss,-1.0,0.9009009009009009
56e8897681915f7ec92baeee952bb1ae,Detroit Lions @ Buffalo Bills,Khalil Shakir,draftkings,DraftKings,recv_yds,Receiving yards,under,43.5,-113,45.3382551445,0.5,0.0,0.5305164319,0.5021058838,0.5,43.5,4,-305.1643192488,-5.7522123894,Calibration fitted; not prospectively validated,2026-09-17T21:28:13Z,2026-09-18T00:15:00Z,Thu 8:15 PM ET,Buffalo Bills,Detroit Lions,13c730d,2026_02_DET_BUF,38.0,graded,win,0.8849557522123894,0.8849557522123894
56e8897681915f7ec92baeee952bb1ae,Detroit Lions @ Buffalo Bills,Ray Davis,fanduel,FanDuel,rush_yds,Rushing yards,over,8.5,-113,19.3701991446,0.5647668394,0.0,0.5305164319,0.5,0.5084288604,8.5,3,342.5040745336,6.4560502545,Calibration fitted; not prospectively validated,2026-09-17T21:27:50Z,2026-09-18T00:15:00Z,Thu 8:15 PM ET,Buffalo Bills,Detroit Lions,13c730d,2026_02_DET_BUF,,no offensive usage evidence,,,0.8849557522123894
56e8897681915f7ec92baeee952bb1ae,Detroit Lions @ Buffalo Bills,Ray Davis,betonlineag,BetOnline.ag,rush_yds,Rushing yards,under,8.5,-108,19.3701991446,0.4352331606,0.0,0.5192307692,0.4876847291,0.4915711396,8.5,3,-839.9760860901,-16.1773172136,Calibration fitted; not prospectively validated,2026-09-17T21:27:31Z,2026-09-18T00:15:00Z,Thu 8:15 PM ET,Buffalo Bills,Detroit Lions,13c730d,2026_02_DET_BUF,,no offensive usage evidence,,,0.9259259259259259
56e8897681915f7ec92baeee952bb1ae,Detroit Lions @ Buffalo Bills,Sam LaPorta,betmgm,BetMGM,receptions,Receptions,over,4.5,110,3.407580598,0.4524271845,0.0,0.4761904762,0.4424778761,0.4693877551,4.5,5,-237.6329172446,-4.9902912621,Calibration fitted; not prospectively validated,2026-09-17T21:28:09Z,2026-09-18T00:15:00Z,Thu 8:15 PM ET,Buffalo Bills,Detroit Lions,13c730d,2026_02_DET_BUF,6.0,graded,win,1.1,1.1
56e8897681915f7ec92baeee952bb1ae,Detroit Lions @ Buffalo Bills,Sam LaPorta,betonlineag,BetOnline.ag,receptions,Receptions,under,4.5,-122,3.407580598,0.5475728155,0.0,0.5495495495,0.5164392569,0.5306122449,4.5,5,-19.7673401557,-0.3597007799,Calibration fitted; not prospectively validated,2026-09-17T21:27:31Z,2026-09-18T00:15:00Z,Thu 8:15 PM ET,Buffalo Bills,Detroit Lions,13c730d,2026_02_DET_BUF,6.0,graded,loss,-1.0,0.819672131147541
56e8897681915f7ec92baeee952bb1ae,Detroit Lions @ Buffalo Bills,Sam LaPorta,betmgm,BetMGM,recv_yds,Receiving yards,over,45.5,-111,35.9039865256,0.4989858012,0.0,0.5260663507,0.4928711097,0.4984932498,45.5,4,-270.8054949386,-5.147744093,Calibration fitted; not prospectively validated,2026-09-17T21:28:09Z,2026-09-18T00:15:00Z,Thu 8:15 PM ET,Buffalo Bills,Detroit Lions,13c730d,2026_02_DET_BUF,52.0,graded,win,0.9009009009009009,0.9009009009009009
56e8897681915f7ec92baeee952bb1ae,Detroit Lions @ Buffalo Bills,Sam LaPorta,draftkings,DraftKings,recv_yds,Receiving yards,under,45.5,-112,35.9039865256,0.5010141988,0.0,0.5283018868,0.5,0.5015067502,45.5,4,-272.8768800949,-5.1651695161,Calibration fitted; not prospectively validated,2026-09-17T21:28:13Z,2026-09-18T00:15:00Z,Thu 8:15 PM ET,Buffalo Bills,Detroit Lions,13c730d,2026_02_DET_BUF,52.0,graded,loss,-1.0,0.8928571428571429
56e8897681915f7ec92baeee952bb1ae,Detroit Lions @ Buffalo Bills,Sione Vaki,fanduel,FanDuel,rush_yds,Rushing yards,over,5.5,108,18.3091994868,0.5647668394,0.0,0.4807692308,0.4532987963,0.5157232704,5.5,3,839.9760860901,17.4715025907,Calibration fitted; not prospectively validated,2026-09-17T21:27:50Z,2026-09-18T00:15:00Z,Thu 8:15 PM ET,Buffalo Bills,Detroit Lions,13c730d,2026_02_DET_BUF,7.0,graded,win,1.08,1.08
56e8897681915f7ec92baeee952bb1ae,Detroit Lions @ Buffalo Bills,Sione Vaki,bovada,Bovada,rush_yds,Rushing yards,under,5.5,100,18.3091994868,0.4352331606,0.0,0.5,0.4693877551,0.4842767296,5.5,3,-647.6683937824,-12.9533678756,Calibration fitted; not prospectively validated,2026-09-17T21:28:03Z,2026-09-18T00:15:00Z,Thu 8:15 PM ET,Buffalo Bills,Detroit Lions,13c730d,2026_02_DET_BUF,7.0,graded,loss,-1.0,1.0
68bc55903f50af4af4766adcc89fcc61,Miami Dolphins @ San Francisco 49ers,Brock Purdy,draftkings,DraftKings,interceptions,Interceptions thrown,over,0.5,139,,,,0.4184100418,0.3952119644,0.3977531934,0.5,5,,,Insufficient player data,2026-09-20T13:52:41Z,2026-09-20T20:25:00Z,Sun 4:25 PM ET,San Francisco 49ers,Miami Dolphins,5a4f3bf,2026_02_MIA_SF,0.0,graded,loss,-1.0,1.39
68bc55903f50af4af4766adcc89fcc61,Miami Dolphins @ San Francisco 49ers,Brock Purdy,betrivers,BetRivers,interceptions,Interceptions thrown,under,0.5,-162,,,,0.6183206107,0.5796296891,0.6022468066,0.5,5,,,Insufficient player data,2026-09-20T13:52:45Z,2026-09-20T20:25:00Z,Sun 4:25 PM ET,San Francisco 49ers,Miami Dolphins,5a4f3bf,2026_02_MIA_SF,0.0,graded,win,0.6172839506172839,0.6172839506172839
68bc55903f50af4af4766adcc89fcc61,Miami Dolphins @ San Francisco 49ers,Brock Purdy,betonlineag,BetOnline.ag,pass_attempts,Passing attempts,over,28.5,-114,27.7064866717,0.5,0.0,0.5327102804,0.5,0.5015687751,28.5,4,-327.1028037383,-6.1403508772,Calibration fitted; not prospectively validated,2026-09-20T13:53:19Z,2026-09-20T20:25:00Z,Sun 4:25 PM ET,San Francisco 49ers,Miami Dolphins,5a4f3bf,2026_02_MIA_SF,22.0,graded,loss,-1.0,0.8771929824561403
68bc55903f50af4af4766adcc89fcc61,Miami Dolphins @ San Francisco 49ers,Brock Purdy,betmgm,BetMGM,pass_attempts,Passing attempts,under,28.5,-110,27.7064866717,0.5,0.0,0.5238095238,0.4898785425,0.4984312249,28.5,4,-238.0952380952,-4.5454545455,Calibration fitted; not prospectively validated,2026-09-20T13:53:23Z,2026-09-20T20:25:00Z,Sun 4:25 PM ET,San Francisco 49ers,Miami Dolphins,5a4f3bf,2026_02_MIA_SF,22.0,graded,win,0.9090909090909091,0.9090909090909091
68bc55903f50af4af4766adcc89fcc61,Miami Dolphins @ San Francisco 49ers,Brock Purdy,betonlineag,BetOnline.ag,pass_completions,Passing completions,over,19.5,-123,20.3724166703,0.5,0.0,0.5515695067,0.5196752547,0.5308143245,19.5,4,-515.6950672646,-9.3495934959,Calibration fitted; not prospectively validated,2026-09-20T13:53:19Z,2026-09-20T20:25:00Z,Sun 4:25 PM ET,San Francisco 49ers,Miami Dolphins,5a4f3bf,2026_02_MIA_SF,20.0,graded,win,0.8130081300813008,0.8130081300813008
68bc55903f50af4af4766adcc89fcc61,Miami Dolphins @ San Francisco 49ers,Brock Purdy,draftkings,DraftKings,pass_completions,Passing completions,under,19.5,101,20.3724166703,0.5,0.0,0.4975124378,0.4689835958,0.4691856755,19.5,4,24.8756218905,0.5,Calibration fitted; not prospectively validated,2026-09-20T13:52:41Z,2026-09-20T20:25:00Z,Sun 4:25 PM ET,San Francisco 49ers,Miami Dolphins,5a4f3bf,2026_02_MIA_SF,20.0,graded,loss,-1.0,1.01
68bc55903f50af4af4766adcc89fcc61,Miami Dolphins @ San Francisco 49ers,Brock Purdy,betmgm,BetMGM,pass_tds,Passing touchdowns,over,1.5,-165,3.18,0.5333333333,0.0,0.6226415094,0.583497053,0.6058163839,1.5,6,-893.0817610063,-14.3434343434,Calibration fitted; not prospectively validated,2026-09-20T13:53:23Z,2026-09-20T20:25:00Z,Sun 4:25 PM ET,San Francisco 49ers,Miami Dolphins,5a4f3bf,2026_02_MIA_SF,2.0,graded,win,0.6060606060606061,0.6060606060606061
68bc55903f50af4af4766adcc89fcc61,Miami Dolphins @ San Francisco 49ers,Brock Purdy,draftkings,DraftKings,pass_tds,Passing touchdowns,under,1.5,153,3.18,0.4666666667,0.0,0.395256917,0.3733923385,0.3941836161,1.5,6,714.0974967062,18.0666666667,Calibration fitted; not prospectively validated,2026-09-20T13:52:41Z,2026-09-20T20:25:00Z,Sun 4:25 PM ET,San Francisco 49ers,Miami Dolphins,5a4f3bf,2026_02_MIA_SF,2.0,graded,loss,-1.0,1.53
68bc55903f50af4af4766adcc89fcc61,Miami Dolphins @ San Francisco 49ers,Brock Purdy,fanduel,FanDuel,pass_yds,Passing yards,over,238.5,-113,240.0173630162,0.5,0.0,0.5305164319,0.5,0.5,239.0,3,-305.1643192488,-5.7522123894,Calibration fitted; not prospectively validated,2026-09-20T13:53:22Z,2026-09-20T20:25:00Z,Sun 4:25 PM ET,San Francisco 49ers,Miami Dolphins,5a4f3bf,2026_02_MIA_SF,287.0,graded,win,0.8849557522123894,0.8849557522123894
68bc55903f50af4af4766adcc89fcc61,Miami Dolphins @ San Francisco 49ers,Brock Purdy,fanduel,FanDuel,pass_yds,Passing yards,under,238.5,-113,240.0173630162,0.5,0.0,0.5305164319,0.5,0.5,239.0,3,-305.1643192488,-5.7522123894,Calibration fitted; not prospectively validated,2026-09-20T13:53:22Z,2026-09-20T20:25:00Z,Sun 4:25 PM ET,San Francisco 49ers,Miami Dolphins,5a4f3bf,2026_02_MIA_SF,287.0,graded,loss,-1.0,0.8849557522123894
68bc55903f50af4af4766adcc89fcc61,Miami Dolphins @ San Francisco 49ers,Brock Purdy,draftkings,DraftKings,rush_attempts,Rushing attempts,over,3.5,-152,5.356711588,0.506993007,0.0,0.6031746032,0.5691423882,0.5678266127,3.5,2,-961.815961816,-15.9458962091,Calibration fitted; not prospectively validated,2026-09-20T13:52:41Z,2026-09-20T20:25:00Z,Sun 4:25 PM ET,San Francisco 49ers,Miami Dolphins,5a4f3bf,2026_02_MIA_SF,3.0,graded,loss,-1.0,0.6578947368421053
68bc55903f50af4af4766adcc89fcc61,Miami Dolphins @ San Francisco 49ers,Brock Purdy,draftkings,DraftKings,rush_attempts,Rushing attempts,under,3.5,119,5.356711588,0.4915254237,0.0,0.4566210046,0.4308576118,0.4321733873,3.5,2,349.044191626,7.6440677966,Calibration fitted; not prospectively validated,2026-09-20T13:52:41Z,2026-09-20T20:25:00Z,Sun 4:25 PM ET,San Francisco 49ers,Miami Dolphins,5a4f3bf,2026_02_MIA_SF,3.0,graded,win,1.19,1.19
68bc55903f50af4af4766adcc89fcc61,Miami Dolphins @ San Francisco 49ers,Brock Purdy,fanduel,FanDuel,rush_yds,Rushing yards,over,13.5,-113,23.817899979,0.5647668394,0.0,0.5305164319,0.5,0.5103307654,13.5,4,342.5040745336,6.4560502545,Calibration fitted; not prospectively validated,2026-09-20T13:53:22Z,2026-09-20T20:25:00Z,Sun 4:25 PM ET,San Francisco 49ers,Miami Dolphins,5a4f3bf,2026_02_MIA_SF,30.0,graded,win,0.8849557522123894,0.8849557522123894
68bc55903f50af4af4766adcc89fcc61,Miami Dolphins @ San Francisco 49ers,Brock Purdy,draftkings,DraftKings,rush_yds,Rushing yards,under,13.5,-107,23.817899979,0.4352331606,0.0,0.5169082126,0.4894599266,0.4896692346,13.5,4,-816.7505193862,-15.800687618,Calibration fitted; not prospectively validated,2026-09-20T13:52:41Z,2026-09-20T20:25:00Z,Sun 4:25 PM ET,San Francisco 49ers,Miami Dolphins,5a4f3bf,2026_02_MIA_SF,30.0,graded,loss,-1.0,0.9345794392523364
68bc55903f50af4af4766adcc89fcc61,Miami Dolphins @ San Francisco 49ers,Caleb Douglas,draftkings,DraftKings,receptions,Receptions,over,2.5,-149,3.1058819604,0.5420560748,0.0,0.5983935743,0.564936313,0.5665108372,2.5,5,-563.3749953083,-9.4147901901,Calibration fitted; not prospectively validated,2026-09-20T13:52:41Z,2026-09-20T20:25:00Z,Sun 4:25 PM ET,San Francisco 49ers,Miami Dolphins,5a4f3bf,2026_02_MIA_SF,2.0,graded,loss,-1.0,0.6711409395973155
68bc55903f50af4af4766adcc89fcc61,Miami Dolphins @ San Francisco 49ers,Caleb Douglas,betonlineag,BetOnline.ag,receptions,Receptions,under,2.5,123,3.1058819604,0.4579439252,0.0,0.4484304933,0.4209473735,0.4334891628,2.5,5,95.134319601,2.1214953271,Calibration fitted; not prospectively validated,2026-09-20T13:53:19Z,2026-09-20T20:25:00Z,Sun 4:25 PM ET,San Francisco 49ers,Miami Dolphins,5a4f3bf,2026_02_MIA_SF,2.0,graded,win,1.23,1.23
68bc55903f50af4af4766adcc89fcc61,Miami Dolphins @ San Francisco 49ers,Caleb Douglas,draftkings,DraftKings,recv_yds,Receiving yards,over,38.5,-110,41.7973587035,0.5,0.0,0.5238095238,0.4957877001,0.5,38.5,3,-238.0952380952,-4.5454545455,Calibration fitted; not prospectively validated,2026-09-20T13:52:41Z,2026-09-20T20:25:00Z,Sun 4:25 PM ET,San Francisco 49ers,Miami Dolphins,5a4f3bf,2026_02_MIA_SF,19.0,graded,loss,-1.0,0.9090909090909091
68bc55903f50af4af4766adcc89fcc61,Miami Dolphins @ San Francisco 49ers,Caleb Douglas,fanduel,FanDuel,recv_yds,Receiving yards,under,38.5,-113,41.7973587035,0.5,0.0,0.5305164319,0.5,0.5,38.5,3,-305.1643192488,-5.7522123894,Calibration fitted; not prospectively validated,2026-09-20T13:53:22Z,2026-09-20T20:25:00Z,Sun 4:25 PM ET,San Francisco 49ers,Miami Dolphins,5a4f3bf,2026_02_MIA_SF,19.0,graded,win,0.8849557522123894,0.8849557522123894
68bc55903f50af4af4766adcc89fcc61,Miami Dolphins @ San Francisco 49ers,Chris Bell,draftkings,DraftKings,receptions,Receptions,over,1.5,-131,1.7182812369,0.5408805031,0.0,0.5670995671,0.5351457952,0.5348996303,1.5,6,-262.1906395491,-4.6233616592,Calibration fitted; not prospectively validated,2026-09-20T13:52:41Z,2026-09-20T20:25:00Z,Sun 4:25 PM ET,San Francisco 49ers,Miami Dolphins,5a4f3bf,2026_02_MIA_SF,0.0,graded,loss,-1.0,0.7633587786259542
68bc55903f50af4af4766adcc89fcc61,Miami Dolphins @ San Francisco 49ers,Chris Bell,bovada,Bovada,receptions,Receptions,under,1.5,105,1.7182812369,0.4591194969,0.0,0.487804878,0.4592085979,0.4651003697,1.5,6,-286.8538119343,-5.8805031447,Calibration fitted; not prospectively validated,2026-09-20T13:52:32Z,2026-09-20T20:25:00Z,Sun 4:25 PM ET,San Francisco 49ers,Miami Dolphins,5a4f3bf,2026_02_MIA_SF,0.0,graded,win,1.05,1.05
68bc55903f50af4af4766adcc89fcc61,Miami Dolphins @ San Francisco 49ers,Chris Bell,draftkings,DraftKings,recv_yds,Receiving yards,over,19.5,-109,25.188515075,0.5,0.0,0.5215311005,0.4926759856,0.4969046636,19.5,5,-215.3110047847,-4.128440367,Calibration fitted; not prospectively validated,2026-09-20T13:52:41Z,2026-09-20T20:25:00Z,Sun 4:25 PM ET,San Francisco 49ers,Miami Dolphins,5a4f3bf,2026_02_MIA_SF,0.0,graded,loss,-1.0,0.9174311926605505
68bc55903f50af4af4766adcc89fcc61,Miami Dolphins @ San Francisco 49ers,Chris Bell,fanduel,FanDuel,recv_yds,Receiving yards,under,19.5,-113,25.188515075,0.5,0.0,0.5305164319,0.5,0.5030953364,19.5,5,-305.1643192488,-5.7522123894,Calibration fitted; not prospectively validated,2026-09-20T13:53:22Z,2026-09-20T20:25:00Z,Sun 4:25 PM ET,San Francisco 49ers,Miami Dolphins,5a4f3bf,2026_02_MIA_SF,0.0,graded,win,0.8849557522123894,0.8849557522123894
68bc55903f50af4af4766adcc89fcc61,Miami Dolphins @ San Francisco 49ers,Christian McCaffrey,betrivers,BetRivers,receptions,Receptions,over,4.5,-117,3.3512605359,0.4524271845,0.0,0.5391705069,,0.5322580645,4.5,5,-867.4332244642,-16.0882914281,Calibration fitted; not prospectively validated,2026-09-20T13:52:45Z,2026-09-20T20:25:00Z,Sun 4:25 PM ET,San Francisco 49ers,Miami Dolphins,5a4f3bf,2026_02_MIA_SF,4.0,graded,loss,-1.0,0.8547008547008547
68bc55903f50af4af4766adcc89fcc61,Miami Dolphins @ San Francisco 49ers,Christian McCaffrey,bovada,Bovada,receptions,Receptions,under,4.5,110,3.3512605359,0.5475728155,0.0,0.4761904762,0.4458598726,0.4677419355,4.5,5,713.823393435,14.9902912621,Calibration fitted; not prospectively validated,2026-09-20T13:52:32Z,2026-09-20T20:25:00Z,Sun 4:25 PM ET,San Francisco 49ers,Miami Dolphins,5a4f3bf,2026_02_MIA_SF,4.0,graded,win,1.1,1.1
68bc55903f50af4af4766adcc89fcc61,Miami Dolphins @ San Francisco 49ers,Christian McCaffrey,betonlineag,BetOnline.ag,recv_yds,Receiving yards,over,39.5,-108,25.9488734402,0.4836956522,0.0,0.5192307692,0.4876847291,0.4974883459,39.5,4,-355.3511705686,-6.8438003221,Calibration fitted; not prospectively validated,2026-09-20T13:53:19Z,2026-09-20T20:25:00Z,Sun 4:25 PM ET,San Francisco 49ers,Miami Dolphins,5a4f3bf,2026_02_MIA_SF,43.0,graded,win,0.9259259259259259,0.9259259259259259
68bc55903f50af4af4766adcc89fcc61,Miami Dolphins @ San Francisco 49ers,Christian McCaffrey,fanduel,FanDuel,recv_yds,Receiving yards,under,39.5,-113,25.9488734402,0.5163043478,0.0,0.5305164319,0.5,0.5025116541,39.5,4,-142.120840988,-2.6789149673,Calibration fitted; not prospectively validated,2026-09-20T13:53:22Z,2026-09-20T20:25:00Z,Sun 4:25 PM ET,San Francisco 49ers,Miami Dolphins,5a4f3bf,2026_02_MIA_SF,43.0,graded,loss,-1.0,0.8849557522123894
68bc55903f50af4af4766adcc89fcc61,Miami Dolphins @ San Francisco 49ers,Christian McCaffrey,draftkings,DraftKings,rush_attempts,Rushing attempts,over,14.5,-115,12.9453332565,0.4915254237,0.0,0.5348837209,0.5052301255,0.5052301255,14.5,1,-433.5829720142,-8.1061164333,Calibration fitted; not prospectively validated,2026-09-20T13:52:41Z,2026-09-20T20:25:00Z,Sun 4:25 PM ET,San Francisco 49ers,Miami Dolphins,5a4f3bf,2026_02_MIA_SF,10.0,graded,loss,-1.0,0.8695652173913043
68bc55903f50af4af4766adcc89fcc61,Miami Dolphins @ San Francisco 49ers,Christian McCaffrey,draftkings,DraftKings,rush_attempts,Rushing attempts,under,14.5,-110,12.9453332565,0.506993007,0.0,0.5238095238,0.4947698745,0.4947698745,14.5,1,-168.1651681652,-3.2104259377,Calibration fitted; not prospectively validated,2026-09-20T13:52:41Z,2026-09-20T20:25:00Z,Sun 4:25 PM ET,San Francisco 49ers,Miami Dolphins,5a4f3bf,2026_02_MIA_SF,10.0,graded,win,0.9090909090909091,0.9090909090909091
68bc55903f50af4af4766adcc89fcc61,Miami Dolphins @ San Francisco 49ers,Christian McCaffrey,draftkings,DraftKings,rush_yds,Rushing yards,over,61.5,-111,63.1982404683,0.5,0.0,0.5260663507,0.4978941162,0.4989470581,61.0,2,-260.663507109,-4.954954955,Calibration fitted; not prospectively validated,2026-09-20T13:52:41Z,2026-09-20T20:25:00Z,Sun 4:25 PM ET,San Francisco 49ers,Miami Dolphins,5a4f3bf,2026_02_MIA_SF,23.0,graded,loss,-1.0,0.9009009009009009
68bc55903f50af4af4766adcc89fcc61,Miami Dolphins @ San Francisco 49ers,Christian McCaffrey,draftkings,DraftKings,rush_yds,Rushing yards,under,61.5,-113,63.1982404683,0.5,0.0,0.5305164319,0.5021058838,0.5010529419,61.0,2,-305.1643192488,-5.7522123894,Calibration fitted; not prospectively validated,2026-09-20T13:52:41Z,2026-09-20T20:25:00Z,Sun 4:25 PM ET,San Francisco 49ers,Miami Dolphins,5a4f3bf,2026_02_MIA_SF,23.0,graded,win,0.8849557522123894,0.8849557522123894
68bc55903f50af4af4766adcc89fcc61,Miami Dolphins @ San Francisco 49ers,De'Von Achane,betmgm,BetMGM,receptions,Receptions,over,3.5,-140,2.8130921878,0.4524271845,0.0,0.5833333333,0.5445920304,0.583497053,4.0,3,-1309.0614886731,-22.4410540915,Calibration fitted; not prospectively validated,2026-09-20T13:53:23Z,2026-09-20T20:25:00Z,Sun 4:25 PM ET,San Francisco 49ers,Miami Dolphins,5a4f3bf,2026_02_MIA_SF,3.0,graded,loss,-1.0,0.7142857142857143
68bc55903f50af4af4766adcc89fcc61,Miami Dolphins @ San Francisco 49ers,De'Von Achane,draftkings,DraftKings,receptions,Receptions,under,3.5,127,2.8130921878,0.5475728155,0.0,0.4405286344,0.415475269,0.416502947,4.0,3,1070.4418117275,24.2990291262,Calibration fitted; not prospectively validated,2026-09-20T13:52:41Z,2026-09-20T20:25:00Z,Sun 4:25 PM ET,San Francisco 49ers,Miami Dolphins,5a4f3bf,2026_02_MIA_SF,3.0,graded,win,1.27,1.27
68bc55903f50af4af4766adcc89fcc61,Miami Dolphins @ San Francisco 49ers,De'Von Achane,betmgm,BetMGM,recv_yds,Receiving yards,over,26.5,-115,19.730708878,0.4989858012,0.0,0.5348837209,0.5,0.5084288604,27.0,3,-358.9791971319,-6.7113502072,Calibration fitted; not prospectively validated,2026-09-20T13:53:23Z,2026-09-20T20:25:00Z,Sun 4:25 PM ET,San Francisco 49ers,Miami Dolphins,5a4f3bf,2026_02_MIA_SF,19.0,graded,loss,-1.0,0.8695652173913043
68bc55903f50af4af4766adcc89fcc61,Miami Dolphins @ San Francisco 49ers,De'Von Achane,draftkings,DraftKings,recv_yds,Receiving yards,under,26.5,-108,19.730708878,0.5010141988,0.0,0.5192307692,0.4915711396,0.4915711396,27.0,3,-182.1657044781,-3.5083765307,Calibration fitted; not prospectively validated,2026-09-20T13:52:41Z,2026-09-20T20:25:00Z,Sun 4:25 PM ET,San Francisco 49ers,Miami Dolphins,5a4f3bf,2026_02_MIA_SF,19.0,graded,win,0.9259259259259259,0.9259259259259259
68bc55903f50af4af4766adcc89fcc61,Miami Dolphins @ San Francisco 49ers,De'Von Achane,betmgm,BetMGM,rush_attempts,Rushing attempts,over,14.5,-105,10.284437232,0.4473684211,0.0,0.512195122,0.4796954315,0.4897419064,14.5,3,-648.2670089859,-12.656641604,Calibration fitted; not prospectively validated,2026-09-20T13:53:23Z,2026-09-20T20:25:00Z,Sun 4:25 PM ET,San Francisco 49ers,Miami Dolphins,5a4f3bf,2026_02_MIA_SF,20.0,graded,win,0.9523809523809523,0.9523809523809523
68bc55903f50af4af4766adcc89fcc61,Miami Dolphins @ San Francisco 49ers,De'Von Achane,draftkings,DraftKings,rush_attempts,Rushing attempts,under,14.5,-117,10.284437232,0.5526315789,0.0,0.5391705069,0.5083149711,0.5102580936,14.5,3,134.6107203493,2.4966261808,Calibration fitted; not prospectively validated,2026-09-20T13:52:41Z,2026-09-20T20:25:00Z,Sun 4:25 PM ET,San Francisco 49ers,Miami Dolphins,5a4f3bf,2026_02_MIA_SF,20.0,graded,loss,-1.0,0.8547008547008547
68bc55903f50af4af4766adcc89fcc61,Miami Dolphins @ San Francisco 49ers,De'Von Achane,fanduel,FanDuel,rush_yds,Rushing yards,over,58.5,-113,45.3237605774,0.5,0.0,0.5305164319,0.5,0.5025798729,58.5,2,-305.1643192488,-5.7522123894,Calibration fitted; not prospectively validated,2026-09-20T13:53:22Z,2026-09-20T20:25:00Z,Sun 4:25 PM ET,San Francisco 49ers,Miami Dolphins,5a4f3bf,2026_02_MIA_SF,74.0,graded,win,0.8849557522123894,0.8849557522123894
68bc55903f50af4af4766adcc89fcc61,Miami Dolphins @ San Francisco 49ers,De'Von Achane,betonlineag,BetOnline.ag,rush_yds,Rushing yards,under,58.5,-111,45.3237605774,0.5,0.0,0.5260663507,0.4948402543,0.4974201271,58.5,2,-260.663507109,-4.954954955,Calibration fitted; not prospectively validated,2026-09-20T13:53:19Z,2026-09-20T20:25:00Z,Sun 4:25 PM ET,San Francisco 49ers,Miami Dolphins,5a4f3bf,2026_02_MIA_SF,74.0,graded,loss,-1.0,0.9009009009009009
68bc55903f50af4af4766adcc89fcc61,Miami Dolphins @ San Francisco 49ers,Deebo Samuel,draftkings,DraftKings,receptions,Receptions,over,3.5,126,4.9022661403,0.5475728155,0.0,0.4424778761,0.4176935634,0.4272363151,3.5,5,1050.9493942779,23.7514563107,Calibration fitted; not prospectively validated,2026-09-20T13:52:41Z,2026-09-20T20:25:00Z,Sun 4:25 PM ET,San Francisco 49ers,Miami Dolphins,5a4f3bf,2026_02_MIA_SF,3.0,graded,loss,-1.0,1.26
68bc55903f50af4af4766adcc89fcc61,Miami Dolphins @ San Francisco 49ers,Deebo Samuel,betmgm,BetMGM,receptions,Receptions,under,3.5,-135,4.9022661403,0.4524271845,0.0,0.5744680851,0.5346534653,0.5727636849,3.5,5,-1220.4090064036,-21.2441567781,Calibration fitted; not prospectively validated,2026-09-20T13:53:23Z,2026-09-20T20:25:00Z,Sun 4:25 PM ET,San Francisco 49ers,Miami Dolphins,5a4f3bf,2026_02_MIA_SF,3.0,graded,win,0.7407407407407407,0.7407407407407407
68bc55903f50af4af4766adcc89fcc61,Miami Dolphins @ San Francisco 49ers,Deebo Samuel,betonlineag,BetOnline.ag,recv_yds,Receiving yards,over,36.5,-114,59.6611740367,0.5014367816,0.0,0.5327102804,0.5,0.5015067502,35.0,2,-312.7349876464,-5.8706392418,Calibration fitted; not prospectively validated,2026-09-20T13:53:19Z,2026-09-20T20:25:00Z,Sun 4:25 PM ET,San Francisco 49ers,Miami Dolphins,5a4f3bf,2026_02_MIA_SF,31.0,graded,loss,-1.0,0.8771929824561403
68bc55903f50af4af4766adcc89fcc61,Miami Dolphins @ San Francisco 49ers,Deebo Samuel,betonlineag,BetOnline.ag,recv_yds,Receiving yards,under,36.5,-114,59.6611740367,0.4985632184,0.0,0.5327102804,0.5,0.4984932498,35.0,2,-341.4706198303,-6.4100625126,Calibration fitted; not prospectively validated,2026-09-20T13:53:19Z,2026-09-20T20:25:00Z,Sun 4:25 PM ET,San Francisco 49ers,Miami Dolphins,5a4f3bf,2026_02_MIA_SF,31.0,graded,win,0.8771929824561403,0.8771929824561403
68bc55903f50af4af4766adcc89fcc61,Miami Dolphins @ San Francisco 49ers,Deebo Samuel,betonlineag,BetOnline.ag,rush_yds,Rushing yards,over,5.5,-125,20.9105356599,0.5647668394,0.0,0.5555555556,0.5226570546,0.5257913372,6.0,2,92.1128382268,1.6580310881,Calibration fitted; not prospectively validated,2026-09-20T13:53:19Z,2026-09-20T20:25:00Z,Sun 4:25 PM ET,San Francisco 49ers,Miami Dolphins,5a4f3bf,2026_02_MIA_SF,4.0,graded,loss,-1.0,0.8
68bc55903f50af4af4766adcc89fcc61,Miami Dolphins @ San Francisco 49ers,Deebo Samuel,fanduel,FanDuel,rush_yds,Rushing yards,under,5.5,100,20.9105356599,0.4352331606,0.0,0.5,0.4710743802,0.4742086628,6.0,2,-647.6683937824,-12.9533678756,Calibration fitted; not prospectively validated,2026-09-20T13:53:22Z,2026-09-20T20:25:00Z,Sun 4:25 PM ET,San Francisco 49ers,Miami Dolphins,5a4f3bf,2026_02_MIA_SF,4.0,graded,win,1.0,1.0
68bc55903f50af4af4766adcc89fcc61,Miami Dolphins @ San Francisco 49ers,Demarcus Robinson,draftkings,DraftKings,receptions,Receptions,over,1.5,-156,2.340535738,0.5475728155,0.0,0.609375,0.5749767565,0.5751633987,1.5,5,-618.0218446602,-10.141896938,Calibration fitted; not prospectively validated,2026-09-20T13:52:41Z,2026-09-20T20:25:00Z,Sun 4:25 PM ET,San Francisco 49ers,Miami Dolphins,5a4f3bf,2026_02_MIA_SF,3.0,graded,win,0.6410256410256411,0.6410256410256411
68bc55903f50af4af4766adcc89fcc61,Miami Dolphins @ San Francisco 49ers,Demarcus Robinson,betmgm,BetMGM,receptions,Receptions,under,1.5,135,2.340535738,0.4524271845,0.0,0.4255319149,0.3959708232,0.4248366013,1.5,5,268.952695724,6.3203883495,Calibration fitted; not prospectively validated,2026-09-20T13:53:23Z,2026-09-20T20:25:00Z,Sun 4:25 PM ET,San Francisco 49ers,Miami Dolphins,5a4f3bf,2026_02_MIA_SF,3.0,graded,loss,-1.0,1.35
68bc55903f50af4af4766adcc89fcc61,Miami Dolphins @ San Francisco 49ers,Demarcus Robinson,draftkings,DraftKings,recv_yds,Receiving yards,over,26.5,-110,37.572097001,0.5010141988,0.0,0.5238095238,0.4957877001,0.5,26.5,4,-227.9532502656,-4.3518347778,Calibration fitted; not prospectively validated,2026-09-20T13:52:41Z,2026-09-20T20:25:00Z,Sun 4:25 PM ET,San Francisco 49ers,Miami Dolphins,5a4f3bf,2026_02_MIA_SF,34.0,graded,win,0.9090909090909091,0.9090909090909091
68bc55903f50af4af4766adcc89fcc61,Miami Dolphins @ San Francisco 49ers,Demarcus Robinson,betonlineag,BetOnline.ag,recv_yds,Receiving yards,under,26.5,-112,37.572097001,0.4989858012,0.0,0.5283018868,0.4969046636,0.5,26.5,4,-293.1608557541,-5.5491161982,Calibration fitted; not prospectively validated,2026-09-20T13:53:19Z,2026-09-20T20:25:00Z,Sun 4:25 PM ET,San Francisco 49ers,Miami Dolphins,5a4f3bf,2026_02_MIA_SF,34.0,graded,loss,-1.0,0.8928571428571429
68bc55903f50af4af4766adcc89fcc61,Miami Dolphins @ San Francisco 49ers,George Kittle,fanduel,FanDuel,receptions,Receptions,over,3.5,-125,2.4458517342,0.4524271845,0.0,0.5555555556,0.5191532258,0.5306122449,3.5,5,-1031.2837108954,-18.5631067961,Calibration fitted; not prospectively validated,2026-09-20T13:53:22Z,2026-09-20T20:25:00Z,Sun 4:25 PM ET,San Francisco 49ers,Miami Dolphins,5a4f3bf,2026_02_MIA_SF,4.0,graded,win,0.8,0.8
68bc55903f50af4af4766adcc89fcc61,Miami Dolphins @ San Francisco 49ers,George Kittle,draftkings,DraftKings,receptions,Receptions,under,3.5,102,2.4458517342,0.5475728155,0.0,0.495049505,0.466910272,0.4693877551,3.5,5,525.2331058349,10.6097087379,Calibration fitted; not prospectively validated,2026-09-20T13:52:41Z,2026-09-20T20:25:00Z,Sun 4:25 PM ET,San Francisco 49ers,Miami Dolphins,5a4f3bf,2026_02_MIA_SF,4.0,graded,loss,-1.0,1.02
68bc55903f50af4af4766adcc89fcc61,Miami Dolphins @ San Francisco 49ers,George Kittle,betonlineag,BetOnline.ag,recv_yds,Receiving yards,over,40.5,-111,27.7543016027,0.4985632184,0.0,0.5260663507,0.4948402543,0.5,40.5,5,-275.031323201,-5.2280729005,Calibration fitted; not prospectively validated,2026-09-20T13:53:19Z,2026-09-20T20:25:00Z,Sun 4:25 PM ET,San Francisco 49ers,Miami Dolphins,5a4f3bf,2026_02_MIA_SF,80.0,graded,win,0.9009009009009009,0.9009009009009009
68bc55903f50af4af4766adcc89fcc61,Miami Dolphins @ San Francisco 49ers,George Kittle,draftkings,DraftKings,recv_yds,Receiving yards,under,40.5,-111,27.7543016027,0.5014367816,0.0,0.5260663507,0.4978941162,0.5,40.5,5,-246.2956910171,-4.6818370094,Calibration fitted; not prospectively validated,2026-09-20T13:52:41Z,2026-09-20T20:25:00Z,Sun 4:25 PM ET,San Francisco 49ers,Miami Dolphins,5a4f3bf,2026_02_MIA_SF,80.0,graded,loss,-1.0,0.9009009009009009
68bc55903f50af4af4766adcc89fcc61,Miami Dolphins @ San Francisco 49ers,Greg Dulcich,betmgm,BetMGM,receptions,Receptions,over,2.5,125,2.7228076914,0.5408805031,0.0,0.4444444444,0.416502947,0.4373408273,2.5,5,964.3605870021,21.6981132075,Calibration fitted; not prospectively validated,2026-09-20T13:53:23Z,2026-09-20T20:25:00Z,Sun 4:25 PM ET,San Francisco 49ers,Miami Dolphins,5a4f3bf,2026_02_MIA_SF,2.0,graded,loss,-1.0,1.25
68bc55903f50af4af4766adcc89fcc61,Miami Dolphins @ San Francisco 49ers,Greg Dulcich,draftkings,DraftKings,receptions,Receptions,under,2.5,-144,2.7228076914,0.4591194969,0.0,0.5901639344,0.5557821148,0.5626591727,2.5,5,-1310.4443757088,-22.2047519217,Calibration fitted; not prospectively validated,2026-09-20T13:52:41Z,2026-09-20T20:25:00Z,Sun 4:25 PM ET,San Francisco 49ers,Miami Dolphins,5a4f3bf,2026_02_MIA_SF,2.0,graded,win,0.6944444444444444,0.6944444444444444
68bc55903f50af4af4766adcc89fcc61,Miami Dolphins @ San Francisco 49ers,Greg Dulcich,draftkings,DraftKings,recv_yds,Receiving yards,over,22.5,-111,27.9771426212,0.5,0.0,0.5260663507,0.4978941162,0.5,22.5,4,-260.663507109,-4.954954955,Calibration fitted; not prospectively validated,2026-09-20T13:52:41Z,2026-09-20T20:25:00Z,Sun 4:25 PM ET,San Francisco 49ers,Miami Dolphins,5a4f3bf,2026_02_MIA_SF,17.0,graded,loss,-1.0,0.9009009009009009
68bc55903f50af4af4766adcc89fcc61,Miami Dolphins @ San Francisco 49ers,Greg Dulcich,betonlineag,BetOnline.ag,recv_yds,Receiving yards,under,22.5,-111,27.9771426212,0.5,0.0,0.5260663507,0.4948402543,0.5,22.5,4,-260.663507109,-4.954954955,Calibration fitted; not prospectively validated,2026-09-20T13:53:19Z,2026-09-20T20:25:00Z,Sun 4:25 PM ET,San Francisco 49ers,Miami Dolphins,5a4f3bf,2026_02_MIA_SF,17.0,graded,win,0.9009009009009009,0.9009009009009009
68bc55903f50af4af4766adcc89fcc61,Miami Dolphins @ San Francisco 49ers,Kaelon Black,draftkings,DraftKings,rush_attempts,Rushing attempts,over,8.5,-137,9.123507347,0.506993007,0.0,0.5780590717,0.5447473059,0.5447473059,8.5,1,-710.6606473695,-12.2939104691,Calibration fitted; not prospectively validated,2026-09-20T13:52:41Z,2026-09-20T20:25:00Z,Sun 4:25 PM ET,San Francisco 49ers,Miami Dolphins,5a4f3bf,2026_02_MIA_SF,7.0,graded,loss,-1.0,0.7299270072992701
68bc55903f50af4af4766adcc89fcc61,Miami Dolphins @ San Francisco 49ers,Kaelon Black,draftkings,DraftKings,rush_attempts,Rushing attempts,under,8.5,107,9.123507347,0.5,0.0,0.4830917874,0.4552526941,0.4552526941,8.5,1,169.0821256039,3.5,Calibration fitted; not prospectively validated,2026-09-20T13:52:41Z,2026-09-20T20:25:00Z,Sun 4:25 PM ET,San Francisco 49ers,Miami Dolphins,5a4f3bf,2026_02_MIA_SF,7.0,graded,win,1.07,1.07
68bc55903f50af4af4766adcc89fcc61,Miami Dolphins @ San Francisco 49ers,Kaelon Black,fanduel,FanDuel,rush_yds,Rushing yards,over,37.5,-113,39.2446118223,0.5,0.0,0.5305164319,0.5,0.5,37.5,3,-305.1643192488,-5.7522123894,Calibration fitted; not prospectively validated,2026-09-20T13:53:22Z,2026-09-20T20:25:00Z,Sun 4:25 PM ET,San Francisco 49ers,Miami Dolphins,5a4f3bf,2026_02_MIA_SF,25.0,graded,loss,-1.0,0.8849557522123894
68bc55903f50af4af4766adcc89fcc61,Miami Dolphins @ San Francisco 49ers,Kaelon Black,draftkings,DraftKings,rush_yds,Rushing yards,under,37.5,-110,39.2446118223,0.5,0.0,0.5238095238,0.4957877001,0.5,37.5,3,-238.0952380952,-4.5454545455,Calibration fitted; not prospectively validated,2026-09-20T13:52:41Z,2026-09-20T20:25:00Z,Sun 4:25 PM ET,San Francisco 49ers,Miami Dolphins,5a4f3bf,2026_02_MIA_SF,25.0,graded,win,0.9090909090909091,0.9090909090909091
68bc55903f50af4af4766adcc89fcc61,Miami Dolphins @ San Francisco 49ers,Malik Washington,bovada,Bovada,receptions,Receptions,over,3.5,110,2.1273286937,0.4210526316,0.0,0.4761904762,0.4458598726,0.471842317,3.5,5,-551.3784461153,-11.5789473684,Calibration fitted; not prospectively validated,2026-09-20T13:52:32Z,2026-09-20T20:25:00Z,Sun 4:25 PM ET,San Francisco 49ers,Miami Dolphins,5a4f3bf,2026_02_MIA_SF,4.0,graded,win,1.1,1.1
68bc55903f50af4af4766adcc89fcc61,Miami Dolphins @ San Francisco 49ers,Malik Washington,betonlineag,BetOnline.ag,receptions,Receptions,under,3.5,-123,2.1273286937,0.5789473684,0.0,0.5515695067,0.5185070944,0.528157683,3.5,5,273.778616946,4.9636285837,Calibration fitted; not prospectively validated,2026-09-20T13:53:19Z,2026-09-20T20:25:00Z,Sun 4:25 PM ET,San Francisco 49ers,Miami Dolphins,5a4f3bf,2026_02_MIA_SF,4.0,graded,loss,-1.0,0.8130081300813008
68bc55903f50af4af4766adcc89fcc61,Miami Dolphins @ San Francisco 49ers,Malik Washington,draftkings,DraftKings,recv_yds,Receiving yards,over,33.5,-115,24.8329078989,0.4985632184,0.0,0.5348837209,0.5063197809,0.5063197809,33.5,3,-363.2050253943,-6.7903548226,Calibration fitted; not prospectively validated,2026-09-20T13:52:41Z,2026-09-20T20:25:00Z,Sun 4:25 PM ET,San Francisco 49ers,Miami Dolphins,5a4f3bf,2026_02_MIA_SF,43.0,graded,win,0.8695652173913043,0.8695652173913043
68bc55903f50af4af4766adcc89fcc61,Miami Dolphins @ San Francisco 49ers,Malik Washington,draftkings,DraftKings,recv_yds,Receiving yards,under,33.5,-109,24.8329078989,0.5014367816,0.0,0.5215311005,0.4936802191,0.4936802191,33.5,3,-200.9431886927,-3.8529473795,Calibration fitted; not prospectively validated,2026-09-20T13:52:41Z,2026-09-20T20:25:00Z,Sun 4:25 PM ET,San Francisco 49ers,Miami Dolphins,5a4f3bf,2026_02_MIA_SF,43.0,graded,loss,-1.0,0.9174311926605505
68bc55903f50af4af4766adcc89fcc61,Miami Dolphins @ San Francisco 49ers,Malik Willis,draftkings,DraftKings,interceptions,Interceptions thrown,over,0.5,-133,,,,0.5708154506,0.5379917513,0.5393915767,0.5,4,,,Insufficient player data,2026-09-20T13:52:41Z,2026-09-20T20:25:00Z,Sun 4:25 PM ET,San Francisco 49ers,Miami Dolphins,5a4f3bf,2026_02_MIA_SF,0.0,graded,loss,-1.0,0.7518796992481203
68bc55903f50af4af4766adcc89fcc61,Miami Dolphins @ San Francisco 49ers,Malik Willis,betonlineag,BetOnline.ag,interceptions,Interceptions thrown,under,0.5,115,,,,0.4651162791,0.4373408273,0.4606084233,0.5,4,,,Insufficient player data,2026-09-20T13:53:19Z,2026-09-20T20:25:00Z,Sun 4:25 PM ET,San Francisco 49ers,Miami Dolphins,5a4f3bf,2026_02_MIA_SF,0.0,graded,win,1.15,1.15
68bc55903f50af4af4766adcc89fcc61,Miami Dolphins @ San Francisco 49ers,Malik Willis,draftkings,DraftKings,pass_attempts,Passing attempts,over,27.5,-103,21.2466488887,0.3636363636,0.0,0.5073891626,0.4782356355,0.4796954315,27.5,4,-1437.5279892521,-28.3318623124,Calibration fitted; not prospectively validated,2026-09-20T13:52:41Z,2026-09-20T20:25:00Z,Sun 4:25 PM ET,San Francisco 49ers,Miami Dolphins,5a4f3bf,2026_02_MIA_SF,23.0,graded,loss,-1.0,0.970873786407767
68bc55903f50af4af4766adcc89fcc61,Miami Dolphins @ San Francisco 49ers,Malik Willis,betonlineag,BetOnline.ag,pass_attempts,Passing attempts,under,27.5,-119,21.2466488887,0.6363636364,0.0,0.5433789954,0.5102580936,0.5203045685,27.5,4,929.8464092985,17.1122994652,Calibration fitted; not prospectively validated,2026-09-20T13:53:19Z,2026-09-20T20:25:00Z,Sun 4:25 PM ET,San Francisco 49ers,Miami Dolphins,5a4f3bf,2026_02_MIA_SF,23.0,graded,win,0.8403361344537815,0.8403361344537815
68bc55903f50af4af4766adcc89fcc61,Miami Dolphins @ San Francisco 49ers,Malik Willis,betmgm,BetMGM,pass_completions,Passing completions,over,16.5,-105,11.803693827,0.4571428571,0.0,0.512195122,0.4796954315,0.5,16.5,4,-550.5226480836,-10.7482993197,Calibration fitted; not prospectively validated,2026-09-20T13:53:23Z,2026-09-20T20:25:00Z,Sun 4:25 PM ET,San Francisco 49ers,Miami Dolphins,5a4f3bf,2026_02_MIA_SF,14.0,graded,loss,-1.0,0.9523809523809523
68bc55903f50af4af4766adcc89fcc61,Miami Dolphins @ San Francisco 49ers,Malik Willis,betonlineag,BetOnline.ag,pass_completions,Passing completions,under,16.5,-105,11.803693827,0.5428571429,0.0,0.512195122,0.4814929056,0.5,16.5,4,306.6202090592,5.9863945578,Calibration fitted; not prospectively validated,2026-09-20T13:53:19Z,2026-09-20T20:25:00Z,Sun 4:25 PM ET,San Francisco 49ers,Miami Dolphins,5a4f3bf,2026_02_MIA_SF,14.0,graded,win,0.9523809523809523,0.9523809523809523
68bc55903f50af4af4766adcc89fcc61,Miami Dolphins @ San Francisco 49ers,Malik Willis,bovada,Bovada,pass_tds,Passing touchdowns,over,0.5,-150,0.0094,0.4421052632,0.0,0.6,0.5633187773,0.5813255391,0.5,7,-1578.9473684211,-26.3157894737,Calibration fitted; not prospectively validated,2026-09-20T13:52:32Z,2026-09-20T20:25:00Z,Sun 4:25 PM ET,San Francisco 49ers,Miami Dolphins,5a4f3bf,2026_02_MIA_SF,1.0,graded,win,0.6666666666666666,0.6666666666666666
68bc55903f50af4af4766adcc89fcc61,Miami Dolphins @ San Francisco 49ers,Malik Willis,fanatics,Fanatics,pass_tds,Passing touchdowns,under,0.5,130,0.0094,0.5578947368,0.0,0.4347826087,0.4084720121,0.4186744609,0.5,7,1231.1212814645,28.3157894737,Calibration fitted; not prospectively validated,2026-09-20T13:52:37Z,2026-09-20T20:25:00Z,Sun 4:25 PM ET,San Francisco 49ers,Miami Dolphins,5a4f3bf,2026_02_MIA_SF,1.0,graded,loss,-1.0,1.3
68bc55903f50af4af4766adcc89fcc61,Miami Dolphins @ San Francisco 49ers,Malik Willis,draftkings,DraftKings,pass_yds,Passing yards,over,179.5,-112,133.145666369,0.5,0.0,0.5283018868,0.5,0.5,179.5,2,-283.0188679245,-5.3571428571,Calibration fitted; not prospectively validated,2026-09-20T13:52:41Z,2026-09-20T20:25:00Z,Sun 4:25 PM ET,San Francisco 49ers,Miami Dolphins,5a4f3bf,2026_02_MIA_SF,197.0,graded,win,0.8928571428571429,0.8928571428571429
68bc55903f50af4af4766adcc89fcc61,Miami Dolphins @ San Francisco 49ers,Malik Willis,draftkings,DraftKings,pass_yds,Passing yards,under,179.5,-112,133.145666369,0.5,0.0,0.5283018868,0.5,0.5,179.5,2,-283.0188679245,-5.3571428571,Calibration fitted; not prospectively validated,2026-09-20T13:52:41Z,2026-09-20T20:25:00Z,Sun 4:25 PM ET,San Francisco 49ers,Miami Dolphins,5a4f3bf,2026_02_MIA_SF,197.0,graded,loss,-1.0,0.8928571428571429
68bc55903f50af4af4766adcc89fcc61,Miami Dolphins @ San Francisco 49ers,Malik Willis,betonlineag,BetOnline.ag,rush_attempts,Rushing attempts,over,7.5,110,6.2871437414,0.4915254237,0.0,0.4761904762,0.4472667035,0.4536313859,7.5,2,153.3494753834,3.2203389831,Calibration fitted; not prospectively validated,2026-09-20T13:53:19Z,2026-09-20T20:25:00Z,Sun 4:25 PM ET,San Francisco 49ers,Miami Dolphins,5a4f3bf,2026_02_MIA_SF,2.0,graded,loss,-1.0,1.1
68bc55903f50af4af4766adcc89fcc61,Miami Dolphins @ San Francisco 49ers,Malik Willis,draftkings,DraftKings,rush_attempts,Rushing attempts,under,7.5,-134,6.2871437414,0.506993007,0.0,0.5726495726,0.5400039316,0.5463686141,7.5,2,-656.5656565657,-11.4654002714,Calibration fitted; not prospectively validated,2026-09-20T13:52:41Z,2026-09-20T20:25:00Z,Sun 4:25 PM ET,San Francisco 49ers,Miami Dolphins,5a4f3bf,2026_02_MIA_SF,2.0,graded,win,0.746268656716418,0.746268656716418
68bc55903f50af4af4766adcc89fcc61,Miami Dolphins @ San Francisco 49ers,Malik Willis,betmgm,BetMGM,rush_yds,Rushing yards,over,37.5,-111,30.4690873388,0.5,0.0,0.5260663507,0.4909529554,0.4989470581,37.5,4,-260.663507109,-4.954954955,Calibration fitted; not prospectively validated,2026-09-20T13:53:23Z,2026-09-20T20:25:00Z,Sun 4:25 PM ET,San Francisco 49ers,Miami Dolphins,5a4f3bf,2026_02_MIA_SF,6.0,graded,loss,-1.0,0.9009009009009009
68bc55903f50af4af4766adcc89fcc61,Miami Dolphins @ San Francisco 49ers,Malik Willis,draftkings,DraftKings,rush_yds,Rushing yards,under,37.5,-113,30.4690873388,0.5,0.0,0.5305164319,0.5021058838,0.5010529419,37.5,4,-305.1643192488,-5.7522123894,Calibration fitted; not prospectively validated,2026-09-20T13:52:41Z,2026-09-20T20:25:00Z,Sun 4:25 PM ET,San Francisco 49ers,Miami Dolphins,5a4f3bf,2026_02_MIA_SF,6.0,graded,win,0.8849557522123894,0.8849557522123894
68bc55903f50af4af4766adcc89fcc61,Miami Dolphins @ San Francisco 49ers,Mike Evans,fanduel,FanDuel,receptions,Receptions,over,3.5,-132,5.6680740629,0.5475728155,0.0,0.5689655172,0.5322580645,0.5419996102,3.5,5,-213.927017074,-3.759929391,Calibration fitted; not prospectively validated,2026-09-20T13:53:22Z,2026-09-20T20:25:00Z,Sun 4:25 PM ET,San Francisco 49ers,Miami Dolphins,5a4f3bf,2026_02_MIA_SF,3.0,graded,loss,-1.0,0.7575757575757576
68bc55903f50af4af4766adcc89fcc61,Miami Dolphins @ San Francisco 49ers,Mike Evans,betmgm,BetMGM,receptions,Receptions,under,3.5,120,5.6680740629,0.4524271845,0.0,0.4545454545,0.4248366013,0.4580003898,3.5,5,-21.1827007944,-0.4660194175,Calibration fitted; not prospectively validated,2026-09-20T13:53:23Z,2026-09-20T20:25:00Z,Sun 4:25 PM ET,San Francisco 49ers,Miami Dolphins,5a4f3bf,2026_02_MIA_SF,3.0,graded,win,1.2,1.2
68bc55903f50af4af4766adcc89fcc61,Miami Dolphins @ San Francisco 49ers,Mike Evans,draftkings,DraftKings,recv_yds,Receiving yards,over,50.5,-112,73.6733481279,0.5014367816,0.0,0.5283018868,0.5,0.5,50.5,3,-268.6510518326,-5.085180624,Calibration fitted; not prospectively validated,2026-09-20T13:52:41Z,2026-09-20T20:25:00Z,Sun 4:25 PM ET,San Francisco 49ers,Miami Dolphins,5a4f3bf,2026_02_MIA_SF,54.0,graded,win,0.8928571428571429,0.8928571428571429
68bc55903f50af4af4766adcc89fcc61,Miami Dolphins @ San Francisco 49ers,Mike Evans,draftkings,DraftKings,recv_yds,Receiving yards,under,50.5,-112,73.6733481279,0.4985632184,0.0,0.5283018868,0.5,0.5,50.5,3,-297.3866840165,-5.6291050903,Calibration fitted; not prospectively validated,2026-09-20T13:52:41Z,2026-09-20T20:25:00Z,Sun 4:25 PM ET,San Francisco 49ers,Miami Dolphins,5a4f3bf,2026_02_MIA_SF,54.0,graded,loss,-1.0,0.8928571428571429
71b3b83747589efdc5baef2c5cf811bf,Las Vegas Raiders @ Los Angeles Chargers,Ashton Jeanty,betmgm,BetMGM,receptions,Receptions,over,3.5,-125,3.2823041019,0.4591194969,0.0,0.5555555556,0.5203045685,0.573254143,3.5,4,-964.3605870021,-17.358490566,Calibration fitted; not prospectively validated,2026-09-20T13:52:58Z,2026-09-20T20:05:00Z,Sun 4:05 PM ET,Los Angeles Chargers,Las Vegas Raiders,5a4f3bf,2026_02_LV_LAC,4.0,graded,win,0.8,0.8
71b3b83747589efdc5baef2c5cf811bf,Las Vegas Raiders @ Los Angeles Chargers,Ashton Jeanty,betonlineag,BetOnline.ag,receptions,Receptions,under,3.5,121,3.2823041019,0.5408805031,0.0,0.4524886878,0.4261269059,0.426745857,3.5,4,883.9181536185,19.534591195,Calibration fitted; not prospectively validated,2026-09-20T13:53:02Z,2026-09-20T20:05:00Z,Sun 4:05 PM ET,Los Angeles Chargers,Las Vegas Raiders,5a4f3bf,2026_02_LV_LAC,4.0,graded,loss,-1.0,1.21
71b3b83747589efdc5baef2c5cf811bf,Las Vegas Raiders @ Los Angeles Chargers,Ashton Jeanty,draftkings,DraftKings,recv_yds,Receiving yards,over,25.5,-114,24.3769941769,0.5,0.0,0.5327102804,0.5042122999,0.5042122999,25.5,3,-327.1028037383,-6.1403508772,Calibration fitted; not prospectively validated,2026-09-20T13:52:39Z,2026-09-20T20:05:00Z,Sun 4:05 PM ET,Los Angeles Chargers,Las Vegas Raiders,5a4f3bf,2026_02_LV_LAC,15.0,graded,loss,-1.0,0.8771929824561403
71b3b83747589efdc5baef2c5cf811bf,Las Vegas Raiders @ Los Angeles Chargers,Ashton Jeanty,draftkings,DraftKings,recv_yds,Receiving yards,under,25.5,-110,24.3769941769,0.5,0.0,0.5238095238,0.4957877001,0.4957877001,25.5,3,-238.0952380952,-4.5454545455,Calibration fitted; not prospectively validated,2026-09-20T13:52:39Z,2026-09-20T20:05:00Z,Sun 4:05 PM ET,Los Angeles Chargers,Las Vegas Raiders,5a4f3bf,2026_02_LV_LAC,15.0,graded,win,0.9090909090909091,0.9090909090909091
71b3b83747589efdc5baef2c5cf811bf,Las Vegas Raiders @ Los Angeles Chargers,Ashton Jeanty,bovada,Bovada,rush_attempts,Rushing attempts,over,16.5,-115,12.2975310948,0.4473684211,0.0,0.5348837209,0.5,0.5158520496,16.5,4,-875.152998776,-16.3615560641,Calibration fitted; not prospectively validated,2026-09-20T13:53:09Z,2026-09-20T20:05:00Z,Sun 4:05 PM ET,Los Angeles Chargers,Las Vegas Raiders,5a4f3bf,2026_02_LV_LAC,21.0,graded,win,0.8695652173913043,0.8695652173913043
71b3b83747589efdc5baef2c5cf811bf,Las Vegas Raiders @ Los Angeles Chargers,Ashton Jeanty,draftkings,DraftKings,rush_attempts,Rushing attempts,under,16.5,-102,12.2975310948,0.5526315789,0.0,0.504950495,0.4761410788,0.4841479504,16.5,4,476.8108389786,9.4427244582,Calibration fitted; not prospectively validated,2026-09-20T13:52:39Z,2026-09-20T20:05:00Z,Sun 4:05 PM ET,Los Angeles Chargers,Las Vegas Raiders,5a4f3bf,2026_02_LV_LAC,21.0,graded,loss,-1.0,0.9803921568627451
71b3b83747589efdc5baef2c5cf811bf,Las Vegas Raiders @ Los Angeles Chargers,Ashton Jeanty,draftkings,DraftKings,rush_yds,Rushing yards,over,64.5,-111,48.5784507798,0.4352331606,0.0,0.5260663507,0.4978941162,0.5,64.0,3,-908.3319008914,-17.2664892872,Calibration fitted; not prospectively validated,2026-09-20T13:52:39Z,2026-09-20T20:05:00Z,Sun 4:05 PM ET,Los Angeles Chargers,Las Vegas Raiders,5a4f3bf,2026_02_LV_LAC,48.0,graded,loss,-1.0,0.9009009009009009
71b3b83747589efdc5baef2c5cf811bf,Las Vegas Raiders @ Los Angeles Chargers,Ashton Jeanty,betrivers,BetRivers,rush_yds,Rushing yards,under,64.5,-113,48.5784507798,0.5647668394,0.0,0.5305164319,0.4949766919,0.5,64.0,3,342.5040745336,6.4560502545,Calibration fitted; not prospectively validated,2026-09-20T13:52:45Z,2026-09-20T20:05:00Z,Sun 4:05 PM ET,Los Angeles Chargers,Las Vegas Raiders,5a4f3bf,2026_02_LV_LAC,48.0,graded,win,0.8849557522123894,0.8849557522123894
71b3b83747589efdc5baef2c5cf811bf,Las Vegas Raiders @ Los Angeles Chargers,David Njoku,betmgm,BetMGM,receptions,Receptions,over,2.5,-135,5.1944404466,0.5789473684,0.0,0.5744680851,0.5346534653,0.5601695217,2.5,5,44.7928331467,0.7797270955,Calibration fitted; not prospectively validated,2026-09-20T13:52:58Z,2026-09-20T20:05:00Z,Sun 4:05 PM ET,Los Angeles Chargers,Las Vegas Raiders,5a4f3bf,2026_02_LV_LAC,1.0,graded,loss,-1.0,0.7407407407407407
71b3b83747589efdc5baef2c5cf811bf,Las Vegas Raiders @ Los Angeles Chargers,David Njoku,draftkings,DraftKings,receptions,Receptions,under,2.5,121,5.1944404466,0.4210526316,0.0,0.4524886878,0.427364808,0.4398304783,2.5,5,-314.3605620386,-6.9473684211,Calibration fitted; not prospectively validated,2026-09-20T13:52:39Z,2026-09-20T20:05:00Z,Sun 4:05 PM ET,Los Angeles Chargers,Las Vegas Raiders,5a4f3bf,2026_02_LV_LAC,1.0,graded,win,1.21,1.21
71b3b83747589efdc5baef2c5cf811bf,Las Vegas Raiders @ Los Angeles Chargers,David Njoku,fanduel,FanDuel,recv_yds,Receiving yards,over,24.5,-113,54.9597382106,0.5163043478,0.0,0.5305164319,0.5,0.5051949356,24.5,4,-142.120840988,-2.6789149673,Calibration fitted; not prospectively validated,2026-09-20T13:52:56Z,2026-09-20T20:05:00Z,Sun 4:05 PM ET,Los Angeles Chargers,Las Vegas Raiders,5a4f3bf,2026_02_LV_LAC,9.0,graded,loss,-1.0,0.8849557522123894
71b3b83747589efdc5baef2c5cf811bf,Las Vegas Raiders @ Los Angeles Chargers,David Njoku,bovada,Bovada,recv_yds,Receiving yards,under,24.5,-110,54.9597382106,0.4836956522,0.0,0.5238095238,0.4898785425,0.4948050644,24.5,4,-401.1387163561,-7.6581027668,Calibration fitted; not prospectively validated,2026-09-20T13:53:09Z,2026-09-20T20:05:00Z,Sun 4:05 PM ET,Los Angeles Chargers,Las Vegas Raiders,5a4f3bf,2026_02_LV_LAC,9.0,graded,win,0.9090909090909091,0.9090909090909091
71b3b83747589efdc5baef2c5cf811bf,Las Vegas Raiders @ Los Angeles Chargers,Jalen Nailor,fanduel,FanDuel,receptions,Receptions,over,2.5,-148,2.3289935324,0.4591194969,0.0,0.5967741935,0.5585303332,0.5688179646,2.5,4,-1376.5469669304,-23.0664626891,Calibration fitted; not prospectively validated,2026-09-20T13:52:56Z,2026-09-20T20:05:00Z,Sun 4:05 PM ET,Los Angeles Chargers,Las Vegas Raiders,5a4f3bf,2026_02_LV_LAC,1.0,graded,loss,-1.0,0.6756756756756757
71b3b83747589efdc5baef2c5cf811bf,Las Vegas Raiders @ Los Angeles Chargers,Jalen Nailor,draftkings,DraftKings,receptions,Receptions,under,2.5,122,2.3289935324,0.5408805031,0.0,0.4504504505,0.4250232435,0.4311820354,2.5,4,904.300526942,20.0754716981,Calibration fitted; not prospectively validated,2026-09-20T13:52:39Z,2026-09-20T20:05:00Z,Sun 4:05 PM ET,Los Angeles Chargers,Las Vegas Raiders,5a4f3bf,2026_02_LV_LAC,1.0,graded,win,1.22,1.22
71b3b83747589efdc5baef2c5cf811bf,Las Vegas Raiders @ Los Angeles Chargers,Jalen Nailor,fanduel,FanDuel,recv_yds,Receiving yards,over,32.5,-113,28.3271694836,0.5,0.0,0.5305164319,0.5,0.5015476682,32.5,4,-305.1643192488,-5.7522123894,Calibration fitted; not prospectively validated,2026-09-20T13:52:56Z,2026-09-20T20:05:00Z,Sun 4:05 PM ET,Los Angeles Chargers,Las Vegas Raiders,5a4f3bf,2026_02_LV_LAC,9.0,graded,loss,-1.0,0.8849557522123894
71b3b83747589efdc5baef2c5cf811bf,Las Vegas Raiders @ Los Angeles Chargers,Jalen Nailor,draftkings,DraftKings,recv_yds,Receiving yards,under,32.5,-110,28.3271694836,0.5,0.0,0.5238095238,0.4957877001,0.4984523318,32.5,4,-238.0952380952,-4.5454545455,Calibration fitted; not prospectively validated,2026-09-20T13:52:39Z,2026-09-20T20:05:00Z,Sun 4:05 PM ET,Los Angeles Chargers,Las Vegas Raiders,5a4f3bf,2026_02_LV_LAC,9.0,graded,win,0.9090909090909091,0.9090909090909091
71b3b83747589efdc5baef2c5cf811bf,Las Vegas Raiders @ Los Angeles Chargers,Justin Herbert,betmgm,BetMGM,interceptions,Interceptions thrown,over,0.5,165,,,,0.3773584906,0.3543743079,0.3887399464,0.5,5,,,Insufficient player data,2026-09-20T13:52:58Z,2026-09-20T20:05:00Z,Sun 4:05 PM ET,Los Angeles Chargers,Las Vegas Raiders,5a4f3bf,2026_02_LV_LAC,2.0,graded,win,1.65,1.65
71b3b83747589efdc5baef2c5cf811bf,Las Vegas Raiders @ Los Angeles Chargers,Justin Herbert,draftkings,DraftKings,interceptions,Interceptions thrown,under,0.5,-179,,,,0.6415770609,0.6062658764,0.6112600536,0.5,5,,,Insufficient player data,2026-09-20T13:52:39Z,2026-09-20T20:05:00Z,Sun 4:05 PM ET,Los Angeles Chargers,Las Vegas Raiders,5a4f3bf,2026_02_LV_LAC,2.0,graded,loss,-1.0,0.5586592178770949
71b3b83747589efdc5baef2c5cf811bf,Las Vegas Raiders @ Los Angeles Chargers,Justin Herbert,draftkings,DraftKings,pass_attempts,Passing attempts,over,29.5,-117,33.0491305318,0.5625,0.0,0.5391705069,0.5094197438,0.5101214575,29.5,3,233.2949308756,4.3269230769,Calibration fitted; not prospectively validated,2026-09-20T13:52:39Z,2026-09-20T20:05:00Z,Sun 4:05 PM ET,Los Angeles Chargers,Las Vegas Raiders,5a4f3bf,2026_02_LV_LAC,27.0,graded,loss,-1.0,0.8547008547008547
71b3b83747589efdc5baef2c5cf811bf,Las Vegas Raiders @ Los Angeles Chargers,Justin Herbert,draftkings,DraftKings,pass_attempts,Passing attempts,under,29.5,-108,33.0491305318,0.4375,0.0,0.5192307692,0.4905802562,0.4898785425,29.5,3,-817.3076923077,-15.7407407407,Calibration fitted; not prospectively validated,2026-09-20T13:52:39Z,2026-09-20T20:05:00Z,Sun 4:05 PM ET,Los Angeles Chargers,Las Vegas Raiders,5a4f3bf,2026_02_LV_LAC,27.0,graded,win,0.9259259259259259,0.9259259259259259
71b3b83747589efdc5baef2c5cf811bf,Las Vegas Raiders @ Los Angeles Chargers,Justin Herbert,betrivers,BetRivers,pass_completions,Passing completions,over,19.5,-127,20.8087118163,0.5,0.0,0.5594713656,,0.5351457952,19.5,3,-594.7136563877,-10.6299212598,Calibration fitted; not prospectively validated,2026-09-20T13:52:45Z,2026-09-20T20:05:00Z,Sun 4:05 PM ET,Los Angeles Chargers,Las Vegas Raiders,5a4f3bf,2026_02_LV_LAC,15.0,graded,loss,-1.0,0.7874015748031497
71b3b83747589efdc5baef2c5cf811bf,Las Vegas Raiders @ Los Angeles Chargers,Justin Herbert,bovada,Bovada,pass_completions,Passing completions,under,19.5,105,20.8087118163,0.5,0.0,0.487804878,0.4592085979,0.4648542048,19.5,3,121.9512195122,2.5,Calibration fitted; not prospectively validated,2026-09-20T13:53:09Z,2026-09-20T20:05:00Z,Sun 4:05 PM ET,Los Angeles Chargers,Las Vegas Raiders,5a4f3bf,2026_02_LV_LAC,15.0,graded,win,1.05,1.05
71b3b83747589efdc5baef2c5cf811bf,Las Vegas Raiders @ Los Angeles Chargers,Justin Herbert,betmgm,BetMGM,pass_tds,Passing touchdowns,over,1.5,-115,1.06,0.4821981424,0.0,0.5348837209,0.5,0.5123463241,1.5,6,-526.8557851537,-9.849912505,Calibration fitted; not prospectively validated,2026-09-20T13:52:58Z,2026-09-20T20:05:00Z,Sun 4:05 PM ET,Los Angeles Chargers,Las Vegas Raiders,5a4f3bf,2026_02_LV_LAC,1.0,graded,loss,-1.0,0.8695652173913043
71b3b83747589efdc5baef2c5cf811bf,Las Vegas Raiders @ Los Angeles Chargers,Justin Herbert,fanduel,FanDuel,pass_tds,Passing touchdowns,under,1.5,100,1.06,0.5178018576,0.0,0.5,0.4693877551,0.4876536759,1.5,6,178.0185758514,3.560371517,Calibration fitted; not prospectively validated,2026-09-20T13:52:56Z,2026-09-20T20:05:00Z,Sun 4:05 PM ET,Los Angeles Chargers,Las Vegas Raiders,5a4f3bf,2026_02_LV_LAC,1.0,graded,win,1.0,1.0
71b3b83747589efdc5baef2c5cf811bf,Las Vegas Raiders @ Los Angeles Chargers,Justin Herbert,draftkings,DraftKings,pass_yds,Passing yards,over,225.5,-111,248.7888408569,0.5,0.0,0.5260663507,0.4978941162,0.5,225.5,3,-260.663507109,-4.954954955,Calibration fitted; not prospectively validated,2026-09-20T13:52:39Z,2026-09-20T20:05:00Z,Sun 4:05 PM ET,Los Angeles Chargers,Las Vegas Raiders,5a4f3bf,2026_02_LV_LAC,192.0,graded,loss,-1.0,0.9009009009009009
71b3b83747589efdc5baef2c5cf811bf,Las Vegas Raiders @ Los Angeles Chargers,Justin Herbert,draftkings,DraftKings,pass_yds,Passing yards,under,225.5,-113,248.7888408569,0.5,0.0,0.5305164319,0.5021058838,0.5,225.5,3,-305.1643192488,-5.7522123894,Calibration fitted; not prospectively validated,2026-09-20T13:52:39Z,2026-09-20T20:05:00Z,Sun 4:05 PM ET,Los Angeles Chargers,Las Vegas Raiders,5a4f3bf,2026_02_LV_LAC,192.0,graded,win,0.8849557522123894,0.8849557522123894
71b3b83747589efdc5baef2c5cf811bf,Las Vegas Raiders @ Los Angeles Chargers,Justin Herbert,fanduel,FanDuel,rush_yds,Rushing yards,over,19.5,-113,25.7178013814,0.5,0.0,0.5305164319,0.5,0.5025798729,19.5,4,-305.1643192488,-5.7522123894,Calibration fitted; not prospectively validated,2026-09-20T13:52:56Z,2026-09-20T20:05:00Z,Sun 4:05 PM ET,Los Angeles Chargers,Las Vegas Raiders,5a4f3bf,2026_02_LV_LAC,2.0,graded,loss,-1.0,0.8849557522123894
71b3b83747589efdc5baef2c5cf811bf,Las Vegas Raiders @ Los Angeles Chargers,Justin Herbert,betmgm,BetMGM,rush_yds,Rushing yards,under,19.5,-110,25.7178013814,0.5,0.0,0.5238095238,0.4898785425,0.4974201271,19.5,4,-238.0952380952,-4.5454545455,Calibration fitted; not prospectively validated,2026-09-20T13:52:58Z,2026-09-20T20:05:00Z,Sun 4:05 PM ET,Los Angeles Chargers,Las Vegas Raiders,5a4f3bf,2026_02_LV_LAC,2.0,graded,win,0.9090909090909091,0.9090909090909091
71b3b83747589efdc5baef2c5cf811bf,Las Vegas Raiders @ Los Angeles Chargers,Keaton Mitchell,draftkings,DraftKings,rush_yds,Rushing yards,over,22.5,-112,26.4945349064,0.5,0.0,0.5283018868,0.5,0.5,22.5,3,-283.0188679245,-5.3571428571,Calibration fitted; not prospectively validated,2026-09-20T13:52:39Z,2026-09-20T20:05:00Z,Sun 4:05 PM ET,Los Angeles Chargers,Las Vegas Raiders,5a4f3bf,2026_02_LV_LAC,24.0,graded,win,0.8928571428571429,0.8928571428571429
71b3b83747589efdc5baef2c5cf811bf,Las Vegas Raiders @ Los Angeles Chargers,Keaton Mitchell,draftkings,DraftKings,rush_yds,Rushing yards,under,22.5,-112,26.4945349064,0.5,0.0,0.5283018868,0.5,0.5,22.5,3,-283.0188679245,-5.3571428571,Calibration fitted; not prospectively validated,2026-09-20T13:52:39Z,2026-09-20T20:05:00Z,Sun 4:05 PM ET,Los Angeles Chargers,Las Vegas Raiders,5a4f3bf,2026_02_LV_LAC,24.0,graded,loss,-1.0,0.8928571428571429
71b3b83747589efdc5baef2c5cf811bf,Las Vegas Raiders @ Los Angeles Chargers,Kirk Cousins,betonlineag,BetOnline.ag,interceptions,Interceptions thrown,over,0.5,-133,,,,0.5708154506,0.5367701147,0.5432732881,0.5,4,,,Insufficient player data,2026-09-20T13:53:02Z,2026-09-20T20:05:00Z,Sun 4:05 PM ET,Los Angeles Chargers,Las Vegas Raiders,5a4f3bf,2026_02_LV_LAC,1.0,graded,win,0.7518796992481203,0.7518796992481203
71b3b83747589efdc5baef2c5cf811bf,Las Vegas Raiders @ Los Angeles Chargers,Kirk Cousins,bovada,Bovada,interceptions,Interceptions thrown,under,0.5,110,,,,0.4761904762,0.4458598726,0.4567267119,0.5,4,,,Insufficient player data,2026-09-20T13:53:09Z,2026-09-20T20:05:00Z,Sun 4:05 PM ET,Los Angeles Chargers,Las Vegas Raiders,5a4f3bf,2026_02_LV_LAC,1.0,graded,loss,-1.0,1.1
71b3b83747589efdc5baef2c5cf811bf,Las Vegas Raiders @ Los Angeles Chargers,Kirk Cousins,fanatics,Fanatics,pass_attempts,Passing attempts,over,29.5,-115,32.7353241763,0.5625,0.0,0.5348837209,0.5,0.5102595309,29.5,4,276.1627906977,5.1630434783,Calibration fitted; not prospectively validated,2026-09-20T13:52:37Z,2026-09-20T20:05:00Z,Sun 4:05 PM ET,Los Angeles Chargers,Las Vegas Raiders,5a4f3bf,2026_02_LV_LAC,29.0,graded,loss,-1.0,0.8695652173913043
71b3b83747589efdc5baef2c5cf811bf,Las Vegas Raiders @ Los Angeles Chargers,Kirk Cousins,betonlineag,BetOnline.ag,pass_attempts,Passing attempts,under,29.5,103,32.7353241763,0.4375,0.0,0.4926108374,0.4632298853,0.4897404691,29.5,4,-551.1083743842,-11.1875,Calibration fitted; not prospectively validated,2026-09-20T13:53:02Z,2026-09-20T20:05:00Z,Sun 4:05 PM ET,Los Angeles Chargers,Las Vegas Raiders,5a4f3bf,2026_02_LV_LAC,29.0,graded,win,1.03,1.03
71b3b83747589efdc5baef2c5cf811bf,Las Vegas Raiders @ Los Angeles Chargers,Kirk Cousins,betmgm,BetMGM,pass_completions,Passing completions,over,18.5,-120,22.9147269234,0.5416666667,0.0,0.5454545455,0.5090470446,0.5400039316,18.5,5,-37.8787878788,-0.6944444444,Calibration fitted; not prospectively validated,2026-09-20T13:52:58Z,2026-09-20T20:05:00Z,Sun 4:05 PM ET,Los Angeles Chargers,Las Vegas Raiders,5a4f3bf,2026_02_LV_LAC,19.0,graded,win,0.8333333333333334,0.8333333333333334
71b3b83747589efdc5baef2c5cf811bf,Las Vegas Raiders @ Los Angeles Chargers,Kirk Cousins,betonlineag,BetOnline.ag,pass_completions,Passing completions,under,18.5,105,22.9147269234,0.4583333333,0.0,0.487804878,0.4592085979,0.4599960684,18.5,5,-294.7154471545,-6.0416666667,Calibration fitted; not prospectively validated,2026-09-20T13:53:02Z,2026-09-20T20:05:00Z,Sun 4:05 PM ET,Los Angeles Chargers,Las Vegas Raiders,5a4f3bf,2026_02_LV_LAC,19.0,graded,loss,-1.0,1.05
71b3b83747589efdc5baef2c5cf811bf,Las Vegas Raiders @ Los Angeles Chargers,Kirk Cousins,bovada,Bovada,pass_tds,Passing touchdowns,over,1.5,200,2.82,0.5333333333,0.0,0.3333333333,0.3125,0.3196804647,1.5,4,2000.0,60.0,Calibration fitted; not prospectively validated,2026-09-20T13:53:09Z,2026-09-20T20:05:00Z,Sun 4:05 PM ET,Los Angeles Chargers,Las Vegas Raiders,5a4f3bf,2026_02_LV_LAC,3.0,graded,win,2.0,2.0
71b3b83747589efdc5baef2c5cf811bf,Las Vegas Raiders @ Los Angeles Chargers,Kirk Cousins,betonlineag,BetOnline.ag,pass_tds,Passing touchdowns,under,1.5,-256,2.82,0.4666666667,0.0,0.7191011236,0.6758922068,0.6803195353,1.5,4,-2524.3445692884,-35.1041666667,Calibration fitted; not prospectively validated,2026-09-20T13:53:02Z,2026-09-20T20:05:00Z,Sun 4:05 PM ET,Los Angeles Chargers,Las Vegas Raiders,5a4f3bf,2026_02_LV_LAC,3.0,graded,loss,-1.0,0.390625
71b3b83747589efdc5baef2c5cf811bf,Las Vegas Raiders @ Los Angeles Chargers,Kirk Cousins,draftkings,DraftKings,pass_yds,Passing yards,over,192.5,-112,221.3650078481,0.5,0.0,0.5283018868,0.5,0.5,192.5,4,-283.0188679245,-5.3571428571,Calibration fitted; not prospectively validated,2026-09-20T13:52:39Z,2026-09-20T20:05:00Z,Sun 4:05 PM ET,Los Angeles Chargers,Las Vegas Raiders,5a4f3bf,2026_02_LV_LAC,253.0,graded,win,0.8928571428571429,0.8928571428571429
71b3b83747589efdc5baef2c5cf811bf,Las Vegas Raiders @ Los Angeles Chargers,Kirk Cousins,betonlineag,BetOnline.ag,pass_yds,Passing yards,under,192.5,-111,221.3650078481,0.5,0.0,0.5260663507,0.4948402543,0.5,192.5,4,-260.663507109,-4.954954955,Calibration fitted; not prospectively validated,2026-09-20T13:53:02Z,2026-09-20T20:05:00Z,Sun 4:05 PM ET,Los Angeles Chargers,Las Vegas Raiders,5a4f3bf,2026_02_LV_LAC,253.0,graded,loss,-1.0,0.9009009009009009
71b3b83747589efdc5baef2c5cf811bf,Las Vegas Raiders @ Los Angeles Chargers,Kirk Cousins,fanduel,FanDuel,rush_yds,Rushing yards,over,0.5,136,9.317711539,0.5647668394,0.0,0.4237288136,0.4002103295,0.4002103295,0.5,1,1410.3802581892,33.2849740933,Calibration fitted; not prospectively validated,2026-09-20T13:52:56Z,2026-09-20T20:05:00Z,Sun 4:05 PM ET,Los Angeles Chargers,Las Vegas Raiders,5a4f3bf,2026_02_LV_LAC,1.0,graded,win,1.36,1.36
71b3b83747589efdc5baef2c5cf811bf,Las Vegas Raiders @ Los Angeles Chargers,Kirk Cousins,fanduel,FanDuel,rush_yds,Rushing yards,under,0.5,-174,9.317711539,0.4352331606,0.0,0.6350364964,0.5997896705,0.5997896705,0.5,1,-1998.033357286,-31.4632839021,Calibration fitted; not prospectively validated,2026-09-20T13:52:56Z,2026-09-20T20:05:00Z,Sun 4:05 PM ET,Los Angeles Chargers,Las Vegas Raiders,5a4f3bf,2026_02_LV_LAC,1.0,graded,loss,-1.0,0.5747126436781609
71b3b83747589efdc5baef2c5cf811bf,Las Vegas Raiders @ Los Angeles Chargers,Michael Mayer,draftkings,DraftKings,receptions,Receptions,over,5.5,107,3.5071714138,0.4210526316,0.0,0.4830917874,0.4560210233,0.4562374675,5.5,4,-620.3915586067,-12.8421052632,Calibration fitted; not prospectively validated,2026-09-20T13:52:39Z,2026-09-20T20:05:00Z,Sun 4:05 PM ET,Los Angeles Chargers,Las Vegas Raiders,5a4f3bf,2026_02_LV_LAC,3.0,graded,loss,-1.0,1.07
71b3b83747589efdc5baef2c5cf811bf,Las Vegas Raiders @ Los Angeles Chargers,Michael Mayer,bovada,Bovada,receptions,Receptions,under,5.5,-135,3.5071714138,0.5789473684,0.0,0.5744680851,0.5407914021,0.5437625325,5.5,4,44.7928331467,0.7797270955,Calibration fitted; not prospectively validated,2026-09-20T13:53:09Z,2026-09-20T20:05:00Z,Sun 4:05 PM ET,Los Angeles Chargers,Las Vegas Raiders,5a4f3bf,2026_02_LV_LAC,3.0,graded,win,0.7407407407407407,0.7407407407407407
71b3b83747589efdc5baef2c5cf811bf,Las Vegas Raiders @ Los Angeles Chargers,Michael Mayer,betmgm,BetMGM,recv_yds,Receiving yards,over,44.5,-111,30.2768378617,0.4985632184,0.0,0.5260663507,0.4928711097,0.5,44.5,5,-275.031323201,-5.2280729005,Calibration fitted; not prospectively validated,2026-09-20T13:52:58Z,2026-09-20T20:05:00Z,Sun 4:05 PM ET,Los Angeles Chargers,Las Vegas Raiders,5a4f3bf,2026_02_LV_LAC,23.0,graded,loss,-1.0,0.9009009009009009
71b3b83747589efdc5baef2c5cf811bf,Las Vegas Raiders @ Los Angeles Chargers,Michael Mayer,betonlineag,BetOnline.ag,recv_yds,Receiving yards,under,44.5,-112,30.2768378617,0.5014367816,0.0,0.5283018868,0.4969046636,0.5,44.5,5,-268.6510518326,-5.085180624,Calibration fitted; not prospectively validated,2026-09-20T13:53:02Z,2026-09-20T20:05:00Z,Sun 4:05 PM ET,Los Angeles Chargers,Las Vegas Raiders,5a4f3bf,2026_02_LV_LAC,23.0,graded,win,0.8928571428571429,0.8928571428571429
71b3b83747589efdc5baef2c5cf811bf,Las Vegas Raiders @ Los Angeles Chargers,Mike Washington,draftkings,DraftKings,rush_attempts,Rushing attempts,over,4.5,-145,7.324680826,0.506993007,0.0,0.5918367347,0.5587970466,0.5607281097,4.5,2,-848.4372770087,-14.3356643357,Calibration fitted; not prospectively validated,2026-09-20T13:52:39Z,2026-09-20T20:05:00Z,Sun 4:05 PM ET,Los Angeles Chargers,Las Vegas Raiders,5a4f3bf,2026_02_LV_LAC,3.0,graded,loss,-1.0,0.6896551724137931
71b3b83747589efdc5baef2c5cf811bf,Las Vegas Raiders @ Los Angeles Chargers,Mike Washington,betonlineag,BetOnline.ag,rush_attempts,Rushing attempts,under,4.5,115,7.324680826,0.4915254237,0.0,0.4651162791,0.4373408273,0.4392718903,4.5,2,264.0914465905,5.6779661017,Calibration fitted; not prospectively validated,2026-09-20T13:53:02Z,2026-09-20T20:05:00Z,Sun 4:05 PM ET,Los Angeles Chargers,Las Vegas Raiders,5a4f3bf,2026_02_LV_LAC,3.0,graded,win,1.15,1.15
71b3b83747589efdc5baef2c5cf811bf,Las Vegas Raiders @ Los Angeles Chargers,Mike Washington,fanduel,FanDuel,rush_yds,Rushing yards,over,18.5,-113,32.0130000102,0.5,0.0,0.5305164319,0.5,0.5,18.0,3,-305.1643192488,-5.7522123894,Calibration fitted; not prospectively validated,2026-09-20T13:52:56Z,2026-09-20T20:05:00Z,Sun 4:05 PM ET,Los Angeles Chargers,Las Vegas Raiders,5a4f3bf,2026_02_LV_LAC,7.0,graded,loss,-1.0,0.8849557522123894
71b3b83747589efdc5baef2c5cf811bf,Las Vegas Raiders @ Los Angeles Chargers,Mike Washington,fanduel,FanDuel,rush_yds,Rushing yards,under,18.5,-113,32.0130000102,0.5,0.0,0.5305164319,0.5,0.5,18.0,3,-305.1643192488,-5.7522123894,Calibration fitted; not prospectively validated,2026-09-20T13:52:56Z,2026-09-20T20:05:00Z,Sun 4:05 PM ET,Los Angeles Chargers,Las Vegas Raiders,5a4f3bf,2026_02_LV_LAC,7.0,graded,win,0.8849557522123894,0.8849557522123894
71b3b83747589efdc5baef2c5cf811bf,Las Vegas Raiders @ Los Angeles Chargers,Omarion Hampton,betmgm,BetMGM,receptions,Receptions,over,2.5,150,1.3251126874,0.4524271845,0.0,0.4,0.375,0.3856006472,2.5,5,524.2718446602,13.1067961165,Calibration fitted; not prospectively validated,2026-09-20T13:52:58Z,2026-09-20T20:05:00Z,Sun 4:05 PM ET,Los Angeles Chargers,Las Vegas Raiders,5a4f3bf,2026_02_LV_LAC,2.0,graded,loss,-1.0,1.5
71b3b83747589efdc5baef2c5cf811bf,Las Vegas Raiders @ Los Angeles Chargers,Omarion Hampton,betonlineag,BetOnline.ag,receptions,Receptions,under,2.5,-175,1.3251126874,0.5475728155,0.0,0.6363636364,0.5992714026,0.6143993528,2.5,5,-887.9082082966,-13.9528432732,Calibration fitted; not prospectively validated,2026-09-20T13:53:02Z,2026-09-20T20:05:00Z,Sun 4:05 PM ET,Los Angeles Chargers,Las Vegas Raiders,5a4f3bf,2026_02_LV_LAC,2.0,graded,win,0.5714285714285714,0.5714285714285714
71b3b83747589efdc5baef2c5cf811bf,Las Vegas Raiders @ Los Angeles Chargers,Omarion Hampton,draftkings,DraftKings,recv_yds,Receiving yards,over,10.5,-112,9.6139286615,0.5,0.0,0.5283018868,0.5,0.5,10.5,4,-283.0188679245,-5.3571428571,Calibration fitted; not prospectively validated,2026-09-20T13:52:39Z,2026-09-20T20:05:00Z,Sun 4:05 PM ET,Los Angeles Chargers,Las Vegas Raiders,5a4f3bf,2026_02_LV_LAC,21.0,graded,win,0.8928571428571429,0.8928571428571429
71b3b83747589efdc5baef2c5cf811bf,Las Vegas Raiders @ Los Angeles Chargers,Omarion Hampton,betonlineag,BetOnline.ag,recv_yds,Receiving yards,under,10.5,-111,9.6139286615,0.5,0.0,0.5260663507,0.4948402543,0.5,10.5,4,-260.663507109,-4.954954955,Calibration fitted; not prospectively validated,2026-09-20T13:53:02Z,2026-09-20T20:05:00Z,Sun 4:05 PM ET,Los Angeles Chargers,Las Vegas Raiders,5a4f3bf,2026_02_LV_LAC,21.0,graded,loss,-1.0,0.9009009009009009
71b3b83747589efdc5baef2c5cf811bf,Las Vegas Raiders @ Los Angeles Chargers,Omarion Hampton,fanatics,Fanatics,rush_attempts,Rushing attempts,over,16.5,-110,9.4229431786,0.4054054054,0.0,0.5238095238,0.4898785425,0.5015476682,16.5,4,-1184.0411840412,-22.6044226044,Calibration fitted; not prospectively validated,2026-09-20T13:48:18Z,2026-09-20T20:05:00Z,Sun 4:05 PM ET,Los Angeles Chargers,Las Vegas Raiders,5a4f3bf,2026_02_LV_LAC,23.0,graded,win,0.9090909090909091,0.9090909090909091
71b3b83747589efdc5baef2c5cf811bf,Las Vegas Raiders @ Los Angeles Chargers,Omarion Hampton,draftkings,DraftKings,rush_attempts,Rushing attempts,under,16.5,-111,9.4229431786,0.5945945946,0.0,0.5260663507,0.4968624498,0.4984523318,16.5,4,685.2824388369,13.0265400536,Calibration fitted; not prospectively validated,2026-09-20T13:52:39Z,2026-09-20T20:05:00Z,Sun 4:05 PM ET,Los Angeles Chargers,Las Vegas Raiders,5a4f3bf,2026_02_LV_LAC,23.0,graded,loss,-1.0,0.9009009009009009
71b3b83747589efdc5baef2c5cf811bf,Las Vegas Raiders @ Los Angeles Chargers,Omarion Hampton,draftkings,DraftKings,rush_yds,Rushing yards,over,62.5,-112,38.1659673042,0.4352331606,0.0,0.5283018868,0.5,0.5,62.5,4,-930.6872617069,-17.6165803109,Calibration fitted; not prospectively validated,2026-09-20T13:52:39Z,2026-09-20T20:05:00Z,Sun 4:05 PM ET,Los Angeles Chargers,Las Vegas Raiders,5a4f3bf,2026_02_LV_LAC,94.0,graded,win,0.8928571428571429,0.8928571428571429
71b3b83747589efdc5baef2c5cf811bf,Las Vegas Raiders @ Los Angeles Chargers,Omarion Hampton,betonlineag,BetOnline.ag,rush_yds,Rushing yards,under,62.5,-110,38.1659673042,0.5647668394,0.0,0.5238095238,0.4917965546,0.5,62.5,4,409.5731556871,7.8191238813,Calibration fitted; not prospectively validated,2026-09-20T13:53:02Z,2026-09-20T20:05:00Z,Sun 4:05 PM ET,Los Angeles Chargers,Las Vegas Raiders,5a4f3bf,2026_02_LV_LAC,94.0,graded,loss,-1.0,0.9090909090909091
71b3b83747589efdc5baef2c5cf811bf,Las Vegas Raiders @ Los Angeles Chargers,Oronde Gadsden,betmgm,BetMGM,receptions,Receptions,over,1.5,-125,3.323186831,0.5475728155,0.0,0.5555555556,0.5203045685,0.5541401274,1.5,5,-79.8274002158,-1.4368932039,Calibration fitted; not prospectively validated,2026-09-20T13:52:58Z,2026-09-20T20:05:00Z,Sun 4:05 PM ET,Los Angeles Chargers,Las Vegas Raiders,5a4f3bf,2026_02_LV_LAC,2.0,graded,win,0.8,0.8
71b3b83747589efdc5baef2c5cf811bf,Las Vegas Raiders @ Los Angeles Chargers,Oronde Gadsden,fanduel,FanDuel,receptions,Receptions,under,1.5,122,3.323186831,0.4524271845,0.0,0.4504504505,0.4214658001,0.4458598726,1.5,5,19.7673401557,0.4388349515,Calibration fitted; not prospectively validated,2026-09-20T13:52:56Z,2026-09-20T20:05:00Z,Sun 4:05 PM ET,Los Angeles Chargers,Las Vegas Raiders,5a4f3bf,2026_02_LV_LAC,2.0,graded,loss,-1.0,1.22
71b3b83747589efdc5baef2c5cf811bf,Las Vegas Raiders @ Los Angeles Chargers,Oronde Gadsden,fanduel,FanDuel,recv_yds,Receiving yards,over,17.5,-113,41.0118797011,0.5014367816,0.0,0.5305164319,0.5,0.5,17.0,3,-290.7965031569,-5.4813854135,Calibration fitted; not prospectively validated,2026-09-20T13:52:56Z,2026-09-20T20:05:00Z,Sun 4:05 PM ET,Los Angeles Chargers,Las Vegas Raiders,5a4f3bf,2026_02_LV_LAC,18.0,graded,win,0.8849557522123894,0.8849557522123894
71b3b83747589efdc5baef2c5cf811bf,Las Vegas Raiders @ Los Angeles Chargers,Oronde Gadsden,fanduel,FanDuel,recv_yds,Receiving yards,under,17.5,-113,41.0118797011,0.4985632184,0.0,0.5305164319,0.5,0.5,17.0,3,-319.5321353408,-6.0230393653,Calibration fitted; not prospectively validated,2026-09-20T13:52:56Z,2026-09-20T20:05:00Z,Sun 4:05 PM ET,Los Angeles Chargers,Las Vegas Raiders,5a4f3bf,2026_02_LV_LAC,18.0,graded,loss,-1.0,0.8849557522123894
71b3b83747589efdc5baef2c5cf811bf,Las Vegas Raiders @ Los Angeles Chargers,Quentin Johnston,betonlineag,BetOnline.ag,receptions,Receptions,over,3.5,-152,2.807705245,0.4524271845,0.0,0.6031746032,0.5668912416,0.5727127207,4.0,2,-1507.4741870858,-24.9923352069,Calibration fitted; not prospectively validated,2026-09-20T13:53:02Z,2026-09-20T20:05:00Z,Sun 4:05 PM ET,Los Angeles Chargers,Las Vegas Raiders,5a4f3bf,2026_02_LV_LAC,1.0,graded,loss,-1.0,0.6578947368421053
71b3b83747589efdc5baef2c5cf811bf,Las Vegas Raiders @ Los Angeles Chargers,Quentin Johnston,fanduel,FanDuel,receptions,Receptions,under,3.5,122,2.807705245,0.5475728155,0.0,0.4504504505,0.4214658001,0.4272872793,4.0,2,971.2236508353,21.5611650485,Calibration fitted; not prospectively validated,2026-09-20T13:52:56Z,2026-09-20T20:05:00Z,Sun 4:05 PM ET,Los Angeles Chargers,Las Vegas Raiders,5a4f3bf,2026_02_LV_LAC,1.0,graded,win,1.22,1.22
71b3b83747589efdc5baef2c5cf811bf,Las Vegas Raiders @ Los Angeles Chargers,Quentin Johnston,fanduel,FanDuel,recv_yds,Receiving yards,over,50.5,-113,34.3297448872,0.4985632184,0.0,0.5305164319,0.5,0.5,51.0,3,-319.5321353408,-6.0230393653,Calibration fitted; not prospectively validated,2026-09-20T13:52:56Z,2026-09-20T20:05:00Z,Sun 4:05 PM ET,Los Angeles Chargers,Las Vegas Raiders,5a4f3bf,2026_02_LV_LAC,7.0,graded,loss,-1.0,0.8849557522123894
71b3b83747589efdc5baef2c5cf811bf,Las Vegas Raiders @ Los Angeles Chargers,Quentin Johnston,betonlineag,BetOnline.ag,recv_yds,Receiving yards,under,50.5,-111,34.3297448872,0.5014367816,0.0,0.5260663507,0.4948402543,0.5,51.0,3,-246.2956910171,-4.6818370094,Calibration fitted; not prospectively validated,2026-09-20T13:53:02Z,2026-09-20T20:05:00Z,Sun 4:05 PM ET,Los Angeles Chargers,Las Vegas Raiders,5a4f3bf,2026_02_LV_LAC,7.0,graded,win,0.9009009009009009,0.9009009009009009
71b3b83747589efdc5baef2c5cf811bf,Las Vegas Raiders @ Los Angeles Chargers,Tre Harris,betmgm,BetMGM,receptions,Receptions,over,2.5,-150,2.2838181788,0.4591194969,0.0,0.6,0.5575221239,0.5872331883,2.5,4,-1408.8050314465,-23.4800838574,Calibration fitted; not prospectively validated,2026-09-20T13:52:58Z,2026-09-20T20:05:00Z,Sun 4:05 PM ET,Los Angeles Chargers,Las Vegas Raiders,5a4f3bf,2026_02_LV_LAC,1.0,graded,loss,-1.0,0.6666666666666666
71b3b83747589efdc5baef2c5cf811bf,Las Vegas Raiders @ Los Angeles Chargers,Tre Harris,draftkings,DraftKings,receptions,Receptions,under,2.5,133,2.2838181788,0.5408805031,0.0,0.4291845494,0.4053445429,0.4127668117,2.5,4,1116.9595378843,26.0251572327,Calibration fitted; not prospectively validated,2026-09-20T13:52:39Z,2026-09-20T20:05:00Z,Sun 4:05 PM ET,Los Angeles Chargers,Las Vegas Raiders,5a4f3bf,2026_02_LV_LAC,1.0,graded,win,1.33,1.33
71b3b83747589efdc5baef2c5cf811bf,Las Vegas Raiders @ Los Angeles Chargers,Tre Harris,draftkings,DraftKings,recv_yds,Receiving yards,over,32.5,-111,26.0194780807,0.4989858012,0.0,0.5260663507,0.4978941162,0.5,32.5,5,-270.8054949386,-5.147744093,Calibration fitted; not prospectively validated,2026-09-20T13:52:39Z,2026-09-20T20:05:00Z,Sun 4:05 PM ET,Los Angeles Chargers,Las Vegas Raiders,5a4f3bf,2026_02_LV_LAC,53.0,graded,win,0.9009009009009009,0.9009009009009009
71b3b83747589efdc5baef2c5cf811bf,Las Vegas Raiders @ Los Angeles Chargers,Tre Harris,betonlineag,BetOnline.ag,recv_yds,Receiving yards,under,32.5,-112,26.0194780807,0.5010141988,0.0,0.5283018868,0.4969046636,0.5,32.5,5,-272.8768800949,-5.1651695161,Calibration fitted; not prospectively validated,2026-09-20T13:53:02Z,2026-09-20T20:05:00Z,Sun 4:05 PM ET,Los Angeles Chargers,Las Vegas Raiders,5a4f3bf,2026_02_LV_LAC,53.0,graded,loss,-1.0,0.8928571428571429
71b3b83747589efdc5baef2c5cf811bf,Las Vegas Raiders @ Los Angeles Chargers,Tre Tucker,betmgm,BetMGM,receptions,Receptions,over,3.5,115,2.2239555426,0.4210526316,0.0,0.4651162791,0.4334891628,0.4366812227,3.5,5,-440.6364749082,-9.4736842105,Calibration fitted; not prospectively validated,2026-09-20T13:52:58Z,2026-09-20T20:05:00Z,Sun 4:05 PM ET,Los Angeles Chargers,Las Vegas Raiders,5a4f3bf,2026_02_LV_LAC,5.0,graded,win,1.15,1.15
71b3b83747589efdc5baef2c5cf811bf,Las Vegas Raiders @ Los Angeles Chargers,Tre Tucker,betonlineag,BetOnline.ag,receptions,Receptions,under,3.5,-143,2.2239555426,0.5789473684,0.0,0.5884773663,0.5527332965,0.5633187773,3.5,5,-95.2999783409,-1.6194331984,Calibration fitted; not prospectively validated,2026-09-20T13:53:02Z,2026-09-20T20:05:00Z,Sun 4:05 PM ET,Los Angeles Chargers,Las Vegas Raiders,5a4f3bf,2026_02_LV_LAC,5.0,graded,loss,-1.0,0.6993006993006993
71b3b83747589efdc5baef2c5cf811bf,Las Vegas Raiders @ Los Angeles Chargers,Tre Tucker,fanduel,FanDuel,recv_yds,Receiving yards,over,36.5,-113,27.9457121333,0.4985632184,0.0,0.5305164319,0.5,0.5025798729,36.5,2,-319.5321353408,-6.0230393653,Calibration fitted; not prospectively validated,2026-09-20T13:52:56Z,2026-09-20T20:05:00Z,Sun 4:05 PM ET,Los Angeles Chargers,Las Vegas Raiders,5a4f3bf,2026_02_LV_LAC,119.0,graded,win,0.8849557522123894,0.8849557522123894
71b3b83747589efdc5baef2c5cf811bf,Las Vegas Raiders @ Los Angeles Chargers,Tre Tucker,betonlineag,BetOnline.ag,recv_yds,Receiving yards,under,36.5,-111,27.9457121333,0.5014367816,0.0,0.5260663507,0.4948402543,0.4974201271,36.5,2,-246.2956910171,-4.6818370094,Calibration fitted; not prospectively validated,2026-09-20T13:53:02Z,2026-09-20T20:05:00Z,Sun 4:05 PM ET,Los Angeles Chargers,Las Vegas Raiders,5a4f3bf,2026_02_LV_LAC,119.0,graded,loss,-1.0,0.9009009009009009
85ef85098ddd22fe4ecf45e7e3c0a9c0,Washington Commanders @ Dallas Cowboys,Antonio Williams,betmgm,BetMGM,receptions,Receptions,over,2.5,135,2.2473797726,0.4591194969,0.0,0.4255319149,0.3959708232,0.4319831851,2.5,6,335.8758196173,7.893081761,Calibration fitted; not prospectively validated,2026-09-20T13:52:32Z,2026-09-20T20:25:00Z,Sun 4:25 PM ET,Dallas Cowboys,Washington Commanders,5a4f3bf,2026_02_WAS_DAL,3.0,graded,win,1.35,1.35
85ef85098ddd22fe4ecf45e7e3c0a9c0,Washington Commanders @ Dallas Cowboys,Antonio Williams,betonlineag,BetOnline.ag,receptions,Receptions,under,2.5,-152,2.2473797726,0.5408805031,0.0,0.6031746032,0.5668912416,0.5680168149,2.5,6,-622.9410002995,-10.3277060576,Calibration fitted; not prospectively validated,2026-09-20T13:52:42Z,2026-09-20T20:25:00Z,Sun 4:25 PM ET,Dallas Cowboys,Washington Commanders,5a4f3bf,2026_02_WAS_DAL,3.0,graded,loss,-1.0,0.6578947368421053
85ef85098ddd22fe4ecf45e7e3c0a9c0,Washington Commanders @ Dallas Cowboys,Antonio Williams,draftkings,DraftKings,recv_yds,Receiving yards,over,25.5,-113,20.2701833601,0.5,0.0,0.5305164319,0.5021058838,0.5010529419,25.5,4,-305.1643192488,-5.7522123894,Calibration fitted; not prospectively validated,2026-09-20T13:53:19Z,2026-09-20T20:25:00Z,Sun 4:25 PM ET,Dallas Cowboys,Washington Commanders,5a4f3bf,2026_02_WAS_DAL,24.0,graded,loss,-1.0,0.8849557522123894
85ef85098ddd22fe4ecf45e7e3c0a9c0,Washington Commanders @ Dallas Cowboys,Antonio Williams,draftkings,DraftKings,recv_yds,Receiving yards,under,25.5,-111,20.2701833601,0.5,0.0,0.5260663507,0.4978941162,0.4989470581,25.5,4,-260.663507109,-4.954954955,Calibration fitted; not prospectively validated,2026-09-20T13:53:19Z,2026-09-20T20:25:00Z,Sun 4:25 PM ET,Dallas Cowboys,Washington Commanders,5a4f3bf,2026_02_WAS_DAL,24.0,graded,win,0.9009009009009009,0.9009009009009009
85ef85098ddd22fe4ecf45e7e3c0a9c0,Washington Commanders @ Dallas Cowboys,CeeDee Lamb,draftkings,DraftKings,receptions,Receptions,over,5.5,-128,5.1001882246,0.4579439252,0.0,0.5614035088,0.5301681503,0.5418848168,5.5,5,-1034.5958353828,-18.4287383178,Calibration fitted; not prospectively validated,2026-09-20T13:53:19Z,2026-09-20T20:25:00Z,Sun 4:25 PM ET,Dallas Cowboys,Washington Commanders,5a4f3bf,2026_02_WAS_DAL,8.0,graded,win,0.78125,0.78125
85ef85098ddd22fe4ecf45e7e3c0a9c0,Washington Commanders @ Dallas Cowboys,CeeDee Lamb,betmgm,BetMGM,receptions,Receptions,under,5.5,115,5.1001882246,0.5420560748,0.0,0.4651162791,0.4334891628,0.4581151832,5.5,5,769.3979569659,16.5420560748,Calibration fitted; not prospectively validated,2026-09-20T13:52:32Z,2026-09-20T20:25:00Z,Sun 4:25 PM ET,Dallas Cowboys,Washington Commanders,5a4f3bf,2026_02_WAS_DAL,8.0,graded,loss,-1.0,1.15
85ef85098ddd22fe4ecf45e7e3c0a9c0,Washington Commanders @ Dallas Cowboys,CeeDee Lamb,betrivers,BetRivers,recv_yds,Receiving yards,over,76.5,-113,64.5571506725,0.4989858012,0.0,0.5305164319,0.4949766919,0.5,76.5,4,-315.3063070784,-5.9433843724,Calibration fitted; not prospectively validated,2026-09-20T13:52:33Z,2026-09-20T20:25:00Z,Sun 4:25 PM ET,Dallas Cowboys,Washington Commanders,5a4f3bf,2026_02_WAS_DAL,153.0,graded,win,0.8849557522123894,0.8849557522123894
85ef85098ddd22fe4ecf45e7e3c0a9c0,Washington Commanders @ Dallas Cowboys,CeeDee Lamb,draftkings,DraftKings,recv_yds,Receiving yards,under,76.5,-110,64.5571506725,0.5010141988,0.0,0.5238095238,0.4957877001,0.5,76.5,4,-227.9532502656,-4.3518347778,Calibration fitted; not prospectively validated,2026-09-20T13:53:19Z,2026-09-20T20:25:00Z,Sun 4:25 PM ET,Dallas Cowboys,Washington Commanders,5a4f3bf,2026_02_WAS_DAL,153.0,graded,loss,-1.0,0.9090909090909091
85ef85098ddd22fe4ecf45e7e3c0a9c0,Washington Commanders @ Dallas Cowboys,Dak Prescott,betmgm,BetMGM,interceptions,Interceptions thrown,over,0.5,105,,,,0.487804878,0.4554079696,0.4865646962,0.5,5,,,Insufficient player data,2026-09-20T13:52:32Z,2026-09-20T20:25:00Z,Sun 4:25 PM ET,Dallas Cowboys,Washington Commanders,5a4f3bf,2026_02_WAS_DAL,0.0,graded,loss,-1.0,1.05
85ef85098ddd22fe4ecf45e7e3c0a9c0,Washington Commanders @ Dallas Cowboys,Dak Prescott,betonlineag,BetOnline.ag,interceptions,Interceptions thrown,under,0.5,-120,,,,0.5454545455,0.5123152709,0.5134353038,0.5,5,,,Insufficient player data,2026-09-20T13:52:42Z,2026-09-20T20:25:00Z,Sun 4:25 PM ET,Dallas Cowboys,Washington Commanders,5a4f3bf,2026_02_WAS_DAL,0.0,graded,win,0.8333333333333334,0.8333333333333334
85ef85098ddd22fe4ecf45e7e3c0a9c0,Washington Commanders @ Dallas Cowboys,Dak Prescott,bovada,Bovada,pass_attempts,Passing attempts,over,34.5,-120,33.4143899749,0.5,0.0,0.5454545455,0.5101214575,0.5145711907,34.5,3,-454.5454545455,-8.3333333333,Calibration fitted; not prospectively validated,2026-09-20T13:52:23Z,2026-09-20T20:25:00Z,Sun 4:25 PM ET,Dallas Cowboys,Washington Commanders,5a4f3bf,2026_02_WAS_DAL,31.0,graded,loss,-1.0,0.8333333333333334
85ef85098ddd22fe4ecf45e7e3c0a9c0,Washington Commanders @ Dallas Cowboys,Dak Prescott,betonlineag,BetOnline.ag,pass_attempts,Passing attempts,under,34.5,-106,33.4143899749,0.5,0.0,0.5145631068,0.4835607431,0.4854288093,34.5,3,-145.6310679612,-2.8301886792,Calibration fitted; not prospectively validated,2026-09-20T13:52:42Z,2026-09-20T20:25:00Z,Sun 4:25 PM ET,Dallas Cowboys,Washington Commanders,5a4f3bf,2026_02_WAS_DAL,31.0,graded,win,0.9433962264150944,0.9433962264150944
85ef85098ddd22fe4ecf45e7e3c0a9c0,Washington Commanders @ Dallas Cowboys,Dak Prescott,betrivers,BetRivers,pass_completions,Passing completions,over,22.5,-115,21.6210758661,0.5,0.0,0.5348837209,,0.5101214575,22.5,5,-348.8372093023,-6.5217391304,Calibration fitted; not prospectively validated,2026-09-20T13:52:33Z,2026-09-20T20:25:00Z,Sun 4:25 PM ET,Dallas Cowboys,Washington Commanders,5a4f3bf,2026_02_WAS_DAL,26.0,graded,win,0.8695652173913043,0.8695652173913043
85ef85098ddd22fe4ecf45e7e3c0a9c0,Washington Commanders @ Dallas Cowboys,Dak Prescott,betmgm,BetMGM,pass_completions,Passing completions,under,22.5,-105,21.6210758661,0.5,0.0,0.512195122,0.4753937008,0.4898785425,22.5,5,-121.9512195122,-2.380952381,Calibration fitted; not prospectively validated,2026-09-20T13:52:32Z,2026-09-20T20:25:00Z,Sun 4:25 PM ET,Dallas Cowboys,Washington Commanders,5a4f3bf,2026_02_WAS_DAL,26.0,graded,loss,-1.0,0.9523809523809523
85ef85098ddd22fe4ecf45e7e3c0a9c0,Washington Commanders @ Dallas Cowboys,Dak Prescott,betrivers,BetRivers,pass_tds,Passing touchdowns,over,1.5,-195,2.12,0.5,0.0,0.6610169492,0.6163100735,0.628078743,1.5,6,-1610.1694915254,-24.358974359,Calibration fitted; not prospectively validated,2026-09-20T13:52:33Z,2026-09-20T20:25:00Z,Sun 4:25 PM ET,Dallas Cowboys,Washington Commanders,5a4f3bf,2026_02_WAS_DAL,4.0,graded,win,0.5128205128205128,0.5128205128205128
85ef85098ddd22fe4ecf45e7e3c0a9c0,Washington Commanders @ Dallas Cowboys,Dak Prescott,draftkings,DraftKings,pass_tds,Passing touchdowns,under,1.5,159,2.12,0.5,0.0,0.3861003861,0.3652265847,0.371921257,1.5,6,1138.9961389961,29.5,Calibration fitted; not prospectively validated,2026-09-20T13:53:19Z,2026-09-20T20:25:00Z,Sun 4:25 PM ET,Dallas Cowboys,Washington Commanders,5a4f3bf,2026_02_WAS_DAL,4.0,graded,loss,-1.0,1.59
85ef85098ddd22fe4ecf45e7e3c0a9c0,Washington Commanders @ Dallas Cowboys,Dak Prescott,draftkings,DraftKings,pass_yds,Passing yards,over,266.5,-112,239.0383157732,0.5,0.0,0.5283018868,0.5,0.5,266.5,4,-283.0188679245,-5.3571428571,Calibration fitted; not prospectively validated,2026-09-20T13:53:19Z,2026-09-20T20:25:00Z,Sun 4:25 PM ET,Dallas Cowboys,Washington Commanders,5a4f3bf,2026_02_WAS_DAL,279.0,graded,win,0.8928571428571429,0.8928571428571429
85ef85098ddd22fe4ecf45e7e3c0a9c0,Washington Commanders @ Dallas Cowboys,Dak Prescott,betonlineag,BetOnline.ag,pass_yds,Passing yards,under,266.5,-111,239.0383157732,0.5,0.0,0.5260663507,0.4948402543,0.5,266.5,4,-260.663507109,-4.954954955,Calibration fitted; not prospectively validated,2026-09-20T13:52:42Z,2026-09-20T20:25:00Z,Sun 4:25 PM ET,Dallas Cowboys,Washington Commanders,5a4f3bf,2026_02_WAS_DAL,279.0,graded,loss,-1.0,0.9009009009009009
85ef85098ddd22fe4ecf45e7e3c0a9c0,Washington Commanders @ Dallas Cowboys,Dak Prescott,draftkings,DraftKings,rush_attempts,Rushing attempts,over,2.5,-162,4.4648581695,0.55,0.0,0.6183206107,0.5828822518,0.5828822518,2.5,1,-683.2061068702,-11.049382716,Calibration fitted; not prospectively validated,2026-09-20T13:53:19Z,2026-09-20T20:25:00Z,Sun 4:25 PM ET,Dallas Cowboys,Washington Commanders,5a4f3bf,2026_02_WAS_DAL,4.0,graded,win,0.6172839506172839,0.6172839506172839
85ef85098ddd22fe4ecf45e7e3c0a9c0,Washington Commanders @ Dallas Cowboys,Dak Prescott,draftkings,DraftKings,rush_attempts,Rushing attempts,under,2.5,126,4.4648581695,0.45,0.0,0.4424778761,0.4171177482,0.4171177482,2.5,1,75.2212389381,1.7,Calibration fitted; not prospectively validated,2026-09-20T13:53:19Z,2026-09-20T20:25:00Z,Sun 4:25 PM ET,Dallas Cowboys,Washington Commanders,5a4f3bf,2026_02_WAS_DAL,4.0,graded,loss,-1.0,1.26
85ef85098ddd22fe4ecf45e7e3c0a9c0,Washington Commanders @ Dallas Cowboys,Dak Prescott,betmgm,BetMGM,rush_yds,Rushing yards,over,8.5,-110,20.2823214726,0.5647668394,0.0,0.5238095238,0.4898785425,0.5,8.5,6,409.5731556871,7.8191238813,Calibration fitted; not prospectively validated,2026-09-20T13:52:32Z,2026-09-20T20:25:00Z,Sun 4:25 PM ET,Dallas Cowboys,Washington Commanders,5a4f3bf,2026_02_WAS_DAL,26.0,graded,win,0.9090909090909091,0.9090909090909091
85ef85098ddd22fe4ecf45e7e3c0a9c0,Washington Commanders @ Dallas Cowboys,Dak Prescott,betonlineag,BetOnline.ag,rush_yds,Rushing yards,under,8.5,-109,20.2823214726,0.4352331606,0.0,0.5215311005,0.4897419064,0.5,8.5,6,-862.9793985671,-16.5470361744,Calibration fitted; not prospectively validated,2026-09-20T13:52:42Z,2026-09-20T20:25:00Z,Sun 4:25 PM ET,Dallas Cowboys,Washington Commanders,5a4f3bf,2026_02_WAS_DAL,26.0,graded,loss,-1.0,0.9174311926605505
85ef85098ddd22fe4ecf45e7e3c0a9c0,Washington Commanders @ Dallas Cowboys,Emari Demercado,draftkings,DraftKings,rush_yds,Rushing yards,over,11.5,-110,27.9735674883,0.5647668394,0.0,0.5238095238,0.4957877001,0.4957877001,11.5,3,409.5731556871,7.8191238813,Calibration fitted; not prospectively validated,2026-09-20T13:53:19Z,2026-09-20T20:25:00Z,Sun 4:25 PM ET,Dallas Cowboys,Washington Commanders,5a4f3bf,2026_02_WAS_DAL,8.0,graded,loss,-1.0,0.9090909090909091
85ef85098ddd22fe4ecf45e7e3c0a9c0,Washington Commanders @ Dallas Cowboys,Emari Demercado,draftkings,DraftKings,rush_yds,Rushing yards,under,11.5,-114,27.9735674883,0.4352331606,0.0,0.5327102804,0.5042122999,0.5042122999,11.5,3,-974.7711975207,-18.2983365149,Calibration fitted; not prospectively validated,2026-09-20T13:53:19Z,2026-09-20T20:25:00Z,Sun 4:25 PM ET,Dallas Cowboys,Washington Commanders,5a4f3bf,2026_02_WAS_DAL,8.0,graded,win,0.8771929824561403,0.8771929824561403
85ef85098ddd22fe4ecf45e7e3c0a9c0,Washington Commanders @ Dallas Cowboys,George Pickens,draftkings,DraftKings,receptions,Receptions,over,4.5,-112,3.0884693185,0.4210526316,0.0,0.5283018868,0.4989542374,0.5,4.5,5,-1072.4925521351,-20.3007518797,Calibration fitted; not prospectively validated,2026-09-20T13:53:19Z,2026-09-20T20:25:00Z,Sun 4:25 PM ET,Dallas Cowboys,Washington Commanders,5a4f3bf,2026_02_WAS_DAL,6.0,graded,win,0.8928571428571429,0.8928571428571429
85ef85098ddd22fe4ecf45e7e3c0a9c0,Washington Commanders @ Dallas Cowboys,George Pickens,betmgm,BetMGM,receptions,Receptions,under,4.5,100,3.0884693185,0.5789473684,0.0,0.5,0.4653465347,0.5,4.5,5,789.4736842105,15.7894736842,Calibration fitted; not prospectively validated,2026-09-20T13:52:32Z,2026-09-20T20:25:00Z,Sun 4:25 PM ET,Dallas Cowboys,Washington Commanders,5a4f3bf,2026_02_WAS_DAL,6.0,graded,loss,-1.0,1.0
85ef85098ddd22fe4ecf45e7e3c0a9c0,Washington Commanders @ Dallas Cowboys,George Pickens,fanduel,FanDuel,recv_yds,Receiving yards,over,65.5,-113,42.6865387856,0.4836956522,0.0,0.5305164319,0.5,0.5,65.0,3,-468.2077975097,-8.8255098115,Calibration fitted; not prospectively validated,2026-09-20T13:53:29Z,2026-09-20T20:25:00Z,Sun 4:25 PM ET,Dallas Cowboys,Washington Commanders,5a4f3bf,2026_02_WAS_DAL,40.0,graded,loss,-1.0,0.8849557522123894
85ef85098ddd22fe4ecf45e7e3c0a9c0,Washington Commanders @ Dallas Cowboys,George Pickens,fanduel,FanDuel,recv_yds,Receiving yards,under,65.5,-113,42.6865387856,0.5163043478,0.0,0.5305164319,0.5,0.5,65.0,3,-142.120840988,-2.6789149673,Calibration fitted; not prospectively validated,2026-09-20T13:53:29Z,2026-09-20T20:25:00Z,Sun 4:25 PM ET,Dallas Cowboys,Washington Commanders,5a4f3bf,2026_02_WAS_DAL,40.0,graded,win,0.8849557522123894,0.8849557522123894
85ef85098ddd22fe4ecf45e7e3c0a9c0,Washington Commanders @ Dallas Cowboys,Hunter Luepke,betmgm,BetMGM,receptions,Receptions,over,0.5,-135,0.8230646266,0.5475728155,0.0,0.5744680851,0.5346534653,0.5346534653,0.5,1,-268.952695724,-4.6817691478,Calibration fitted; not prospectively validated,2026-09-20T13:52:32Z,2026-09-20T20:25:00Z,Sun 4:25 PM ET,Dallas Cowboys,Washington Commanders,5a4f3bf,2026_02_WAS_DAL,0.0,graded,loss,-1.0,0.7407407407407407
85ef85098ddd22fe4ecf45e7e3c0a9c0,Washington Commanders @ Dallas Cowboys,Hunter Luepke,betmgm,BetMGM,receptions,Receptions,under,0.5,100,0.8230646266,0.4524271845,0.0,0.5,0.4653465347,0.4653465347,0.5,1,-475.7281553398,-9.5145631068,Calibration fitted; not prospectively validated,2026-09-20T13:52:32Z,2026-09-20T20:25:00Z,Sun 4:25 PM ET,Dallas Cowboys,Washington Commanders,5a4f3bf,2026_02_WAS_DAL,0.0,graded,win,1.0,1.0
85ef85098ddd22fe4ecf45e7e3c0a9c0,Washington Commanders @ Dallas Cowboys,Jacory Croskey-Merritt,draftkings,DraftKings,rush_attempts,Rushing attempts,over,12.5,-113,10.4003331918,0.4915254237,0.0,0.5305164319,0.5,0.5025798729,12.5,2,-389.9100819607,-7.3496325184,Calibration fitted; not prospectively validated,2026-09-20T13:53:19Z,2026-09-20T20:25:00Z,Sun 4:25 PM ET,Dallas Cowboys,Washington Commanders,5a4f3bf,2026_02_WAS_DAL,12.0,graded,loss,-1.0,0.8849557522123894
85ef85098ddd22fe4ecf45e7e3c0a9c0,Washington Commanders @ Dallas Cowboys,Jacory Croskey-Merritt,betonlineag,BetOnline.ag,rush_attempts,Rushing attempts,under,12.5,-111,10.4003331918,0.506993007,0.0,0.5260663507,0.4948402543,0.4974201271,12.5,2,-190.7334371789,-3.6256536257,Calibration fitted; not prospectively validated,2026-09-20T13:52:42Z,2026-09-20T20:25:00Z,Sun 4:25 PM ET,Dallas Cowboys,Washington Commanders,5a4f3bf,2026_02_WAS_DAL,12.0,graded,win,0.9009009009009009,0.9009009009009009
85ef85098ddd22fe4ecf45e7e3c0a9c0,Washington Commanders @ Dallas Cowboys,Jacory Croskey-Merritt,fanduel,FanDuel,rush_yds,Rushing yards,over,50.5,-113,42.7080487647,0.5,0.0,0.5305164319,0.5,0.5,51.5,3,-305.1643192488,-5.7522123894,Calibration fitted; not prospectively validated,2026-09-20T13:53:29Z,2026-09-20T20:25:00Z,Sun 4:25 PM ET,Dallas Cowboys,Washington Commanders,5a4f3bf,2026_02_WAS_DAL,43.0,graded,loss,-1.0,0.8849557522123894
85ef85098ddd22fe4ecf45e7e3c0a9c0,Washington Commanders @ Dallas Cowboys,Jacory Croskey-Merritt,betonlineag,BetOnline.ag,rush_yds,Rushing yards,under,50.5,-112,42.7080487647,0.5,0.0,0.5283018868,0.4969046636,0.5,51.5,3,-283.0188679245,-5.3571428571,Calibration fitted; not prospectively validated,2026-09-20T13:52:42Z,2026-09-20T20:25:00Z,Sun 4:25 PM ET,Dallas Cowboys,Washington Commanders,5a4f3bf,2026_02_WAS_DAL,43.0,graded,win,0.8928571428571429,0.8928571428571429
85ef85098ddd22fe4ecf45e7e3c0a9c0,Washington Commanders @ Dallas Cowboys,Jake Ferguson,bovada,Bovada,receptions,Receptions,over,3.5,110,4.0450735858,0.5420560748,0.0,0.4761904762,0.4458598726,0.4554079696,3.5,5,658.6559857588,13.8317757009,Calibration fitted; not prospectively validated,2026-09-20T13:52:23Z,2026-09-20T20:25:00Z,Sun 4:25 PM ET,Dallas Cowboys,Washington Commanders,5a4f3bf,2026_02_WAS_DAL,4.0,graded,win,1.1,1.1
85ef85098ddd22fe4ecf45e7e3c0a9c0,Washington Commanders @ Dallas Cowboys,Jake Ferguson,fanduel,FanDuel,receptions,Receptions,under,3.5,-130,4.0450735858,0.4579439252,0.0,0.5652173913,0.528157683,0.5445920304,3.5,5,-1072.734660707,-18.9791516894,Calibration fitted; not prospectively validated,2026-09-20T13:53:29Z,2026-09-20T20:25:00Z,Sun 4:25 PM ET,Dallas Cowboys,Washington Commanders,5a4f3bf,2026_02_WAS_DAL,4.0,graded,loss,-1.0,0.7692307692307693
85ef85098ddd22fe4ecf45e7e3c0a9c0,Washington Commanders @ Dallas Cowboys,Jake Ferguson,draftkings,DraftKings,recv_yds,Receiving yards,over,26.5,-110,33.990849919,0.5010141988,0.0,0.5238095238,0.4957877001,0.5,26.5,4,-227.9532502656,-4.3518347778,Calibration fitted; not prospectively validated,2026-09-20T13:53:19Z,2026-09-20T20:25:00Z,Sun 4:25 PM ET,Dallas Cowboys,Washington Commanders,5a4f3bf,2026_02_WAS_DAL,43.0,graded,win,0.9090909090909091,0.9090909090909091
85ef85098ddd22fe4ecf45e7e3c0a9c0,Washington Commanders @ Dallas Cowboys,Jake Ferguson,betonlineag,BetOnline.ag,recv_yds,Receiving yards,under,26.5,-112,33.990849919,0.4989858012,0.0,0.5283018868,0.4969046636,0.5,26.5,4,-293.1608557541,-5.5491161982,Calibration fitted; not prospectively validated,2026-09-20T13:52:42Z,2026-09-20T20:25:00Z,Sun 4:25 PM ET,Dallas Cowboys,Washington Commanders,5a4f3bf,2026_02_WAS_DAL,43.0,graded,loss,-1.0,0.8928571428571429
85ef85098ddd22fe4ecf45e7e3c0a9c0,Washington Commanders @ Dallas Cowboys,Javonte Williams,betmgm,BetMGM,receptions,Receptions,over,2.5,110,3.3732215083,0.5475728155,0.0,0.4761904762,0.4424778761,0.4796954315,2.5,5,713.823393435,14.9902912621,Calibration fitted; not prospectively validated,2026-09-20T13:52:32Z,2026-09-20T20:25:00Z,Sun 4:25 PM ET,Dallas Cowboys,Washington Commanders,5a4f3bf,2026_02_WAS_DAL,3.0,graded,win,1.1,1.1
85ef85098ddd22fe4ecf45e7e3c0a9c0,Washington Commanders @ Dallas Cowboys,Javonte Williams,fanduel,FanDuel,receptions,Receptions,under,2.5,-114,3.3732215083,0.4524271845,0.0,0.5327102804,0.5,0.5203045685,2.5,5,-802.8309590781,-15.0706864248,Calibration fitted; not prospectively validated,2026-09-20T13:53:29Z,2026-09-20T20:25:00Z,Sun 4:25 PM ET,Dallas Cowboys,Washington Commanders,5a4f3bf,2026_02_WAS_DAL,3.0,graded,loss,-1.0,0.8771929824561403
85ef85098ddd22fe4ecf45e7e3c0a9c0,Washington Commanders @ Dallas Cowboys,Javonte Williams,bovada,Bovada,recv_yds,Receiving yards,over,13.5,-110,20.8288240706,0.5010141988,0.0,0.5238095238,0.4898785425,0.4973849372,13.5,4,-227.9532502656,-4.3518347778,Calibration fitted; not prospectively validated,2026-09-20T13:52:23Z,2026-09-20T20:25:00Z,Sun 4:25 PM ET,Dallas Cowboys,Washington Commanders,5a4f3bf,2026_02_WAS_DAL,20.0,graded,win,0.9090909090909091,0.9090909090909091
85ef85098ddd22fe4ecf45e7e3c0a9c0,Washington Commanders @ Dallas Cowboys,Javonte Williams,fanduel,FanDuel,recv_yds,Receiving yards,under,13.5,-113,20.8288240706,0.4989858012,0.0,0.5305164319,0.5,0.5026150628,13.5,4,-315.3063070784,-5.9433843724,Calibration fitted; not prospectively validated,2026-09-20T13:53:29Z,2026-09-20T20:25:00Z,Sun 4:25 PM ET,Dallas Cowboys,Washington Commanders,5a4f3bf,2026_02_WAS_DAL,20.0,graded,loss,-1.0,0.8849557522123894
85ef85098ddd22fe4ecf45e7e3c0a9c0,Washington Commanders @ Dallas Cowboys,Javonte Williams,betonlineag,BetOnline.ag,rush_attempts,Rushing attempts,over,17.5,-108,11.9429249695,0.4054054054,0.0,0.5192307692,0.4876847291,0.515213013,17.5,4,-1138.2536382536,-21.9219219219,Calibration fitted; not prospectively validated,2026-09-20T13:52:42Z,2026-09-20T20:25:00Z,Sun 4:25 PM ET,Dallas Cowboys,Washington Commanders,5a4f3bf,2026_02_WAS_DAL,12.0,graded,loss,-1.0,0.9259259259259259
85ef85098ddd22fe4ecf45e7e3c0a9c0,Washington Commanders @ Dallas Cowboys,Javonte Williams,draftkings,DraftKings,rush_attempts,Rushing attempts,under,17.5,-101,11.9429249695,0.5945945946,0.0,0.5024875622,0.4731704297,0.484786987,17.5,4,921.0703240554,18.3302113995,Calibration fitted; not prospectively validated,2026-09-20T13:53:19Z,2026-09-20T20:25:00Z,Sun 4:25 PM ET,Dallas Cowboys,Washington Commanders,5a4f3bf,2026_02_WAS_DAL,12.0,graded,win,0.9900990099009901,0.9900990099009901
85ef85098ddd22fe4ecf45e7e3c0a9c0,Washington Commanders @ Dallas Cowboys,Javonte Williams,fanduel,FanDuel,rush_yds,Rushing yards,over,75.5,-113,48.1154257744,0.4352331606,0.0,0.5305164319,0.5,0.5051597457,76.5,3,-952.8327130312,-17.9604750332,Calibration fitted; not prospectively validated,2026-09-20T13:53:29Z,2026-09-20T20:25:00Z,Sun 4:25 PM ET,Dallas Cowboys,Washington Commanders,5a4f3bf,2026_02_WAS_DAL,30.0,graded,loss,-1.0,0.8849557522123894
85ef85098ddd22fe4ecf45e7e3c0a9c0,Washington Commanders @ Dallas Cowboys,Javonte Williams,fanatics,Fanatics,rush_yds,Rushing yards,under,75.5,-110,48.1154257744,0.5647668394,0.0,0.5238095238,0.4898785425,0.4948402543,76.5,3,409.5731556871,7.8191238813,Calibration fitted; not prospectively validated,2026-09-20T13:53:24Z,2026-09-20T20:25:00Z,Sun 4:25 PM ET,Dallas Cowboys,Washington Commanders,5a4f3bf,2026_02_WAS_DAL,30.0,graded,win,0.9090909090909091,0.9090909090909091
85ef85098ddd22fe4ecf45e7e3c0a9c0,Washington Commanders @ Dallas Cowboys,Jayden Daniels,betonlineag,BetOnline.ag,interceptions,Interceptions thrown,over,0.5,122,,,,0.4504504505,0.423216445,0.432624358,0.5,5,,,Insufficient player data,2026-09-20T13:52:42Z,2026-09-20T20:25:00Z,Sun 4:25 PM ET,Dallas Cowboys,Washington Commanders,5a4f3bf,2026_02_WAS_DAL,0.0,graded,loss,-1.0,1.22
85ef85098ddd22fe4ecf45e7e3c0a9c0,Washington Commanders @ Dallas Cowboys,Jayden Daniels,betrivers,BetRivers,interceptions,Interceptions thrown,under,0.5,-139,,,,0.5815899582,0.543849604,0.567375642,0.5,5,,,Insufficient player data,2026-09-20T13:52:33Z,2026-09-20T20:25:00Z,Sun 4:25 PM ET,Dallas Cowboys,Washington Commanders,5a4f3bf,2026_02_WAS_DAL,0.0,graded,win,0.7194244604316546,0.7194244604316546
85ef85098ddd22fe4ecf45e7e3c0a9c0,Washington Commanders @ Dallas Cowboys,Jayden Daniels,betonlineag,BetOnline.ag,pass_attempts,Passing attempts,over,29.5,-125,29.4870985005,0.5,0.0,0.5555555556,0.5226570546,0.5214808116,30.0,2,-555.5555555556,-10.0,Calibration fitted; not prospectively validated,2026-09-20T13:52:42Z,2026-09-20T20:25:00Z,Sun 4:25 PM ET,Dallas Cowboys,Washington Commanders,5a4f3bf,2026_02_WAS_DAL,17.0,graded,loss,-1.0,0.8
85ef85098ddd22fe4ecf45e7e3c0a9c0,Washington Commanders @ Dallas Cowboys,Jayden Daniels,betonlineag,BetOnline.ag,pass_attempts,Passing attempts,under,29.5,-103,29.4870985005,0.5,0.0,0.5073891626,0.4773429454,0.4785191884,30.0,2,-73.8916256158,-1.4563106796,Calibration fitted; not prospectively validated,2026-09-20T13:52:42Z,2026-09-20T20:25:00Z,Sun 4:25 PM ET,Dallas Cowboys,Washington Commanders,5a4f3bf,2026_02_WAS_DAL,17.0,graded,win,0.970873786407767,0.970873786407767
85ef85098ddd22fe4ecf45e7e3c0a9c0,Washington Commanders @ Dallas Cowboys,Jayden Daniels,betrivers,BetRivers,pass_completions,Passing completions,over,19.5,-115,15.6108168532,0.4583333333,0.0,0.5348837209,,0.5280665281,19.5,3,-765.503875969,-14.3115942029,Calibration fitted; not prospectively validated,2026-09-20T13:52:33Z,2026-09-20T20:25:00Z,Sun 4:25 PM ET,Dallas Cowboys,Washington Commanders,5a4f3bf,2026_02_WAS_DAL,11.0,graded,loss,-1.0,0.8695652173913043
85ef85098ddd22fe4ecf45e7e3c0a9c0,Washington Commanders @ Dallas Cowboys,Jayden Daniels,bovada,Bovada,pass_completions,Passing completions,under,19.5,100,15.6108168532,0.5416666667,0.0,0.5,0.4693877551,0.4719334719,19.5,3,416.6666666667,8.3333333333,Calibration fitted; not prospectively validated,2026-09-20T13:52:23Z,2026-09-20T20:25:00Z,Sun 4:25 PM ET,Dallas Cowboys,Washington Commanders,5a4f3bf,2026_02_WAS_DAL,11.0,graded,win,1.0,1.0
85ef85098ddd22fe4ecf45e7e3c0a9c0,Washington Commanders @ Dallas Cowboys,Jayden Daniels,fanduel,FanDuel,pass_tds,Passing touchdowns,over,1.5,134,1.88,0.5,0.0,0.4273504274,0.4012561061,0.4170982552,1.5,6,726.4957264957,17.0,Calibration fitted; not prospectively validated,2026-09-20T13:53:29Z,2026-09-20T20:25:00Z,Sun 4:25 PM ET,Dallas Cowboys,Washington Commanders,5a4f3bf,2026_02_WAS_DAL,1.0,graded,loss,-1.0,1.34
85ef85098ddd22fe4ecf45e7e3c0a9c0,Washington Commanders @ Dallas Cowboys,Jayden Daniels,betmgm,BetMGM,pass_tds,Passing touchdowns,under,1.5,-150,1.88,0.5,0.0,0.6,0.5575221239,0.5829017448,1.5,6,-1000.0,-16.6666666667,Calibration fitted; not prospectively validated,2026-09-20T13:52:32Z,2026-09-20T20:25:00Z,Sun 4:25 PM ET,Dallas Cowboys,Washington Commanders,5a4f3bf,2026_02_WAS_DAL,1.0,graded,win,0.6666666666666666,0.6666666666666666
85ef85098ddd22fe4ecf45e7e3c0a9c0,Washington Commanders @ Dallas Cowboys,Jayden Daniels,fanduel,FanDuel,pass_yds,Passing yards,over,221.5,-113,154.4678768423,0.5,0.0,0.5305164319,0.5,0.5015067502,222.5,2,-305.1643192488,-5.7522123894,Calibration fitted; not prospectively validated,2026-09-20T13:53:29Z,2026-09-20T20:25:00Z,Sun 4:25 PM ET,Dallas Cowboys,Washington Commanders,5a4f3bf,2026_02_WAS_DAL,96.0,graded,loss,-1.0,0.8849557522123894
85ef85098ddd22fe4ecf45e7e3c0a9c0,Washington Commanders @ Dallas Cowboys,Jayden Daniels,fanduel,FanDuel,pass_yds,Passing yards,under,221.5,-113,154.4678768423,0.5,0.0,0.5305164319,0.5,0.4984932498,222.5,2,-305.1643192488,-5.7522123894,Calibration fitted; not prospectively validated,2026-09-20T13:53:29Z,2026-09-20T20:25:00Z,Sun 4:25 PM ET,Dallas Cowboys,Washington Commanders,5a4f3bf,2026_02_WAS_DAL,96.0,graded,win,0.8849557522123894,0.8849557522123894
85ef85098ddd22fe4ecf45e7e3c0a9c0,Washington Commanders @ Dallas Cowboys,Jayden Daniels,betrivers,BetRivers,rush_yds,Rushing yards,over,35.5,-113,38.4215721751,0.5,0.0,0.5305164319,0.4949766919,0.5,36.0,3,-305.1643192488,-5.7522123894,Calibration fitted; not prospectively validated,2026-09-20T13:52:33Z,2026-09-20T20:25:00Z,Sun 4:25 PM ET,Dallas Cowboys,Washington Commanders,5a4f3bf,2026_02_WAS_DAL,69.0,graded,win,0.8849557522123894,0.8849557522123894
85ef85098ddd22fe4ecf45e7e3c0a9c0,Washington Commanders @ Dallas Cowboys,Jayden Daniels,draftkings,DraftKings,rush_yds,Rushing yards,under,35.5,-111,38.4215721751,0.5,0.0,0.5260663507,0.4978941162,0.5,36.0,3,-260.663507109,-4.954954955,Calibration fitted; not prospectively validated,2026-09-20T13:53:19Z,2026-09-20T20:25:00Z,Sun 4:25 PM ET,Dallas Cowboys,Washington Commanders,5a4f3bf,2026_02_WAS_DAL,69.0,graded,loss,-1.0,0.9009009009009009
85ef85098ddd22fe4ecf45e7e3c0a9c0,Washington Commanders @ Dallas Cowboys,John Bates,draftkings,DraftKings,receptions,Receptions,over,1.5,-157,1.5486164466,0.5408805031,0.0,0.6108949416,0.5766829734,0.5766829734,1.5,3,-700.1443848959,-11.4609622241,Calibration fitted; not prospectively validated,2026-09-20T13:53:19Z,2026-09-20T20:25:00Z,Sun 4:25 PM ET,Dallas Cowboys,Washington Commanders,5a4f3bf,2026_02_WAS_DAL,,no matching game/player result,,,0.6369426751592356
85ef85098ddd22fe4ecf45e7e3c0a9c0,Washington Commanders @ Dallas Cowboys,John Bates,draftkings,DraftKings,receptions,Receptions,under,1.5,123,1.5486164466,0.4591194969,0.0,0.4484304933,0.4233170266,0.4233170266,1.5,3,106.890035818,2.3836477987,Calibration fitted; not prospectively validated,2026-09-20T13:53:19Z,2026-09-20T20:25:00Z,Sun 4:25 PM ET,Dallas Cowboys,Washington Commanders,5a4f3bf,2026_02_WAS_DAL,,no matching game/player result,,,1.23
85ef85098ddd22fe4ecf45e7e3c0a9c0,Washington Commanders @ Dallas Cowboys,John Bates,draftkings,DraftKings,recv_yds,Receiving yards,over,13.5,-111,14.0704854351,0.5,0.0,0.5260663507,0.4978941162,0.5,13.5,3,-260.663507109,-4.954954955,Calibration fitted; not prospectively validated,2026-09-20T13:53:19Z,2026-09-20T20:25:00Z,Sun 4:25 PM ET,Dallas Cowboys,Washington Commanders,5a4f3bf,2026_02_WAS_DAL,,no matching game/player result,,,0.9009009009009009
85ef85098ddd22fe4ecf45e7e3c0a9c0,Washington Commanders @ Dallas Cowboys,John Bates,draftkings,DraftKings,recv_yds,Receiving yards,under,13.5,-113,14.0704854351,0.5,0.0,0.5305164319,0.5021058838,0.5,13.5,3,-305.1643192488,-5.7522123894,Calibration fitted; not prospectively validated,2026-09-20T13:53:19Z,2026-09-20T20:25:00Z,Sun 4:25 PM ET,Dallas Cowboys,Washington Commanders,5a4f3bf,2026_02_WAS_DAL,,no matching game/player result,,,0.8849557522123894
85ef85098ddd22fe4ecf45e7e3c0a9c0,Washington Commanders @ Dallas Cowboys,Rachaad White,fanduel,FanDuel,receptions,Receptions,over,1.5,-188,2.5209105733,0.5475728155,0.0,0.6527777778,0.6103896104,0.6209358945,1.5,4,-1052.049622438,-16.1165048544,Calibration fitted; not prospectively validated,2026-09-20T13:53:29Z,2026-09-20T20:25:00Z,Sun 4:25 PM ET,Dallas Cowboys,Washington Commanders,5a4f3bf,2026_02_WAS_DAL,6.0,graded,win,0.5319148936170213,0.5319148936170213
85ef85098ddd22fe4ecf45e7e3c0a9c0,Washington Commanders @ Dallas Cowboys,Rachaad White,draftkings,DraftKings,receptions,Receptions,under,1.5,152,2.5209105733,0.4524271845,0.0,0.3968253968,0.3751271617,0.3790641055,1.5,4,556.0178764062,14.0116504854,Calibration fitted; not prospectively validated,2026-09-20T13:53:19Z,2026-09-20T20:25:00Z,Sun 4:25 PM ET,Dallas Cowboys,Washington Commanders,5a4f3bf,2026_02_WAS_DAL,6.0,graded,loss,-1.0,1.52
85ef85098ddd22fe4ecf45e7e3c0a9c0,Washington Commanders @ Dallas Cowboys,Rachaad White,draftkings,DraftKings,recv_yds,Receiving yards,over,12.5,-109,14.8694017585,0.5,0.0,0.5215311005,0.4936802191,0.5019008383,12.5,4,-215.3110047847,-4.128440367,Calibration fitted; not prospectively validated,2026-09-20T13:53:19Z,2026-09-20T20:25:00Z,Sun 4:25 PM ET,Dallas Cowboys,Washington Commanders,5a4f3bf,2026_02_WAS_DAL,40.0,graded,win,0.9174311926605505,0.9174311926605505
85ef85098ddd22fe4ecf45e7e3c0a9c0,Washington Commanders @ Dallas Cowboys,Rachaad White,betmgm,BetMGM,recv_yds,Receiving yards,under,12.5,-110,14.8694017585,0.5,0.0,0.5238095238,0.4898785425,0.4980991617,12.5,4,-238.0952380952,-4.5454545455,Calibration fitted; not prospectively validated,2026-09-20T13:52:32Z,2026-09-20T20:25:00Z,Sun 4:25 PM ET,Dallas Cowboys,Washington Commanders,5a4f3bf,2026_02_WAS_DAL,40.0,graded,loss,-1.0,0.9090909090909091
85ef85098ddd22fe4ecf45e7e3c0a9c0,Washington Commanders @ Dallas Cowboys,Rachaad White,draftkings,DraftKings,rush_yds,Rushing yards,over,22.5,-107,36.0741794543,0.5647668394,0.0,0.5169082126,0.4894599266,0.4898785425,22.5,3,478.5862681785,9.2586315433,Calibration fitted; not prospectively validated,2026-09-20T13:53:19Z,2026-09-20T20:25:00Z,Sun 4:25 PM ET,Dallas Cowboys,Washington Commanders,5a4f3bf,2026_02_WAS_DAL,43.0,graded,win,0.9345794392523364,0.9345794392523364
85ef85098ddd22fe4ecf45e7e3c0a9c0,Washington Commanders @ Dallas Cowboys,Rachaad White,fanduel,FanDuel,rush_yds,Rushing yards,under,22.5,-113,36.0741794543,0.4352331606,0.0,0.5305164319,0.5,0.5101214575,22.5,3,-952.8327130312,-17.9604750332,Calibration fitted; not prospectively validated,2026-09-20T13:53:29Z,2026-09-20T20:25:00Z,Sun 4:25 PM ET,Dallas Cowboys,Washington Commanders,5a4f3bf,2026_02_WAS_DAL,43.0,graded,loss,-1.0,0.8849557522123894
85ef85098ddd22fe4ecf45e7e3c0a9c0,Washington Commanders @ Dallas Cowboys,Ryan Flournoy,draftkings,DraftKings,receptions,Receptions,over,2.5,-124,1.9775863778,0.4524271845,0.0,0.5535714286,0.5217643645,0.5256105556,2.5,5,-1011.4424410541,-18.27121829,Calibration fitted; not prospectively validated,2026-09-20T13:53:19Z,2026-09-20T20:25:00Z,Sun 4:25 PM ET,Dallas Cowboys,Washington Commanders,5a4f3bf,2026_02_WAS_DAL,5.0,graded,win,0.8064516129032258,0.8064516129032258
85ef85098ddd22fe4ecf45e7e3c0a9c0,Washington Commanders @ Dallas Cowboys,Ryan Flournoy,fanduel,FanDuel,receptions,Receptions,under,2.5,104,1.9775863778,0.5475728155,0.0,0.4901960784,0.4581151832,0.4743894444,2.5,5,573.7673710261,11.7048543689,Calibration fitted; not prospectively validated,2026-09-20T13:53:29Z,2026-09-20T20:25:00Z,Sun 4:25 PM ET,Dallas Cowboys,Washington Commanders,5a4f3bf,2026_02_WAS_DAL,5.0,graded,loss,-1.0,1.04
85ef85098ddd22fe4ecf45e7e3c0a9c0,Washington Commanders @ Dallas Cowboys,Ryan Flournoy,draftkings,DraftKings,recv_yds,Receiving yards,over,28.5,-111,23.6473852438,0.5,0.0,0.5260663507,0.4978941162,0.5,29.0,3,-260.663507109,-4.954954955,Calibration fitted; not prospectively validated,2026-09-20T13:53:19Z,2026-09-20T20:25:00Z,Sun 4:25 PM ET,Dallas Cowboys,Washington Commanders,5a4f3bf,2026_02_WAS_DAL,23.0,graded,loss,-1.0,0.9009009009009009
85ef85098ddd22fe4ecf45e7e3c0a9c0,Washington Commanders @ Dallas Cowboys,Ryan Flournoy,betonlineag,BetOnline.ag,recv_yds,Receiving yards,under,28.5,-111,23.6473852438,0.5,0.0,0.5260663507,0.4948402543,0.5,29.0,3,-260.663507109,-4.954954955,Calibration fitted; not prospectively validated,2026-09-20T13:52:42Z,2026-09-20T20:25:00Z,Sun 4:25 PM ET,Dallas Cowboys,Washington Commanders,5a4f3bf,2026_02_WAS_DAL,23.0,graded,win,0.9009009009009009,0.9009009009009009
85ef85098ddd22fe4ecf45e7e3c0a9c0,Washington Commanders @ Dallas Cowboys,Stefon Diggs,draftkings,DraftKings,receptions,Receptions,over,4.5,-112,3.5739865996,0.4524271845,0.0,0.5283018868,0.4979225528,0.5,4.5,5,-758.7470232643,-14.3619972261,Calibration fitted; not prospectively validated,2026-09-20T13:53:19Z,2026-09-20T20:25:00Z,Sun 4:25 PM ET,Dallas Cowboys,Washington Commanders,5a4f3bf,2026_02_WAS_DAL,5.0,graded,win,0.8928571428571429,0.8928571428571429
85ef85098ddd22fe4ecf45e7e3c0a9c0,Washington Commanders @ Dallas Cowboys,Stefon Diggs,betmgm,BetMGM,receptions,Receptions,under,4.5,100,3.5739865996,0.5475728155,0.0,0.5,0.4653465347,0.5,4.5,5,475.7281553398,9.5145631068,Calibration fitted; not prospectively validated,2026-09-20T13:52:32Z,2026-09-20T20:25:00Z,Sun 4:25 PM ET,Dallas Cowboys,Washington Commanders,5a4f3bf,2026_02_WAS_DAL,5.0,graded,loss,-1.0,1.0
85ef85098ddd22fe4ecf45e7e3c0a9c0,Washington Commanders @ Dallas Cowboys,Stefon Diggs,draftkings,DraftKings,recv_yds,Receiving yards,over,48.5,-110,41.8910265064,0.4989858012,0.0,0.5238095238,0.4957877001,0.5,48.5,4,-248.2372259249,-4.7390743131,Calibration fitted; not prospectively validated,2026-09-20T13:53:19Z,2026-09-20T20:25:00Z,Sun 4:25 PM ET,Dallas Cowboys,Washington Commanders,5a4f3bf,2026_02_WAS_DAL,47.0,graded,loss,-1.0,0.9090909090909091
85ef85098ddd22fe4ecf45e7e3c0a9c0,Washington Commanders @ Dallas Cowboys,Stefon Diggs,betrivers,BetRivers,recv_yds,Receiving yards,under,48.5,-113,41.8910265064,0.5010141988,0.0,0.5305164319,0.4949766919,0.5,48.5,4,-295.0223314192,-5.5610404064,Calibration fitted; not prospectively validated,2026-09-20T13:52:33Z,2026-09-20T20:25:00Z,Sun 4:25 PM ET,Dallas Cowboys,Washington Commanders,5a4f3bf,2026_02_WAS_DAL,47.0,graded,win,0.8849557522123894,0.8849557522123894
85ef85098ddd22fe4ecf45e7e3c0a9c0,Washington Commanders @ Dallas Cowboys,Terry McLaurin,betrivers,BetRivers,receptions,Receptions,over,4.5,120,2.8442734676,0.4210526316,0.0,0.4545454545,,0.4419739631,4.5,4,-334.9282296651,-7.3684210526,Calibration fitted; not prospectively validated,2026-09-20T13:52:33Z,2026-09-20T20:25:00Z,Sun 4:25 PM ET,Dallas Cowboys,Washington Commanders,5a4f3bf,2026_02_WAS_DAL,2.0,graded,loss,-1.0,1.2
85ef85098ddd22fe4ecf45e7e3c0a9c0,Washington Commanders @ Dallas Cowboys,Terry McLaurin,betmgm,BetMGM,receptions,Receptions,under,4.5,-135,2.8442734676,0.5789473684,0.0,0.5744680851,0.5346534653,0.5580260369,4.5,4,44.7928331467,0.7797270955,Calibration fitted; not prospectively validated,2026-09-20T13:52:32Z,2026-09-20T20:25:00Z,Sun 4:25 PM ET,Dallas Cowboys,Washington Commanders,5a4f3bf,2026_02_WAS_DAL,2.0,graded,win,0.7407407407407407,0.7407407407407407
85ef85098ddd22fe4ecf45e7e3c0a9c0,Washington Commanders @ Dallas Cowboys,Terry McLaurin,fanduel,FanDuel,recv_yds,Receiving yards,over,53.5,-113,34.4699751687,0.4836956522,0.0,0.5305164319,0.5,0.5,53.5,4,-468.2077975097,-8.8255098115,Calibration fitted; not prospectively validated,2026-09-20T13:53:29Z,2026-09-20T20:25:00Z,Sun 4:25 PM ET,Dallas Cowboys,Washington Commanders,5a4f3bf,2026_02_WAS_DAL,50.0,graded,loss,-1.0,0.8849557522123894
85ef85098ddd22fe4ecf45e7e3c0a9c0,Washington Commanders @ Dallas Cowboys,Terry McLaurin,draftkings,DraftKings,recv_yds,Receiving yards,under,53.5,-111,34.4699751687,0.5163043478,0.0,0.5260663507,0.4968624498,0.5,53.5,4,-97.6200288481,-1.8556600078,Calibration fitted; not prospectively validated,2026-09-20T13:53:19Z,2026-09-20T20:25:00Z,Sun 4:25 PM ET,Dallas Cowboys,Washington Commanders,5a4f3bf,2026_02_WAS_DAL,50.0,graded,win,0.9009009009009009,0.9009009009009009
9d14f87600f6edc74dbcb5c74edf6246,Pittsburgh Steelers @ New England Patriots,Aaron Rodgers,draftkings,DraftKings,interceptions,Interceptions thrown,over,0.5,118,,,,0.4587155963,0.432624358,0.4368150039,0.5,4,,,Insufficient player data,2026-09-20T13:53:21Z,2026-09-20T17:00:00Z,Sun 1:00 PM ET,New England Patriots,Pittsburgh Steelers,5a4f3bf,2026_02_PIT_NE,1.0,graded,win,1.18,1.18
9d14f87600f6edc74dbcb5c74edf6246,Pittsburgh Steelers @ New England Patriots,Aaron Rodgers,betonlineag,BetOnline.ag,interceptions,Interceptions thrown,under,0.5,-139,,,,0.5815899582,0.5462570957,0.5631849961,0.5,4,,,Insufficient player data,2026-09-20T13:52:43Z,2026-09-20T17:00:00Z,Sun 1:00 PM ET,New England Patriots,Pittsburgh Steelers,5a4f3bf,2026_02_PIT_NE,1.0,graded,loss,-1.0,0.7194244604316546
9d14f87600f6edc74dbcb5c74edf6246,Pittsburgh Steelers @ New England Patriots,Aaron Rodgers,betonlineag,BetOnline.ag,pass_attempts,Passing attempts,over,34.5,-108,31.8013209674,0.4375,0.0,0.5192307692,0.4876847291,0.5101214575,34.5,5,-817.3076923077,-15.7407407407,Calibration fitted; not prospectively validated,2026-09-20T13:52:43Z,2026-09-20T17:00:00Z,Sun 1:00 PM ET,New England Patriots,Pittsburgh Steelers,5a4f3bf,2026_02_PIT_NE,39.0,graded,win,0.9259259259259259,0.9259259259259259
9d14f87600f6edc74dbcb5c74edf6246,Pittsburgh Steelers @ New England Patriots,Aaron Rodgers,draftkings,DraftKings,pass_attempts,Passing attempts,under,34.5,-108,31.8013209674,0.5625,0.0,0.5192307692,0.4896023956,0.4898785425,34.5,5,432.6923076923,8.3333333333,Calibration fitted; not prospectively validated,2026-09-20T13:53:21Z,2026-09-20T17:00:00Z,Sun 1:00 PM ET,New England Patriots,Pittsburgh Steelers,5a4f3bf,2026_02_PIT_NE,39.0,graded,loss,-1.0,0.9259259259259259
9d14f87600f6edc74dbcb5c74edf6246,Pittsburgh Steelers @ New England Patriots,Aaron Rodgers,betmgm,BetMGM,pass_completions,Passing completions,over,20.5,-120,19.0807925805,0.5,0.0,0.5454545455,0.5101214575,0.5220817448,20.5,4,-454.5454545455,-8.3333333333,Calibration fitted; not prospectively validated,2026-09-20T13:52:32Z,2026-09-20T17:00:00Z,Sun 1:00 PM ET,New England Patriots,Pittsburgh Steelers,5a4f3bf,2026_02_PIT_NE,23.0,graded,win,0.8333333333333334,0.8333333333333334
9d14f87600f6edc74dbcb5c74edf6246,Pittsburgh Steelers @ New England Patriots,Aaron Rodgers,fanatics,Fanatics,pass_completions,Passing completions,under,20.5,100,19.0807925805,0.5,0.0,0.5,0.4653465347,0.4779182552,20.5,4,0.0,0.0,Calibration fitted; not prospectively validated,2026-09-20T13:53:09Z,2026-09-20T17:00:00Z,Sun 1:00 PM ET,New England Patriots,Pittsburgh Steelers,5a4f3bf,2026_02_PIT_NE,23.0,graded,loss,-1.0,1.0
9d14f87600f6edc74dbcb5c74edf6246,Pittsburgh Steelers @ New England Patriots,Aaron Rodgers,betonlineag,BetOnline.ag,pass_tds,Passing touchdowns,over,0.5,-244,0.94,0.5,0.0,0.7093023256,0.6651090343,0.6705882353,0.5,5,-2093.023255814,-29.5081967213,Calibration fitted; not prospectively validated,2026-09-20T13:52:43Z,2026-09-20T17:00:00Z,Sun 1:00 PM ET,New England Patriots,Pittsburgh Steelers,5a4f3bf,2026_02_PIT_NE,0.0,graded,loss,-1.0,0.4098360655737705
9d14f87600f6edc74dbcb5c74edf6246,Pittsburgh Steelers @ New England Patriots,Aaron Rodgers,bovada,Bovada,pass_tds,Passing touchdowns,under,0.5,200,0.94,0.5,0.0,0.3333333333,0.3125,0.3294117647,0.5,5,1666.6666666667,50.0,Calibration fitted; not prospectively validated,2026-09-20T13:51:27Z,2026-09-20T17:00:00Z,Sun 1:00 PM ET,New England Patriots,Pittsburgh Steelers,5a4f3bf,2026_02_PIT_NE,0.0,graded,win,2.0,2.0
9d14f87600f6edc74dbcb5c74edf6246,Pittsburgh Steelers @ New England Patriots,Aaron Rodgers,draftkings,DraftKings,pass_yds,Passing yards,over,206.5,-112,187.836643789,0.5,0.0,0.5283018868,0.5,0.5,209.5,3,-283.0188679245,-5.3571428571,Calibration fitted; not prospectively validated,2026-09-20T13:53:21Z,2026-09-20T17:00:00Z,Sun 1:00 PM ET,New England Patriots,Pittsburgh Steelers,5a4f3bf,2026_02_PIT_NE,187.0,graded,loss,-1.0,0.8928571428571429
9d14f87600f6edc74dbcb5c74edf6246,Pittsburgh Steelers @ New England Patriots,Aaron Rodgers,bovada,Bovada,pass_yds,Passing yards,under,206.5,-110,187.836643789,0.5,0.0,0.5238095238,0.4898785425,0.5,209.5,3,-238.0952380952,-4.5454545455,Calibration fitted; not prospectively validated,2026-09-20T13:51:27Z,2026-09-20T17:00:00Z,Sun 1:00 PM ET,New England Patriots,Pittsburgh Steelers,5a4f3bf,2026_02_PIT_NE,187.0,graded,win,0.9090909090909091,0.9090909090909091
9d14f87600f6edc74dbcb5c74edf6246,Pittsburgh Steelers @ New England Patriots,Aaron Rodgers,draftkings,DraftKings,rush_yds,Rushing yards,over,0.5,-107,8.6925855637,0.5647668394,0.0,0.5169082126,0.4894599266,0.4896023956,0.5,3,478.5862681785,9.2586315433,Calibration fitted; not prospectively validated,2026-09-20T13:53:21Z,2026-09-20T17:00:00Z,Sun 1:00 PM ET,New England Patriots,Pittsburgh Steelers,5a4f3bf,2026_02_PIT_NE,5.0,graded,win,0.9345794392523364,0.9345794392523364
9d14f87600f6edc74dbcb5c74edf6246,Pittsburgh Steelers @ New England Patriots,Aaron Rodgers,draftkings,DraftKings,rush_yds,Rushing yards,under,0.5,-117,8.6925855637,0.4352331606,0.0,0.5391705069,0.5105400734,0.5103976044,0.5,3,-1039.3734629068,-19.2772685001,Calibration fitted; not prospectively validated,2026-09-20T13:53:21Z,2026-09-20T17:00:00Z,Sun 1:00 PM ET,New England Patriots,Pittsburgh Steelers,5a4f3bf,2026_02_PIT_NE,5.0,graded,loss,-1.0,0.8547008547008547
9d14f87600f6edc74dbcb5c74edf6246,Pittsburgh Steelers @ New England Patriots,DK Metcalf,bovada,Bovada,receptions,Receptions,over,4.5,100,3.3757911366,0.4524271845,0.0,0.5,0.4693877551,0.4796954315,4.5,5,-475.7281553398,-9.5145631068,Calibration fitted; not prospectively validated,2026-09-20T13:51:27Z,2026-09-20T17:00:00Z,Sun 1:00 PM ET,New England Patriots,Pittsburgh Steelers,5a4f3bf,2026_02_PIT_NE,4.0,graded,loss,-1.0,1.0
9d14f87600f6edc74dbcb5c74edf6246,Pittsburgh Steelers @ New England Patriots,DK Metcalf,betonlineag,BetOnline.ag,receptions,Receptions,under,4.5,-119,3.3757911366,0.5475728155,0.0,0.5433789954,0.5102580936,0.5203045685,4.5,5,41.9382010019,0.7718038672,Calibration fitted; not prospectively validated,2026-09-20T13:52:43Z,2026-09-20T17:00:00Z,Sun 1:00 PM ET,New England Patriots,Pittsburgh Steelers,5a4f3bf,2026_02_PIT_NE,4.0,graded,win,0.8403361344537815,0.8403361344537815
9d14f87600f6edc74dbcb5c74edf6246,Pittsburgh Steelers @ New England Patriots,DK Metcalf,draftkings,DraftKings,recv_yds,Receiving yards,over,59.5,-110,43.8815262623,0.4985632184,0.0,0.5238095238,0.4957877001,0.5,59.5,4,-252.4630541872,-4.8197492163,Calibration fitted; not prospectively validated,2026-09-20T13:53:21Z,2026-09-20T17:00:00Z,Sun 1:00 PM ET,New England Patriots,Pittsburgh Steelers,5a4f3bf,2026_02_PIT_NE,27.0,graded,loss,-1.0,0.9090909090909091
9d14f87600f6edc74dbcb5c74edf6246,Pittsburgh Steelers @ New England Patriots,DK Metcalf,betonlineag,BetOnline.ag,recv_yds,Receiving yards,under,59.5,-111,43.8815262623,0.5014367816,0.0,0.5260663507,0.4948402543,0.5,59.5,4,-246.2956910171,-4.6818370094,Calibration fitted; not prospectively validated,2026-09-20T13:52:43Z,2026-09-20T17:00:00Z,Sun 1:00 PM ET,New England Patriots,Pittsburgh Steelers,5a4f3bf,2026_02_PIT_NE,27.0,graded,win,0.9009009009009009,0.9009009009009009
9d14f87600f6edc74dbcb5c74edf6246,Pittsburgh Steelers @ New England Patriots,Darnell Washington,fanduel,FanDuel,receptions,Receptions,over,1.5,-146,2.3804002512,0.5475728155,0.0,0.593495935,0.5548317047,0.5727636849,1.5,5,-459.2311942537,-7.7377310813,Calibration fitted; not prospectively validated,2026-09-20T13:53:23Z,2026-09-20T17:00:00Z,Sun 1:00 PM ET,New England Patriots,Pittsburgh Steelers,5a4f3bf,2026_02_PIT_NE,1.0,graded,loss,-1.0,0.684931506849315
9d14f87600f6edc74dbcb5c74edf6246,Pittsburgh Steelers @ New England Patriots,Darnell Washington,betmgm,BetMGM,receptions,Receptions,under,1.5,130,2.3804002512,0.4524271845,0.0,0.4347826087,0.405904059,0.4272363151,1.5,5,176.4457577037,4.0582524272,Calibration fitted; not prospectively validated,2026-09-20T13:52:32Z,2026-09-20T17:00:00Z,Sun 1:00 PM ET,New England Patriots,Pittsburgh Steelers,5a4f3bf,2026_02_PIT_NE,1.0,graded,win,1.3,1.3
9d14f87600f6edc74dbcb5c74edf6246,Pittsburgh Steelers @ New England Patriots,Darnell Washington,fanduel,FanDuel,recv_yds,Receiving yards,over,14.5,-113,23.5799522893,0.5010141988,0.0,0.5305164319,0.5,0.5030953364,14.5,5,-295.0223314192,-5.5610404064,Calibration fitted; not prospectively validated,2026-09-20T13:53:23Z,2026-09-20T17:00:00Z,Sun 1:00 PM ET,New England Patriots,Pittsburgh Steelers,5a4f3bf,2026_02_PIT_NE,7.0,graded,loss,-1.0,0.8849557522123894
9d14f87600f6edc74dbcb5c74edf6246,Pittsburgh Steelers @ New England Patriots,Darnell Washington,betmgm,BetMGM,recv_yds,Receiving yards,under,14.5,-111,23.5799522893,0.4989858012,0.0,0.5260663507,0.4909529554,0.4969046636,14.5,5,-270.8054949386,-5.147744093,Calibration fitted; not prospectively validated,2026-09-20T13:52:32Z,2026-09-20T17:00:00Z,Sun 1:00 PM ET,New England Patriots,Pittsburgh Steelers,5a4f3bf,2026_02_PIT_NE,7.0,graded,win,0.9009009009009009,0.9009009009009009
9d14f87600f6edc74dbcb5c74edf6246,Pittsburgh Steelers @ New England Patriots,DeMario Douglas,betrivers,BetRivers,receptions,Receptions,over,3.5,120,3.4127650409,0.4591194969,0.0,0.4545454545,,0.4373408273,3.5,5,45.7404230989,1.0062893082,Calibration fitted; not prospectively validated,2026-09-20T13:53:18Z,2026-09-20T17:00:00Z,Sun 1:00 PM ET,New England Patriots,Pittsburgh Steelers,5a4f3bf,2026_02_PIT_NE,1.0,graded,loss,-1.0,1.2
9d14f87600f6edc74dbcb5c74edf6246,Pittsburgh Steelers @ New England Patriots,DeMario Douglas,draftkings,DraftKings,receptions,Receptions,under,3.5,-147,3.4127650409,0.5408805031,0.0,0.5951417004,0.5613178226,0.5626591727,3.5,5,-542.611972602,-9.1173576349,Calibration fitted; not prospectively validated,2026-09-20T13:53:21Z,2026-09-20T17:00:00Z,Sun 1:00 PM ET,New England Patriots,Pittsburgh Steelers,5a4f3bf,2026_02_PIT_NE,1.0,graded,win,0.6802721088435374,0.6802721088435374
9d14f87600f6edc74dbcb5c74edf6246,Pittsburgh Steelers @ New England Patriots,DeMario Douglas,fanduel,FanDuel,recv_yds,Receiving yards,over,34.5,-113,37.6109018515,0.5,0.0,0.5305164319,0.5,0.5050233081,35.0,3,-305.1643192488,-5.7522123894,Calibration fitted; not prospectively validated,2026-09-20T13:53:23Z,2026-09-20T17:00:00Z,Sun 1:00 PM ET,New England Patriots,Pittsburgh Steelers,5a4f3bf,2026_02_PIT_NE,9.0,graded,loss,-1.0,0.8849557522123894
9d14f87600f6edc74dbcb5c74edf6246,Pittsburgh Steelers @ New England Patriots,DeMario Douglas,betonlineag,BetOnline.ag,recv_yds,Receiving yards,under,34.5,-111,37.6109018515,0.5,0.0,0.5260663507,0.4948402543,0.4949766919,35.0,3,-260.663507109,-4.954954955,Calibration fitted; not prospectively validated,2026-09-20T13:52:43Z,2026-09-20T17:00:00Z,Sun 1:00 PM ET,New England Patriots,Pittsburgh Steelers,5a4f3bf,2026_02_PIT_NE,9.0,graded,win,0.9009009009009009,0.9009009009009009
9d14f87600f6edc74dbcb5c74edf6246,Pittsburgh Steelers @ New England Patriots,Drake Maye,betonlineag,BetOnline.ag,interceptions,Interceptions thrown,over,0.5,117,,,,0.4608294931,0.4331087584,0.4458598726,0.5,5,,,Insufficient player data,2026-09-20T13:52:43Z,2026-09-20T17:00:00Z,Sun 1:00 PM ET,New England Patriots,Pittsburgh Steelers,5a4f3bf,2026_02_PIT_NE,1.0,graded,win,1.17,1.17
9d14f87600f6edc74dbcb5c74edf6246,Pittsburgh Steelers @ New England Patriots,Drake Maye,betrivers,BetRivers,interceptions,Interceptions thrown,under,0.5,-132,,,,0.5689655172,0.5322580645,0.5541401274,0.5,5,,,Insufficient player data,2026-09-20T13:53:18Z,2026-09-20T17:00:00Z,Sun 1:00 PM ET,New England Patriots,Pittsburgh Steelers,5a4f3bf,2026_02_PIT_NE,1.0,graded,loss,-1.0,0.7575757575757576
9d14f87600f6edc74dbcb5c74edf6246,Pittsburgh Steelers @ New England Patriots,Drake Maye,betmgm,BetMGM,pass_attempts,Passing attempts,over,29.5,-105,28.1877174436,0.5,0.0,0.512195122,0.4796954315,0.507138435,29.5,4,-121.9512195122,-2.380952381,Calibration fitted; not prospectively validated,2026-09-20T13:52:32Z,2026-09-20T17:00:00Z,Sun 1:00 PM ET,New England Patriots,Pittsburgh Steelers,5a4f3bf,2026_02_PIT_NE,22.0,graded,loss,-1.0,0.9523809523809523
9d14f87600f6edc74dbcb5c74edf6246,Pittsburgh Steelers @ New England Patriots,Drake Maye,betonlineag,BetOnline.ag,pass_attempts,Passing attempts,under,29.5,-109,28.1877174436,0.5,0.0,0.5215311005,0.4897419064,0.492861565,29.5,4,-215.3110047847,-4.128440367,Calibration fitted; not prospectively validated,2026-09-20T13:52:43Z,2026-09-20T17:00:00Z,Sun 1:00 PM ET,New England Patriots,Pittsburgh Steelers,5a4f3bf,2026_02_PIT_NE,22.0,graded,win,0.9174311926605505,0.9174311926605505
9d14f87600f6edc74dbcb5c74edf6246,Pittsburgh Steelers @ New England Patriots,Drake Maye,betonlineag,BetOnline.ag,pass_completions,Passing completions,over,20.5,-108,19.6459848849,0.5,0.0,0.5192307692,0.4876847291,0.5101214575,20.5,3,-192.3076923077,-3.7037037037,Calibration fitted; not prospectively validated,2026-09-20T13:52:43Z,2026-09-20T17:00:00Z,Sun 1:00 PM ET,New England Patriots,Pittsburgh Steelers,5a4f3bf,2026_02_PIT_NE,14.0,graded,loss,-1.0,0.9259259259259259
9d14f87600f6edc74dbcb5c74edf6246,Pittsburgh Steelers @ New England Patriots,Drake Maye,draftkings,DraftKings,pass_completions,Passing completions,under,20.5,-107,19.6459848849,0.5,0.0,0.5169082126,0.4875171639,0.4898785425,20.5,3,-169.0821256039,-3.2710280374,Calibration fitted; not prospectively validated,2026-09-20T13:53:21Z,2026-09-20T17:00:00Z,Sun 1:00 PM ET,New England Patriots,Pittsburgh Steelers,5a4f3bf,2026_02_PIT_NE,14.0,graded,win,0.9345794392523364,0.9345794392523364
9d14f87600f6edc74dbcb5c74edf6246,Pittsburgh Steelers @ New England Patriots,Drake Maye,draftkings,DraftKings,pass_tds,Passing touchdowns,over,1.5,118,1.06,0.4821981424,0.0,0.4587155963,0.4332755633,0.4366812227,1.5,7,234.8254608459,5.1191950464,Calibration fitted; not prospectively validated,2026-09-20T13:53:21Z,2026-09-20T17:00:00Z,Sun 1:00 PM ET,New England Patriots,Pittsburgh Steelers,5a4f3bf,2026_02_PIT_NE,0.0,graded,loss,-1.0,1.18
9d14f87600f6edc74dbcb5c74edf6246,Pittsburgh Steelers @ New England Patriots,Drake Maye,betonlineag,BetOnline.ag,pass_tds,Passing touchdowns,under,1.5,-145,1.06,0.5178018576,0.0,0.5918367347,0.556480811,0.5633187773,1.5,7,-740.3487710874,-12.5093413046,Calibration fitted; not prospectively validated,2026-09-20T13:52:43Z,2026-09-20T17:00:00Z,Sun 1:00 PM ET,New England Patriots,Pittsburgh Steelers,5a4f3bf,2026_02_PIT_NE,0.0,graded,win,0.6896551724137931,0.6896551724137931
9d14f87600f6edc74dbcb5c74edf6246,Pittsburgh Steelers @ New England Patriots,Drake Maye,fanatics,Fanatics,pass_yds,Passing yards,over,225.5,-110,220.2945987698,0.5,0.0,0.5238095238,0.4898785425,0.4978941162,225.5,3,-238.0952380952,-4.5454545455,Calibration fitted; not prospectively validated,2026-09-20T13:53:09Z,2026-09-20T17:00:00Z,Sun 1:00 PM ET,New England Patriots,Pittsburgh Steelers,5a4f3bf,2026_02_PIT_NE,208.0,graded,loss,-1.0,0.9090909090909091
9d14f87600f6edc74dbcb5c74edf6246,Pittsburgh Steelers @ New England Patriots,Drake Maye,draftkings,DraftKings,pass_yds,Passing yards,under,225.5,-113,220.2945987698,0.5,0.0,0.5305164319,0.5021058838,0.5021058838,225.5,3,-305.1643192488,-5.7522123894,Calibration fitted; not prospectively validated,2026-09-20T13:53:21Z,2026-09-20T17:00:00Z,Sun 1:00 PM ET,New England Patriots,Pittsburgh Steelers,5a4f3bf,2026_02_PIT_NE,208.0,graded,win,0.8849557522123894,0.8849557522123894
9d14f87600f6edc74dbcb5c74edf6246,Pittsburgh Steelers @ New England Patriots,Drake Maye,betonlineag,BetOnline.ag,rush_attempts,Rushing attempts,over,5.5,107,6.6675825407,0.506993007,0.0,0.4830917874,0.4537429043,0.4560210233,5.5,3,239.0121955339,4.9475524476,Calibration fitted; not prospectively validated,2026-09-20T13:52:43Z,2026-09-20T17:00:00Z,Sun 1:00 PM ET,New England Patriots,Pittsburgh Steelers,5a4f3bf,2026_02_PIT_NE,4.0,graded,loss,-1.0,1.07
9d14f87600f6edc74dbcb5c74edf6246,Pittsburgh Steelers @ New England Patriots,Drake Maye,fanatics,Fanatics,rush_attempts,Rushing attempts,under,5.5,-135,6.6675825407,0.4915254237,0.0,0.5744680851,0.5346534653,0.5439789767,5.5,3,-829.4266137757,-14.4381669805,Calibration fitted; not prospectively validated,2026-09-20T13:53:09Z,2026-09-20T17:00:00Z,Sun 1:00 PM ET,New England Patriots,Pittsburgh Steelers,5a4f3bf,2026_02_PIT_NE,4.0,graded,win,0.7407407407407407,0.7407407407407407
9d14f87600f6edc74dbcb5c74edf6246,Pittsburgh Steelers @ New England Patriots,Drake Maye,draftkings,DraftKings,rush_yds,Rushing yards,over,28.5,-109,35.3559754784,0.5,0.0,0.5215311005,0.4936802191,0.4936802191,27.5,3,-215.3110047847,-4.128440367,Calibration fitted; not prospectively validated,2026-09-20T13:53:21Z,2026-09-20T17:00:00Z,Sun 1:00 PM ET,New England Patriots,Pittsburgh Steelers,5a4f3bf,2026_02_PIT_NE,17.0,graded,loss,-1.0,0.9174311926605505
9d14f87600f6edc74dbcb5c74edf6246,Pittsburgh Steelers @ New England Patriots,Drake Maye,betonlineag,BetOnline.ag,rush_yds,Rushing yards,under,28.5,-114,35.3559754784,0.5,0.0,0.5327102804,0.5,0.5063197809,27.5,3,-327.1028037383,-6.1403508772,Calibration fitted; not prospectively validated,2026-09-20T13:52:43Z,2026-09-20T17:00:00Z,Sun 1:00 PM ET,New England Patriots,Pittsburgh Steelers,5a4f3bf,2026_02_PIT_NE,17.0,graded,win,0.8771929824561403,0.8771929824561403
9d14f87600f6edc74dbcb5c74edf6246,Pittsburgh Steelers @ New England Patriots,Germie Bernard,fanduel,FanDuel,receptions,Receptions,over,1.5,106,2.6374845833,,,0.4854368932,0.4542013626,0.4782356355,1.5,5,,,Insufficient player data,2026-09-20T13:53:23Z,2026-09-20T17:00:00Z,Sun 1:00 PM ET,New England Patriots,Pittsburgh Steelers,5a4f3bf,2026_02_PIT_NE,4.0,graded,win,1.06,1.06
9d14f87600f6edc74dbcb5c74edf6246,Pittsburgh Steelers @ New England Patriots,Germie Bernard,betmgm,BetMGM,receptions,Receptions,under,1.5,-120,2.6374845833,,,0.5454545455,0.5101214575,0.5217643645,1.5,5,,,Insufficient player data,2026-09-20T13:52:32Z,2026-09-20T17:00:00Z,Sun 1:00 PM ET,New England Patriots,Pittsburgh Steelers,5a4f3bf,2026_02_PIT_NE,4.0,graded,loss,-1.0,0.8333333333333334
9d14f87600f6edc74dbcb5c74edf6246,Pittsburgh Steelers @ New England Patriots,Germie Bernard,draftkings,DraftKings,recv_yds,Receiving yards,over,15.5,-110,33.3871880978,,,0.5238095238,0.4957877001,0.5,15.5,4,,,Insufficient player data,2026-09-20T13:53:21Z,2026-09-20T17:00:00Z,Sun 1:00 PM ET,New England Patriots,Pittsburgh Steelers,5a4f3bf,2026_02_PIT_NE,35.0,graded,win,0.9090909090909091,0.9090909090909091
9d14f87600f6edc74dbcb5c74edf6246,Pittsburgh Steelers @ New England Patriots,Germie Bernard,betonlineag,BetOnline.ag,recv_yds,Receiving yards,under,15.5,-112,33.3871880978,,,0.5283018868,0.4969046636,0.5,15.5,4,,,Insufficient player data,2026-09-20T13:52:43Z,2026-09-20T17:00:00Z,Sun 1:00 PM ET,New England Patriots,Pittsburgh Steelers,5a4f3bf,2026_02_PIT_NE,35.0,graded,loss,-1.0,0.8928571428571429
9d14f87600f6edc74dbcb5c74edf6246,Pittsburgh Steelers @ New England Patriots,Hunter Henry,bovada,Bovada,receptions,Receptions,over,3.5,115,3.9884883642,0.5420560748,0.0,0.4651162791,0.4366812227,0.4424778761,3.5,5,769.3979569659,16.5420560748,Calibration fitted; not prospectively validated,2026-09-20T13:51:27Z,2026-09-20T17:00:00Z,Sun 1:00 PM ET,New England Patriots,Pittsburgh Steelers,5a4f3bf,2026_02_PIT_NE,3.0,graded,loss,-1.0,1.15
9d14f87600f6edc74dbcb5c74edf6246,Pittsburgh Steelers @ New England Patriots,Hunter Henry,fanduel,FanDuel,receptions,Receptions,under,3.5,-140,3.9884883642,0.4579439252,0.0,0.5833333333,0.5457986374,0.5575221239,3.5,5,-1253.8940809969,-21.4953271028,Calibration fitted; not prospectively validated,2026-09-20T13:53:23Z,2026-09-20T17:00:00Z,Sun 1:00 PM ET,New England Patriots,Pittsburgh Steelers,5a4f3bf,2026_02_PIT_NE,3.0,graded,win,0.7142857142857143,0.7142857142857143
9d14f87600f6edc74dbcb5c74edf6246,Pittsburgh Steelers @ New England Patriots,Hunter Henry,draftkings,DraftKings,recv_yds,Receiving yards,over,38.5,-111,44.1963364731,0.5,0.0,0.5260663507,0.4978941162,0.4989470581,38.5,2,-260.663507109,-4.954954955,Calibration fitted; not prospectively validated,2026-09-20T13:53:21Z,2026-09-20T17:00:00Z,Sun 1:00 PM ET,New England Patriots,Pittsburgh Steelers,5a4f3bf,2026_02_PIT_NE,40.0,graded,win,0.9009009009009009,0.9009009009009009
9d14f87600f6edc74dbcb5c74edf6246,Pittsburgh Steelers @ New England Patriots,Hunter Henry,draftkings,DraftKings,recv_yds,Receiving yards,under,38.5,-113,44.1963364731,0.5,0.0,0.5305164319,0.5021058838,0.5010529419,38.5,2,-305.1643192488,-5.7522123894,Calibration fitted; not prospectively validated,2026-09-20T13:53:21Z,2026-09-20T17:00:00Z,Sun 1:00 PM ET,New England Patriots,Pittsburgh Steelers,5a4f3bf,2026_02_PIT_NE,40.0,graded,loss,-1.0,0.8849557522123894
9d14f87600f6edc74dbcb5c74edf6246,Pittsburgh Steelers @ New England Patriots,Jaylen Warren,betonlineag,BetOnline.ag,receptions,Receptions,over,3.5,140,2.6457999105,0.4524271845,0.0,0.4166666667,0.3909465021,0.394619766,3.5,4,357.6051779935,8.5825242718,Calibration fitted; not prospectively validated,2026-09-20T13:52:43Z,2026-09-20T17:00:00Z,Sun 1:00 PM ET,New England Patriots,Pittsburgh Steelers,5a4f3bf,2026_02_PIT_NE,2.0,graded,loss,-1.0,1.4
9d14f87600f6edc74dbcb5c74edf6246,Pittsburgh Steelers @ New England Patriots,Jaylen Warren,draftkings,DraftKings,receptions,Receptions,under,3.5,-173,2.6457999105,0.5475728155,0.0,0.6336996337,0.5982635568,0.605380234,3.5,4,-861.2681816565,-13.5911106123,Calibration fitted; not prospectively validated,2026-09-20T13:53:21Z,2026-09-20T17:00:00Z,Sun 1:00 PM ET,New England Patriots,Pittsburgh Steelers,5a4f3bf,2026_02_PIT_NE,2.0,graded,win,0.5780346820809249,0.5780346820809249
9d14f87600f6edc74dbcb5c74edf6246,Pittsburgh Steelers @ New England Patriots,Jaylen Warren,betrivers,BetRivers,recv_yds,Receiving yards,over,19.5,-110,17.2339897915,0.5,0.0,0.5238095238,0.4889380531,0.4957877001,19.0,3,-238.0952380952,-4.5454545455,Calibration fitted; not prospectively validated,2026-09-20T13:53:18Z,2026-09-20T17:00:00Z,Sun 1:00 PM ET,New England Patriots,Pittsburgh Steelers,5a4f3bf,2026_02_PIT_NE,34.0,graded,win,0.9090909090909091,0.9090909090909091
9d14f87600f6edc74dbcb5c74edf6246,Pittsburgh Steelers @ New England Patriots,Jaylen Warren,draftkings,DraftKings,recv_yds,Receiving yards,under,19.5,-114,17.2339897915,0.5,0.0,0.5327102804,0.5042122999,0.5042122999,19.0,3,-327.1028037383,-6.1403508772,Calibration fitted; not prospectively validated,2026-09-20T13:53:21Z,2026-09-20T17:00:00Z,Sun 1:00 PM ET,New England Patriots,Pittsburgh Steelers,5a4f3bf,2026_02_PIT_NE,34.0,graded,loss,-1.0,0.8771929824561403
9d14f87600f6edc74dbcb5c74edf6246,Pittsburgh Steelers @ New England Patriots,Jaylen Warren,betonlineag,BetOnline.ag,rush_attempts,Rushing attempts,over,10.5,-123,8.5541619272,0.4915254237,0.0,0.5515695067,0.5185070944,0.5196836861,10.5,2,-600.4408299764,-10.8860410638,Calibration fitted; not prospectively validated,2026-09-20T13:52:43Z,2026-09-20T17:00:00Z,Sun 1:00 PM ET,New England Patriots,Pittsburgh Steelers,5a4f3bf,2026_02_PIT_NE,11.0,graded,win,0.8130081300813008,0.8130081300813008
9d14f87600f6edc74dbcb5c74edf6246,Pittsburgh Steelers @ New England Patriots,Jaylen Warren,draftkings,DraftKings,rush_attempts,Rushing attempts,under,10.5,-103,8.5541619272,0.506993007,0.0,0.5073891626,0.4791397221,0.4803163139,10.5,2,-3.9615556857,-0.0780772625,Calibration fitted; not prospectively validated,2026-09-20T13:53:21Z,2026-09-20T17:00:00Z,Sun 1:00 PM ET,New England Patriots,Pittsburgh Steelers,5a4f3bf,2026_02_PIT_NE,11.0,graded,loss,-1.0,0.970873786407767
9d14f87600f6edc74dbcb5c74edf6246,Pittsburgh Steelers @ New England Patriots,Jaylen Warren,draftkings,DraftKings,rush_yds,Rushing yards,over,43.5,-113,36.5254251358,0.5,0.0,0.5305164319,0.5021058838,0.5,43.5,6,-305.1643192488,-5.7522123894,Calibration fitted; not prospectively validated,2026-09-20T13:53:21Z,2026-09-20T17:00:00Z,Sun 1:00 PM ET,New England Patriots,Pittsburgh Steelers,5a4f3bf,2026_02_PIT_NE,43.0,graded,loss,-1.0,0.8849557522123894
9d14f87600f6edc74dbcb5c74edf6246,Pittsburgh Steelers @ New England Patriots,Jaylen Warren,betonlineag,BetOnline.ag,rush_yds,Rushing yards,under,43.5,-111,36.5254251358,0.5,0.0,0.5260663507,0.4948402543,0.5,43.5,6,-260.663507109,-4.954954955,Calibration fitted; not prospectively validated,2026-09-20T13:52:43Z,2026-09-20T17:00:00Z,Sun 1:00 PM ET,New England Patriots,Pittsburgh Steelers,5a4f3bf,2026_02_PIT_NE,43.0,graded,win,0.9009009009009009,0.9009009009009009
9d14f87600f6edc74dbcb5c74edf6246,Pittsburgh Steelers @ New England Patriots,Mack Hollins,bovada,Bovada,receptions,Receptions,over,3.5,130,3.245020588,0.4591194969,0.0,0.4347826087,0.4084720121,0.4143685498,3.5,4,243.3688815969,5.5974842767,Calibration fitted; not prospectively validated,2026-09-20T13:51:27Z,2026-09-20T17:00:00Z,Sun 1:00 PM ET,New England Patriots,Pittsburgh Steelers,5a4f3bf,2026_02_PIT_NE,2.0,graded,loss,-1.0,1.3
9d14f87600f6edc74dbcb5c74edf6246,Pittsburgh Steelers @ New England Patriots,Mack Hollins,fanduel,FanDuel,receptions,Receptions,under,3.5,-160,3.245020588,0.5408805031,0.0,0.6153846154,0.5751633987,0.5856314502,3.5,4,-745.0411223996,-12.106918239,Calibration fitted; not prospectively validated,2026-09-20T13:53:23Z,2026-09-20T17:00:00Z,Sun 1:00 PM ET,New England Patriots,Pittsburgh Steelers,5a4f3bf,2026_02_PIT_NE,2.0,graded,win,0.625,0.625
9d14f87600f6edc74dbcb5c74edf6246,Pittsburgh Steelers @ New England Patriots,Mack Hollins,betmgm,BetMGM,recv_yds,Receiving yards,over,35.5,-111,42.3404213555,0.5,0.0,0.5260663507,0.4928711097,0.5015067502,35.5,4,-260.663507109,-4.954954955,Calibration fitted; not prospectively validated,2026-09-20T13:52:32Z,2026-09-20T17:00:00Z,Sun 1:00 PM ET,New England Patriots,Pittsburgh Steelers,5a4f3bf,2026_02_PIT_NE,18.0,graded,loss,-1.0,0.9009009009009009
9d14f87600f6edc74dbcb5c74edf6246,Pittsburgh Steelers @ New England Patriots,Mack Hollins,fanatics,Fanatics,recv_yds,Receiving yards,under,35.5,-105,42.3404213555,0.5,0.0,0.512195122,0.4796954315,0.4984932498,35.5,4,-121.9512195122,-2.380952381,Calibration fitted; not prospectively validated,2026-09-20T13:53:09Z,2026-09-20T17:00:00Z,Sun 1:00 PM ET,New England Patriots,Pittsburgh Steelers,5a4f3bf,2026_02_PIT_NE,18.0,graded,win,0.9523809523809523,0.9523809523809523
9d14f87600f6edc74dbcb5c74edf6246,Pittsburgh Steelers @ New England Patriots,Pat Freiermuth,betrivers,BetRivers,receptions,Receptions,over,3.5,112,3.8104129158,0.5408805031,0.0,0.4716981132,,0.4554079696,3.5,5,691.8238993711,14.6666666667,Calibration fitted; not prospectively validated,2026-09-20T13:53:18Z,2026-09-20T17:00:00Z,Sun 1:00 PM ET,New England Patriots,Pittsburgh Steelers,5a4f3bf,2026_02_PIT_NE,4.0,graded,win,1.12,1.12
9d14f87600f6edc74dbcb5c74edf6246,Pittsburgh Steelers @ New England Patriots,Pat Freiermuth,draftkings,DraftKings,receptions,Receptions,under,3.5,-132,3.8104129158,0.4591194969,0.0,0.5689655172,0.535962877,0.5445920304,3.5,5,-1098.4602038603,-19.3062702497,Calibration fitted; not prospectively validated,2026-09-20T13:53:21Z,2026-09-20T17:00:00Z,Sun 1:00 PM ET,New England Patriots,Pittsburgh Steelers,5a4f3bf,2026_02_PIT_NE,4.0,graded,loss,-1.0,0.7575757575757576
9d14f87600f6edc74dbcb5c74edf6246,Pittsburgh Steelers @ New England Patriots,Pat Freiermuth,fanduel,FanDuel,recv_yds,Receiving yards,over,31.5,-113,37.6548921816,0.5,0.0,0.5305164319,0.5,0.5047075586,31.5,4,-305.1643192488,-5.7522123894,Calibration fitted; not prospectively validated,2026-09-20T13:53:23Z,2026-09-20T17:00:00Z,Sun 1:00 PM ET,New England Patriots,Pittsburgh Steelers,5a4f3bf,2026_02_PIT_NE,32.0,graded,win,0.8849557522123894,0.8849557522123894
9d14f87600f6edc74dbcb5c74edf6246,Pittsburgh Steelers @ New England Patriots,Pat Freiermuth,draftkings,DraftKings,recv_yds,Receiving yards,under,31.5,-109,37.6548921816,0.5,0.0,0.5215311005,0.4936802191,0.4952924414,31.5,4,-215.3110047847,-4.128440367,Calibration fitted; not prospectively validated,2026-09-20T13:53:21Z,2026-09-20T17:00:00Z,Sun 1:00 PM ET,New England Patriots,Pittsburgh Steelers,5a4f3bf,2026_02_PIT_NE,32.0,graded,loss,-1.0,0.9174311926605505
9d14f87600f6edc74dbcb5c74edf6246,Pittsburgh Steelers @ New England Patriots,Rhamondre Stevenson,betmgm,BetMGM,receptions,Receptions,over,2.5,-140,2.9148349311,0.5475728155,0.0,0.5833333333,0.5445920304,0.5590151934,2.5,5,-357.6051779935,-6.1303744799,Calibration fitted; not prospectively validated,2026-09-20T13:52:32Z,2026-09-20T17:00:00Z,Sun 1:00 PM ET,New England Patriots,Pittsburgh Steelers,5a4f3bf,2026_02_PIT_NE,1.0,graded,loss,-1.0,0.7142857142857143
9d14f87600f6edc74dbcb5c74edf6246,Pittsburgh Steelers @ New England Patriots,Rhamondre Stevenson,draftkings,DraftKings,receptions,Receptions,under,2.5,118,2.9148349311,0.4524271845,0.0,0.4587155963,0.4332755633,0.4409848066,2.5,5,-62.8841186426,-1.3708737864,Calibration fitted; not prospectively validated,2026-09-20T13:53:21Z,2026-09-20T17:00:00Z,Sun 1:00 PM ET,New England Patriots,Pittsburgh Steelers,5a4f3bf,2026_02_PIT_NE,1.0,graded,win,1.18,1.18
9d14f87600f6edc74dbcb5c74edf6246,Pittsburgh Steelers @ New England Patriots,Rhamondre Stevenson,betmgm,BetMGM,recv_yds,Receiving yards,over,17.5,-111,22.9079290719,0.5010141988,0.0,0.5260663507,0.4928711097,0.5,17.5,6,-250.5215192794,-4.7621658169,Calibration fitted; not prospectively validated,2026-09-20T13:52:32Z,2026-09-20T17:00:00Z,Sun 1:00 PM ET,New England Patriots,Pittsburgh Steelers,5a4f3bf,2026_02_PIT_NE,3.0,graded,loss,-1.0,0.9009009009009009
9d14f87600f6edc74dbcb5c74edf6246,Pittsburgh Steelers @ New England Patriots,Rhamondre Stevenson,betonlineag,BetOnline.ag,recv_yds,Receiving yards,under,17.5,-111,22.9079290719,0.4989858012,0.0,0.5260663507,0.4948402543,0.5,17.5,6,-270.8054949386,-5.147744093,Calibration fitted; not prospectively validated,2026-09-20T13:52:43Z,2026-09-20T17:00:00Z,Sun 1:00 PM ET,New England Patriots,Pittsburgh Steelers,5a4f3bf,2026_02_PIT_NE,3.0,graded,win,0.9009009009009009,0.9009009009009009
9d14f87600f6edc74dbcb5c74edf6246,Pittsburgh Steelers @ New England Patriots,Rhamondre Stevenson,betonlineag,BetOnline.ag,rush_attempts,Rushing attempts,over,13.5,110,11.7715256829,0.4915254237,0.0,0.4761904762,0.4472667035,0.4512596988,13.5,2,153.3494753834,3.2203389831,Calibration fitted; not prospectively validated,2026-09-20T13:52:43Z,2026-09-20T17:00:00Z,Sun 1:00 PM ET,New England Patriots,Pittsburgh Steelers,5a4f3bf,2026_02_PIT_NE,6.0,graded,loss,-1.0,1.1
9d14f87600f6edc74dbcb5c74edf6246,Pittsburgh Steelers @ New England Patriots,Rhamondre Stevenson,draftkings,DraftKings,rush_attempts,Rushing attempts,under,13.5,-137,11.7715256829,0.506993007,0.0,0.5780590717,0.5447473059,0.5487403012,13.5,2,-710.6606473695,-12.2939104691,Calibration fitted; not prospectively validated,2026-09-20T13:53:21Z,2026-09-20T17:00:00Z,Sun 1:00 PM ET,New England Patriots,Pittsburgh Steelers,5a4f3bf,2026_02_PIT_NE,6.0,graded,win,0.7299270072992701,0.7299270072992701
9d14f87600f6edc74dbcb5c74edf6246,Pittsburgh Steelers @ New England Patriots,Rhamondre Stevenson,fanduel,FanDuel,rush_yds,Rushing yards,over,48.5,-113,47.90244159,0.5,0.0,0.5305164319,0.5,0.5025798729,49.0,2,-305.1643192488,-5.7522123894,Calibration fitted; not prospectively validated,2026-09-20T13:53:23Z,2026-09-20T17:00:00Z,Sun 1:00 PM ET,New England Patriots,Pittsburgh Steelers,5a4f3bf,2026_02_PIT_NE,43.0,graded,loss,-1.0,0.8849557522123894
9d14f87600f6edc74dbcb5c74edf6246,Pittsburgh Steelers @ New England Patriots,Rhamondre Stevenson,betonlineag,BetOnline.ag,rush_yds,Rushing yards,under,48.5,-111,47.90244159,0.5,0.0,0.5260663507,0.4948402543,0.4974201271,49.0,2,-260.663507109,-4.954954955,Calibration fitted; not prospectively validated,2026-09-20T13:52:43Z,2026-09-20T17:00:00Z,Sun 1:00 PM ET,New England Patriots,Pittsburgh Steelers,5a4f3bf,2026_02_PIT_NE,43.0,graded,win,0.9009009009009009,0.9009009009009009
9d14f87600f6edc74dbcb5c74edf6246,Pittsburgh Steelers @ New England Patriots,Rico Dowdle,fanduel,FanDuel,receptions,Receptions,over,2.5,-102,1.3420349872,0.4210526316,0.0,0.504950495,0.471842317,0.4803247453,2.5,5,-838.9786347056,-16.6150670795,Calibration fitted; not prospectively validated,2026-09-20T13:53:23Z,2026-09-20T17:00:00Z,Sun 1:00 PM ET,New England Patriots,Pittsburgh Steelers,5a4f3bf,2026_02_PIT_NE,2.0,graded,loss,-1.0,0.9803921568627451
9d14f87600f6edc74dbcb5c74edf6246,Pittsburgh Steelers @ New England Patriots,Rico Dowdle,betmgm,BetMGM,receptions,Receptions,under,2.5,-105,1.3420349872,0.5789473684,0.0,0.512195122,0.4796954315,0.5196752547,2.5,5,667.5224646983,13.0325814536,Calibration fitted; not prospectively validated,2026-09-20T13:52:32Z,2026-09-20T17:00:00Z,Sun 1:00 PM ET,New England Patriots,Pittsburgh Steelers,5a4f3bf,2026_02_PIT_NE,2.0,graded,win,0.9523809523809523,0.9523809523809523
9d14f87600f6edc74dbcb5c74edf6246,Pittsburgh Steelers @ New England Patriots,Rico Dowdle,draftkings,DraftKings,recv_yds,Receiving yards,over,14.5,-111,8.4099589342,0.4985632184,0.0,0.5260663507,0.4978941162,0.5,14.5,5,-275.031323201,-5.2280729005,Calibration fitted; not prospectively validated,2026-09-20T13:53:21Z,2026-09-20T17:00:00Z,Sun 1:00 PM ET,New England Patriots,Pittsburgh Steelers,5a4f3bf,2026_02_PIT_NE,22.0,graded,win,0.9009009009009009,0.9009009009009009
9d14f87600f6edc74dbcb5c74edf6246,Pittsburgh Steelers @ New England Patriots,Rico Dowdle,betonlineag,BetOnline.ag,recv_yds,Receiving yards,under,14.5,-112,8.4099589342,0.5014367816,0.0,0.5283018868,0.4969046636,0.5,14.5,5,-268.6510518326,-5.085180624,Calibration fitted; not prospectively validated,2026-09-20T13:52:43Z,2026-09-20T17:00:00Z,Sun 1:00 PM ET,New England Patriots,Pittsburgh Steelers,5a4f3bf,2026_02_PIT_NE,22.0,graded,loss,-1.0,0.8928571428571429
9d14f87600f6edc74dbcb5c74edf6246,Pittsburgh Steelers @ New England Patriots,Rico Dowdle,draftkings,DraftKings,rush_attempts,Rushing attempts,over,8.5,-115,8.9404272408,0.506993007,0.0,0.5348837209,0.5041554124,0.5046575791,8.5,2,-278.9071393723,-5.2143508665,Calibration fitted; not prospectively validated,2026-09-20T13:53:21Z,2026-09-20T17:00:00Z,Sun 1:00 PM ET,New England Patriots,Pittsburgh Steelers,5a4f3bf,2026_02_PIT_NE,7.0,graded,loss,-1.0,0.8695652173913043
9d14f87600f6edc74dbcb5c74edf6246,Pittsburgh Steelers @ New England Patriots,Rico Dowdle,betonlineag,BetOnline.ag,rush_attempts,Rushing attempts,under,8.5,-111,8.9404272408,0.5,0.0,0.5260663507,0.4948402543,0.4953424209,8.5,2,-260.663507109,-4.954954955,Calibration fitted; not prospectively validated,2026-09-20T13:52:43Z,2026-09-20T17:00:00Z,Sun 1:00 PM ET,New England Patriots,Pittsburgh Steelers,5a4f3bf,2026_02_PIT_NE,7.0,graded,win,0.9009009009009009,0.9009009009009009
9d14f87600f6edc74dbcb5c74edf6246,Pittsburgh Steelers @ New England Patriots,Rico Dowdle,draftkings,DraftKings,rush_yds,Rushing yards,over,32.5,-108,32.0501296698,0.5,0.0,0.5192307692,0.4915711396,0.4920127796,32.5,3,-192.3076923077,-3.7037037037,Calibration fitted; not prospectively validated,2026-09-20T13:53:21Z,2026-09-20T17:00:00Z,Sun 1:00 PM ET,New England Patriots,Pittsburgh Steelers,5a4f3bf,2026_02_PIT_NE,22.0,graded,loss,-1.0,0.9259259259259259
9d14f87600f6edc74dbcb5c74edf6246,Pittsburgh Steelers @ New England Patriots,Rico Dowdle,betonlineag,BetOnline.ag,rush_yds,Rushing yards,under,32.5,-114,32.0501296698,0.5,0.0,0.5327102804,0.5,0.5079872204,32.5,3,-327.1028037383,-6.1403508772,Calibration fitted; not prospectively validated,2026-09-20T13:52:43Z,2026-09-20T17:00:00Z,Sun 1:00 PM ET,New England Patriots,Pittsburgh Steelers,5a4f3bf,2026_02_PIT_NE,22.0,graded,win,0.8771929824561403,0.8771929824561403
9d14f87600f6edc74dbcb5c74edf6246,Pittsburgh Steelers @ New England Patriots,Roman Wilson,betrivers,BetRivers,receptions,Receptions,over,2.5,-129,2.0264695596,0.4524271845,0.0,0.5633187773,,0.5613178226,2.5,5,-1108.9159282656,-19.6854067886,Calibration fitted; not prospectively validated,2026-09-20T13:53:18Z,2026-09-20T17:00:00Z,Sun 1:00 PM ET,New England Patriots,Pittsburgh Steelers,5a4f3bf,2026_02_PIT_NE,5.0,graded,win,0.7751937984496124,0.7751937984496124
9d14f87600f6edc74dbcb5c74edf6246,Pittsburgh Steelers @ New England Patriots,Roman Wilson,betonlineag,BetOnline.ag,receptions,Receptions,under,2.5,116,2.0264695596,0.5475728155,0.0,0.462962963,0.4342431762,0.4386821774,2.5,5,846.0985257102,18.2757281553,Calibration fitted; not prospectively validated,2026-09-20T13:52:43Z,2026-09-20T17:00:00Z,Sun 1:00 PM ET,New England Patriots,Pittsburgh Steelers,5a4f3bf,2026_02_PIT_NE,5.0,graded,loss,-1.0,1.16
9d14f87600f6edc74dbcb5c74edf6246,Pittsburgh Steelers @ New England Patriots,Roman Wilson,bovada,Bovada,recv_yds,Receiving yards,over,32.5,-115,23.1538068791,0.4985632184,0.0,0.5348837209,0.5,0.5015067502,33.0,2,-363.2050253943,-6.7903548226,Calibration fitted; not prospectively validated,2026-09-20T13:51:27Z,2026-09-20T17:00:00Z,Sun 1:00 PM ET,New England Patriots,Pittsburgh Steelers,5a4f3bf,2026_02_PIT_NE,28.0,graded,loss,-1.0,0.8695652173913043
9d14f87600f6edc74dbcb5c74edf6246,Pittsburgh Steelers @ New England Patriots,Roman Wilson,betrivers,BetRivers,recv_yds,Receiving yards,under,32.5,-114,23.1538068791,0.5014367816,0.0,0.5327102804,0.4969864995,0.4984932498,33.0,2,-312.7349876464,-5.8706392418,Calibration fitted; not prospectively validated,2026-09-20T13:53:18Z,2026-09-20T17:00:00Z,Sun 1:00 PM ET,New England Patriots,Pittsburgh Steelers,5a4f3bf,2026_02_PIT_NE,28.0,graded,win,0.8771929824561403,0.8771929824561403
9d14f87600f6edc74dbcb5c74edf6246,Pittsburgh Steelers @ New England Patriots,Romeo Doubs,betmgm,BetMGM,receptions,Receptions,over,3.5,125,2.3071441243,0.4524271845,0.0,0.4444444444,0.416502947,0.4476490374,3.5,6,79.8274002158,1.7961165049,Calibration fitted; not prospectively validated,2026-09-20T13:52:32Z,2026-09-20T17:00:00Z,Sun 1:00 PM ET,New England Patriots,Pittsburgh Steelers,5a4f3bf,2026_02_PIT_NE,3.0,graded,loss,-1.0,1.25
9d14f87600f6edc74dbcb5c74edf6246,Pittsburgh Steelers @ New England Patriots,Romeo Doubs,betonlineag,BetOnline.ag,receptions,Receptions,under,3.5,-133,2.3071441243,0.5475728155,0.0,0.5708154506,0.5367701147,0.5523509626,3.5,6,-232.426351098,-4.0718300606,Calibration fitted; not prospectively validated,2026-09-20T13:52:43Z,2026-09-20T17:00:00Z,Sun 1:00 PM ET,New England Patriots,Pittsburgh Steelers,5a4f3bf,2026_02_PIT_NE,3.0,graded,win,0.7518796992481203,0.7518796992481203
9d14f87600f6edc74dbcb5c74edf6246,Pittsburgh Steelers @ New England Patriots,Romeo Doubs,draftkings,DraftKings,recv_yds,Receiving yards,over,40.5,-112,30.8129081879,0.4985632184,0.0,0.5283018868,0.5,0.5,40.0,3,-297.3866840165,-5.6291050903,Calibration fitted; not prospectively validated,2026-09-20T13:53:21Z,2026-09-20T17:00:00Z,Sun 1:00 PM ET,New England Patriots,Pittsburgh Steelers,5a4f3bf,2026_02_PIT_NE,96.0,graded,win,0.8928571428571429,0.8928571428571429
9d14f87600f6edc74dbcb5c74edf6246,Pittsburgh Steelers @ New England Patriots,Romeo Doubs,draftkings,DraftKings,recv_yds,Receiving yards,under,40.5,-112,30.8129081879,0.5014367816,0.0,0.5283018868,0.5,0.5,40.0,3,-268.6510518326,-5.085180624,Calibration fitted; not prospectively validated,2026-09-20T13:53:21Z,2026-09-20T17:00:00Z,Sun 1:00 PM ET,New England Patriots,Pittsburgh Steelers,5a4f3bf,2026_02_PIT_NE,96.0,graded,loss,-1.0,0.8928571428571429
9d14f87600f6edc74dbcb5c74edf6246,Pittsburgh Steelers @ New England Patriots,TreVeyon Henderson,betmgm,BetMGM,receptions,Receptions,over,1.5,110,1.6964286822,0.5408805031,0.0,0.4761904762,0.4424778761,0.4693877551,1.5,5,646.9002695418,13.5849056604,Calibration fitted; not prospectively validated,2026-09-20T13:52:32Z,2026-09-20T17:00:00Z,Sun 1:00 PM ET,New England Patriots,Pittsburgh Steelers,5a4f3bf,2026_02_PIT_NE,0.0,graded,loss,-1.0,1.1
9d14f87600f6edc74dbcb5c74edf6246,Pittsburgh Steelers @ New England Patriots,TreVeyon Henderson,betonlineag,BetOnline.ag,receptions,Receptions,under,1.5,-123,1.6964286822,0.4591194969,0.0,0.5515695067,0.5185070944,0.5306122449,1.5,5,-924.5000987111,-16.7612619522,Calibration fitted; not prospectively validated,2026-09-20T13:52:43Z,2026-09-20T17:00:00Z,Sun 1:00 PM ET,New England Patriots,Pittsburgh Steelers,5a4f3bf,2026_02_PIT_NE,0.0,graded,win,0.8130081300813008,0.8130081300813008
9d14f87600f6edc74dbcb5c74edf6246,Pittsburgh Steelers @ New England Patriots,TreVeyon Henderson,fanduel,FanDuel,recv_yds,Receiving yards,over,7.5,-113,12.3310486163,0.5010141988,0.0,0.5305164319,0.5,0.5141838223,7.5,5,-295.0223314192,-5.5610404064,Calibration fitted; not prospectively validated,2026-09-20T13:53:23Z,2026-09-20T17:00:00Z,Sun 1:00 PM ET,New England Patriots,Pittsburgh Steelers,5a4f3bf,2026_02_PIT_NE,0.0,graded,loss,-1.0,0.8849557522123894
9d14f87600f6edc74dbcb5c74edf6246,Pittsburgh Steelers @ New England Patriots,TreVeyon Henderson,draftkings,DraftKings,recv_yds,Receiving yards,under,7.5,-104,12.3310486163,0.4989858012,0.0,0.5098039216,0.482168331,0.4858161777,7.5,5,-108.1812035159,-2.1220159151,Calibration fitted; not prospectively validated,2026-09-20T13:53:21Z,2026-09-20T17:00:00Z,Sun 1:00 PM ET,New England Patriots,Pittsburgh Steelers,5a4f3bf,2026_02_PIT_NE,0.0,graded,win,0.9615384615384616,0.9615384615384616
9d14f87600f6edc74dbcb5c74edf6246,Pittsburgh Steelers @ New England Patriots,TreVeyon Henderson,draftkings,DraftKings,rush_attempts,Rushing attempts,over,8.5,-117,8.3313381405,0.5,0.0,0.5391705069,0.5083149711,0.5092865324,8.5,2,-391.7050691244,-7.264957265,Calibration fitted; not prospectively validated,2026-09-20T13:53:21Z,2026-09-20T17:00:00Z,Sun 1:00 PM ET,New England Patriots,Pittsburgh Steelers,5a4f3bf,2026_02_PIT_NE,16.0,graded,win,0.8547008547008547,0.8547008547008547
9d14f87600f6edc74dbcb5c74edf6246,Pittsburgh Steelers @ New England Patriots,TreVeyon Henderson,betonlineag,BetOnline.ag,rush_attempts,Rushing attempts,under,8.5,-109,8.3313381405,0.5,0.0,0.5215311005,0.4897419064,0.4907134676,8.5,2,-215.3110047847,-4.128440367,Calibration fitted; not prospectively validated,2026-09-20T13:52:43Z,2026-09-20T17:00:00Z,Sun 1:00 PM ET,New England Patriots,Pittsburgh Steelers,5a4f3bf,2026_02_PIT_NE,16.0,graded,loss,-1.0,0.9174311926605505
9d14f87600f6edc74dbcb5c74edf6246,Pittsburgh Steelers @ New England Patriots,TreVeyon Henderson,draftkings,DraftKings,rush_yds,Rushing yards,over,35.5,-111,35.4117303382,0.5,0.0,0.5260663507,0.4978941162,0.5,35.5,5,-260.663507109,-4.954954955,Calibration fitted; not prospectively validated,2026-09-20T13:53:21Z,2026-09-20T17:00:00Z,Sun 1:00 PM ET,New England Patriots,Pittsburgh Steelers,5a4f3bf,2026_02_PIT_NE,76.0,graded,win,0.9009009009009009,0.9009009009009009
9d14f87600f6edc74dbcb5c74edf6246,Pittsburgh Steelers @ New England Patriots,TreVeyon Henderson,draftkings,DraftKings,rush_yds,Rushing yards,under,35.5,-113,35.4117303382,0.5,0.0,0.5305164319,0.5021058838,0.5,35.5,5,-305.1643192488,-5.7522123894,Calibration fitted; not prospectively validated,2026-09-20T13:53:21Z,2026-09-20T17:00:00Z,Sun 1:00 PM ET,New England Patriots,Pittsburgh Steelers,5a4f3bf,2026_02_PIT_NE,76.0,graded,loss,-1.0,0.8849557522123894
aee7eae1849ebb103b9bf233e9741392,Carolina Panthers @ Atlanta Falcons,Bijan Robinson,fanduel,FanDuel,receptions,Receptions,over,4.5,-154,4.154467498,0.4579439252,0.0,0.6062992126,0.5670257739,0.5751633987,4.5,3,-1483.5528736478,-24.468988955,Calibration fitted; not prospectively validated,2026-09-20T13:52:58Z,2026-09-20T17:00:00Z,Sun 1:00 PM ET,Atlanta Falcons,Carolina Panthers,5a4f3bf,2026_02_CAR_ATL,3.0,graded,loss,-1.0,0.6493506493506493
aee7eae1849ebb103b9bf233e9741392,Carolina Panthers @ Atlanta Falcons,Bijan Robinson,betonlineag,BetOnline.ag,receptions,Receptions,under,4.5,126,4.154467498,0.5420560748,0.0,0.4424778761,0.4159838649,0.4248366013,4.5,3,995.7819866016,22.5046728972,Calibration fitted; not prospectively validated,2026-09-20T13:53:20Z,2026-09-20T17:00:00Z,Sun 1:00 PM ET,Atlanta Falcons,Carolina Panthers,5a4f3bf,2026_02_CAR_ATL,3.0,graded,win,1.26,1.26
aee7eae1849ebb103b9bf233e9741392,Carolina Panthers @ Atlanta Falcons,Bijan Robinson,draftkings,DraftKings,recv_yds,Receiving yards,over,43.5,-113,36.9724770118,0.4989858012,0.0,0.5305164319,0.5021058838,0.5,43.0,3,-315.3063070784,-5.9433843724,Calibration fitted; not prospectively validated,2026-09-20T13:52:59Z,2026-09-20T17:00:00Z,Sun 1:00 PM ET,Atlanta Falcons,Carolina Panthers,5a4f3bf,2026_02_CAR_ATL,9.0,graded,loss,-1.0,0.8849557522123894
aee7eae1849ebb103b9bf233e9741392,Carolina Panthers @ Atlanta Falcons,Bijan Robinson,draftkings,DraftKings,recv_yds,Receiving yards,under,43.5,-111,36.9724770118,0.5010141988,0.0,0.5260663507,0.4978941162,0.5,43.0,3,-250.5215192794,-4.7621658169,Calibration fitted; not prospectively validated,2026-09-20T13:52:59Z,2026-09-20T17:00:00Z,Sun 1:00 PM ET,Atlanta Falcons,Carolina Panthers,5a4f3bf,2026_02_CAR_ATL,9.0,graded,win,0.9009009009009009,0.9009009009009009
aee7eae1849ebb103b9bf233e9741392,Carolina Panthers @ Atlanta Falcons,Bijan Robinson,betonlineag,BetOnline.ag,rush_attempts,Rushing attempts,over,18.5,-114,13.0856940676,0.4054054054,0.0,0.5327102804,0.5,0.5093796898,18.5,2,-1273.0487496843,-23.8975817923,Calibration fitted; not prospectively validated,2026-09-20T13:53:20Z,2026-09-20T17:00:00Z,Sun 1:00 PM ET,Atlanta Falcons,Carolina Panthers,5a4f3bf,2026_02_CAR_ATL,16.0,graded,loss,-1.0,0.8771929824561403
aee7eae1849ebb103b9bf233e9741392,Carolina Panthers @ Atlanta Falcons,Bijan Robinson,draftkings,DraftKings,rush_attempts,Rushing attempts,under,18.5,-104,13.0856940676,0.5945945946,0.0,0.5098039216,0.4812406203,0.4906203102,18.5,2,847.9067302597,16.632016632,Calibration fitted; not prospectively validated,2026-09-20T13:52:59Z,2026-09-20T17:00:00Z,Sun 1:00 PM ET,Atlanta Falcons,Carolina Panthers,5a4f3bf,2026_02_CAR_ATL,16.0,graded,win,0.9615384615384616,0.9615384615384616
aee7eae1849ebb103b9bf233e9741392,Carolina Panthers @ Atlanta Falcons,Bijan Robinson,betmgm,BetMGM,rush_yds,Rushing yards,over,82.5,-115,57.8995423578,0.4352331606,0.0,0.5348837209,0.5,0.5,82.5,2,-996.5056030847,-18.6303221446,Calibration fitted; not prospectively validated,2026-09-20T13:52:45Z,2026-09-20T17:00:00Z,Sun 1:00 PM ET,Atlanta Falcons,Carolina Panthers,5a4f3bf,2026_02_CAR_ATL,72.0,graded,loss,-1.0,0.8695652173913043
aee7eae1849ebb103b9bf233e9741392,Carolina Panthers @ Atlanta Falcons,Bijan Robinson,betmgm,BetMGM,rush_yds,Rushing yards,under,82.5,-115,57.8995423578,0.5647668394,0.0,0.5348837209,0.5,0.5,82.5,2,298.8311844801,5.5868438838,Calibration fitted; not prospectively validated,2026-09-20T13:52:45Z,2026-09-20T17:00:00Z,Sun 1:00 PM ET,Atlanta Falcons,Carolina Panthers,5a4f3bf,2026_02_CAR_ATL,72.0,graded,win,0.8695652173913043,0.8695652173913043
aee7eae1849ebb103b9bf233e9741392,Carolina Panthers @ Atlanta Falcons,Brian Robinson,fanduel,FanDuel,rush_yds,Rushing yards,over,25.5,-113,34.3601308842,0.5,0.0,0.5305164319,0.5,0.5082034454,25.5,5,-305.1643192488,-5.7522123894,Calibration fitted; not prospectively validated,2026-09-20T13:52:58Z,2026-09-20T17:00:00Z,Sun 1:00 PM ET,Atlanta Falcons,Carolina Panthers,5a4f3bf,2026_02_CAR_ATL,51.0,graded,win,0.8849557522123894,0.8849557522123894
aee7eae1849ebb103b9bf233e9741392,Carolina Panthers @ Atlanta Falcons,Brian Robinson,draftkings,DraftKings,rush_yds,Rushing yards,under,25.5,-108,34.3601308842,0.5,0.0,0.5192307692,0.4915711396,0.4917965546,25.5,5,-192.3076923077,-3.7037037037,Calibration fitted; not prospectively validated,2026-09-20T13:52:59Z,2026-09-20T17:00:00Z,Sun 1:00 PM ET,Atlanta Falcons,Carolina Panthers,5a4f3bf,2026_02_CAR_ATL,51.0,graded,loss,-1.0,0.9259259259259259
aee7eae1849ebb103b9bf233e9741392,Carolina Panthers @ Atlanta Falcons,Bryce Young,betmgm,BetMGM,interceptions,Interceptions thrown,over,0.5,105,,,,0.487804878,0.4554079696,0.4750658262,0.5,5,,,Insufficient player data,2026-09-20T13:52:45Z,2026-09-20T17:00:00Z,Sun 1:00 PM ET,Atlanta Falcons,Carolina Panthers,5a4f3bf,2026_02_CAR_ATL,0.0,graded,loss,-1.0,1.05
aee7eae1849ebb103b9bf233e9741392,Carolina Panthers @ Atlanta Falcons,Bryce Young,draftkings,DraftKings,interceptions,Interceptions thrown,under,0.5,-115,,,,0.5348837209,0.5041554124,0.5249341738,0.5,5,,,Insufficient player data,2026-09-20T13:52:59Z,2026-09-20T17:00:00Z,Sun 1:00 PM ET,Atlanta Falcons,Carolina Panthers,5a4f3bf,2026_02_CAR_ATL,0.0,graded,win,0.8695652173913043,0.8695652173913043
aee7eae1849ebb103b9bf233e9741392,Carolina Panthers @ Atlanta Falcons,Bryce Young,draftkings,DraftKings,pass_attempts,Passing attempts,over,31.5,-106,30.5241371341,0.5,0.0,0.5145631068,0.4854288093,0.4898785425,31.5,5,-145.6310679612,-2.8301886792,Calibration fitted; not prospectively validated,2026-09-20T13:52:59Z,2026-09-20T17:00:00Z,Sun 1:00 PM ET,Atlanta Falcons,Carolina Panthers,5a4f3bf,2026_02_CAR_ATL,36.0,graded,win,0.9433962264150944,0.9433962264150944
aee7eae1849ebb103b9bf233e9741392,Carolina Panthers @ Atlanta Falcons,Bryce Young,betmgm,BetMGM,pass_attempts,Passing attempts,under,31.5,-111,30.5241371341,0.5,0.0,0.5260663507,0.4909529554,0.5101214575,31.5,5,-260.663507109,-4.954954955,Calibration fitted; not prospectively validated,2026-09-20T13:52:45Z,2026-09-20T17:00:00Z,Sun 1:00 PM ET,Atlanta Falcons,Carolina Panthers,5a4f3bf,2026_02_CAR_ATL,36.0,graded,loss,-1.0,0.9009009009009009
aee7eae1849ebb103b9bf233e9741392,Carolina Panthers @ Atlanta Falcons,Bryce Young,fanatics,Fanatics,pass_completions,Passing completions,over,19.5,-115,18.9744636239,0.5,0.0,0.5348837209,0.5,0.5102595309,19.5,4,-348.8372093023,-6.5217391304,Calibration fitted; not prospectively validated,2026-09-20T13:51:54Z,2026-09-20T17:00:00Z,Sun 1:00 PM ET,Atlanta Falcons,Carolina Panthers,5a4f3bf,2026_02_CAR_ATL,23.0,graded,win,0.8695652173913043,0.8695652173913043
aee7eae1849ebb103b9bf233e9741392,Carolina Panthers @ Atlanta Falcons,Bryce Young,betmgm,BetMGM,pass_completions,Passing completions,under,19.5,100,18.9744636239,0.5,0.0,0.5,0.4653465347,0.4897404691,19.5,4,0.0,0.0,Calibration fitted; not prospectively validated,2026-09-20T13:52:45Z,2026-09-20T17:00:00Z,Sun 1:00 PM ET,Atlanta Falcons,Carolina Panthers,5a4f3bf,2026_02_CAR_ATL,23.0,graded,loss,-1.0,1.0
aee7eae1849ebb103b9bf233e9741392,Carolina Panthers @ Atlanta Falcons,Bryce Young,betrivers,BetRivers,pass_tds,Passing touchdowns,over,1.5,117,2.82,0.5333333333,0.0,0.4608294931,0.4299887902,0.443519189,1.5,7,725.0384024578,15.7333333333,Calibration fitted; not prospectively validated,2026-09-20T13:52:51Z,2026-09-20T17:00:00Z,Sun 1:00 PM ET,Atlanta Falcons,Carolina Panthers,5a4f3bf,2026_02_CAR_ATL,3.0,graded,win,1.17,1.17
aee7eae1849ebb103b9bf233e9741392,Carolina Panthers @ Atlanta Falcons,Bryce Young,fanatics,Fanatics,pass_tds,Passing touchdowns,under,1.5,-140,2.82,0.4666666667,0.0,0.5833333333,0.5445920304,0.556480811,1.5,7,-1166.6666666667,-20.0,Calibration fitted; not prospectively validated,2026-09-20T13:53:03Z,2026-09-20T17:00:00Z,Sun 1:00 PM ET,Atlanta Falcons,Carolina Panthers,5a4f3bf,2026_02_CAR_ATL,3.0,graded,loss,-1.0,0.7142857142857143
aee7eae1849ebb103b9bf233e9741392,Carolina Panthers @ Atlanta Falcons,Bryce Young,draftkings,DraftKings,pass_yds,Passing yards,over,221.5,-113,202.1206123227,0.5,0.0,0.5305164319,0.5021058838,0.5010529419,221.5,2,-305.1643192488,-5.7522123894,Calibration fitted; not prospectively validated,2026-09-20T13:52:59Z,2026-09-20T17:00:00Z,Sun 1:00 PM ET,Atlanta Falcons,Carolina Panthers,5a4f3bf,2026_02_CAR_ATL,287.0,graded,win,0.8849557522123894,0.8849557522123894
aee7eae1849ebb103b9bf233e9741392,Carolina Panthers @ Atlanta Falcons,Bryce Young,draftkings,DraftKings,pass_yds,Passing yards,under,221.5,-111,202.1206123227,0.5,0.0,0.5260663507,0.4978941162,0.4989470581,221.5,2,-260.663507109,-4.954954955,Calibration fitted; not prospectively validated,2026-09-20T13:52:59Z,2026-09-20T17:00:00Z,Sun 1:00 PM ET,Atlanta Falcons,Carolina Panthers,5a4f3bf,2026_02_CAR_ATL,287.0,graded,loss,-1.0,0.9009009009009009
aee7eae1849ebb103b9bf233e9741392,Carolina Panthers @ Atlanta Falcons,Bryce Young,fanatics,Fanatics,rush_attempts,Rushing attempts,over,3.5,-105,4.029895461,0.506993007,0.0,0.512195122,0.4796954315,0.4796954315,3.5,1,-52.0211495821,-1.0156510157,Calibration fitted; not prospectively validated,2026-09-20T13:53:03Z,2026-09-20T17:00:00Z,Sun 1:00 PM ET,Atlanta Falcons,Carolina Panthers,5a4f3bf,2026_02_CAR_ATL,1.0,graded,loss,-1.0,0.9523809523809523
aee7eae1849ebb103b9bf233e9741392,Carolina Panthers @ Atlanta Falcons,Bryce Young,fanatics,Fanatics,rush_attempts,Rushing attempts,under,3.5,-125,4.029895461,0.4927536232,0.0,0.5555555556,0.5203045685,0.5203045685,3.5,1,-628.0193236715,-11.3043478261,Calibration fitted; not prospectively validated,2026-09-20T13:53:03Z,2026-09-20T17:00:00Z,Sun 1:00 PM ET,Atlanta Falcons,Carolina Panthers,5a4f3bf,2026_02_CAR_ATL,1.0,graded,win,0.8,0.8
aee7eae1849ebb103b9bf233e9741392,Carolina Panthers @ Atlanta Falcons,Bryce Young,draftkings,DraftKings,rush_yds,Rushing yards,over,14.5,-107,18.3133564705,0.5,0.0,0.5169082126,0.4894599266,0.4898785425,14.5,3,-169.0821256039,-3.2710280374,Calibration fitted; not prospectively validated,2026-09-20T13:52:59Z,2026-09-20T17:00:00Z,Sun 1:00 PM ET,Atlanta Falcons,Carolina Panthers,5a4f3bf,2026_02_CAR_ATL,6.0,graded,loss,-1.0,0.9345794392523364
aee7eae1849ebb103b9bf233e9741392,Carolina Panthers @ Atlanta Falcons,Bryce Young,betmgm,BetMGM,rush_yds,Rushing yards,under,14.5,-115,18.3133564705,0.5,0.0,0.5348837209,0.5,0.5101214575,14.5,3,-348.8372093023,-6.5217391304,Calibration fitted; not prospectively validated,2026-09-20T13:52:45Z,2026-09-20T17:00:00Z,Sun 1:00 PM ET,Atlanta Falcons,Carolina Panthers,5a4f3bf,2026_02_CAR_ATL,6.0,graded,win,0.8695652173913043,0.8695652173913043
aee7eae1849ebb103b9bf233e9741392,Carolina Panthers @ Atlanta Falcons,Chuba Hubbard,bovada,Bovada,receptions,Receptions,over,2.5,150,2.3527340071,0.4591194969,0.0,0.4,0.375,0.3831317765,2.5,5,591.1949685535,14.7798742138,Calibration fitted; not prospectively validated,2026-09-20T13:51:35Z,2026-09-20T17:00:00Z,Sun 1:00 PM ET,Atlanta Falcons,Carolina Panthers,5a4f3bf,2026_02_CAR_ATL,2.0,graded,loss,-1.0,1.5
aee7eae1849ebb103b9bf233e9741392,Carolina Panthers @ Atlanta Falcons,Chuba Hubbard,betonlineag,BetOnline.ag,receptions,Receptions,under,2.5,-175,2.3527340071,0.5408805031,0.0,0.6363636364,0.5992714026,0.6168682235,2.5,5,-954.8313321898,-15.004492363,Calibration fitted; not prospectively validated,2026-09-20T13:53:20Z,2026-09-20T17:00:00Z,Sun 1:00 PM ET,Atlanta Falcons,Carolina Panthers,5a4f3bf,2026_02_CAR_ATL,2.0,graded,win,0.5714285714285714,0.5714285714285714
aee7eae1849ebb103b9bf233e9741392,Carolina Panthers @ Atlanta Falcons,Chuba Hubbard,draftkings,DraftKings,recv_yds,Receiving yards,over,12.5,-110,18.0218731642,0.5010141988,0.0,0.5238095238,0.4957877001,0.5,12.5,5,-227.9532502656,-4.3518347778,Calibration fitted; not prospectively validated,2026-09-20T13:52:59Z,2026-09-20T17:00:00Z,Sun 1:00 PM ET,Atlanta Falcons,Carolina Panthers,5a4f3bf,2026_02_CAR_ATL,11.0,graded,loss,-1.0,0.9090909090909091
aee7eae1849ebb103b9bf233e9741392,Carolina Panthers @ Atlanta Falcons,Chuba Hubbard,betonlineag,BetOnline.ag,recv_yds,Receiving yards,under,12.5,-112,18.0218731642,0.4989858012,0.0,0.5283018868,0.4969046636,0.5,12.5,5,-293.1608557541,-5.5491161982,Calibration fitted; not prospectively validated,2026-09-20T13:53:20Z,2026-09-20T17:00:00Z,Sun 1:00 PM ET,Atlanta Falcons,Carolina Panthers,5a4f3bf,2026_02_CAR_ATL,11.0,graded,win,0.8928571428571429,0.8928571428571429
aee7eae1849ebb103b9bf233e9741392,Carolina Panthers @ Atlanta Falcons,Chuba Hubbard,draftkings,DraftKings,rush_attempts,Rushing attempts,over,13.5,-106,9.1642312101,0.4473684211,0.0,0.5145631068,0.4854288093,0.4968161274,13.5,2,-671.9468574348,-13.0585898709,Calibration fitted; not prospectively validated,2026-09-20T13:52:59Z,2026-09-20T17:00:00Z,Sun 1:00 PM ET,Atlanta Falcons,Carolina Panthers,5a4f3bf,2026_02_CAR_ATL,12.0,graded,loss,-1.0,0.9433962264150944
aee7eae1849ebb103b9bf233e9741392,Carolina Panthers @ Atlanta Falcons,Chuba Hubbard,betonlineag,BetOnline.ag,rush_attempts,Rushing attempts,under,13.5,-110,9.1642312101,0.5526315789,0.0,0.5238095238,0.4917965546,0.5031838726,13.5,2,288.2205513784,5.5023923445,Calibration fitted; not prospectively validated,2026-09-20T13:53:20Z,2026-09-20T17:00:00Z,Sun 1:00 PM ET,Atlanta Falcons,Carolina Panthers,5a4f3bf,2026_02_CAR_ATL,12.0,graded,win,0.9090909090909091,0.9090909090909091
aee7eae1849ebb103b9bf233e9741392,Carolina Panthers @ Atlanta Falcons,Chuba Hubbard,draftkings,DraftKings,rush_yds,Rushing yards,over,55.5,-115,38.169301343,0.4352331606,0.0,0.5348837209,0.5063197809,0.5101214575,55.5,3,-996.5056030847,-18.6303221446,Calibration fitted; not prospectively validated,2026-09-20T13:52:59Z,2026-09-20T17:00:00Z,Sun 1:00 PM ET,Atlanta Falcons,Carolina Panthers,5a4f3bf,2026_02_CAR_ATL,53.0,graded,loss,-1.0,0.8695652173913043
aee7eae1849ebb103b9bf233e9741392,Carolina Panthers @ Atlanta Falcons,Chuba Hubbard,betonlineag,BetOnline.ag,rush_yds,Rushing yards,under,55.5,-109,38.169301343,0.5647668394,0.0,0.5215311005,0.4897419064,0.4898785425,55.5,3,432.3573889977,8.2901554404,Calibration fitted; not prospectively validated,2026-09-20T13:53:20Z,2026-09-20T17:00:00Z,Sun 1:00 PM ET,Atlanta Falcons,Carolina Panthers,5a4f3bf,2026_02_CAR_ATL,53.0,graded,win,0.9174311926605505,0.9174311926605505
aee7eae1849ebb103b9bf233e9741392,Carolina Panthers @ Atlanta Falcons,Cooper Rush,betmgm,BetMGM,interceptions,Interceptions thrown,over,0.5,-140,,,,0.5833333333,0.5445920304,0.5631341601,0.5,5,,,Insufficient player data,2026-09-20T13:52:45Z,2026-09-20T17:00:00Z,Sun 1:00 PM ET,Atlanta Falcons,Carolina Panthers,5a4f3bf,2026_02_CAR_ATL,2.0,graded,win,0.7142857142857143,0.7142857142857143
aee7eae1849ebb103b9bf233e9741392,Carolina Panthers @ Atlanta Falcons,Cooper Rush,betrivers,BetRivers,interceptions,Interceptions thrown,under,0.5,130,,,,0.4347826087,0.4049115626,0.4368658399,0.5,5,,,Insufficient player data,2026-09-20T13:52:51Z,2026-09-20T17:00:00Z,Sun 1:00 PM ET,Atlanta Falcons,Carolina Panthers,5a4f3bf,2026_02_CAR_ATL,2.0,graded,loss,-1.0,1.3
aee7eae1849ebb103b9bf233e9741392,Carolina Panthers @ Atlanta Falcons,Cooper Rush,betmgm,BetMGM,pass_attempts,Passing attempts,over,29.5,-110,22.7149428984,0.3636363636,0.0,0.5238095238,0.4898785425,0.5102595309,29.5,4,-1601.7316017316,-30.5785123967,Calibration fitted; not prospectively validated,2026-09-20T13:52:45Z,2026-09-20T17:00:00Z,Sun 1:00 PM ET,Atlanta Falcons,Carolina Panthers,5a4f3bf,2026_02_CAR_ATL,17.0,graded,loss,-1.0,0.9090909090909091
aee7eae1849ebb103b9bf233e9741392,Carolina Panthers @ Atlanta Falcons,Cooper Rush,betonlineag,BetOnline.ag,pass_attempts,Passing attempts,under,29.5,-108,22.7149428984,0.6363636364,0.0,0.5192307692,0.4876847291,0.4897404691,29.5,4,1171.3286713287,22.5589225589,Calibration fitted; not prospectively validated,2026-09-20T13:53:20Z,2026-09-20T17:00:00Z,Sun 1:00 PM ET,Atlanta Falcons,Carolina Panthers,5a4f3bf,2026_02_CAR_ATL,17.0,graded,win,0.9259259259259259,0.9259259259259259
aee7eae1849ebb103b9bf233e9741392,Carolina Panthers @ Atlanta Falcons,Cooper Rush,draftkings,DraftKings,pass_completions,Passing completions,over,17.5,-118,12.3899688537,0.4583333333,0.0,0.5412844037,0.5103976044,0.5102580936,17.5,3,-829.5107033639,-15.3248587571,Calibration fitted; not prospectively validated,2026-09-20T13:52:59Z,2026-09-20T17:00:00Z,Sun 1:00 PM ET,Atlanta Falcons,Carolina Panthers,5a4f3bf,2026_02_CAR_ATL,10.0,graded,loss,-1.0,0.847457627118644
aee7eae1849ebb103b9bf233e9741392,Carolina Panthers @ Atlanta Falcons,Cooper Rush,draftkings,DraftKings,pass_completions,Passing completions,under,17.5,-108,12.3899688537,0.5416666667,0.0,0.5192307692,0.4896023956,0.4897419064,17.5,3,224.358974359,4.3209876543,Calibration fitted; not prospectively validated,2026-09-20T13:52:59Z,2026-09-20T17:00:00Z,Sun 1:00 PM ET,Atlanta Falcons,Carolina Panthers,5a4f3bf,2026_02_CAR_ATL,10.0,graded,win,0.9259259259259259,0.9259259259259259
aee7eae1849ebb103b9bf233e9741392,Carolina Panthers @ Atlanta Falcons,Cooper Rush,betrivers,BetRivers,pass_tds,Passing touchdowns,over,0.5,-225,1.06,0.5,0.0,0.6923076923,0.6472184532,0.681391116,0.5,6,-1923.0769230769,-27.7777777778,Calibration fitted; not prospectively validated,2026-09-20T13:52:51Z,2026-09-20T17:00:00Z,Sun 1:00 PM ET,Atlanta Falcons,Carolina Panthers,5a4f3bf,2026_02_CAR_ATL,0.0,graded,loss,-1.0,0.4444444444444444
aee7eae1849ebb103b9bf233e9741392,Carolina Panthers @ Atlanta Falcons,Cooper Rush,betonlineag,BetOnline.ag,pass_tds,Passing touchdowns,under,0.5,201,1.06,0.5,0.0,0.3322259136,0.3128434937,0.318608884,0.5,6,1677.7408637874,50.5,Calibration fitted; not prospectively validated,2026-09-20T13:53:20Z,2026-09-20T17:00:00Z,Sun 1:00 PM ET,Atlanta Falcons,Carolina Panthers,5a4f3bf,2026_02_CAR_ATL,0.0,graded,win,2.01,2.01
aee7eae1849ebb103b9bf233e9741392,Carolina Panthers @ Atlanta Falcons,Cooper Rush,betmgm,BetMGM,pass_yds,Passing yards,over,184.5,-115,138.8265997958,0.5,0.0,0.5348837209,0.5,0.5041017227,184.0,2,-348.8372093023,-6.5217391304,Calibration fitted; not prospectively validated,2026-09-20T13:52:45Z,2026-09-20T17:00:00Z,Sun 1:00 PM ET,Atlanta Falcons,Carolina Panthers,5a4f3bf,2026_02_CAR_ATL,86.0,graded,loss,-1.0,0.8695652173913043
aee7eae1849ebb103b9bf233e9741392,Carolina Panthers @ Atlanta Falcons,Cooper Rush,betonlineag,BetOnline.ag,pass_yds,Passing yards,under,184.5,-110,138.8265997958,0.5,0.0,0.5238095238,0.4917965546,0.4958982773,184.0,2,-238.0952380952,-4.5454545455,Calibration fitted; not prospectively validated,2026-09-20T13:53:20Z,2026-09-20T17:00:00Z,Sun 1:00 PM ET,Atlanta Falcons,Carolina Panthers,5a4f3bf,2026_02_CAR_ATL,86.0,graded,win,0.9090909090909091,0.9090909090909091
aee7eae1849ebb103b9bf233e9741392,Carolina Panthers @ Atlanta Falcons,Cooper Rush,fanduel,FanDuel,rush_yds,Rushing yards,over,0.5,136,9.868878958,0.5647668394,0.0,0.4237288136,0.4002103295,0.4084720121,0.5,3,1410.3802581892,33.2849740933,Calibration fitted; not prospectively validated,2026-09-20T13:52:58Z,2026-09-20T17:00:00Z,Sun 1:00 PM ET,Atlanta Falcons,Carolina Panthers,5a4f3bf,2026_02_CAR_ATL,20.0,graded,win,1.36,1.36
aee7eae1849ebb103b9bf233e9741392,Carolina Panthers @ Atlanta Falcons,Cooper Rush,draftkings,DraftKings,rush_yds,Rushing yards,under,0.5,-165,9.868878958,0.4352331606,0.0,0.6226415094,0.5898785112,0.5915279879,0.5,3,-1874.083488122,-30.0989166274,Calibration fitted; not prospectively validated,2026-09-20T13:52:59Z,2026-09-20T17:00:00Z,Sun 1:00 PM ET,Atlanta Falcons,Carolina Panthers,5a4f3bf,2026_02_CAR_ATL,20.0,graded,loss,-1.0,0.6060606060606061
aee7eae1849ebb103b9bf233e9741392,Carolina Panthers @ Atlanta Falcons,Darren Waller,draftkings,DraftKings,receptions,Receptions,over,1.5,-191,3.9211319772,0.5789473684,0.0,0.6563573883,0.6203968223,0.6221740477,1.5,3,-774.100198951,-11.7938826123,Calibration fitted; not prospectively validated,2026-09-20T13:52:59Z,2026-09-20T17:00:00Z,Sun 1:00 PM ET,Atlanta Falcons,Carolina Panthers,5a4f3bf,2026_02_CAR_ATL,3.0,graded,win,0.5235602094240838,0.5235602094240838
aee7eae1849ebb103b9bf233e9741392,Carolina Panthers @ Atlanta Falcons,Darren Waller,bovada,Bovada,receptions,Receptions,under,1.5,150,3.9211319772,0.4210526316,0.0,0.4,0.375,0.3778259523,1.5,3,210.5263157895,5.2631578947,Calibration fitted; not prospectively validated,2026-09-20T13:51:35Z,2026-09-20T17:00:00Z,Sun 1:00 PM ET,Atlanta Falcons,Carolina Panthers,5a4f3bf,2026_02_CAR_ATL,3.0,graded,loss,-1.0,1.5
aee7eae1849ebb103b9bf233e9741392,Carolina Panthers @ Atlanta Falcons,Darren Waller,draftkings,DraftKings,recv_yds,Receiving yards,over,17.5,-108,43.7004453859,0.5014367816,0.0,0.5192307692,0.4915711396,0.490724841,17.5,4,-177.9398762157,-3.4269902086,Calibration fitted; not prospectively validated,2026-09-20T13:52:59Z,2026-09-20T17:00:00Z,Sun 1:00 PM ET,Atlanta Falcons,Carolina Panthers,5a4f3bf,2026_02_CAR_ATL,33.0,graded,win,0.9259259259259259,0.9259259259259259
aee7eae1849ebb103b9bf233e9741392,Carolina Panthers @ Atlanta Falcons,Darren Waller,betmgm,BetMGM,recv_yds,Receiving yards,under,17.5,-110,43.7004453859,0.4985632184,0.0,0.5238095238,0.4898785425,0.509275159,17.5,4,-252.4630541872,-4.8197492163,Calibration fitted; not prospectively validated,2026-09-20T13:52:45Z,2026-09-20T17:00:00Z,Sun 1:00 PM ET,Atlanta Falcons,Carolina Panthers,5a4f3bf,2026_02_CAR_ATL,33.0,graded,loss,-1.0,0.9090909090909091
aee7eae1849ebb103b9bf233e9741392,Carolina Panthers @ Atlanta Falcons,Drake London,draftkings,DraftKings,receptions,Receptions,over,4.5,-121,3.1679946513,0.4524271845,0.0,0.5475113122,0.5166631952,0.5256105556,4.5,5,-950.8412775118,-17.3666051512,Calibration fitted; not prospectively validated,2026-09-20T13:52:59Z,2026-09-20T17:00:00Z,Sun 1:00 PM ET,Atlanta Falcons,Carolina Panthers,5a4f3bf,2026_02_CAR_ATL,4.0,graded,loss,-1.0,0.8264462809917356
aee7eae1849ebb103b9bf233e9741392,Carolina Panthers @ Atlanta Falcons,Drake London,betmgm,BetMGM,receptions,Receptions,under,4.5,100,3.1679946513,0.5475728155,0.0,0.5,0.4653465347,0.4743894444,4.5,5,475.7281553398,9.5145631068,Calibration fitted; not prospectively validated,2026-09-20T13:52:45Z,2026-09-20T17:00:00Z,Sun 1:00 PM ET,Atlanta Falcons,Carolina Panthers,5a4f3bf,2026_02_CAR_ATL,4.0,graded,win,1.0,1.0
aee7eae1849ebb103b9bf233e9741392,Carolina Panthers @ Atlanta Falcons,Drake London,draftkings,DraftKings,recv_yds,Receiving yards,over,57.5,-111,42.1247507482,0.4985632184,0.0,0.5260663507,0.4978941162,0.5,57.0,3,-275.031323201,-5.2280729005,Calibration fitted; not prospectively validated,2026-09-20T13:52:59Z,2026-09-20T17:00:00Z,Sun 1:00 PM ET,Atlanta Falcons,Carolina Panthers,5a4f3bf,2026_02_CAR_ATL,51.0,graded,loss,-1.0,0.9009009009009009
aee7eae1849ebb103b9bf233e9741392,Carolina Panthers @ Atlanta Falcons,Drake London,draftkings,DraftKings,recv_yds,Receiving yards,under,57.5,-113,42.1247507482,0.5014367816,0.0,0.5305164319,0.5021058838,0.5,57.0,3,-290.7965031569,-5.4813854135,Calibration fitted; not prospectively validated,2026-09-20T13:52:59Z,2026-09-20T17:00:00Z,Sun 1:00 PM ET,Atlanta Falcons,Carolina Panthers,5a4f3bf,2026_02_CAR_ATL,51.0,graded,win,0.8849557522123894,0.8849557522123894
aee7eae1849ebb103b9bf233e9741392,Carolina Panthers @ Atlanta Falcons,Jahan Dotson,betmgm,BetMGM,receptions,Receptions,over,1.5,-125,1.7924300104,0.5420560748,0.0,0.5555555556,0.5203045685,0.5407914021,1.5,5,-134.994807892,-2.4299065421,Calibration fitted; not prospectively validated,2026-09-20T13:52:45Z,2026-09-20T17:00:00Z,Sun 1:00 PM ET,Atlanta Falcons,Carolina Panthers,5a4f3bf,2026_02_CAR_ATL,2.0,graded,win,0.8,0.8
aee7eae1849ebb103b9bf233e9741392,Carolina Panthers @ Atlanta Falcons,Jahan Dotson,betonlineag,BetOnline.ag,receptions,Receptions,under,1.5,116,1.7924300104,0.4579439252,0.0,0.462962963,0.4342431762,0.4592085979,1.5,5,-50.1903772932,-1.0841121495,Calibration fitted; not prospectively validated,2026-09-20T13:53:20Z,2026-09-20T17:00:00Z,Sun 1:00 PM ET,Atlanta Falcons,Carolina Panthers,5a4f3bf,2026_02_CAR_ATL,2.0,graded,loss,-1.0,1.16
aee7eae1849ebb103b9bf233e9741392,Carolina Panthers @ Atlanta Falcons,Jahan Dotson,fanduel,FanDuel,recv_yds,Receiving yards,over,17.5,-113,26.0283632253,0.5010141988,0.0,0.5305164319,0.5,0.5025798729,17.5,2,-295.0223314192,-5.5610404064,Calibration fitted; not prospectively validated,2026-09-20T13:52:58Z,2026-09-20T17:00:00Z,Sun 1:00 PM ET,Atlanta Falcons,Carolina Panthers,5a4f3bf,2026_02_CAR_ATL,11.0,graded,loss,-1.0,0.8849557522123894
aee7eae1849ebb103b9bf233e9741392,Carolina Panthers @ Atlanta Falcons,Jahan Dotson,betonlineag,BetOnline.ag,recv_yds,Receiving yards,under,17.5,-111,26.0283632253,0.4989858012,0.0,0.5260663507,0.4948402543,0.4974201271,17.5,2,-270.8054949386,-5.147744093,Calibration fitted; not prospectively validated,2026-09-20T13:53:20Z,2026-09-20T17:00:00Z,Sun 1:00 PM ET,Atlanta Falcons,Carolina Panthers,5a4f3bf,2026_02_CAR_ATL,11.0,graded,win,0.9009009009009009,0.9009009009009009
aee7eae1849ebb103b9bf233e9741392,Carolina Panthers @ Atlanta Falcons,Jalen Coker,betmgm,BetMGM,receptions,Receptions,over,4.5,105,4.4871760294,0.5,0.0,0.487804878,0.4554079696,0.4808467742,4.5,5,121.9512195122,2.5,Calibration fitted; not prospectively validated,2026-09-20T13:52:45Z,2026-09-20T17:00:00Z,Sun 1:00 PM ET,Atlanta Falcons,Carolina Panthers,5a4f3bf,2026_02_CAR_ATL,8.0,graded,win,1.05,1.05
aee7eae1849ebb103b9bf233e9741392,Carolina Panthers @ Atlanta Falcons,Jalen Coker,draftkings,DraftKings,receptions,Receptions,under,4.5,-122,4.4871760294,0.5,0.0,0.5495495495,0.5187593797,0.5191532258,4.5,5,-495.4954954955,-9.0163934426,Calibration fitted; not prospectively validated,2026-09-20T13:52:59Z,2026-09-20T17:00:00Z,Sun 1:00 PM ET,Atlanta Falcons,Carolina Panthers,5a4f3bf,2026_02_CAR_ATL,8.0,graded,loss,-1.0,0.819672131147541
aee7eae1849ebb103b9bf233e9741392,Carolina Panthers @ Atlanta Falcons,Jalen Coker,fanduel,FanDuel,recv_yds,Receiving yards,over,50.5,-113,59.4839286762,0.5,0.0,0.5305164319,0.5,0.5050233081,50.0,3,-305.1643192488,-5.7522123894,Calibration fitted; not prospectively validated,2026-09-20T13:52:58Z,2026-09-20T17:00:00Z,Sun 1:00 PM ET,Atlanta Falcons,Carolina Panthers,5a4f3bf,2026_02_CAR_ATL,66.0,graded,win,0.8849557522123894,0.8849557522123894
aee7eae1849ebb103b9bf233e9741392,Carolina Panthers @ Atlanta Falcons,Jalen Coker,betonlineag,BetOnline.ag,recv_yds,Receiving yards,under,50.5,-111,59.4839286762,0.5,0.0,0.5260663507,0.4948402543,0.4949766919,50.0,3,-260.663507109,-4.954954955,Calibration fitted; not prospectively validated,2026-09-20T13:53:20Z,2026-09-20T17:00:00Z,Sun 1:00 PM ET,Atlanta Falcons,Carolina Panthers,5a4f3bf,2026_02_CAR_ATL,66.0,graded,loss,-1.0,0.9009009009009009
aee7eae1849ebb103b9bf233e9741392,Carolina Panthers @ Atlanta Falcons,Jonathon Brooks,draftkings,DraftKings,receptions,Receptions,over,1.5,163,0.9601777031,0.4524271845,0.0,0.3802281369,0.359503653,0.3675598767,1.5,5,721.9904758389,18.9883495146,Calibration fitted; not prospectively validated,2026-09-20T13:52:59Z,2026-09-20T17:00:00Z,Sun 1:00 PM ET,Atlanta Falcons,Carolina Panthers,5a4f3bf,2026_02_CAR_ATL,1.0,graded,loss,-1.0,1.63
aee7eae1849ebb103b9bf233e9741392,Carolina Panthers @ Atlanta Falcons,Jonathon Brooks,betmgm,BetMGM,receptions,Receptions,under,1.5,-175,0.9601777031,0.5475728155,0.0,0.6363636364,0.594095941,0.6324401233,1.5,5,-887.9082082966,-13.9528432732,Calibration fitted; not prospectively validated,2026-09-20T13:52:45Z,2026-09-20T17:00:00Z,Sun 1:00 PM ET,Atlanta Falcons,Carolina Panthers,5a4f3bf,2026_02_CAR_ATL,1.0,graded,win,0.5714285714285714,0.5714285714285714
aee7eae1849ebb103b9bf233e9741392,Carolina Panthers @ Atlanta Falcons,Jonathon Brooks,fanduel,FanDuel,recv_yds,Receiving yards,over,8.5,-113,14.3914585597,0.5010141988,0.0,0.5305164319,0.5,0.50210615,8.5,4,-295.0223314192,-5.5610404064,Calibration fitted; not prospectively validated,2026-09-20T13:52:58Z,2026-09-20T17:00:00Z,Sun 1:00 PM ET,Atlanta Falcons,Carolina Panthers,5a4f3bf,2026_02_CAR_ATL,-5.0,graded,loss,-1.0,0.8849557522123894
aee7eae1849ebb103b9bf233e9741392,Carolina Panthers @ Atlanta Falcons,Jonathon Brooks,draftkings,DraftKings,recv_yds,Receiving yards,under,8.5,-110,14.3914585597,0.4989858012,0.0,0.5238095238,0.4957877001,0.49789385,8.5,4,-248.2372259249,-4.7390743131,Calibration fitted; not prospectively validated,2026-09-20T13:52:59Z,2026-09-20T17:00:00Z,Sun 1:00 PM ET,Atlanta Falcons,Carolina Panthers,5a4f3bf,2026_02_CAR_ATL,-5.0,graded,win,0.9090909090909091,0.9090909090909091
aee7eae1849ebb103b9bf233e9741392,Carolina Panthers @ Atlanta Falcons,Jonathon Brooks,betonlineag,BetOnline.ag,rush_attempts,Rushing attempts,over,6.5,-105,5.9253394668,0.5,0.0,0.512195122,0.4814929056,0.4824148552,6.5,2,-121.9512195122,-2.380952381,Calibration fitted; not prospectively validated,2026-09-20T13:53:20Z,2026-09-20T17:00:00Z,Sun 1:00 PM ET,Atlanta Falcons,Carolina Panthers,5a4f3bf,2026_02_CAR_ATL,5.0,graded,loss,-1.0,0.9523809523809523
aee7eae1849ebb103b9bf233e9741392,Carolina Panthers @ Atlanta Falcons,Jonathon Brooks,draftkings,DraftKings,rush_attempts,Rushing attempts,under,6.5,-121,5.9253394668,0.506993007,0.0,0.5475113122,0.5166631952,0.5175851448,6.5,2,-405.1830522419,-7.4004507889,Calibration fitted; not prospectively validated,2026-09-20T13:52:59Z,2026-09-20T17:00:00Z,Sun 1:00 PM ET,Atlanta Falcons,Carolina Panthers,5a4f3bf,2026_02_CAR_ATL,5.0,graded,win,0.8264462809917356,0.8264462809917356
aee7eae1849ebb103b9bf233e9741392,Carolina Panthers @ Atlanta Falcons,Jonathon Brooks,betrivers,BetRivers,rush_yds,Rushing yards,over,21.5,-110,22.206288822,0.5,0.0,0.5238095238,0.4889380531,0.5,22.0,3,-238.0952380952,-4.5454545455,Calibration fitted; not prospectively validated,2026-09-20T13:52:51Z,2026-09-20T17:00:00Z,Sun 1:00 PM ET,Atlanta Falcons,Carolina Panthers,5a4f3bf,2026_02_CAR_ATL,16.0,graded,loss,-1.0,0.9090909090909091
aee7eae1849ebb103b9bf233e9741392,Carolina Panthers @ Atlanta Falcons,Jonathon Brooks,betmgm,BetMGM,rush_yds,Rushing yards,under,21.5,-111,22.206288822,0.5,0.0,0.5260663507,0.4909529554,0.5,22.0,3,-260.663507109,-4.954954955,Calibration fitted; not prospectively validated,2026-09-20T13:52:45Z,2026-09-20T17:00:00Z,Sun 1:00 PM ET,Atlanta Falcons,Carolina Panthers,5a4f3bf,2026_02_CAR_ATL,16.0,graded,win,0.9009009009009009,0.9009009009009009
aee7eae1849ebb103b9bf233e9741392,Carolina Panthers @ Atlanta Falcons,Kyle Pitts,betrivers,BetRivers,receptions,Receptions,over,3.5,114,2.1116918794,0.4210526316,0.0,0.4672897196,,0.4592085979,3.5,5,-462.3708804722,-9.8947368421,Calibration fitted; not prospectively validated,2026-09-20T13:52:51Z,2026-09-20T17:00:00Z,Sun 1:00 PM ET,Atlanta Falcons,Carolina Panthers,5a4f3bf,2026_02_CAR_ATL,1.0,graded,loss,-1.0,1.14
aee7eae1849ebb103b9bf233e9741392,Carolina Panthers @ Atlanta Falcons,Kyle Pitts,bovada,Bovada,receptions,Receptions,under,3.5,-130,2.1116918794,0.5789473684,0.0,0.5652173913,0.5306122449,0.5407914021,3.5,5,137.299771167,2.4291497976,Calibration fitted; not prospectively validated,2026-09-20T13:51:35Z,2026-09-20T17:00:00Z,Sun 1:00 PM ET,Atlanta Falcons,Carolina Panthers,5a4f3bf,2026_02_CAR_ATL,1.0,graded,win,0.7692307692307693,0.7692307692307693
aee7eae1849ebb103b9bf233e9741392,Carolina Panthers @ Atlanta Falcons,Kyle Pitts,draftkings,DraftKings,recv_yds,Receiving yards,over,31.5,-112,24.9878802745,0.4989858012,0.0,0.5283018868,0.5,0.5,31.5,4,-293.1608557541,-5.5491161982,Calibration fitted; not prospectively validated,2026-09-20T13:52:59Z,2026-09-20T17:00:00Z,Sun 1:00 PM ET,Atlanta Falcons,Carolina Panthers,5a4f3bf,2026_02_CAR_ATL,15.0,graded,loss,-1.0,0.8928571428571429
aee7eae1849ebb103b9bf233e9741392,Carolina Panthers @ Atlanta Falcons,Kyle Pitts,draftkings,DraftKings,recv_yds,Receiving yards,under,31.5,-112,24.9878802745,0.5010141988,0.0,0.5283018868,0.5,0.5,31.5,4,-272.8768800949,-5.1651695161,Calibration fitted; not prospectively validated,2026-09-20T13:52:59Z,2026-09-20T17:00:00Z,Sun 1:00 PM ET,Atlanta Falcons,Carolina Panthers,5a4f3bf,2026_02_CAR_ATL,15.0,graded,win,0.8928571428571429,0.8928571428571429
aee7eae1849ebb103b9bf233e9741392,Carolina Panthers @ Atlanta Falcons,Olamide Zaccheaus,bovada,Bovada,receptions,Receptions,over,1.5,130,3.1822655561,0.5475728155,0.0,0.4347826087,0.4084720121,0.4255929117,1.5,4,1127.9020683833,25.9417475728,Calibration fitted; not prospectively validated,2026-09-20T13:51:35Z,2026-09-20T17:00:00Z,Sun 1:00 PM ET,Atlanta Falcons,Carolina Panthers,5a4f3bf,2026_02_CAR_ATL,1.0,graded,loss,-1.0,1.3
aee7eae1849ebb103b9bf233e9741392,Carolina Panthers @ Atlanta Falcons,Olamide Zaccheaus,fanduel,FanDuel,receptions,Receptions,under,1.5,-138,3.1822655561,0.4524271845,0.0,0.5798319328,0.5418848168,0.5744070883,1.5,4,-1274.0474830709,-21.9727029689,Calibration fitted; not prospectively validated,2026-09-20T13:52:58Z,2026-09-20T17:00:00Z,Sun 1:00 PM ET,Atlanta Falcons,Carolina Panthers,5a4f3bf,2026_02_CAR_ATL,1.0,graded,win,0.7246376811594203,0.7246376811594203
aee7eae1849ebb103b9bf233e9741392,Carolina Panthers @ Atlanta Falcons,Olamide Zaccheaus,fanduel,FanDuel,recv_yds,Receiving yards,over,8.5,-113,33.5983050559,0.5163043478,0.0,0.5305164319,0.5,0.5051597457,8.5,5,-142.120840988,-2.6789149673,Calibration fitted; not prospectively validated,2026-09-20T13:52:58Z,2026-09-20T17:00:00Z,Sun 1:00 PM ET,Atlanta Falcons,Carolina Panthers,5a4f3bf,2026_02_CAR_ATL,3.0,graded,loss,-1.0,0.8849557522123894
aee7eae1849ebb103b9bf233e9741392,Carolina Panthers @ Atlanta Falcons,Olamide Zaccheaus,draftkings,DraftKings,recv_yds,Receiving yards,under,8.5,-108,33.5983050559,0.4836956522,0.0,0.5192307692,0.4915711396,0.4948402543,8.5,5,-355.3511705686,-6.8438003221,Calibration fitted; not prospectively validated,2026-09-20T13:52:59Z,2026-09-20T17:00:00Z,Sun 1:00 PM ET,Atlanta Falcons,Carolina Panthers,5a4f3bf,2026_02_CAR_ATL,3.0,graded,win,0.9259259259259259,0.9259259259259259
aee7eae1849ebb103b9bf233e9741392,Carolina Panthers @ Atlanta Falcons,Tetairoa McMillan,betonlineag,BetOnline.ag,receptions,Receptions,over,4.5,-102,3.440309125,0.4524271845,0.0,0.504950495,0.4743894444,0.4928711097,4.5,5,-525.2331058349,-10.4016752332,Calibration fitted; not prospectively validated,2026-09-20T13:53:20Z,2026-09-20T17:00:00Z,Sun 1:00 PM ET,Atlanta Falcons,Carolina Panthers,5a4f3bf,2026_02_CAR_ATL,5.0,graded,win,0.9803921568627451,0.9803921568627451
aee7eae1849ebb103b9bf233e9741392,Carolina Panthers @ Atlanta Falcons,Tetairoa McMillan,draftkings,DraftKings,receptions,Receptions,under,4.5,-114,3.440309125,0.5475728155,0.0,0.5327102804,0.5031375502,0.5071288903,4.5,5,148.6253516015,2.7899846704,Calibration fitted; not prospectively validated,2026-09-20T13:52:59Z,2026-09-20T17:00:00Z,Sun 1:00 PM ET,Atlanta Falcons,Carolina Panthers,5a4f3bf,2026_02_CAR_ATL,5.0,graded,loss,-1.0,0.8771929824561403
aee7eae1849ebb103b9bf233e9741392,Carolina Panthers @ Atlanta Falcons,Tetairoa McMillan,betonlineag,BetOnline.ag,recv_yds,Receiving yards,over,58.5,-112,45.9830253127,0.4989858012,0.0,0.5283018868,0.4969046636,0.5,58.5,5,-293.1608557541,-5.5491161982,Calibration fitted; not prospectively validated,2026-09-20T13:53:20Z,2026-09-20T17:00:00Z,Sun 1:00 PM ET,Atlanta Falcons,Carolina Panthers,5a4f3bf,2026_02_CAR_ATL,101.0,graded,win,0.8928571428571429,0.8928571428571429
aee7eae1849ebb103b9bf233e9741392,Carolina Panthers @ Atlanta Falcons,Tetairoa McMillan,draftkings,DraftKings,recv_yds,Receiving yards,under,58.5,-112,45.9830253127,0.5010141988,0.0,0.5283018868,0.5,0.5,58.5,5,-272.8768800949,-5.1651695161,Calibration fitted; not prospectively validated,2026-09-20T13:52:59Z,2026-09-20T17:00:00Z,Sun 1:00 PM ET,Atlanta Falcons,Carolina Panthers,5a4f3bf,2026_02_CAR_ATL,101.0,graded,loss,-1.0,0.8928571428571429
aee7eae1849ebb103b9bf233e9741392,Carolina Panthers @ Atlanta Falcons,Tommy Tremble,draftkings,DraftKings,receptions,Receptions,over,1.5,-111,1.8380129839,0.5475728155,0.0,0.5260663507,0.4968624498,0.5306122449,1.5,5,215.0646482308,4.0881658357,Calibration fitted; not prospectively validated,2026-09-20T13:52:59Z,2026-09-20T17:00:00Z,Sun 1:00 PM ET,Atlanta Falcons,Carolina Panthers,5a4f3bf,2026_02_CAR_ATL,1.0,graded,loss,-1.0,0.9009009009009009
aee7eae1849ebb103b9bf233e9741392,Carolina Panthers @ Atlanta Falcons,Tommy Tremble,betmgm,BetMGM,receptions,Receptions,under,1.5,105,1.8380129839,0.4524271845,0.0,0.487804878,0.4554079696,0.4693877551,1.5,5,-353.7769358276,-7.2524271845,Calibration fitted; not prospectively validated,2026-09-20T13:52:45Z,2026-09-20T17:00:00Z,Sun 1:00 PM ET,Atlanta Falcons,Carolina Panthers,5a4f3bf,2026_02_CAR_ATL,1.0,graded,win,1.05,1.05
aee7eae1849ebb103b9bf233e9741392,Carolina Panthers @ Atlanta Falcons,Tommy Tremble,fanduel,FanDuel,recv_yds,Receiving yards,over,13.5,-113,16.3124258106,0.5,0.0,0.5305164319,0.5,0.509275159,13.5,4,-305.1643192488,-5.7522123894,Calibration fitted; not prospectively validated,2026-09-20T13:52:58Z,2026-09-20T17:00:00Z,Sun 1:00 PM ET,Atlanta Falcons,Carolina Panthers,5a4f3bf,2026_02_CAR_ATL,4.0,graded,loss,-1.0,0.8849557522123894
aee7eae1849ebb103b9bf233e9741392,Carolina Panthers @ Atlanta Falcons,Tommy Tremble,draftkings,DraftKings,recv_yds,Receiving yards,under,13.5,-108,16.3124258106,0.5,0.0,0.5192307692,0.4915711396,0.490724841,13.5,4,-192.3076923077,-3.7037037037,Calibration fitted; not prospectively validated,2026-09-20T13:52:59Z,2026-09-20T17:00:00Z,Sun 1:00 PM ET,Atlanta Falcons,Carolina Panthers,5a4f3bf,2026_02_CAR_ATL,4.0,graded,win,0.9259259259259259,0.9259259259259259
aee7eae1849ebb103b9bf233e9741392,Carolina Panthers @ Atlanta Falcons,Xavier Legette,betonlineag,BetOnline.ag,receptions,Receptions,over,1.5,100,1.9194897145,0.5475728155,0.0,0.5,0.4693877551,0.4870202691,1.5,4,475.7281553398,9.5145631068,Calibration fitted; not prospectively validated,2026-09-20T13:53:20Z,2026-09-20T17:00:00Z,Sun 1:00 PM ET,Atlanta Falcons,Carolina Panthers,5a4f3bf,2026_02_CAR_ATL,2.0,graded,win,1.0,1.0
aee7eae1849ebb103b9bf233e9741392,Carolina Panthers @ Atlanta Falcons,Xavier Legette,fanduel,FanDuel,receptions,Receptions,under,1.5,-112,1.9194897145,0.4524271845,0.0,0.5283018868,0.4939310568,0.5129797309,1.5,4,-758.7470232643,-14.3619972261,Calibration fitted; not prospectively validated,2026-09-20T13:52:58Z,2026-09-20T17:00:00Z,Sun 1:00 PM ET,Atlanta Falcons,Carolina Panthers,5a4f3bf,2026_02_CAR_ATL,2.0,graded,loss,-1.0,0.8928571428571429
aee7eae1849ebb103b9bf233e9741392,Carolina Panthers @ Atlanta Falcons,Xavier Legette,draftkings,DraftKings,recv_yds,Receiving yards,over,15.5,-114,21.2711652654,0.5010141988,0.0,0.5327102804,0.5042122999,0.50210615,15.5,2,-316.9608159087,-5.9499661934,Calibration fitted; not prospectively validated,2026-09-20T13:52:59Z,2026-09-20T17:00:00Z,Sun 1:00 PM ET,Atlanta Falcons,Carolina Panthers,5a4f3bf,2026_02_CAR_ATL,64.0,graded,win,0.8771929824561403,0.8771929824561403
aee7eae1849ebb103b9bf233e9741392,Carolina Panthers @ Atlanta Falcons,Xavier Legette,draftkings,DraftKings,recv_yds,Receiving yards,under,15.5,-110,21.2711652654,0.4989858012,0.0,0.5238095238,0.4957877001,0.49789385,15.5,2,-248.2372259249,-4.7390743131,Calibration fitted; not prospectively validated,2026-09-20T13:52:59Z,2026-09-20T17:00:00Z,Sun 1:00 PM ET,Atlanta Falcons,Carolina Panthers,5a4f3bf,2026_02_CAR_ATL,64.0,graded,loss,-1.0,0.9090909090909091
fafc649c455e32a0f2ba1bd06e2039bc,Philadelphia Eagles @ Tennessee Titans,Calvin Ridley,draftkings,DraftKings,receptions,Receptions,over,1.5,-121,3.6905658605,0.5789473684,0.0,0.5475113122,0.5166631952,0.5203045685,1.5,5,314.3605620386,5.7416267943,Calibration fitted; not prospectively validated,2026-09-20T13:52:24Z,2026-09-20T17:00:00Z,Sun 1:00 PM ET,Tennessee Titans,Philadelphia Eagles,5a4f3bf,2026_02_PHI_TEN,2.0,graded,win,0.8264462809917356,0.8264462809917356
fafc649c455e32a0f2ba1bd06e2039bc,Philadelphia Eagles @ Tennessee Titans,Calvin Ridley,betmgm,BetMGM,receptions,Receptions,under,1.5,100,3.6905658605,0.4210526316,0.0,0.5,0.4653465347,0.4796954315,1.5,5,-789.4736842105,-15.7894736842,Calibration fitted; not prospectively validated,2026-09-20T13:52:32Z,2026-09-20T17:00:00Z,Sun 1:00 PM ET,Tennessee Titans,Philadelphia Eagles,5a4f3bf,2026_02_PHI_TEN,2.0,graded,loss,-1.0,1.0
fafc649c455e32a0f2ba1bd06e2039bc,Philadelphia Eagles @ Tennessee Titans,Calvin Ridley,draftkings,DraftKings,recv_yds,Receiving yards,over,16.5,-116,53.5734090329,0.5163043478,0.0,0.537037037,0.5084288604,0.5101214575,17.0,3,-207.3268921095,-3.8605697151,Calibration fitted; not prospectively validated,2026-09-20T13:52:24Z,2026-09-20T17:00:00Z,Sun 1:00 PM ET,Tennessee Titans,Philadelphia Eagles,5a4f3bf,2026_02_PHI_TEN,35.0,graded,win,0.8620689655172413,0.8620689655172413
fafc649c455e32a0f2ba1bd06e2039bc,Philadelphia Eagles @ Tennessee Titans,Calvin Ridley,draftkings,DraftKings,recv_yds,Receiving yards,under,16.5,-108,53.5734090329,0.4836956522,0.0,0.5192307692,0.4915711396,0.4898785425,17.0,3,-355.3511705686,-6.8438003221,Calibration fitted; not prospectively validated,2026-09-20T13:52:24Z,2026-09-20T17:00:00Z,Sun 1:00 PM ET,Tennessee Titans,Philadelphia Eagles,5a4f3bf,2026_02_PHI_TEN,35.0,graded,loss,-1.0,0.9259259259259259
fafc649c455e32a0f2ba1bd06e2039bc,Philadelphia Eagles @ Tennessee Titans,Cam Ward,betmgm,BetMGM,interceptions,Interceptions thrown,over,0.5,-115,,,,0.5348837209,0.5,0.506234414,0.5,5,,,Insufficient player data,2026-09-20T13:52:32Z,2026-09-20T17:00:00Z,Sun 1:00 PM ET,Tennessee Titans,Philadelphia Eagles,5a4f3bf,2026_02_PHI_TEN,0.0,graded,loss,-1.0,0.8695652173913043
fafc649c455e32a0f2ba1bd06e2039bc,Philadelphia Eagles @ Tennessee Titans,Cam Ward,betrivers,BetRivers,interceptions,Interceptions thrown,under,0.5,108,,,,0.4807692308,0.4496336319,0.493765586,0.5,5,,,Insufficient player data,2026-09-20T13:52:50Z,2026-09-20T17:00:00Z,Sun 1:00 PM ET,Tennessee Titans,Philadelphia Eagles,5a4f3bf,2026_02_PHI_TEN,0.0,graded,win,1.08,1.08
fafc649c455e32a0f2ba1bd06e2039bc,Philadelphia Eagles @ Tennessee Titans,Cam Ward,fanatics,Fanatics,pass_attempts,Passing attempts,over,32.5,-105,29.2508578503,0.4375,0.0,0.512195122,0.4796954315,0.4896023956,32.5,5,-746.9512195122,-14.5833333333,Calibration fitted; not prospectively validated,2026-09-20T13:53:02Z,2026-09-20T17:00:00Z,Sun 1:00 PM ET,Tennessee Titans,Philadelphia Eagles,5a4f3bf,2026_02_PHI_TEN,20.0,graded,loss,-1.0,0.9523809523809523
fafc649c455e32a0f2ba1bd06e2039bc,Philadelphia Eagles @ Tennessee Titans,Cam Ward,betmgm,BetMGM,pass_attempts,Passing attempts,under,32.5,-115,29.2508578503,0.5625,0.0,0.5348837209,0.5,0.5103976044,32.5,5,276.1627906977,5.1630434783,Calibration fitted; not prospectively validated,2026-09-20T13:52:32Z,2026-09-20T17:00:00Z,Sun 1:00 PM ET,Tennessee Titans,Philadelphia Eagles,5a4f3bf,2026_02_PHI_TEN,20.0,graded,win,0.8695652173913043,0.8695652173913043
fafc649c455e32a0f2ba1bd06e2039bc,Philadelphia Eagles @ Tennessee Titans,Cam Ward,draftkings,DraftKings,pass_completions,Passing completions,over,18.5,-121,17.3676968486,0.5,0.0,0.5475113122,0.5166631952,0.5185070944,18.5,3,-475.1131221719,-8.6776859504,Calibration fitted; not prospectively validated,2026-09-20T13:52:24Z,2026-09-20T17:00:00Z,Sun 1:00 PM ET,Tennessee Titans,Philadelphia Eagles,5a4f3bf,2026_02_PHI_TEN,13.0,graded,loss,-1.0,0.8264462809917356
fafc649c455e32a0f2ba1bd06e2039bc,Philadelphia Eagles @ Tennessee Titans,Cam Ward,betonlineag,BetOnline.ag,pass_completions,Passing completions,under,18.5,-105,17.3676968486,0.5,0.0,0.512195122,0.4814929056,0.4814929056,18.5,3,-121.9512195122,-2.380952381,Calibration fitted; not prospectively validated,2026-09-20T13:53:08Z,2026-09-20T17:00:00Z,Sun 1:00 PM ET,Tennessee Titans,Philadelphia Eagles,5a4f3bf,2026_02_PHI_TEN,13.0,graded,win,0.9523809523809523,0.9523809523809523
fafc649c455e32a0f2ba1bd06e2039bc,Philadelphia Eagles @ Tennessee Titans,Cam Ward,betrivers,BetRivers,pass_tds,Passing touchdowns,over,0.5,-175,1.06,0.5,0.0,0.6363636364,0.5919881306,0.6234096692,0.5,7,-1363.6363636364,-21.4285714286,Calibration fitted; not prospectively validated,2026-09-20T13:52:50Z,2026-09-20T17:00:00Z,Sun 1:00 PM ET,Tennessee Titans,Philadelphia Eagles,5a4f3bf,2026_02_PHI_TEN,0.0,graded,loss,-1.0,0.5714285714285714
fafc649c455e32a0f2ba1bd06e2039bc,Philadelphia Eagles @ Tennessee Titans,Cam Ward,draftkings,DraftKings,pass_tds,Passing touchdowns,under,0.5,153,1.06,0.5,0.0,0.395256917,0.3733923385,0.3765903308,0.5,7,1047.4308300395,26.5,Calibration fitted; not prospectively validated,2026-09-20T13:52:24Z,2026-09-20T17:00:00Z,Sun 1:00 PM ET,Tennessee Titans,Philadelphia Eagles,5a4f3bf,2026_02_PHI_TEN,0.0,graded,win,1.53,1.53
fafc649c455e32a0f2ba1bd06e2039bc,Philadelphia Eagles @ Tennessee Titans,Cam Ward,draftkings,DraftKings,pass_yds,Passing yards,over,187.5,-111,185.6417638664,0.5,0.0,0.5260663507,0.4978941162,0.5,186.5,3,-260.663507109,-4.954954955,Calibration fitted; not prospectively validated,2026-09-20T13:52:24Z,2026-09-20T17:00:00Z,Sun 1:00 PM ET,Tennessee Titans,Philadelphia Eagles,5a4f3bf,2026_02_PHI_TEN,183.0,graded,loss,-1.0,0.9009009009009009
fafc649c455e32a0f2ba1bd06e2039bc,Philadelphia Eagles @ Tennessee Titans,Cam Ward,draftkings,DraftKings,pass_yds,Passing yards,under,187.5,-113,185.6417638664,0.5,0.0,0.5305164319,0.5021058838,0.5,186.5,3,-305.1643192488,-5.7522123894,Calibration fitted; not prospectively validated,2026-09-20T13:52:24Z,2026-09-20T17:00:00Z,Sun 1:00 PM ET,Tennessee Titans,Philadelphia Eagles,5a4f3bf,2026_02_PHI_TEN,183.0,graded,win,0.8849557522123894,0.8849557522123894
fafc649c455e32a0f2ba1bd06e2039bc,Philadelphia Eagles @ Tennessee Titans,Cam Ward,fanduel,FanDuel,rush_yds,Rushing yards,over,11.5,-113,27.0498533972,0.5647668394,0.0,0.5305164319,0.5,0.5015067502,11.5,6,342.5040745336,6.4560502545,Calibration fitted; not prospectively validated,2026-09-20T13:53:05Z,2026-09-20T17:00:00Z,Sun 1:00 PM ET,Tennessee Titans,Philadelphia Eagles,5a4f3bf,2026_02_PHI_TEN,7.0,graded,loss,-1.0,0.8849557522123894
fafc649c455e32a0f2ba1bd06e2039bc,Philadelphia Eagles @ Tennessee Titans,Cam Ward,draftkings,DraftKings,rush_yds,Rushing yards,under,11.5,-110,27.0498533972,0.4352331606,0.0,0.5238095238,0.4957877001,0.4984932498,11.5,6,-885.7636318776,-16.9100329722,Calibration fitted; not prospectively validated,2026-09-20T13:52:24Z,2026-09-20T17:00:00Z,Sun 1:00 PM ET,Tennessee Titans,Philadelphia Eagles,5a4f3bf,2026_02_PHI_TEN,7.0,graded,win,0.9090909090909091,0.9090909090909091
fafc649c455e32a0f2ba1bd06e2039bc,Philadelphia Eagles @ Tennessee Titans,Carnell Tate,betmgm,BetMGM,receptions,Receptions,over,3.5,-115,3.1025289863,0.4579439252,0.0,0.5348837209,0.5,0.5282858533,3.5,6,-769.3979569659,-14.3843965868,Calibration fitted; not prospectively validated,2026-09-20T13:52:32Z,2026-09-20T17:00:00Z,Sun 1:00 PM ET,Tennessee Titans,Philadelphia Eagles,5a4f3bf,2026_02_PHI_TEN,3.0,graded,loss,-1.0,0.8695652173913043
fafc649c455e32a0f2ba1bd06e2039bc,Philadelphia Eagles @ Tennessee Titans,Carnell Tate,fanduel,FanDuel,receptions,Receptions,under,3.5,104,3.1025289863,0.5420560748,0.0,0.4901960784,0.4581151832,0.4717141467,3.5,6,518.5999633498,10.5794392523,Calibration fitted; not prospectively validated,2026-09-20T13:53:05Z,2026-09-20T17:00:00Z,Sun 1:00 PM ET,Tennessee Titans,Philadelphia Eagles,5a4f3bf,2026_02_PHI_TEN,3.0,graded,win,1.04,1.04
fafc649c455e32a0f2ba1bd06e2039bc,Philadelphia Eagles @ Tennessee Titans,Carnell Tate,betonlineag,BetOnline.ag,recv_yds,Receiving yards,over,41.5,-112,38.4008673665,0.5,0.0,0.5283018868,0.4969046636,0.4984523318,41.5,2,-283.0188679245,-5.3571428571,Calibration fitted; not prospectively validated,2026-09-20T13:53:08Z,2026-09-20T17:00:00Z,Sun 1:00 PM ET,Tennessee Titans,Philadelphia Eagles,5a4f3bf,2026_02_PHI_TEN,27.0,graded,loss,-1.0,0.8928571428571429
fafc649c455e32a0f2ba1bd06e2039bc,Philadelphia Eagles @ Tennessee Titans,Carnell Tate,fanduel,FanDuel,recv_yds,Receiving yards,under,41.5,-113,38.4008673665,0.5,0.0,0.5305164319,0.5,0.5015476682,41.5,2,-305.1643192488,-5.7522123894,Calibration fitted; not prospectively validated,2026-09-20T13:53:05Z,2026-09-20T17:00:00Z,Sun 1:00 PM ET,Tennessee Titans,Philadelphia Eagles,5a4f3bf,2026_02_PHI_TEN,27.0,graded,win,0.8849557522123894,0.8849557522123894
fafc649c455e32a0f2ba1bd06e2039bc,Philadelphia Eagles @ Tennessee Titans,Dallas Goedert,fanduel,FanDuel,receptions,Receptions,over,3.5,-125,3.7208934599,0.5408805031,0.0,0.5555555556,0.5191532258,0.5306122449,3.5,5,-146.750524109,-2.641509434,Calibration fitted; not prospectively validated,2026-09-20T13:53:05Z,2026-09-20T17:00:00Z,Sun 1:00 PM ET,Tennessee Titans,Philadelphia Eagles,5a4f3bf,2026_02_PHI_TEN,1.0,graded,loss,-1.0,0.8
fafc649c455e32a0f2ba1bd06e2039bc,Philadelphia Eagles @ Tennessee Titans,Dallas Goedert,betmgm,BetMGM,receptions,Receptions,under,3.5,110,3.7208934599,0.4591194969,0.0,0.4761904762,0.4424778761,0.4693877551,3.5,5,-170.7097933513,-3.5849056604,Calibration fitted; not prospectively validated,2026-09-20T13:52:32Z,2026-09-20T17:00:00Z,Sun 1:00 PM ET,Tennessee Titans,Philadelphia Eagles,5a4f3bf,2026_02_PHI_TEN,1.0,graded,win,1.1,1.1
fafc649c455e32a0f2ba1bd06e2039bc,Philadelphia Eagles @ Tennessee Titans,Dallas Goedert,betmgm,BetMGM,recv_yds,Receiving yards,over,39.5,-111,45.6268670934,0.5,0.0,0.5260663507,0.4928711097,0.5,39.0,3,-260.663507109,-4.954954955,Calibration fitted; not prospectively validated,2026-09-20T13:52:32Z,2026-09-20T17:00:00Z,Sun 1:00 PM ET,Tennessee Titans,Philadelphia Eagles,5a4f3bf,2026_02_PHI_TEN,4.0,graded,loss,-1.0,0.9009009009009009
fafc649c455e32a0f2ba1bd06e2039bc,Philadelphia Eagles @ Tennessee Titans,Dallas Goedert,betonlineag,BetOnline.ag,recv_yds,Receiving yards,under,39.5,-114,45.6268670934,0.5,0.0,0.5327102804,0.5,0.5,39.0,3,-327.1028037383,-6.1403508772,Calibration fitted; not prospectively validated,2026-09-20T13:53:08Z,2026-09-20T17:00:00Z,Sun 1:00 PM ET,Tennessee Titans,Philadelphia Eagles,5a4f3bf,2026_02_PHI_TEN,4.0,graded,win,0.8771929824561403,0.8771929824561403
fafc649c455e32a0f2ba1bd06e2039bc,Philadelphia Eagles @ Tennessee Titans,DeVonta Smith,fanduel,FanDuel,receptions,Receptions,over,4.5,-136,2.9083406182,0.4210526316,0.0,0.5762711864,0.5379072682,0.5447441531,4.5,4,-1552.1855486173,-26.9349845201,Calibration fitted; not prospectively validated,2026-09-20T13:53:05Z,2026-09-20T17:00:00Z,Sun 1:00 PM ET,Tennessee Titans,Philadelphia Eagles,5a4f3bf,2026_02_PHI_TEN,10.0,graded,win,0.7352941176470589,0.7352941176470589
fafc649c455e32a0f2ba1bd06e2039bc,Philadelphia Eagles @ Tennessee Titans,DeVonta Smith,bovada,Bovada,receptions,Receptions,under,4.5,110,2.9083406182,0.5789473684,0.0,0.4761904762,0.4458598726,0.4552558469,4.5,4,1027.5689223058,21.5789473684,Calibration fitted; not prospectively validated,2026-09-20T13:51:39Z,2026-09-20T17:00:00Z,Sun 1:00 PM ET,Tennessee Titans,Philadelphia Eagles,5a4f3bf,2026_02_PHI_TEN,10.0,graded,loss,-1.0,1.1
fafc649c455e32a0f2ba1bd06e2039bc,Philadelphia Eagles @ Tennessee Titans,DeVonta Smith,draftkings,DraftKings,recv_yds,Receiving yards,over,59.5,-111,38.6908944817,0.4836956522,0.0,0.5260663507,0.4978941162,0.5,60.0,3,-423.7069853699,-8.0542499021,Calibration fitted; not prospectively validated,2026-09-20T13:52:24Z,2026-09-20T17:00:00Z,Sun 1:00 PM ET,Tennessee Titans,Philadelphia Eagles,5a4f3bf,2026_02_PHI_TEN,117.0,graded,win,0.9009009009009009,0.9009009009009009
fafc649c455e32a0f2ba1bd06e2039bc,Philadelphia Eagles @ Tennessee Titans,DeVonta Smith,draftkings,DraftKings,recv_yds,Receiving yards,under,59.5,-113,38.6908944817,0.5163043478,0.0,0.5305164319,0.5021058838,0.5,60.0,3,-142.120840988,-2.6789149673,Calibration fitted; not prospectively validated,2026-09-20T13:52:24Z,2026-09-20T17:00:00Z,Sun 1:00 PM ET,Tennessee Titans,Philadelphia Eagles,5a4f3bf,2026_02_PHI_TEN,117.0,graded,loss,-1.0,0.8849557522123894
fafc649c455e32a0f2ba1bd06e2039bc,Philadelphia Eagles @ Tennessee Titans,Dontayvion Wicks,fanduel,FanDuel,receptions,Receptions,over,2.5,-118,1.9443045082,0.4524271845,0.0,0.5412844037,0.5060689432,0.5203045685,2.5,5,-888.5721920371,-16.4159947342,Calibration fitted; not prospectively validated,2026-09-20T13:53:05Z,2026-09-20T17:00:00Z,Sun 1:00 PM ET,Tennessee Titans,Philadelphia Eagles,5a4f3bf,2026_02_PHI_TEN,5.0,graded,win,0.847457627118644,0.847457627118644
fafc649c455e32a0f2ba1bd06e2039bc,Philadelphia Eagles @ Tennessee Titans,Dontayvion Wicks,betmgm,BetMGM,receptions,Receptions,under,2.5,100,1.9443045082,0.5475728155,0.0,0.5,0.4653465347,0.4796954315,2.5,5,475.7281553398,9.5145631068,Calibration fitted; not prospectively validated,2026-09-20T13:52:32Z,2026-09-20T17:00:00Z,Sun 1:00 PM ET,Tennessee Titans,Philadelphia Eagles,5a4f3bf,2026_02_PHI_TEN,5.0,graded,loss,-1.0,1.0
fafc649c455e32a0f2ba1bd06e2039bc,Philadelphia Eagles @ Tennessee Titans,Dontayvion Wicks,draftkings,DraftKings,recv_yds,Receiving yards,over,30.5,-110,32.0819976991,0.5,0.0,0.5238095238,0.4957877001,0.49789385,30.5,4,-238.0952380952,-4.5454545455,Calibration fitted; not prospectively validated,2026-09-20T13:52:24Z,2026-09-20T17:00:00Z,Sun 1:00 PM ET,Tennessee Titans,Philadelphia Eagles,5a4f3bf,2026_02_PHI_TEN,74.0,graded,win,0.9090909090909091,0.9090909090909091
fafc649c455e32a0f2ba1bd06e2039bc,Philadelphia Eagles @ Tennessee Titans,Dontayvion Wicks,fanduel,FanDuel,recv_yds,Receiving yards,under,30.5,-113,32.0819976991,0.5,0.0,0.5305164319,0.5,0.50210615,30.5,4,-305.1643192488,-5.7522123894,Calibration fitted; not prospectively validated,2026-09-20T13:53:05Z,2026-09-20T17:00:00Z,Sun 1:00 PM ET,Tennessee Titans,Philadelphia Eagles,5a4f3bf,2026_02_PHI_TEN,74.0,graded,loss,-1.0,0.8849557522123894
fafc649c455e32a0f2ba1bd06e2039bc,Philadelphia Eagles @ Tennessee Titans,Gunnar Helm,fanduel,FanDuel,receptions,Receptions,over,3.5,148,2.9180311884,0.4524271845,0.0,0.4032258065,0.3768844221,0.4091280257,3.5,4,492.0137801441,12.2019417476,Calibration fitted; not prospectively validated,2026-09-20T13:53:05Z,2026-09-20T17:00:00Z,Sun 1:00 PM ET,Tennessee Titans,Philadelphia Eagles,5a4f3bf,2026_02_PHI_TEN,2.0,graded,loss,-1.0,1.48
fafc649c455e32a0f2ba1bd06e2039bc,Philadelphia Eagles @ Tennessee Titans,Gunnar Helm,draftkings,DraftKings,receptions,Receptions,under,3.5,-162,2.9180311884,0.5475728155,0.0,0.6183206107,0.5828822518,0.5908719743,3.5,4,-707.4779515304,-11.4419273643,Calibration fitted; not prospectively validated,2026-09-20T13:52:24Z,2026-09-20T17:00:00Z,Sun 1:00 PM ET,Tennessee Titans,Philadelphia Eagles,5a4f3bf,2026_02_PHI_TEN,2.0,graded,win,0.6172839506172839,0.6172839506172839
fafc649c455e32a0f2ba1bd06e2039bc,Philadelphia Eagles @ Tennessee Titans,Gunnar Helm,fanduel,FanDuel,recv_yds,Receiving yards,over,22.5,-113,27.6780056648,0.5,0.0,0.5305164319,0.5,0.5015476682,22.5,6,-305.1643192488,-5.7522123894,Calibration fitted; not prospectively validated,2026-09-20T13:53:05Z,2026-09-20T17:00:00Z,Sun 1:00 PM ET,Tennessee Titans,Philadelphia Eagles,5a4f3bf,2026_02_PHI_TEN,13.0,graded,loss,-1.0,0.8849557522123894
fafc649c455e32a0f2ba1bd06e2039bc,Philadelphia Eagles @ Tennessee Titans,Gunnar Helm,draftkings,DraftKings,recv_yds,Receiving yards,under,22.5,-110,27.6780056648,0.5,0.0,0.5238095238,0.4957877001,0.4984523318,22.5,6,-238.0952380952,-4.5454545455,Calibration fitted; not prospectively validated,2026-09-20T13:52:24Z,2026-09-20T17:00:00Z,Sun 1:00 PM ET,Tennessee Titans,Philadelphia Eagles,5a4f3bf,2026_02_PHI_TEN,13.0,graded,win,0.9090909090909091,0.9090909090909091
fafc649c455e32a0f2ba1bd06e2039bc,Philadelphia Eagles @ Tennessee Titans,Jalen Hurts,betonlineag,BetOnline.ag,interceptions,Interceptions thrown,over,0.5,130,,,,0.4347826087,0.4090010643,0.4154555577,0.5,4,,,Insufficient player data,2026-09-20T13:53:08Z,2026-09-20T17:00:00Z,Sun 1:00 PM ET,Tennessee Titans,Philadelphia Eagles,5a4f3bf,2026_02_PHI_TEN,2.0,graded,win,1.3,1.3
fafc649c455e32a0f2ba1bd06e2039bc,Philadelphia Eagles @ Tennessee Titans,Jalen Hurts,draftkings,DraftKings,interceptions,Interceptions thrown,under,0.5,-163,,,,0.6197718631,0.5855918316,0.5845444423,0.5,4,,,Insufficient player data,2026-09-20T13:52:24Z,2026-09-20T17:00:00Z,Sun 1:00 PM ET,Tennessee Titans,Philadelphia Eagles,5a4f3bf,2026_02_PHI_TEN,2.0,graded,loss,-1.0,0.6134969325153374
fafc649c455e32a0f2ba1bd06e2039bc,Philadelphia Eagles @ Tennessee Titans,Jalen Hurts,betonlineag,BetOnline.ag,pass_attempts,Passing attempts,over,27.5,-114,26.6563476008,0.5,0.0,0.5327102804,0.5,0.5101214575,27.5,3,-327.1028037383,-6.1403508772,Calibration fitted; not prospectively validated,2026-09-20T13:53:08Z,2026-09-20T17:00:00Z,Sun 1:00 PM ET,Tennessee Titans,Philadelphia Eagles,5a4f3bf,2026_02_PHI_TEN,37.0,graded,win,0.8771929824561403,0.8771929824561403
fafc649c455e32a0f2ba1bd06e2039bc,Philadelphia Eagles @ Tennessee Titans,Jalen Hurts,draftkings,DraftKings,pass_attempts,Passing attempts,under,27.5,-108,26.6563476008,0.5,0.0,0.5192307692,0.4896023956,0.4898785425,27.5,3,-192.3076923077,-3.7037037037,Calibration fitted; not prospectively validated,2026-09-20T13:52:24Z,2026-09-20T17:00:00Z,Sun 1:00 PM ET,Tennessee Titans,Philadelphia Eagles,5a4f3bf,2026_02_PHI_TEN,37.0,graded,loss,-1.0,0.9259259259259259
fafc649c455e32a0f2ba1bd06e2039bc,Philadelphia Eagles @ Tennessee Titans,Jalen Hurts,bovada,Bovada,pass_completions,Passing completions,over,18.5,105,14.9275546565,0.4583333333,0.0,0.487804878,0.4592085979,0.4693877551,18.5,5,-294.7154471545,-6.0416666667,Calibration fitted; not prospectively validated,2026-09-20T13:51:39Z,2026-09-20T17:00:00Z,Sun 1:00 PM ET,Tennessee Titans,Philadelphia Eagles,5a4f3bf,2026_02_PHI_TEN,26.0,graded,win,1.05,1.05
fafc649c455e32a0f2ba1bd06e2039bc,Philadelphia Eagles @ Tennessee Titans,Jalen Hurts,betmgm,BetMGM,pass_completions,Passing completions,under,18.5,-120,14.9275546565,0.5416666667,0.0,0.5454545455,0.5090470446,0.5306122449,18.5,5,-37.8787878788,-0.6944444444,Calibration fitted; not prospectively validated,2026-09-20T13:52:32Z,2026-09-20T17:00:00Z,Sun 1:00 PM ET,Tennessee Titans,Philadelphia Eagles,5a4f3bf,2026_02_PHI_TEN,26.0,graded,loss,-1.0,0.8333333333333334
fafc649c455e32a0f2ba1bd06e2039bc,Philadelphia Eagles @ Tennessee Titans,Jalen Hurts,betmgm,BetMGM,pass_tds,Passing touchdowns,over,1.5,140,2.82,0.5333333333,0.0,0.4166666667,0.3887399464,0.3990011661,1.5,6,1166.6666666667,28.0,Calibration fitted; not prospectively validated,2026-09-20T13:52:32Z,2026-09-20T17:00:00Z,Sun 1:00 PM ET,Tennessee Titans,Philadelphia Eagles,5a4f3bf,2026_02_PHI_TEN,2.0,graded,win,1.4,1.4
fafc649c455e32a0f2ba1bd06e2039bc,Philadelphia Eagles @ Tennessee Titans,Jalen Hurts,betonlineag,BetOnline.ag,pass_tds,Passing touchdowns,under,1.5,-167,2.82,0.4666666667,0.0,0.6254681648,0.5878103001,0.6009988339,1.5,6,-1588.0149812734,-25.3892215569,Calibration fitted; not prospectively validated,2026-09-20T13:53:08Z,2026-09-20T17:00:00Z,Sun 1:00 PM ET,Tennessee Titans,Philadelphia Eagles,5a4f3bf,2026_02_PHI_TEN,2.0,graded,loss,-1.0,0.5988023952095808
fafc649c455e32a0f2ba1bd06e2039bc,Philadelphia Eagles @ Tennessee Titans,Jalen Hurts,draftkings,DraftKings,pass_yds,Passing yards,over,205.5,-113,166.204708551,0.5,0.0,0.5305164319,0.5021058838,0.5010529419,205.5,4,-305.1643192488,-5.7522123894,Calibration fitted; not prospectively validated,2026-09-20T13:52:24Z,2026-09-20T17:00:00Z,Sun 1:00 PM ET,Tennessee Titans,Philadelphia Eagles,5a4f3bf,2026_02_PHI_TEN,264.0,graded,win,0.8849557522123894,0.8849557522123894
fafc649c455e32a0f2ba1bd06e2039bc,Philadelphia Eagles @ Tennessee Titans,Jalen Hurts,draftkings,DraftKings,pass_yds,Passing yards,under,205.5,-111,166.204708551,0.5,0.0,0.5260663507,0.4978941162,0.4989470581,205.5,4,-260.663507109,-4.954954955,Calibration fitted; not prospectively validated,2026-09-20T13:52:24Z,2026-09-20T17:00:00Z,Sun 1:00 PM ET,Tennessee Titans,Philadelphia Eagles,5a4f3bf,2026_02_PHI_TEN,264.0,graded,loss,-1.0,0.9009009009009009
fafc649c455e32a0f2ba1bd06e2039bc,Philadelphia Eagles @ Tennessee Titans,Jalen Hurts,betonlineag,BetOnline.ag,rush_attempts,Rushing attempts,over,7.5,-103,8.1686232468,0.506993007,0.0,0.5073891626,0.4773429454,0.4792917829,7.5,2,-3.9615556857,-0.0780772625,Calibration fitted; not prospectively validated,2026-09-20T13:53:08Z,2026-09-20T17:00:00Z,Sun 1:00 PM ET,Tennessee Titans,Philadelphia Eagles,5a4f3bf,2026_02_PHI_TEN,5.0,graded,loss,-1.0,0.970873786407767
fafc649c455e32a0f2ba1bd06e2039bc,Philadelphia Eagles @ Tennessee Titans,Jalen Hurts,draftkings,DraftKings,rush_attempts,Rushing attempts,under,7.5,-122,8.1686232468,0.4927536232,0.0,0.5495495495,0.5187593797,0.5207082171,7.5,2,-567.9592636114,-10.3349964362,Calibration fitted; not prospectively validated,2026-09-20T13:52:24Z,2026-09-20T17:00:00Z,Sun 1:00 PM ET,Tennessee Titans,Philadelphia Eagles,5a4f3bf,2026_02_PHI_TEN,5.0,graded,win,0.819672131147541,0.819672131147541
fafc649c455e32a0f2ba1bd06e2039bc,Philadelphia Eagles @ Tennessee Titans,Jalen Hurts,fanatics,Fanatics,rush_yds,Rushing yards,over,30.5,-110,38.0939837242,0.5,0.0,0.5238095238,0.4898785425,0.4933916031,30.5,2,-238.0952380952,-4.5454545455,Calibration fitted; not prospectively validated,2026-09-20T13:53:02Z,2026-09-20T17:00:00Z,Sun 1:00 PM ET,Tennessee Titans,Philadelphia Eagles,5a4f3bf,2026_02_PHI_TEN,16.0,graded,loss,-1.0,0.9090909090909091
fafc649c455e32a0f2ba1bd06e2039bc,Philadelphia Eagles @ Tennessee Titans,Jalen Hurts,betonlineag,BetOnline.ag,rush_yds,Rushing yards,under,30.5,-115,38.0939837242,0.5,0.0,0.5348837209,0.5030953364,0.5066083969,30.5,2,-348.8372093023,-6.5217391304,Calibration fitted; not prospectively validated,2026-09-20T13:53:08Z,2026-09-20T17:00:00Z,Sun 1:00 PM ET,Tennessee Titans,Philadelphia Eagles,5a4f3bf,2026_02_PHI_TEN,16.0,graded,win,0.8695652173913043,0.8695652173913043
fafc649c455e32a0f2ba1bd06e2039bc,Philadelphia Eagles @ Tennessee Titans,Makai Lemon,betrivers,BetRivers,receptions,Receptions,over,2.5,-109,2.9992890001,0.5420560748,0.0,0.5215311005,,0.5187593797,2.5,5,205.2497428789,3.9355225928,Calibration fitted; not prospectively validated,2026-09-20T13:52:50Z,2026-09-20T17:00:00Z,Sun 1:00 PM ET,Tennessee Titans,Philadelphia Eagles,5a4f3bf,2026_02_PHI_TEN,1.0,graded,loss,-1.0,0.9174311926605505
fafc649c455e32a0f2ba1bd06e2039bc,Philadelphia Eagles @ Tennessee Titans,Makai Lemon,betmgm,BetMGM,receptions,Receptions,under,2.5,100,2.9992890001,0.4579439252,0.0,0.5,0.4653465347,0.4812406203,2.5,5,-420.5607476636,-8.4112149533,Calibration fitted; not prospectively validated,2026-09-20T13:52:32Z,2026-09-20T17:00:00Z,Sun 1:00 PM ET,Tennessee Titans,Philadelphia Eagles,5a4f3bf,2026_02_PHI_TEN,1.0,graded,win,1.0,1.0
fafc649c455e32a0f2ba1bd06e2039bc,Philadelphia Eagles @ Tennessee Titans,Makai Lemon,draftkings,DraftKings,recv_yds,Receiving yards,over,24.5,-109,28.465499743,0.5,0.0,0.5215311005,0.4936802191,0.4936802191,25.0,3,-215.3110047847,-4.128440367,Calibration fitted; not prospectively validated,2026-09-20T13:52:24Z,2026-09-20T17:00:00Z,Sun 1:00 PM ET,Tennessee Titans,Philadelphia Eagles,5a4f3bf,2026_02_PHI_TEN,14.0,graded,loss,-1.0,0.9174311926605505
fafc649c455e32a0f2ba1bd06e2039bc,Philadelphia Eagles @ Tennessee Titans,Makai Lemon,betrivers,BetRivers,recv_yds,Receiving yards,under,24.5,-112,28.465499743,0.5,0.0,0.5283018868,0.4920127796,0.5063197809,25.0,3,-283.0188679245,-5.3571428571,Calibration fitted; not prospectively validated,2026-09-20T13:52:50Z,2026-09-20T17:00:00Z,Sun 1:00 PM ET,Tennessee Titans,Philadelphia Eagles,5a4f3bf,2026_02_PHI_TEN,14.0,graded,win,0.8928571428571429,0.8928571428571429
fafc649c455e32a0f2ba1bd06e2039bc,Philadelphia Eagles @ Tennessee Titans,Saquon Barkley,betrivers,BetRivers,receptions,Receptions,over,1.5,-162,1.391868194,0.4591194969,0.0,0.6183206107,,0.6041952798,1.5,4,-1592.0111383168,-25.747340632,Calibration fitted; not prospectively validated,2026-09-20T13:52:50Z,2026-09-20T17:00:00Z,Sun 1:00 PM ET,Tennessee Titans,Philadelphia Eagles,5a4f3bf,2026_02_PHI_TEN,1.0,graded,loss,-1.0,0.6172839506172839
fafc649c455e32a0f2ba1bd06e2039bc,Philadelphia Eagles @ Tennessee Titans,Saquon Barkley,fanduel,FanDuel,receptions,Receptions,under,1.5,140,1.391868194,0.5408805031,0.0,0.4166666667,0.3896103896,0.3958047202,1.5,4,1242.1383647799,29.8113207547,Calibration fitted; not prospectively validated,2026-09-20T13:53:05Z,2026-09-20T17:00:00Z,Sun 1:00 PM ET,Tennessee Titans,Philadelphia Eagles,5a4f3bf,2026_02_PHI_TEN,1.0,graded,win,1.4,1.4
fafc649c455e32a0f2ba1bd06e2039bc,Philadelphia Eagles @ Tennessee Titans,Saquon Barkley,fanduel,FanDuel,recv_yds,Receiving yards,over,10.5,-113,8.0929243447,0.4989858012,0.0,0.5305164319,0.5,0.5101214575,10.5,5,-315.3063070784,-5.9433843724,Calibration fitted; not prospectively validated,2026-09-20T13:53:05Z,2026-09-20T17:00:00Z,Sun 1:00 PM ET,Tennessee Titans,Philadelphia Eagles,5a4f3bf,2026_02_PHI_TEN,11.0,graded,win,0.8849557522123894,0.8849557522123894
fafc649c455e32a0f2ba1bd06e2039bc,Philadelphia Eagles @ Tennessee Titans,Saquon Barkley,draftkings,DraftKings,recv_yds,Receiving yards,under,10.5,-107,8.0929243447,0.5010141988,0.0,0.5169082126,0.4894599266,0.4898785425,10.5,5,-158.9401377742,-3.0748232261,Calibration fitted; not prospectively validated,2026-09-20T13:52:24Z,2026-09-20T17:00:00Z,Sun 1:00 PM ET,Tennessee Titans,Philadelphia Eagles,5a4f3bf,2026_02_PHI_TEN,11.0,graded,loss,-1.0,0.9345794392523364
fafc649c455e32a0f2ba1bd06e2039bc,Philadelphia Eagles @ Tennessee Titans,Saquon Barkley,draftkings,DraftKings,rush_attempts,Rushing attempts,over,18.5,-105,15.3565185633,0.4915254237,0.0,0.512195122,0.4833368048,0.4855107669,18.5,2,-206.6969822241,-4.0355125101,Calibration fitted; not prospectively validated,2026-09-20T13:52:24Z,2026-09-20T17:00:00Z,Sun 1:00 PM ET,Tennessee Titans,Philadelphia Eagles,5a4f3bf,2026_02_PHI_TEN,4.0,graded,loss,-1.0,0.9523809523809523
fafc649c455e32a0f2ba1bd06e2039bc,Philadelphia Eagles @ Tennessee Titans,Saquon Barkley,betonlineag,BetOnline.ag,rush_attempts,Rushing attempts,under,18.5,-120,15.3565185633,0.506993007,0.0,0.5454545455,0.5123152709,0.5144892331,18.5,2,-384.6153846154,-7.0512820513,Calibration fitted; not prospectively validated,2026-09-20T13:53:08Z,2026-09-20T17:00:00Z,Sun 1:00 PM ET,Tennessee Titans,Philadelphia Eagles,5a4f3bf,2026_02_PHI_TEN,4.0,graded,win,0.8333333333333334,0.8333333333333334
fafc649c455e32a0f2ba1bd06e2039bc,Philadelphia Eagles @ Tennessee Titans,Saquon Barkley,draftkings,DraftKings,rush_yds,Rushing yards,over,80.5,-111,70.5485104239,0.5,0.0,0.5260663507,0.4978941162,0.5,80.5,3,-260.663507109,-4.954954955,Calibration fitted; not prospectively validated,2026-09-20T13:52:24Z,2026-09-20T17:00:00Z,Sun 1:00 PM ET,Tennessee Titans,Philadelphia Eagles,5a4f3bf,2026_02_PHI_TEN,9.0,graded,loss,-1.0,0.9009009009009009
fafc649c455e32a0f2ba1bd06e2039bc,Philadelphia Eagles @ Tennessee Titans,Saquon Barkley,draftkings,DraftKings,rush_yds,Rushing yards,under,80.5,-113,70.5485104239,0.5,0.0,0.5305164319,0.5021058838,0.5,80.5,3,-305.1643192488,-5.7522123894,Calibration fitted; not prospectively validated,2026-09-20T13:52:24Z,2026-09-20T17:00:00Z,Sun 1:00 PM ET,Tennessee Titans,Philadelphia Eagles,5a4f3bf,2026_02_PHI_TEN,9.0,graded,win,0.8849557522123894,0.8849557522123894
fafc649c455e32a0f2ba1bd06e2039bc,Philadelphia Eagles @ Tennessee Titans,Tony Pollard,betonlineag,BetOnline.ag,receptions,Receptions,over,1.5,100,1.3707607272,0.4591194969,0.0,0.5,0.4693877551,0.5,1.5,5,-408.8050314465,-8.1761006289,Calibration fitted; not prospectively validated,2026-09-20T13:53:08Z,2026-09-20T17:00:00Z,Sun 1:00 PM ET,Tennessee Titans,Philadelphia Eagles,5a4f3bf,2026_02_PHI_TEN,1.0,graded,loss,-1.0,1.0
fafc649c455e32a0f2ba1bd06e2039bc,Philadelphia Eagles @ Tennessee Titans,Tony Pollard,betmgm,BetMGM,receptions,Receptions,under,1.5,-110,1.3707607272,0.5408805031,0.0,0.5238095238,0.4898785425,0.5,1.5,5,170.7097933513,3.2590051458,Calibration fitted; not prospectively validated,2026-09-20T13:52:32Z,2026-09-20T17:00:00Z,Sun 1:00 PM ET,Tennessee Titans,Philadelphia Eagles,5a4f3bf,2026_02_PHI_TEN,1.0,graded,win,0.9090909090909091,0.9090909090909091
fafc649c455e32a0f2ba1bd06e2039bc,Philadelphia Eagles @ Tennessee Titans,Tony Pollard,draftkings,DraftKings,recv_yds,Receiving yards,over,9.5,-111,8.4641147813,0.5,0.0,0.5260663507,0.4978941162,0.5,9.5,4,-260.663507109,-4.954954955,Calibration fitted; not prospectively validated,2026-09-20T13:52:24Z,2026-09-20T17:00:00Z,Sun 1:00 PM ET,Tennessee Titans,Philadelphia Eagles,5a4f3bf,2026_02_PHI_TEN,1.0,graded,loss,-1.0,0.9009009009009009
fafc649c455e32a0f2ba1bd06e2039bc,Philadelphia Eagles @ Tennessee Titans,Tony Pollard,draftkings,DraftKings,recv_yds,Receiving yards,under,9.5,-113,8.4641147813,0.5,0.0,0.5305164319,0.5021058838,0.5,9.5,4,-305.1643192488,-5.7522123894,Calibration fitted; not prospectively validated,2026-09-20T13:52:24Z,2026-09-20T17:00:00Z,Sun 1:00 PM ET,Tennessee Titans,Philadelphia Eagles,5a4f3bf,2026_02_PHI_TEN,1.0,graded,win,0.8849557522123894,0.8849557522123894
fafc649c455e32a0f2ba1bd06e2039bc,Philadelphia Eagles @ Tennessee Titans,Tony Pollard,draftkings,DraftKings,rush_attempts,Rushing attempts,over,11.5,-104,11.5405403479,0.5,0.0,0.5098039216,0.4812406203,0.5,11.5,3,-98.0392156863,-1.9230769231,Calibration fitted; not prospectively validated,2026-09-20T13:52:24Z,2026-09-20T17:00:00Z,Sun 1:00 PM ET,Tennessee Titans,Philadelphia Eagles,5a4f3bf,2026_02_PHI_TEN,14.0,graded,win,0.9615384615384616,0.9615384615384616
fafc649c455e32a0f2ba1bd06e2039bc,Philadelphia Eagles @ Tennessee Titans,Tony Pollard,betonlineag,BetOnline.ag,rush_attempts,Rushing attempts,under,11.5,-114,11.5405403479,0.5,0.0,0.5327102804,0.5,0.5,11.5,3,-327.1028037383,-6.1403508772,Calibration fitted; not prospectively validated,2026-09-20T13:53:08Z,2026-09-20T17:00:00Z,Sun 1:00 PM ET,Tennessee Titans,Philadelphia Eagles,5a4f3bf,2026_02_PHI_TEN,14.0,graded,loss,-1.0,0.8771929824561403
fafc649c455e32a0f2ba1bd06e2039bc,Philadelphia Eagles @ Tennessee Titans,Tony Pollard,bovada,Bovada,rush_yds,Rushing yards,over,39.5,-110,52.1864476086,0.5,0.0,0.5238095238,0.4898785425,0.4978941162,40.0,3,-238.0952380952,-4.5454545455,Calibration fitted; not prospectively validated,2026-09-20T13:51:39Z,2026-09-20T17:00:00Z,Sun 1:00 PM ET,Tennessee Titans,Philadelphia Eagles,5a4f3bf,2026_02_PHI_TEN,64.0,graded,win,0.9090909090909091,0.9090909090909091
fafc649c455e32a0f2ba1bd06e2039bc,Philadelphia Eagles @ Tennessee Titans,Tony Pollard,draftkings,DraftKings,rush_yds,Rushing yards,under,39.5,-113,52.1864476086,0.5,0.0,0.5305164319,0.5021058838,0.5021058838,40.0,3,-305.1643192488,-5.7522123894,Calibration fitted; not prospectively validated,2026-09-20T13:52:24Z,2026-09-20T17:00:00Z,Sun 1:00 PM ET,Tennessee Titans,Philadelphia Eagles,5a4f3bf,2026_02_PHI_TEN,64.0,graded,loss,-1.0,0.8849557522123894
fafc649c455e32a0f2ba1bd06e2039bc,Philadelphia Eagles @ Tennessee Titans,Tyjae Spears,betonlineag,BetOnline.ag,receptions,Receptions,over,2.5,-114,1.581344605,0.4210526316,0.0,0.5327102804,0.5,0.528157683,2.5,5,-1116.5764879488,-20.9602954755,Calibration fitted; not prospectively validated,2026-09-20T13:53:08Z,2026-09-20T17:00:00Z,Sun 1:00 PM ET,Tennessee Titans,Philadelphia Eagles,5a4f3bf,2026_02_PHI_TEN,2.0,graded,loss,-1.0,0.8771929824561403
fafc649c455e32a0f2ba1bd06e2039bc,Philadelphia Eagles @ Tennessee Titans,Tyjae Spears,draftkings,DraftKings,receptions,Receptions,under,2.5,101,1.581344605,0.5789473684,0.0,0.4975124378,0.4689835958,0.471842317,2.5,5,814.3493061011,16.3684210526,Calibration fitted; not prospectively validated,2026-09-20T13:52:24Z,2026-09-20T17:00:00Z,Sun 1:00 PM ET,Tennessee Titans,Philadelphia Eagles,5a4f3bf,2026_02_PHI_TEN,2.0,graded,win,1.01,1.01
fafc649c455e32a0f2ba1bd06e2039bc,Philadelphia Eagles @ Tennessee Titans,Tyjae Spears,draftkings,DraftKings,recv_yds,Receiving yards,over,16.5,-111,11.1013283245,0.4985632184,0.0,0.5260663507,0.4978941162,0.5,16.5,4,-275.031323201,-5.2280729005,Calibration fitted; not prospectively validated,2026-09-20T13:52:24Z,2026-09-20T17:00:00Z,Sun 1:00 PM ET,Tennessee Titans,Philadelphia Eagles,5a4f3bf,2026_02_PHI_TEN,29.0,graded,win,0.9009009009009009,0.9009009009009009
fafc649c455e32a0f2ba1bd06e2039bc,Philadelphia Eagles @ Tennessee Titans,Tyjae Spears,draftkings,DraftKings,recv_yds,Receiving yards,under,16.5,-113,11.1013283245,0.5014367816,0.0,0.5305164319,0.5021058838,0.5,16.5,4,-290.7965031569,-5.4813854135,Calibration fitted; not prospectively validated,2026-09-20T13:52:24Z,2026-09-20T17:00:00Z,Sun 1:00 PM ET,Tennessee Titans,Philadelphia Eagles,5a4f3bf,2026_02_PHI_TEN,29.0,graded,loss,-1.0,0.8849557522123894
fafc649c455e32a0f2ba1bd06e2039bc,Philadelphia Eagles @ Tennessee Titans,Tyjae Spears,fanduel,FanDuel,rush_yds,Rushing yards,over,17.5,-113,26.7318249815,0.5,0.0,0.5305164319,0.5,0.5025798729,17.5,2,-305.1643192488,-5.7522123894,Calibration fitted; not prospectively validated,2026-09-20T13:53:05Z,2026-09-20T17:00:00Z,Sun 1:00 PM ET,Tennessee Titans,Philadelphia Eagles,5a4f3bf,2026_02_PHI_TEN,41.0,graded,win,0.8849557522123894,0.8849557522123894
fafc649c455e32a0f2ba1bd06e2039bc,Philadelphia Eagles @ Tennessee Titans,Tyjae Spears,betonlineag,BetOnline.ag,rush_yds,Rushing yards,under,17.5,-111,26.7318249815,0.5,0.0,0.5260663507,0.4948402543,0.4974201271,17.5,2,-260.663507109,-4.954954955,Calibration fitted; not prospectively validated,2026-09-20T13:53:08Z,2026-09-20T17:00:00Z,Sun 1:00 PM ET,Tennessee Titans,Philadelphia Eagles,5a4f3bf,2026_02_PHI_TEN,41.0,graded,loss,-1.0,0.9009009009009009
fafc649c455e32a0f2ba1bd06e2039bc,Philadelphia Eagles @ Tennessee Titans,Wan'Dale Robinson,betrivers,BetRivers,receptions,Receptions,over,4.5,123,5.2005555971,0.5420560748,0.0,0.4484304933,,0.4386821774,4.5,5,936.2558149281,20.8785046729,Calibration fitted; not prospectively validated,2026-09-20T13:52:50Z,2026-09-20T17:00:00Z,Sun 1:00 PM ET,Tennessee Titans,Philadelphia Eagles,5a4f3bf,2026_02_PHI_TEN,1.0,graded,loss,-1.0,1.23
fafc649c455e32a0f2ba1bd06e2039bc,Philadelphia Eagles @ Tennessee Titans,Wan'Dale Robinson,betmgm,BetMGM,receptions,Receptions,under,4.5,-145,5.2005555971,0.4579439252,0.0,0.5918367347,0.5481788843,0.5613178226,4.5,5,-1338.9280946023,-22.6232678053,Calibration fitted; not prospectively validated,2026-09-20T13:52:32Z,2026-09-20T17:00:00Z,Sun 1:00 PM ET,Tennessee Titans,Philadelphia Eagles,5a4f3bf,2026_02_PHI_TEN,1.0,graded,win,0.6896551724137931,0.6896551724137931
fafc649c455e32a0f2ba1bd06e2039bc,Philadelphia Eagles @ Tennessee Titans,Wan'Dale Robinson,draftkings,DraftKings,recv_yds,Receiving yards,over,37.5,-113,54.831394621,0.5014367816,0.0,0.5305164319,0.5021058838,0.5,37.5,5,-290.7965031569,-5.4813854135,Calibration fitted; not prospectively validated,2026-09-20T13:52:24Z,2026-09-20T17:00:00Z,Sun 1:00 PM ET,Tennessee Titans,Philadelphia Eagles,5a4f3bf,2026_02_PHI_TEN,9.0,graded,loss,-1.0,0.8849557522123894
fafc649c455e32a0f2ba1bd06e2039bc,Philadelphia Eagles @ Tennessee Titans,Wan'Dale Robinson,draftkings,DraftKings,recv_yds,Receiving yards,under,37.5,-111,54.831394621,0.4985632184,0.0,0.5260663507,0.4978941162,0.5,37.5,5,-275.031323201,-5.2280729005,Calibration fitted; not prospectively validated,2026-09-20T13:52:24Z,2026-09-20T17:00:00Z,Sun 1:00 PM ET,Tennessee Titans,Philadelphia Eagles,5a4f3bf,2026_02_PHI_TEN,9.0,graded,win,0.9009009009009009,0.9009009009009009
