game_id,game,player,bookmaker,book_label,market_std,market_label,name,point,price,mu,model_prob,push_prob,mkt_prob,prob_devig,consensus_prob,consensus_line,book_count,edge_bps,ev_per_100,model_status,last_update,commence_time,kick_et,home_team,away_team,archive_ref,stat_game,actual,grading_status,outcome,units
32367f882fac1a0c20a6335619922025,New York Giants @ Los Angeles Rams,Matthew Stafford,draftkings,DraftKings,pass_tds,Passing touchdowns,under,1.5,158,0.01,0.75,0.0,0.3875968992,0.366499746,0.3737554935,1.5,6,3624.0310077519,93.5,Calibration fitted; not prospectively validated,2026-09-20T13:53:25Z,2026-09-22T00:15:00Z,Mon 8:15 PM ET,Los Angeles Rams,New York Giants,5a4f3bf,2026_02_NYG_LA,4.0,graded,loss,-1.0
85ef85098ddd22fe4ecf45e7e3c0a9c0,Washington Commanders @ Dallas Cowboys,Javonte Williams,bovada,Bovada,rush_yds,Rushing yards,under,57.5,245,48.1154257744,0.5,0.0,0.2898550725,0.2714932127,0.2714932127,76.5,1,2101.4492753623,72.5,Calibration fitted; not prospectively validated,2026-09-20T13:52:23Z,2026-09-20T20:25:00Z,Sun 4:25 PM ET,Dallas Cowboys,Washington Commanders,5a4f3bf,2026_02_WAS_DAL,30.0,graded,win,2.45
56e8897681915f7ec92baeee952bb1ae,Detroit Lions @ Buffalo Bills,James Cook,bovada,Bovada,rush_yds,Rushing yards,under,59.5,245,58.2431966365,0.5,0.0,0.2898550725,0.2714932127,0.2714932127,79.5,1,2101.4492753623,72.5,Calibration fitted; not prospectively validated,2026-09-17T21:28:03Z,2026-09-18T00:15:00Z,Thu 8:15 PM ET,Buffalo Bills,Detroit Lions,13c730d,2026_02_DET_BUF,135.0,graded,loss,-1.0
fafc649c455e32a0f2ba1bd06e2039bc,Philadelphia Eagles @ Tennessee Titans,Saquon Barkley,bovada,Bovada,rush_yds,Rushing yards,under,60.5,240,70.5485104239,0.5,0.0,0.2941176471,0.2756892231,0.2756892231,80.5,1,2058.8235294118,70.0,Calibration fitted; not prospectively validated,2026-09-20T13:51:39Z,2026-09-20T17:00:00Z,Sun 1:00 PM ET,Tennessee Titans,Philadelphia Eagles,5a4f3bf,2026_02_PHI_TEN,9.0,graded,win,2.4
aee7eae1849ebb103b9bf233e9741392,Carolina Panthers @ Atlanta Falcons,Bijan Robinson,bovada,Bovada,rush_yds,Rushing yards,under,61.5,240,57.8995423578,0.5,0.0,0.2941176471,0.2756892231,0.2756892231,82.5,1,2058.8235294118,70.0,Calibration fitted; not prospectively validated,2026-09-20T13:51:35Z,2026-09-20T17:00:00Z,Sun 1:00 PM ET,Atlanta Falcons,Carolina Panthers,5a4f3bf,2026_02_CAR_ATL,72.0,graded,loss,-1.0
50bc247030707d823b9c3581d7eb5760,Indianapolis Colts @ Kansas City Chiefs,Kenneth Walker,bovada,Bovada,rush_yds,Rushing yards,under,61.5,240,65.9889988889,0.5,0.0,0.2941176471,0.2756892231,0.2756892231,81.5,1,2058.8235294118,70.0,Calibration fitted; not prospectively validated,2026-09-20T13:52:07Z,2026-09-21T00:20:00Z,Sun 8:20 PM ET,Kansas City Chiefs,Indianapolis Colts,5a4f3bf,2026_02_IND_KC,117.0,graded,loss,-1.0
50bc247030707d823b9c3581d7eb5760,Indianapolis Colts @ Kansas City Chiefs,Jonathan Taylor,bovada,Bovada,rush_yds,Rushing yards,under,62.5,240,66.0070219362,0.5,0.0,0.2941176471,0.2756892231,0.2756892231,82.5,1,2058.8235294118,70.0,Calibration fitted; not prospectively validated,2026-09-20T13:52:07Z,2026-09-21T00:20:00Z,Sun 8:20 PM ET,Kansas City Chiefs,Indianapolis Colts,5a4f3bf,2026_02_IND_KC,92.0,graded,loss,-1.0
56e8897681915f7ec92baeee952bb1ae,Detroit Lions @ Buffalo Bills,Jahmyr Gibbs,bovada,Bovada,rush_yds,Rushing yards,under,67.5,230,69.6212941655,0.5,0.0,0.303030303,0.2845528455,0.2845528455,87.5,1,1969.696969697,65.0,Calibration fitted; not prospectively validated,2026-09-17T21:28:03Z,2026-09-18T00:15:00Z,Thu 8:15 PM ET,Buffalo Bills,Detroit Lions,13c730d,2026_02_DET_BUF,52.0,graded,win,2.3
0636ebff776d43f8c829a36713c80b22,Cleveland Browns @ Tampa Bay Buccaneers,Kenny Gainwell,bovada,Bovada,rush_yds,Rushing yards,under,16.5,225,24.263629799,0.5,0.0,0.3076923077,0.2892416226,0.2892416226,26.5,1,1923.0769230769,62.5,Calibration fitted; not prospectively validated,2026-09-20T13:52:14Z,2026-09-20T17:00:00Z,Sun 1:00 PM ET,Tampa Bay Buccaneers,Cleveland Browns,5a4f3bf,2026_02_CLE_TB,10.0,graded,win,2.25
71b3b83747589efdc5baef2c5cf811bf,Las Vegas Raiders @ Los Angeles Chargers,Kirk Cousins,bovada,Bovada,pass_tds,Passing touchdowns,over,1.5,200,2.82,0.5333333333,0.0,0.3333333333,0.3125,0.3196804647,1.5,4,2000.0,60.0,Calibration fitted; not prospectively validated,2026-09-20T13:53:09Z,2026-09-20T20:05:00Z,Sun 4:05 PM ET,Los Angeles Chargers,Las Vegas Raiders,5a4f3bf,2026_02_LV_LAC,3.0,graded,win,2.0
2143ade9684fd876b68a4e8cbf451f05,New Orleans Saints @ Baltimore Ravens,Derrick Henry,bovada,Bovada,rush_yds,Rushing yards,under,75.5,220,88.7009916676,0.5,0.0,0.3125,0.2941176471,0.2941176471,94.5,1,1875.0,60.0,Calibration fitted; not prospectively validated,2026-09-20T13:51:43Z,2026-09-20T17:00:00Z,Sun 1:00 PM ET,Baltimore Ravens,New Orleans Saints,5a4f3bf,2026_02_NO_BAL,68.0,graded,win,2.2
32367f882fac1a0c20a6335619922025,New York Giants @ Los Angeles Rams,Jaxson Dart,betrivers,BetRivers,pass_tds,Passing touchdowns,over,1.5,195,2.82,0.5333333333,0.0,0.3389830508,0.3161222339,0.3427971423,1.5,7,1943.5028248588,57.3333333333,Calibration fitted; not prospectively validated,2026-09-20T13:52:25Z,2026-09-22T00:15:00Z,Mon 8:15 PM ET,Los Angeles Rams,New York Giants,5a4f3bf,2026_02_NYG_LA,0.0,graded,loss,-1.0
2143ade9684fd876b68a4e8cbf451f05,New Orleans Saints @ Baltimore Ravens,Tyler Shough,fanduel,FanDuel,pass_tds,Passing touchdowns,over,1.5,195,2.82,0.5333333333,0.0,0.3389830508,0.3182908219,0.3258991411,1.5,6,1943.5028248588,57.3333333333,Calibration fitted; not prospectively validated,2026-09-20T13:53:08Z,2026-09-20T17:00:00Z,Sun 1:00 PM ET,Baltimore Ravens,New Orleans Saints,5a4f3bf,2026_02_NO_BAL,1.0,graded,loss,-1.0
4dd8020192a544385db42374e5555303,Seattle Seahawks @ Arizona Cardinals,George Holani,bovada,Bovada,rush_yds,Rushing yards,under,19.5,210,22.7849503259,0.5,0.0,0.3225806452,0.3025601241,0.3025601241,29.5,1,1774.1935483871,55.0,Calibration fitted; not prospectively validated,2026-09-20T13:51:34Z,2026-09-20T20:25:00Z,Sun 4:25 PM ET,Arizona Cardinals,Seattle Seahawks,5a4f3bf,2026_02_SEA_ARI,13.0,graded,win,2.1
85ef85098ddd22fe4ecf45e7e3c0a9c0,Washington Commanders @ Dallas Cowboys,CeeDee Lamb,bovada,Bovada,recv_yds,Receiving yards,under,56.5,210,64.5571506725,0.5,0.0,0.3225806452,0.3025601241,0.3025601241,76.5,1,1774.1935483871,55.0,Calibration fitted; not prospectively validated,2026-09-20T13:52:23Z,2026-09-20T20:25:00Z,Sun 4:25 PM ET,Dallas Cowboys,Washington Commanders,5a4f3bf,2026_02_WAS_DAL,153.0,graded,loss,-1.0
36ad2fa722f4915ef23d2c81351261de,Cincinnati Bengals @ Houston Texans,Ja'Marr Chase,bovada,Bovada,recv_yds,Receiving yards,under,57.5,205,44.3292636184,0.5014367816,0.0,0.3278688525,0.3079416532,0.3079416532,77.5,1,1735.6792915018,52.9382183908,Calibration fitted; not prospectively validated,2026-09-20T13:51:54Z,2026-09-20T17:00:00Z,Sun 1:00 PM ET,Houston Texans,Cincinnati Bengals,5a4f3bf,2026_02_CIN_HOU,75.0,graded,loss,-1.0
56e8897681915f7ec92baeee952bb1ae,Detroit Lions @ Buffalo Bills,Amon-Ra St. Brown,bovada,Bovada,recv_yds,Receiving yards,under,60.5,205,69.0901933067,0.5,0.0,0.3278688525,0.3079416532,0.3079416532,80.5,1,1721.3114754098,52.5,Calibration fitted; not prospectively validated,2026-09-17T21:28:03Z,2026-09-18T00:15:00Z,Thu 8:15 PM ET,Buffalo Bills,Detroit Lions,13c730d,2026_02_DET_BUF,142.0,graded,loss,-1.0
4aeee070bb6ec60bdfae4dede61b9014,Green Bay Packers @ New York Jets,Jordan Love,bovada,Bovada,pass_yds,Passing yards,under,271.5,-185,159.6279109453,0.98,0.0,0.649122807,0.6090534979,0.6090534979,251.5,1,3308.7719298246,50.972972973,Calibration fitted; not prospectively validated,2026-09-20T13:51:28Z,2026-09-20T17:00:00Z,Sun 1:00 PM ET,New York Jets,Green Bay Packers,5a4f3bf,2026_02_GB_NYJ,145.0,graded,win,0.5405405405405406
aee7eae1849ebb103b9bf233e9741392,Carolina Panthers @ Atlanta Falcons,Cooper Rush,betonlineag,BetOnline.ag,pass_tds,Passing touchdowns,under,0.5,201,1.06,0.5,0.0,0.3322259136,0.3128434937,0.318608884,0.5,6,1677.7408637874,50.5,Calibration fitted; not prospectively validated,2026-09-20T13:53:20Z,2026-09-20T17:00:00Z,Sun 1:00 PM ET,Atlanta Falcons,Carolina Panthers,5a4f3bf,2026_02_CAR_ATL,0.0,graded,win,2.01
0636ebff776d43f8c829a36713c80b22,Cleveland Browns @ Tampa Bay Buccaneers,Baker Mayfield,betonlineag,BetOnline.ag,pass_tds,Passing touchdowns,under,1.5,100,0.0106,0.75,0.0,0.5,0.4693877551,0.4845764912,1.5,6,2500.0,50.0,Calibration fitted; not prospectively validated,2026-09-20T13:53:13Z,2026-09-20T17:00:00Z,Sun 1:00 PM ET,Tampa Bay Buccaneers,Cleveland Browns,5a4f3bf,2026_02_CLE_TB,1.0,graded,win,1.0
9d14f87600f6edc74dbcb5c74edf6246,Pittsburgh Steelers @ New England Patriots,Aaron Rodgers,bovada,Bovada,pass_tds,Passing touchdowns,under,0.5,200,0.94,0.5,0.0,0.3333333333,0.3125,0.3294117647,0.5,5,1666.6666666667,50.0,Calibration fitted; not prospectively validated,2026-09-20T13:51:27Z,2026-09-20T17:00:00Z,Sun 1:00 PM ET,New England Patriots,Pittsburgh Steelers,5a4f3bf,2026_02_PIT_NE,0.0,graded,win,2.0
4dd8020192a544385db42374e5555303,Seattle Seahawks @ Arizona Cardinals,Jaxon Smith-Njigba,bovada,Bovada,recv_yds,Receiving yards,under,61.5,200,64.8205106365,0.5,0.0,0.3333333333,0.3125,0.3125,81.5,1,1666.6666666667,50.0,Calibration fitted; not prospectively validated,2026-09-20T13:51:34Z,2026-09-20T20:25:00Z,Sun 4:25 PM ET,Arizona Cardinals,Seattle Seahawks,5a4f3bf,2026_02_SEA_ARI,155.0,graded,loss,-1.0
aee7eae1849ebb103b9bf233e9741392,Carolina Panthers @ Atlanta Falcons,Brian Robinson,bovada,Bovada,rush_yds,Rushing yards,under,15.5,240,34.3601308842,0.4352331606,0.0,0.2941176471,0.2756892231,0.2756892231,25.5,1,1411.1551356294,47.9792746114,Calibration fitted; not prospectively validated,2026-09-20T13:51:35Z,2026-09-20T17:00:00Z,Sun 1:00 PM ET,Atlanta Falcons,Carolina Panthers,5a4f3bf,2026_02_CAR_ATL,51.0,graded,loss,-1.0
0283a29e1b38ef78b29b904fd56a16dd,Minnesota Vikings @ Chicago Bears,Justin Jefferson,bovada,Bovada,recv_yds,Receiving yards,under,58.5,205,99.3717591639,0.4836956522,0.0,0.3278688525,0.3079416532,0.3079416532,79.5,1,1558.267997149,47.527173913,Calibration fitted; not prospectively validated,2026-09-20T13:52:31Z,2026-09-20T17:00:00Z,Sun 1:00 PM ET,Chicago Bears,Minnesota Vikings,5a4f3bf,2026_02_MIN_CHI,55.0,graded,win,2.05
4dd8020192a544385db42374e5555303,Seattle Seahawks @ Arizona Cardinals,Jacoby Brissett,draftkings,DraftKings,pass_tds,Passing touchdowns,over,1.5,204,1.06,0.4821981424,0.0,0.3289473684,0.311584826,0.320994842,1.5,6,1532.5077399381,46.5882352941,Calibration fitted; not prospectively validated,2026-09-20T13:50:10Z,2026-09-20T20:25:00Z,Sun 4:25 PM ET,Arizona Cardinals,Seattle Seahawks,5a4f3bf,2026_02_SEA_ARI,1.0,graded,loss,-1.0
1fd6628c781f556a7a19638e97d7107f,Jacksonville Jaguars @ Denver Broncos,Adam Trautman,betrivers,BetRivers,receptions,Receptions,over,1.5,170,1.6487035805,0.5408805031,0.0,0.3703703704,,0.3583198527,1.5,6,1705.1013277428,46.0377358491,Calibration fitted; not prospectively validated,2026-09-20T13:53:18Z,2026-09-20T20:05:00Z,Sun 4:05 PM ET,Denver Broncos,Jacksonville Jaguars,5a4f3bf,2026_02_JAX_DEN,,no matching game/player result,,
9d14f87600f6edc74dbcb5c74edf6246,Pittsburgh Steelers @ New England Patriots,Rico Dowdle,bovada,Bovada,rush_yds,Rushing yards,under,22.5,190,32.0501296698,0.5,0.0,0.3448275862,0.3231597846,0.3231597846,32.5,1,1551.724137931,45.0,Calibration fitted; not prospectively validated,2026-09-20T13:51:27Z,2026-09-20T17:00:00Z,Sun 1:00 PM ET,New England Patriots,Pittsburgh Steelers,5a4f3bf,2026_02_PIT_NE,22.0,graded,win,1.9
85ef85098ddd22fe4ecf45e7e3c0a9c0,Washington Commanders @ Dallas Cowboys,Jayden Daniels,bovada,Bovada,rush_yds,Rushing yards,under,25.5,190,38.4215721751,0.5,0.0,0.3448275862,0.3231597846,0.3231597846,36.0,1,1551.724137931,45.0,Calibration fitted; not prospectively validated,2026-09-20T13:52:23Z,2026-09-20T20:25:00Z,Sun 4:25 PM ET,Dallas Cowboys,Washington Commanders,5a4f3bf,2026_02_WAS_DAL,69.0,graded,loss,-1.0
68bc55903f50af4af4766adcc89fcc61,Miami Dolphins @ San Francisco 49ers,Malik Willis,bovada,Bovada,pass_yds,Passing yards,under,149.5,190,133.145666369,0.5,0.0,0.3448275862,0.3231597846,0.3231597846,179.5,1,1551.724137931,45.0,Calibration fitted; not prospectively validated,2026-09-20T13:52:32Z,2026-09-20T20:25:00Z,Sun 4:25 PM ET,San Francisco 49ers,Miami Dolphins,5a4f3bf,2026_02_MIA_SF,197.0,graded,loss,-1.0
aee7eae1849ebb103b9bf233e9741392,Carolina Panthers @ Atlanta Falcons,Cooper Rush,bovada,Bovada,pass_yds,Passing yards,under,152.5,190,138.8265997958,0.5,0.0,0.3448275862,0.3231597846,0.3231597846,184.0,1,1551.724137931,45.0,Calibration fitted; not prospectively validated,2026-09-20T13:51:35Z,2026-09-20T17:00:00Z,Sun 1:00 PM ET,Atlanta Falcons,Carolina Panthers,5a4f3bf,2026_02_CAR_ATL,86.0,graded,win,1.9
fafc649c455e32a0f2ba1bd06e2039bc,Philadelphia Eagles @ Tennessee Titans,Cam Ward,bovada,Bovada,pass_yds,Passing yards,under,157.5,190,185.6417638664,0.5,0.0,0.3448275862,0.3231597846,0.3231597846,186.5,1,1551.724137931,45.0,Calibration fitted; not prospectively validated,2026-09-20T13:51:39Z,2026-09-20T17:00:00Z,Sun 1:00 PM ET,Tennessee Titans,Philadelphia Eagles,5a4f3bf,2026_02_PHI_TEN,183.0,graded,loss,-1.0
9d14f87600f6edc74dbcb5c74edf6246,Pittsburgh Steelers @ New England Patriots,Aaron Rodgers,bovada,Bovada,pass_yds,Passing yards,under,176.5,190,187.836643789,0.5,0.0,0.3448275862,0.3231597846,0.3231597846,209.5,1,1551.724137931,45.0,Calibration fitted; not prospectively validated,2026-09-20T13:51:27Z,2026-09-20T17:00:00Z,Sun 1:00 PM ET,New England Patriots,Pittsburgh Steelers,5a4f3bf,2026_02_PIT_NE,187.0,graded,loss,-1.0
4dd8020192a544385db42374e5555303,Seattle Seahawks @ Arizona Cardinals,Jadarian Price,bovada,Bovada,rush_yds,Rushing yards,under,50.5,155,31.7935851559,0.5647668394,0.0,0.3921568627,0.3666469545,0.3666469545,60.5,1,1726.0997663314,44.0155440415,Calibration fitted; not prospectively validated,2026-09-20T13:51:34Z,2026-09-20T20:25:00Z,Sun 4:25 PM ET,Arizona Cardinals,Seattle Seahawks,5a4f3bf,2026_02_SEA_ARI,52.0,graded,loss,-1.0
0283a29e1b38ef78b29b904fd56a16dd,Minnesota Vikings @ Chicago Bears,Caleb Williams,bovada,Bovada,rush_yds,Rushing yards,under,17.5,230,37.2876075334,0.4352331606,0.0,0.303030303,0.2845528455,0.2845528455,27.5,1,1322.0285759146,43.6269430052,Calibration fitted; not prospectively validated,2026-09-20T13:52:31Z,2026-09-20T17:00:00Z,Sun 1:00 PM ET,Chicago Bears,Minnesota Vikings,5a4f3bf,2026_02_MIN_CHI,42.0,graded,loss,-1.0
68bc55903f50af4af4766adcc89fcc61,Miami Dolphins @ San Francisco 49ers,Kaelon Black,bovada,Bovada,rush_yds,Rushing yards,under,27.5,185,39.2446118223,0.5,0.0,0.350877193,0.3294117647,0.3294117647,37.5,1,1491.2280701754,42.5,Calibration fitted; not prospectively validated,2026-09-20T13:52:32Z,2026-09-20T20:25:00Z,Sun 4:25 PM ET,San Francisco 49ers,Miami Dolphins,5a4f3bf,2026_02_MIA_SF,25.0,graded,win,1.85
68bc55903f50af4af4766adcc89fcc61,Miami Dolphins @ San Francisco 49ers,Malik Willis,bovada,Bovada,rush_yds,Rushing yards,under,27.5,185,30.4690873388,0.5,0.0,0.350877193,0.3294117647,0.3294117647,37.5,1,1491.2280701754,42.5,Calibration fitted; not prospectively validated,2026-09-20T13:52:32Z,2026-09-20T20:25:00Z,Sun 4:25 PM ET,San Francisco 49ers,Miami Dolphins,5a4f3bf,2026_02_MIA_SF,6.0,graded,win,1.85
9d14f87600f6edc74dbcb5c74edf6246,Pittsburgh Steelers @ New England Patriots,Drake Maye,bovada,Bovada,rush_yds,Rushing yards,over,38.5,185,35.3559754784,0.5,0.0,0.350877193,0.3294117647,0.3294117647,27.5,1,1491.2280701754,42.5,Calibration fitted; not prospectively validated,2026-09-20T13:51:27Z,2026-09-20T17:00:00Z,Sun 1:00 PM ET,New England Patriots,Pittsburgh Steelers,5a4f3bf,2026_02_PIT_NE,17.0,graded,loss,-1.0
71b3b83747589efdc5baef2c5cf811bf,Las Vegas Raiders @ Los Angeles Chargers,Kirk Cousins,bovada,Bovada,pass_yds,Passing yards,under,162.5,185,221.3650078481,0.5,0.0,0.350877193,0.3294117647,0.3294117647,192.5,1,1491.2280701754,42.5,Calibration fitted; not prospectively validated,2026-09-20T13:53:09Z,2026-09-20T20:05:00Z,Sun 4:05 PM ET,Los Angeles Chargers,Las Vegas Raiders,5a4f3bf,2026_02_LV_LAC,253.0,graded,loss,-1.0
4dd8020192a544385db42374e5555303,Seattle Seahawks @ Arizona Cardinals,Drew Lock,bovada,Bovada,pass_yds,Passing yards,under,174.5,185,177.2992273089,0.5,0.0,0.350877193,0.3294117647,0.3294117647,206.0,1,1491.2280701754,42.5,Calibration fitted; not prospectively validated,2026-09-20T13:51:34Z,2026-09-20T20:25:00Z,Sun 4:25 PM ET,Arizona Cardinals,Seattle Seahawks,5a4f3bf,2026_02_SEA_ARI,235.0,graded,loss,-1.0
fafc649c455e32a0f2ba1bd06e2039bc,Philadelphia Eagles @ Tennessee Titans,Jalen Hurts,bovada,Bovada,pass_yds,Passing yards,under,175.5,185,166.204708551,0.5,0.0,0.350877193,0.3294117647,0.3294117647,205.5,1,1491.2280701754,42.5,Calibration fitted; not prospectively validated,2026-09-20T13:51:39Z,2026-09-20T17:00:00Z,Sun 1:00 PM ET,Tennessee Titans,Philadelphia Eagles,5a4f3bf,2026_02_PHI_TEN,264.0,graded,loss,-1.0
4aeee070bb6ec60bdfae4dede61b9014,Green Bay Packers @ New York Jets,Geno Smith,bovada,Bovada,pass_yds,Passing yards,under,177.5,185,228.5141023757,0.5,0.0,0.350877193,0.3294117647,0.3294117647,207.5,1,1491.2280701754,42.5,Calibration fitted; not prospectively validated,2026-09-20T13:51:28Z,2026-09-20T17:00:00Z,Sun 1:00 PM ET,New York Jets,Green Bay Packers,5a4f3bf,2026_02_GB_NYJ,247.0,graded,loss,-1.0
2143ade9684fd876b68a4e8cbf451f05,New Orleans Saints @ Baltimore Ravens,Lamar Jackson,bovada,Bovada,pass_yds,Passing yards,under,181.5,185,207.8171520148,0.5,0.0,0.350877193,0.3294117647,0.3294117647,211.5,1,1491.2280701754,42.5,Calibration fitted; not prospectively validated,2026-09-20T13:51:43Z,2026-09-20T17:00:00Z,Sun 1:00 PM ET,Baltimore Ravens,New Orleans Saints,5a4f3bf,2026_02_NO_BAL,235.0,graded,loss,-1.0
0283a29e1b38ef78b29b904fd56a16dd,Minnesota Vikings @ Chicago Bears,Carson Wentz,bovada,Bovada,pass_yds,Passing yards,under,184.5,185,202.0355022385,0.5,0.0,0.350877193,0.3294117647,0.3294117647,214.5,1,1491.2280701754,42.5,Calibration fitted; not prospectively validated,2026-09-20T13:52:31Z,2026-09-20T17:00:00Z,Sun 1:00 PM ET,Chicago Bears,Minnesota Vikings,5a4f3bf,2026_02_MIN_CHI,143.0,graded,win,1.85
0636ebff776d43f8c829a36713c80b22,Cleveland Browns @ Tampa Bay Buccaneers,Baker Mayfield,bovada,Bovada,pass_yds,Passing yards,under,186.5,185,265.7731259976,0.5,0.0,0.350877193,0.3294117647,0.3294117647,216.5,1,1491.2280701754,42.5,Calibration fitted; not prospectively validated,2026-09-20T13:52:14Z,2026-09-20T17:00:00Z,Sun 1:00 PM ET,Tampa Bay Buccaneers,Cleveland Browns,5a4f3bf,2026_02_CLE_TB,182.0,graded,win,1.85
50bc247030707d823b9c3581d7eb5760,Indianapolis Colts @ Kansas City Chiefs,Daniel Jones,bovada,Bovada,pass_yds,Passing yards,under,187.5,185,160.4570856503,0.5,0.0,0.350877193,0.3294117647,0.3294117647,217.5,1,1491.2280701754,42.5,Calibration fitted; not prospectively validated,2026-09-20T13:52:07Z,2026-09-21T00:20:00Z,Sun 8:20 PM ET,Kansas City Chiefs,Indianapolis Colts,5a4f3bf,2026_02_IND_KC,210.0,graded,loss,-1.0
4dd8020192a544385db42374e5555303,Seattle Seahawks @ Arizona Cardinals,Jacoby Brissett,bovada,Bovada,pass_yds,Passing yards,under,188.5,185,231.9370951797,0.5,0.0,0.350877193,0.3294117647,0.3294117647,216.5,1,1491.2280701754,42.5,Calibration fitted; not prospectively validated,2026-09-20T13:51:34Z,2026-09-20T20:25:00Z,Sun 4:25 PM ET,Arizona Cardinals,Seattle Seahawks,5a4f3bf,2026_02_SEA_ARI,95.0,graded,win,1.85
50bc247030707d823b9c3581d7eb5760,Indianapolis Colts @ Kansas City Chiefs,Patrick Mahomes,bovada,Bovada,pass_yds,Passing yards,under,189.5,185,197.5101956449,0.5,0.0,0.350877193,0.3294117647,0.3294117647,220.5,1,1491.2280701754,42.5,Calibration fitted; not prospectively validated,2026-09-20T13:52:07Z,2026-09-21T00:20:00Z,Sun 8:20 PM ET,Kansas City Chiefs,Indianapolis Colts,5a4f3bf,2026_02_IND_KC,382.0,graded,loss,-1.0
aee7eae1849ebb103b9bf233e9741392,Carolina Panthers @ Atlanta Falcons,Bryce Young,bovada,Bovada,pass_yds,Passing yards,under,191.5,185,202.1206123227,0.5,0.0,0.350877193,0.3294117647,0.3294117647,221.5,1,1491.2280701754,42.5,Calibration fitted; not prospectively validated,2026-09-20T13:51:35Z,2026-09-20T17:00:00Z,Sun 1:00 PM ET,Atlanta Falcons,Carolina Panthers,5a4f3bf,2026_02_CAR_ATL,287.0,graded,loss,-1.0
1fd6628c781f556a7a19638e97d7107f,Jacksonville Jaguars @ Denver Broncos,Bo Nix,bovada,Bovada,pass_yds,Passing yards,under,191.5,185,188.0764223869,0.5,0.0,0.350877193,0.3294117647,0.3294117647,221.5,1,1491.2280701754,42.5,Calibration fitted; not prospectively validated,2026-09-20T13:53:02Z,2026-09-20T20:05:00Z,Sun 4:05 PM ET,Denver Broncos,Jacksonville Jaguars,5a4f3bf,2026_02_JAX_DEN,288.0,graded,loss,-1.0
36ad2fa722f4915ef23d2c81351261de,Cincinnati Bengals @ Houston Texans,C.J. Stroud,bovada,Bovada,pass_yds,Passing yards,under,192.5,185,286.2740617898,0.5,0.0,0.350877193,0.3294117647,0.3294117647,219.0,1,1491.2280701754,42.5,Calibration fitted; not prospectively validated,2026-09-20T13:51:54Z,2026-09-20T17:00:00Z,Sun 1:00 PM ET,Houston Texans,Cincinnati Bengals,5a4f3bf,2026_02_CIN_HOU,353.0,graded,loss,-1.0
1fd6628c781f556a7a19638e97d7107f,Jacksonville Jaguars @ Denver Broncos,Trevor Lawrence,bovada,Bovada,pass_yds,Passing yards,under,193.5,185,233.9153656249,0.5,0.0,0.350877193,0.3294117647,0.3294117647,223.5,1,1491.2280701754,42.5,Calibration fitted; not prospectively validated,2026-09-20T13:53:02Z,2026-09-20T20:05:00Z,Sun 4:05 PM ET,Denver Broncos,Jacksonville Jaguars,5a4f3bf,2026_02_JAX_DEN,189.0,graded,win,1.85
85ef85098ddd22fe4ecf45e7e3c0a9c0,Washington Commanders @ Dallas Cowboys,Jayden Daniels,bovada,Bovada,pass_yds,Passing yards,under,193.5,185,154.4678768423,0.5,0.0,0.350877193,0.3294117647,0.3294117647,222.5,1,1491.2280701754,42.5,Calibration fitted; not prospectively validated,2026-09-20T13:52:23Z,2026-09-20T20:25:00Z,Sun 4:25 PM ET,Dallas Cowboys,Washington Commanders,5a4f3bf,2026_02_WAS_DAL,96.0,graded,win,1.85
9d14f87600f6edc74dbcb5c74edf6246,Pittsburgh Steelers @ New England Patriots,Drake Maye,bovada,Bovada,pass_yds,Passing yards,under,195.5,185,220.2945987698,0.5,0.0,0.350877193,0.3294117647,0.3294117647,225.5,1,1491.2280701754,42.5,Calibration fitted; not prospectively validated,2026-09-20T13:51:27Z,2026-09-20T17:00:00Z,Sun 1:00 PM ET,New England Patriots,Pittsburgh Steelers,5a4f3bf,2026_02_PIT_NE,208.0,graded,loss,-1.0
71b3b83747589efdc5baef2c5cf811bf,Las Vegas Raiders @ Los Angeles Chargers,Justin Herbert,bovada,Bovada,pass_yds,Passing yards,under,195.5,185,248.7888408569,0.5,0.0,0.350877193,0.3294117647,0.3294117647,225.5,1,1491.2280701754,42.5,Calibration fitted; not prospectively validated,2026-09-20T13:53:09Z,2026-09-20T20:05:00Z,Sun 4:05 PM ET,Los Angeles Chargers,Las Vegas Raiders,5a4f3bf,2026_02_LV_LAC,192.0,graded,win,1.85
0283a29e1b38ef78b29b904fd56a16dd,Minnesota Vikings @ Chicago Bears,Caleb Williams,bovada,Bovada,pass_yds,Passing yards,under,199.5,185,304.2618132222,0.5,0.0,0.350877193,0.3294117647,0.3294117647,227.5,1,1491.2280701754,42.5,Calibration fitted; not prospectively validated,2026-09-20T13:52:31Z,2026-09-20T17:00:00Z,Sun 1:00 PM ET,Chicago Bears,Minnesota Vikings,5a4f3bf,2026_02_MIN_CHI,138.0,graded,win,1.85
2143ade9684fd876b68a4e8cbf451f05,New Orleans Saints @ Baltimore Ravens,Tyler Shough,bovada,Bovada,pass_yds,Passing yards,under,200.5,185,206.7715796072,0.5,0.0,0.350877193,0.3294117647,0.3294117647,230.5,1,1491.2280701754,42.5,Calibration fitted; not prospectively validated,2026-09-20T13:51:43Z,2026-09-20T17:00:00Z,Sun 1:00 PM ET,Baltimore Ravens,New Orleans Saints,5a4f3bf,2026_02_NO_BAL,252.0,graded,loss,-1.0
68bc55903f50af4af4766adcc89fcc61,Miami Dolphins @ San Francisco 49ers,Brock Purdy,bovada,Bovada,pass_yds,Passing yards,under,209.5,185,240.0173630162,0.5,0.0,0.350877193,0.3294117647,0.3294117647,239.0,1,1491.2280701754,42.5,Calibration fitted; not prospectively validated,2026-09-20T13:52:32Z,2026-09-20T20:25:00Z,Sun 4:25 PM ET,San Francisco 49ers,Miami Dolphins,5a4f3bf,2026_02_MIA_SF,287.0,graded,loss,-1.0
36ad2fa722f4915ef23d2c81351261de,Cincinnati Bengals @ Houston Texans,Joe Burrow,bovada,Bovada,pass_yds,Passing yards,under,218.5,185,268.5615754707,0.5,0.0,0.350877193,0.3294117647,0.3294117647,248.5,1,1491.2280701754,42.5,Calibration fitted; not prospectively validated,2026-09-20T13:51:54Z,2026-09-20T17:00:00Z,Sun 1:00 PM ET,Houston Texans,Cincinnati Bengals,5a4f3bf,2026_02_CIN_HOU,207.0,graded,win,1.85
56e8897681915f7ec92baeee952bb1ae,Detroit Lions @ Buffalo Bills,Josh Allen,bovada,Bovada,pass_yds,Passing yards,under,222.5,185,283.8054330878,0.5,0.0,0.350877193,0.3294117647,0.3294117647,253.0,1,1491.2280701754,42.5,Calibration fitted; not prospectively validated,2026-09-17T21:28:03Z,2026-09-18T00:15:00Z,Thu 8:15 PM ET,Buffalo Bills,Detroit Lions,13c730d,2026_02_DET_BUF,248.0,graded,loss,-1.0
56e8897681915f7ec92baeee952bb1ae,Detroit Lions @ Buffalo Bills,Jared Goff,bovada,Bovada,pass_yds,Passing yards,under,229.5,185,237.3738391165,0.5,0.0,0.350877193,0.3294117647,0.3294117647,259.5,1,1491.2280701754,42.5,Calibration fitted; not prospectively validated,2026-09-17T21:28:03Z,2026-09-18T00:15:00Z,Thu 8:15 PM ET,Buffalo Bills,Detroit Lions,13c730d,2026_02_DET_BUF,327.0,graded,loss,-1.0
9d14f87600f6edc74dbcb5c74edf6246,Pittsburgh Steelers @ New England Patriots,Pat Freiermuth,bovada,Bovada,recv_yds,Receiving yards,under,21.5,185,37.6548921816,0.4985632184,0.0,0.350877193,0.3294117647,0.3294117647,31.5,1,1476.8602540835,42.0905172414,Calibration fitted; not prospectively validated,2026-09-20T13:51:27Z,2026-09-20T17:00:00Z,Sun 1:00 PM ET,New England Patriots,Pittsburgh Steelers,5a4f3bf,2026_02_PIT_NE,32.0,graded,loss,-1.0
36ad2fa722f4915ef23d2c81351261de,Cincinnati Bengals @ Houston Texans,Woody Marks,bovada,Bovada,rush_yds,Rushing yards,under,19.5,225,37.1400924826,0.4352331606,0.0,0.3076923077,0.2892416226,0.2892416226,29.5,1,1275.4085292945,41.4507772021,Calibration fitted; not prospectively validated,2026-09-20T13:51:54Z,2026-09-20T17:00:00Z,Sun 1:00 PM ET,Houston Texans,Cincinnati Bengals,5a4f3bf,2026_02_CIN_HOU,8.0,graded,win,2.25
71b3b83747589efdc5baef2c5cf811bf,Las Vegas Raiders @ Los Angeles Chargers,Omarion Hampton,bovada,Bovada,rush_yds,Rushing yards,under,52.5,150,38.1659673042,0.5647668394,0.0,0.4,0.375,0.375,62.5,1,1647.6683937824,41.1917098446,Calibration fitted; not prospectively validated,2026-09-20T13:53:09Z,2026-09-20T20:05:00Z,Sun 4:05 PM ET,Los Angeles Chargers,Las Vegas Raiders,5a4f3bf,2026_02_LV_LAC,94.0,graded,loss,-1.0
2143ade9684fd876b68a4e8cbf451f05,New Orleans Saints @ Baltimore Ravens,Derrick Henry,fanduel,FanDuel,receptions,Receptions,over,1.5,182,1.4947397928,0.5,0.0,0.3546099291,0.3317535545,0.3470031546,1.5,5,1453.9007092199,41.0,Calibration fitted; not prospectively validated,2026-09-20T13:53:08Z,2026-09-20T17:00:00Z,Sun 1:00 PM ET,Baltimore Ravens,New Orleans Saints,5a4f3bf,2026_02_NO_BAL,3.0,graded,win,1.82
68bc55903f50af4af4766adcc89fcc61,Miami Dolphins @ San Francisco 49ers,Malik Washington,bovada,Bovada,recv_yds,Receiving yards,under,23.5,180,24.8329078989,0.5,0.0,0.3571428571,0.3346265761,0.3346265761,33.5,1,1428.5714285714,40.0,Calibration fitted; not prospectively validated,2026-09-20T13:52:32Z,2026-09-20T20:25:00Z,Sun 4:25 PM ET,San Francisco 49ers,Miami Dolphins,5a4f3bf,2026_02_MIA_SF,43.0,graded,loss,-1.0
85ef85098ddd22fe4ecf45e7e3c0a9c0,Washington Commanders @ Dallas Cowboys,Dak Prescott,bovada,Bovada,pass_yds,Passing yards,under,236.5,180,239.0383157732,0.5,0.0,0.3571428571,0.3346265761,0.3346265761,266.5,1,1428.5714285714,40.0,Calibration fitted; not prospectively validated,2026-09-20T13:52:23Z,2026-09-20T20:25:00Z,Sun 4:25 PM ET,Dallas Cowboys,Washington Commanders,5a4f3bf,2026_02_WAS_DAL,279.0,graded,loss,-1.0
0636ebff776d43f8c829a36713c80b22,Cleveland Browns @ Tampa Bay Buccaneers,Denzel Boston,bovada,Bovada,recv_yds,Receiving yards,under,20.5,180,32.329960051,0.4985632184,0.0,0.3571428571,0.3346265761,0.3346265761,30.5,1,1414.2036124795,39.5977011494,Calibration fitted; not prospectively validated,2026-09-20T13:52:14Z,2026-09-20T17:00:00Z,Sun 1:00 PM ET,Tampa Bay Buccaneers,Cleveland Browns,5a4f3bf,2026_02_CLE_TB,95.0,graded,loss,-1.0
fafc649c455e32a0f2ba1bd06e2039bc,Philadelphia Eagles @ Tennessee Titans,Dontayvion Wicks,bovada,Bovada,recv_yds,Receiving yards,under,20.5,180,32.0819976991,0.4985632184,0.0,0.3571428571,0.3346265761,0.3346265761,30.5,1,1414.2036124795,39.5977011494,Calibration fitted; not prospectively validated,2026-09-20T13:51:39Z,2026-09-20T17:00:00Z,Sun 1:00 PM ET,Tennessee Titans,Philadelphia Eagles,5a4f3bf,2026_02_PHI_TEN,74.0,graded,loss,-1.0
aee7eae1849ebb103b9bf233e9741392,Carolina Panthers @ Atlanta Falcons,Kyle Pitts,bovada,Bovada,recv_yds,Receiving yards,under,21.5,175,24.9878802745,0.5,0.0,0.3636363636,0.34,0.34,31.5,1,1363.6363636364,37.5,Calibration fitted; not prospectively validated,2026-09-20T13:51:35Z,2026-09-20T17:00:00Z,Sun 1:00 PM ET,Atlanta Falcons,Carolina Panthers,5a4f3bf,2026_02_CAR_ATL,15.0,graded,win,1.75
1fd6628c781f556a7a19638e97d7107f,Jacksonville Jaguars @ Denver Broncos,Brenton Strange,bovada,Bovada,recv_yds,Receiving yards,under,21.5,175,22.6638277706,0.5,0.0,0.3636363636,0.34,0.34,31.5,1,1363.6363636364,37.5,Calibration fitted; not prospectively validated,2026-09-20T13:53:02Z,2026-09-20T20:05:00Z,Sun 4:05 PM ET,Denver Broncos,Jacksonville Jaguars,5a4f3bf,2026_02_JAX_DEN,17.0,graded,win,1.75
9d14f87600f6edc74dbcb5c74edf6246,Pittsburgh Steelers @ New England Patriots,Roman Wilson,bovada,Bovada,recv_yds,Receiving yards,under,22.5,175,23.1538068791,0.5,0.0,0.3636363636,0.34,0.34,33.0,1,1363.6363636364,37.5,Calibration fitted; not prospectively validated,2026-09-20T13:51:27Z,2026-09-20T17:00:00Z,Sun 1:00 PM ET,New England Patriots,Pittsburgh Steelers,5a4f3bf,2026_02_PIT_NE,28.0,graded,loss,-1.0
71b3b83747589efdc5baef2c5cf811bf,Las Vegas Raiders @ Los Angeles Chargers,Tre Harris,bovada,Bovada,recv_yds,Receiving yards,under,22.5,175,26.0194780807,0.5,0.0,0.3636363636,0.34,0.34,32.5,1,1363.6363636364,37.5,Calibration fitted; not prospectively validated,2026-09-20T13:53:09Z,2026-09-20T20:05:00Z,Sun 4:05 PM ET,Los Angeles Chargers,Las Vegas Raiders,5a4f3bf,2026_02_LV_LAC,53.0,graded,loss,-1.0
4dd8020192a544385db42374e5555303,Seattle Seahawks @ Arizona Cardinals,Jeremiyah Love,bovada,Bovada,rush_yds,Rushing yards,under,27.5,175,32.8905721021,0.5,0.0,0.3636363636,0.34,0.34,36.5,1,1363.6363636364,37.5,Calibration fitted; not prospectively validated,2026-09-20T13:51:34Z,2026-09-20T20:25:00Z,Sun 4:25 PM ET,Arizona Cardinals,Seattle Seahawks,5a4f3bf,2026_02_SEA_ARI,29.0,graded,loss,-1.0
2143ade9684fd876b68a4e8cbf451f05,New Orleans Saints @ Baltimore Ravens,Travis Etienne,bovada,Bovada,rush_yds,Rushing yards,under,31.5,175,44.7820581139,0.5,0.0,0.3636363636,0.34,0.34,40.5,1,1363.6363636364,37.5,Calibration fitted; not prospectively validated,2026-09-20T13:51:43Z,2026-09-20T17:00:00Z,Sun 1:00 PM ET,Baltimore Ravens,New Orleans Saints,5a4f3bf,2026_02_NO_BAL,25.0,graded,win,1.75
9d14f87600f6edc74dbcb5c74edf6246,Pittsburgh Steelers @ New England Patriots,Jaylen Warren,bovada,Bovada,rush_yds,Rushing yards,under,33.5,175,36.5254251358,0.5,0.0,0.3636363636,0.34,0.34,43.5,1,1363.6363636364,37.5,Calibration fitted; not prospectively validated,2026-09-20T13:51:27Z,2026-09-20T17:00:00Z,Sun 1:00 PM ET,New England Patriots,Pittsburgh Steelers,5a4f3bf,2026_02_PIT_NE,43.0,graded,loss,-1.0
71b3b83747589efdc5baef2c5cf811bf,Las Vegas Raiders @ Los Angeles Chargers,Jalen Nailor,bovada,Bovada,recv_yds,Receiving yards,under,22.5,175,28.3271694836,0.4989858012,0.0,0.3636363636,0.34,0.34,32.5,1,1353.4943758067,37.2210953347,Calibration fitted; not prospectively validated,2026-09-20T13:53:09Z,2026-09-20T20:05:00Z,Sun 4:05 PM ET,Los Angeles Chargers,Las Vegas Raiders,5a4f3bf,2026_02_LV_LAC,9.0,graded,win,1.75
0636ebff776d43f8c829a36713c80b22,Cleveland Browns @ Tampa Bay Buccaneers,KC Concepcion,bovada,Bovada,recv_yds,Receiving yards,under,22.5,175,41.5252912523,0.4985632184,0.0,0.3636363636,0.34,0.34,32.5,1,1349.2685475444,37.1048850575,Calibration fitted; not prospectively validated,2026-09-20T13:52:14Z,2026-09-20T17:00:00Z,Sun 1:00 PM ET,Tampa Bay Buccaneers,Cleveland Browns,5a4f3bf,2026_02_CLE_TB,28.0,graded,loss,-1.0
fafc649c455e32a0f2ba1bd06e2039bc,Philadelphia Eagles @ Tennessee Titans,Jalen Hurts,bovada,Bovada,rush_yds,Rushing yards,under,21.5,215,38.0939837242,0.4352331606,0.0,0.3174603175,0.2973977695,0.2973977695,30.5,1,1177.7284316144,37.0984455959,Calibration fitted; not prospectively validated,2026-09-20T13:51:39Z,2026-09-20T17:00:00Z,Sun 1:00 PM ET,Tennessee Titans,Philadelphia Eagles,5a4f3bf,2026_02_PHI_TEN,16.0,graded,win,2.15
2143ade9684fd876b68a4e8cbf451f05,New Orleans Saints @ Baltimore Ravens,Travis Etienne,betmgm,BetMGM,receptions,Receptions,over,2.5,150,2.9084997954,0.5475728155,0.0,0.4,0.375,0.375,1.5,1,1475.7281553398,36.8932038835,Calibration fitted; not prospectively validated,2026-09-20T13:53:23Z,2026-09-20T17:00:00Z,Sun 1:00 PM ET,Baltimore Ravens,New Orleans Saints,5a4f3bf,2026_02_NO_BAL,2.0,graded,loss,-1.0
2143ade9684fd876b68a4e8cbf451f05,New Orleans Saints @ Baltimore Ravens,Alvin Kamara,bovada,Bovada,receptions,Receptions,over,2.5,150,3.1151952715,0.5475728155,0.0,0.4,0.375,0.3783565712,2.5,4,1475.7281553398,36.8932038835,Calibration fitted; not prospectively validated,2026-09-20T13:51:43Z,2026-09-20T17:00:00Z,Sun 1:00 PM ET,Baltimore Ravens,New Orleans Saints,5a4f3bf,2026_02_NO_BAL,5.0,graded,win,1.5
36ad2fa722f4915ef23d2c81351261de,Cincinnati Bengals @ Houston Texans,David Montgomery,betonlineag,BetOnline.ag,receptions,Receptions,over,2.5,152,2.6366506892,0.5408805031,0.0,0.3968253968,0.3731343284,0.3731343284,1.5,1,1440.5510631926,36.3018867925,Calibration fitted; not prospectively validated,2026-09-20T13:53:14Z,2026-09-20T17:00:00Z,Sun 1:00 PM ET,Houston Texans,Cincinnati Bengals,5a4f3bf,2026_02_CIN_HOU,2.0,graded,loss,-1.0
50bc247030707d823b9c3581d7eb5760,Indianapolis Colts @ Kansas City Chiefs,Noah Gray,fanduel,FanDuel,receptions,Receptions,over,1.5,148,2.1032131012,0.5475728155,0.0,0.4032258065,0.3768844221,0.3889018676,1.5,5,1443.4700908237,35.7980582524,Calibration fitted; not prospectively validated,2026-09-20T13:52:59Z,2026-09-21T00:20:00Z,Sun 8:20 PM ET,Kansas City Chiefs,Indianapolis Colts,5a4f3bf,2026_02_IND_KC,0.0,graded,loss,-1.0
aee7eae1849ebb103b9bf233e9741392,Carolina Panthers @ Atlanta Falcons,Darren Waller,fanduel,FanDuel,receptions,Receptions,over,2.5,148,3.9211319772,0.5475728155,0.0,0.4032258065,0.3768844221,0.3799427357,1.5,2,1443.4700908237,35.7980582524,Calibration fitted; not prospectively validated,2026-09-20T13:52:58Z,2026-09-20T17:00:00Z,Sun 1:00 PM ET,Atlanta Falcons,Carolina Panthers,5a4f3bf,2026_02_CAR_ATL,3.0,graded,win,1.48
50bc247030707d823b9c3581d7eb5760,Indianapolis Colts @ Kansas City Chiefs,Keenan Allen,bovada,Bovada,recv_yds,Receiving yards,under,20.5,180,57.5085263669,0.4836956522,0.0,0.3571428571,0.3346265761,0.3346265761,30.5,1,1265.5279503106,35.4347826087,Calibration fitted; not prospectively validated,2026-09-20T13:52:07Z,2026-09-21T00:20:00Z,Sun 8:20 PM ET,Kansas City Chiefs,Indianapolis Colts,5a4f3bf,2026_02_IND_KC,5.0,graded,win,1.8
36ad2fa722f4915ef23d2c81351261de,Cincinnati Bengals @ Houston Texans,Dalton Schultz,bovada,Bovada,recv_yds,Receiving yards,over,53.5,180,33.225663856,0.4836956522,0.0,0.3571428571,0.3346265761,0.3346265761,43.5,1,1265.5279503106,35.4347826087,Calibration fitted; not prospectively validated,2026-09-20T13:51:54Z,2026-09-20T17:00:00Z,Sun 1:00 PM ET,Houston Texans,Cincinnati Bengals,5a4f3bf,2026_02_CIN_HOU,140.0,graded,win,1.8
36ad2fa722f4915ef23d2c81351261de,Cincinnati Bengals @ Houston Texans,Xavier Hutchinson,bovada,Bovada,recv_yds,Receiving yards,under,23.5,170,28.2036147398,0.5,0.0,0.3703703704,0.3470031546,0.3470031546,32.5,1,1296.2962962963,35.0,Calibration fitted; not prospectively validated,2026-09-20T13:51:54Z,2026-09-20T17:00:00Z,Sun 1:00 PM ET,Houston Texans,Cincinnati Bengals,5a4f3bf,2026_02_CIN_HOU,37.0,graded,loss,-1.0
71b3b83747589efdc5baef2c5cf811bf,Las Vegas Raiders @ Los Angeles Chargers,Tre Tucker,bovada,Bovada,recv_yds,Receiving yards,under,24.5,170,27.9457121333,0.5,0.0,0.3703703704,0.3470031546,0.3470031546,36.5,1,1296.2962962963,35.0,Calibration fitted; not prospectively validated,2026-09-20T13:53:09Z,2026-09-20T20:05:00Z,Sun 4:05 PM ET,Los Angeles Chargers,Las Vegas Raiders,5a4f3bf,2026_02_LV_LAC,119.0,graded,loss,-1.0
2143ade9684fd876b68a4e8cbf451f05,New Orleans Saints @ Baltimore Ravens,Lamar Jackson,bovada,Bovada,rush_yds,Rushing yards,under,30.5,170,42.9592064153,0.5,0.0,0.3703703704,0.3470031546,0.3470031546,39.5,1,1296.2962962963,35.0,Calibration fitted; not prospectively validated,2026-09-20T13:51:43Z,2026-09-20T17:00:00Z,Sun 1:00 PM ET,Baltimore Ravens,New Orleans Saints,5a4f3bf,2026_02_NO_BAL,34.0,graded,loss,-1.0
85ef85098ddd22fe4ecf45e7e3c0a9c0,Washington Commanders @ Dallas Cowboys,Jacory Croskey-Merritt,bovada,Bovada,rush_yds,Rushing yards,under,42.5,170,42.7080487647,0.5,0.0,0.3703703704,0.3470031546,0.3470031546,51.5,1,1296.2962962963,35.0,Calibration fitted; not prospectively validated,2026-09-20T13:52:23Z,2026-09-20T20:25:00Z,Sun 4:25 PM ET,Dallas Cowboys,Washington Commanders,5a4f3bf,2026_02_WAS_DAL,43.0,graded,loss,-1.0
56e8897681915f7ec92baeee952bb1ae,Detroit Lions @ Buffalo Bills,Josh Allen,bovada,Bovada,rush_yds,Rushing yards,over,44.5,170,35.1475875175,0.5,0.0,0.3703703704,0.3470031546,0.3470031546,32.5,1,1296.2962962963,35.0,Calibration fitted; not prospectively validated,2026-09-17T21:28:03Z,2026-09-18T00:15:00Z,Thu 8:15 PM ET,Buffalo Bills,Detroit Lions,13c730d,2026_02_DET_BUF,69.0,graded,win,1.7
0283a29e1b38ef78b29b904fd56a16dd,Minnesota Vikings @ Chicago Bears,Kyle Monangai,bovada,Bovada,rush_yds,Rushing yards,over,46.5,170,48.2271891738,0.5,0.0,0.3703703704,0.3470031546,0.3470031546,36.5,1,1296.2962962963,35.0,Calibration fitted; not prospectively validated,2026-09-20T13:52:31Z,2026-09-20T17:00:00Z,Sun 1:00 PM ET,Chicago Bears,Minnesota Vikings,5a4f3bf,2026_02_MIN_CHI,47.0,graded,win,1.7
fafc649c455e32a0f2ba1bd06e2039bc,Philadelphia Eagles @ Tennessee Titans,Tony Pollard,bovada,Bovada,rush_yds,Rushing yards,over,49.5,170,52.1864476086,0.5,0.0,0.3703703704,0.3470031546,0.3470031546,40.0,1,1296.2962962963,35.0,Calibration fitted; not prospectively validated,2026-09-20T13:51:39Z,2026-09-20T17:00:00Z,Sun 1:00 PM ET,Tennessee Titans,Philadelphia Eagles,5a4f3bf,2026_02_PHI_TEN,64.0,graded,win,1.7
0283a29e1b38ef78b29b904fd56a16dd,Minnesota Vikings @ Chicago Bears,Kalif Raymond,betrivers,BetRivers,receptions,Receptions,over,2.5,133,4.4061523007,0.5789473684,0.0,0.4291845494,,0.4170324846,2.5,5,1497.6281906483,34.8947368421,Calibration fitted; not prospectively validated,2026-09-20T13:52:52Z,2026-09-20T17:00:00Z,Sun 1:00 PM ET,Chicago Bears,Minnesota Vikings,5a4f3bf,2026_02_MIN_CHI,5.0,graded,win,1.33
56e8897681915f7ec92baeee952bb1ae,Detroit Lions @ Buffalo Bills,Jahmyr Gibbs,bovada,Bovada,recv_yds,Receiving yards,under,21.5,170,28.6502588499,0.4989858012,0.0,0.3703703704,0.3470031546,0.3470031546,31.0,1,1286.1543084667,34.7261663286,Calibration fitted; not prospectively validated,2026-09-17T21:28:03Z,2026-09-18T00:15:00Z,Thu 8:15 PM ET,Buffalo Bills,Detroit Lions,13c730d,2026_02_DET_BUF,61.0,graded,loss,-1.0
4aeee070bb6ec60bdfae4dede61b9014,Green Bay Packers @ New York Jets,Adonai Mitchell,bovada,Bovada,recv_yds,Receiving yards,under,23.5,170,52.8310329491,0.4985632184,0.0,0.3703703704,0.3470031546,0.3470031546,34.0,1,1281.9284802043,34.6120689655,Calibration fitted; not prospectively validated,2026-09-20T13:51:28Z,2026-09-20T17:00:00Z,Sun 1:00 PM ET,New York Jets,Green Bay Packers,5a4f3bf,2026_02_GB_NYJ,63.0,graded,loss,-1.0
4dd8020192a544385db42374e5555303,Seattle Seahawks @ Arizona Cardinals,Marvin Harrison,bovada,Bovada,recv_yds,Receiving yards,under,24.5,170,42.8933921874,0.4985632184,0.0,0.3703703704,0.3470031546,0.3470031546,34.5,1,1281.9284802043,34.6120689655,Calibration fitted; not prospectively validated,2026-09-20T13:51:34Z,2026-09-20T20:25:00Z,Sun 4:25 PM ET,Arizona Cardinals,Seattle Seahawks,5a4f3bf,2026_02_SEA_ARI,0.0,graded,win,1.7
aee7eae1849ebb103b9bf233e9741392,Carolina Panthers @ Atlanta Falcons,Cooper Rush,fanduel,FanDuel,rush_yds,Rushing yards,over,0.5,136,9.868878958,0.5647668394,0.0,0.4237288136,0.4002103295,0.4084720121,0.5,3,1410.3802581892,33.2849740933,Calibration fitted; not prospectively validated,2026-09-20T13:52:58Z,2026-09-20T17:00:00Z,Sun 1:00 PM ET,Atlanta Falcons,Carolina Panthers,5a4f3bf,2026_02_CAR_ATL,20.0,graded,win,1.36
71b3b83747589efdc5baef2c5cf811bf,Las Vegas Raiders @ Los Angeles Chargers,Kirk Cousins,fanduel,FanDuel,rush_yds,Rushing yards,over,0.5,136,9.317711539,0.5647668394,0.0,0.4237288136,0.4002103295,0.4002103295,0.5,1,1410.3802581892,33.2849740933,Calibration fitted; not prospectively validated,2026-09-20T13:52:56Z,2026-09-20T20:05:00Z,Sun 4:05 PM ET,Los Angeles Chargers,Las Vegas Raiders,5a4f3bf,2026_02_LV_LAC,1.0,graded,win,1.36
1fd6628c781f556a7a19638e97d7107f,Jacksonville Jaguars @ Denver Broncos,Brian Thomas,bovada,Bovada,recv_yds,Receiving yards,under,22.5,175,58.1503802362,0.4836956522,0.0,0.3636363636,0.34,0.34,34.5,1,1200.5928853755,33.0163043478,Calibration fitted; not prospectively validated,2026-09-20T13:53:02Z,2026-09-20T20:05:00Z,Sun 4:05 PM ET,Denver Broncos,Jacksonville Jaguars,5a4f3bf,2026_02_JAX_DEN,40.0,graded,loss,-1.0
68bc55903f50af4af4766adcc89fcc61,Miami Dolphins @ San Francisco 49ers,Deebo Samuel,bovada,Bovada,recv_yds,Receiving yards,under,22.5,175,59.6611740367,0.4836956522,0.0,0.3636363636,0.34,0.34,35.0,1,1200.5928853755,33.0163043478,Calibration fitted; not prospectively validated,2026-09-20T13:52:32Z,2026-09-20T20:25:00Z,Sun 4:25 PM ET,San Francisco 49ers,Miami Dolphins,5a4f3bf,2026_02_MIA_SF,31.0,graded,loss,-1.0
50bc247030707d823b9c3581d7eb5760,Indianapolis Colts @ Kansas City Chiefs,Tyler Warren,bovada,Bovada,recv_yds,Receiving yards,under,32.5,165,20.1535749998,0.5014367816,0.0,0.3773584906,0.3543743079,0.3543743079,42.5,1,1240.7829104316,32.8807471264,Calibration fitted; not prospectively validated,2026-09-20T13:52:07Z,2026-09-21T00:20:00Z,Sun 8:20 PM ET,Kansas City Chiefs,Indianapolis Colts,5a4f3bf,2026_02_IND_KC,21.0,graded,win,1.65
2143ade9684fd876b68a4e8cbf451f05,New Orleans Saints @ Baltimore Ravens,Rashod Bateman,bovada,Bovada,recv_yds,Receiving yards,under,27.5,165,22.7561506635,0.5010141988,0.0,0.3773584906,0.3543743079,0.3543743079,37.5,1,1236.5570821692,32.7687626775,Calibration fitted; not prospectively validated,2026-09-20T13:51:43Z,2026-09-20T17:00:00Z,Sun 1:00 PM ET,Baltimore Ravens,New Orleans Saints,5a4f3bf,2026_02_NO_BAL,88.0,graded,loss,-1.0
4aeee070bb6ec60bdfae4dede61b9014,Green Bay Packers @ New York Jets,Tucker Kraft,bovada,Bovada,recv_yds,Receiving yards,under,31.5,165,24.130778354,0.5010141988,0.0,0.3773584906,0.3543743079,0.3543743079,44.5,1,1236.5570821692,32.7687626775,Calibration fitted; not prospectively validated,2026-09-20T13:51:28Z,2026-09-20T17:00:00Z,Sun 1:00 PM ET,New York Jets,Green Bay Packers,5a4f3bf,2026_02_GB_NYJ,15.0,graded,win,1.65
2143ade9684fd876b68a4e8cbf451f05,New Orleans Saints @ Baltimore Ravens,LaJohntay Wester,betmgm,BetMGM,receptions,Receptions,over,2.5,145,2.6573830343,0.5408805031,0.0,0.4081632653,0.3797468354,0.3977419559,2.5,4,1327.1723783853,32.5157232704,Calibration fitted; not prospectively validated,2026-09-20T13:53:23Z,2026-09-20T17:00:00Z,Sun 1:00 PM ET,Baltimore Ravens,New Orleans Saints,5a4f3bf,2026_02_NO_BAL,1.0,graded,loss,-1.0
2143ade9684fd876b68a4e8cbf451f05,New Orleans Saints @ Baltimore Ravens,Juwan Johnson,bovada,Bovada,recv_yds,Receiving yards,under,26.5,165,25.7923539935,0.5,0.0,0.3773584906,0.3543743079,0.3543743079,37.5,1,1226.4150943396,32.5,Calibration fitted; not prospectively validated,2026-09-20T13:51:43Z,2026-09-20T17:00:00Z,Sun 1:00 PM ET,Baltimore Ravens,New Orleans Saints,5a4f3bf,2026_02_NO_BAL,66.0,graded,loss,-1.0
4aeee070bb6ec60bdfae4dede61b9014,Green Bay Packers @ New York Jets,Jayden Reed,bovada,Bovada,recv_yds,Receiving yards,under,27.5,165,25.3843586818,0.5,0.0,0.3773584906,0.3543743079,0.3543743079,37.5,1,1226.4150943396,32.5,Calibration fitted; not prospectively validated,2026-09-20T13:51:28Z,2026-09-20T17:00:00Z,Sun 1:00 PM ET,New York Jets,Green Bay Packers,5a4f3bf,2026_02_GB_NYJ,4.0,graded,win,1.65
4aeee070bb6ec60bdfae4dede61b9014,Green Bay Packers @ New York Jets,MarShawn Lloyd,bovada,Bovada,rush_yds,Rushing yards,under,39.5,165,29.4541412049,0.5,0.0,0.3773584906,0.3543743079,0.3543743079,49.5,1,1226.4150943396,32.5,Calibration fitted; not prospectively validated,2026-09-20T13:51:28Z,2026-09-20T17:00:00Z,Sun 1:00 PM ET,New York Jets,Green Bay Packers,5a4f3bf,2026_02_GB_NYJ,20.0,graded,win,1.65
1fd6628c781f556a7a19638e97d7107f,Jacksonville Jaguars @ Denver Broncos,Bhayshul Tuten,bovada,Bovada,rush_yds,Rushing yards,under,39.5,165,40.1157110356,0.5,0.0,0.3773584906,0.3543743079,0.3543743079,48.5,1,1226.4150943396,32.5,Calibration fitted; not prospectively validated,2026-09-20T13:53:02Z,2026-09-20T20:05:00Z,Sun 4:05 PM ET,Denver Broncos,Jacksonville Jaguars,5a4f3bf,2026_02_JAX_DEN,65.0,graded,loss,-1.0
aee7eae1849ebb103b9bf233e9741392,Carolina Panthers @ Atlanta Falcons,Chuba Hubbard,bovada,Bovada,rush_yds,Rushing yards,under,45.5,165,38.169301343,0.5,0.0,0.3773584906,0.3543743079,0.3543743079,55.5,1,1226.4150943396,32.5,Calibration fitted; not prospectively validated,2026-09-20T13:51:35Z,2026-09-20T17:00:00Z,Sun 1:00 PM ET,Atlanta Falcons,Carolina Panthers,5a4f3bf,2026_02_CAR_ATL,53.0,graded,loss,-1.0
0283a29e1b38ef78b29b904fd56a16dd,Minnesota Vikings @ Chicago Bears,Carson Wentz,betrivers,BetRivers,pass_tds,Passing touchdowns,over,1.5,148,2.82,0.5333333333,0.0,0.4032258065,0.3768844221,0.3942641875,1.5,6,1301.0752688172,32.2666666667,Calibration fitted; not prospectively validated,2026-09-20T13:52:52Z,2026-09-20T17:00:00Z,Sun 1:00 PM ET,Chicago Bears,Minnesota Vikings,5a4f3bf,2026_02_MIN_CHI,0.0,graded,loss,-1.0
36ad2fa722f4915ef23d2c81351261de,Cincinnati Bengals @ Houston Texans,Kayshon Boutte,bovada,Bovada,recv_yds,Receiving yards,under,25.5,165,33.070943722,0.4989858012,0.0,0.3773584906,0.3543743079,0.3543743079,35.5,1,1216.27310651,32.2312373225,Calibration fitted; not prospectively validated,2026-09-20T13:51:54Z,2026-09-20T17:00:00Z,Sun 1:00 PM ET,Houston Texans,Cincinnati Bengals,5a4f3bf,2026_02_CIN_HOU,37.0,graded,loss,-1.0
50bc247030707d823b9c3581d7eb5760,Indianapolis Colts @ Kansas City Chiefs,Alec Pierce,bovada,Bovada,recv_yds,Receiving yards,under,32.5,165,46.3327721238,0.4989858012,0.0,0.3773584906,0.3543743079,0.3543743079,44.5,1,1216.27310651,32.2312373225,Calibration fitted; not prospectively validated,2026-09-20T13:52:07Z,2026-09-21T00:20:00Z,Sun 8:20 PM ET,Kansas City Chiefs,Indianapolis Colts,5a4f3bf,2026_02_IND_KC,11.0,graded,win,1.65
9d14f87600f6edc74dbcb5c74edf6246,Pittsburgh Steelers @ New England Patriots,DeMario Douglas,bovada,Bovada,recv_yds,Receiving yards,under,25.5,165,37.6109018515,0.4985632184,0.0,0.3773584906,0.3543743079,0.3543743079,35.0,1,1212.0472782477,32.1192528736,Calibration fitted; not prospectively validated,2026-09-20T13:51:27Z,2026-09-20T17:00:00Z,Sun 1:00 PM ET,New England Patriots,Pittsburgh Steelers,5a4f3bf,2026_02_PIT_NE,9.0,graded,win,1.65
9d14f87600f6edc74dbcb5c74edf6246,Pittsburgh Steelers @ New England Patriots,Mack Hollins,bovada,Bovada,recv_yds,Receiving yards,under,26.5,165,42.3404213555,0.4985632184,0.0,0.3773584906,0.3543743079,0.3543743079,35.5,1,1212.0472782477,32.1192528736,Calibration fitted; not prospectively validated,2026-09-20T13:51:27Z,2026-09-20T17:00:00Z,Sun 1:00 PM ET,New England Patriots,Pittsburgh Steelers,5a4f3bf,2026_02_PIT_NE,18.0,graded,win,1.65
fafc649c455e32a0f2ba1bd06e2039bc,Philadelphia Eagles @ Tennessee Titans,Wan'Dale Robinson,bovada,Bovada,recv_yds,Receiving yards,under,27.5,165,54.831394621,0.4985632184,0.0,0.3773584906,0.3543743079,0.3543743079,37.5,1,1212.0472782477,32.1192528736,Calibration fitted; not prospectively validated,2026-09-20T13:51:39Z,2026-09-20T17:00:00Z,Sun 1:00 PM ET,Tennessee Titans,Philadelphia Eagles,5a4f3bf,2026_02_PHI_TEN,9.0,graded,win,1.65
56e8897681915f7ec92baeee952bb1ae,Detroit Lions @ Buffalo Bills,Dalton Kincaid,bovada,Bovada,recv_yds,Receiving yards,under,43.5,165,59.6877067153,0.4985632184,0.0,0.3773584906,0.3543743079,0.3543743079,52.5,1,1212.0472782477,32.1192528736,Calibration fitted; not prospectively validated,2026-09-17T21:28:03Z,2026-09-18T00:15:00Z,Thu 8:15 PM ET,Buffalo Bills,Detroit Lions,13c730d,2026_02_DET_BUF,95.0,graded,loss,-1.0
56e8897681915f7ec92baeee952bb1ae,Detroit Lions @ Buffalo Bills,Keon Coleman,fanduel,FanDuel,receptions,Receptions,over,1.5,140,3.6984025372,0.5475728155,0.0,0.4166666667,0.3896103896,0.405904059,1.5,5,1309.0614886731,31.4174757282,Calibration fitted; not prospectively validated,2026-09-17T21:27:50Z,2026-09-18T00:15:00Z,Thu 8:15 PM ET,Buffalo Bills,Detroit Lions,13c730d,2026_02_DET_BUF,6.0,graded,win,1.4
50bc247030707d823b9c3581d7eb5760,Indianapolis Colts @ Kansas City Chiefs,Daniel Jones,betmgm,BetMGM,pass_tds,Passing touchdowns,over,1.5,180,0.94,0.4666666667,0.0,0.3571428571,0.3333333333,0.3553010569,1.5,6,1095.2380952381,30.6666666667,Calibration fitted; not prospectively validated,2026-09-20T13:52:32Z,2026-09-21T00:20:00Z,Sun 8:20 PM ET,Kansas City Chiefs,Indianapolis Colts,5a4f3bf,2026_02_IND_KC,1.0,graded,loss,-1.0
4dd8020192a544385db42374e5555303,Seattle Seahawks @ Arizona Cardinals,Tyler Allgeier,bovada,Bovada,rush_yds,Rushing yards,under,25.5,200,41.4066550664,0.4352331606,0.0,0.3333333333,0.3125,0.3125,35.5,1,1018.9982728843,30.5699481865,Calibration fitted; not prospectively validated,2026-09-20T13:51:34Z,2026-09-20T20:25:00Z,Sun 4:25 PM ET,Arizona Cardinals,Seattle Seahawks,5a4f3bf,2026_02_SEA_ARI,10.0,graded,win,2.0
68bc55903f50af4af4766adcc89fcc61,Miami Dolphins @ San Francisco 49ers,Christian McCaffrey,bovada,Bovada,recv_yds,Receiving yards,under,30.5,160,25.9488734402,0.5010141988,0.0,0.3846153846,0.3604118993,0.3604118993,39.5,1,1163.9881416758,30.2636916836,Calibration fitted; not prospectively validated,2026-09-20T13:52:32Z,2026-09-20T20:25:00Z,Sun 4:25 PM ET,San Francisco 49ers,Miami Dolphins,5a4f3bf,2026_02_MIA_SF,43.0,graded,loss,-1.0
50bc247030707d823b9c3581d7eb5760,Indianapolis Colts @ Kansas City Chiefs,Kenneth Walker,betmgm,BetMGM,receptions,Receptions,under,2.5,125,1.4950922718,0.5789473684,0.0,0.4444444444,0.416502947,0.416502947,3.5,1,1345.0292397661,30.2631578947,Calibration fitted; not prospectively validated,2026-09-20T13:52:32Z,2026-09-21T00:20:00Z,Sun 8:20 PM ET,Kansas City Chiefs,Indianapolis Colts,5a4f3bf,2026_02_IND_KC,6.0,graded,loss,-1.0
56e8897681915f7ec92baeee952bb1ae,Detroit Lions @ Buffalo Bills,Josh Allen,betmgm,BetMGM,pass_tds,Passing touchdowns,under,1.5,160,2.12,0.5,0.0,0.3846153846,0.3587443946,0.3982930299,1.5,7,1153.8461538462,30.0,Calibration fitted; not prospectively validated,2026-09-17T21:28:09Z,2026-09-18T00:15:00Z,Thu 8:15 PM ET,Buffalo Bills,Detroit Lions,13c730d,2026_02_DET_BUF,3.0,graded,loss,-1.0
0636ebff776d43f8c829a36713c80b22,Cleveland Browns @ Tampa Bay Buccaneers,Harold Fannin,bovada,Bovada,recv_yds,Receiving yards,under,24.5,160,26.1054727722,0.5,0.0,0.3846153846,0.3604118993,0.3604118993,34.0,1,1153.8461538462,30.0,Calibration fitted; not prospectively validated,2026-09-20T13:52:14Z,2026-09-20T17:00:00Z,Sun 1:00 PM ET,Tampa Bay Buccaneers,Cleveland Browns,5a4f3bf,2026_02_CLE_TB,54.0,graded,loss,-1.0
9d14f87600f6edc74dbcb5c74edf6246,Pittsburgh Steelers @ New England Patriots,Romeo Doubs,bovada,Bovada,recv_yds,Receiving yards,under,30.5,160,30.8129081879,0.5,0.0,0.3846153846,0.3604118993,0.3604118993,40.0,1,1153.8461538462,30.0,Calibration fitted; not prospectively validated,2026-09-20T13:51:27Z,2026-09-20T17:00:00Z,Sun 1:00 PM ET,New England Patriots,Pittsburgh Steelers,5a4f3bf,2026_02_PIT_NE,96.0,graded,loss,-1.0
1fd6628c781f556a7a19638e97d7107f,Jacksonville Jaguars @ Denver Broncos,Courtland Sutton,bovada,Bovada,recv_yds,Receiving yards,under,30.5,160,35.2980858376,0.5,0.0,0.3846153846,0.3604118993,0.3604118993,40.0,1,1153.8461538462,30.0,Calibration fitted; not prospectively validated,2026-09-20T13:53:02Z,2026-09-20T20:05:00Z,Sun 4:05 PM ET,Denver Broncos,Jacksonville Jaguars,5a4f3bf,2026_02_JAX_DEN,25.0,graded,win,1.6
68bc55903f50af4af4766adcc89fcc61,Miami Dolphins @ San Francisco 49ers,George Kittle,bovada,Bovada,recv_yds,Receiving yards,under,30.5,160,27.7543016027,0.5,0.0,0.3846153846,0.3604118993,0.3604118993,40.5,1,1153.8461538462,30.0,Calibration fitted; not prospectively validated,2026-09-20T13:52:32Z,2026-09-20T20:25:00Z,Sun 4:25 PM ET,San Francisco 49ers,Miami Dolphins,5a4f3bf,2026_02_MIA_SF,80.0,graded,loss,-1.0
50bc247030707d823b9c3581d7eb5760,Indianapolis Colts @ Kansas City Chiefs,Xavier Worthy,bovada,Bovada,recv_yds,Receiving yards,under,30.5,160,27.6160713845,0.5,0.0,0.3846153846,0.3604118993,0.3604118993,40.0,1,1153.8461538462,30.0,Calibration fitted; not prospectively validated,2026-09-20T13:52:07Z,2026-09-21T00:20:00Z,Sun 8:20 PM ET,Kansas City Chiefs,Indianapolis Colts,5a4f3bf,2026_02_IND_KC,25.0,graded,win,1.6
0636ebff776d43f8c829a36713c80b22,Cleveland Browns @ Tampa Bay Buccaneers,Quinshon Judkins,bovada,Bovada,rush_yds,Rushing yards,under,38.5,160,36.0264622716,0.5,0.0,0.3846153846,0.3604118993,0.3604118993,48.5,1,1153.8461538462,30.0,Calibration fitted; not prospectively validated,2026-09-20T13:52:14Z,2026-09-20T17:00:00Z,Sun 1:00 PM ET,Tampa Bay Buccaneers,Cleveland Browns,5a4f3bf,2026_02_CLE_TB,21.0,graded,win,1.6
9d14f87600f6edc74dbcb5c74edf6246,Pittsburgh Steelers @ New England Patriots,Rhamondre Stevenson,bovada,Bovada,rush_yds,Rushing yards,under,39.5,160,47.90244159,0.5,0.0,0.3846153846,0.3604118993,0.3604118993,49.0,1,1153.8461538462,30.0,Calibration fitted; not prospectively validated,2026-09-20T13:51:27Z,2026-09-20T17:00:00Z,Sun 1:00 PM ET,New England Patriots,Pittsburgh Steelers,5a4f3bf,2026_02_PIT_NE,43.0,graded,loss,-1.0
36ad2fa722f4915ef23d2c81351261de,Cincinnati Bengals @ Houston Texans,Chase Brown,bovada,Bovada,rush_yds,Rushing yards,under,43.5,160,41.6167054928,0.5,0.0,0.3846153846,0.3604118993,0.3604118993,53.5,1,1153.8461538462,30.0,Calibration fitted; not prospectively validated,2026-09-20T13:51:54Z,2026-09-20T17:00:00Z,Sun 1:00 PM ET,Houston Texans,Cincinnati Bengals,5a4f3bf,2026_02_CIN_HOU,80.0,graded,loss,-1.0
fafc649c455e32a0f2ba1bd06e2039bc,Philadelphia Eagles @ Tennessee Titans,Saquon Barkley,fanduel,FanDuel,receptions,Receptions,under,1.5,140,1.391868194,0.5408805031,0.0,0.4166666667,0.3896103896,0.3958047202,1.5,4,1242.1383647799,29.8113207547,Calibration fitted; not prospectively validated,2026-09-20T13:53:05Z,2026-09-20T17:00:00Z,Sun 1:00 PM ET,Tennessee Titans,Philadelphia Eagles,5a4f3bf,2026_02_PHI_TEN,1.0,graded,win,1.4
36ad2fa722f4915ef23d2c81351261de,Cincinnati Bengals @ Houston Texans,Tee Higgins,fanduel,FanDuel,receptions,Receptions,under,3.5,140,3.4037374185,0.5408805031,0.0,0.4166666667,0.3896103896,0.4209491063,3.5,4,1242.1383647799,29.8113207547,Calibration fitted; not prospectively validated,2026-09-20T13:53:09Z,2026-09-20T17:00:00Z,Sun 1:00 PM ET,Houston Texans,Cincinnati Bengals,5a4f3bf,2026_02_CIN_HOU,5.0,graded,loss,-1.0
68bc55903f50af4af4766adcc89fcc61,Miami Dolphins @ San Francisco 49ers,Caleb Douglas,bovada,Bovada,recv_yds,Receiving yards,under,28.5,160,41.7973587035,0.4989858012,0.0,0.3846153846,0.3604118993,0.3604118993,38.5,1,1143.7041660165,29.7363083164,Calibration fitted; not prospectively validated,2026-09-20T13:52:32Z,2026-09-20T20:25:00Z,Sun 4:25 PM ET,San Francisco 49ers,Miami Dolphins,5a4f3bf,2026_02_MIA_SF,19.0,graded,win,1.6
9d14f87600f6edc74dbcb5c74edf6246,Pittsburgh Steelers @ New England Patriots,Hunter Henry,bovada,Bovada,recv_yds,Receiving yards,under,28.5,160,44.1963364731,0.4985632184,0.0,0.3846153846,0.3604118993,0.3604118993,38.5,1,1139.4783377542,29.6264367816,Calibration fitted; not prospectively validated,2026-09-20T13:51:27Z,2026-09-20T17:00:00Z,Sun 1:00 PM ET,New England Patriots,Pittsburgh Steelers,5a4f3bf,2026_02_PIT_NE,40.0,graded,loss,-1.0
fafc649c455e32a0f2ba1bd06e2039bc,Philadelphia Eagles @ Tennessee Titans,Dallas Goedert,bovada,Bovada,recv_yds,Receiving yards,under,28.5,160,45.6268670934,0.4985632184,0.0,0.3846153846,0.3604118993,0.3604118993,39.0,1,1139.4783377542,29.6264367816,Calibration fitted; not prospectively validated,2026-09-20T13:51:39Z,2026-09-20T17:00:00Z,Sun 1:00 PM ET,Tennessee Titans,Philadelphia Eagles,5a4f3bf,2026_02_PHI_TEN,4.0,graded,win,1.6
85ef85098ddd22fe4ecf45e7e3c0a9c0,Washington Commanders @ Dallas Cowboys,Dak Prescott,draftkings,DraftKings,pass_tds,Passing touchdowns,under,1.5,159,2.12,0.5,0.0,0.3861003861,0.3652265847,0.371921257,1.5,6,1138.9961389961,29.5,Calibration fitted; not prospectively validated,2026-09-20T13:53:19Z,2026-09-20T20:25:00Z,Sun 4:25 PM ET,Dallas Cowboys,Washington Commanders,5a4f3bf,2026_02_WAS_DAL,4.0,graded,loss,-1.0
1fd6628c781f556a7a19638e97d7107f,Jacksonville Jaguars @ Denver Broncos,Evan Engram,draftkings,DraftKings,receptions,Receptions,over,3.5,136,4.056968426,0.5475728155,0.0,0.4237288136,0.4002103295,0.4002103295,3.0,3,1238.4400197466,29.227184466,Calibration fitted; not prospectively validated,2026-09-20T13:52:59Z,2026-09-20T20:05:00Z,Sun 4:05 PM ET,Denver Broncos,Jacksonville Jaguars,5a4f3bf,2026_02_JAX_DEN,1.0,graded,loss,-1.0
0636ebff776d43f8c829a36713c80b22,Cleveland Browns @ Tampa Bay Buccaneers,Deshaun Watson,fanduel,FanDuel,pass_tds,Passing touchdowns,under,0.5,158,0.94,0.5,0.0,0.3875968992,0.3639351961,0.3783767389,0.5,6,1124.0310077519,29.0,Calibration fitted; not prospectively validated,2026-09-20T13:53:11Z,2026-09-20T17:00:00Z,Sun 1:00 PM ET,Tampa Bay Buccaneers,Cleveland Browns,5a4f3bf,2026_02_CLE_TB,2.0,graded,loss,-1.0
0283a29e1b38ef78b29b904fd56a16dd,Minnesota Vikings @ Chicago Bears,Kyle Monangai,betmgm,BetMGM,receptions,Receptions,over,1.5,135,2.2542356381,0.5475728155,0.0,0.4255319149,0.3959708232,0.419857152,1.5,5,1220.4090064036,28.6796116505,Calibration fitted; not prospectively validated,2026-09-20T13:52:33Z,2026-09-20T17:00:00Z,Sun 1:00 PM ET,Chicago Bears,Minnesota Vikings,5a4f3bf,2026_02_MIN_CHI,2.0,graded,win,1.35
36ad2fa722f4915ef23d2c81351261de,Cincinnati Bengals @ Houston Texans,Samaje Perine,bovada,Bovada,receptions,Receptions,over,1.5,135,2.3608719993,0.5475728155,0.0,0.4255319149,0.3982930299,0.4170324846,1.5,5,1220.4090064036,28.6796116505,Calibration fitted; not prospectively validated,2026-09-20T13:51:54Z,2026-09-20T17:00:00Z,Sun 1:00 PM ET,Houston Texans,Cincinnati Bengals,5a4f3bf,2026_02_CIN_HOU,1.0,graded,loss,-1.0
36ad2fa722f4915ef23d2c81351261de,Cincinnati Bengals @ Houston Texans,Drew Sample,fanatics,Fanatics,receptions,Receptions,over,1.5,135,2.5810223192,0.5475728155,0.0,0.4255319149,0.3959708232,0.4167677158,1.5,4,1220.4090064036,28.6796116505,Calibration fitted; not prospectively validated,2026-09-20T13:52:40Z,2026-09-20T17:00:00Z,Sun 1:00 PM ET,Houston Texans,Cincinnati Bengals,5a4f3bf,2026_02_CIN_HOU,,no matching game/player result,,
68bc55903f50af4af4766adcc89fcc61,Miami Dolphins @ San Francisco 49ers,Malik Willis,fanatics,Fanatics,pass_tds,Passing touchdowns,under,0.5,130,0.0094,0.5578947368,0.0,0.4347826087,0.4084720121,0.4186744609,0.5,7,1231.1212814645,28.3157894737,Calibration fitted; not prospectively validated,2026-09-20T13:52:37Z,2026-09-20T20:25:00Z,Sun 4:25 PM ET,San Francisco 49ers,Miami Dolphins,5a4f3bf,2026_02_MIA_SF,1.0,graded,loss,-1.0
56e8897681915f7ec92baeee952bb1ae,Detroit Lions @ Buffalo Bills,Jared Goff,draftkings,DraftKings,rush_yds,Rushing yards,over,0.5,127,7.6017899031,0.5647668394,0.0,0.4405286344,0.4172015404,0.4172015404,0.5,3,1242.38205017,28.2020725389,Calibration fitted; not prospectively validated,2026-09-17T21:28:13Z,2026-09-18T00:15:00Z,Thu 8:15 PM ET,Buffalo Bills,Detroit Lions,13c730d,2026_02_DET_BUF,7.0,graded,win,1.27
0636ebff776d43f8c829a36713c80b22,Cleveland Browns @ Tampa Bay Buccaneers,Chris Godwin,bovada,Bovada,recv_yds,Receiving yards,under,27.5,165,72.0157696397,0.4836956522,0.0,0.3773584906,0.3543743079,0.3543743079,37.5,1,1063.3716160788,28.1793478261,Calibration fitted; not prospectively validated,2026-09-20T13:52:14Z,2026-09-20T17:00:00Z,Sun 1:00 PM ET,Tampa Bay Buccaneers,Cleveland Browns,5a4f3bf,2026_02_CLE_TB,46.0,graded,loss,-1.0
4dd8020192a544385db42374e5555303,Seattle Seahawks @ Arizona Cardinals,Cooper Kupp,draftkings,DraftKings,receptions,Receptions,over,2.5,134,3.6609539143,0.5475728155,0.0,0.4273504274,0.4037905653,0.4121896999,2.5,5,1202.2238818355,28.132038835,Calibration fitted; not prospectively validated,2026-09-20T13:50:10Z,2026-09-20T20:25:00Z,Sun 4:25 PM ET,Arizona Cardinals,Seattle Seahawks,5a4f3bf,2026_02_SEA_ARI,2.0,graded,loss,-1.0
fafc649c455e32a0f2ba1bd06e2039bc,Philadelphia Eagles @ Tennessee Titans,Jalen Hurts,betmgm,BetMGM,pass_tds,Passing touchdowns,over,1.5,140,2.82,0.5333333333,0.0,0.4166666667,0.3887399464,0.3990011661,1.5,6,1166.6666666667,28.0,Calibration fitted; not prospectively validated,2026-09-20T13:52:32Z,2026-09-20T17:00:00Z,Sun 1:00 PM ET,Tennessee Titans,Philadelphia Eagles,5a4f3bf,2026_02_PHI_TEN,2.0,graded,win,1.4
1fd6628c781f556a7a19638e97d7107f,Jacksonville Jaguars @ Denver Broncos,Jakobi Meyers,bovada,Bovada,recv_yds,Receiving yards,over,47.5,155,63.9449901818,0.5010141988,0.0,0.3921568627,0.3666469545,0.3666469545,37.5,1,1088.5733603786,27.7586206897,Calibration fitted; not prospectively validated,2026-09-20T13:53:02Z,2026-09-20T20:05:00Z,Sun 4:05 PM ET,Denver Broncos,Jacksonville Jaguars,5a4f3bf,2026_02_JAX_DEN,28.0,graded,loss,-1.0
0283a29e1b38ef78b29b904fd56a16dd,Minnesota Vikings @ Chicago Bears,Jordan Addison,bovada,Bovada,recv_yds,Receiving yards,under,31.5,155,32.7836417734,0.5,0.0,0.3921568627,0.3666469545,0.3666469545,40.0,1,1078.431372549,27.5,Calibration fitted; not prospectively validated,2026-09-20T13:52:31Z,2026-09-20T17:00:00Z,Sun 1:00 PM ET,Chicago Bears,Minnesota Vikings,5a4f3bf,2026_02_MIN_CHI,21.0,graded,win,1.55
50bc247030707d823b9c3581d7eb5760,Indianapolis Colts @ Kansas City Chiefs,Josh Downs,bovada,Bovada,recv_yds,Receiving yards,under,32.5,155,27.9376141808,0.5,0.0,0.3921568627,0.3666469545,0.3666469545,42.5,1,1078.431372549,27.5,Calibration fitted; not prospectively validated,2026-09-20T13:52:07Z,2026-09-21T00:20:00Z,Sun 8:20 PM ET,Kansas City Chiefs,Indianapolis Colts,5a4f3bf,2026_02_IND_KC,72.0,graded,loss,-1.0
aee7eae1849ebb103b9bf233e9741392,Carolina Panthers @ Atlanta Falcons,Bijan Robinson,bovada,Bovada,recv_yds,Receiving yards,under,33.5,155,36.9724770118,0.5,0.0,0.3921568627,0.3666469545,0.3666469545,43.0,1,1078.431372549,27.5,Calibration fitted; not prospectively validated,2026-09-20T13:51:35Z,2026-09-20T17:00:00Z,Sun 1:00 PM ET,Atlanta Falcons,Carolina Panthers,5a4f3bf,2026_02_CAR_ATL,9.0,graded,win,1.55
fafc649c455e32a0f2ba1bd06e2039bc,Philadelphia Eagles @ Tennessee Titans,Carnell Tate,bovada,Bovada,recv_yds,Receiving yards,under,33.5,155,38.4008673665,0.5,0.0,0.3921568627,0.3666469545,0.3666469545,41.5,1,1078.431372549,27.5,Calibration fitted; not prospectively validated,2026-09-20T13:51:39Z,2026-09-20T17:00:00Z,Sun 1:00 PM ET,Tennessee Titans,Philadelphia Eagles,5a4f3bf,2026_02_PHI_TEN,27.0,graded,win,1.55
71b3b83747589efdc5baef2c5cf811bf,Las Vegas Raiders @ Los Angeles Chargers,Michael Mayer,bovada,Bovada,recv_yds,Receiving yards,under,34.5,155,30.2768378617,0.5,0.0,0.3921568627,0.3666469545,0.3666469545,44.5,1,1078.431372549,27.5,Calibration fitted; not prospectively validated,2026-09-20T13:53:09Z,2026-09-20T20:05:00Z,Sun 4:05 PM ET,Los Angeles Chargers,Las Vegas Raiders,5a4f3bf,2026_02_LV_LAC,23.0,graded,win,1.55
4dd8020192a544385db42374e5555303,Seattle Seahawks @ Arizona Cardinals,Michael Wilson,bovada,Bovada,recv_yds,Receiving yards,over,47.5,155,51.3459352234,0.5,0.0,0.3921568627,0.3666469545,0.3666469545,37.5,1,1078.431372549,27.5,Calibration fitted; not prospectively validated,2026-09-20T13:51:34Z,2026-09-20T20:25:00Z,Sun 4:25 PM ET,Arizona Cardinals,Seattle Seahawks,5a4f3bf,2026_02_SEA_ARI,18.0,graded,loss,-1.0
0283a29e1b38ef78b29b904fd56a16dd,Minnesota Vikings @ Chicago Bears,Aaron Jones,bovada,Bovada,rush_yds,Rushing yards,under,50.5,155,46.6939087051,0.5,0.0,0.3921568627,0.3666469545,0.3666469545,60.0,1,1078.431372549,27.5,Calibration fitted; not prospectively validated,2026-09-20T13:52:31Z,2026-09-20T17:00:00Z,Sun 1:00 PM ET,Chicago Bears,Minnesota Vikings,5a4f3bf,2026_02_MIN_CHI,105.0,graded,loss,-1.0
0283a29e1b38ef78b29b904fd56a16dd,Minnesota Vikings @ Chicago Bears,D'Andre Swift,bovada,Bovada,rush_yds,Rushing yards,under,50.5,155,63.5065611094,0.5,0.0,0.3921568627,0.3666469545,0.3666469545,60.5,1,1078.431372549,27.5,Calibration fitted; not prospectively validated,2026-09-20T13:52:31Z,2026-09-20T17:00:00Z,Sun 1:00 PM ET,Chicago Bears,Minnesota Vikings,5a4f3bf,2026_02_MIN_CHI,45.0,graded,win,1.55
68bc55903f50af4af4766adcc89fcc61,Miami Dolphins @ San Francisco 49ers,De'Von Achane,bovada,Bovada,rush_yds,Rushing yards,under,50.5,155,45.3237605774,0.5,0.0,0.3921568627,0.3666469545,0.3666469545,58.5,1,1078.431372549,27.5,Calibration fitted; not prospectively validated,2026-09-20T13:52:32Z,2026-09-20T20:25:00Z,Sun 4:25 PM ET,San Francisco 49ers,Miami Dolphins,5a4f3bf,2026_02_MIA_SF,74.0,graded,loss,-1.0
68bc55903f50af4af4766adcc89fcc61,Miami Dolphins @ San Francisco 49ers,Christian McCaffrey,bovada,Bovada,rush_yds,Rushing yards,under,51.5,155,63.1982404683,0.5,0.0,0.3921568627,0.3666469545,0.3666469545,61.0,1,1078.431372549,27.5,Calibration fitted; not prospectively validated,2026-09-20T13:52:32Z,2026-09-20T20:25:00Z,Sun 4:25 PM ET,San Francisco 49ers,Miami Dolphins,5a4f3bf,2026_02_MIA_SF,23.0,graded,win,1.55
2143ade9684fd876b68a4e8cbf451f05,New Orleans Saints @ Baltimore Ravens,Juwan Johnson,betmgm,BetMGM,receptions,Receptions,under,3.5,120,2.1445816584,0.5789473684,0.0,0.4545454545,0.4248366013,0.4693877551,3.5,5,1244.019138756,27.3684210526,Calibration fitted; not prospectively validated,2026-09-20T13:53:23Z,2026-09-20T17:00:00Z,Sun 1:00 PM ET,Baltimore Ravens,New Orleans Saints,5a4f3bf,2026_02_NO_BAL,4.0,graded,loss,-1.0
68bc55903f50af4af4766adcc89fcc61,Miami Dolphins @ San Francisco 49ers,Malik Willis,fanatics,Fanatics,pass_attempts,Passing attempts,under,26.5,100,21.2466488887,0.6363636364,0.0,0.5,0.4653465347,0.4653465347,27.5,1,1363.6363636364,27.2727272727,Calibration fitted; not prospectively validated,2026-09-20T13:52:37Z,2026-09-20T20:25:00Z,Sun 4:25 PM ET,San Francisco 49ers,Miami Dolphins,5a4f3bf,2026_02_MIA_SF,23.0,graded,win,1.0
56e8897681915f7ec92baeee952bb1ae,Detroit Lions @ Buffalo Bills,Khalil Shakir,bovada,Bovada,recv_yds,Receiving yards,under,33.5,155,45.3382551445,0.4989858012,0.0,0.3921568627,0.3666469545,0.3666469545,43.5,1,1068.2893847194,27.2413793103,Calibration fitted; not prospectively validated,2026-09-17T21:28:03Z,2026-09-18T00:15:00Z,Thu 8:15 PM ET,Buffalo Bills,Detroit Lions,13c730d,2026_02_DET_BUF,38.0,graded,loss,-1.0
2143ade9684fd876b68a4e8cbf451f05,New Orleans Saints @ Baltimore Ravens,Devaughn Vele,bovada,Bovada,recv_yds,Receiving yards,under,33.5,155,41.9779058708,0.4989858012,0.0,0.3921568627,0.3666469545,0.3666469545,41.5,1,1068.2893847194,27.2413793103,Calibration fitted; not prospectively validated,2026-09-20T13:51:43Z,2026-09-20T17:00:00Z,Sun 1:00 PM ET,Baltimore Ravens,New Orleans Saints,5a4f3bf,2026_02_NO_BAL,64.0,graded,loss,-1.0
50bc247030707d823b9c3581d7eb5760,Indianapolis Colts @ Kansas City Chiefs,Travis Kelce,bovada,Bovada,recv_yds,Receiving yards,under,31.5,155,48.3646136193,0.4985632184,0.0,0.3921568627,0.3666469545,0.3666469545,42.5,1,1064.0635564571,27.1336206897,Calibration fitted; not prospectively validated,2026-09-20T13:52:07Z,2026-09-21T00:20:00Z,Sun 8:20 PM ET,Kansas City Chiefs,Indianapolis Colts,5a4f3bf,2026_02_IND_KC,101.0,graded,loss,-1.0
36ad2fa722f4915ef23d2c81351261de,Cincinnati Bengals @ Houston Texans,Kayshon Boutte,fanduel,FanDuel,receptions,Receptions,under,2.5,132,2.0941815971,0.5475728155,0.0,0.4310344828,0.402338775,0.416502947,2.5,3,1165.3833277536,27.0368932039,Calibration fitted; not prospectively validated,2026-09-20T13:53:09Z,2026-09-20T17:00:00Z,Sun 1:00 PM ET,Houston Texans,Cincinnati Bengals,5a4f3bf,2026_02_CIN_HOU,3.0,graded,loss,-1.0
85ef85098ddd22fe4ecf45e7e3c0a9c0,Washington Commanders @ Dallas Cowboys,Terry McLaurin,fanduel,FanDuel,receptions,Receptions,under,3.5,132,2.8442734676,0.5475728155,0.0,0.4310344828,0.402338775,0.402338775,4.5,1,1165.3833277536,27.0368932039,Calibration fitted; not prospectively validated,2026-09-20T13:53:29Z,2026-09-20T20:25:00Z,Sun 4:25 PM ET,Dallas Cowboys,Washington Commanders,5a4f3bf,2026_02_WAS_DAL,2.0,graded,win,1.32
1fd6628c781f556a7a19638e97d7107f,Jacksonville Jaguars @ Denver Broncos,Trevor Lawrence,betmgm,BetMGM,pass_tds,Passing touchdowns,over,1.5,135,3.76,0.5384615385,0.0,0.4255319149,0.3959708232,0.437361068,1.5,6,1129.2962356792,26.5384615385,Calibration fitted; not prospectively validated,2026-09-20T13:52:25Z,2026-09-20T20:05:00Z,Sun 4:05 PM ET,Denver Broncos,Jacksonville Jaguars,5a4f3bf,2026_02_JAX_DEN,0.0,graded,loss,-1.0
fafc649c455e32a0f2ba1bd06e2039bc,Philadelphia Eagles @ Tennessee Titans,Cam Ward,draftkings,DraftKings,pass_tds,Passing touchdowns,under,0.5,153,1.06,0.5,0.0,0.395256917,0.3733923385,0.3765903308,0.5,7,1047.4308300395,26.5,Calibration fitted; not prospectively validated,2026-09-20T13:52:24Z,2026-09-20T17:00:00Z,Sun 1:00 PM ET,Tennessee Titans,Philadelphia Eagles,5a4f3bf,2026_02_PHI_TEN,0.0,graded,win,1.53
0283a29e1b38ef78b29b904fd56a16dd,Minnesota Vikings @ Chicago Bears,Colston Loveland,bovada,Bovada,recv_yds,Receiving yards,under,43.5,145,24.0912999743,0.5163043478,0.0,0.4081632653,0.3838517538,0.3838517538,53.5,1,1081.4108251996,26.4945652174,Calibration fitted; not prospectively validated,2026-09-20T13:52:31Z,2026-09-20T17:00:00Z,Sun 1:00 PM ET,Chicago Bears,Minnesota Vikings,5a4f3bf,2026_02_MIN_CHI,3.0,graded,win,1.45
71b3b83747589efdc5baef2c5cf811bf,Las Vegas Raiders @ Los Angeles Chargers,Tre Harris,draftkings,DraftKings,receptions,Receptions,under,2.5,133,2.2838181788,0.5408805031,0.0,0.4291845494,0.4053445429,0.4127668117,2.5,4,1116.9595378843,26.0251572327,Calibration fitted; not prospectively validated,2026-09-20T13:52:39Z,2026-09-20T20:05:00Z,Sun 4:05 PM ET,Los Angeles Chargers,Las Vegas Raiders,5a4f3bf,2026_02_LV_LAC,1.0,graded,win,1.33
aee7eae1849ebb103b9bf233e9741392,Carolina Panthers @ Atlanta Falcons,Olamide Zaccheaus,bovada,Bovada,receptions,Receptions,over,1.5,130,3.1822655561,0.5475728155,0.0,0.4347826087,0.4084720121,0.4255929117,1.5,4,1127.9020683833,25.9417475728,Calibration fitted; not prospectively validated,2026-09-20T13:51:35Z,2026-09-20T17:00:00Z,Sun 1:00 PM ET,Atlanta Falcons,Carolina Panthers,5a4f3bf,2026_02_CAR_ATL,1.0,graded,loss,-1.0
0283a29e1b38ef78b29b904fd56a16dd,Minnesota Vikings @ Chicago Bears,Rome Odunze,bovada,Bovada,recv_yds,Receiving yards,under,30.5,160,62.5288362822,0.4836956522,0.0,0.3846153846,0.3604118993,0.3604118993,39.5,1,990.8026755853,25.7608695652,Calibration fitted; not prospectively validated,2026-09-20T13:52:31Z,2026-09-20T17:00:00Z,Sun 1:00 PM ET,Chicago Bears,Minnesota Vikings,5a4f3bf,2026_02_MIN_CHI,43.0,graded,loss,-1.0
4aeee070bb6ec60bdfae4dede61b9014,Green Bay Packers @ New York Jets,Matthew Golden,bovada,Bovada,recv_yds,Receiving yards,under,40.5,150,31.9414469674,0.5010141988,0.0,0.4,0.375,0.375,49.5,1,1010.1419878296,25.2535496957,Calibration fitted; not prospectively validated,2026-09-20T13:51:28Z,2026-09-20T17:00:00Z,Sun 1:00 PM ET,New York Jets,Green Bay Packers,5a4f3bf,2026_02_GB_NYJ,58.0,graded,loss,-1.0
56e8897681915f7ec92baeee952bb1ae,Detroit Lions @ Buffalo Bills,Jameson Williams,bovada,Bovada,recv_yds,Receiving yards,under,48.5,150,40.0125972947,0.5010141988,0.0,0.4,0.375,0.375,58.0,1,1010.1419878296,25.2535496957,Calibration fitted; not prospectively validated,2026-09-17T21:28:03Z,2026-09-18T00:15:00Z,Thu 8:15 PM ET,Buffalo Bills,Detroit Lions,13c730d,2026_02_DET_BUF,33.0,graded,win,1.5
56e8897681915f7ec92baeee952bb1ae,Detroit Lions @ Buffalo Bills,Sam LaPorta,bovada,Bovada,recv_yds,Receiving yards,under,35.5,150,35.9039865256,0.5,0.0,0.4,0.375,0.375,45.5,1,1000.0,25.0,Calibration fitted; not prospectively validated,2026-09-17T21:28:03Z,2026-09-18T00:15:00Z,Thu 8:15 PM ET,Buffalo Bills,Detroit Lions,13c730d,2026_02_DET_BUF,52.0,graded,loss,-1.0
2143ade9684fd876b68a4e8cbf451f05,New Orleans Saints @ Baltimore Ravens,Mark Andrews,bovada,Bovada,recv_yds,Receiving yards,under,36.5,150,37.1529800057,0.5,0.0,0.4,0.375,0.375,46.5,1,1000.0,25.0,Calibration fitted; not prospectively validated,2026-09-20T13:51:43Z,2026-09-20T17:00:00Z,Sun 1:00 PM ET,Baltimore Ravens,New Orleans Saints,5a4f3bf,2026_02_NO_BAL,49.0,graded,loss,-1.0
85ef85098ddd22fe4ecf45e7e3c0a9c0,Washington Commanders @ Dallas Cowboys,Stefon Diggs,bovada,Bovada,recv_yds,Receiving yards,under,38.5,150,41.8910265064,0.5,0.0,0.4,0.375,0.375,48.5,1,1000.0,25.0,Calibration fitted; not prospectively validated,2026-09-20T13:52:23Z,2026-09-20T20:25:00Z,Sun 4:25 PM ET,Dallas Cowboys,Washington Commanders,5a4f3bf,2026_02_WAS_DAL,47.0,graded,loss,-1.0
1fd6628c781f556a7a19638e97d7107f,Jacksonville Jaguars @ Denver Broncos,J.K. Dobbins,bovada,Bovada,rush_yds,Rushing yards,under,48.5,150,58.9085065487,0.5,0.0,0.4,0.375,0.375,59.0,1,1000.0,25.0,Calibration fitted; not prospectively validated,2026-09-20T13:53:02Z,2026-09-20T20:05:00Z,Sun 4:05 PM ET,Denver Broncos,Jacksonville Jaguars,5a4f3bf,2026_02_JAX_DEN,36.0,graded,win,1.5
36ad2fa722f4915ef23d2c81351261de,Cincinnati Bengals @ Houston Texans,David Montgomery,bovada,Bovada,rush_yds,Rushing yards,under,53.5,150,51.2948346674,0.5,0.0,0.4,0.375,0.375,63.0,1,1000.0,25.0,Calibration fitted; not prospectively validated,2026-09-20T13:51:54Z,2026-09-20T17:00:00Z,Sun 1:00 PM ET,Houston Texans,Cincinnati Bengals,5a4f3bf,2026_02_CIN_HOU,10.0,graded,win,1.5
71b3b83747589efdc5baef2c5cf811bf,Las Vegas Raiders @ Los Angeles Chargers,Ashton Jeanty,bovada,Bovada,rush_yds,Rushing yards,under,54.5,150,48.5784507798,0.5,0.0,0.4,0.375,0.375,64.0,1,1000.0,25.0,Calibration fitted; not prospectively validated,2026-09-20T13:53:09Z,2026-09-20T20:05:00Z,Sun 4:05 PM ET,Los Angeles Chargers,Las Vegas Raiders,5a4f3bf,2026_02_LV_LAC,48.0,graded,win,1.5
0636ebff776d43f8c829a36713c80b22,Cleveland Browns @ Tampa Bay Buccaneers,Bucky Irving,bovada,Bovada,rush_yds,Rushing yards,under,55.5,150,45.6183472592,0.5,0.0,0.4,0.375,0.375,65.5,1,1000.0,25.0,Calibration fitted; not prospectively validated,2026-09-20T13:52:14Z,2026-09-20T17:00:00Z,Sun 1:00 PM ET,Tampa Bay Buccaneers,Cleveland Browns,5a4f3bf,2026_02_CLE_TB,89.0,graded,loss,-1.0
4aeee070bb6ec60bdfae4dede61b9014,Green Bay Packers @ New York Jets,Breece Hall,bovada,Bovada,rush_yds,Rushing yards,under,55.5,150,56.0329285413,0.5,0.0,0.4,0.375,0.375,65.5,1,1000.0,25.0,Calibration fitted; not prospectively validated,2026-09-20T13:51:28Z,2026-09-20T17:00:00Z,Sun 1:00 PM ET,New York Jets,Green Bay Packers,5a4f3bf,2026_02_GB_NYJ,29.0,graded,win,1.5
50bc247030707d823b9c3581d7eb5760,Indianapolis Colts @ Kansas City Chiefs,Josh Downs,fanduel,FanDuel,receptions,Receptions,under,3.5,128,2.1972576904,0.5475728155,0.0,0.4385964912,0.4095398699,0.4095398699,4.5,1,1089.7632430591,24.8466019417,Calibration fitted; not prospectively validated,2026-09-20T13:52:59Z,2026-09-21T00:20:00Z,Sun 8:20 PM ET,Kansas City Chiefs,Indianapolis Colts,5a4f3bf,2026_02_IND_KC,7.0,graded,loss,-1.0
50bc247030707d823b9c3581d7eb5760,Indianapolis Colts @ Kansas City Chiefs,Rashee Rice,bovada,Bovada,recv_yds,Receiving yards,under,40.5,150,53.5117257558,0.4989858012,0.0,0.4,0.375,0.375,50.5,1,989.8580121704,24.7464503043,Calibration fitted; not prospectively validated,2026-09-20T13:52:07Z,2026-09-21T00:20:00Z,Sun 8:20 PM ET,Kansas City Chiefs,Indianapolis Colts,5a4f3bf,2026_02_IND_KC,83.0,graded,loss,-1.0
aee7eae1849ebb103b9bf233e9741392,Carolina Panthers @ Atlanta Falcons,Jalen Coker,bovada,Bovada,recv_yds,Receiving yards,under,39.5,150,59.4839286762,0.4985632184,0.0,0.4,0.375,0.375,50.0,1,985.632183908,24.6408045977,Calibration fitted; not prospectively validated,2026-09-20T13:51:35Z,2026-09-20T17:00:00Z,Sun 1:00 PM ET,Atlanta Falcons,Carolina Panthers,5a4f3bf,2026_02_CAR_ATL,66.0,graded,loss,-1.0
68bc55903f50af4af4766adcc89fcc61,Miami Dolphins @ San Francisco 49ers,Mike Evans,bovada,Bovada,recv_yds,Receiving yards,under,40.5,150,73.6733481279,0.4985632184,0.0,0.4,0.375,0.375,50.5,1,985.632183908,24.6408045977,Calibration fitted; not prospectively validated,2026-09-20T13:52:32Z,2026-09-20T20:25:00Z,Sun 4:25 PM ET,San Francisco 49ers,Miami Dolphins,5a4f3bf,2026_02_MIA_SF,54.0,graded,loss,-1.0
0636ebff776d43f8c829a36713c80b22,Cleveland Browns @ Tampa Bay Buccaneers,Emeka Egbuka,bovada,Bovada,recv_yds,Receiving yards,under,43.5,150,63.9567072619,0.4985632184,0.0,0.4,0.375,0.375,54.5,1,985.632183908,24.6408045977,Calibration fitted; not prospectively validated,2026-09-20T13:52:14Z,2026-09-20T17:00:00Z,Sun 1:00 PM ET,Tampa Bay Buccaneers,Cleveland Browns,5a4f3bf,2026_02_CLE_TB,16.0,graded,win,1.5
4aeee070bb6ec60bdfae4dede61b9014,Green Bay Packers @ New York Jets,Tucker Kraft,betmgm,BetMGM,receptions,Receptions,under,3.5,115,1.8301959336,0.5789473684,0.0,0.4651162791,0.4334891628,0.4677419355,3.5,5,1138.3108935129,24.4736842105,Calibration fitted; not prospectively validated,2026-09-20T13:52:25Z,2026-09-20T17:00:00Z,Sun 1:00 PM ET,New York Jets,Green Bay Packers,5a4f3bf,2026_02_GB_NYJ,2.0,graded,win,1.15
56e8897681915f7ec92baeee952bb1ae,Detroit Lions @ Buffalo Bills,Dawson Knox,draftkings,DraftKings,receptions,Receptions,over,1.5,127,2.9166792712,0.5475728155,0.0,0.4405286344,0.415475269,0.4170324846,1.5,5,1070.4418117275,24.2990291262,Calibration fitted; not prospectively validated,2026-09-17T21:28:13Z,2026-09-18T00:15:00Z,Thu 8:15 PM ET,Buffalo Bills,Detroit Lions,13c730d,2026_02_DET_BUF,2.0,graded,win,1.27
68bc55903f50af4af4766adcc89fcc61,Miami Dolphins @ San Francisco 49ers,De'Von Achane,draftkings,DraftKings,receptions,Receptions,under,3.5,127,2.8130921878,0.5475728155,0.0,0.4405286344,0.415475269,0.416502947,4.0,3,1070.4418117275,24.2990291262,Calibration fitted; not prospectively validated,2026-09-20T13:52:41Z,2026-09-20T20:25:00Z,Sun 4:25 PM ET,San Francisco 49ers,Miami Dolphins,5a4f3bf,2026_02_MIA_SF,3.0,graded,win,1.27
4dd8020192a544385db42374e5555303,Seattle Seahawks @ Arizona Cardinals,Drew Lock,betmgm,BetMGM,pass_attempts,Passing attempts,under,29.5,-105,23.6779554721,0.6363636364,0.0,0.512195122,0.4796954315,0.4948709532,29.5,4,1241.6851441242,24.2424242424,Calibration fitted; not prospectively validated,2026-09-20T13:52:46Z,2026-09-20T20:25:00Z,Sun 4:25 PM ET,Arizona Cardinals,Seattle Seahawks,5a4f3bf,2026_02_SEA_ARI,26.0,graded,win,0.9523809523809523
36ad2fa722f4915ef23d2c81351261de,Cincinnati Bengals @ Houston Texans,C.J. Stroud,betmgm,BetMGM,pass_attempts,Passing attempts,over,30.5,-105,35.1068610946,0.6363636364,0.0,0.512195122,0.4796954315,0.4796954315,31.5,1,1241.6851441242,24.2424242424,Calibration fitted; not prospectively validated,2026-09-20T13:52:32Z,2026-09-20T17:00:00Z,Sun 1:00 PM ET,Houston Texans,Cincinnati Bengals,5a4f3bf,2026_02_CIN_HOU,55.0,graded,win,0.9523809523809523
4aeee070bb6ec60bdfae4dede61b9014,Green Bay Packers @ New York Jets,Geno Smith,betmgm,BetMGM,pass_attempts,Passing attempts,under,30.5,-105,26.5761881884,0.6363636364,0.0,0.512195122,0.4796954315,0.5175910596,30.5,3,1241.6851441242,24.2424242424,Calibration fitted; not prospectively validated,2026-09-20T13:52:25Z,2026-09-20T17:00:00Z,Sun 1:00 PM ET,New York Jets,Green Bay Packers,5a4f3bf,2026_02_GB_NYJ,41.0,graded,loss,-1.0
68bc55903f50af4af4766adcc89fcc61,Miami Dolphins @ San Francisco 49ers,Deebo Samuel,draftkings,DraftKings,receptions,Receptions,over,3.5,126,4.9022661403,0.5475728155,0.0,0.4424778761,0.4176935634,0.4272363151,3.5,5,1050.9493942779,23.7514563107,Calibration fitted; not prospectively validated,2026-09-20T13:52:41Z,2026-09-20T20:25:00Z,Sun 4:25 PM ET,San Francisco 49ers,Miami Dolphins,5a4f3bf,2026_02_MIA_SF,3.0,graded,loss,-1.0
71b3b83747589efdc5baef2c5cf811bf,Las Vegas Raiders @ Los Angeles Chargers,Michael Mayer,betmgm,BetMGM,receptions,Receptions,under,4.5,125,3.5071714138,0.5475728155,0.0,0.4444444444,0.416502947,0.416502947,5.5,1,1031.2837108954,23.2038834951,Calibration fitted; not prospectively validated,2026-09-20T13:52:58Z,2026-09-20T20:05:00Z,Sun 4:05 PM ET,Los Angeles Chargers,Las Vegas Raiders,5a4f3bf,2026_02_LV_LAC,3.0,graded,win,1.25
1fd6628c781f556a7a19638e97d7107f,Jacksonville Jaguars @ Denver Broncos,Jaylen Waddle,bovada,Bovada,recv_yds,Receiving yards,under,43.5,145,30.3968248138,0.5014367816,0.0,0.4081632653,0.3838517538,0.3838517538,53.5,1,932.7351630307,22.8520114943,Calibration fitted; not prospectively validated,2026-09-20T13:53:02Z,2026-09-20T20:05:00Z,Sun 4:05 PM ET,Denver Broncos,Jacksonville Jaguars,5a4f3bf,2026_02_JAX_DEN,138.0,graded,loss,-1.0
71b3b83747589efdc5baef2c5cf811bf,Las Vegas Raiders @ Los Angeles Chargers,Quentin Johnston,bovada,Bovada,recv_yds,Receiving yards,under,41.5,145,34.3297448872,0.5010141988,0.0,0.4081632653,0.3838517538,0.3838517538,51.0,1,928.5093347684,22.7484787018,Calibration fitted; not prospectively validated,2026-09-20T13:53:09Z,2026-09-20T20:05:00Z,Sun 4:05 PM ET,Los Angeles Chargers,Las Vegas Raiders,5a4f3bf,2026_02_LV_LAC,7.0,graded,win,1.45
85ef85098ddd22fe4ecf45e7e3c0a9c0,Washington Commanders @ Dallas Cowboys,Terry McLaurin,bovada,Bovada,recv_yds,Receiving yards,under,43.5,145,34.4699751687,0.5010141988,0.0,0.4081632653,0.3838517538,0.3838517538,53.5,1,928.5093347684,22.7484787018,Calibration fitted; not prospectively validated,2026-09-20T13:52:23Z,2026-09-20T20:25:00Z,Sun 4:25 PM ET,Dallas Cowboys,Washington Commanders,5a4f3bf,2026_02_WAS_DAL,50.0,graded,loss,-1.0
aee7eae1849ebb103b9bf233e9741392,Carolina Panthers @ Atlanta Falcons,Cooper Rush,betonlineag,BetOnline.ag,pass_attempts,Passing attempts,under,29.5,-108,22.7149428984,0.6363636364,0.0,0.5192307692,0.4876847291,0.4897404691,29.5,4,1171.3286713287,22.5589225589,Calibration fitted; not prospectively validated,2026-09-20T13:53:20Z,2026-09-20T17:00:00Z,Sun 1:00 PM ET,Atlanta Falcons,Carolina Panthers,5a4f3bf,2026_02_CAR_ATL,17.0,graded,win,0.9259259259259259
4dd8020192a544385db42374e5555303,Seattle Seahawks @ Arizona Cardinals,Jacoby Brissett,draftkings,DraftKings,pass_attempts,Passing attempts,under,34.5,-108,28.3909805164,0.6363636364,0.0,0.5192307692,0.4896023956,0.4898102244,34.5,4,1171.3286713287,22.5589225589,Calibration fitted; not prospectively validated,2026-09-20T13:50:10Z,2026-09-20T20:25:00Z,Sun 4:25 PM ET,Arizona Cardinals,Seattle Seahawks,5a4f3bf,2026_02_SEA_ARI,28.0,graded,win,0.9259259259259259
aee7eae1849ebb103b9bf233e9741392,Carolina Panthers @ Atlanta Falcons,Bijan Robinson,betonlineag,BetOnline.ag,receptions,Receptions,under,4.5,126,4.154467498,0.5420560748,0.0,0.4424778761,0.4159838649,0.4248366013,4.5,3,995.7819866016,22.5046728972,Calibration fitted; not prospectively validated,2026-09-20T13:53:20Z,2026-09-20T17:00:00Z,Sun 1:00 PM ET,Atlanta Falcons,Carolina Panthers,5a4f3bf,2026_02_CAR_ATL,3.0,graded,win,1.26
85ef85098ddd22fe4ecf45e7e3c0a9c0,Washington Commanders @ Dallas Cowboys,Rachaad White,betmgm,BetMGM,receptions,Receptions,over,2.5,145,2.5209105733,0.5,0.0,0.4081632653,0.3797468354,0.3797468354,1.5,1,918.3673469388,22.5,Calibration fitted; not prospectively validated,2026-09-20T13:52:32Z,2026-09-20T20:25:00Z,Sun 4:25 PM ET,Dallas Cowboys,Washington Commanders,5a4f3bf,2026_02_WAS_DAL,6.0,graded,win,1.45
aee7eae1849ebb103b9bf233e9741392,Carolina Panthers @ Atlanta Falcons,Drake London,bovada,Bovada,recv_yds,Receiving yards,under,47.5,145,42.1247507482,0.5,0.0,0.4081632653,0.3838517538,0.3838517538,57.0,1,918.3673469388,22.5,Calibration fitted; not prospectively validated,2026-09-20T13:51:35Z,2026-09-20T17:00:00Z,Sun 1:00 PM ET,Atlanta Falcons,Carolina Panthers,5a4f3bf,2026_02_CAR_ATL,51.0,graded,loss,-1.0
0283a29e1b38ef78b29b904fd56a16dd,Minnesota Vikings @ Chicago Bears,Luther Burden,bovada,Bovada,recv_yds,Receiving yards,over,60.5,145,62.794080977,0.5,0.0,0.4081632653,0.3838517538,0.3838517538,50.5,1,918.3673469388,22.5,Calibration fitted; not prospectively validated,2026-09-20T13:52:31Z,2026-09-20T17:00:00Z,Sun 1:00 PM ET,Chicago Bears,Minnesota Vikings,5a4f3bf,2026_02_MIN_CHI,32.0,graded,loss,-1.0
36ad2fa722f4915ef23d2c81351261de,Cincinnati Bengals @ Houston Texans,Tee Higgins,bovada,Bovada,recv_yds,Receiving yards,under,42.5,145,49.9052776909,0.4989858012,0.0,0.4081632653,0.3838517538,0.3838517538,54.5,1,908.2253591092,22.2515212982,Calibration fitted; not prospectively validated,2026-09-20T13:51:54Z,2026-09-20T17:00:00Z,Sun 1:00 PM ET,Houston Texans,Cincinnati Bengals,5a4f3bf,2026_02_CIN_HOU,95.0,graded,loss,-1.0
4aeee070bb6ec60bdfae4dede61b9014,Green Bay Packers @ New York Jets,Garrett Wilson,bovada,Bovada,recv_yds,Receiving yards,under,56.5,145,72.3052357845,0.4989858012,0.0,0.4081632653,0.3838517538,0.3838517538,66.5,1,908.2253591092,22.2515212982,Calibration fitted; not prospectively validated,2026-09-20T13:51:28Z,2026-09-20T17:00:00Z,Sun 1:00 PM ET,New York Jets,Green Bay Packers,5a4f3bf,2026_02_GB_NYJ,57.0,graded,loss,-1.0
4aeee070bb6ec60bdfae4dede61b9014,Green Bay Packers @ New York Jets,Matthew Golden,betonlineag,BetOnline.ag,receptions,Receptions,under,3.5,123,2.4573231792,0.5475728155,0.0,0.4484304933,0.4209473735,0.4334891628,3.5,3,991.4232226044,22.1087378641,Calibration fitted; not prospectively validated,2026-09-20T13:52:30Z,2026-09-20T17:00:00Z,Sun 1:00 PM ET,New York Jets,Green Bay Packers,5a4f3bf,2026_02_GB_NYJ,4.0,graded,loss,-1.0
0636ebff776d43f8c829a36713c80b22,Cleveland Browns @ Tampa Bay Buccaneers,Bucky Irving,betrivers,BetRivers,receptions,Receptions,over,2.5,123,3.4530514891,0.5475728155,0.0,0.4484304933,,0.4677419355,2.5,5,991.4232226044,22.1087378641,Calibration fitted; not prospectively validated,2026-09-20T13:52:58Z,2026-09-20T17:00:00Z,Sun 1:00 PM ET,Tampa Bay Buccaneers,Cleveland Browns,5a4f3bf,2026_02_CLE_TB,4.0,graded,win,1.23
71b3b83747589efdc5baef2c5cf811bf,Las Vegas Raiders @ Los Angeles Chargers,Omarion Hampton,betmgm,BetMGM,rush_attempts,Rushing attempts,under,15.5,105,9.4229431786,0.5945945946,0.0,0.487804878,0.4554079696,0.4554079696,16.5,1,1067.8971654581,21.8918918919,Calibration fitted; not prospectively validated,2026-09-20T13:52:58Z,2026-09-20T20:05:00Z,Sun 4:05 PM ET,Los Angeles Chargers,Las Vegas Raiders,5a4f3bf,2026_02_LV_LAC,23.0,graded,loss,-1.0
68bc55903f50af4af4766adcc89fcc61,Miami Dolphins @ San Francisco 49ers,Greg Dulcich,betmgm,BetMGM,receptions,Receptions,over,2.5,125,2.7228076914,0.5408805031,0.0,0.4444444444,0.416502947,0.4373408273,2.5,5,964.3605870021,21.6981132075,Calibration fitted; not prospectively validated,2026-09-20T13:53:23Z,2026-09-20T20:25:00Z,Sun 4:25 PM ET,San Francisco 49ers,Miami Dolphins,5a4f3bf,2026_02_MIA_SF,2.0,graded,loss,-1.0
0283a29e1b38ef78b29b904fd56a16dd,Minnesota Vikings @ Chicago Bears,Luther Burden,betmgm,BetMGM,receptions,Receptions,over,4.5,125,4.9147891106,0.5408805031,0.0,0.4444444444,0.416502947,0.4366812227,4.5,5,964.3605870021,21.6981132075,Calibration fitted; not prospectively validated,2026-09-20T13:52:33Z,2026-09-20T17:00:00Z,Sun 1:00 PM ET,Chicago Bears,Minnesota Vikings,5a4f3bf,2026_02_MIN_CHI,3.0,graded,loss,-1.0
36ad2fa722f4915ef23d2c81351261de,Cincinnati Bengals @ Houston Texans,Xavier Hutchinson,bovada,Bovada,receptions,Receptions,under,2.5,125,2.3025230067,0.5408805031,0.0,0.4444444444,0.416502947,0.4344048653,2.5,5,964.3605870021,21.6981132075,Calibration fitted; not prospectively validated,2026-09-20T13:51:54Z,2026-09-20T17:00:00Z,Sun 1:00 PM ET,Houston Texans,Cincinnati Bengals,5a4f3bf,2026_02_CIN_HOU,3.0,graded,loss,-1.0
50bc247030707d823b9c3581d7eb5760,Indianapolis Colts @ Kansas City Chiefs,Tyler Warren,betmgm,BetMGM,receptions,Receptions,under,4.5,110,2.2747389504,0.5789473684,0.0,0.4761904762,0.4424778761,0.451360692,4.5,5,1027.5689223058,21.5789473684,Calibration fitted; not prospectively validated,2026-09-20T13:52:32Z,2026-09-21T00:20:00Z,Sun 8:20 PM ET,Kansas City Chiefs,Indianapolis Colts,5a4f3bf,2026_02_IND_KC,6.0,graded,loss,-1.0
36ad2fa722f4915ef23d2c81351261de,Cincinnati Bengals @ Houston Texans,Dalton Schultz,bovada,Bovada,receptions,Receptions,under,4.5,110,3.2028693706,0.5789473684,0.0,0.4761904762,0.4458598726,0.4592085979,4.5,5,1027.5689223058,21.5789473684,Calibration fitted; not prospectively validated,2026-09-20T13:51:54Z,2026-09-20T17:00:00Z,Sun 1:00 PM ET,Houston Texans,Cincinnati Bengals,5a4f3bf,2026_02_CIN_HOU,12.0,graded,loss,-1.0
fafc649c455e32a0f2ba1bd06e2039bc,Philadelphia Eagles @ Tennessee Titans,DeVonta Smith,bovada,Bovada,receptions,Receptions,under,4.5,110,2.9083406182,0.5789473684,0.0,0.4761904762,0.4458598726,0.4552558469,4.5,4,1027.5689223058,21.5789473684,Calibration fitted; not prospectively validated,2026-09-20T13:51:39Z,2026-09-20T17:00:00Z,Sun 1:00 PM ET,Tennessee Titans,Philadelphia Eagles,5a4f3bf,2026_02_PHI_TEN,10.0,graded,loss,-1.0
71b3b83747589efdc5baef2c5cf811bf,Las Vegas Raiders @ Los Angeles Chargers,Quentin Johnston,fanduel,FanDuel,receptions,Receptions,under,3.5,122,2.807705245,0.5475728155,0.0,0.4504504505,0.4214658001,0.4272872793,4.0,2,971.2236508353,21.5611650485,Calibration fitted; not prospectively validated,2026-09-20T13:52:56Z,2026-09-20T20:05:00Z,Sun 4:05 PM ET,Los Angeles Chargers,Las Vegas Raiders,5a4f3bf,2026_02_LV_LAC,1.0,graded,win,1.22
4aeee070bb6ec60bdfae4dede61b9014,Green Bay Packers @ New York Jets,Jordan Love,betmgm,BetMGM,pass_attempts,Passing attempts,under,32.5,-110,28.3028210896,0.6363636364,0.0,0.5238095238,0.4898785425,0.4898785425,33.5,1,1125.5411255411,21.4876033058,Calibration fitted; not prospectively validated,2026-09-20T13:52:25Z,2026-09-20T17:00:00Z,Sun 1:00 PM ET,New York Jets,Green Bay Packers,5a4f3bf,2026_02_GB_NYJ,29.0,graded,win,0.9090909090909091
1fd6628c781f556a7a19638e97d7107f,Jacksonville Jaguars @ Denver Broncos,Trevor Lawrence,betmgm,BetMGM,pass_attempts,Passing attempts,under,32.5,-110,28.4612817177,0.6363636364,0.0,0.5238095238,0.4898785425,0.4898785425,31.5,1,1125.5411255411,21.4876033058,Calibration fitted; not prospectively validated,2026-09-20T13:52:25Z,2026-09-20T20:05:00Z,Sun 4:05 PM ET,Denver Broncos,Jacksonville Jaguars,5a4f3bf,2026_02_JAX_DEN,29.0,graded,win,0.9090909090909091
50bc247030707d823b9c3581d7eb5760,Indianapolis Colts @ Kansas City Chiefs,Daniel Jones,betonlineag,BetOnline.ag,pass_attempts,Passing attempts,under,31.5,-110,26.9852770483,0.6363636364,0.0,0.5238095238,0.4917965546,0.4917965546,31.5,3,1125.5411255411,21.4876033058,Calibration fitted; not prospectively validated,2026-09-20T13:52:24Z,2026-09-21T00:20:00Z,Sun 8:20 PM ET,Kansas City Chiefs,Indianapolis Colts,5a4f3bf,2026_02_IND_KC,31.0,graded,win,0.9090909090909091
fafc649c455e32a0f2ba1bd06e2039bc,Philadelphia Eagles @ Tennessee Titans,Wan'Dale Robinson,betrivers,BetRivers,receptions,Receptions,over,4.5,123,5.2005555971,0.5420560748,0.0,0.4484304933,,0.4386821774,4.5,5,936.2558149281,20.8785046729,Calibration fitted; not prospectively validated,2026-09-20T13:52:50Z,2026-09-20T17:00:00Z,Sun 1:00 PM ET,Tennessee Titans,Philadelphia Eagles,5a4f3bf,2026_02_PHI_TEN,1.0,graded,loss,-1.0
50bc247030707d823b9c3581d7eb5760,Indianapolis Colts @ Kansas City Chiefs,Jonathan Taylor,betmgm,BetMGM,receptions,Receptions,under,2.5,120,1.8919641977,0.5475728155,0.0,0.4545454545,0.4248366013,0.4796954315,2.5,5,930.2736098853,20.4660194175,Calibration fitted; not prospectively validated,2026-09-20T13:52:32Z,2026-09-21T00:20:00Z,Sun 8:20 PM ET,Kansas City Chiefs,Indianapolis Colts,5a4f3bf,2026_02_IND_KC,4.0,graded,loss,-1.0
56e8897681915f7ec92baeee952bb1ae,Detroit Lions @ Buffalo Bills,Jameson Williams,bovada,Bovada,receptions,Receptions,under,3.5,120,2.8520047063,0.5475728155,0.0,0.4545454545,0.4248366013,0.4284750337,3.5,3,930.2736098853,20.4660194175,Calibration fitted; not prospectively validated,2026-09-17T21:28:03Z,2026-09-18T00:15:00Z,Thu 8:15 PM ET,Buffalo Bills,Detroit Lions,13c730d,2026_02_DET_BUF,2.0,graded,win,1.2
4aeee070bb6ec60bdfae4dede61b9014,Green Bay Packers @ New York Jets,Jonnu Smith,draftkings,DraftKings,receptions,Receptions,over,1.5,120,2.179937218,0.5475728155,0.0,0.4545454545,0.4291044776,0.4537429043,1.5,5,930.2736098853,20.4660194175,Calibration fitted; not prospectively validated,2026-09-20T13:53:13Z,2026-09-20T17:00:00Z,Sun 1:00 PM ET,New York Jets,Green Bay Packers,5a4f3bf,2026_02_GB_NYJ,,no matching game/player result,,
fafc649c455e32a0f2ba1bd06e2039bc,Philadelphia Eagles @ Tennessee Titans,DeVonta Smith,bovada,Bovada,recv_yds,Receiving yards,under,49.5,140,38.6908944817,0.5014367816,0.0,0.4166666667,0.3909465021,0.3909465021,60.0,1,847.7011494253,20.3448275862,Calibration fitted; not prospectively validated,2026-09-20T13:51:39Z,2026-09-20T17:00:00Z,Sun 1:00 PM ET,Tennessee Titans,Philadelphia Eagles,5a4f3bf,2026_02_PHI_TEN,117.0,graded,loss,-1.0
4aeee070bb6ec60bdfae4dede61b9014,Green Bay Packers @ New York Jets,MarShawn Lloyd,draftkings,DraftKings,rush_attempts,Rushing attempts,under,13.5,102,7.8547896436,0.5945945946,0.0,0.495049505,0.466910272,0.4783944073,13.5,4,995.450896441,20.1081081081,Calibration fitted; not prospectively validated,2026-09-20T13:53:13Z,2026-09-20T17:00:00Z,Sun 1:00 PM ET,New York Jets,Green Bay Packers,5a4f3bf,2026_02_GB_NYJ,6.0,graded,win,1.02
71b3b83747589efdc5baef2c5cf811bf,Las Vegas Raiders @ Los Angeles Chargers,Jalen Nailor,draftkings,DraftKings,receptions,Receptions,under,2.5,122,2.3289935324,0.5408805031,0.0,0.4504504505,0.4250232435,0.4311820354,2.5,4,904.300526942,20.0754716981,Calibration fitted; not prospectively validated,2026-09-20T13:52:39Z,2026-09-20T20:05:00Z,Sun 4:05 PM ET,Los Angeles Chargers,Las Vegas Raiders,5a4f3bf,2026_02_LV_LAC,1.0,graded,win,1.22
aee7eae1849ebb103b9bf233e9741392,Carolina Panthers @ Atlanta Falcons,Tetairoa McMillan,bovada,Bovada,recv_yds,Receiving yards,under,48.5,140,45.9830253127,0.5,0.0,0.4166666667,0.3909465021,0.3909465021,58.5,1,833.3333333333,20.0,Calibration fitted; not prospectively validated,2026-09-20T13:51:35Z,2026-09-20T17:00:00Z,Sun 1:00 PM ET,Atlanta Falcons,Carolina Panthers,5a4f3bf,2026_02_CAR_ATL,101.0,graded,loss,-1.0
9d14f87600f6edc74dbcb5c74edf6246,Pittsburgh Steelers @ New England Patriots,DK Metcalf,bovada,Bovada,recv_yds,Receiving yards,under,49.5,140,43.8815262623,0.5,0.0,0.4166666667,0.3909465021,0.3909465021,59.5,1,833.3333333333,20.0,Calibration fitted; not prospectively validated,2026-09-20T13:51:27Z,2026-09-20T17:00:00Z,Sun 1:00 PM ET,New England Patriots,Pittsburgh Steelers,5a4f3bf,2026_02_PIT_NE,27.0,graded,win,1.4
1fd6628c781f556a7a19638e97d7107f,Jacksonville Jaguars @ Denver Broncos,Parker Washington,bovada,Bovada,recv_yds,Receiving yards,under,49.5,140,48.8852070506,0.5,0.0,0.4166666667,0.3909465021,0.3909465021,59.5,1,833.3333333333,20.0,Calibration fitted; not prospectively validated,2026-09-20T13:53:02Z,2026-09-20T20:05:00Z,Sun 4:05 PM ET,Denver Broncos,Jacksonville Jaguars,5a4f3bf,2026_02_JAX_DEN,98.0,graded,loss,-1.0
4aeee070bb6ec60bdfae4dede61b9014,Green Bay Packers @ New York Jets,Christian Watson,bovada,Bovada,recv_yds,Receiving yards,under,50.5,140,56.7383549389,0.5,0.0,0.4166666667,0.3909465021,0.3909465021,60.5,1,833.3333333333,20.0,Calibration fitted; not prospectively validated,2026-09-20T13:51:28Z,2026-09-20T17:00:00Z,Sun 1:00 PM ET,New York Jets,Green Bay Packers,5a4f3bf,2026_02_GB_NYJ,41.0,graded,win,1.4
4dd8020192a544385db42374e5555303,Seattle Seahawks @ Arizona Cardinals,Trey McBride,bovada,Bovada,recv_yds,Receiving yards,under,53.5,140,54.7351496685,0.5,0.0,0.4166666667,0.3909465021,0.3909465021,62.0,1,833.3333333333,20.0,Calibration fitted; not prospectively validated,2026-09-20T13:51:34Z,2026-09-20T20:25:00Z,Sun 4:25 PM ET,Arizona Cardinals,Seattle Seahawks,5a4f3bf,2026_02_SEA_ARI,41.0,graded,win,1.4
32367f882fac1a0c20a6335619922025,New York Giants @ Los Angeles Rams,Kyren Williams,fanduel,FanDuel,receptions,Receptions,over,2.5,140,2.4880149313,0.5,0.0,0.4166666667,0.3896103896,0.3979763197,2.5,4,833.3333333333,20.0,Calibration fitted; not prospectively validated,2026-09-20T13:53:02Z,2026-09-22T00:15:00Z,Mon 8:15 PM ET,Los Angeles Rams,New York Giants,5a4f3bf,2026_02_NYG_LA,2.0,graded,loss,-1.0
32367f882fac1a0c20a6335619922025,New York Giants @ Los Angeles Rams,Davante Adams,fanduel,FanDuel,receptions,Receptions,under,3.5,162,3.8399250952,0.4579439252,0.0,0.3816793893,0.3569834895,0.3569834895,4.5,1,762.6453592067,19.9813084112,Calibration fitted; not prospectively validated,2026-09-20T13:53:02Z,2026-09-22T00:15:00Z,Mon 8:15 PM ET,Los Angeles Rams,New York Giants,5a4f3bf,2026_02_NYG_LA,8.0,graded,loss,-1.0
56e8897681915f7ec92baeee952bb1ae,Detroit Lions @ Buffalo Bills,DJ Moore,bovada,Bovada,recv_yds,Receiving yards,under,52.5,140,64.9968742579,0.4989858012,0.0,0.4166666667,0.3909465021,0.3909465021,62.5,1,823.1913455037,19.7565922921,Calibration fitted; not prospectively validated,2026-09-17T21:28:03Z,2026-09-18T00:15:00Z,Thu 8:15 PM ET,Buffalo Bills,Detroit Lions,13c730d,2026_02_DET_BUF,0.0,graded,win,1.4
71b3b83747589efdc5baef2c5cf811bf,Las Vegas Raiders @ Los Angeles Chargers,Ashton Jeanty,betonlineag,BetOnline.ag,receptions,Receptions,under,3.5,121,3.2823041019,0.5408805031,0.0,0.4524886878,0.4261269059,0.426745857,3.5,4,883.9181536185,19.534591195,Calibration fitted; not prospectively validated,2026-09-20T13:53:02Z,2026-09-20T20:05:00Z,Sun 4:05 PM ET,Los Angeles Chargers,Las Vegas Raiders,5a4f3bf,2026_02_LV_LAC,4.0,graded,loss,-1.0
4dd8020192a544385db42374e5555303,Seattle Seahawks @ Arizona Cardinals,Drew Lock,betmgm,BetMGM,pass_tds,Passing touchdowns,over,1.5,155,0.94,0.4666666667,0.0,0.3921568627,0.3666469545,0.3764693831,1.5,7,745.0980392157,19.0,Calibration fitted; not prospectively validated,2026-09-20T13:52:46Z,2026-09-20T20:25:00Z,Sun 4:25 PM ET,Arizona Cardinals,Seattle Seahawks,5a4f3bf,2026_02_SEA_ARI,3.0,graded,win,1.55
aee7eae1849ebb103b9bf233e9741392,Carolina Panthers @ Atlanta Falcons,Jonathon Brooks,draftkings,DraftKings,receptions,Receptions,over,1.5,163,0.9601777031,0.4524271845,0.0,0.3802281369,0.359503653,0.3675598767,1.5,5,721.9904758389,18.9883495146,Calibration fitted; not prospectively validated,2026-09-20T13:52:59Z,2026-09-20T17:00:00Z,Sun 1:00 PM ET,Atlanta Falcons,Carolina Panthers,5a4f3bf,2026_02_CAR_ATL,1.0,graded,loss,-1.0
0636ebff776d43f8c829a36713c80b22,Cleveland Browns @ Tampa Bay Buccaneers,Harold Fannin,betonlineag,BetOnline.ag,receptions,Receptions,under,3.5,117,2.6122652078,0.5475728155,0.0,0.4608294931,0.4331087584,0.4366812227,3.5,5,867.4332244642,18.8233009709,Calibration fitted; not prospectively validated,2026-09-20T13:53:13Z,2026-09-20T17:00:00Z,Sun 1:00 PM ET,Tampa Bay Buccaneers,Cleveland Browns,5a4f3bf,2026_02_CLE_TB,5.0,graded,loss,-1.0
36ad2fa722f4915ef23d2c81351261de,Cincinnati Bengals @ Houston Texans,Foster Moreau,fanduel,FanDuel,receptions,Receptions,under,0.5,182,2.7825805692,0.4210526316,0.0,0.3546099291,0.3317535545,0.3470031546,0.5,3,664.4270250093,18.7368421053,Calibration fitted; not prospectively validated,2026-09-20T13:53:09Z,2026-09-20T17:00:00Z,Sun 1:00 PM ET,Houston Texans,Cincinnati Bengals,5a4f3bf,2026_02_CIN_HOU,2.0,graded,loss,-1.0
85ef85098ddd22fe4ecf45e7e3c0a9c0,Washington Commanders @ Dallas Cowboys,Javonte Williams,draftkings,DraftKings,rush_attempts,Rushing attempts,under,17.5,-101,11.9429249695,0.5945945946,0.0,0.5024875622,0.4731704297,0.484786987,17.5,4,921.0703240554,18.3302113995,Calibration fitted; not prospectively validated,2026-09-20T13:53:19Z,2026-09-20T20:25:00Z,Sun 4:25 PM ET,Dallas Cowboys,Washington Commanders,5a4f3bf,2026_02_WAS_DAL,12.0,graded,win,0.9900990099009901
9d14f87600f6edc74dbcb5c74edf6246,Pittsburgh Steelers @ New England Patriots,Roman Wilson,betonlineag,BetOnline.ag,receptions,Receptions,under,2.5,116,2.0264695596,0.5475728155,0.0,0.462962963,0.4342431762,0.4386821774,2.5,5,846.0985257102,18.2757281553,Calibration fitted; not prospectively validated,2026-09-20T13:52:43Z,2026-09-20T17:00:00Z,Sun 1:00 PM ET,New England Patriots,Pittsburgh Steelers,5a4f3bf,2026_02_PIT_NE,5.0,graded,loss,-1.0
0283a29e1b38ef78b29b904fd56a16dd,Minnesota Vikings @ Chicago Bears,Justin Jefferson,betrivers,BetRivers,receptions,Receptions,over,6.5,116,7.8134521156,0.5475728155,0.0,0.462962963,,0.4875171639,6.5,5,846.0985257102,18.2757281553,Calibration fitted; not prospectively validated,2026-09-20T13:52:52Z,2026-09-20T17:00:00Z,Sun 1:00 PM ET,Chicago Bears,Minnesota Vikings,5a4f3bf,2026_02_MIN_CHI,3.0,graded,loss,-1.0
32367f882fac1a0c20a6335619922025,New York Giants @ Los Angeles Rams,Cam Skattebo,betonlineag,BetOnline.ag,receptions,Receptions,under,1.5,118,1.2026111824,0.5420560748,0.0,0.4587155963,0.4307128807,0.4396745177,1.5,6,833.4047843608,18.1682242991,Calibration fitted; not prospectively validated,2026-09-20T13:53:24Z,2026-09-22T00:15:00Z,Mon 8:15 PM ET,Los Angeles Rams,New York Giants,5a4f3bf,2026_02_NYG_LA,4.0,graded,loss,-1.0
68bc55903f50af4af4766adcc89fcc61,Miami Dolphins @ San Francisco 49ers,Brock Purdy,draftkings,DraftKings,pass_tds,Passing touchdowns,under,1.5,153,3.18,0.4666666667,0.0,0.395256917,0.3733923385,0.3941836161,1.5,6,714.0974967062,18.0666666667,Calibration fitted; not prospectively validated,2026-09-20T13:52:41Z,2026-09-20T20:25:00Z,Sun 4:25 PM ET,San Francisco 49ers,Miami Dolphins,5a4f3bf,2026_02_MIA_SF,2.0,graded,loss,-1.0
85ef85098ddd22fe4ecf45e7e3c0a9c0,Washington Commanders @ Dallas Cowboys,George Pickens,bovada,Bovada,recv_yds,Receiving yards,under,54.5,135,42.6865387856,0.5014367816,0.0,0.4255319149,0.3982930299,0.3982930299,65.0,1,759.0486671558,17.8376436782,Calibration fitted; not prospectively validated,2026-09-20T13:52:23Z,2026-09-20T20:25:00Z,Sun 4:25 PM ET,Dallas Cowboys,Washington Commanders,5a4f3bf,2026_02_WAS_DAL,40.0,graded,win,1.35
2143ade9684fd876b68a4e8cbf451f05,New Orleans Saints @ Baltimore Ravens,Rashod Bateman,bovada,Bovada,receptions,Receptions,under,2.5,115,1.6496380696,0.5475728155,0.0,0.4651162791,0.4366812227,0.4412029534,2.5,5,824.5653646421,17.7281553398,Calibration fitted; not prospectively validated,2026-09-20T13:51:43Z,2026-09-20T17:00:00Z,Sun 1:00 PM ET,Baltimore Ravens,New Orleans Saints,5a4f3bf,2026_02_NO_BAL,7.0,graded,loss,-1.0
1fd6628c781f556a7a19638e97d7107f,Jacksonville Jaguars @ Denver Broncos,Bo Nix,draftkings,DraftKings,pass_attempts,Passing attempts,under,34.5,-118,29.2053451471,0.6363636364,0.0,0.5412844037,0.5103976044,0.5153510865,34.5,4,950.7923269391,17.5654853621,Calibration fitted; not prospectively validated,2026-09-20T13:52:59Z,2026-09-20T20:05:00Z,Sun 4:05 PM ET,Denver Broncos,Jacksonville Jaguars,5a4f3bf,2026_02_JAX_DEN,31.0,graded,win,0.847457627118644
56e8897681915f7ec92baeee952bb1ae,Detroit Lions @ Buffalo Bills,Sione Vaki,fanduel,FanDuel,rush_yds,Rushing yards,over,5.5,108,18.3091994868,0.5647668394,0.0,0.4807692308,0.4532987963,0.5157232704,5.5,3,839.9760860901,17.4715025907,Calibration fitted; not prospectively validated,2026-09-17T21:27:50Z,2026-09-18T00:15:00Z,Thu 8:15 PM ET,Buffalo Bills,Detroit Lions,13c730d,2026_02_DET_BUF,7.0,graded,win,1.08
2143ade9684fd876b68a4e8cbf451f05,New Orleans Saints @ Baltimore Ravens,Chris Olave,bovada,Bovada,recv_yds,Receiving yards,under,57.5,135,73.3900484541,0.4989858012,0.0,0.4255319149,0.3982930299,0.3982930299,68.5,1,734.5388632342,17.261663286,Calibration fitted; not prospectively validated,2026-09-20T13:51:43Z,2026-09-20T17:00:00Z,Sun 1:00 PM ET,Baltimore Ravens,New Orleans Saints,5a4f3bf,2026_02_NO_BAL,86.0,graded,loss,-1.0
56e8897681915f7ec92baeee952bb1ae,Detroit Lions @ Buffalo Bills,James Cook,draftkings,DraftKings,rush_attempts,Rushing attempts,under,17.5,-103,12.5473236895,0.5945945946,0.0,0.5073891626,0.4782356355,0.4814929056,17.5,3,872.0543203302,17.1870900026,Calibration fitted; not prospectively validated,2026-09-17T21:28:13Z,2026-09-18T00:15:00Z,Thu 8:15 PM ET,Buffalo Bills,Detroit Lions,13c730d,2026_02_DET_BUF,21.0,graded,loss,-1.0
85ef85098ddd22fe4ecf45e7e3c0a9c0,Washington Commanders @ Dallas Cowboys,Jayden Daniels,fanduel,FanDuel,pass_tds,Passing touchdowns,over,1.5,134,1.88,0.5,0.0,0.4273504274,0.4012561061,0.4170982552,1.5,6,726.4957264957,17.0,Calibration fitted; not prospectively validated,2026-09-20T13:53:29Z,2026-09-20T20:25:00Z,Sun 4:25 PM ET,Dallas Cowboys,Washington Commanders,5a4f3bf,2026_02_WAS_DAL,1.0,graded,loss,-1.0
0636ebff776d43f8c829a36713c80b22,Cleveland Browns @ Tampa Bay Buccaneers,Emeka Egbuka,betrivers,BetRivers,receptions,Receptions,over,4.5,116,4.7243116651,0.5408805031,0.0,0.462962963,,,3.5,0,779.1754018169,16.8301886792,Calibration fitted; not prospectively validated,2026-09-20T13:52:58Z,2026-09-20T17:00:00Z,Sun 1:00 PM ET,Tampa Bay Buccaneers,Cleveland Browns,5a4f3bf,2026_02_CLE_TB,3.0,graded,loss,-1.0
0283a29e1b38ef78b29b904fd56a16dd,Minnesota Vikings @ Chicago Bears,Caleb Williams,betmgm,BetMGM,pass_attempts,Passing attempts,over,29.5,-120,34.6631231512,0.6363636364,0.0,0.5454545455,0.5101214575,0.5101214575,31.5,1,909.0909090909,16.6666666667,Calibration fitted; not prospectively validated,2026-09-20T13:52:33Z,2026-09-20T17:00:00Z,Sun 1:00 PM ET,Chicago Bears,Minnesota Vikings,5a4f3bf,2026_02_MIN_CHI,26.0,graded,loss,-1.0
aee7eae1849ebb103b9bf233e9741392,Carolina Panthers @ Atlanta Falcons,Bijan Robinson,draftkings,DraftKings,rush_attempts,Rushing attempts,under,18.5,-104,13.0856940676,0.5945945946,0.0,0.5098039216,0.4812406203,0.4906203102,18.5,2,847.9067302597,16.632016632,Calibration fitted; not prospectively validated,2026-09-20T13:52:59Z,2026-09-20T17:00:00Z,Sun 1:00 PM ET,Atlanta Falcons,Carolina Panthers,5a4f3bf,2026_02_CAR_ATL,16.0,graded,win,0.9615384615384616
85ef85098ddd22fe4ecf45e7e3c0a9c0,Washington Commanders @ Dallas Cowboys,CeeDee Lamb,betmgm,BetMGM,receptions,Receptions,under,5.5,115,5.1001882246,0.5420560748,0.0,0.4651162791,0.4334891628,0.4581151832,5.5,5,769.3979569659,16.5420560748,Calibration fitted; not prospectively validated,2026-09-20T13:52:32Z,2026-09-20T20:25:00Z,Sun 4:25 PM ET,Dallas Cowboys,Washington Commanders,5a4f3bf,2026_02_WAS_DAL,8.0,graded,loss,-1.0
4dd8020192a544385db42374e5555303,Seattle Seahawks @ Arizona Cardinals,Jeremiyah Love,bovada,Bovada,receptions,Receptions,under,2.5,115,2.1098001306,0.5420560748,0.0,0.4651162791,0.4366812227,0.4457016993,2.5,6,769.3979569659,16.5420560748,Calibration fitted; not prospectively validated,2026-09-20T13:51:34Z,2026-09-20T20:25:00Z,Sun 4:25 PM ET,Arizona Cardinals,Seattle Seahawks,5a4f3bf,2026_02_SEA_ARI,3.0,graded,loss,-1.0
9d14f87600f6edc74dbcb5c74edf6246,Pittsburgh Steelers @ New England Patriots,Hunter Henry,bovada,Bovada,receptions,Receptions,over,3.5,115,3.9884883642,0.5420560748,0.0,0.4651162791,0.4366812227,0.4424778761,3.5,5,769.3979569659,16.5420560748,Calibration fitted; not prospectively validated,2026-09-20T13:51:27Z,2026-09-20T17:00:00Z,Sun 1:00 PM ET,New England Patriots,Pittsburgh Steelers,5a4f3bf,2026_02_PIT_NE,3.0,graded,loss,-1.0
fafc649c455e32a0f2ba1bd06e2039bc,Philadelphia Eagles @ Tennessee Titans,Tyjae Spears,draftkings,DraftKings,receptions,Receptions,under,2.5,101,1.581344605,0.5789473684,0.0,0.4975124378,0.4689835958,0.471842317,2.5,5,814.3493061011,16.3684210526,Calibration fitted; not prospectively validated,2026-09-20T13:52:24Z,2026-09-20T17:00:00Z,Sun 1:00 PM ET,Tennessee Titans,Philadelphia Eagles,5a4f3bf,2026_02_PHI_TEN,2.0,graded,win,1.01
36ad2fa722f4915ef23d2c81351261de,Cincinnati Bengals @ Houston Texans,Woody Marks,fanduel,FanDuel,receptions,Receptions,over,1.5,112,2.0564193172,0.5475728155,0.0,0.4716981132,0.4414696668,0.450619602,1.5,5,758.7470232643,16.0854368932,Calibration fitted; not prospectively validated,2026-09-20T13:53:09Z,2026-09-20T17:00:00Z,Sun 1:00 PM ET,Houston Texans,Cincinnati Bengals,5a4f3bf,2026_02_CIN_HOU,5.0,graded,win,1.12
0283a29e1b38ef78b29b904fd56a16dd,Minnesota Vikings @ Chicago Bears,Aaron Jones,betmgm,BetMGM,receptions,Receptions,under,2.5,100,1.5938662185,0.5789473684,0.0,0.5,0.4653465347,0.4710743802,2.5,5,789.4736842105,15.7894736842,Calibration fitted; not prospectively validated,2026-09-20T13:52:33Z,2026-09-20T17:00:00Z,Sun 1:00 PM ET,Chicago Bears,Minnesota Vikings,5a4f3bf,2026_02_MIN_CHI,0.0,graded,win,1.0
85ef85098ddd22fe4ecf45e7e3c0a9c0,Washington Commanders @ Dallas Cowboys,George Pickens,betmgm,BetMGM,receptions,Receptions,under,4.5,100,3.0884693185,0.5789473684,0.0,0.5,0.4653465347,0.5,4.5,5,789.4736842105,15.7894736842,Calibration fitted; not prospectively validated,2026-09-20T13:52:32Z,2026-09-20T20:25:00Z,Sun 4:25 PM ET,Dallas Cowboys,Washington Commanders,5a4f3bf,2026_02_WAS_DAL,6.0,graded,loss,-1.0
36ad2fa722f4915ef23d2c81351261de,Cincinnati Bengals @ Houston Texans,Ja'Marr Chase,betmgm,BetMGM,receptions,Receptions,under,6.5,100,4.0098701734,0.5789473684,0.0,0.5,0.4653465347,0.4969046636,6.5,5,789.4736842105,15.7894736842,Calibration fitted; not prospectively validated,2026-09-20T13:52:32Z,2026-09-20T17:00:00Z,Sun 1:00 PM ET,Houston Texans,Cincinnati Bengals,5a4f3bf,2026_02_CIN_HOU,7.0,graded,loss,-1.0
32367f882fac1a0c20a6335619922025,New York Giants @ Los Angeles Rams,Puka Nacua,bovada,Bovada,receptions,Receptions,under,6.5,100,4.3749507557,0.5789473684,0.0,0.5,0.4693877551,0.4714583486,6.5,4,789.4736842105,15.7894736842,Calibration fitted; not prospectively validated,2026-09-20T13:52:44Z,2026-09-22T00:15:00Z,Mon 8:15 PM ET,Los Angeles Rams,New York Giants,5a4f3bf,2026_02_NYG_LA,,no matching game/player result,,
aee7eae1849ebb103b9bf233e9741392,Carolina Panthers @ Atlanta Falcons,Bryce Young,betrivers,BetRivers,pass_tds,Passing touchdowns,over,1.5,117,2.82,0.5333333333,0.0,0.4608294931,0.4299887902,0.443519189,1.5,7,725.0384024578,15.7333333333,Calibration fitted; not prospectively validated,2026-09-20T13:52:51Z,2026-09-20T17:00:00Z,Sun 1:00 PM ET,Atlanta Falcons,Carolina Panthers,5a4f3bf,2026_02_CAR_ATL,3.0,graded,win,1.17
0636ebff776d43f8c829a36713c80b22,Cleveland Browns @ Tampa Bay Buccaneers,Cade Otton,fanatics,Fanatics,receptions,Receptions,over,3.5,155,2.8668042661,0.4524271845,0.0,0.3921568627,0.3632236095,0.3632236095,2.5,1,602.7032172092,15.3689320388,Calibration fitted; not prospectively validated,2026-09-20T13:52:31Z,2026-09-20T17:00:00Z,Sun 1:00 PM ET,Tampa Bay Buccaneers,Cleveland Browns,5a4f3bf,2026_02_CLE_TB,5.0,graded,win,1.55
85ef85098ddd22fe4ecf45e7e3c0a9c0,Washington Commanders @ Dallas Cowboys,Javonte Williams,betmgm,BetMGM,receptions,Receptions,over,2.5,110,3.3732215083,0.5475728155,0.0,0.4761904762,0.4424778761,0.4796954315,2.5,5,713.823393435,14.9902912621,Calibration fitted; not prospectively validated,2026-09-20T13:52:32Z,2026-09-20T20:25:00Z,Sun 4:25 PM ET,Dallas Cowboys,Washington Commanders,5a4f3bf,2026_02_WAS_DAL,3.0,graded,win,1.1
36ad2fa722f4915ef23d2c81351261de,Cincinnati Bengals @ Houston Texans,Andrei Iosivas,bovada,Bovada,receptions,Receptions,over,1.5,110,2.6352465377,0.5475728155,0.0,0.4761904762,0.4458598726,0.471842317,1.5,5,713.823393435,14.9902912621,Calibration fitted; not prospectively validated,2026-09-20T13:51:54Z,2026-09-20T17:00:00Z,Sun 1:00 PM ET,Houston Texans,Cincinnati Bengals,5a4f3bf,2026_02_CIN_HOU,1.0,graded,loss,-1.0
68bc55903f50af4af4766adcc89fcc61,Miami Dolphins @ San Francisco 49ers,Christian McCaffrey,bovada,Bovada,receptions,Receptions,under,4.5,110,3.3512605359,0.5475728155,0.0,0.4761904762,0.4458598726,0.4677419355,4.5,5,713.823393435,14.9902912621,Calibration fitted; not prospectively validated,2026-09-20T13:52:32Z,2026-09-20T20:25:00Z,Sun 4:25 PM ET,San Francisco 49ers,Miami Dolphins,5a4f3bf,2026_02_MIA_SF,4.0,graded,win,1.1
aee7eae1849ebb103b9bf233e9741392,Carolina Panthers @ Atlanta Falcons,Chuba Hubbard,bovada,Bovada,receptions,Receptions,over,2.5,150,2.3527340071,0.4591194969,0.0,0.4,0.375,0.3831317765,2.5,5,591.1949685535,14.7798742138,Calibration fitted; not prospectively validated,2026-09-20T13:51:35Z,2026-09-20T17:00:00Z,Sun 1:00 PM ET,Atlanta Falcons,Carolina Panthers,5a4f3bf,2026_02_CAR_ATL,2.0,graded,loss,-1.0
9d14f87600f6edc74dbcb5c74edf6246,Pittsburgh Steelers @ New England Patriots,Pat Freiermuth,betrivers,BetRivers,receptions,Receptions,over,3.5,112,3.8104129158,0.5408805031,0.0,0.4716981132,,0.4554079696,3.5,5,691.8238993711,14.6666666667,Calibration fitted; not prospectively validated,2026-09-20T13:53:18Z,2026-09-20T17:00:00Z,Sun 1:00 PM ET,New England Patriots,Pittsburgh Steelers,5a4f3bf,2026_02_PIT_NE,4.0,graded,win,1.12
0636ebff776d43f8c829a36713c80b22,Cleveland Browns @ Tampa Bay Buccaneers,Baker Mayfield,bovada,Bovada,pass_attempts,Passing attempts,over,27.5,-125,31.0380281172,0.6363636364,0.0,0.5555555556,0.5203045685,0.5220817448,28.0,2,808.0808080808,14.5454545455,Calibration fitted; not prospectively validated,2026-09-20T13:52:14Z,2026-09-20T17:00:00Z,Sun 1:00 PM ET,Tampa Bay Buccaneers,Cleveland Browns,5a4f3bf,2026_02_CLE_TB,34.0,graded,win,0.8
50bc247030707d823b9c3581d7eb5760,Indianapolis Colts @ Kansas City Chiefs,Kenneth Walker,betonlineag,BetOnline.ag,rush_attempts,Rushing attempts,under,18.5,-108,13.0350046198,0.5945945946,0.0,0.5192307692,0.4876847291,0.4898785425,18.5,3,753.6382536383,14.5145145145,Calibration fitted; not prospectively validated,2026-09-20T13:52:24Z,2026-09-21T00:20:00Z,Sun 8:20 PM ET,Kansas City Chiefs,Indianapolis Colts,5a4f3bf,2026_02_IND_KC,24.0,graded,loss,-1.0
0636ebff776d43f8c829a36713c80b22,Cleveland Browns @ Tampa Bay Buccaneers,Quinshon Judkins,bovada,Bovada,receptions,Receptions,over,2.5,150,2.0438836992,0.4579439252,0.0,0.4,0.375,0.3887399464,2.5,5,579.4392523364,14.4859813084,Calibration fitted; not prospectively validated,2026-09-20T13:52:14Z,2026-09-20T17:00:00Z,Sun 1:00 PM ET,Tampa Bay Buccaneers,Cleveland Browns,5a4f3bf,2026_02_CLE_TB,5.0,graded,win,1.5
0636ebff776d43f8c829a36713c80b22,Cleveland Browns @ Tampa Bay Buccaneers,Deshaun Watson,fanatics,Fanatics,rush_attempts,Rushing attempts,over,5.5,125,6.0650307745,0.506993007,0.0,0.4444444444,0.4137931034,0.4137931034,4.5,1,625.4856254856,14.0734265734,Calibration fitted; not prospectively validated,2026-09-20T13:52:31Z,2026-09-20T17:00:00Z,Sun 1:00 PM ET,Tampa Bay Buccaneers,Cleveland Browns,5a4f3bf,2026_02_CLE_TB,7.0,graded,win,1.25
4dd8020192a544385db42374e5555303,Seattle Seahawks @ Arizona Cardinals,Rashid Shaheed,fanduel,FanDuel,receptions,Receptions,over,2.5,152,2.0320760448,0.4524271845,0.0,0.3968253968,0.3712268744,0.3775317586,2.5,3,556.0178764062,14.0116504854,Calibration fitted; not prospectively validated,2026-09-20T13:53:08Z,2026-09-20T20:25:00Z,Sun 4:25 PM ET,Arizona Cardinals,Seattle Seahawks,5a4f3bf,2026_02_SEA_ARI,3.0,graded,win,1.52
50bc247030707d823b9c3581d7eb5760,Indianapolis Colts @ Kansas City Chiefs,Tyquan Thornton,fanduel,FanDuel,receptions,Receptions,over,1.5,148,1.4374998187,0.4591194969,0.0,0.4032258065,0.3768844221,0.3933164105,1.5,5,558.9369040373,13.8616352201,Calibration fitted; not prospectively validated,2026-09-20T13:52:59Z,2026-09-21T00:20:00Z,Sun 8:20 PM ET,Kansas City Chiefs,Indianapolis Colts,5a4f3bf,2026_02_IND_KC,4.0,graded,win,1.48
85ef85098ddd22fe4ecf45e7e3c0a9c0,Washington Commanders @ Dallas Cowboys,Jake Ferguson,bovada,Bovada,receptions,Receptions,over,3.5,110,4.0450735858,0.5420560748,0.0,0.4761904762,0.4458598726,0.4554079696,3.5,5,658.6559857588,13.8317757009,Calibration fitted; not prospectively validated,2026-09-20T13:52:23Z,2026-09-20T20:25:00Z,Sun 4:25 PM ET,Dallas Cowboys,Washington Commanders,5a4f3bf,2026_02_WAS_DAL,4.0,graded,win,1.1
9d14f87600f6edc74dbcb5c74edf6246,Pittsburgh Steelers @ New England Patriots,TreVeyon Henderson,betmgm,BetMGM,receptions,Receptions,over,1.5,110,1.6964286822,0.5408805031,0.0,0.4761904762,0.4424778761,0.4693877551,1.5,5,646.9002695418,13.5849056604,Calibration fitted; not prospectively validated,2026-09-20T13:52:32Z,2026-09-20T17:00:00Z,Sun 1:00 PM ET,New England Patriots,Pittsburgh Steelers,5a4f3bf,2026_02_PIT_NE,0.0,graded,loss,-1.0
71b3b83747589efdc5baef2c5cf811bf,Las Vegas Raiders @ Los Angeles Chargers,Omarion Hampton,betmgm,BetMGM,receptions,Receptions,over,2.5,150,1.3251126874,0.4524271845,0.0,0.4,0.375,0.3856006472,2.5,5,524.2718446602,13.1067961165,Calibration fitted; not prospectively validated,2026-09-20T13:52:58Z,2026-09-20T20:05:00Z,Sun 4:05 PM ET,Los Angeles Chargers,Las Vegas Raiders,5a4f3bf,2026_02_LV_LAC,2.0,graded,loss,-1.0
4aeee070bb6ec60bdfae4dede61b9014,Green Bay Packers @ New York Jets,MarShawn Lloyd,bovada,Bovada,receptions,Receptions,over,1.5,150,0.8075082757,0.4524271845,0.0,0.4,0.375,0.4017531045,1.5,5,524.2718446602,13.1067961165,Calibration fitted; not prospectively validated,2026-09-20T13:51:28Z,2026-09-20T17:00:00Z,Sun 1:00 PM ET,New York Jets,Green Bay Packers,5a4f3bf,2026_02_GB_NYJ,2.0,graded,win,1.5
9d14f87600f6edc74dbcb5c74edf6246,Pittsburgh Steelers @ New England Patriots,Rico Dowdle,betmgm,BetMGM,receptions,Receptions,under,2.5,-105,1.3420349872,0.5789473684,0.0,0.512195122,0.4796954315,0.5196752547,2.5,5,667.5224646983,13.0325814536,Calibration fitted; not prospectively validated,2026-09-20T13:52:32Z,2026-09-20T17:00:00Z,Sun 1:00 PM ET,New England Patriots,Pittsburgh Steelers,5a4f3bf,2026_02_PIT_NE,2.0,graded,win,0.9523809523809523
36ad2fa722f4915ef23d2c81351261de,Cincinnati Bengals @ Houston Texans,Mike Gesicki,draftkings,DraftKings,receptions,Receptions,over,2.5,106,3.5082320331,0.5475728155,0.0,0.4854368932,0.4580003898,0.4652655222,2.5,5,621.359223301,12.8,Calibration fitted; not prospectively validated,2026-09-20T13:53:13Z,2026-09-20T17:00:00Z,Sun 1:00 PM ET,Houston Texans,Cincinnati Bengals,5a4f3bf,2026_02_CIN_HOU,,no matching game/player result,,
4aeee070bb6ec60bdfae4dede61b9014,Green Bay Packers @ New York Jets,Jordan Love,fanatics,Fanatics,rush_yds,Rushing yards,under,5.5,125,10.755721726,0.5,0.0,0.4444444444,0.4137931034,0.4137931034,7.5,1,555.5555555556,12.5,Calibration fitted; not prospectively validated,2026-09-20T13:52:23Z,2026-09-20T17:00:00Z,Sun 1:00 PM ET,New York Jets,Green Bay Packers,5a4f3bf,2026_02_GB_NYJ,0.0,graded,win,1.25
4aeee070bb6ec60bdfae4dede61b9014,Green Bay Packers @ New York Jets,Isaiah Williams,bovada,Bovada,receptions,Receptions,over,1.5,105,2.5346627042,0.5475728155,0.0,0.487804878,0.4592085979,0.4620082487,1.5,3,597.679374852,12.2524271845,Calibration fitted; not prospectively validated,2026-09-20T13:51:28Z,2026-09-20T17:00:00Z,Sun 1:00 PM ET,New York Jets,Green Bay Packers,5a4f3bf,2026_02_GB_NYJ,6.0,graded,win,1.05
fafc649c455e32a0f2ba1bd06e2039bc,Philadelphia Eagles @ Tennessee Titans,Gunnar Helm,fanduel,FanDuel,receptions,Receptions,over,3.5,148,2.9180311884,0.4524271845,0.0,0.4032258065,0.3768844221,0.4091280257,3.5,4,492.0137801441,12.2019417476,Calibration fitted; not prospectively validated,2026-09-20T13:53:05Z,2026-09-20T17:00:00Z,Sun 1:00 PM ET,Tennessee Titans,Philadelphia Eagles,5a4f3bf,2026_02_PHI_TEN,2.0,graded,loss,-1.0
0636ebff776d43f8c829a36713c80b22,Cleveland Browns @ Tampa Bay Buccaneers,Bucky Irving,betonlineag,BetOnline.ag,rush_attempts,Rushing attempts,under,14.5,103,9.9643757061,0.5526315789,0.0,0.4926108374,0.4632298853,0.4632298853,15.5,1,600.2074150894,12.1842105263,Calibration fitted; not prospectively validated,2026-09-20T13:53:13Z,2026-09-20T17:00:00Z,Sun 1:00 PM ET,Tampa Bay Buccaneers,Cleveland Browns,5a4f3bf,2026_02_CLE_TB,17.0,graded,loss,-1.0
4aeee070bb6ec60bdfae4dede61b9014,Green Bay Packers @ New York Jets,Christian Watson,draftkings,DraftKings,receptions,Receptions,under,3.5,124,3.4643895278,0.5,0.0,0.4464285714,0.4216237417,0.4232301715,4.0,2,535.7142857143,12.0,Calibration fitted; not prospectively validated,2026-09-20T13:53:13Z,2026-09-20T17:00:00Z,Sun 1:00 PM ET,New York Jets,Green Bay Packers,5a4f3bf,2026_02_GB_NYJ,4.0,graded,loss,-1.0
85ef85098ddd22fe4ecf45e7e3c0a9c0,Washington Commanders @ Dallas Cowboys,Ryan Flournoy,fanduel,FanDuel,receptions,Receptions,under,2.5,104,1.9775863778,0.5475728155,0.0,0.4901960784,0.4581151832,0.4743894444,2.5,5,573.7673710261,11.7048543689,Calibration fitted; not prospectively validated,2026-09-20T13:53:29Z,2026-09-20T20:25:00Z,Sun 4:25 PM ET,Dallas Cowboys,Washington Commanders,5a4f3bf,2026_02_WAS_DAL,5.0,graded,loss,-1.0
1fd6628c781f556a7a19638e97d7107f,Jacksonville Jaguars @ Denver Broncos,Parker Washington,fanduel,FanDuel,receptions,Receptions,under,4.5,104,3.7457113981,0.5475728155,0.0,0.4901960784,0.4581151832,0.4773429454,4.5,5,573.7673710261,11.7048543689,Calibration fitted; not prospectively validated,2026-09-20T13:52:58Z,2026-09-20T20:05:00Z,Sun 4:05 PM ET,Denver Broncos,Jacksonville Jaguars,5a4f3bf,2026_02_JAX_DEN,7.0,graded,loss,-1.0
56e8897681915f7ec92baeee952bb1ae,Detroit Lions @ Buffalo Bills,Jahmyr Gibbs,betonlineag,BetOnline.ag,rush_attempts,Rushing attempts,under,18.5,-114,14.4984839976,0.5945945946,0.0,0.5327102804,0.5,0.5041574856,18.5,2,618.8431422076,11.6168800379,Calibration fitted; not prospectively validated,2026-09-17T21:27:31Z,2026-09-18T00:15:00Z,Thu 8:15 PM ET,Buffalo Bills,Detroit Lions,13c730d,2026_02_DET_BUF,16.0,graded,win,0.8771929824561403
0283a29e1b38ef78b29b904fd56a16dd,Minnesota Vikings @ Chicago Bears,Caleb Williams,draftkings,DraftKings,rush_attempts,Rushing attempts,over,5.5,120,7.1626255198,0.506993007,0.0,0.4545454545,0.4284750337,0.425224778,5.5,2,524.4755244755,11.5384615385,Calibration fitted; not prospectively validated,2026-09-20T13:53:13Z,2026-09-20T17:00:00Z,Sun 1:00 PM ET,Chicago Bears,Minnesota Vikings,5a4f3bf,2026_02_MIN_CHI,5.0,graded,loss,-1.0
0283a29e1b38ef78b29b904fd56a16dd,Minnesota Vikings @ Chicago Bears,Colston Loveland,betonlineag,BetOnline.ag,receptions,Receptions,under,4.5,-108,2.1205966872,0.5789473684,0.0,0.5192307692,0.4876847291,0.4898785425,4.5,5,597.1659919028,11.5009746589,Calibration fitted; not prospectively validated,2026-09-20T13:53:18Z,2026-09-20T17:00:00Z,Sun 1:00 PM ET,Chicago Bears,Minnesota Vikings,5a4f3bf,2026_02_MIN_CHI,1.0,graded,win,0.9259259259259259
0636ebff776d43f8c829a36713c80b22,Cleveland Browns @ Tampa Bay Buccaneers,Kenny Gainwell,draftkings,DraftKings,receptions,Receptions,under,1.5,146,2.6269541468,0.4524271845,0.0,0.406504065,0.3837543972,0.3852511464,1.5,5,459.2311942537,11.2970873786,Calibration fitted; not prospectively validated,2026-09-20T13:53:22Z,2026-09-20T17:00:00Z,Sun 1:00 PM ET,Tampa Bay Buccaneers,Cleveland Browns,5a4f3bf,2026_02_CLE_TB,3.0,graded,loss,-1.0
4dd8020192a544385db42374e5555303,Seattle Seahawks @ Arizona Cardinals,Jadarian Price,betonlineag,BetOnline.ag,rush_attempts,Rushing attempts,under,14.5,-115,7.495270618,0.5945945946,0.0,0.5348837209,0.5030953364,0.5041554124,14.5,3,597.1087366436,11.1633372503,Calibration fitted; not prospectively validated,2026-09-20T13:51:11Z,2026-09-20T20:25:00Z,Sun 4:25 PM ET,Arizona Cardinals,Seattle Seahawks,5a4f3bf,2026_02_SEA_ARI,13.0,graded,win,0.8695652173913043
0636ebff776d43f8c829a36713c80b22,Cleveland Browns @ Tampa Bay Buccaneers,Baker Mayfield,betmgm,BetMGM,pass_completions,Passing completions,over,19.5,105,23.2785210879,0.5416666667,0.0,0.487804878,0.4554079696,0.4554079696,18.5,1,538.6178861789,11.0416666667,Calibration fitted; not prospectively validated,2026-09-20T13:53:24Z,2026-09-20T17:00:00Z,Sun 1:00 PM ET,Tampa Bay Buccaneers,Cleveland Browns,5a4f3bf,2026_02_CLE_TB,21.0,graded,win,1.05
50bc247030707d823b9c3581d7eb5760,Indianapolis Colts @ Kansas City Chiefs,Patrick Mahomes,betonlineag,BetOnline.ag,pass_completions,Passing completions,under,19.5,105,16.4661381986,0.5416666667,0.0,0.487804878,0.4592085979,0.4596023332,19.5,4,538.6178861789,11.0416666667,Calibration fitted; not prospectively validated,2026-09-20T13:52:24Z,2026-09-21T00:20:00Z,Sun 8:20 PM ET,Kansas City Chiefs,Indianapolis Colts,5a4f3bf,2026_02_IND_KC,32.0,graded,loss,-1.0
68bc55903f50af4af4766adcc89fcc61,Miami Dolphins @ San Francisco 49ers,George Kittle,draftkings,DraftKings,receptions,Receptions,under,3.5,102,2.4458517342,0.5475728155,0.0,0.495049505,0.466910272,0.4693877551,3.5,5,525.2331058349,10.6097087379,Calibration fitted; not prospectively validated,2026-09-20T13:52:41Z,2026-09-20T20:25:00Z,Sun 4:25 PM ET,San Francisco 49ers,Miami Dolphins,5a4f3bf,2026_02_MIA_SF,4.0,graded,loss,-1.0
4dd8020192a544385db42374e5555303,Seattle Seahawks @ Arizona Cardinals,George Holani,fanatics,Fanatics,rush_attempts,Rushing attempts,over,8.5,125,5.9985800479,0.4915254237,0.0,0.4444444444,0.4137931034,0.4137931034,7.5,1,470.8097928437,10.593220339,Calibration fitted; not prospectively validated,2026-09-20T13:51:13Z,2026-09-20T20:25:00Z,Sun 4:25 PM ET,Arizona Cardinals,Seattle Seahawks,5a4f3bf,2026_02_SEA_ARI,4.0,graded,loss,-1.0
fafc649c455e32a0f2ba1bd06e2039bc,Philadelphia Eagles @ Tennessee Titans,Carnell Tate,fanduel,FanDuel,receptions,Receptions,under,3.5,104,3.1025289863,0.5420560748,0.0,0.4901960784,0.4581151832,0.4717141467,3.5,6,518.5999633498,10.5794392523,Calibration fitted; not prospectively validated,2026-09-20T13:53:05Z,2026-09-20T17:00:00Z,Sun 1:00 PM ET,Tennessee Titans,Philadelphia Eagles,5a4f3bf,2026_02_PHI_TEN,3.0,graded,win,1.04
50bc247030707d823b9c3581d7eb5760,Indianapolis Colts @ Kansas City Chiefs,Jonathan Taylor,draftkings,DraftKings,rush_attempts,Rushing attempts,under,18.5,100,14.3786336007,0.5526315789,0.0,0.5,0.4719334719,0.4796954315,18.5,3,526.3157894737,10.5263157895,Calibration fitted; not prospectively validated,2026-09-20T13:52:43Z,2026-09-21T00:20:00Z,Sun 8:20 PM ET,Kansas City Chiefs,Indianapolis Colts,5a4f3bf,2026_02_IND_KC,24.0,graded,loss,-1.0
0636ebff776d43f8c829a36713c80b22,Cleveland Browns @ Tampa Bay Buccaneers,KC Concepcion,draftkings,DraftKings,receptions,Receptions,over,3.5,121,3.4903185205,0.5,0.0,0.4524886878,0.427364808,0.4331087584,3.5,5,475.1131221719,10.5,Calibration fitted; not prospectively validated,2026-09-20T13:53:22Z,2026-09-20T17:00:00Z,Sun 1:00 PM ET,Tampa Bay Buccaneers,Cleveland Browns,5a4f3bf,2026_02_CLE_TB,6.0,graded,win,1.21
36ad2fa722f4915ef23d2c81351261de,Cincinnati Bengals @ Houston Texans,Drew Sample,fanatics,Fanatics,recv_yds,Receiving yards,over,10.5,120,19.1394937333,0.5014367816,0.0,0.4545454545,0.4219745223,0.4219745223,9.5,1,468.9132706374,10.316091954,Calibration fitted; not prospectively validated,2026-09-20T13:52:40Z,2026-09-20T17:00:00Z,Sun 1:00 PM ET,Houston Texans,Cincinnati Bengals,5a4f3bf,2026_02_CIN_HOU,,no matching game/player result,,
4dd8020192a544385db42374e5555303,Seattle Seahawks @ Arizona Cardinals,Jacoby Brissett,betmgm,BetMGM,rush_yds,Rushing yards,over,9.5,-105,18.1832970121,0.5647668394,0.0,0.512195122,0.4796954315,0.5,9.5,3,525.7171742702,10.2640019738,Calibration fitted; not prospectively validated,2026-09-20T13:52:46Z,2026-09-20T20:25:00Z,Sun 4:25 PM ET,Arizona Cardinals,Seattle Seahawks,5a4f3bf,2026_02_SEA_ARI,7.0,graded,loss,-1.0
36ad2fa722f4915ef23d2c81351261de,Cincinnati Bengals @ Houston Texans,C.J. Stroud,draftkings,DraftKings,rush_yds,Rushing yards,over,11.5,-105,21.997476039,0.5647668394,0.0,0.512195122,0.4852289513,0.4948402543,11.5,5,525.7171742702,10.2640019738,Calibration fitted; not prospectively validated,2026-09-20T13:53:13Z,2026-09-20T17:00:00Z,Sun 1:00 PM ET,Houston Texans,Cincinnati Bengals,5a4f3bf,2026_02_CIN_HOU,29.0,graded,win,0.9523809523809523
0636ebff776d43f8c829a36713c80b22,Cleveland Browns @ Tampa Bay Buccaneers,Quinshon Judkins,betmgm,BetMGM,rush_attempts,Rushing attempts,under,13.5,100,9.9200289716,0.55,0.0,0.5,0.4653465347,0.4693877551,13.5,3,500.0,10.0,Calibration fitted; not prospectively validated,2026-09-20T13:53:24Z,2026-09-20T17:00:00Z,Sun 1:00 PM ET,Tampa Bay Buccaneers,Cleveland Browns,5a4f3bf,2026_02_CLE_TB,12.0,graded,win,1.0
4aeee070bb6ec60bdfae4dede61b9014,Green Bay Packers @ New York Jets,Geno Smith,fanduel,FanDuel,rush_yds,Rushing yards,over,7.5,-106,16.4077971064,0.5647668394,0.0,0.5145631068,0.4854288093,0.5101214575,7.5,5,502.0373258212,9.7565744452,Calibration fitted; not prospectively validated,2026-09-20T13:53:04Z,2026-09-20T17:00:00Z,Sun 1:00 PM ET,New York Jets,Green Bay Packers,5a4f3bf,2026_02_GB_NYJ,17.0,graded,win,0.9433962264150944
4aeee070bb6ec60bdfae4dede61b9014,Green Bay Packers @ New York Jets,Geno Smith,betonlineag,BetOnline.ag,pass_tds,Passing touchdowns,under,1.5,-217,0.0106,0.75,0.0,0.6845425868,0.643772194,0.6533326967,1.5,6,654.5741324921,9.5622119816,Calibration fitted; not prospectively validated,2026-09-20T13:52:30Z,2026-09-20T17:00:00Z,Sun 1:00 PM ET,New York Jets,Green Bay Packers,5a4f3bf,2026_02_GB_NYJ,1.0,graded,win,0.4608294930875576
36ad2fa722f4915ef23d2c81351261de,Cincinnati Bengals @ Houston Texans,Jaylin Noel,betmgm,BetMGM,receptions,Receptions,over,2.5,100,3.4687186323,0.5475728155,0.0,0.5,0.4653465347,0.4897419064,2.5,5,475.7281553398,9.5145631068,Calibration fitted; not prospectively validated,2026-09-20T13:52:32Z,2026-09-20T17:00:00Z,Sun 1:00 PM ET,Houston Texans,Cincinnati Bengals,5a4f3bf,2026_02_CIN_HOU,1.0,graded,loss,-1.0
4aeee070bb6ec60bdfae4dede61b9014,Green Bay Packers @ New York Jets,Kenyon Sadiq,betmgm,BetMGM,receptions,Receptions,over,2.5,100,3.5374281186,0.5475728155,0.0,0.5,0.4653465347,0.4723111002,2.5,5,475.7281553398,9.5145631068,Calibration fitted; not prospectively validated,2026-09-20T13:52:25Z,2026-09-20T17:00:00Z,Sun 1:00 PM ET,New York Jets,Green Bay Packers,5a4f3bf,2026_02_GB_NYJ,2.0,graded,loss,-1.0
fafc649c455e32a0f2ba1bd06e2039bc,Philadelphia Eagles @ Tennessee Titans,Dontayvion Wicks,betmgm,BetMGM,receptions,Receptions,under,2.5,100,1.9443045082,0.5475728155,0.0,0.5,0.4653465347,0.4796954315,2.5,5,475.7281553398,9.5145631068,Calibration fitted; not prospectively validated,2026-09-20T13:52:32Z,2026-09-20T17:00:00Z,Sun 1:00 PM ET,Tennessee Titans,Philadelphia Eagles,5a4f3bf,2026_02_PHI_TEN,5.0,graded,loss,-1.0
aee7eae1849ebb103b9bf233e9741392,Carolina Panthers @ Atlanta Falcons,Drake London,betmgm,BetMGM,receptions,Receptions,under,4.5,100,3.1679946513,0.5475728155,0.0,0.5,0.4653465347,0.4743894444,4.5,5,475.7281553398,9.5145631068,Calibration fitted; not prospectively validated,2026-09-20T13:52:45Z,2026-09-20T17:00:00Z,Sun 1:00 PM ET,Atlanta Falcons,Carolina Panthers,5a4f3bf,2026_02_CAR_ATL,4.0,graded,win,1.0
85ef85098ddd22fe4ecf45e7e3c0a9c0,Washington Commanders @ Dallas Cowboys,Stefon Diggs,betmgm,BetMGM,receptions,Receptions,under,4.5,100,3.5739865996,0.5475728155,0.0,0.5,0.4653465347,0.5,4.5,5,475.7281553398,9.5145631068,Calibration fitted; not prospectively validated,2026-09-20T13:52:32Z,2026-09-20T20:25:00Z,Sun 4:25 PM ET,Dallas Cowboys,Washington Commanders,5a4f3bf,2026_02_WAS_DAL,5.0,graded,loss,-1.0
aee7eae1849ebb103b9bf233e9741392,Carolina Panthers @ Atlanta Falcons,Xavier Legette,betonlineag,BetOnline.ag,receptions,Receptions,over,1.5,100,1.9194897145,0.5475728155,0.0,0.5,0.4693877551,0.4870202691,1.5,4,475.7281553398,9.5145631068,Calibration fitted; not prospectively validated,2026-09-20T13:53:20Z,2026-09-20T17:00:00Z,Sun 1:00 PM ET,Atlanta Falcons,Carolina Panthers,5a4f3bf,2026_02_CAR_ATL,2.0,graded,win,1.0
71b3b83747589efdc5baef2c5cf811bf,Las Vegas Raiders @ Los Angeles Chargers,Ashton Jeanty,draftkings,DraftKings,rush_attempts,Rushing attempts,under,16.5,-102,12.2975310948,0.5526315789,0.0,0.504950495,0.4761410788,0.4841479504,16.5,4,476.8108389786,9.4427244582,Calibration fitted; not prospectively validated,2026-09-20T13:52:39Z,2026-09-20T20:05:00Z,Sun 4:05 PM ET,Los Angeles Chargers,Las Vegas Raiders,5a4f3bf,2026_02_LV_LAC,21.0,graded,loss,-1.0
9d14f87600f6edc74dbcb5c74edf6246,Pittsburgh Steelers @ New England Patriots,Aaron Rodgers,draftkings,DraftKings,rush_yds,Rushing yards,over,0.5,-107,8.6925855637,0.5647668394,0.0,0.5169082126,0.4894599266,0.4896023956,0.5,3,478.5862681785,9.2586315433,Calibration fitted; not prospectively validated,2026-09-20T13:53:21Z,2026-09-20T17:00:00Z,Sun 1:00 PM ET,New England Patriots,Pittsburgh Steelers,5a4f3bf,2026_02_PIT_NE,5.0,graded,win,0.9345794392523364
85ef85098ddd22fe4ecf45e7e3c0a9c0,Washington Commanders @ Dallas Cowboys,Rachaad White,draftkings,DraftKings,rush_yds,Rushing yards,over,22.5,-107,36.0741794543,0.5647668394,0.0,0.5169082126,0.4894599266,0.4898785425,22.5,3,478.5862681785,9.2586315433,Calibration fitted; not prospectively validated,2026-09-20T13:53:19Z,2026-09-20T20:25:00Z,Sun 4:25 PM ET,Dallas Cowboys,Washington Commanders,5a4f3bf,2026_02_WAS_DAL,43.0,graded,win,0.9345794392523364
2143ade9684fd876b68a4e8cbf451f05,New Orleans Saints @ Baltimore Ravens,Alvin Kamara,betonlineag,BetOnline.ag,rush_yds,Rushing yards,over,15.5,-108,44.8882204127,0.5647668394,0.0,0.5192307692,0.4876847291,0.5,15.5,5,455.3607014747,8.7699098062,Calibration fitted; not prospectively validated,2026-09-20T13:52:16Z,2026-09-20T17:00:00Z,Sun 1:00 PM ET,Baltimore Ravens,New Orleans Saints,5a4f3bf,2026_02_NO_BAL,15.0,graded,loss,-1.0
0283a29e1b38ef78b29b904fd56a16dd,Minnesota Vikings @ Chicago Bears,Carson Wentz,betrivers,BetRivers,rush_yds,Rushing yards,over,8.5,-108,16.8080120628,0.5647668394,0.0,0.5192307692,0.4839948784,0.5,8.5,5,455.3607014747,8.7699098062,Calibration fitted; not prospectively validated,2026-09-20T13:52:52Z,2026-09-20T17:00:00Z,Sun 1:00 PM ET,Chicago Bears,Minnesota Vikings,5a4f3bf,2026_02_MIN_CHI,6.0,graded,loss,-1.0
1fd6628c781f556a7a19638e97d7107f,Jacksonville Jaguars @ Denver Broncos,Trevor Lawrence,draftkings,DraftKings,rush_attempts,Rushing attempts,under,3.5,121,5.2241058238,0.4915254237,0.0,0.4524886878,0.427364808,0.427364808,3.5,1,390.3673594601,8.6271186441,Calibration fitted; not prospectively validated,2026-09-20T13:52:59Z,2026-09-20T20:05:00Z,Sun 4:05 PM ET,Denver Broncos,Jacksonville Jaguars,5a4f3bf,2026_02_JAX_DEN,2.0,graded,win,1.21
9d14f87600f6edc74dbcb5c74edf6246,Pittsburgh Steelers @ New England Patriots,Jaylen Warren,betonlineag,BetOnline.ag,receptions,Receptions,over,3.5,140,2.6457999105,0.4524271845,0.0,0.4166666667,0.3909465021,0.394619766,3.5,4,357.6051779935,8.5825242718,Calibration fitted; not prospectively validated,2026-09-20T13:52:43Z,2026-09-20T17:00:00Z,Sun 1:00 PM ET,New England Patriots,Pittsburgh Steelers,5a4f3bf,2026_02_PIT_NE,2.0,graded,loss,-1.0
50bc247030707d823b9c3581d7eb5760,Indianapolis Colts @ Kansas City Chiefs,Travis Kelce,fanatics,Fanatics,receptions,Receptions,over,4.5,140,3.5357236619,0.4524271845,0.0,0.4166666667,0.3866317169,0.3866317169,3.5,1,357.6051779935,8.5825242718,Calibration fitted; not prospectively validated,2026-09-20T13:53:30Z,2026-09-21T00:20:00Z,Sun 8:20 PM ET,Kansas City Chiefs,Indianapolis Colts,5a4f3bf,2026_02_IND_KC,9.0,graded,win,1.4
56e8897681915f7ec92baeee952bb1ae,Detroit Lions @ Buffalo Bills,Brock Wright,fanduel,FanDuel,receptions,Receptions,under,0.5,140,2.0725594643,0.4524271845,0.0,0.4166666667,0.3896103896,0.3896103896,0.5,1,357.6051779935,8.5825242718,Calibration fitted; not prospectively validated,2026-09-17T21:27:50Z,2026-09-18T00:15:00Z,Thu 8:15 PM ET,Buffalo Bills,Detroit Lions,13c730d,2026_02_DET_BUF,,no offensive usage evidence,,
2143ade9684fd876b68a4e8cbf451f05,New Orleans Saints @ Baltimore Ravens,Noah Fant,fanduel,FanDuel,receptions,Receptions,under,1.5,140,2.0845006042,0.4524271845,0.0,0.4166666667,0.3896103896,0.4053599339,1.5,4,357.6051779935,8.5825242718,Calibration fitted; not prospectively validated,2026-09-20T13:53:08Z,2026-09-20T17:00:00Z,Sun 1:00 PM ET,Baltimore Ravens,New Orleans Saints,5a4f3bf,2026_02_NO_BAL,,no offensive usage evidence,,
0283a29e1b38ef78b29b904fd56a16dd,Minnesota Vikings @ Chicago Bears,Caleb Williams,betonlineag,BetOnline.ag,pass_completions,Passing completions,over,19.5,100,25.1008822819,0.5428571429,0.0,0.5,0.4693877551,0.484786987,19.5,4,428.5714285714,8.5714285714,Calibration fitted; not prospectively validated,2026-09-20T13:53:18Z,2026-09-20T17:00:00Z,Sun 1:00 PM ET,Chicago Bears,Minnesota Vikings,5a4f3bf,2026_02_MIN_CHI,15.0,graded,loss,-1.0
4aeee070bb6ec60bdfae4dede61b9014,Green Bay Packers @ New York Jets,Jordan Love,betonlineag,BetOnline.ag,pass_completions,Passing completions,under,20.5,100,14.1514105448,0.5428571429,0.0,0.5,0.4693877551,0.4693877551,20.5,3,428.5714285714,8.5714285714,Calibration fitted; not prospectively validated,2026-09-20T13:52:30Z,2026-09-20T17:00:00Z,Sun 1:00 PM ET,New York Jets,Green Bay Packers,5a4f3bf,2026_02_GB_NYJ,16.0,graded,win,1.0
0283a29e1b38ef78b29b904fd56a16dd,Minnesota Vikings @ Chicago Bears,Cole Kmet,draftkings,DraftKings,receptions,Receptions,over,1.5,-102,2.7697161685,0.5475728155,0.0,0.504950495,0.4761410788,0.4796954315,1.5,5,426.2232048448,8.4408909195,Calibration fitted; not prospectively validated,2026-09-20T13:53:13Z,2026-09-20T17:00:00Z,Sun 1:00 PM ET,Chicago Bears,Minnesota Vikings,5a4f3bf,2026_02_MIN_CHI,0.0,graded,loss,-1.0
0636ebff776d43f8c829a36713c80b22,Cleveland Browns @ Tampa Bay Buccaneers,Denzel Boston,fanduel,FanDuel,receptions,Receptions,under,2.5,100,2.0816005118,0.5420560748,0.0,0.5,0.4677419355,0.4796954315,2.5,5,420.5607476636,8.4112149533,Calibration fitted; not prospectively validated,2026-09-20T13:53:11Z,2026-09-20T17:00:00Z,Sun 1:00 PM ET,Tampa Bay Buccaneers,Cleveland Browns,5a4f3bf,2026_02_CLE_TB,5.0,graded,loss,-1.0
0283a29e1b38ef78b29b904fd56a16dd,Minnesota Vikings @ Chicago Bears,Aaron Jones,draftkings,DraftKings,rush_attempts,Rushing attempts,under,14.5,-103,11.352256552,0.55,0.0,0.5073891626,0.4791397221,0.5,14.5,3,426.1083743842,8.3980582524,Calibration fitted; not prospectively validated,2026-09-20T13:53:13Z,2026-09-20T17:00:00Z,Sun 1:00 PM ET,Chicago Bears,Minnesota Vikings,5a4f3bf,2026_02_MIN_CHI,23.0,graded,loss,-1.0
85ef85098ddd22fe4ecf45e7e3c0a9c0,Washington Commanders @ Dallas Cowboys,Jayden Daniels,bovada,Bovada,pass_completions,Passing completions,under,19.5,100,15.6108168532,0.5416666667,0.0,0.5,0.4693877551,0.4719334719,19.5,3,416.6666666667,8.3333333333,Calibration fitted; not prospectively validated,2026-09-20T13:52:23Z,2026-09-20T20:25:00Z,Sun 4:25 PM ET,Dallas Cowboys,Washington Commanders,5a4f3bf,2026_02_WAS_DAL,11.0,graded,win,1.0
9d14f87600f6edc74dbcb5c74edf6246,Pittsburgh Steelers @ New England Patriots,Aaron Rodgers,draftkings,DraftKings,pass_attempts,Passing attempts,under,34.5,-108,31.8013209674,0.5625,0.0,0.5192307692,0.4896023956,0.4898785425,34.5,5,432.6923076923,8.3333333333,Calibration fitted; not prospectively validated,2026-09-20T13:53:21Z,2026-09-20T17:00:00Z,Sun 1:00 PM ET,New England Patriots,Pittsburgh Steelers,5a4f3bf,2026_02_PIT_NE,39.0,graded,loss,-1.0
36ad2fa722f4915ef23d2c81351261de,Cincinnati Bengals @ Houston Texans,Joe Burrow,betrivers,BetRivers,rush_yds,Rushing yards,over,8.5,-109,15.8085883941,0.5647668394,0.0,0.5215311005,0.4869204765,0.5,8.5,4,432.3573889977,8.2901554404,Calibration fitted; not prospectively validated,2026-09-20T13:52:39Z,2026-09-20T17:00:00Z,Sun 1:00 PM ET,Houston Texans,Cincinnati Bengals,5a4f3bf,2026_02_CIN_HOU,-1.0,graded,loss,-1.0
68bc55903f50af4af4766adcc89fcc61,Miami Dolphins @ San Francisco 49ers,Deebo Samuel,draftkings,DraftKings,rush_yds,Rushing yards,over,6.5,-109,20.9105356599,0.5647668394,0.0,0.5215311005,0.4936802191,0.4917793808,6.0,2,432.3573889977,8.2901554404,Calibration fitted; not prospectively validated,2026-09-20T13:52:41Z,2026-09-20T20:25:00Z,Sun 4:25 PM ET,San Francisco 49ers,Miami Dolphins,5a4f3bf,2026_02_MIA_SF,4.0,graded,loss,-1.0
0636ebff776d43f8c829a36713c80b22,Cleveland Browns @ Tampa Bay Buccaneers,Chris Godwin,betmgm,BetMGM,receptions,Receptions,over,3.5,-115,6.1312222907,0.5789473684,0.0,0.5348837209,0.5,0.5347344778,3.5,5,440.6364749082,8.23798627,Calibration fitted; not prospectively validated,2026-09-20T13:53:24Z,2026-09-20T17:00:00Z,Sun 1:00 PM ET,Tampa Bay Buccaneers,Cleveland Browns,5a4f3bf,2026_02_CLE_TB,3.0,graded,loss,-1.0
4aeee070bb6ec60bdfae4dede61b9014,Green Bay Packers @ New York Jets,Jayden Reed,betmgm,BetMGM,receptions,Receptions,under,3.5,-115,2.230642552,0.5789473684,0.0,0.5348837209,0.5,0.5306122449,3.5,5,440.6364749082,8.23798627,Calibration fitted; not prospectively validated,2026-09-20T13:52:25Z,2026-09-20T17:00:00Z,Sun 1:00 PM ET,New York Jets,Green Bay Packers,5a4f3bf,2026_02_GB_NYJ,1.0,graded,win,0.8695652173913043
32367f882fac1a0c20a6335619922025,New York Giants @ Los Angeles Rams,Malik Nabers,draftkings,DraftKings,receptions,Receptions,under,5.5,-103,4.4164902386,0.5475728155,0.0,0.5073891626,0.4782356355,0.4917965546,5.5,5,401.836529724,7.9196908285,Calibration fitted; not prospectively validated,2026-09-20T13:53:25Z,2026-09-22T00:15:00Z,Mon 8:15 PM ET,Los Angeles Rams,New York Giants,5a4f3bf,2026_02_NYG_LA,1.0,graded,win,0.970873786407767
85ef85098ddd22fe4ecf45e7e3c0a9c0,Washington Commanders @ Dallas Cowboys,Antonio Williams,betmgm,BetMGM,receptions,Receptions,over,2.5,135,2.2473797726,0.4591194969,0.0,0.4255319149,0.3959708232,0.4319831851,2.5,6,335.8758196173,7.893081761,Calibration fitted; not prospectively validated,2026-09-20T13:52:32Z,2026-09-20T20:25:00Z,Sun 4:25 PM ET,Dallas Cowboys,Washington Commanders,5a4f3bf,2026_02_WAS_DAL,3.0,graded,win,1.35
85ef85098ddd22fe4ecf45e7e3c0a9c0,Washington Commanders @ Dallas Cowboys,Dak Prescott,betmgm,BetMGM,rush_yds,Rushing yards,over,8.5,-110,20.2823214726,0.5647668394,0.0,0.5238095238,0.4898785425,0.5,8.5,6,409.5731556871,7.8191238813,Calibration fitted; not prospectively validated,2026-09-20T13:52:32Z,2026-09-20T20:25:00Z,Sun 4:25 PM ET,Dallas Cowboys,Washington Commanders,5a4f3bf,2026_02_WAS_DAL,26.0,graded,win,0.9090909090909091
85ef85098ddd22fe4ecf45e7e3c0a9c0,Washington Commanders @ Dallas Cowboys,Emari Demercado,draftkings,DraftKings,rush_yds,Rushing yards,over,11.5,-110,27.9735674883,0.5647668394,0.0,0.5238095238,0.4957877001,0.4957877001,11.5,3,409.5731556871,7.8191238813,Calibration fitted; not prospectively validated,2026-09-20T13:53:19Z,2026-09-20T20:25:00Z,Sun 4:25 PM ET,Dallas Cowboys,Washington Commanders,5a4f3bf,2026_02_WAS_DAL,8.0,graded,loss,-1.0
68bc55903f50af4af4766adcc89fcc61,Miami Dolphins @ San Francisco 49ers,Brock Purdy,draftkings,DraftKings,rush_attempts,Rushing attempts,under,3.5,119,5.356711588,0.4915254237,0.0,0.4566210046,0.4308576118,0.4321733873,3.5,2,349.044191626,7.6440677966,Calibration fitted; not prospectively validated,2026-09-20T13:52:41Z,2026-09-20T20:25:00Z,Sun 4:25 PM ET,San Francisco 49ers,Miami Dolphins,5a4f3bf,2026_02_MIA_SF,3.0,graded,win,1.19
36ad2fa722f4915ef23d2c81351261de,Cincinnati Bengals @ Houston Texans,C.J. Stroud,betmgm,BetMGM,pass_tds,Passing touchdowns,over,1.5,115,2.12,0.5,0.0,0.4651162791,0.4334891628,0.4640825665,1.5,6,348.8372093023,7.5,Calibration fitted; not prospectively validated,2026-09-20T13:52:32Z,2026-09-20T17:00:00Z,Sun 1:00 PM ET,Houston Texans,Cincinnati Bengals,5a4f3bf,2026_02_CIN_HOU,0.0,graded,loss,-1.0
4dd8020192a544385db42374e5555303,Seattle Seahawks @ Arizona Cardinals,Drew Lock,betmgm,BetMGM,rush_yds,Rushing yards,over,7.5,-111,18.6258654031,0.5647668394,0.0,0.5260663507,0.4928711097,0.5082034454,7.5,5,387.0048866734,7.3565793773,Calibration fitted; not prospectively validated,2026-09-20T13:52:46Z,2026-09-20T20:25:00Z,Sun 4:25 PM ET,Arizona Cardinals,Seattle Seahawks,5a4f3bf,2026_02_SEA_ARI,0.0,graded,loss,-1.0
1fd6628c781f556a7a19638e97d7107f,Jacksonville Jaguars @ Denver Broncos,Bo Nix,draftkings,DraftKings,pass_completions,Passing completions,under,21.5,-102,17.7318166965,0.5416666667,0.0,0.504950495,0.4761410788,0.4779182552,21.5,4,367.1617161716,7.2712418301,Calibration fitted; not prospectively validated,2026-09-20T13:52:59Z,2026-09-20T20:05:00Z,Sun 4:05 PM ET,Denver Broncos,Jacksonville Jaguars,5a4f3bf,2026_02_JAX_DEN,22.0,graded,loss,-1.0
0283a29e1b38ef78b29b904fd56a16dd,Minnesota Vikings @ Chicago Bears,T.J. Hockenson,betmgm,BetMGM,receptions,Receptions,over,3.5,-105,4.6628891738,0.5475728155,0.0,0.512195122,0.4796954315,0.5101897756,3.5,6,353.7769358276,6.907073509,Calibration fitted; not prospectively validated,2026-09-20T13:52:33Z,2026-09-20T17:00:00Z,Sun 1:00 PM ET,Chicago Bears,Minnesota Vikings,5a4f3bf,2026_02_MIN_CHI,3.0,graded,loss,-1.0
50bc247030707d823b9c3581d7eb5760,Indianapolis Colts @ Kansas City Chiefs,Patrick Mahomes,betrivers,BetRivers,rush_yds,Rushing yards,over,16.5,-112,25.8063598242,0.5647668394,0.0,0.5283018868,0.4939310568,0.4939310568,17.5,1,364.6495258579,6.9022945966,Calibration fitted; not prospectively validated,2026-09-20T13:53:11Z,2026-09-21T00:20:00Z,Sun 8:20 PM ET,Kansas City Chiefs,Indianapolis Colts,5a4f3bf,2026_02_IND_KC,17.0,graded,win,0.8928571428571429
50bc247030707d823b9c3581d7eb5760,Indianapolis Colts @ Kansas City Chiefs,Daniel Jones,draftkings,DraftKings,rush_yds,Rushing yards,over,8.5,-113,19.087906549,0.5647668394,0.0,0.5305164319,0.5021058838,0.5010529419,8.5,4,342.5040745336,6.4560502545,Calibration fitted; not prospectively validated,2026-09-20T13:52:43Z,2026-09-21T00:20:00Z,Sun 8:20 PM ET,Kansas City Chiefs,Indianapolis Colts,5a4f3bf,2026_02_IND_KC,10.0,graded,win,0.8849557522123894
56e8897681915f7ec92baeee952bb1ae,Detroit Lions @ Buffalo Bills,Ray Davis,fanduel,FanDuel,rush_yds,Rushing yards,over,8.5,-113,19.3701991446,0.5647668394,0.0,0.5305164319,0.5,0.5084288604,8.5,3,342.5040745336,6.4560502545,Calibration fitted; not prospectively validated,2026-09-17T21:27:50Z,2026-09-18T00:15:00Z,Thu 8:15 PM ET,Buffalo Bills,Detroit Lions,13c730d,2026_02_DET_BUF,,no offensive usage evidence,,
0636ebff776d43f8c829a36713c80b22,Cleveland Browns @ Tampa Bay Buccaneers,KC Concepcion,fanduel,FanDuel,rush_yds,Rushing yards,over,8.5,-113,27.0982953848,0.5647668394,0.0,0.5305164319,0.5,0.5025798729,8.0,2,342.5040745336,6.4560502545,Calibration fitted; not prospectively validated,2026-09-20T13:53:11Z,2026-09-20T17:00:00Z,Sun 1:00 PM ET,Tampa Bay Buccaneers,Cleveland Browns,5a4f3bf,2026_02_CLE_TB,-6.0,graded,loss,-1.0
fafc649c455e32a0f2ba1bd06e2039bc,Philadelphia Eagles @ Tennessee Titans,Cam Ward,fanduel,FanDuel,rush_yds,Rushing yards,over,11.5,-113,27.0498533972,0.5647668394,0.0,0.5305164319,0.5,0.5015067502,11.5,6,342.5040745336,6.4560502545,Calibration fitted; not prospectively validated,2026-09-20T13:53:05Z,2026-09-20T17:00:00Z,Sun 1:00 PM ET,Tennessee Titans,Philadelphia Eagles,5a4f3bf,2026_02_PHI_TEN,7.0,graded,loss,-1.0
68bc55903f50af4af4766adcc89fcc61,Miami Dolphins @ San Francisco 49ers,Brock Purdy,fanduel,FanDuel,rush_yds,Rushing yards,over,13.5,-113,23.817899979,0.5647668394,0.0,0.5305164319,0.5,0.5103307654,13.5,4,342.5040745336,6.4560502545,Calibration fitted; not prospectively validated,2026-09-20T13:53:22Z,2026-09-20T20:25:00Z,Sun 4:25 PM ET,San Francisco 49ers,Miami Dolphins,5a4f3bf,2026_02_MIA_SF,30.0,graded,win,0.8849557522123894
68bc55903f50af4af4766adcc89fcc61,Miami Dolphins @ San Francisco 49ers,Demarcus Robinson,betmgm,BetMGM,receptions,Receptions,under,1.5,135,2.340535738,0.4524271845,0.0,0.4255319149,0.3959708232,0.4248366013,1.5,5,268.952695724,6.3203883495,Calibration fitted; not prospectively validated,2026-09-20T13:53:23Z,2026-09-20T20:25:00Z,Sun 4:25 PM ET,San Francisco 49ers,Miami Dolphins,5a4f3bf,2026_02_MIA_SF,3.0,graded,loss,-1.0
50bc247030707d823b9c3581d7eb5760,Indianapolis Colts @ Kansas City Chiefs,Alec Pierce,betmgm,BetMGM,receptions,Receptions,over,3.5,135,2.8144832984,0.4524271845,0.0,0.4255319149,0.3959708232,0.3959708232,2.5,1,268.952695724,6.3203883495,Calibration fitted; not prospectively validated,2026-09-20T13:52:32Z,2026-09-21T00:20:00Z,Sun 8:20 PM ET,Kansas City Chiefs,Indianapolis Colts,5a4f3bf,2026_02_IND_KC,1.0,graded,loss,-1.0
4dd8020192a544385db42374e5555303,Seattle Seahawks @ Arizona Cardinals,Marvin Harrison,betrivers,BetRivers,receptions,Receptions,over,3.5,135,2.3918718203,0.4524271845,0.0,0.4255319149,,0.432624358,3.5,5,268.952695724,6.3203883495,Calibration fitted; not prospectively validated,2026-09-20T13:52:41Z,2026-09-20T20:25:00Z,Sun 4:25 PM ET,Arizona Cardinals,Seattle Seahawks,5a4f3bf,2026_02_SEA_ARI,0.0,graded,loss,-1.0
32367f882fac1a0c20a6335619922025,New York Giants @ Los Angeles Rams,Blake Corum,betonlineag,BetOnline.ag,rush_yds,Rushing yards,under,48.5,-114,35.5934358041,0.5647668394,0.0,0.5327102804,0.5,0.5,48.5,4,320.5655900441,6.0176347605,Calibration fitted; not prospectively validated,2026-09-20T13:53:24Z,2026-09-22T00:15:00Z,Mon 8:15 PM ET,Los Angeles Rams,New York Giants,5a4f3bf,2026_02_NYG_LA,79.0,graded,loss,-1.0
56e8897681915f7ec92baeee952bb1ae,Detroit Lions @ Buffalo Bills,Jared Goff,draftkings,DraftKings,pass_tds,Passing touchdowns,under,1.5,112,1.88,0.5,0.0,0.4716981132,0.4449245642,0.4527750666,1.5,6,283.0188679245,6.0,Calibration fitted; not prospectively validated,2026-09-17T21:28:13Z,2026-09-18T00:15:00Z,Thu 8:15 PM ET,Buffalo Bills,Detroit Lions,13c730d,2026_02_DET_BUF,4.0,graded,loss,-1.0
68bc55903f50af4af4766adcc89fcc61,Miami Dolphins @ San Francisco 49ers,Malik Willis,betonlineag,BetOnline.ag,pass_completions,Passing completions,under,16.5,-105,11.803693827,0.5428571429,0.0,0.512195122,0.4814929056,0.5,16.5,4,306.6202090592,5.9863945578,Calibration fitted; not prospectively validated,2026-09-20T13:53:19Z,2026-09-20T20:25:00Z,Sun 4:25 PM ET,San Francisco 49ers,Miami Dolphins,5a4f3bf,2026_02_MIA_SF,14.0,graded,win,0.9523809523809523
fafc649c455e32a0f2ba1bd06e2039bc,Philadelphia Eagles @ Tennessee Titans,Calvin Ridley,draftkings,DraftKings,receptions,Receptions,over,1.5,-121,3.6905658605,0.5789473684,0.0,0.5475113122,0.5166631952,0.5203045685,1.5,5,314.3605620386,5.7416267943,Calibration fitted; not prospectively validated,2026-09-20T13:52:24Z,2026-09-20T17:00:00Z,Sun 1:00 PM ET,Tennessee Titans,Philadelphia Eagles,5a4f3bf,2026_02_PHI_TEN,2.0,graded,win,0.8264462809917356
71b3b83747589efdc5baef2c5cf811bf,Las Vegas Raiders @ Los Angeles Chargers,Mike Washington,betonlineag,BetOnline.ag,rush_attempts,Rushing attempts,under,4.5,115,7.324680826,0.4915254237,0.0,0.4651162791,0.4373408273,0.4392718903,4.5,2,264.0914465905,5.6779661017,Calibration fitted; not prospectively validated,2026-09-20T13:53:02Z,2026-09-20T20:05:00Z,Sun 4:05 PM ET,Los Angeles Chargers,Las Vegas Raiders,5a4f3bf,2026_02_LV_LAC,3.0,graded,win,1.15
9d14f87600f6edc74dbcb5c74edf6246,Pittsburgh Steelers @ New England Patriots,Mack Hollins,bovada,Bovada,receptions,Receptions,over,3.5,130,3.245020588,0.4591194969,0.0,0.4347826087,0.4084720121,0.4143685498,3.5,4,243.3688815969,5.5974842767,Calibration fitted; not prospectively validated,2026-09-20T13:51:27Z,2026-09-20T17:00:00Z,Sun 1:00 PM ET,New England Patriots,Pittsburgh Steelers,5a4f3bf,2026_02_PIT_NE,2.0,graded,loss,-1.0
aee7eae1849ebb103b9bf233e9741392,Carolina Panthers @ Atlanta Falcons,Chuba Hubbard,betonlineag,BetOnline.ag,rush_attempts,Rushing attempts,under,13.5,-110,9.1642312101,0.5526315789,0.0,0.5238095238,0.4917965546,0.5031838726,13.5,2,288.2205513784,5.5023923445,Calibration fitted; not prospectively validated,2026-09-20T13:53:20Z,2026-09-20T17:00:00Z,Sun 1:00 PM ET,Atlanta Falcons,Carolina Panthers,5a4f3bf,2026_02_CAR_ATL,12.0,graded,win,0.9090909090909091
50bc247030707d823b9c3581d7eb5760,Indianapolis Colts @ Kansas City Chiefs,Patrick Mahomes,draftkings,DraftKings,rush_attempts,Rushing attempts,under,3.5,114,5.1722598093,0.4915254237,0.0,0.4672897196,0.4405128572,0.4405128572,3.5,1,242.3570410265,5.186440678,Calibration fitted; not prospectively validated,2026-09-20T13:52:43Z,2026-09-21T00:20:00Z,Sun 8:20 PM ET,Kansas City Chiefs,Indianapolis Colts,5a4f3bf,2026_02_IND_KC,2.0,graded,win,1.14
71b3b83747589efdc5baef2c5cf811bf,Las Vegas Raiders @ Los Angeles Chargers,Mike Washington,draftkings,DraftKings,rush_yds,Rushing yards,over,15.5,-116,32.0130000102,0.5647668394,0.0,0.537037037,0.5084288604,0.509275159,18.0,2,277.298023412,5.1634804359,Calibration fitted; not prospectively validated,2026-09-20T13:52:39Z,2026-09-20T20:05:00Z,Sun 4:05 PM ET,Los Angeles Chargers,Las Vegas Raiders,5a4f3bf,2026_02_LV_LAC,7.0,graded,loss,-1.0
fafc649c455e32a0f2ba1bd06e2039bc,Philadelphia Eagles @ Tennessee Titans,Cam Ward,betmgm,BetMGM,pass_attempts,Passing attempts,under,32.5,-115,29.2508578503,0.5625,0.0,0.5348837209,0.5,0.5103976044,32.5,5,276.1627906977,5.1630434783,Calibration fitted; not prospectively validated,2026-09-20T13:52:32Z,2026-09-20T17:00:00Z,Sun 1:00 PM ET,Tennessee Titans,Philadelphia Eagles,5a4f3bf,2026_02_PHI_TEN,20.0,graded,win,0.8695652173913043
2143ade9684fd876b68a4e8cbf451f05,New Orleans Saints @ Baltimore Ravens,Lamar Jackson,betonlineag,BetOnline.ag,pass_attempts,Passing attempts,under,27.5,-115,24.026215318,0.5625,0.0,0.5348837209,0.5030953364,0.507138435,27.5,4,276.1627906977,5.1630434783,Calibration fitted; not prospectively validated,2026-09-20T13:52:16Z,2026-09-20T17:00:00Z,Sun 1:00 PM ET,Baltimore Ravens,New Orleans Saints,5a4f3bf,2026_02_NO_BAL,31.0,graded,loss,-1.0
71b3b83747589efdc5baef2c5cf811bf,Las Vegas Raiders @ Los Angeles Chargers,Kirk Cousins,fanatics,Fanatics,pass_attempts,Passing attempts,over,29.5,-115,32.7353241763,0.5625,0.0,0.5348837209,0.5,0.5102595309,29.5,4,276.1627906977,5.1630434783,Calibration fitted; not prospectively validated,2026-09-20T13:52:37Z,2026-09-20T20:05:00Z,Sun 4:05 PM ET,Los Angeles Chargers,Las Vegas Raiders,5a4f3bf,2026_02_LV_LAC,29.0,graded,loss,-1.0
9d14f87600f6edc74dbcb5c74edf6246,Pittsburgh Steelers @ New England Patriots,Drake Maye,draftkings,DraftKings,pass_tds,Passing touchdowns,over,1.5,118,1.06,0.4821981424,0.0,0.4587155963,0.4332755633,0.4366812227,1.5,7,234.8254608459,5.1191950464,Calibration fitted; not prospectively validated,2026-09-20T13:53:21Z,2026-09-20T17:00:00Z,Sun 1:00 PM ET,New England Patriots,Pittsburgh Steelers,5a4f3bf,2026_02_PIT_NE,0.0,graded,loss,-1.0
4aeee070bb6ec60bdfae4dede61b9014,Green Bay Packers @ New York Jets,Jordan Love,betmgm,BetMGM,pass_tds,Passing touchdowns,under,1.5,110,1.88,0.5,0.0,0.4761904762,0.4424778761,0.4652655222,1.5,7,238.0952380952,5.0,Calibration fitted; not prospectively validated,2026-09-20T13:52:25Z,2026-09-20T17:00:00Z,Sun 1:00 PM ET,New York Jets,Green Bay Packers,5a4f3bf,2026_02_GB_NYJ,2.0,graded,loss,-1.0
50bc247030707d823b9c3581d7eb5760,Indianapolis Colts @ Kansas City Chiefs,Rashee Rice,betonlineag,BetOnline.ag,receptions,Receptions,under,4.5,110,4.4799875199,0.5,0.0,0.4761904762,0.4472667035,0.4532987963,4.5,5,238.0952380952,5.0,Calibration fitted; not prospectively validated,2026-09-20T13:52:24Z,2026-09-21T00:20:00Z,Sun 8:20 PM ET,Kansas City Chiefs,Indianapolis Colts,5a4f3bf,2026_02_IND_KC,4.0,graded,win,1.1
2143ade9684fd876b68a4e8cbf451f05,New Orleans Saints @ Baltimore Ravens,Lamar Jackson,betonlineag,BetOnline.ag,rush_attempts,Rushing attempts,under,7.5,110,7.4980348509,0.5,0.0,0.4761904762,0.4472667035,0.4472667035,8.0,1,238.0952380952,5.0,Calibration fitted; not prospectively validated,2026-09-20T13:52:16Z,2026-09-20T17:00:00Z,Sun 1:00 PM ET,Baltimore Ravens,New Orleans Saints,5a4f3bf,2026_02_NO_BAL,4.0,graded,win,1.1
aee7eae1849ebb103b9bf233e9741392,Carolina Panthers @ Atlanta Falcons,Bryce Young,fanatics,Fanatics,rush_yds,Rushing yards,over,15.5,110,18.3133564705,0.5,0.0,0.4761904762,0.4424778761,0.4424778761,14.5,1,238.0952380952,5.0,Calibration fitted; not prospectively validated,2026-09-20T13:53:03Z,2026-09-20T17:00:00Z,Sun 1:00 PM ET,Atlanta Falcons,Carolina Panthers,5a4f3bf,2026_02_CAR_ATL,6.0,graded,loss,-1.0
4aeee070bb6ec60bdfae4dede61b9014,Green Bay Packers @ New York Jets,Mason Taylor,fanatics,Fanatics,recv_yds,Receiving yards,under,15.5,110,17.0266799198,0.5,0.0,0.4761904762,0.4424778761,0.4424778761,17.5,1,238.0952380952,5.0,Calibration fitted; not prospectively validated,2026-09-20T13:52:23Z,2026-09-20T17:00:00Z,Sun 1:00 PM ET,New York Jets,Green Bay Packers,5a4f3bf,2026_02_GB_NYJ,,no matching game/player result,,
0636ebff776d43f8c829a36713c80b22,Cleveland Browns @ Tampa Bay Buccaneers,Deshaun Watson,fanatics,Fanatics,pass_completions,Passing completions,over,17.5,110,20.7510714672,0.5,0.0,0.4761904762,0.4424778761,0.4424778761,16.5,1,238.0952380952,5.0,Calibration fitted; not prospectively validated,2026-09-20T13:52:31Z,2026-09-20T17:00:00Z,Sun 1:00 PM ET,Tampa Bay Buccaneers,Cleveland Browns,5a4f3bf,2026_02_CLE_TB,24.0,graded,win,1.1
68bc55903f50af4af4766adcc89fcc61,Miami Dolphins @ San Francisco 49ers,Malik Washington,betonlineag,BetOnline.ag,receptions,Receptions,under,3.5,-123,2.1273286937,0.5789473684,0.0,0.5515695067,0.5185070944,0.528157683,3.5,5,273.778616946,4.9636285837,Calibration fitted; not prospectively validated,2026-09-20T13:53:19Z,2026-09-20T20:25:00Z,Sun 4:25 PM ET,San Francisco 49ers,Miami Dolphins,5a4f3bf,2026_02_MIA_SF,4.0,graded,loss,-1.0
9d14f87600f6edc74dbcb5c74edf6246,Pittsburgh Steelers @ New England Patriots,Drake Maye,betonlineag,BetOnline.ag,rush_attempts,Rushing attempts,over,5.5,107,6.6675825407,0.506993007,0.0,0.4830917874,0.4537429043,0.4560210233,5.5,3,239.0121955339,4.9475524476,Calibration fitted; not prospectively validated,2026-09-20T13:52:43Z,2026-09-20T17:00:00Z,Sun 1:00 PM ET,New England Patriots,Pittsburgh Steelers,5a4f3bf,2026_02_PIT_NE,4.0,graded,loss,-1.0
0636ebff776d43f8c829a36713c80b22,Cleveland Browns @ Tampa Bay Buccaneers,Jerry Jeudy,draftkings,DraftKings,receptions,Receptions,over,2.5,-107,2.7812215859,0.5420560748,0.0,0.5169082126,0.4865646962,0.5,2.5,5,251.4786220597,4.8650537165,Calibration fitted; not prospectively validated,2026-09-20T13:53:22Z,2026-09-20T17:00:00Z,Sun 1:00 PM ET,Tampa Bay Buccaneers,Cleveland Browns,5a4f3bf,2026_02_CLE_TB,0.0,graded,loss,-1.0
1fd6628c781f556a7a19638e97d7107f,Jacksonville Jaguars @ Denver Broncos,Courtland Sutton,betmgm,BetMGM,receptions,Receptions,under,3.5,-110,2.9310395409,0.5475728155,0.0,0.5238095238,0.4898785425,0.5101214575,3.5,5,237.6329172446,4.5366284201,Calibration fitted; not prospectively validated,2026-09-20T13:52:25Z,2026-09-20T20:05:00Z,Sun 4:05 PM ET,Denver Broncos,Jacksonville Jaguars,5a4f3bf,2026_02_JAX_DEN,3.0,graded,win,0.9090909090909091
4dd8020192a544385db42374e5555303,Seattle Seahawks @ Arizona Cardinals,Trey McBride,betmgm,BetMGM,receptions,Receptions,under,6.5,-110,5.2873602567,0.5475728155,0.0,0.5238095238,0.4898785425,0.5379072682,6.5,5,237.6329172446,4.5366284201,Calibration fitted; not prospectively validated,2026-09-20T13:52:46Z,2026-09-20T20:25:00Z,Sun 4:25 PM ET,Arizona Cardinals,Seattle Seahawks,5a4f3bf,2026_02_SEA_ARI,8.0,graded,loss,-1.0
71b3b83747589efdc5baef2c5cf811bf,Las Vegas Raiders @ Los Angeles Chargers,Justin Herbert,draftkings,DraftKings,pass_attempts,Passing attempts,over,29.5,-117,33.0491305318,0.5625,0.0,0.5391705069,0.5094197438,0.5101214575,29.5,3,233.2949308756,4.3269230769,Calibration fitted; not prospectively validated,2026-09-20T13:52:39Z,2026-09-20T20:05:00Z,Sun 4:05 PM ET,Los Angeles Chargers,Las Vegas Raiders,5a4f3bf,2026_02_LV_LAC,27.0,graded,loss,-1.0
aee7eae1849ebb103b9bf233e9741392,Carolina Panthers @ Atlanta Falcons,Cooper Rush,draftkings,DraftKings,pass_completions,Passing completions,under,17.5,-108,12.3899688537,0.5416666667,0.0,0.5192307692,0.4896023956,0.4897419064,17.5,3,224.358974359,4.3209876543,Calibration fitted; not prospectively validated,2026-09-20T13:52:59Z,2026-09-20T17:00:00Z,Sun 1:00 PM ET,Atlanta Falcons,Carolina Panthers,5a4f3bf,2026_02_CAR_ATL,10.0,graded,win,0.9259259259259259
1fd6628c781f556a7a19638e97d7107f,Jacksonville Jaguars @ Denver Broncos,Jaylen Waddle,betmgm,BetMGM,receptions,Receptions,under,4.5,-125,2.5888199773,0.5789473684,0.0,0.5555555556,0.5203045685,0.5351457952,4.5,5,233.918128655,4.2105263158,Calibration fitted; not prospectively validated,2026-09-20T13:52:25Z,2026-09-20T20:05:00Z,Sun 4:05 PM ET,Denver Broncos,Jacksonville Jaguars,5a4f3bf,2026_02_JAX_DEN,8.0,graded,loss,-1.0
2143ade9684fd876b68a4e8cbf451f05,New Orleans Saints @ Baltimore Ravens,Chris Olave,draftkings,DraftKings,receptions,Receptions,over,5.5,-108,5.562786474,0.5408805031,0.0,0.5192307692,0.4896023956,0.5101214575,5.5,5,216.4973391388,4.1695783834,Calibration fitted; not prospectively validated,2026-09-20T13:53:25Z,2026-09-20T17:00:00Z,Sun 1:00 PM ET,Baltimore Ravens,New Orleans Saints,5a4f3bf,2026_02_NO_BAL,8.0,graded,win,0.9259259259259259
36ad2fa722f4915ef23d2c81351261de,Cincinnati Bengals @ Houston Texans,Joe Burrow,bovada,Bovada,pass_tds,Passing touchdowns,under,1.5,-105,0.611,0.5333333333,0.0,0.512195122,0.4796954315,0.4869204765,1.5,7,211.3821138211,4.126984127,Calibration fitted; not prospectively validated,2026-09-20T13:51:54Z,2026-09-20T17:00:00Z,Sun 1:00 PM ET,Houston Texans,Cincinnati Bengals,5a4f3bf,2026_02_CIN_HOU,2.0,graded,loss,-1.0
aee7eae1849ebb103b9bf233e9741392,Carolina Panthers @ Atlanta Falcons,Tommy Tremble,draftkings,DraftKings,receptions,Receptions,over,1.5,-111,1.8380129839,0.5475728155,0.0,0.5260663507,0.4968624498,0.5306122449,1.5,5,215.0646482308,4.0881658357,Calibration fitted; not prospectively validated,2026-09-20T13:52:59Z,2026-09-20T17:00:00Z,Sun 1:00 PM ET,Atlanta Falcons,Carolina Panthers,5a4f3bf,2026_02_CAR_ATL,1.0,graded,loss,-1.0
9d14f87600f6edc74dbcb5c74edf6246,Pittsburgh Steelers @ New England Patriots,Darnell Washington,betmgm,BetMGM,receptions,Receptions,under,1.5,130,2.3804002512,0.4524271845,0.0,0.4347826087,0.405904059,0.4272363151,1.5,5,176.4457577037,4.0582524272,Calibration fitted; not prospectively validated,2026-09-20T13:52:32Z,2026-09-20T17:00:00Z,Sun 1:00 PM ET,New England Patriots,Pittsburgh Steelers,5a4f3bf,2026_02_PIT_NE,1.0,graded,win,1.3
fafc649c455e32a0f2ba1bd06e2039bc,Philadelphia Eagles @ Tennessee Titans,Makai Lemon,betrivers,BetRivers,receptions,Receptions,over,2.5,-109,2.9992890001,0.5420560748,0.0,0.5215311005,,0.5187593797,2.5,5,205.2497428789,3.9355225928,Calibration fitted; not prospectively validated,2026-09-20T13:52:50Z,2026-09-20T17:00:00Z,Sun 1:00 PM ET,Tennessee Titans,Philadelphia Eagles,5a4f3bf,2026_02_PHI_TEN,1.0,graded,loss,-1.0
56e8897681915f7ec92baeee952bb1ae,Detroit Lions @ Buffalo Bills,Isaac TeSlaa,betrivers,BetRivers,receptions,Receptions,over,1.5,-109,1.576876577,0.5408805031,0.0,0.5215311005,,0.5101214575,1.5,5,193.4940266619,3.7101148231,Calibration fitted; not prospectively validated,2026-09-17T21:28:24Z,2026-09-18T00:15:00Z,Thu 8:15 PM ET,Buffalo Bills,Detroit Lions,13c730d,2026_02_DET_BUF,2.0,graded,win,0.9174311926605505
1fd6628c781f556a7a19638e97d7107f,Jacksonville Jaguars @ Denver Broncos,Bo Nix,betmgm,BetMGM,pass_tds,Passing touchdowns,over,1.5,115,1.06,0.4821981424,0.0,0.4651162791,0.4334891628,0.4458598726,1.5,7,170.8186334509,3.6726006192,Calibration fitted; not prospectively validated,2026-09-20T13:52:25Z,2026-09-20T20:05:00Z,Sun 4:05 PM ET,Denver Broncos,Jacksonville Jaguars,5a4f3bf,2026_02_JAX_DEN,1.0,graded,loss,-1.0
4dd8020192a544385db42374e5555303,Seattle Seahawks @ Arizona Cardinals,Jadarian Price,draftkings,DraftKings,receptions,Receptions,over,1.5,-112,3.4129455747,0.5475728155,0.0,0.5283018868,0.4979225528,0.5,1.5,5,192.7092874153,3.6477115118,Calibration fitted; not prospectively validated,2026-09-20T13:50:10Z,2026-09-20T20:25:00Z,Sun 4:25 PM ET,Arizona Cardinals,Seattle Seahawks,5a4f3bf,2026_02_SEA_ARI,1.0,graded,loss,-1.0
71b3b83747589efdc5baef2c5cf811bf,Las Vegas Raiders @ Los Angeles Chargers,Justin Herbert,fanduel,FanDuel,pass_tds,Passing touchdowns,under,1.5,100,1.06,0.5178018576,0.0,0.5,0.4693877551,0.4876536759,1.5,6,178.0185758514,3.560371517,Calibration fitted; not prospectively validated,2026-09-20T13:52:56Z,2026-09-20T20:05:00Z,Sun 4:05 PM ET,Los Angeles Chargers,Las Vegas Raiders,5a4f3bf,2026_02_LV_LAC,1.0,graded,win,1.0
2143ade9684fd876b68a4e8cbf451f05,New Orleans Saints @ Baltimore Ravens,Justice Hill,betmgm,BetMGM,rush_yds,Rushing yards,over,11.5,-120,21.4488100691,0.5647668394,0.0,0.5454545455,0.5090470446,0.5090470446,13.0,1,193.1229392369,3.5405872193,Calibration fitted; not prospectively validated,2026-09-20T13:53:23Z,2026-09-20T17:00:00Z,Sun 1:00 PM ET,Baltimore Ravens,New Orleans Saints,5a4f3bf,2026_02_NO_BAL,6.0,graded,loss,-1.0
68bc55903f50af4af4766adcc89fcc61,Miami Dolphins @ San Francisco 49ers,Kaelon Black,draftkings,DraftKings,rush_attempts,Rushing attempts,under,8.5,107,9.123507347,0.5,0.0,0.4830917874,0.4552526941,0.4552526941,8.5,1,169.0821256039,3.5,Calibration fitted; not prospectively validated,2026-09-20T13:52:41Z,2026-09-20T20:25:00Z,Sun 4:25 PM ET,San Francisco 49ers,Miami Dolphins,5a4f3bf,2026_02_MIA_SF,7.0,graded,win,1.07
56e8897681915f7ec92baeee952bb1ae,Detroit Lions @ Buffalo Bills,Dalton Kincaid,draftkings,DraftKings,receptions,Receptions,over,4.5,126,4.0757558532,0.4579439252,0.0,0.4424778761,0.4171177482,0.4168103476,4.5,4,154.6604912745,3.4953271028,Calibration fitted; not prospectively validated,2026-09-17T21:28:13Z,2026-09-18T00:15:00Z,Thu 8:15 PM ET,Buffalo Bills,Detroit Lions,13c730d,2026_02_DET_BUF,7.0,graded,win,1.26
56e8897681915f7ec92baeee952bb1ae,Detroit Lions @ Buffalo Bills,James Cook,bovada,Bovada,receptions,Receptions,under,2.5,-110,2.165143267,0.5420560748,0.0,0.5238095238,0.4898785425,0.5,2.5,5,182.4655095683,3.4834324554,Calibration fitted; not prospectively validated,2026-09-17T21:28:03Z,2026-09-18T00:15:00Z,Thu 8:15 PM ET,Buffalo Bills,Detroit Lions,13c730d,2026_02_DET_BUF,1.0,graded,win,0.9090909090909091
36ad2fa722f4915ef23d2c81351261de,Cincinnati Bengals @ Houston Texans,C.J. Stroud,betmgm,BetMGM,pass_completions,Passing completions,over,19.5,-110,24.0204839069,0.5416666667,0.0,0.5238095238,0.4898785425,0.5210344665,19.5,4,178.5714285714,3.4090909091,Calibration fitted; not prospectively validated,2026-09-20T13:52:32Z,2026-09-20T17:00:00Z,Sun 1:00 PM ET,Houston Texans,Cincinnati Bengals,5a4f3bf,2026_02_CIN_HOU,30.0,graded,win,0.9090909090909091
36ad2fa722f4915ef23d2c81351261de,Cincinnati Bengals @ Houston Texans,Chase Brown,betmgm,BetMGM,rush_attempts,Rushing attempts,under,14.5,-115,10.3770222192,0.5526315789,0.0,0.5348837209,0.5,0.5185070944,14.5,3,177.4785801714,3.3180778032,Calibration fitted; not prospectively validated,2026-09-20T13:52:32Z,2026-09-20T17:00:00Z,Sun 1:00 PM ET,Houston Texans,Cincinnati Bengals,5a4f3bf,2026_02_CIN_HOU,20.0,graded,loss,-1.0
56e8897681915f7ec92baeee952bb1ae,Detroit Lions @ Buffalo Bills,Jahmyr Gibbs,betmgm,BetMGM,receptions,Receptions,under,3.5,125,3.7969621306,0.4591194969,0.0,0.4444444444,0.416502947,0.416502947,4.5,1,146.750524109,3.3018867925,Calibration fitted; not prospectively validated,2026-09-17T21:28:09Z,2026-09-18T00:15:00Z,Thu 8:15 PM ET,Buffalo Bills,Detroit Lions,13c730d,2026_02_DET_BUF,6.0,graded,loss,-1.0
fafc649c455e32a0f2ba1bd06e2039bc,Philadelphia Eagles @ Tennessee Titans,Tony Pollard,betmgm,BetMGM,receptions,Receptions,under,1.5,-110,1.3707607272,0.5408805031,0.0,0.5238095238,0.4898785425,0.5,1.5,5,170.7097933513,3.2590051458,Calibration fitted; not prospectively validated,2026-09-20T13:52:32Z,2026-09-20T17:00:00Z,Sun 1:00 PM ET,Tennessee Titans,Philadelphia Eagles,5a4f3bf,2026_02_PHI_TEN,1.0,graded,win,0.9090909090909091
4dd8020192a544385db42374e5555303,Seattle Seahawks @ Arizona Cardinals,AJ Barner,betrivers,BetRivers,receptions,Receptions,over,2.5,-110,2.6956874283,0.5408805031,0.0,0.5238095238,,0.5101214575,2.5,5,170.7097933513,3.2590051458,Calibration fitted; not prospectively validated,2026-09-20T13:52:41Z,2026-09-20T20:25:00Z,Sun 4:25 PM ET,Arizona Cardinals,Seattle Seahawks,5a4f3bf,2026_02_SEA_ARI,1.0,graded,loss,-1.0
68bc55903f50af4af4766adcc89fcc61,Miami Dolphins @ San Francisco 49ers,Malik Willis,betonlineag,BetOnline.ag,rush_attempts,Rushing attempts,over,7.5,110,6.2871437414,0.4915254237,0.0,0.4761904762,0.4472667035,0.4536313859,7.5,2,153.3494753834,3.2203389831,Calibration fitted; not prospectively validated,2026-09-20T13:53:19Z,2026-09-20T20:25:00Z,Sun 4:25 PM ET,San Francisco 49ers,Miami Dolphins,5a4f3bf,2026_02_MIA_SF,2.0,graded,loss,-1.0
9d14f87600f6edc74dbcb5c74edf6246,Pittsburgh Steelers @ New England Patriots,Rhamondre Stevenson,betonlineag,BetOnline.ag,rush_attempts,Rushing attempts,over,13.5,110,11.7715256829,0.4915254237,0.0,0.4761904762,0.4472667035,0.4512596988,13.5,2,153.3494753834,3.2203389831,Calibration fitted; not prospectively validated,2026-09-20T13:52:43Z,2026-09-20T17:00:00Z,Sun 1:00 PM ET,New England Patriots,Pittsburgh Steelers,5a4f3bf,2026_02_PIT_NE,6.0,graded,loss,-1.0
aee7eae1849ebb103b9bf233e9741392,Carolina Panthers @ Atlanta Falcons,Bryce Young,betonlineag,BetOnline.ag,pass_completions,Passing completions,over,20.5,106,18.9744636239,0.5,0.0,0.4854368932,0.4564539116,0.4564539116,19.5,1,145.6310679612,3.0,Calibration fitted; not prospectively validated,2026-09-20T13:53:20Z,2026-09-20T17:00:00Z,Sun 1:00 PM ET,Atlanta Falcons,Carolina Panthers,5a4f3bf,2026_02_CAR_ATL,23.0,graded,win,1.06
32367f882fac1a0c20a6335619922025,New York Giants @ Los Angeles Rams,Jaxson Dart,betonlineag,BetOnline.ag,rush_attempts,Rushing attempts,over,6.5,103,7.8492014757,0.506993007,0.0,0.4926108374,0.4632298853,0.4796954315,6.5,3,143.8216955458,2.9195804196,Calibration fitted; not prospectively validated,2026-09-20T13:53:24Z,2026-09-22T00:15:00Z,Mon 8:15 PM ET,Los Angeles Rams,New York Giants,5a4f3bf,2026_02_NYG_LA,0.0,graded,loss,-1.0
aee7eae1849ebb103b9bf233e9741392,Carolina Panthers @ Atlanta Falcons,Tetairoa McMillan,draftkings,DraftKings,receptions,Receptions,under,4.5,-114,3.440309125,0.5475728155,0.0,0.5327102804,0.5031375502,0.5071288903,4.5,5,148.6253516015,2.7899846704,Calibration fitted; not prospectively validated,2026-09-20T13:52:59Z,2026-09-20T17:00:00Z,Sun 1:00 PM ET,Atlanta Falcons,Carolina Panthers,5a4f3bf,2026_02_CAR_ATL,5.0,graded,loss,-1.0
4aeee070bb6ec60bdfae4dede61b9014,Green Bay Packers @ New York Jets,Mason Taylor,fanduel,FanDuel,receptions,Receptions,under,2.5,-112,2.1753711964,0.5420560748,0.0,0.5283018868,0.4939310568,0.5020774472,2.5,5,137.541879739,2.6034712951,Calibration fitted; not prospectively validated,2026-09-20T13:53:04Z,2026-09-20T17:00:00Z,Sun 1:00 PM ET,New York Jets,Green Bay Packers,5a4f3bf,2026_02_GB_NYJ,,no matching game/player result,,
aee7eae1849ebb103b9bf233e9741392,Carolina Panthers @ Atlanta Falcons,Jalen Coker,betmgm,BetMGM,receptions,Receptions,over,4.5,105,4.4871760294,0.5,0.0,0.487804878,0.4554079696,0.4808467742,4.5,5,121.9512195122,2.5,Calibration fitted; not prospectively validated,2026-09-20T13:52:45Z,2026-09-20T17:00:00Z,Sun 1:00 PM ET,Atlanta Falcons,Carolina Panthers,5a4f3bf,2026_02_CAR_ATL,8.0,graded,win,1.05
fafc649c455e32a0f2ba1bd06e2039bc,Philadelphia Eagles @ Tennessee Titans,Jalen Hurts,betmgm,BetMGM,pass_attempts,Passing attempts,over,28.5,105,26.6563476008,0.5,0.0,0.487804878,0.4554079696,0.4554079696,27.5,1,121.9512195122,2.5,Calibration fitted; not prospectively validated,2026-09-20T13:52:32Z,2026-09-20T17:00:00Z,Sun 1:00 PM ET,Tennessee Titans,Philadelphia Eagles,5a4f3bf,2026_02_PHI_TEN,37.0,graded,win,1.05
56e8897681915f7ec92baeee952bb1ae,Detroit Lions @ Buffalo Bills,Jared Goff,betmgm,BetMGM,pass_attempts,Passing attempts,under,35.5,105,35.4006278304,0.5,0.0,0.487804878,0.4518211157,0.4585838252,36.5,2,121.9512195122,2.5,Calibration fitted; not prospectively validated,2026-09-17T21:28:09Z,2026-09-18T00:15:00Z,Thu 8:15 PM ET,Buffalo Bills,Detroit Lions,13c730d,2026_02_DET_BUF,38.0,graded,loss,-1.0
0283a29e1b38ef78b29b904fd56a16dd,Minnesota Vikings @ Chicago Bears,Caleb Williams,betonlineag,BetOnline.ag,pass_tds,Passing touchdowns,under,1.5,105,2.12,0.5,0.0,0.487804878,0.4592085979,0.4796954315,1.5,7,121.9512195122,2.5,Calibration fitted; not prospectively validated,2026-09-20T13:53:18Z,2026-09-20T17:00:00Z,Sun 1:00 PM ET,Chicago Bears,Minnesota Vikings,5a4f3bf,2026_02_MIN_CHI,0.0,graded,win,1.05
0283a29e1b38ef78b29b904fd56a16dd,Minnesota Vikings @ Chicago Bears,Kyle Monangai,betonlineag,BetOnline.ag,rush_attempts,Rushing attempts,under,8.5,105,8.96331705,0.5,0.0,0.487804878,0.4592085979,0.4744054968,8.5,2,121.9512195122,2.5,Calibration fitted; not prospectively validated,2026-09-20T13:53:18Z,2026-09-20T17:00:00Z,Sun 1:00 PM ET,Chicago Bears,Minnesota Vikings,5a4f3bf,2026_02_MIN_CHI,10.0,graded,loss,-1.0
0283a29e1b38ef78b29b904fd56a16dd,Minnesota Vikings @ Chicago Bears,Carson Wentz,bovada,Bovada,pass_completions,Passing completions,under,18.5,105,19.7611688887,0.5,0.0,0.487804878,0.4592085979,0.4606084233,19.5,2,121.9512195122,2.5,Calibration fitted; not prospectively validated,2026-09-20T13:52:31Z,2026-09-20T17:00:00Z,Sun 1:00 PM ET,Chicago Bears,Minnesota Vikings,5a4f3bf,2026_02_MIN_CHI,11.0,graded,win,1.05
71b3b83747589efdc5baef2c5cf811bf,Las Vegas Raiders @ Los Angeles Chargers,Justin Herbert,bovada,Bovada,pass_completions,Passing completions,under,19.5,105,20.8087118163,0.5,0.0,0.487804878,0.4592085979,0.4648542048,19.5,3,121.9512195122,2.5,Calibration fitted; not prospectively validated,2026-09-20T13:53:09Z,2026-09-20T20:05:00Z,Sun 4:05 PM ET,Los Angeles Chargers,Las Vegas Raiders,5a4f3bf,2026_02_LV_LAC,15.0,graded,win,1.05
2143ade9684fd876b68a4e8cbf451f05,New Orleans Saints @ Baltimore Ravens,Tyler Shough,bovada,Bovada,pass_completions,Passing completions,under,21.5,105,19.7925678517,0.5,0.0,0.487804878,0.4592085979,0.4651003697,21.5,4,121.9512195122,2.5,Calibration fitted; not prospectively validated,2026-09-20T13:51:43Z,2026-09-20T17:00:00Z,Sun 1:00 PM ET,Baltimore Ravens,New Orleans Saints,5a4f3bf,2026_02_NO_BAL,27.0,graded,loss,-1.0
4aeee070bb6ec60bdfae4dede61b9014,Green Bay Packers @ New York Jets,Geno Smith,fanatics,Fanatics,pass_completions,Passing completions,under,19.5,105,19.9321411413,0.5,0.0,0.487804878,0.4554079696,0.4623978624,20.5,2,121.9512195122,2.5,Calibration fitted; not prospectively validated,2026-09-20T13:51:12Z,2026-09-20T17:00:00Z,Sun 1:00 PM ET,New York Jets,Green Bay Packers,5a4f3bf,2026_02_GB_NYJ,27.0,graded,loss,-1.0
0636ebff776d43f8c829a36713c80b22,Cleveland Browns @ Tampa Bay Buccaneers,Deshaun Watson,fanatics,Fanatics,rush_yds,Rushing yards,under,20.5,105,29.1310614934,0.5,0.0,0.487804878,0.4554079696,0.4554079696,22.5,1,121.9512195122,2.5,Calibration fitted; not prospectively validated,2026-09-20T13:52:31Z,2026-09-20T17:00:00Z,Sun 1:00 PM ET,Tampa Bay Buccaneers,Cleveland Browns,5a4f3bf,2026_02_CLE_TB,22.0,graded,loss,-1.0
68bc55903f50af4af4766adcc89fcc61,Miami Dolphins @ San Francisco 49ers,De'Von Achane,draftkings,DraftKings,rush_attempts,Rushing attempts,under,14.5,-117,10.284437232,0.5526315789,0.0,0.5391705069,0.5083149711,0.5102580936,14.5,3,134.6107203493,2.4966261808,Calibration fitted; not prospectively validated,2026-09-20T13:52:41Z,2026-09-20T20:25:00Z,Sun 4:25 PM ET,San Francisco 49ers,Miami Dolphins,5a4f3bf,2026_02_MIA_SF,20.0,graded,loss,-1.0
aee7eae1849ebb103b9bf233e9741392,Carolina Panthers @ Atlanta Falcons,Kyle Pitts,bovada,Bovada,receptions,Receptions,under,3.5,-130,2.1116918794,0.5789473684,0.0,0.5652173913,0.5306122449,0.5407914021,3.5,5,137.299771167,2.4291497976,Calibration fitted; not prospectively validated,2026-09-20T13:51:35Z,2026-09-20T17:00:00Z,Sun 1:00 PM ET,Atlanta Falcons,Carolina Panthers,5a4f3bf,2026_02_CAR_ATL,1.0,graded,win,0.7692307692307693
85ef85098ddd22fe4ecf45e7e3c0a9c0,Washington Commanders @ Dallas Cowboys,John Bates,draftkings,DraftKings,receptions,Receptions,under,1.5,123,1.5486164466,0.4591194969,0.0,0.4484304933,0.4233170266,0.4233170266,1.5,3,106.890035818,2.3836477987,Calibration fitted; not prospectively validated,2026-09-20T13:53:19Z,2026-09-20T20:25:00Z,Sun 4:25 PM ET,Dallas Cowboys,Washington Commanders,5a4f3bf,2026_02_WAS_DAL,,no matching game/player result,,
1fd6628c781f556a7a19638e97d7107f,Jacksonville Jaguars @ Denver Broncos,Jakobi Meyers,betmgm,BetMGM,receptions,Receptions,over,3.5,-115,4.8134688093,0.5475728155,0.0,0.5348837209,0.5,0.5208602779,3.5,5,126.8909460375,2.3723089911,Calibration fitted; not prospectively validated,2026-09-20T13:52:25Z,2026-09-20T20:05:00Z,Sun 4:05 PM ET,Denver Broncos,Jacksonville Jaguars,5a4f3bf,2026_02_JAX_DEN,1.0,graded,loss,-1.0
50bc247030707d823b9c3581d7eb5760,Indianapolis Colts @ Kansas City Chiefs,Keenan Allen,betmgm,BetMGM,receptions,Receptions,over,3.5,-115,5.8503905386,0.5475728155,0.0,0.5348837209,0.5,0.528157683,3.5,5,126.8909460375,2.3723089911,Calibration fitted; not prospectively validated,2026-09-20T13:52:32Z,2026-09-21T00:20:00Z,Sun 8:20 PM ET,Kansas City Chiefs,Indianapolis Colts,5a4f3bf,2026_02_IND_KC,1.0,graded,loss,-1.0
56e8897681915f7ec92baeee952bb1ae,Detroit Lions @ Buffalo Bills,Khalil Shakir,draftkings,DraftKings,receptions,Receptions,over,4.5,126,3.7014945035,0.4524271845,0.0,0.4424778761,0.4176935634,0.4248366013,4.5,5,99.4930835982,2.2485436893,Calibration fitted; not prospectively validated,2026-09-17T21:28:13Z,2026-09-18T00:15:00Z,Thu 8:15 PM ET,Buffalo Bills,Detroit Lions,13c730d,2026_02_DET_BUF,3.0,graded,loss,-1.0
32367f882fac1a0c20a6335619922025,New York Giants @ Los Angeles Rams,Odell Beckham,betonlineag,BetOnline.ag,recv_yds,Receiving yards,over,6.5,-102,32.941197473,0.5163043478,0.0,0.504950495,0.4743894444,0.4821339934,6.5,4,113.5385277658,2.2485080989,Calibration fitted; not prospectively validated,2026-09-20T13:53:24Z,2026-09-22T00:15:00Z,Mon 8:15 PM ET,Los Angeles Rams,New York Giants,5a4f3bf,2026_02_NYG_LA,,no matching game/player result,,
68bc55903f50af4af4766adcc89fcc61,Miami Dolphins @ San Francisco 49ers,Caleb Douglas,betonlineag,BetOnline.ag,receptions,Receptions,under,2.5,123,3.1058819604,0.4579439252,0.0,0.4484304933,0.4209473735,0.4334891628,2.5,5,95.134319601,2.1214953271,Calibration fitted; not prospectively validated,2026-09-20T13:53:19Z,2026-09-20T20:25:00Z,Sun 4:25 PM ET,San Francisco 49ers,Miami Dolphins,5a4f3bf,2026_02_MIA_SF,2.0,graded,win,1.23
4dd8020192a544385db42374e5555303,Seattle Seahawks @ Arizona Cardinals,Tyler Allgeier,betonlineag,BetOnline.ag,rush_attempts,Rushing attempts,under,9.5,107,10.0485952543,0.4927536232,0.0,0.4830917874,0.4537429043,0.4568694864,9.5,2,96.6183574879,2.0,Calibration fitted; not prospectively validated,2026-09-20T13:51:11Z,2026-09-20T20:25:00Z,Sun 4:25 PM ET,Arizona Cardinals,Seattle Seahawks,5a4f3bf,2026_02_SEA_ARI,5.0,graded,win,1.07
9d14f87600f6edc74dbcb5c74edf6246,Pittsburgh Steelers @ New England Patriots,Drake Maye,betrivers,BetRivers,pass_completions,Passing completions,over,21.5,104,19.6459848849,0.5,0.0,0.4901960784,,,20.5,0,98.0392156863,2.0,Calibration fitted; not prospectively validated,2026-09-20T13:53:18Z,2026-09-20T17:00:00Z,Sun 1:00 PM ET,New England Patriots,Pittsburgh Steelers,5a4f3bf,2026_02_PIT_NE,14.0,graded,loss,-1.0
9d14f87600f6edc74dbcb5c74edf6246,Pittsburgh Steelers @ New England Patriots,Romeo Doubs,betmgm,BetMGM,receptions,Receptions,over,3.5,125,2.3071441243,0.4524271845,0.0,0.4444444444,0.416502947,0.4476490374,3.5,6,79.8274002158,1.7961165049,Calibration fitted; not prospectively validated,2026-09-20T13:52:32Z,2026-09-20T17:00:00Z,Sun 1:00 PM ET,New England Patriots,Pittsburgh Steelers,5a4f3bf,2026_02_PIT_NE,3.0,graded,loss,-1.0
1fd6628c781f556a7a19638e97d7107f,Jacksonville Jaguars @ Denver Broncos,Pat Bryant,betrivers,BetRivers,receptions,Receptions,over,3.5,125,2.9040620634,0.4524271845,0.0,0.4444444444,,0.4334891628,3.5,5,79.8274002158,1.7961165049,Calibration fitted; not prospectively validated,2026-09-20T13:53:18Z,2026-09-20T20:05:00Z,Sun 4:05 PM ET,Denver Broncos,Jacksonville Jaguars,5a4f3bf,2026_02_JAX_DEN,0.0,graded,loss,-1.0
85ef85098ddd22fe4ecf45e7e3c0a9c0,Washington Commanders @ Dallas Cowboys,Dak Prescott,draftkings,DraftKings,rush_attempts,Rushing attempts,under,2.5,126,4.4648581695,0.45,0.0,0.4424778761,0.4171177482,0.4171177482,2.5,1,75.2212389381,1.7,Calibration fitted; not prospectively validated,2026-09-20T13:53:19Z,2026-09-20T20:25:00Z,Sun 4:25 PM ET,Dallas Cowboys,Washington Commanders,5a4f3bf,2026_02_WAS_DAL,4.0,graded,loss,-1.0
4aeee070bb6ec60bdfae4dede61b9014,Green Bay Packers @ New York Jets,Garrett Wilson,betonlineag,BetOnline.ag,receptions,Receptions,over,5.5,-114,5.6775749387,0.5408805031,0.0,0.5327102804,0.5,0.5310164042,5.5,5,81.7022277082,1.533708485,Calibration fitted; not prospectively validated,2026-09-20T13:52:30Z,2026-09-20T17:00:00Z,Sun 1:00 PM ET,New York Jets,Green Bay Packers,5a4f3bf,2026_02_GB_NYJ,5.0,graded,loss,-1.0
1fd6628c781f556a7a19638e97d7107f,Jacksonville Jaguars @ Denver Broncos,Bhayshul Tuten,draftkings,DraftKings,receptions,Receptions,under,1.5,-114,1.3906934668,0.5408805031,0.0,0.5327102804,0.5020774472,0.5020774472,1.5,5,81.7022277082,1.533708485,Calibration fitted; not prospectively validated,2026-09-20T13:52:59Z,2026-09-20T20:05:00Z,Sun 4:05 PM ET,Denver Broncos,Jacksonville Jaguars,5a4f3bf,2026_02_JAX_DEN,2.0,graded,loss,-1.0
32367f882fac1a0c20a6335619922025,New York Giants @ Los Angeles Rams,Kyren Williams,betmgm,BetMGM,rush_attempts,Rushing attempts,under,13.5,100,12.4054357322,0.506993007,0.0,0.5,0.4653465347,0.4719334719,13.5,3,69.9300699301,1.3986013986,Calibration fitted; not prospectively validated,2026-09-20T13:51:31Z,2026-09-22T00:15:00Z,Mon 8:15 PM ET,Los Angeles Rams,New York Giants,5a4f3bf,2026_02_NYG_LA,12.0,graded,win,1.0
0283a29e1b38ef78b29b904fd56a16dd,Minnesota Vikings @ Chicago Bears,D'Andre Swift,betonlineag,BetOnline.ag,rush_attempts,Rushing attempts,under,13.5,100,13.0620957218,0.506993007,0.0,0.5,0.4693877551,0.4702310676,13.5,2,69.9300699301,1.3986013986,Calibration fitted; not prospectively validated,2026-09-20T13:53:18Z,2026-09-20T17:00:00Z,Sun 1:00 PM ET,Chicago Bears,Minnesota Vikings,5a4f3bf,2026_02_MIN_CHI,16.0,graded,loss,-1.0
4aeee070bb6ec60bdfae4dede61b9014,Green Bay Packers @ New York Jets,Breece Hall,betonlineag,BetOnline.ag,rush_attempts,Rushing attempts,under,15.5,100,12.5955843713,0.506993007,0.0,0.5,0.4693877551,0.4702310676,15.5,2,69.9300699301,1.3986013986,Calibration fitted; not prospectively validated,2026-09-20T13:52:30Z,2026-09-20T17:00:00Z,Sun 1:00 PM ET,New York Jets,Green Bay Packers,5a4f3bf,2026_02_GB_NYJ,16.0,graded,loss,-1.0
2143ade9684fd876b68a4e8cbf451f05,New Orleans Saints @ Baltimore Ravens,Derrick Henry,betonlineag,BetOnline.ag,rush_attempts,Rushing attempts,under,19.5,100,17.402895479,0.506993007,0.0,0.5,0.4693877551,0.4693877551,20.5,1,69.9300699301,1.3986013986,Calibration fitted; not prospectively validated,2026-09-20T13:52:16Z,2026-09-20T17:00:00Z,Sun 1:00 PM ET,Baltimore Ravens,New Orleans Saints,5a4f3bf,2026_02_NO_BAL,16.0,graded,win,1.0
32367f882fac1a0c20a6335619922025,New York Giants @ Los Angeles Rams,Jaxson Dart,betmgm,BetMGM,pass_attempts,Passing attempts,under,31.5,-125,27.2929248724,0.5625,0.0,0.5555555556,0.5203045685,0.5268295703,31.5,3,69.4444444444,1.25,Calibration fitted; not prospectively validated,2026-09-20T13:51:31Z,2026-09-22T00:15:00Z,Mon 8:15 PM ET,Los Angeles Rams,New York Giants,5a4f3bf,2026_02_NYG_LA,5.0,graded,win,0.8
36ad2fa722f4915ef23d2c81351261de,Cincinnati Bengals @ Houston Texans,Joe Burrow,betmgm,BetMGM,pass_attempts,Passing attempts,over,34.5,-125,37.6014052132,0.5625,0.0,0.5555555556,0.5203045685,0.5203045685,35.5,1,69.4444444444,1.25,Calibration fitted; not prospectively validated,2026-09-20T13:52:32Z,2026-09-20T17:00:00Z,Sun 1:00 PM ET,Houston Texans,Cincinnati Bengals,5a4f3bf,2026_02_CIN_HOU,31.0,graded,loss,-1.0
36ad2fa722f4915ef23d2c81351261de,Cincinnati Bengals @ Houston Texans,Chase Brown,bovada,Bovada,receptions,Receptions,under,3.5,-115,3.3240413097,0.5408805031,0.0,0.5348837209,0.5,0.5124828361,3.5,5,59.9678221442,1.1211375444,Calibration fitted; not prospectively validated,2026-09-20T13:51:54Z,2026-09-20T17:00:00Z,Sun 1:00 PM ET,Houston Texans,Cincinnati Bengals,5a4f3bf,2026_02_CIN_HOU,3.0,graded,win,0.8695652173913043
9d14f87600f6edc74dbcb5c74edf6246,Pittsburgh Steelers @ New England Patriots,DeMario Douglas,betrivers,BetRivers,receptions,Receptions,over,3.5,120,3.4127650409,0.4591194969,0.0,0.4545454545,,0.4373408273,3.5,5,45.7404230989,1.0062893082,Calibration fitted; not prospectively validated,2026-09-20T13:53:18Z,2026-09-20T17:00:00Z,Sun 1:00 PM ET,New England Patriots,Pittsburgh Steelers,5a4f3bf,2026_02_PIT_NE,1.0,graded,loss,-1.0
32367f882fac1a0c20a6335619922025,New York Giants @ Los Angeles Rams,Jaxson Dart,draftkings,DraftKings,pass_completions,Passing completions,under,19.5,102,20.4696936543,0.5,0.0,0.495049505,0.466910272,0.4693877551,19.5,3,49.5049504951,1.0,Calibration fitted; not prospectively validated,2026-09-20T13:53:25Z,2026-09-22T00:15:00Z,Mon 8:15 PM ET,Los Angeles Rams,New York Giants,5a4f3bf,2026_02_NYG_LA,3.0,graded,win,1.02
56e8897681915f7ec92baeee952bb1ae,Detroit Lions @ Buffalo Bills,Josh Allen,draftkings,DraftKings,pass_completions,Passing completions,over,21.5,102,22.3117478843,0.5,0.0,0.495049505,0.466910272,0.4681490136,21.5,4,49.5049504951,1.0,Calibration fitted; not prospectively validated,2026-09-17T21:28:13Z,2026-09-18T00:15:00Z,Thu 8:15 PM ET,Buffalo Bills,Detroit Lions,13c730d,2026_02_DET_BUF,20.0,graded,loss,-1.0
56e8897681915f7ec92baeee952bb1ae,Detroit Lions @ Buffalo Bills,Jared Goff,draftkings,DraftKings,pass_completions,Passing completions,over,24.5,102,23.6004185536,0.5,0.0,0.495049505,0.466910272,0.4693877551,24.0,3,49.5049504951,1.0,Calibration fitted; not prospectively validated,2026-09-17T21:28:13Z,2026-09-18T00:15:00Z,Thu 8:15 PM ET,Buffalo Bills,Detroit Lions,13c730d,2026_02_DET_BUF,26.0,graded,win,1.02
4aeee070bb6ec60bdfae4dede61b9014,Green Bay Packers @ New York Jets,Chris Brooks,bovada,Bovada,recv_yds,Receiving yards,under,9.5,-105,4.4351209488,0.5163043478,0.0,0.512195122,0.4796954315,0.4963671852,9.5,4,41.0922587487,0.8022774327,Calibration fitted; not prospectively validated,2026-09-20T13:51:28Z,2026-09-20T17:00:00Z,Sun 1:00 PM ET,New York Jets,Green Bay Packers,5a4f3bf,2026_02_GB_NYJ,15.0,graded,loss,-1.0
71b3b83747589efdc5baef2c5cf811bf,Las Vegas Raiders @ Los Angeles Chargers,David Njoku,betmgm,BetMGM,receptions,Receptions,over,2.5,-135,5.1944404466,0.5789473684,0.0,0.5744680851,0.5346534653,0.5601695217,2.5,5,44.7928331467,0.7797270955,Calibration fitted; not prospectively validated,2026-09-20T13:52:58Z,2026-09-20T20:05:00Z,Sun 4:05 PM ET,Los Angeles Chargers,Las Vegas Raiders,5a4f3bf,2026_02_LV_LAC,1.0,graded,loss,-1.0
9d14f87600f6edc74dbcb5c74edf6246,Pittsburgh Steelers @ New England Patriots,DK Metcalf,betonlineag,BetOnline.ag,receptions,Receptions,under,4.5,-119,3.3757911366,0.5475728155,0.0,0.5433789954,0.5102580936,0.5203045685,4.5,5,41.9382010019,0.7718038672,Calibration fitted; not prospectively validated,2026-09-20T13:52:43Z,2026-09-20T17:00:00Z,Sun 1:00 PM ET,New England Patriots,Pittsburgh Steelers,5a4f3bf,2026_02_PIT_NE,4.0,graded,win,0.8403361344537815
4aeee070bb6ec60bdfae4dede61b9014,Green Bay Packers @ New York Jets,Adonai Mitchell,draftkings,DraftKings,receptions,Receptions,over,2.5,-119,3.4719416804,0.5475728155,0.0,0.5433789954,0.5124828361,0.5221685501,2.5,4,41.9382010019,0.7718038672,Calibration fitted; not prospectively validated,2026-09-20T13:53:13Z,2026-09-20T17:00:00Z,Sun 1:00 PM ET,New York Jets,Green Bay Packers,5a4f3bf,2026_02_GB_NYJ,6.0,graded,win,0.8403361344537815
68bc55903f50af4af4766adcc89fcc61,Miami Dolphins @ San Francisco 49ers,Brock Purdy,draftkings,DraftKings,pass_completions,Passing completions,under,19.5,101,20.3724166703,0.5,0.0,0.4975124378,0.4689835958,0.4691856755,19.5,4,24.8756218905,0.5,Calibration fitted; not prospectively validated,2026-09-20T13:52:41Z,2026-09-20T20:25:00Z,Sun 4:25 PM ET,San Francisco 49ers,Miami Dolphins,5a4f3bf,2026_02_MIA_SF,20.0,graded,loss,-1.0
71b3b83747589efdc5baef2c5cf811bf,Las Vegas Raiders @ Los Angeles Chargers,Oronde Gadsden,fanduel,FanDuel,receptions,Receptions,under,1.5,122,3.323186831,0.4524271845,0.0,0.4504504505,0.4214658001,0.4458598726,1.5,5,19.7673401557,0.4388349515,Calibration fitted; not prospectively validated,2026-09-20T13:52:56Z,2026-09-20T20:05:00Z,Sun 4:05 PM ET,Los Angeles Chargers,Las Vegas Raiders,5a4f3bf,2026_02_LV_LAC,2.0,graded,loss,-1.0
4dd8020192a544385db42374e5555303,Seattle Seahawks @ Arizona Cardinals,Jaxon Smith-Njigba,betmgm,BetMGM,receptions,Receptions,under,6.5,-120,5.1089900841,0.5475728155,0.0,0.5454545455,0.5101214575,0.5289256198,6.5,5,21.1827007944,0.3883495146,Calibration fitted; not prospectively validated,2026-09-20T13:52:46Z,2026-09-20T20:25:00Z,Sun 4:25 PM ET,Arizona Cardinals,Seattle Seahawks,5a4f3bf,2026_02_SEA_ARI,9.0,graded,loss,-1.0
0636ebff776d43f8c829a36713c80b22,Cleveland Browns @ Tampa Bay Buccaneers,Bucky Irving,fanduel,FanDuel,recv_yds,Receiving yards,over,16.5,100,27.0784380284,0.5014367816,0.0,0.5,0.4710743802,0.4814354674,17.0,2,14.367816092,0.2873563218,Calibration fitted; not prospectively validated,2026-09-20T13:53:11Z,2026-09-20T17:00:00Z,Sun 1:00 PM ET,Tampa Bay Buccaneers,Cleveland Browns,5a4f3bf,2026_02_CLE_TB,1.0,graded,loss,-1.0
aee7eae1849ebb103b9bf233e9741392,Carolina Panthers @ Atlanta Falcons,Jahan Dotson,fanatics,Fanatics,recv_yds,Receiving yards,over,20.5,100,26.0283632253,0.5010141988,0.0,0.5,0.4653465347,0.4653465347,17.5,1,10.1419878296,0.2028397566,Calibration fitted; not prospectively validated,2026-09-20T13:53:03Z,2026-09-20T17:00:00Z,Sun 1:00 PM ET,Atlanta Falcons,Carolina Panthers,5a4f3bf,2026_02_CAR_ATL,11.0,graded,loss,-1.0
1fd6628c781f556a7a19638e97d7107f,Jacksonville Jaguars @ Denver Broncos,Brian Thomas,draftkings,DraftKings,receptions,Receptions,over,2.5,-121,4.3557062997,0.5475728155,0.0,0.5475113122,0.5155112508,0.5203045685,2.5,5,0.6150331679,0.0112332504,Calibration fitted; not prospectively validated,2026-09-20T13:52:59Z,2026-09-20T20:05:00Z,Sun 4:05 PM ET,Denver Broncos,Jacksonville Jaguars,5a4f3bf,2026_02_JAX_DEN,3.0,graded,win,0.8264462809917356
