game_id,player,market_std,bookmaker,point,over,under,actual,stat_game,last_update,grading_status,fair_over,balance,hold,payout_over,payout_under
7dddb296a42e7a41a774b24bd1709ce1,Geno Smith,rush_yds,draftkings,6.5,-112.0,-112.0,7.0,2026_01_NYJ_TEN,2026-09-09T22:34:59Z,graded,0.5,0.0,0.05660377358490565,0.8928571428571429,0.8928571428571429
7dddb296a42e7a41a774b24bd1709ce1,Cam Ward,rush_yds,draftkings,9.5,-112.0,-112.0,21.0,2026_01_NYJ_TEN,2026-09-09T22:34:59Z,graded,0.5,0.0,0.05660377358490565,0.8928571428571429,0.8928571428571429
3e646c7479c57f5d9752d8c7dfe7059b,Odell Beckham,recv_yds,draftkings,11.5,-112.0,-112.0,,2026_01_DAL_NYG,2026-09-09T22:35:13Z,no matching game/player result,0.5,0.0,0.05660377358490565,0.8928571428571429,0.8928571428571429
acc580d74344ea3b31bbcdd057fe6a9c,Kyren Williams,recv_yds,draftkings,11.5,-112.0,-112.0,24.0,2026_01_SF_LA,2026-09-09T22:34:50Z,graded,0.5,0.0,0.05660377358490565,0.8928571428571429,0.8928571428571429
95c01d1bb797d6df14824b106c5a9130,Darnell Washington,recv_yds,draftkings,17.5,-112.0,-112.0,18.0,2026_01_ATL_PIT,2026-09-09T22:33:37Z,graded,0.5,0.0,0.05660377358490565,0.8928571428571429,0.8928571428571429
17885cb8dcade8f6c3bce14b2de805e8,Makai Lemon,recv_yds,draftkings,23.5,-112.0,-112.0,-5.0,2026_01_WAS_PHI,2026-09-09T22:33:41Z,graded,0.5,0.0,0.05660377358490565,0.8928571428571429,0.8928571428571429
acc580d74344ea3b31bbcdd057fe6a9c,Terrance Ferguson,recv_yds,draftkings,24.5,-112.0,-112.0,0.0,2026_01_SF_LA,2026-09-09T22:34:50Z,graded,0.5,0.0,0.05660377358490565,0.8928571428571429,0.8928571428571429
8c94552d022acec4a0458d70c19d3da9,AJ Barner,recv_yds,draftkings,25.5,-112.0,-112.0,13.0,2026_01_NE_SEA,2026-09-09T22:35:35Z,graded,0.5,0.0,0.05660377358490565,0.8928571428571429,0.8928571428571429
c5d95f48a16849ab6bebc68fbbfcb74a,De'Von Achane,recv_yds,draftkings,28.5,-112.0,-112.0,30.0,2026_01_MIA_LV,2026-09-09T22:35:37Z,graded,0.5,0.0,0.05660377358490565,0.8928571428571429,0.8928571428571429
8c94552d022acec4a0458d70c19d3da9,Hunter Henry,recv_yds,draftkings,33.5,-112.0,-112.0,26.0,2026_01_NE_SEA,2026-09-09T22:35:35Z,graded,0.5,0.0,0.05660377358490565,0.8928571428571429,0.8928571428571429
e55c6fe19fce094ce214c8b0e5b504e9,Harold Fannin,recv_yds,draftkings,33.5,-112.0,-112.0,21.0,2026_01_CLE_JAX,2026-09-09T22:35:14Z,graded,0.5,0.0,0.05660377358490565,0.8928571428571429,0.8928571428571429
b6cfdcbafa61ce220ba87dc2d9b80c77,Mark Andrews,recv_yds,draftkings,34.5,-112.0,-112.0,49.0,2026_01_BAL_IND,2026-09-09T22:34:04Z,graded,0.5,0.0,0.05660377358490565,0.8928571428571429,0.8928571428571429
ed6d24ff979f9c71979fead577b0b3f7,Jalen McMillan,recv_yds,draftkings,34.5,-112.0,-112.0,,2026_01_TB_CIN,2026-09-09T22:35:35Z,no matching game/player result,0.5,0.0,0.05660377358490565,0.8928571428571429,0.8928571428571429
acc580d74344ea3b31bbcdd057fe6a9c,George Kittle,recv_yds,draftkings,36.5,-112.0,-112.0,12.0,2026_01_SF_LA,2026-09-09T22:34:50Z,graded,0.5,0.0,0.05660377358490565,0.8928571428571429,0.8928571428571429
c5d95f48a16849ab6bebc68fbbfcb74a,Jalen Nailor,recv_yds,draftkings,36.5,-112.0,-112.0,27.0,2026_01_MIA_LV,2026-09-09T22:35:37Z,graded,0.5,0.0,0.05660377358490565,0.8928571428571429,0.8928571428571429
e55c6fe19fce094ce214c8b0e5b504e9,Brian Thomas,recv_yds,draftkings,38.5,-112.0,-112.0,40.0,2026_01_CLE_JAX,2026-09-09T22:35:14Z,graded,0.5,0.0,0.05660377358490565,0.8928571428571429,0.8928571428571429
95c01d1bb797d6df14824b106c5a9130,Jaylen Warren,rush_yds,draftkings,42.5,-112.0,-112.0,46.0,2026_01_ATL_PIT,2026-09-09T22:33:37Z,graded,0.5,0.0,0.05660377358490565,0.8928571428571429,0.8928571428571429
95c01d1bb797d6df14824b106c5a9130,Rico Dowdle,rush_yds,draftkings,42.5,-112.0,-112.0,15.0,2026_01_ATL_PIT,2026-09-09T22:33:37Z,graded,0.5,0.0,0.05660377358490565,0.8928571428571429,0.8928571428571429
fc362aff0d889ec52d358307a70c32ed,Rome Odunze,recv_yds,draftkings,43.5,-112.0,-112.0,52.0,2026_01_CHI_CAR,2026-09-09T22:35:34Z,graded,0.5,0.0,0.05660377358490565,0.8928571428571429,0.8928571428571429
95c01d1bb797d6df14824b106c5a9130,Kyle Pitts,recv_yds,draftkings,44.5,-112.0,-112.0,0.0,2026_01_ATL_PIT,2026-09-09T22:33:37Z,graded,0.5,0.0,0.05660377358490565,0.8928571428571429,0.8928571428571429
c5d95f48a16849ab6bebc68fbbfcb74a,Tre Tucker,recv_yds,draftkings,48.5,-112.0,-112.0,27.0,2026_01_MIA_LV,2026-09-09T22:35:37Z,graded,0.5,0.0,0.05660377358490565,0.8928571428571429,0.8928571428571429
acc580d74344ea3b31bbcdd057fe6a9c,Mike Evans,recv_yds,draftkings,49.5,-112.0,-112.0,49.0,2026_01_SF_LA,2026-09-09T22:34:50Z,graded,0.5,0.0,0.05660377358490565,0.8928571428571429,0.8928571428571429
e55c6fe19fce094ce214c8b0e5b504e9,Parker Washington,recv_yds,draftkings,53.5,-112.0,-112.0,83.0,2026_01_CLE_JAX,2026-09-09T22:35:14Z,graded,0.5,0.0,0.05660377358490565,0.8928571428571429,0.8928571428571429
8c94552d022acec4a0458d70c19d3da9,Jadarian Price,rush_yds,draftkings,54.5,-112.0,-112.0,52.0,2026_01_NE_SEA,2026-09-09T22:35:35Z,graded,0.5,0.0,0.05660377358490565,0.8928571428571429,0.8928571428571429
7dddb296a42e7a41a774b24bd1709ce1,Garrett Wilson,recv_yds,draftkings,60.5,-112.0,-112.0,79.0,2026_01_NYJ_TEN,2026-09-09T22:34:59Z,graded,0.5,0.0,0.05660377358490565,0.8928571428571429,0.8928571428571429
e55c6fe19fce094ce214c8b0e5b504e9,Quinshon Judkins,rush_yds,draftkings,60.5,-112.0,-112.0,33.0,2026_01_CLE_JAX,2026-09-09T22:35:14Z,graded,0.5,0.0,0.05660377358490565,0.8928571428571429,0.8928571428571429
95c01d1bb797d6df14824b106c5a9130,Bijan Robinson,rush_yds,draftkings,76.5,-112.0,-112.0,83.0,2026_01_ATL_PIT,2026-09-09T22:33:37Z,graded,0.5,0.0,0.05660377358490565,0.8928571428571429,0.8928571428571429
b6cfdcbafa61ce220ba87dc2d9b80c77,Jonathan Taylor,rush_yds,draftkings,76.5,-112.0,-112.0,98.0,2026_01_BAL_IND,2026-09-09T22:34:04Z,graded,0.5,0.0,0.05660377358490565,0.8928571428571429,0.8928571428571429
7dddb296a42e7a41a774b24bd1709ce1,Cam Ward,pass_yds,draftkings,204.5,-112.0,-112.0,140.0,2026_01_NYJ_TEN,2026-09-09T22:34:59Z,graded,0.5,0.0,0.05660377358490565,0.8928571428571429,0.8928571428571429
7e09efed7e12c659b82740b67ce2f9a1,C.J. Stroud,pass_yds,draftkings,219.5,-112.0,-112.0,274.0,2026_01_BUF_HOU,2026-09-09T22:35:20Z,graded,0.5,0.0,0.05660377358490565,0.8928571428571429,0.8928571428571429
cb77efed7e711d25a72c1a2a0a1af119,Kyler Murray,pass_yds,draftkings,222.5,-112.0,-112.0,18.0,2026_01_GB_MIN,2026-09-09T22:35:37Z,graded,0.5,0.0,0.05660377358490565,0.8928571428571429,0.8928571428571429
7e09efed7e12c659b82740b67ce2f9a1,Josh Allen,pass_yds,draftkings,223.5,-112.0,-112.0,334.0,2026_01_BUF_HOU,2026-09-09T22:35:20Z,graded,0.5,0.0,0.05660377358490565,0.8928571428571429,0.8928571428571429
5ad8135dc2b5f27de0b777acd317855a,Bo Nix,pass_yds,draftkings,230.5,-112.0,-112.0,131.0,2026_01_DEN_KC,2026-09-09T22:35:38Z,graded,0.5,0.0,0.05660377358490565,0.8928571428571429,0.8928571428571429
e55c6fe19fce094ce214c8b0e5b504e9,Trevor Lawrence,pass_yds,draftkings,235.5,-112.0,-112.0,245.0,2026_01_CLE_JAX,2026-09-09T22:35:14Z,graded,0.5,0.0,0.05660377358490565,0.8928571428571429,0.8928571428571429
cb77efed7e711d25a72c1a2a0a1af119,Jordan Love,pass_yds,draftkings,239.5,-112.0,-112.0,387.0,2026_01_GB_MIN,2026-09-09T22:35:37Z,graded,0.5,0.0,0.05660377358490565,0.8928571428571429,0.8928571428571429
acc580d74344ea3b31bbcdd057fe6a9c,Brock Purdy,pass_yds,draftkings,244.5,-112.0,-112.0,205.0,2026_01_SF_LA,2026-09-09T22:34:50Z,graded,0.5,0.0,0.05660377358490565,0.8928571428571429,0.8928571428571429
c1d3fcec25aaeb06ebd2244d33d338e0,Jared Goff,pass_yds,draftkings,262.5,-112.0,-112.0,206.0,2026_01_NO_DET,2026-09-09T22:34:52Z,graded,0.5,0.0,0.05660377358490565,0.8928571428571429,0.8928571428571429
ed6d24ff979f9c71979fead577b0b3f7,Joe Burrow,pass_yds,draftkings,266.5,-112.0,-112.0,254.0,2026_01_TB_CIN,2026-09-09T22:35:35Z,graded,0.5,0.0,0.05660377358490565,0.8928571428571429,0.8928571428571429
8c94552d022acec4a0458d70c19d3da9,Drake Maye,interceptions,draftkings,0.5,-113.0,-113.0,3.0,2026_01_NE_SEA,2026-09-09T22:35:35Z,graded,0.5,0.0,0.06103286384976525,0.8849557522123894,0.8849557522123894
8c94552d022acec4a0458d70c19d3da9,Jaxon Smith-Njigba,receptions,draftkings,6.5,-113.0,-113.0,8.0,2026_01_NE_SEA,2026-09-09T22:35:35Z,graded,0.5,0.0,0.06103286384976525,0.8849557522123894,0.8849557522123894
ed6d24ff979f9c71979fead577b0b3f7,Samaje Perine,recv_yds,fanduel,6.5,-113.0,-113.0,30.0,2026_01_TB_CIN,2026-09-09T22:35:37Z,graded,0.5,0.0,0.06103286384976525,0.8849557522123894,0.8849557522123894
8c94552d022acec4a0458d70c19d3da9,Jadarian Price,recv_yds,fanduel,7.5,-113.0,-113.0,6.0,2026_01_NE_SEA,2026-09-09T22:35:38Z,graded,0.5,0.0,0.06103286384976525,0.8849557522123894,0.8849557522123894
8c94552d022acec4a0458d70c19d3da9,Mack Hollins,recv_yds,fanduel,8.5,-113.0,-113.0,51.0,2026_01_NE_SEA,2026-09-09T22:35:38Z,graded,0.5,0.0,0.06103286384976525,0.8849557522123894,0.8849557522123894
ed6d24ff979f9c71979fead577b0b3f7,Joe Burrow,rush_yds,fanduel,8.5,-113.0,-113.0,20.0,2026_01_TB_CIN,2026-09-09T22:35:37Z,graded,0.5,0.0,0.06103286384976525,0.8849557522123894,0.8849557522123894
8c94552d022acec4a0458d70c19d3da9,Elijah Arroyo,recv_yds,fanduel,9.5,-113.0,-113.0,,2026_01_NE_SEA,2026-09-09T22:35:38Z,no matching game/player result,0.5,0.0,0.06103286384976525,0.8849557522123894,0.8849557522123894
8c94552d022acec4a0458d70c19d3da9,George Holani,recv_yds,fanduel,10.5,-113.0,-113.0,0.0,2026_01_NE_SEA,2026-09-09T22:35:38Z,graded,0.5,0.0,0.06103286384976525,0.8849557522123894,0.8849557522123894
ed6d24ff979f9c71979fead577b0b3f7,Bucky Irving,recv_yds,fanduel,13.5,-113.0,-113.0,48.0,2026_01_TB_CIN,2026-09-09T22:35:37Z,graded,0.5,0.0,0.06103286384976525,0.8849557522123894,0.8849557522123894
8c94552d022acec4a0458d70c19d3da9,Rhamondre Stevenson,rush_attempts,draftkings,15.5,-113.0,-113.0,18.0,2026_01_NE_SEA,2026-09-09T22:35:35Z,graded,0.5,0.0,0.06103286384976525,0.8849557522123894,0.8849557522123894
ed6d24ff979f9c71979fead577b0b3f7,Baker Mayfield,rush_yds,fanduel,15.5,-113.0,-113.0,30.0,2026_01_TB_CIN,2026-09-09T22:35:37Z,graded,0.5,0.0,0.06103286384976525,0.8849557522123894,0.8849557522123894
8c94552d022acec4a0458d70c19d3da9,George Holani,rush_yds,fanduel,19.5,-113.0,-113.0,29.0,2026_01_NE_SEA,2026-09-09T22:35:38Z,graded,0.5,0.0,0.06103286384976525,0.8849557522123894,0.8849557522123894
ed6d24ff979f9c71979fead577b0b3f7,Samaje Perine,rush_yds,fanduel,19.5,-113.0,-113.0,20.0,2026_01_TB_CIN,2026-09-09T22:35:37Z,graded,0.5,0.0,0.06103286384976525,0.8849557522123894,0.8849557522123894
8c94552d022acec4a0458d70c19d3da9,DeMario Douglas,recv_yds,fanduel,20.5,-113.0,-113.0,20.0,2026_01_NE_SEA,2026-09-09T22:35:38Z,graded,0.5,0.0,0.06103286384976525,0.8849557522123894,0.8849557522123894
cb77efed7e711d25a72c1a2a0a1af119,Jordan Love,pass_completions,draftkings,20.5,-113.0,-113.0,21.0,2026_01_GB_MIN,2026-09-09T22:35:37Z,graded,0.5,0.0,0.06103286384976525,0.8849557522123894,0.8849557522123894
ed6d24ff979f9c71979fead577b0b3f7,Kenny Gainwell,recv_yds,fanduel,20.5,-113.0,-113.0,3.0,2026_01_TB_CIN,2026-09-09T22:35:37Z,graded,0.5,0.0,0.06103286384976525,0.8849557522123894,0.8849557522123894
ed6d24ff979f9c71979fead577b0b3f7,Mike Gesicki,recv_yds,fanduel,20.5,-113.0,-113.0,78.0,2026_01_TB_CIN,2026-09-09T22:35:37Z,graded,0.5,0.0,0.06103286384976525,0.8849557522123894,0.8849557522123894
ed6d24ff979f9c71979fead577b0b3f7,Kenny Gainwell,rush_yds,fanduel,21.5,-113.0,-113.0,15.0,2026_01_TB_CIN,2026-09-09T22:35:37Z,graded,0.5,0.0,0.06103286384976525,0.8849557522123894,0.8849557522123894
8c94552d022acec4a0458d70c19d3da9,Rhamondre Stevenson,recv_yds,fanduel,23.5,-113.0,-113.0,44.0,2026_01_NE_SEA,2026-09-09T22:35:38Z,graded,0.5,0.0,0.06103286384976525,0.8849557522123894,0.8849557522123894
ed6d24ff979f9c71979fead577b0b3f7,Chase Brown,recv_yds,fanduel,23.5,-113.0,-113.0,22.0,2026_01_TB_CIN,2026-09-09T22:35:37Z,graded,0.5,0.0,0.06103286384976525,0.8849557522123894,0.8849557522123894
8c94552d022acec4a0458d70c19d3da9,AJ Barner,recv_yds,fanduel,24.5,-113.0,-113.0,13.0,2026_01_NE_SEA,2026-09-09T22:35:38Z,graded,0.5,0.0,0.06103286384976525,0.8849557522123894,0.8849557522123894
ed6d24ff979f9c71979fead577b0b3f7,Joe Burrow,pass_completions,draftkings,24.5,-113.0,-113.0,25.0,2026_01_TB_CIN,2026-09-09T22:35:35Z,graded,0.5,0.0,0.06103286384976525,0.8849557522123894,0.8849557522123894
8c94552d022acec4a0458d70c19d3da9,Drake Maye,rush_yds,fanduel,25.5,-113.0,-113.0,47.0,2026_01_NE_SEA,2026-09-09T22:35:38Z,graded,0.5,0.0,0.06103286384976525,0.8849557522123894,0.8849557522123894
ed6d24ff979f9c71979fead577b0b3f7,Cade Otton,recv_yds,fanduel,28.5,-113.0,-113.0,26.0,2026_01_TB_CIN,2026-09-09T22:35:37Z,graded,0.5,0.0,0.06103286384976525,0.8849557522123894,0.8849557522123894
17885cb8dcade8f6c3bce14b2de805e8,Jayden Daniels,pass_attempts,draftkings,29.5,-113.0,-113.0,34.0,2026_01_WAS_PHI,2026-09-09T22:33:41Z,graded,0.5,0.0,0.06103286384976525,0.8849557522123894,0.8849557522123894
8c94552d022acec4a0458d70c19d3da9,Cooper Kupp,recv_yds,fanduel,29.5,-113.0,-113.0,35.0,2026_01_NE_SEA,2026-09-09T22:35:38Z,graded,0.5,0.0,0.06103286384976525,0.8849557522123894,0.8849557522123894
7e09efed7e12c659b82740b67ce2f9a1,Josh Allen,pass_attempts,draftkings,30.5,-113.0,-113.0,29.0,2026_01_BUF_HOU,2026-09-09T22:35:20Z,graded,0.5,0.0,0.06103286384976525,0.8849557522123894,0.8849557522123894
8c94552d022acec4a0458d70c19d3da9,Rashid Shaheed,recv_yds,fanduel,31.5,-113.0,-113.0,4.0,2026_01_NE_SEA,2026-09-09T22:35:38Z,graded,0.5,0.0,0.06103286384976525,0.8849557522123894,0.8849557522123894
8c94552d022acec4a0458d70c19d3da9,Hunter Henry,recv_yds,fanduel,33.5,-113.0,-113.0,26.0,2026_01_NE_SEA,2026-09-09T22:35:38Z,graded,0.5,0.0,0.06103286384976525,0.8849557522123894,0.8849557522123894
5ad8135dc2b5f27de0b777acd317855a,Bo Nix,pass_attempts,draftkings,34.5,-113.0,-113.0,28.0,2026_01_DEN_KC,2026-09-09T22:35:38Z,graded,0.5,0.0,0.06103286384976525,0.8849557522123894,0.8849557522123894
ed6d24ff979f9c71979fead577b0b3f7,Jalen McMillan,recv_yds,fanduel,34.5,-113.0,-113.0,,2026_01_TB_CIN,2026-09-09T22:35:37Z,no matching game/player result,0.5,0.0,0.06103286384976525,0.8849557522123894,0.8849557522123894
8c94552d022acec4a0458d70c19d3da9,Romeo Doubs,recv_yds,fanduel,35.5,-113.0,-113.0,0.0,2026_01_NE_SEA,2026-09-09T22:35:38Z,graded,0.5,0.0,0.06103286384976525,0.8849557522123894,0.8849557522123894
ed6d24ff979f9c71979fead577b0b3f7,Chris Godwin,recv_yds,fanduel,40.5,-113.0,-113.0,40.0,2026_01_TB_CIN,2026-09-09T22:35:37Z,graded,0.5,0.0,0.06103286384976525,0.8849557522123894,0.8849557522123894
ed6d24ff979f9c71979fead577b0b3f7,Emeka Egbuka,recv_yds,fanduel,52.5,-113.0,-113.0,63.0,2026_01_TB_CIN,2026-09-09T22:35:37Z,graded,0.5,0.0,0.06103286384976525,0.8849557522123894,0.8849557522123894
8c94552d022acec4a0458d70c19d3da9,Jadarian Price,rush_yds,fanduel,54.5,-113.0,-113.0,52.0,2026_01_NE_SEA,2026-09-09T22:35:38Z,graded,0.5,0.0,0.06103286384976525,0.8849557522123894,0.8849557522123894
8c94552d022acec4a0458d70c19d3da9,Rhamondre Stevenson,rush_yds,fanduel,57.5,-113.0,-113.0,51.0,2026_01_NE_SEA,2026-09-09T22:35:38Z,graded,0.5,0.0,0.06103286384976525,0.8849557522123894,0.8849557522123894
ed6d24ff979f9c71979fead577b0b3f7,Chase Brown,rush_yds,fanduel,57.5,-113.0,-113.0,56.0,2026_01_TB_CIN,2026-09-09T22:35:37Z,graded,0.5,0.0,0.06103286384976525,0.8849557522123894,0.8849557522123894
ed6d24ff979f9c71979fead577b0b3f7,Bucky Irving,rush_yds,fanduel,58.5,-113.0,-113.0,45.0,2026_01_TB_CIN,2026-09-09T22:35:37Z,graded,0.5,0.0,0.06103286384976525,0.8849557522123894,0.8849557522123894
ed6d24ff979f9c71979fead577b0b3f7,Tee Higgins,recv_yds,fanduel,60.5,-113.0,-113.0,59.0,2026_01_TB_CIN,2026-09-09T22:35:37Z,graded,0.5,0.0,0.06103286384976525,0.8849557522123894,0.8849557522123894
8c94552d022acec4a0458d70c19d3da9,A.J. Brown,recv_yds,fanduel,64.5,-113.0,-113.0,26.0,2026_01_NE_SEA,2026-09-09T22:35:38Z,graded,0.5,0.0,0.06103286384976525,0.8849557522123894,0.8849557522123894
8c94552d022acec4a0458d70c19d3da9,Jaxon Smith-Njigba,recv_yds,fanduel,81.5,-113.0,-113.0,122.0,2026_01_NE_SEA,2026-09-09T22:35:38Z,graded,0.5,0.0,0.06103286384976525,0.8849557522123894,0.8849557522123894
ed6d24ff979f9c71979fead577b0b3f7,Ja'Marr Chase,recv_yds,fanduel,85.5,-113.0,-113.0,12.0,2026_01_TB_CIN,2026-09-09T22:35:37Z,graded,0.5,0.0,0.06103286384976525,0.8849557522123894,0.8849557522123894
8c94552d022acec4a0458d70c19d3da9,Sam Darnold,pass_yds,fanduel,228.5,-113.0,-113.0,13.0,2026_01_NE_SEA,2026-09-09T22:35:38Z,graded,0.5,0.0,0.06103286384976525,0.8849557522123894,0.8849557522123894
8c94552d022acec4a0458d70c19d3da9,Drake Maye,pass_yds,fanduel,232.5,-113.0,-113.0,178.0,2026_01_NE_SEA,2026-09-09T22:35:38Z,graded,0.5,0.0,0.06103286384976525,0.8849557522123894,0.8849557522123894
ed6d24ff979f9c71979fead577b0b3f7,Baker Mayfield,pass_yds,fanduel,232.5,-113.0,-113.0,216.0,2026_01_TB_CIN,2026-09-09T22:35:37Z,graded,0.5,0.0,0.06103286384976525,0.8849557522123894,0.8849557522123894
ed6d24ff979f9c71979fead577b0b3f7,Joe Burrow,pass_yds,fanduel,267.5,-113.0,-113.0,254.0,2026_01_TB_CIN,2026-09-09T22:35:37Z,graded,0.5,0.0,0.06103286384976525,0.8849557522123894,0.8849557522123894
95c01d1bb797d6df14824b106c5a9130,Aaron Rodgers,rush_yds,fanduel,0.5,-114.0,-114.0,-3.0,2026_01_ATL_PIT,2026-09-09T22:35:14Z,graded,0.5,0.0,0.06542056074766345,0.8771929824561403,0.8771929824561403
7e09efed7e12c659b82740b67ce2f9a1,Dawson Knox,receptions,fanduel,1.5,-114.0,-114.0,1.0,2026_01_BUF_HOU,2026-09-09T22:35:15Z,graded,0.5,0.0,0.06542056074766345,0.8771929824561403,0.8771929824561403
95c01d1bb797d6df14824b106c5a9130,Tua Tagovailoa,rush_yds,fanduel,1.5,-114.0,-114.0,,2026_01_ATL_PIT,2026-09-09T22:35:14Z,no matching game/player result,0.5,0.0,0.06542056074766345,0.8771929824561403,0.8771929824561403
5ad8135dc2b5f27de0b777acd317855a,RJ Harvey,receptions,fanduel,2.5,-114.0,-114.0,4.0,2026_01_DEN_KC,2026-09-09T22:35:38Z,graded,0.5,0.0,0.06542056074766345,0.8771929824561403,0.8771929824561403
7dddb296a42e7a41a774b24bd1709ce1,Breece Hall,receptions,fanduel,2.5,-114.0,-114.0,2.0,2026_01_NYJ_TEN,2026-09-09T22:35:39Z,graded,0.5,0.0,0.06542056074766345,0.8771929824561403,0.8771929824561403
7dddb296a42e7a41a774b24bd1709ce1,Gunnar Helm,receptions,fanduel,2.5,-114.0,-114.0,4.0,2026_01_NYJ_TEN,2026-09-09T22:35:39Z,graded,0.5,0.0,0.06542056074766345,0.8771929824561403,0.8771929824561403
95c01d1bb797d6df14824b106c5a9130,Jaylen Warren,receptions,fanduel,2.5,-114.0,-114.0,5.0,2026_01_ATL_PIT,2026-09-09T22:35:14Z,graded,0.5,0.0,0.06542056074766345,0.8771929824561403,0.8771929824561403
c5d95f48a16849ab6bebc68fbbfcb74a,Greg Dulcich,receptions,fanduel,2.5,-114.0,-114.0,2.0,2026_01_MIA_LV,2026-09-09T22:35:17Z,graded,0.5,0.0,0.06542056074766345,0.8771929824561403,0.8771929824561403
5ad8135dc2b5f27de0b777acd317855a,J.K. Dobbins,recv_yds,fanduel,3.5,-114.0,-114.0,0.0,2026_01_DEN_KC,2026-09-09T22:35:38Z,graded,0.5,0.0,0.06542056074766345,0.8771929824561403,0.8771929824561403
e55c6fe19fce094ce214c8b0e5b504e9,Jakobi Meyers,receptions,fanduel,3.5,-114.0,-114.0,2.0,2026_01_CLE_JAX,2026-09-09T22:35:42Z,graded,0.5,0.0,0.06542056074766345,0.8771929824561403,0.8771929824561403
5ad8135dc2b5f27de0b777acd317855a,Jaylen Waddle,receptions,fanduel,4.5,-114.0,-114.0,1.0,2026_01_DEN_KC,2026-09-09T22:35:38Z,graded,0.5,0.0,0.06542056074766345,0.8771929824561403,0.8771929824561403
c5d95f48a16849ab6bebc68fbbfcb74a,Michael Mayer,receptions,fanduel,4.5,-114.0,-114.0,6.0,2026_01_MIA_LV,2026-09-09T22:35:17Z,graded,0.5,0.0,0.06542056074766345,0.8771929824561403,0.8771929824561403
fc362aff0d889ec52d358307a70c32ed,Colston Loveland,receptions,fanduel,4.5,-114.0,-114.0,0.0,2026_01_CHI_CAR,2026-09-09T22:35:22Z,graded,0.5,0.0,0.06542056074766345,0.8771929824561403,0.8771929824561403
fc362aff0d889ec52d358307a70c32ed,Tetairoa McMillan,receptions,fanduel,4.5,-114.0,-114.0,5.0,2026_01_CHI_CAR,2026-09-09T22:35:22Z,graded,0.5,0.0,0.06542056074766345,0.8771929824561403,0.8771929824561403
5ad8135dc2b5f27de0b777acd317855a,Rashee Rice,receptions,betonlineag,5.5,-114.0,-114.0,2.0,2026_01_DEN_KC,2026-09-09T22:34:52Z,graded,0.5,0.0,0.06542056074766345,0.8771929824561403,0.8771929824561403
7dddb296a42e7a41a774b24bd1709ce1,Garrett Wilson,receptions,fanduel,5.5,-114.0,-114.0,6.0,2026_01_NYJ_TEN,2026-09-09T22:35:39Z,graded,0.5,0.0,0.06542056074766345,0.8771929824561403,0.8771929824561403
7dddb296a42e7a41a774b24bd1709ce1,Geno Smith,rush_yds,fanduel,5.5,-114.0,-114.0,7.0,2026_01_NYJ_TEN,2026-09-09T22:35:39Z,graded,0.5,0.0,0.06542056074766345,0.8771929824561403,0.8771929824561403
acc580d74344ea3b31bbcdd057fe6a9c,Kyle Juszczyk,recv_yds,fanduel,5.5,-114.0,-114.0,,2026_01_SF_LA,2026-09-09T22:35:37Z,no matching game/player result,0.5,0.0,0.06542056074766345,0.8771929824561403,0.8771929824561403
7dddb296a42e7a41a774b24bd1709ce1,Geno Smith,rush_yds,betonlineag,6.5,-114.0,-114.0,7.0,2026_01_NYJ_TEN,2026-09-09T22:34:56Z,graded,0.5,0.0,0.06542056074766345,0.8771929824561403,0.8771929824561403
b6cfdcbafa61ce220ba87dc2d9b80c77,Derrick Henry,recv_yds,fanduel,6.5,-114.0,-114.0,19.0,2026_01_BAL_IND,2026-09-09T22:35:37Z,graded,0.5,0.0,0.06542056074766345,0.8771929824561403,0.8771929824561403
c1d3fcec25aaeb06ebd2244d33d338e0,Amon-Ra St. Brown,receptions,betonlineag,6.5,-114.0,-114.0,10.0,2026_01_NO_DET,2026-09-09T22:35:16Z,graded,0.5,0.0,0.06542056074766345,0.8771929824561403,0.8771929824561403
c1d3fcec25aaeb06ebd2244d33d338e0,Amon-Ra St. Brown,receptions,fanduel,6.5,-114.0,-114.0,10.0,2026_01_NO_DET,2026-09-09T22:35:40Z,graded,0.5,0.0,0.06542056074766345,0.8771929824561403,0.8771929824561403
3e646c7479c57f5d9752d8c7dfe7059b,Dak Prescott,rush_yds,betonlineag,7.5,-114.0,-114.0,14.0,2026_01_DAL_NYG,2026-09-09T22:35:13Z,graded,0.5,0.0,0.06542056074766345,0.8771929824561403,0.8771929824561403
3e646c7479c57f5d9752d8c7dfe7059b,Dak Prescott,rush_yds,fanduel,7.5,-114.0,-114.0,14.0,2026_01_DAL_NYG,2026-09-09T22:35:15Z,graded,0.5,0.0,0.06542056074766345,0.8771929824561403,0.8771929824561403
5ad8135dc2b5f27de0b777acd317855a,Adam Trautman,recv_yds,fanduel,8.5,-114.0,-114.0,10.0,2026_01_DEN_KC,2026-09-09T22:35:38Z,graded,0.5,0.0,0.06542056074766345,0.8771929824561403,0.8771929824561403
7dddb296a42e7a41a774b24bd1709ce1,Cam Ward,rush_yds,fanduel,8.5,-114.0,-114.0,21.0,2026_01_NYJ_TEN,2026-09-09T22:35:39Z,graded,0.5,0.0,0.06542056074766345,0.8771929824561403,0.8771929824561403
7e09efed7e12c659b82740b67ce2f9a1,David Montgomery,recv_yds,fanduel,8.5,-114.0,-114.0,19.0,2026_01_BUF_HOU,2026-09-09T22:35:15Z,graded,0.5,0.0,0.06542056074766345,0.8771929824561403,0.8771929824561403
b6cfdcbafa61ce220ba87dc2d9b80c77,Justice Hill,rush_yds,fanduel,8.5,-114.0,-114.0,18.0,2026_01_BAL_IND,2026-09-09T22:35:37Z,graded,0.5,0.0,0.06542056074766345,0.8771929824561403,0.8771929824561403
cb77efed7e711d25a72c1a2a0a1af119,Aaron Jones,rush_attempts,betonlineag,8.5,-114.0,-114.0,12.0,2026_01_GB_MIN,2026-09-09T22:35:17Z,graded,0.5,0.0,0.06542056074766345,0.8771929824561403,0.8771929824561403
3e646c7479c57f5d9752d8c7dfe7059b,Javonte Williams,recv_yds,fanduel,9.5,-114.0,-114.0,31.0,2026_01_DAL_NYG,2026-09-09T22:35:15Z,graded,0.5,0.0,0.06542056074766345,0.8771929824561403,0.8771929824561403
5ad8135dc2b5f27de0b777acd317855a,Noah Gray,recv_yds,fanduel,9.5,-114.0,-114.0,5.0,2026_01_DEN_KC,2026-09-09T22:35:38Z,graded,0.5,0.0,0.06542056074766345,0.8771929824561403,0.8771929824561403
7dddb296a42e7a41a774b24bd1709ce1,Tony Pollard,recv_yds,fanduel,9.5,-114.0,-114.0,-1.0,2026_01_NYJ_TEN,2026-09-09T22:35:39Z,graded,0.5,0.0,0.06542056074766345,0.8771929824561403,0.8771929824561403
7e09efed7e12c659b82740b67ce2f9a1,Woody Marks,recv_yds,fanduel,9.5,-114.0,-114.0,-2.0,2026_01_BUF_HOU,2026-09-09T22:35:15Z,graded,0.5,0.0,0.06542056074766345,0.8771929824561403,0.8771929824561403
e55c6fe19fce094ce214c8b0e5b504e9,Quinshon Judkins,recv_yds,fanduel,9.5,-114.0,-114.0,17.0,2026_01_CLE_JAX,2026-09-09T22:35:42Z,graded,0.5,0.0,0.06542056074766345,0.8771929824561403,0.8771929824561403
1edfa5ceaa1ad2cb57df1c1b908731f6,Jacoby Brissett,rush_yds,fanduel,10.5,-114.0,-114.0,14.0,2026_01_ARI_LAC,2026-09-09T22:35:40Z,graded,0.5,0.0,0.06542056074766345,0.8771929824561403,0.8771929824561403
3e646c7479c57f5d9752d8c7dfe7059b,Odell Beckham,recv_yds,fanduel,10.5,-114.0,-114.0,,2026_01_DAL_NYG,2026-09-09T22:35:15Z,no matching game/player result,0.5,0.0,0.06542056074766345,0.8771929824561403,0.8771929824561403
7e09efed7e12c659b82740b67ce2f9a1,C.J. Stroud,rush_yds,fanduel,10.5,-114.0,-114.0,15.0,2026_01_BUF_HOU,2026-09-09T22:35:15Z,graded,0.5,0.0,0.06542056074766345,0.8771929824561403,0.8771929824561403
8c94552d022acec4a0458d70c19d3da9,Elijah Arroyo,recv_yds,betonlineag,10.5,-114.0,-114.0,,2026_01_NE_SEA,2026-09-09T22:34:52Z,no matching game/player result,0.5,0.0,0.06542056074766345,0.8771929824561403,0.8771929824561403
8c94552d022acec4a0458d70c19d3da9,George Holani,recv_yds,betonlineag,10.5,-114.0,-114.0,0.0,2026_01_NE_SEA,2026-09-09T22:34:52Z,graded,0.5,0.0,0.06542056074766345,0.8771929824561403,0.8771929824561403
95c01d1bb797d6df14824b106c5a9130,Rico Dowdle,recv_yds,fanduel,10.5,-114.0,-114.0,6.0,2026_01_ATL_PIT,2026-09-09T22:35:14Z,graded,0.5,0.0,0.06542056074766345,0.8771929824561403,0.8771929824561403
acc580d74344ea3b31bbcdd057fe6a9c,Kyren Williams,recv_yds,betonlineag,10.5,-114.0,-114.0,24.0,2026_01_SF_LA,2026-09-09T22:35:41Z,graded,0.5,0.0,0.06542056074766345,0.8771929824561403,0.8771929824561403
acc580d74344ea3b31bbcdd057fe6a9c,Kyren Williams,recv_yds,fanduel,10.5,-114.0,-114.0,24.0,2026_01_SF_LA,2026-09-09T22:35:37Z,graded,0.5,0.0,0.06542056074766345,0.8771929824561403,0.8771929824561403
b6cfdcbafa61ce220ba87dc2d9b80c77,Justice Hill,recv_yds,betonlineag,10.5,-114.0,-114.0,10.0,2026_01_BAL_IND,2026-09-09T22:35:14Z,graded,0.5,0.0,0.06542056074766345,0.8771929824561403,0.8771929824561403
cb77efed7e711d25a72c1a2a0a1af119,Jordan Love,rush_yds,betonlineag,10.5,-114.0,-114.0,0.0,2026_01_GB_MIN,2026-09-09T22:35:17Z,graded,0.5,0.0,0.06542056074766345,0.8771929824561403,0.8771929824561403
cb77efed7e711d25a72c1a2a0a1af119,Jordan Love,rush_yds,fanduel,10.5,-114.0,-114.0,0.0,2026_01_GB_MIN,2026-09-09T22:35:38Z,graded,0.5,0.0,0.06542056074766345,0.8771929824561403,0.8771929824561403
cb77efed7e711d25a72c1a2a0a1af119,MarShawn Lloyd,recv_yds,fanduel,10.5,-114.0,-114.0,0.0,2026_01_GB_MIN,2026-09-09T22:35:38Z,graded,0.5,0.0,0.06542056074766345,0.8771929824561403,0.8771929824561403
3e646c7479c57f5d9752d8c7dfe7059b,Odell Beckham,recv_yds,betonlineag,11.5,-114.0,-114.0,,2026_01_DAL_NYG,2026-09-09T22:35:13Z,no matching game/player result,0.5,0.0,0.06542056074766345,0.8771929824561403,0.8771929824561403
95c01d1bb797d6df14824b106c5a9130,Rico Dowdle,rush_attempts,betonlineag,11.5,-114.0,-114.0,8.0,2026_01_ATL_PIT,2026-09-09T22:35:15Z,graded,0.5,0.0,0.06542056074766345,0.8771929824561403,0.8771929824561403
acc580d74344ea3b31bbcdd057fe6a9c,Demarcus Robinson,recv_yds,fanduel,11.5,-114.0,-114.0,50.0,2026_01_SF_LA,2026-09-09T22:35:37Z,graded,0.5,0.0,0.06542056074766345,0.8771929824561403,0.8771929824561403
b6cfdcbafa61ce220ba87dc2d9b80c77,Daniel Jones,rush_yds,fanduel,11.5,-114.0,-114.0,4.0,2026_01_BAL_IND,2026-09-09T22:35:37Z,graded,0.5,0.0,0.06542056074766345,0.8771929824561403,0.8771929824561403
b6cfdcbafa61ce220ba87dc2d9b80c77,Justice Hill,recv_yds,fanduel,11.5,-114.0,-114.0,10.0,2026_01_BAL_IND,2026-09-09T22:35:37Z,graded,0.5,0.0,0.06542056074766345,0.8771929824561403,0.8771929824561403
e55c6fe19fce094ce214c8b0e5b504e9,Bhayshul Tuten,recv_yds,betonlineag,11.5,-114.0,-114.0,22.0,2026_01_CLE_JAX,2026-09-09T22:34:34Z,graded,0.5,0.0,0.06542056074766345,0.8771929824561403,0.8771929824561403
e55c6fe19fce094ce214c8b0e5b504e9,Bhayshul Tuten,recv_yds,fanduel,11.5,-114.0,-114.0,22.0,2026_01_CLE_JAX,2026-09-09T22:35:42Z,graded,0.5,0.0,0.06542056074766345,0.8771929824561403,0.8771929824561403
1edfa5ceaa1ad2cb57df1c1b908731f6,Omarion Hampton,recv_yds,fanduel,12.5,-114.0,-114.0,0.0,2026_01_ARI_LAC,2026-09-09T22:35:40Z,graded,0.5,0.0,0.06542056074766345,0.8771929824561403,0.8771929824561403
b6cfdcbafa61ce220ba87dc2d9b80c77,Daniel Jones,rush_yds,betonlineag,12.5,-114.0,-114.0,4.0,2026_01_BAL_IND,2026-09-09T22:35:14Z,graded,0.5,0.0,0.06542056074766345,0.8771929824561403,0.8771929824561403
3e646c7479c57f5d9752d8c7dfe7059b,Malik Davis,rush_yds,fanduel,13.5,-114.0,-114.0,,2026_01_DAL_NYG,2026-09-09T22:35:15Z,no matching game/player result,0.5,0.0,0.06542056074766345,0.8771929824561403,0.8771929824561403
fc362aff0d889ec52d358307a70c32ed,Bryce Young,rush_yds,betonlineag,13.5,-114.0,-114.0,10.0,2026_01_CHI_CAR,2026-09-09T22:34:54Z,graded,0.5,0.0,0.06542056074766345,0.8771929824561403,0.8771929824561403
fc362aff0d889ec52d358307a70c32ed,Bryce Young,rush_yds,fanduel,13.5,-114.0,-114.0,10.0,2026_01_CHI_CAR,2026-09-09T22:35:22Z,graded,0.5,0.0,0.06542056074766345,0.8771929824561403,0.8771929824561403
17885cb8dcade8f6c3bce14b2de805e8,Rachaad White,recv_yds,fanduel,14.5,-114.0,-114.0,5.0,2026_01_WAS_PHI,2026-09-09T22:35:16Z,graded,0.5,0.0,0.06542056074766345,0.8771929824561403,0.8771929824561403
5ad8135dc2b5f27de0b777acd317855a,Patrick Mahomes,rush_yds,betonlineag,14.5,-114.0,-114.0,23.0,2026_01_DEN_KC,2026-09-09T22:34:52Z,graded,0.5,0.0,0.06542056074766345,0.8771929824561403,0.8771929824561403
7e09efed7e12c659b82740b67ce2f9a1,Dawson Knox,recv_yds,fanduel,14.5,-114.0,-114.0,7.0,2026_01_BUF_HOU,2026-09-09T22:35:15Z,graded,0.5,0.0,0.06542056074766345,0.8771929824561403,0.8771929824561403
acc580d74344ea3b31bbcdd057fe6a9c,Tyler Higbee,recv_yds,betonlineag,14.5,-114.0,-114.0,12.0,2026_01_SF_LA,2026-09-09T22:35:41Z,graded,0.5,0.0,0.06542056074766345,0.8771929824561403,0.8771929824561403
acc580d74344ea3b31bbcdd057fe6a9c,Tyler Higbee,recv_yds,fanduel,14.5,-114.0,-114.0,12.0,2026_01_SF_LA,2026-09-09T22:35:37Z,graded,0.5,0.0,0.06542056074766345,0.8771929824561403,0.8771929824561403
c1d3fcec25aaeb06ebd2244d33d338e0,Travis Etienne,recv_yds,fanduel,14.5,-114.0,-114.0,32.0,2026_01_NO_DET,2026-09-09T22:35:40Z,graded,0.5,0.0,0.06542056074766345,0.8771929824561403,0.8771929824561403
cb77efed7e711d25a72c1a2a0a1af119,Aaron Jones,recv_yds,fanduel,14.5,-114.0,-114.0,0.0,2026_01_GB_MIN,2026-09-09T22:35:38Z,graded,0.5,0.0,0.06542056074766345,0.8771929824561403,0.8771929824561403
fc362aff0d889ec52d358307a70c32ed,Cole Kmet,recv_yds,fanduel,14.5,-114.0,-114.0,35.0,2026_01_CHI_CAR,2026-09-09T22:35:22Z,graded,0.5,0.0,0.06542056074766345,0.8771929824561403,0.8771929824561403
17885cb8dcade8f6c3bce14b2de805e8,Saquon Barkley,recv_yds,fanduel,15.5,-114.0,-114.0,-3.0,2026_01_WAS_PHI,2026-09-09T22:35:16Z,graded,0.5,0.0,0.06542056074766345,0.8771929824561403,0.8771929824561403
1edfa5ceaa1ad2cb57df1c1b908731f6,Jeremiyah Love,recv_yds,fanduel,15.5,-114.0,-114.0,9.0,2026_01_ARI_LAC,2026-09-09T22:35:40Z,graded,0.5,0.0,0.06542056074766345,0.8771929824561403,0.8771929824561403
3e646c7479c57f5d9752d8c7dfe7059b,Cam Skattebo,recv_yds,betonlineag,15.5,-114.0,-114.0,0.0,2026_01_DAL_NYG,2026-09-09T22:35:13Z,graded,0.5,0.0,0.06542056074766345,0.8771929824561403,0.8771929824561403
3e646c7479c57f5d9752d8c7dfe7059b,Cam Skattebo,recv_yds,fanduel,15.5,-114.0,-114.0,0.0,2026_01_DAL_NYG,2026-09-09T22:35:15Z,graded,0.5,0.0,0.06542056074766345,0.8771929824561403,0.8771929824561403
5ad8135dc2b5f27de0b777acd317855a,Bo Nix,rush_yds,betonlineag,15.5,-114.0,-114.0,2.0,2026_01_DEN_KC,2026-09-09T22:34:52Z,graded,0.5,0.0,0.06542056074766345,0.8771929824561403,0.8771929824561403
5ad8135dc2b5f27de0b777acd317855a,Bo Nix,rush_yds,fanduel,15.5,-114.0,-114.0,2.0,2026_01_DEN_KC,2026-09-09T22:35:38Z,graded,0.5,0.0,0.06542056074766345,0.8771929824561403,0.8771929824561403
5ad8135dc2b5f27de0b777acd317855a,Kenneth Walker,recv_yds,fanduel,15.5,-114.0,-114.0,18.0,2026_01_DEN_KC,2026-09-09T22:35:38Z,graded,0.5,0.0,0.06542056074766345,0.8771929824561403,0.8771929824561403
5ad8135dc2b5f27de0b777acd317855a,Patrick Mahomes,rush_yds,fanduel,15.5,-114.0,-114.0,23.0,2026_01_DEN_KC,2026-09-09T22:35:38Z,graded,0.5,0.0,0.06542056074766345,0.8771929824561403,0.8771929824561403
8c94552d022acec4a0458d70c19d3da9,Rhamondre Stevenson,rush_attempts,betonlineag,15.5,-114.0,-114.0,18.0,2026_01_NE_SEA,2026-09-09T22:34:52Z,graded,0.5,0.0,0.06542056074766345,0.8771929824561403,0.8771929824561403
95c01d1bb797d6df14824b106c5a9130,Jaylen Warren,recv_yds,fanduel,15.5,-114.0,-114.0,27.0,2026_01_ATL_PIT,2026-09-09T22:35:14Z,graded,0.5,0.0,0.06542056074766345,0.8771929824561403,0.8771929824561403
fc362aff0d889ec52d358307a70c32ed,Tommy Tremble,recv_yds,fanduel,15.5,-114.0,-114.0,25.0,2026_01_CHI_CAR,2026-09-09T22:35:22Z,graded,0.5,0.0,0.06542056074766345,0.8771929824561403,0.8771929824561403
5ad8135dc2b5f27de0b777acd317855a,RJ Harvey,recv_yds,fanduel,16.5,-114.0,-114.0,23.0,2026_01_DEN_KC,2026-09-09T22:35:38Z,graded,0.5,0.0,0.06542056074766345,0.8771929824561403,0.8771929824561403
7dddb296a42e7a41a774b24bd1709ce1,Tyjae Spears,recv_yds,fanduel,16.5,-114.0,-114.0,12.0,2026_01_NYJ_TEN,2026-09-09T22:35:39Z,graded,0.5,0.0,0.06542056074766345,0.8771929824561403,0.8771929824561403
7e09efed7e12c659b82740b67ce2f9a1,James Cook,recv_yds,fanduel,16.5,-114.0,-114.0,12.0,2026_01_BUF_HOU,2026-09-09T22:35:15Z,graded,0.5,0.0,0.06542056074766345,0.8771929824561403,0.8771929824561403
7e09efed7e12c659b82740b67ce2f9a1,Jaylin Noel,recv_yds,betonlineag,16.5,-114.0,-114.0,53.0,2026_01_BUF_HOU,2026-09-09T22:34:56Z,graded,0.5,0.0,0.06542056074766345,0.8771929824561403,0.8771929824561403
7e09efed7e12c659b82740b67ce2f9a1,Jaylin Noel,recv_yds,fanduel,16.5,-114.0,-114.0,53.0,2026_01_BUF_HOU,2026-09-09T22:35:15Z,graded,0.5,0.0,0.06542056074766345,0.8771929824561403,0.8771929824561403
95c01d1bb797d6df14824b106c5a9130,Darnell Washington,recv_yds,fanduel,16.5,-114.0,-114.0,18.0,2026_01_ATL_PIT,2026-09-09T22:35:14Z,graded,0.5,0.0,0.06542056074766345,0.8771929824561403,0.8771929824561403
c1d3fcec25aaeb06ebd2244d33d338e0,Tyler Shough,rush_yds,fanduel,16.5,-114.0,-114.0,8.0,2026_01_NO_DET,2026-09-09T22:35:40Z,graded,0.5,0.0,0.06542056074766345,0.8771929824561403,0.8771929824561403
e55c6fe19fce094ce214c8b0e5b504e9,Trevor Lawrence,rush_yds,betonlineag,16.5,-114.0,-114.0,3.0,2026_01_CLE_JAX,2026-09-09T22:34:34Z,graded,0.5,0.0,0.06542056074766345,0.8771929824561403,0.8771929824561403
e55c6fe19fce094ce214c8b0e5b504e9,Trevor Lawrence,rush_yds,fanduel,16.5,-114.0,-114.0,3.0,2026_01_CLE_JAX,2026-09-09T22:35:42Z,graded,0.5,0.0,0.06542056074766345,0.8771929824561403,0.8771929824561403
17885cb8dcade8f6c3bce14b2de805e8,Jayden Daniels,pass_completions,betonlineag,17.5,-114.0,-114.0,18.0,2026_01_WAS_PHI,2026-09-09T22:34:52Z,graded,0.5,0.0,0.06542056074766345,0.8771929824561403,0.8771929824561403
1edfa5ceaa1ad2cb57df1c1b908731f6,Charlie Kolar,recv_yds,fanduel,17.5,-114.0,-114.0,,2026_01_ARI_LAC,2026-09-09T22:35:40Z,no offensive usage evidence,0.5,0.0,0.06542056074766345,0.8771929824561403,0.8771929824561403
5ad8135dc2b5f27de0b777acd317855a,Kenneth Walker,recv_yds,betonlineag,17.5,-114.0,-114.0,18.0,2026_01_DEN_KC,2026-09-09T22:34:52Z,graded,0.5,0.0,0.06542056074766345,0.8771929824561403,0.8771929824561403
7dddb296a42e7a41a774b24bd1709ce1,Braelon Allen,rush_yds,fanduel,17.5,-114.0,-114.0,40.0,2026_01_NYJ_TEN,2026-09-09T22:35:39Z,graded,0.5,0.0,0.06542056074766345,0.8771929824561403,0.8771929824561403
acc580d74344ea3b31bbcdd057fe6a9c,Brock Purdy,rush_yds,fanduel,17.5,-114.0,-114.0,29.0,2026_01_SF_LA,2026-09-09T22:35:37Z,graded,0.5,0.0,0.06542056074766345,0.8771929824561403,0.8771929824561403
c1d3fcec25aaeb06ebd2244d33d338e0,Isaac TeSlaa,recv_yds,betonlineag,17.5,-114.0,-114.0,0.0,2026_01_NO_DET,2026-09-09T22:35:16Z,graded,0.5,0.0,0.06542056074766345,0.8771929824561403,0.8771929824561403
c1d3fcec25aaeb06ebd2244d33d338e0,Isaac TeSlaa,recv_yds,fanduel,17.5,-114.0,-114.0,0.0,2026_01_NO_DET,2026-09-09T22:35:40Z,graded,0.5,0.0,0.06542056074766345,0.8771929824561403,0.8771929824561403
c5d95f48a16849ab6bebc68fbbfcb74a,Ashton Jeanty,recv_yds,fanduel,17.5,-114.0,-114.0,45.0,2026_01_MIA_LV,2026-09-09T22:35:17Z,graded,0.5,0.0,0.06542056074766345,0.8771929824561403,0.8771929824561403
1edfa5ceaa1ad2cb57df1c1b908731f6,Kendrick Bourne,recv_yds,betonlineag,18.5,-114.0,-114.0,75.0,2026_01_ARI_LAC,2026-09-09T22:35:12Z,graded,0.5,0.0,0.06542056074766345,0.8771929824561403,0.8771929824561403
1edfa5ceaa1ad2cb57df1c1b908731f6,Kendrick Bourne,recv_yds,fanduel,18.5,-114.0,-114.0,75.0,2026_01_ARI_LAC,2026-09-09T22:35:40Z,graded,0.5,0.0,0.06542056074766345,0.8771929824561403,0.8771929824561403
5ad8135dc2b5f27de0b777acd317855a,RJ Harvey,rush_yds,fanduel,18.5,-114.0,-114.0,18.0,2026_01_DEN_KC,2026-09-09T22:35:38Z,graded,0.5,0.0,0.06542056074766345,0.8771929824561403,0.8771929824561403
7dddb296a42e7a41a774b24bd1709ce1,Tyjae Spears,recv_yds,betonlineag,18.5,-114.0,-114.0,12.0,2026_01_NYJ_TEN,2026-09-09T22:34:56Z,graded,0.5,0.0,0.06542056074766345,0.8771929824561403,0.8771929824561403
95c01d1bb797d6df14824b106c5a9130,Jahan Dotson,recv_yds,betonlineag,18.5,-114.0,-114.0,19.0,2026_01_ATL_PIT,2026-09-09T22:35:15Z,graded,0.5,0.0,0.06542056074766345,0.8771929824561403,0.8771929824561403
95c01d1bb797d6df14824b106c5a9130,Jahan Dotson,recv_yds,fanduel,18.5,-114.0,-114.0,19.0,2026_01_ATL_PIT,2026-09-09T22:35:14Z,graded,0.5,0.0,0.06542056074766345,0.8771929824561403,0.8771929824561403
acc580d74344ea3b31bbcdd057fe6a9c,Brock Purdy,rush_yds,betonlineag,18.5,-114.0,-114.0,29.0,2026_01_SF_LA,2026-09-09T22:35:41Z,graded,0.5,0.0,0.06542056074766345,0.8771929824561403,0.8771929824561403
b6cfdcbafa61ce220ba87dc2d9b80c77,Jonathan Taylor,recv_yds,fanduel,18.5,-114.0,-114.0,23.0,2026_01_BAL_IND,2026-09-09T22:35:37Z,graded,0.5,0.0,0.06542056074766345,0.8771929824561403,0.8771929824561403
c5d95f48a16849ab6bebc68fbbfcb74a,Jack Bech,recv_yds,fanduel,18.5,-114.0,-114.0,23.0,2026_01_MIA_LV,2026-09-09T22:35:17Z,graded,0.5,0.0,0.06542056074766345,0.8771929824561403,0.8771929824561403
e55c6fe19fce094ce214c8b0e5b504e9,Deshaun Watson,pass_completions,betonlineag,18.5,-114.0,-114.0,16.0,2026_01_CLE_JAX,2026-09-09T22:34:34Z,graded,0.5,0.0,0.06542056074766345,0.8771929824561403,0.8771929824561403
fc362aff0d889ec52d358307a70c32ed,Xavier Legette,recv_yds,betonlineag,18.5,-114.0,-114.0,0.0,2026_01_CHI_CAR,2026-09-09T22:34:54Z,graded,0.5,0.0,0.06542056074766345,0.8771929824561403,0.8771929824561403
fc362aff0d889ec52d358307a70c32ed,Xavier Legette,recv_yds,fanduel,18.5,-114.0,-114.0,0.0,2026_01_CHI_CAR,2026-09-09T22:35:22Z,graded,0.5,0.0,0.06542056074766345,0.8771929824561403,0.8771929824561403
5ad8135dc2b5f27de0b777acd317855a,Tyquan Thornton,recv_yds,fanduel,19.5,-114.0,-114.0,0.0,2026_01_DEN_KC,2026-09-09T22:35:38Z,graded,0.5,0.0,0.06542056074766345,0.8771929824561403,0.8771929824561403
7dddb296a42e7a41a774b24bd1709ce1,Cam Ward,pass_completions,betonlineag,19.5,-114.0,-114.0,19.0,2026_01_NYJ_TEN,2026-09-09T22:34:56Z,graded,0.5,0.0,0.06542056074766345,0.8771929824561403,0.8771929824561403
7e09efed7e12c659b82740b67ce2f9a1,Xavier Hutchinson,recv_yds,betonlineag,19.5,-114.0,-114.0,32.0,2026_01_BUF_HOU,2026-09-09T22:34:56Z,graded,0.5,0.0,0.06542056074766345,0.8771929824561403,0.8771929824561403
7e09efed7e12c659b82740b67ce2f9a1,Xavier Hutchinson,recv_yds,fanduel,19.5,-114.0,-114.0,32.0,2026_01_BUF_HOU,2026-09-09T22:35:15Z,graded,0.5,0.0,0.06542056074766345,0.8771929824561403,0.8771929824561403
8c94552d022acec4a0458d70c19d3da9,George Holani,rush_yds,betonlineag,19.5,-114.0,-114.0,29.0,2026_01_NE_SEA,2026-09-09T22:34:52Z,graded,0.5,0.0,0.06542056074766345,0.8771929824561403,0.8771929824561403
acc580d74344ea3b31bbcdd057fe6a9c,Colby Parkinson,recv_yds,betonlineag,19.5,-114.0,-114.0,6.0,2026_01_SF_LA,2026-09-09T22:35:41Z,graded,0.5,0.0,0.06542056074766345,0.8771929824561403,0.8771929824561403
e55c6fe19fce094ce214c8b0e5b504e9,Deshaun Watson,rush_yds,fanduel,19.5,-114.0,-114.0,38.0,2026_01_CLE_JAX,2026-09-09T22:35:42Z,graded,0.5,0.0,0.06542056074766345,0.8771929824561403,0.8771929824561403
ed6d24ff979f9c71979fead577b0b3f7,Samaje Perine,rush_yds,betonlineag,19.5,-114.0,-114.0,20.0,2026_01_TB_CIN,2026-09-09T22:34:50Z,graded,0.5,0.0,0.06542056074766345,0.8771929824561403,0.8771929824561403
fc362aff0d889ec52d358307a70c32ed,Caleb Williams,rush_yds,betonlineag,19.5,-114.0,-114.0,65.0,2026_01_CHI_CAR,2026-09-09T22:34:54Z,graded,0.5,0.0,0.06542056074766345,0.8771929824561403,0.8771929824561403
fc362aff0d889ec52d358307a70c32ed,Caleb Williams,rush_yds,fanduel,19.5,-114.0,-114.0,65.0,2026_01_CHI_CAR,2026-09-09T22:35:22Z,graded,0.5,0.0,0.06542056074766345,0.8771929824561403,0.8771929824561403
7dddb296a42e7a41a774b24bd1709ce1,Breece Hall,recv_yds,fanduel,20.5,-114.0,-114.0,16.0,2026_01_NYJ_TEN,2026-09-09T22:35:39Z,graded,0.5,0.0,0.06542056074766345,0.8771929824561403,0.8771929824561403
7dddb296a42e7a41a774b24bd1709ce1,Mason Taylor,recv_yds,fanduel,20.5,-114.0,-114.0,-2.0,2026_01_NYJ_TEN,2026-09-09T22:35:39Z,graded,0.5,0.0,0.06542056074766345,0.8771929824561403,0.8771929824561403
8c94552d022acec4a0458d70c19d3da9,Sam Darnold,pass_completions,betonlineag,20.5,-114.0,-114.0,1.0,2026_01_NE_SEA,2026-09-09T22:34:52Z,graded,0.5,0.0,0.06542056074766345,0.8771929824561403,0.8771929824561403
ed6d24ff979f9c71979fead577b0b3f7,Mike Gesicki,recv_yds,betonlineag,20.5,-114.0,-114.0,78.0,2026_01_TB_CIN,2026-09-09T22:34:50Z,graded,0.5,0.0,0.06542056074766345,0.8771929824561403,0.8771929824561403
1edfa5ceaa1ad2cb57df1c1b908731f6,Justin Herbert,rush_yds,fanduel,21.5,-114.0,-114.0,29.0,2026_01_ARI_LAC,2026-09-09T22:35:40Z,graded,0.5,0.0,0.06542056074766345,0.8771929824561403,0.8771929824561403
3e646c7479c57f5d9752d8c7dfe7059b,Malachi Fields,recv_yds,fanduel,21.5,-114.0,-114.0,25.0,2026_01_DAL_NYG,2026-09-09T22:35:15Z,graded,0.5,0.0,0.06542056074766345,0.8771929824561403,0.8771929824561403
acc580d74344ea3b31bbcdd057fe6a9c,Colby Parkinson,recv_yds,fanduel,21.5,-114.0,-114.0,6.0,2026_01_SF_LA,2026-09-09T22:35:37Z,graded,0.5,0.0,0.06542056074766345,0.8771929824561403,0.8771929824561403
ed6d24ff979f9c71979fead577b0b3f7,Kenny Gainwell,rush_yds,betonlineag,21.5,-114.0,-114.0,15.0,2026_01_TB_CIN,2026-09-09T22:34:50Z,graded,0.5,0.0,0.06542056074766345,0.8771929824561403,0.8771929824561403
5ad8135dc2b5f27de0b777acd317855a,Evan Engram,recv_yds,fanduel,22.5,-114.0,-114.0,43.0,2026_01_DEN_KC,2026-09-09T22:35:38Z,graded,0.5,0.0,0.06542056074766345,0.8771929824561403,0.8771929824561403
7dddb296a42e7a41a774b24bd1709ce1,Gunnar Helm,recv_yds,fanduel,22.5,-114.0,-114.0,28.0,2026_01_NYJ_TEN,2026-09-09T22:35:39Z,graded,0.5,0.0,0.06542056074766345,0.8771929824561403,0.8771929824561403
7dddb296a42e7a41a774b24bd1709ce1,Tyjae Spears,rush_yds,fanduel,22.5,-114.0,-114.0,12.0,2026_01_NYJ_TEN,2026-09-09T22:35:39Z,graded,0.5,0.0,0.06542056074766345,0.8771929824561403,0.8771929824561403
cb77efed7e711d25a72c1a2a0a1af119,Jauan Jennings,recv_yds,fanduel,22.5,-114.0,-114.0,0.0,2026_01_GB_MIN,2026-09-09T22:35:38Z,graded,0.5,0.0,0.06542056074766345,0.8771929824561403,0.8771929824561403
cb77efed7e711d25a72c1a2a0a1af119,Kyler Murray,rush_yds,betonlineag,22.5,-114.0,-114.0,9.0,2026_01_GB_MIN,2026-09-09T22:35:17Z,graded,0.5,0.0,0.06542056074766345,0.8771929824561403,0.8771929824561403
cb77efed7e711d25a72c1a2a0a1af119,Kyler Murray,rush_yds,fanduel,22.5,-114.0,-114.0,9.0,2026_01_GB_MIN,2026-09-09T22:35:38Z,graded,0.5,0.0,0.06542056074766345,0.8771929824561403,0.8771929824561403
5ad8135dc2b5f27de0b777acd317855a,Pat Bryant,recv_yds,fanduel,23.5,-114.0,-114.0,42.0,2026_01_DEN_KC,2026-09-09T22:35:38Z,graded,0.5,0.0,0.06542056074766345,0.8771929824561403,0.8771929824561403
7dddb296a42e7a41a774b24bd1709ce1,Tyjae Spears,rush_yds,betonlineag,23.5,-114.0,-114.0,12.0,2026_01_NYJ_TEN,2026-09-09T22:34:56Z,graded,0.5,0.0,0.06542056074766345,0.8771929824561403,0.8771929824561403
95c01d1bb797d6df14824b106c5a9130,Brian Robinson,rush_yds,betonlineag,23.5,-114.0,-114.0,31.0,2026_01_ATL_PIT,2026-09-09T22:35:15Z,graded,0.5,0.0,0.06542056074766345,0.8771929824561403,0.8771929824561403
95c01d1bb797d6df14824b106c5a9130,Brian Robinson,rush_yds,fanduel,23.5,-114.0,-114.0,31.0,2026_01_ATL_PIT,2026-09-09T22:35:14Z,graded,0.5,0.0,0.06542056074766345,0.8771929824561403,0.8771929824561403
acc580d74344ea3b31bbcdd057fe6a9c,Matthew Stafford,pass_completions,betonlineag,23.5,-114.0,-114.0,15.0,2026_01_SF_LA,2026-09-09T22:35:41Z,graded,0.5,0.0,0.06542056074766345,0.8771929824561403,0.8771929824561403
ed6d24ff979f9c71979fead577b0b3f7,Chase Brown,recv_yds,betonlineag,23.5,-114.0,-114.0,22.0,2026_01_TB_CIN,2026-09-09T22:34:50Z,graded,0.5,0.0,0.06542056074766345,0.8771929824561403,0.8771929824561403
17885cb8dcade8f6c3bce14b2de805e8,Makai Lemon,recv_yds,fanduel,24.5,-114.0,-114.0,-5.0,2026_01_WAS_PHI,2026-09-09T22:35:16Z,graded,0.5,0.0,0.06542056074766345,0.8771929824561403,0.8771929824561403
17885cb8dcade8f6c3bce14b2de805e8,Rachaad White,rush_yds,fanduel,24.5,-114.0,-114.0,22.0,2026_01_WAS_PHI,2026-09-09T22:35:16Z,graded,0.5,0.0,0.06542056074766345,0.8771929824561403,0.8771929824561403
7e09efed7e12c659b82740b67ce2f9a1,Kayshon Boutte,recv_yds,fanduel,24.5,-114.0,-114.0,21.0,2026_01_BUF_HOU,2026-09-09T22:35:15Z,graded,0.5,0.0,0.06542056074766345,0.8771929824561403,0.8771929824561403
acc580d74344ea3b31bbcdd057fe6a9c,Terrance Ferguson,recv_yds,betonlineag,24.5,-114.0,-114.0,0.0,2026_01_SF_LA,2026-09-09T22:35:41Z,graded,0.5,0.0,0.06542056074766345,0.8771929824561403,0.8771929824561403
acc580d74344ea3b31bbcdd057fe6a9c,Terrance Ferguson,recv_yds,fanduel,24.5,-114.0,-114.0,0.0,2026_01_SF_LA,2026-09-09T22:35:37Z,graded,0.5,0.0,0.06542056074766345,0.8771929824561403,0.8771929824561403
ed6d24ff979f9c71979fead577b0b3f7,Joe Burrow,pass_completions,betonlineag,24.5,-114.0,-114.0,25.0,2026_01_TB_CIN,2026-09-09T22:34:50Z,graded,0.5,0.0,0.06542056074766345,0.8771929824561403,0.8771929824561403
17885cb8dcade8f6c3bce14b2de805e8,Chig Okonkwo,recv_yds,betonlineag,25.5,-114.0,-114.0,16.0,2026_01_WAS_PHI,2026-09-09T22:34:52Z,graded,0.5,0.0,0.06542056074766345,0.8771929824561403,0.8771929824561403
17885cb8dcade8f6c3bce14b2de805e8,Chig Okonkwo,recv_yds,fanduel,25.5,-114.0,-114.0,16.0,2026_01_WAS_PHI,2026-09-09T22:35:16Z,graded,0.5,0.0,0.06542056074766345,0.8771929824561403,0.8771929824561403
8c94552d022acec4a0458d70c19d3da9,Rhamondre Stevenson,recv_yds,betonlineag,25.5,-114.0,-114.0,44.0,2026_01_NE_SEA,2026-09-09T22:34:52Z,graded,0.5,0.0,0.06542056074766345,0.8771929824561403,0.8771929824561403
95c01d1bb797d6df14824b106c5a9130,Pat Freiermuth,recv_yds,fanduel,25.5,-114.0,-114.0,46.0,2026_01_ATL_PIT,2026-09-09T22:35:14Z,graded,0.5,0.0,0.06542056074766345,0.8771929824561403,0.8771929824561403
b6cfdcbafa61ce220ba87dc2d9b80c77,Rashod Bateman,recv_yds,fanduel,25.5,-114.0,-114.0,0.0,2026_01_BAL_IND,2026-09-09T22:35:37Z,graded,0.5,0.0,0.06542056074766345,0.8771929824561403,0.8771929824561403
c5d95f48a16849ab6bebc68fbbfcb74a,Caleb Douglas,recv_yds,fanduel,25.5,-114.0,-114.0,94.0,2026_01_MIA_LV,2026-09-09T22:35:17Z,graded,0.5,0.0,0.06542056074766345,0.8771929824561403,0.8771929824561403
e55c6fe19fce094ce214c8b0e5b504e9,Denzel Boston,recv_yds,fanduel,25.5,-114.0,-114.0,59.0,2026_01_CLE_JAX,2026-09-09T22:35:42Z,graded,0.5,0.0,0.06542056074766345,0.8771929824561403,0.8771929824561403
1edfa5ceaa1ad2cb57df1c1b908731f6,Tre Harris,recv_yds,betonlineag,26.5,-114.0,-114.0,20.0,2026_01_ARI_LAC,2026-09-09T22:35:12Z,graded,0.5,0.0,0.06542056074766345,0.8771929824561403,0.8771929824561403
1edfa5ceaa1ad2cb57df1c1b908731f6,Tre Harris,recv_yds,fanduel,26.5,-114.0,-114.0,20.0,2026_01_ARI_LAC,2026-09-09T22:35:40Z,graded,0.5,0.0,0.06542056074766345,0.8771929824561403,0.8771929824561403
8c94552d022acec4a0458d70c19d3da9,AJ Barner,recv_yds,betonlineag,26.5,-114.0,-114.0,13.0,2026_01_NE_SEA,2026-09-09T22:34:52Z,graded,0.5,0.0,0.06542056074766345,0.8771929824561403,0.8771929824561403
b6cfdcbafa61ce220ba87dc2d9b80c77,Rashod Bateman,recv_yds,betonlineag,26.5,-114.0,-114.0,0.0,2026_01_BAL_IND,2026-09-09T22:35:14Z,graded,0.5,0.0,0.06542056074766345,0.8771929824561403,0.8771929824561403
c5d95f48a16849ab6bebc68fbbfcb74a,Greg Dulcich,recv_yds,fanduel,26.5,-114.0,-114.0,18.0,2026_01_MIA_LV,2026-09-09T22:35:17Z,graded,0.5,0.0,0.06542056074766345,0.8771929824561403,0.8771929824561403
7dddb296a42e7a41a774b24bd1709ce1,Calvin Ridley,recv_yds,betonlineag,27.5,-114.0,-114.0,,2026_01_NYJ_TEN,2026-09-09T22:34:56Z,no matching game/player result,0.5,0.0,0.06542056074766345,0.8771929824561403,0.8771929824561403
7dddb296a42e7a41a774b24bd1709ce1,Calvin Ridley,recv_yds,fanduel,27.5,-114.0,-114.0,,2026_01_NYJ_TEN,2026-09-09T22:35:39Z,no matching game/player result,0.5,0.0,0.06542056074766345,0.8771929824561403,0.8771929824561403
c5d95f48a16849ab6bebc68fbbfcb74a,Caleb Douglas,recv_yds,betonlineag,27.5,-114.0,-114.0,94.0,2026_01_MIA_LV,2026-09-09T22:35:35Z,graded,0.5,0.0,0.06542056074766345,0.8771929824561403,0.8771929824561403
c5d95f48a16849ab6bebc68fbbfcb74a,De'Von Achane,recv_yds,fanduel,27.5,-114.0,-114.0,30.0,2026_01_MIA_LV,2026-09-09T22:35:17Z,graded,0.5,0.0,0.06542056074766345,0.8771929824561403,0.8771929824561403
c5d95f48a16849ab6bebc68fbbfcb74a,Malik Washington,recv_yds,fanduel,27.5,-114.0,-114.0,53.0,2026_01_MIA_LV,2026-09-09T22:35:17Z,graded,0.5,0.0,0.06542056074766345,0.8771929824561403,0.8771929824561403
cb77efed7e711d25a72c1a2a0a1af119,T.J. Hockenson,recv_yds,fanduel,27.5,-114.0,-114.0,36.0,2026_01_GB_MIN,2026-09-09T22:35:38Z,graded,0.5,0.0,0.06542056074766345,0.8771929824561403,0.8771929824561403
17885cb8dcade8f6c3bce14b2de805e8,Dontayvion Wicks,recv_yds,fanduel,28.5,-114.0,-114.0,73.0,2026_01_WAS_PHI,2026-09-09T22:35:16Z,graded,0.5,0.0,0.06542056074766345,0.8771929824561403,0.8771929824561403
17885cb8dcade8f6c3bce14b2de805e8,Jalen Hurts,rush_yds,fanduel,28.5,-114.0,-114.0,46.0,2026_01_WAS_PHI,2026-09-09T22:35:16Z,graded,0.5,0.0,0.06542056074766345,0.8771929824561403,0.8771929824561403
1edfa5ceaa1ad2cb57df1c1b908731f6,Tyler Allgeier,rush_yds,betonlineag,28.5,-114.0,-114.0,61.0,2026_01_ARI_LAC,2026-09-09T22:35:12Z,graded,0.5,0.0,0.06542056074766345,0.8771929824561403,0.8771929824561403
1edfa5ceaa1ad2cb57df1c1b908731f6,Tyler Allgeier,rush_yds,fanduel,28.5,-114.0,-114.0,61.0,2026_01_ARI_LAC,2026-09-09T22:35:40Z,graded,0.5,0.0,0.06542056074766345,0.8771929824561403,0.8771929824561403
3e646c7479c57f5d9752d8c7dfe7059b,Jake Ferguson,recv_yds,fanduel,28.5,-114.0,-114.0,6.0,2026_01_DAL_NYG,2026-09-09T22:35:15Z,graded,0.5,0.0,0.06542056074766345,0.8771929824561403,0.8771929824561403
3e646c7479c57f5d9752d8c7dfe7059b,Jaxson Dart,rush_yds,fanduel,28.5,-114.0,-114.0,54.0,2026_01_DAL_NYG,2026-09-09T22:35:15Z,graded,0.5,0.0,0.06542056074766345,0.8771929824561403,0.8771929824561403
ed6d24ff979f9c71979fead577b0b3f7,Cade Otton,recv_yds,betonlineag,28.5,-114.0,-114.0,26.0,2026_01_TB_CIN,2026-09-09T22:34:50Z,graded,0.5,0.0,0.06542056074766345,0.8771929824561403,0.8771929824561403
17885cb8dcade8f6c3bce14b2de805e8,Dontayvion Wicks,recv_yds,betonlineag,29.5,-114.0,-114.0,73.0,2026_01_WAS_PHI,2026-09-09T22:34:52Z,graded,0.5,0.0,0.06542056074766345,0.8771929824561403,0.8771929824561403
1edfa5ceaa1ad2cb57df1c1b908731f6,Justin Herbert,pass_attempts,betonlineag,29.5,-114.0,-114.0,27.0,2026_01_ARI_LAC,2026-09-09T22:35:12Z,graded,0.5,0.0,0.06542056074766345,0.8771929824561403,0.8771929824561403
7e09efed7e12c659b82740b67ce2f9a1,Woody Marks,rush_yds,fanduel,29.5,-114.0,-114.0,42.0,2026_01_BUF_HOU,2026-09-09T22:35:15Z,graded,0.5,0.0,0.06542056074766345,0.8771929824561403,0.8771929824561403
acc580d74344ea3b31bbcdd057fe6a9c,Deebo Samuel,recv_yds,fanduel,29.5,-114.0,-114.0,48.0,2026_01_SF_LA,2026-09-09T22:35:37Z,graded,0.5,0.0,0.06542056074766345,0.8771929824561403,0.8771929824561403
cb77efed7e711d25a72c1a2a0a1af119,Aaron Jones,rush_yds,betonlineag,29.5,-114.0,-114.0,40.0,2026_01_GB_MIN,2026-09-09T22:35:17Z,graded,0.5,0.0,0.06542056074766345,0.8771929824561403,0.8771929824561403
cb77efed7e711d25a72c1a2a0a1af119,Aaron Jones,rush_yds,fanduel,29.5,-114.0,-114.0,40.0,2026_01_GB_MIN,2026-09-09T22:35:38Z,graded,0.5,0.0,0.06542056074766345,0.8771929824561403,0.8771929824561403
e55c6fe19fce094ce214c8b0e5b504e9,Deshaun Watson,pass_attempts,betonlineag,29.5,-114.0,-114.0,22.0,2026_01_CLE_JAX,2026-09-09T22:34:34Z,graded,0.5,0.0,0.06542056074766345,0.8771929824561403,0.8771929824561403
17885cb8dcade8f6c3bce14b2de805e8,Jayden Daniels,pass_attempts,betonlineag,30.5,-114.0,-114.0,34.0,2026_01_WAS_PHI,2026-09-09T22:34:52Z,graded,0.5,0.0,0.06542056074766345,0.8771929824561403,0.8771929824561403
7e09efed7e12c659b82740b67ce2f9a1,Josh Allen,rush_yds,betonlineag,30.5,-114.0,-114.0,23.0,2026_01_BUF_HOU,2026-09-09T22:34:56Z,graded,0.5,0.0,0.06542056074766345,0.8771929824561403,0.8771929824561403
7e09efed7e12c659b82740b67ce2f9a1,Josh Allen,rush_yds,fanduel,30.5,-114.0,-114.0,23.0,2026_01_BUF_HOU,2026-09-09T22:35:15Z,graded,0.5,0.0,0.06542056074766345,0.8771929824561403,0.8771929824561403
8c94552d022acec4a0458d70c19d3da9,Sam Darnold,pass_attempts,betonlineag,30.5,-114.0,-114.0,2.0,2026_01_NE_SEA,2026-09-09T22:34:52Z,graded,0.5,0.0,0.06542056074766345,0.8771929824561403,0.8771929824561403
acc580d74344ea3b31bbcdd057fe6a9c,Deebo Samuel,recv_yds,betonlineag,30.5,-114.0,-114.0,48.0,2026_01_SF_LA,2026-09-09T22:35:41Z,graded,0.5,0.0,0.06542056074766345,0.8771929824561403,0.8771929824561403
c1d3fcec25aaeb06ebd2244d33d338e0,Jahmyr Gibbs,recv_yds,betonlineag,30.5,-114.0,-114.0,30.0,2026_01_NO_DET,2026-09-09T22:35:16Z,graded,0.5,0.0,0.06542056074766345,0.8771929824561403,0.8771929824561403
c1d3fcec25aaeb06ebd2244d33d338e0,Jahmyr Gibbs,recv_yds,fanduel,30.5,-114.0,-114.0,30.0,2026_01_NO_DET,2026-09-09T22:35:40Z,graded,0.5,0.0,0.06542056074766345,0.8771929824561403,0.8771929824561403
e55c6fe19fce094ce214c8b0e5b504e9,Jerry Jeudy,recv_yds,betonlineag,30.5,-114.0,-114.0,26.0,2026_01_CLE_JAX,2026-09-09T22:34:34Z,graded,0.5,0.0,0.06542056074766345,0.8771929824561403,0.8771929824561403
7e09efed7e12c659b82740b67ce2f9a1,Woody Marks,rush_yds,betonlineag,31.5,-114.0,-114.0,42.0,2026_01_BUF_HOU,2026-09-09T22:34:56Z,graded,0.5,0.0,0.06542056074766345,0.8771929824561403,0.8771929824561403
e55c6fe19fce094ce214c8b0e5b504e9,Jerry Jeudy,recv_yds,fanduel,31.5,-114.0,-114.0,26.0,2026_01_CLE_JAX,2026-09-09T22:35:42Z,graded,0.5,0.0,0.06542056074766345,0.8771929824561403,0.8771929824561403
ed6d24ff979f9c71979fead577b0b3f7,Baker Mayfield,pass_attempts,betonlineag,31.5,-114.0,-114.0,28.0,2026_01_TB_CIN,2026-09-09T22:34:50Z,graded,0.5,0.0,0.06542056074766345,0.8771929824561403,0.8771929824561403
7dddb296a42e7a41a774b24bd1709ce1,Adonai Mitchell,recv_yds,fanduel,32.5,-114.0,-114.0,60.0,2026_01_NYJ_TEN,2026-09-09T22:35:39Z,graded,0.5,0.0,0.06542056074766345,0.8771929824561403,0.8771929824561403
7e09efed7e12c659b82740b67ce2f9a1,Dalton Schultz,recv_yds,betonlineag,32.5,-114.0,-114.0,35.0,2026_01_BUF_HOU,2026-09-09T22:34:56Z,graded,0.5,0.0,0.06542056074766345,0.8771929824561403,0.8771929824561403
7e09efed7e12c659b82740b67ce2f9a1,Dalton Schultz,recv_yds,fanduel,32.5,-114.0,-114.0,35.0,2026_01_BUF_HOU,2026-09-09T22:35:15Z,graded,0.5,0.0,0.06542056074766345,0.8771929824561403,0.8771929824561403
95c01d1bb797d6df14824b106c5a9130,Tua Tagovailoa,pass_attempts,betonlineag,32.5,-114.0,-114.0,,2026_01_ATL_PIT,2026-09-09T22:35:15Z,no matching game/player result,0.5,0.0,0.06542056074766345,0.8771929824561403,0.8771929824561403
c1d3fcec25aaeb06ebd2244d33d338e0,Jared Goff,pass_attempts,betonlineag,32.5,-114.0,-114.0,39.0,2026_01_NO_DET,2026-09-09T22:35:16Z,graded,0.5,0.0,0.06542056074766345,0.8771929824561403,0.8771929824561403
c1d3fcec25aaeb06ebd2244d33d338e0,Tyler Shough,pass_attempts,betonlineag,32.5,-114.0,-114.0,56.0,2026_01_NO_DET,2026-09-09T22:35:16Z,graded,0.5,0.0,0.06542056074766345,0.8771929824561403,0.8771929824561403
8c94552d022acec4a0458d70c19d3da9,Rashid Shaheed,recv_yds,betonlineag,33.5,-114.0,-114.0,4.0,2026_01_NE_SEA,2026-09-09T22:34:52Z,graded,0.5,0.0,0.06542056074766345,0.8771929824561403,0.8771929824561403
c5d95f48a16849ab6bebc68fbbfcb74a,Jalen Nailor,recv_yds,fanduel,33.5,-114.0,-114.0,27.0,2026_01_MIA_LV,2026-09-09T22:35:17Z,graded,0.5,0.0,0.06542056074766345,0.8771929824561403,0.8771929824561403
e55c6fe19fce094ce214c8b0e5b504e9,Chris Rodriguez,rush_yds,betonlineag,33.5,-114.0,-114.0,23.0,2026_01_CLE_JAX,2026-09-09T22:34:34Z,graded,0.5,0.0,0.06542056074766345,0.8771929824561403,0.8771929824561403
e55c6fe19fce094ce214c8b0e5b504e9,Chris Rodriguez,rush_yds,fanduel,33.5,-114.0,-114.0,23.0,2026_01_CLE_JAX,2026-09-09T22:35:42Z,graded,0.5,0.0,0.06542056074766345,0.8771929824561403,0.8771929824561403
e55c6fe19fce094ce214c8b0e5b504e9,KC Concepcion,recv_yds,fanduel,33.5,-114.0,-114.0,43.0,2026_01_CLE_JAX,2026-09-09T22:35:42Z,graded,0.5,0.0,0.06542056074766345,0.8771929824561403,0.8771929824561403
17885cb8dcade8f6c3bce14b2de805e8,Dallas Goedert,recv_yds,fanduel,34.5,-114.0,-114.0,77.0,2026_01_WAS_PHI,2026-09-09T22:35:16Z,graded,0.5,0.0,0.06542056074766345,0.8771929824561403,0.8771929824561403
3e646c7479c57f5d9752d8c7dfe7059b,Isaiah Likely,recv_yds,betonlineag,34.5,-114.0,-114.0,78.0,2026_01_DAL_NYG,2026-09-09T22:35:13Z,graded,0.5,0.0,0.06542056074766345,0.8771929824561403,0.8771929824561403
3e646c7479c57f5d9752d8c7dfe7059b,Isaiah Likely,recv_yds,fanduel,34.5,-114.0,-114.0,78.0,2026_01_DAL_NYG,2026-09-09T22:35:15Z,graded,0.5,0.0,0.06542056074766345,0.8771929824561403,0.8771929824561403
b6cfdcbafa61ce220ba87dc2d9b80c77,Mark Andrews,recv_yds,fanduel,34.5,-114.0,-114.0,49.0,2026_01_BAL_IND,2026-09-09T22:35:37Z,graded,0.5,0.0,0.06542056074766345,0.8771929824561403,0.8771929824561403
acc580d74344ea3b31bbcdd057fe6a9c,De'Zhaun Stribling,recv_yds,fanduel,35.5,-114.0,-114.0,,2026_01_SF_LA,2026-09-09T22:35:37Z,no matching game/player result,0.5,0.0,0.06542056074766345,0.8771929824561403,0.8771929824561403
acc580d74344ea3b31bbcdd057fe6a9c,George Kittle,recv_yds,fanduel,35.5,-114.0,-114.0,12.0,2026_01_SF_LA,2026-09-09T22:35:37Z,graded,0.5,0.0,0.06542056074766345,0.8771929824561403,0.8771929824561403
e55c6fe19fce094ce214c8b0e5b504e9,Brenton Strange,recv_yds,betonlineag,35.5,-114.0,-114.0,23.0,2026_01_CLE_JAX,2026-09-09T22:34:34Z,graded,0.5,0.0,0.06542056074766345,0.8771929824561403,0.8771929824561403
17885cb8dcade8f6c3bce14b2de805e8,Jayden Daniels,rush_yds,betonlineag,36.5,-114.0,-114.0,31.0,2026_01_WAS_PHI,2026-09-09T22:34:52Z,graded,0.5,0.0,0.06542056074766345,0.8771929824561403,0.8771929824561403
17885cb8dcade8f6c3bce14b2de805e8,Jayden Daniels,rush_yds,fanduel,36.5,-114.0,-114.0,31.0,2026_01_WAS_PHI,2026-09-09T22:35:16Z,graded,0.5,0.0,0.06542056074766345,0.8771929824561403,0.8771929824561403
7e09efed7e12c659b82740b67ce2f9a1,Khalil Shakir,recv_yds,betonlineag,36.5,-114.0,-114.0,50.0,2026_01_BUF_HOU,2026-09-09T22:34:56Z,graded,0.5,0.0,0.06542056074766345,0.8771929824561403,0.8771929824561403
7e09efed7e12c659b82740b67ce2f9a1,Khalil Shakir,recv_yds,fanduel,36.5,-114.0,-114.0,50.0,2026_01_BUF_HOU,2026-09-09T22:35:15Z,graded,0.5,0.0,0.06542056074766345,0.8771929824561403,0.8771929824561403
acc580d74344ea3b31bbcdd057fe6a9c,De'Zhaun Stribling,recv_yds,betonlineag,36.5,-114.0,-114.0,,2026_01_SF_LA,2026-09-09T22:35:41Z,no matching game/player result,0.5,0.0,0.06542056074766345,0.8771929824561403,0.8771929824561403
acc580d74344ea3b31bbcdd057fe6a9c,George Kittle,recv_yds,betonlineag,36.5,-114.0,-114.0,12.0,2026_01_SF_LA,2026-09-09T22:35:41Z,graded,0.5,0.0,0.06542056074766345,0.8771929824561403,0.8771929824561403
e55c6fe19fce094ce214c8b0e5b504e9,Brenton Strange,recv_yds,fanduel,36.5,-114.0,-114.0,23.0,2026_01_CLE_JAX,2026-09-09T22:35:42Z,graded,0.5,0.0,0.06542056074766345,0.8771929824561403,0.8771929824561403
e55c6fe19fce094ce214c8b0e5b504e9,Brian Thomas,recv_yds,fanduel,36.5,-114.0,-114.0,40.0,2026_01_CLE_JAX,2026-09-09T22:35:42Z,graded,0.5,0.0,0.06542056074766345,0.8771929824561403,0.8771929824561403
e55c6fe19fce094ce214c8b0e5b504e9,Harold Fannin,recv_yds,fanduel,36.5,-114.0,-114.0,21.0,2026_01_CLE_JAX,2026-09-09T22:35:42Z,graded,0.5,0.0,0.06542056074766345,0.8771929824561403,0.8771929824561403
e55c6fe19fce094ce214c8b0e5b504e9,Jakobi Meyers,recv_yds,betonlineag,36.5,-114.0,-114.0,40.0,2026_01_CLE_JAX,2026-09-09T22:34:34Z,graded,0.5,0.0,0.06542056074766345,0.8771929824561403,0.8771929824561403
7dddb296a42e7a41a774b24bd1709ce1,Carnell Tate,recv_yds,betonlineag,37.5,-114.0,-114.0,38.0,2026_01_NYJ_TEN,2026-09-09T22:34:56Z,graded,0.5,0.0,0.06542056074766345,0.8771929824561403,0.8771929824561403
7dddb296a42e7a41a774b24bd1709ce1,Carnell Tate,recv_yds,fanduel,37.5,-114.0,-114.0,38.0,2026_01_NYJ_TEN,2026-09-09T22:35:39Z,graded,0.5,0.0,0.06542056074766345,0.8771929824561403,0.8771929824561403
95c01d1bb797d6df14824b106c5a9130,Bijan Robinson,recv_yds,betonlineag,37.5,-114.0,-114.0,90.0,2026_01_ATL_PIT,2026-09-09T22:35:15Z,graded,0.5,0.0,0.06542056074766345,0.8771929824561403,0.8771929824561403
95c01d1bb797d6df14824b106c5a9130,Bijan Robinson,recv_yds,fanduel,37.5,-114.0,-114.0,90.0,2026_01_ATL_PIT,2026-09-09T22:35:14Z,graded,0.5,0.0,0.06542056074766345,0.8771929824561403,0.8771929824561403
c5d95f48a16849ab6bebc68fbbfcb74a,Michael Mayer,recv_yds,fanduel,37.5,-114.0,-114.0,32.0,2026_01_MIA_LV,2026-09-09T22:35:17Z,graded,0.5,0.0,0.06542056074766345,0.8771929824561403,0.8771929824561403
e55c6fe19fce094ce214c8b0e5b504e9,Jakobi Meyers,recv_yds,fanduel,37.5,-114.0,-114.0,40.0,2026_01_CLE_JAX,2026-09-09T22:35:42Z,graded,0.5,0.0,0.06542056074766345,0.8771929824561403,0.8771929824561403
5ad8135dc2b5f27de0b777acd317855a,Xavier Worthy,recv_yds,fanduel,38.5,-114.0,-114.0,18.0,2026_01_DEN_KC,2026-09-09T22:35:38Z,graded,0.5,0.0,0.06542056074766345,0.8771929824561403,0.8771929824561403
7e09efed7e12c659b82740b67ce2f9a1,Dalton Kincaid,recv_yds,fanduel,38.5,-114.0,-114.0,130.0,2026_01_BUF_HOU,2026-09-09T22:35:15Z,graded,0.5,0.0,0.06542056074766345,0.8771929824561403,0.8771929824561403
8c94552d022acec4a0458d70c19d3da9,Romeo Doubs,recv_yds,betonlineag,38.5,-114.0,-114.0,0.0,2026_01_NE_SEA,2026-09-09T22:34:52Z,graded,0.5,0.0,0.06542056074766345,0.8771929824561403,0.8771929824561403
95c01d1bb797d6df14824b106c5a9130,Michael Pittman,recv_yds,fanduel,38.5,-114.0,-114.0,58.0,2026_01_ATL_PIT,2026-09-09T22:35:14Z,graded,0.5,0.0,0.06542056074766345,0.8771929824561403,0.8771929824561403
acc580d74344ea3b31bbcdd057fe6a9c,Christian McCaffrey,recv_yds,fanduel,38.5,-114.0,-114.0,20.0,2026_01_SF_LA,2026-09-09T22:35:37Z,graded,0.5,0.0,0.06542056074766345,0.8771929824561403,0.8771929824561403
b6cfdcbafa61ce220ba87dc2d9b80c77,Lamar Jackson,rush_yds,fanduel,38.5,-114.0,-114.0,40.0,2026_01_BAL_IND,2026-09-09T22:35:37Z,graded,0.5,0.0,0.06542056074766345,0.8771929824561403,0.8771929824561403
e55c6fe19fce094ce214c8b0e5b504e9,Brian Thomas,recv_yds,betonlineag,38.5,-114.0,-114.0,40.0,2026_01_CLE_JAX,2026-09-09T22:34:34Z,graded,0.5,0.0,0.06542056074766345,0.8771929824561403,0.8771929824561403
1edfa5ceaa1ad2cb57df1c1b908731f6,Jeremiyah Love,rush_yds,fanduel,39.5,-114.0,-114.0,41.0,2026_01_ARI_LAC,2026-09-09T22:35:40Z,graded,0.5,0.0,0.06542056074766345,0.8771929824561403,0.8771929824561403
95c01d1bb797d6df14824b106c5a9130,Michael Pittman,recv_yds,betonlineag,39.5,-114.0,-114.0,58.0,2026_01_ATL_PIT,2026-09-09T22:35:15Z,graded,0.5,0.0,0.06542056074766345,0.8771929824561403,0.8771929824561403
c1d3fcec25aaeb06ebd2244d33d338e0,Devaughn Vele,recv_yds,fanduel,39.5,-114.0,-114.0,69.0,2026_01_NO_DET,2026-09-09T22:35:40Z,graded,0.5,0.0,0.06542056074766345,0.8771929824561403,0.8771929824561403
c5d95f48a16849ab6bebc68fbbfcb74a,Malik Willis,rush_yds,fanduel,39.5,-114.0,-114.0,39.0,2026_01_MIA_LV,2026-09-09T22:35:17Z,graded,0.5,0.0,0.06542056074766345,0.8771929824561403,0.8771929824561403
cb77efed7e711d25a72c1a2a0a1af119,Jayden Reed,recv_yds,fanduel,39.5,-114.0,-114.0,20.0,2026_01_GB_MIN,2026-09-09T22:35:38Z,graded,0.5,0.0,0.06542056074766345,0.8771929824561403,0.8771929824561403
cb77efed7e711d25a72c1a2a0a1af119,Matthew Golden,recv_yds,fanduel,39.5,-114.0,-114.0,95.0,2026_01_GB_MIN,2026-09-09T22:35:38Z,graded,0.5,0.0,0.06542056074766345,0.8771929824561403,0.8771929824561403
fc362aff0d889ec52d358307a70c32ed,Jalen Coker,recv_yds,betonlineag,39.5,-114.0,-114.0,138.0,2026_01_CHI_CAR,2026-09-09T22:34:54Z,graded,0.5,0.0,0.06542056074766345,0.8771929824561403,0.8771929824561403
fc362aff0d889ec52d358307a70c32ed,Jalen Coker,recv_yds,fanduel,39.5,-114.0,-114.0,138.0,2026_01_CHI_CAR,2026-09-09T22:35:22Z,graded,0.5,0.0,0.06542056074766345,0.8771929824561403,0.8771929824561403
17885cb8dcade8f6c3bce14b2de805e8,Jacory Croskey-Merritt,rush_yds,betonlineag,40.5,-114.0,-114.0,63.0,2026_01_WAS_PHI,2026-09-09T22:34:52Z,graded,0.5,0.0,0.06542056074766345,0.8771929824561403,0.8771929824561403
17885cb8dcade8f6c3bce14b2de805e8,Jacory Croskey-Merritt,rush_yds,fanduel,40.5,-114.0,-114.0,63.0,2026_01_WAS_PHI,2026-09-09T22:35:16Z,graded,0.5,0.0,0.06542056074766345,0.8771929824561403,0.8771929824561403
1edfa5ceaa1ad2cb57df1c1b908731f6,Michael Wilson,recv_yds,betonlineag,40.5,-114.0,-114.0,56.0,2026_01_ARI_LAC,2026-09-09T22:35:12Z,graded,0.5,0.0,0.06542056074766345,0.8771929824561403,0.8771929824561403
ed6d24ff979f9c71979fead577b0b3f7,Chris Godwin,recv_yds,betonlineag,40.5,-114.0,-114.0,40.0,2026_01_TB_CIN,2026-09-09T22:34:50Z,graded,0.5,0.0,0.06542056074766345,0.8771929824561403,0.8771929824561403
17885cb8dcade8f6c3bce14b2de805e8,Stefon Diggs,recv_yds,betonlineag,41.5,-114.0,-114.0,55.0,2026_01_WAS_PHI,2026-09-09T22:34:52Z,graded,0.5,0.0,0.06542056074766345,0.8771929824561403,0.8771929824561403
1edfa5ceaa1ad2cb57df1c1b908731f6,Michael Wilson,recv_yds,fanduel,41.5,-114.0,-114.0,56.0,2026_01_ARI_LAC,2026-09-09T22:35:40Z,graded,0.5,0.0,0.06542056074766345,0.8771929824561403,0.8771929824561403
5ad8135dc2b5f27de0b777acd317855a,Travis Kelce,recv_yds,betonlineag,41.5,-114.0,-114.0,71.0,2026_01_DEN_KC,2026-09-09T22:34:52Z,graded,0.5,0.0,0.06542056074766345,0.8771929824561403,0.8771929824561403
5ad8135dc2b5f27de0b777acd317855a,Travis Kelce,recv_yds,fanduel,41.5,-114.0,-114.0,71.0,2026_01_DEN_KC,2026-09-09T22:35:38Z,graded,0.5,0.0,0.06542056074766345,0.8771929824561403,0.8771929824561403
7dddb296a42e7a41a774b24bd1709ce1,Wan'Dale Robinson,recv_yds,fanduel,41.5,-114.0,-114.0,38.0,2026_01_NYJ_TEN,2026-09-09T22:35:39Z,graded,0.5,0.0,0.06542056074766345,0.8771929824561403,0.8771929824561403
c1d3fcec25aaeb06ebd2244d33d338e0,Sam LaPorta,recv_yds,fanduel,41.5,-114.0,-114.0,48.0,2026_01_NO_DET,2026-09-09T22:35:40Z,graded,0.5,0.0,0.06542056074766345,0.8771929824561403,0.8771929824561403
c5d95f48a16849ab6bebc68fbbfcb74a,Malik Willis,rush_yds,betonlineag,41.5,-114.0,-114.0,39.0,2026_01_MIA_LV,2026-09-09T22:35:35Z,graded,0.5,0.0,0.06542056074766345,0.8771929824561403,0.8771929824561403
c5d95f48a16849ab6bebc68fbbfcb74a,Michael Mayer,recv_yds,betonlineag,41.5,-114.0,-114.0,32.0,2026_01_MIA_LV,2026-09-09T22:35:35Z,graded,0.5,0.0,0.06542056074766345,0.8771929824561403,0.8771929824561403
17885cb8dcade8f6c3bce14b2de805e8,Stefon Diggs,recv_yds,fanduel,42.5,-114.0,-114.0,55.0,2026_01_WAS_PHI,2026-09-09T22:35:16Z,graded,0.5,0.0,0.06542056074766345,0.8771929824561403,0.8771929824561403
1edfa5ceaa1ad2cb57df1c1b908731f6,Quentin Johnston,recv_yds,betonlineag,42.5,-114.0,-114.0,17.0,2026_01_ARI_LAC,2026-09-09T22:35:12Z,graded,0.5,0.0,0.06542056074766345,0.8771929824561403,0.8771929824561403
1edfa5ceaa1ad2cb57df1c1b908731f6,Quentin Johnston,recv_yds,fanduel,42.5,-114.0,-114.0,17.0,2026_01_ARI_LAC,2026-09-09T22:35:40Z,graded,0.5,0.0,0.06542056074766345,0.8771929824561403,0.8771929824561403
5ad8135dc2b5f27de0b777acd317855a,Courtland Sutton,recv_yds,betonlineag,42.5,-114.0,-114.0,11.0,2026_01_DEN_KC,2026-09-09T22:34:52Z,graded,0.5,0.0,0.06542056074766345,0.8771929824561403,0.8771929824561403
5ad8135dc2b5f27de0b777acd317855a,Courtland Sutton,recv_yds,fanduel,42.5,-114.0,-114.0,11.0,2026_01_DEN_KC,2026-09-09T22:35:38Z,graded,0.5,0.0,0.06542056074766345,0.8771929824561403,0.8771929824561403
95c01d1bb797d6df14824b106c5a9130,Rico Dowdle,rush_yds,betonlineag,42.5,-114.0,-114.0,15.0,2026_01_ATL_PIT,2026-09-09T22:35:15Z,graded,0.5,0.0,0.06542056074766345,0.8771929824561403,0.8771929824561403
95c01d1bb797d6df14824b106c5a9130,Rico Dowdle,rush_yds,fanduel,42.5,-114.0,-114.0,15.0,2026_01_ATL_PIT,2026-09-09T22:35:14Z,graded,0.5,0.0,0.06542056074766345,0.8771929824561403,0.8771929824561403
c1d3fcec25aaeb06ebd2244d33d338e0,Juwan Johnson,recv_yds,fanduel,42.5,-114.0,-114.0,54.0,2026_01_NO_DET,2026-09-09T22:35:40Z,graded,0.5,0.0,0.06542056074766345,0.8771929824561403,0.8771929824561403
cb77efed7e711d25a72c1a2a0a1af119,Jordan Addison,recv_yds,fanduel,42.5,-114.0,-114.0,0.0,2026_01_GB_MIN,2026-09-09T22:35:38Z,graded,0.5,0.0,0.06542056074766345,0.8771929824561403,0.8771929824561403
95c01d1bb797d6df14824b106c5a9130,Jaylen Warren,rush_yds,betonlineag,43.5,-114.0,-114.0,46.0,2026_01_ATL_PIT,2026-09-09T22:35:15Z,graded,0.5,0.0,0.06542056074766345,0.8771929824561403,0.8771929824561403
95c01d1bb797d6df14824b106c5a9130,Jaylen Warren,rush_yds,fanduel,43.5,-114.0,-114.0,46.0,2026_01_ATL_PIT,2026-09-09T22:35:14Z,graded,0.5,0.0,0.06542056074766345,0.8771929824561403,0.8771929824561403
95c01d1bb797d6df14824b106c5a9130,Kyle Pitts,recv_yds,betonlineag,43.5,-114.0,-114.0,0.0,2026_01_ATL_PIT,2026-09-09T22:35:15Z,graded,0.5,0.0,0.06542056074766345,0.8771929824561403,0.8771929824561403
95c01d1bb797d6df14824b106c5a9130,Kyle Pitts,recv_yds,fanduel,43.5,-114.0,-114.0,0.0,2026_01_ATL_PIT,2026-09-09T22:35:14Z,graded,0.5,0.0,0.06542056074766345,0.8771929824561403,0.8771929824561403
cb77efed7e711d25a72c1a2a0a1af119,Jordan Mason,rush_yds,fanduel,43.5,-114.0,-114.0,59.0,2026_01_GB_MIN,2026-09-09T22:35:38Z,graded,0.5,0.0,0.06542056074766345,0.8771929824561403,0.8771929824561403
cb77efed7e711d25a72c1a2a0a1af119,MarShawn Lloyd,rush_yds,fanduel,43.5,-114.0,-114.0,37.0,2026_01_GB_MIN,2026-09-09T22:35:38Z,graded,0.5,0.0,0.06542056074766345,0.8771929824561403,0.8771929824561403
fc362aff0d889ec52d358307a70c32ed,Rome Odunze,recv_yds,betonlineag,43.5,-114.0,-114.0,52.0,2026_01_CHI_CAR,2026-09-09T22:34:54Z,graded,0.5,0.0,0.06542056074766345,0.8771929824561403,0.8771929824561403
fc362aff0d889ec52d358307a70c32ed,Rome Odunze,recv_yds,fanduel,43.5,-114.0,-114.0,52.0,2026_01_CHI_CAR,2026-09-09T22:35:22Z,graded,0.5,0.0,0.06542056074766345,0.8771929824561403,0.8771929824561403
acc580d74344ea3b31bbcdd057fe6a9c,Blake Corum,rush_yds,betonlineag,44.5,-114.0,-114.0,54.0,2026_01_SF_LA,2026-09-09T22:35:41Z,graded,0.5,0.0,0.06542056074766345,0.8771929824561403,0.8771929824561403
acc580d74344ea3b31bbcdd057fe6a9c,Blake Corum,rush_yds,fanduel,44.5,-114.0,-114.0,54.0,2026_01_SF_LA,2026-09-09T22:35:37Z,graded,0.5,0.0,0.06542056074766345,0.8771929824561403,0.8771929824561403
cb77efed7e711d25a72c1a2a0a1af119,MarShawn Lloyd,rush_yds,betonlineag,44.5,-114.0,-114.0,37.0,2026_01_GB_MIN,2026-09-09T22:35:17Z,graded,0.5,0.0,0.06542056074766345,0.8771929824561403,0.8771929824561403
b6cfdcbafa61ce220ba87dc2d9b80c77,Tyler Warren,recv_yds,fanduel,45.5,-114.0,-114.0,13.0,2026_01_BAL_IND,2026-09-09T22:35:37Z,graded,0.5,0.0,0.06542056074766345,0.8771929824561403,0.8771929824561403
c5d95f48a16849ab6bebc68fbbfcb74a,Tre Tucker,recv_yds,fanduel,45.5,-114.0,-114.0,27.0,2026_01_MIA_LV,2026-09-09T22:35:17Z,graded,0.5,0.0,0.06542056074766345,0.8771929824561403,0.8771929824561403
cb77efed7e711d25a72c1a2a0a1af119,Tucker Kraft,recv_yds,fanduel,45.5,-114.0,-114.0,65.0,2026_01_GB_MIN,2026-09-09T22:35:38Z,graded,0.5,0.0,0.06542056074766345,0.8771929824561403,0.8771929824561403
b6cfdcbafa61ce220ba87dc2d9b80c77,Alec Pierce,recv_yds,fanduel,46.5,-114.0,-114.0,61.0,2026_01_BAL_IND,2026-09-09T22:35:37Z,graded,0.5,0.0,0.06542056074766345,0.8771929824561403,0.8771929824561403
b6cfdcbafa61ce220ba87dc2d9b80c77,Josh Downs,recv_yds,betonlineag,46.5,-114.0,-114.0,37.0,2026_01_BAL_IND,2026-09-09T22:35:14Z,graded,0.5,0.0,0.06542056074766345,0.8771929824561403,0.8771929824561403
b6cfdcbafa61ce220ba87dc2d9b80c77,Josh Downs,recv_yds,fanduel,46.5,-114.0,-114.0,37.0,2026_01_BAL_IND,2026-09-09T22:35:37Z,graded,0.5,0.0,0.06542056074766345,0.8771929824561403,0.8771929824561403
7e09efed7e12c659b82740b67ce2f9a1,DJ Moore,recv_yds,betonlineag,47.5,-114.0,-114.0,100.0,2026_01_BUF_HOU,2026-09-09T22:34:56Z,graded,0.5,0.0,0.06542056074766345,0.8771929824561403,0.8771929824561403
7e09efed7e12c659b82740b67ce2f9a1,DJ Moore,recv_yds,fanduel,47.5,-114.0,-114.0,100.0,2026_01_BUF_HOU,2026-09-09T22:35:15Z,graded,0.5,0.0,0.06542056074766345,0.8771929824561403,0.8771929824561403
b6cfdcbafa61ce220ba87dc2d9b80c77,Tyler Warren,recv_yds,betonlineag,47.5,-114.0,-114.0,13.0,2026_01_BAL_IND,2026-09-09T22:35:14Z,graded,0.5,0.0,0.06542056074766345,0.8771929824561403,0.8771929824561403
1edfa5ceaa1ad2cb57df1c1b908731f6,Marvin Harrison,recv_yds,fanduel,48.5,-114.0,-114.0,33.0,2026_01_ARI_LAC,2026-09-09T22:35:40Z,graded,0.5,0.0,0.06542056074766345,0.8771929824561403,0.8771929824561403
95c01d1bb797d6df14824b106c5a9130,DK Metcalf,recv_yds,betonlineag,48.5,-114.0,-114.0,40.0,2026_01_ATL_PIT,2026-09-09T22:35:15Z,graded,0.5,0.0,0.06542056074766345,0.8771929824561403,0.8771929824561403
95c01d1bb797d6df14824b106c5a9130,DK Metcalf,recv_yds,fanduel,48.5,-114.0,-114.0,40.0,2026_01_ATL_PIT,2026-09-09T22:35:14Z,graded,0.5,0.0,0.06542056074766345,0.8771929824561403,0.8771929824561403
5ad8135dc2b5f27de0b777acd317855a,J.K. Dobbins,rush_yds,betonlineag,49.5,-114.0,-114.0,36.0,2026_01_DEN_KC,2026-09-09T22:34:52Z,graded,0.5,0.0,0.06542056074766345,0.8771929824561403,0.8771929824561403
5ad8135dc2b5f27de0b777acd317855a,J.K. Dobbins,rush_yds,fanduel,49.5,-114.0,-114.0,36.0,2026_01_DEN_KC,2026-09-09T22:35:38Z,graded,0.5,0.0,0.06542056074766345,0.8771929824561403,0.8771929824561403
acc580d74344ea3b31bbcdd057fe6a9c,Mike Evans,recv_yds,betonlineag,49.5,-114.0,-114.0,49.0,2026_01_SF_LA,2026-09-09T22:35:41Z,graded,0.5,0.0,0.06542056074766345,0.8771929824561403,0.8771929824561403
acc580d74344ea3b31bbcdd057fe6a9c,Mike Evans,recv_yds,fanduel,49.5,-114.0,-114.0,49.0,2026_01_SF_LA,2026-09-09T22:35:37Z,graded,0.5,0.0,0.06542056074766345,0.8771929824561403,0.8771929824561403
e55c6fe19fce094ce214c8b0e5b504e9,Bhayshul Tuten,rush_yds,betonlineag,49.5,-114.0,-114.0,66.0,2026_01_CLE_JAX,2026-09-09T22:34:34Z,graded,0.5,0.0,0.06542056074766345,0.8771929824561403,0.8771929824561403
1edfa5ceaa1ad2cb57df1c1b908731f6,Ladd McConkey,recv_yds,fanduel,50.5,-114.0,-114.0,82.0,2026_01_ARI_LAC,2026-09-09T22:35:40Z,graded,0.5,0.0,0.06542056074766345,0.8771929824561403,0.8771929824561403
3e646c7479c57f5d9752d8c7dfe7059b,Cam Skattebo,rush_yds,fanduel,50.5,-114.0,-114.0,81.0,2026_01_DAL_NYG,2026-09-09T22:35:15Z,graded,0.5,0.0,0.06542056074766345,0.8771929824561403,0.8771929824561403
e55c6fe19fce094ce214c8b0e5b504e9,Bhayshul Tuten,rush_yds,fanduel,50.5,-114.0,-114.0,66.0,2026_01_CLE_JAX,2026-09-09T22:35:42Z,graded,0.5,0.0,0.06542056074766345,0.8771929824561403,0.8771929824561403
fc362aff0d889ec52d358307a70c32ed,Colston Loveland,recv_yds,fanduel,50.5,-114.0,-114.0,0.0,2026_01_CHI_CAR,2026-09-09T22:35:22Z,graded,0.5,0.0,0.06542056074766345,0.8771929824561403,0.8771929824561403
acc580d74344ea3b31bbcdd057fe6a9c,Davante Adams,recv_yds,fanduel,51.5,-114.0,-114.0,26.0,2026_01_SF_LA,2026-09-09T22:35:37Z,graded,0.5,0.0,0.06542056074766345,0.8771929824561403,0.8771929824561403
17885cb8dcade8f6c3bce14b2de805e8,Terry McLaurin,recv_yds,fanduel,52.5,-114.0,-114.0,14.0,2026_01_WAS_PHI,2026-09-09T22:35:16Z,graded,0.5,0.0,0.06542056074766345,0.8771929824561403,0.8771929824561403
e55c6fe19fce094ce214c8b0e5b504e9,Parker Washington,recv_yds,betonlineag,52.5,-114.0,-114.0,83.0,2026_01_CLE_JAX,2026-09-09T22:34:34Z,graded,0.5,0.0,0.06542056074766345,0.8771929824561403,0.8771929824561403
e55c6fe19fce094ce214c8b0e5b504e9,Parker Washington,recv_yds,fanduel,52.5,-114.0,-114.0,83.0,2026_01_CLE_JAX,2026-09-09T22:35:42Z,graded,0.5,0.0,0.06542056074766345,0.8771929824561403,0.8771929824561403
ed6d24ff979f9c71979fead577b0b3f7,Emeka Egbuka,recv_yds,betonlineag,52.5,-114.0,-114.0,63.0,2026_01_TB_CIN,2026-09-09T22:34:50Z,graded,0.5,0.0,0.06542056074766345,0.8771929824561403,0.8771929824561403
5ad8135dc2b5f27de0b777acd317855a,Jaylen Waddle,recv_yds,betonlineag,53.5,-114.0,-114.0,2.0,2026_01_DEN_KC,2026-09-09T22:34:52Z,graded,0.5,0.0,0.06542056074766345,0.8771929824561403,0.8771929824561403
5ad8135dc2b5f27de0b777acd317855a,Jaylen Waddle,recv_yds,fanduel,53.5,-114.0,-114.0,2.0,2026_01_DEN_KC,2026-09-09T22:35:38Z,graded,0.5,0.0,0.06542056074766345,0.8771929824561403,0.8771929824561403
7dddb296a42e7a41a774b24bd1709ce1,Tony Pollard,rush_yds,fanduel,54.5,-114.0,-114.0,35.0,2026_01_NYJ_TEN,2026-09-09T22:35:39Z,graded,0.5,0.0,0.06542056074766345,0.8771929824561403,0.8771929824561403
7e09efed7e12c659b82740b67ce2f9a1,David Montgomery,rush_yds,betonlineag,54.5,-114.0,-114.0,60.0,2026_01_BUF_HOU,2026-09-09T22:34:56Z,graded,0.5,0.0,0.06542056074766345,0.8771929824561403,0.8771929824561403
7e09efed7e12c659b82740b67ce2f9a1,David Montgomery,rush_yds,fanduel,54.5,-114.0,-114.0,60.0,2026_01_BUF_HOU,2026-09-09T22:35:15Z,graded,0.5,0.0,0.06542056074766345,0.8771929824561403,0.8771929824561403
acc580d74344ea3b31bbcdd057fe6a9c,Kyren Williams,rush_yds,betonlineag,54.5,-114.0,-114.0,41.0,2026_01_SF_LA,2026-09-09T22:35:41Z,graded,0.5,0.0,0.06542056074766345,0.8771929824561403,0.8771929824561403
8c94552d022acec4a0458d70c19d3da9,Jadarian Price,rush_yds,betonlineag,55.5,-114.0,-114.0,52.0,2026_01_NE_SEA,2026-09-09T22:34:52Z,graded,0.5,0.0,0.06542056074766345,0.8771929824561403,0.8771929824561403
acc580d74344ea3b31bbcdd057fe6a9c,Kyren Williams,rush_yds,fanduel,55.5,-114.0,-114.0,41.0,2026_01_SF_LA,2026-09-09T22:35:37Z,graded,0.5,0.0,0.06542056074766345,0.8771929824561403,0.8771929824561403
cb77efed7e711d25a72c1a2a0a1af119,Christian Watson,recv_yds,betonlineag,55.5,-114.0,-114.0,147.0,2026_01_GB_MIN,2026-09-09T22:35:17Z,graded,0.5,0.0,0.06542056074766345,0.8771929824561403,0.8771929824561403
cb77efed7e711d25a72c1a2a0a1af119,Christian Watson,recv_yds,fanduel,55.5,-114.0,-114.0,147.0,2026_01_GB_MIN,2026-09-09T22:35:38Z,graded,0.5,0.0,0.06542056074766345,0.8771929824561403,0.8771929824561403
1edfa5ceaa1ad2cb57df1c1b908731f6,Trey McBride,recv_yds,fanduel,56.5,-114.0,-114.0,95.0,2026_01_ARI_LAC,2026-09-09T22:35:40Z,graded,0.5,0.0,0.06542056074766345,0.8771929824561403,0.8771929824561403
c1d3fcec25aaeb06ebd2244d33d338e0,Travis Etienne,rush_yds,fanduel,56.5,-114.0,-114.0,46.0,2026_01_NO_DET,2026-09-09T22:35:40Z,graded,0.5,0.0,0.06542056074766345,0.8771929824561403,0.8771929824561403
fc362aff0d889ec52d358307a70c32ed,Luther Burden,recv_yds,betonlineag,56.5,-114.0,-114.0,63.0,2026_01_CHI_CAR,2026-09-09T22:34:54Z,graded,0.5,0.0,0.06542056074766345,0.8771929824561403,0.8771929824561403
fc362aff0d889ec52d358307a70c32ed,Luther Burden,recv_yds,fanduel,56.5,-114.0,-114.0,63.0,2026_01_CHI_CAR,2026-09-09T22:35:22Z,graded,0.5,0.0,0.06542056074766345,0.8771929824561403,0.8771929824561403
c5d95f48a16849ab6bebc68fbbfcb74a,Ashton Jeanty,rush_yds,fanduel,57.5,-114.0,-114.0,102.0,2026_01_MIA_LV,2026-09-09T22:35:17Z,graded,0.5,0.0,0.06542056074766345,0.8771929824561403,0.8771929824561403
ed6d24ff979f9c71979fead577b0b3f7,Chase Brown,rush_yds,betonlineag,57.5,-114.0,-114.0,56.0,2026_01_TB_CIN,2026-09-09T22:34:50Z,graded,0.5,0.0,0.06542056074766345,0.8771929824561403,0.8771929824561403
8c94552d022acec4a0458d70c19d3da9,Rhamondre Stevenson,rush_yds,betonlineag,58.5,-114.0,-114.0,51.0,2026_01_NE_SEA,2026-09-09T22:34:52Z,graded,0.5,0.0,0.06542056074766345,0.8771929824561403,0.8771929824561403
c1d3fcec25aaeb06ebd2244d33d338e0,Jameson Williams,recv_yds,fanduel,58.5,-114.0,-114.0,45.0,2026_01_NO_DET,2026-09-09T22:35:40Z,graded,0.5,0.0,0.06542056074766345,0.8771929824561403,0.8771929824561403
e55c6fe19fce094ce214c8b0e5b504e9,Quinshon Judkins,rush_yds,betonlineag,58.5,-114.0,-114.0,33.0,2026_01_CLE_JAX,2026-09-09T22:34:34Z,graded,0.5,0.0,0.06542056074766345,0.8771929824561403,0.8771929824561403
e55c6fe19fce094ce214c8b0e5b504e9,Quinshon Judkins,rush_yds,fanduel,58.5,-114.0,-114.0,33.0,2026_01_CLE_JAX,2026-09-09T22:35:42Z,graded,0.5,0.0,0.06542056074766345,0.8771929824561403,0.8771929824561403
ed6d24ff979f9c71979fead577b0b3f7,Bucky Irving,rush_yds,betonlineag,58.5,-114.0,-114.0,45.0,2026_01_TB_CIN,2026-09-09T22:34:50Z,graded,0.5,0.0,0.06542056074766345,0.8771929824561403,0.8771929824561403
fc362aff0d889ec52d358307a70c32ed,Tetairoa McMillan,recv_yds,betonlineag,58.5,-114.0,-114.0,75.0,2026_01_CHI_CAR,2026-09-09T22:34:54Z,graded,0.5,0.0,0.06542056074766345,0.8771929824561403,0.8771929824561403
fc362aff0d889ec52d358307a70c32ed,Tetairoa McMillan,recv_yds,fanduel,58.5,-114.0,-114.0,75.0,2026_01_CHI_CAR,2026-09-09T22:35:22Z,graded,0.5,0.0,0.06542056074766345,0.8771929824561403,0.8771929824561403
5ad8135dc2b5f27de0b777acd317855a,Kenneth Walker,rush_yds,fanduel,59.5,-114.0,-114.0,173.0,2026_01_DEN_KC,2026-09-09T22:35:38Z,graded,0.5,0.0,0.06542056074766345,0.8771929824561403,0.8771929824561403
5ad8135dc2b5f27de0b777acd317855a,Rashee Rice,recv_yds,fanduel,59.5,-114.0,-114.0,19.0,2026_01_DEN_KC,2026-09-09T22:35:38Z,graded,0.5,0.0,0.06542056074766345,0.8771929824561403,0.8771929824561403
acc580d74344ea3b31bbcdd057fe6a9c,Christian McCaffrey,rush_yds,betonlineag,59.5,-114.0,-114.0,68.0,2026_01_SF_LA,2026-09-09T22:35:41Z,graded,0.5,0.0,0.06542056074766345,0.8771929824561403,0.8771929824561403
acc580d74344ea3b31bbcdd057fe6a9c,Christian McCaffrey,rush_yds,fanduel,59.5,-114.0,-114.0,68.0,2026_01_SF_LA,2026-09-09T22:35:37Z,graded,0.5,0.0,0.06542056074766345,0.8771929824561403,0.8771929824561403
3e646c7479c57f5d9752d8c7dfe7059b,Malik Nabers,recv_yds,betonlineag,60.5,-114.0,-114.0,69.0,2026_01_DAL_NYG,2026-09-09T22:35:13Z,graded,0.5,0.0,0.06542056074766345,0.8771929824561403,0.8771929824561403
3e646c7479c57f5d9752d8c7dfe7059b,Malik Nabers,recv_yds,fanduel,60.5,-114.0,-114.0,69.0,2026_01_DAL_NYG,2026-09-09T22:35:15Z,graded,0.5,0.0,0.06542056074766345,0.8771929824561403,0.8771929824561403
7dddb296a42e7a41a774b24bd1709ce1,Garrett Wilson,recv_yds,fanduel,61.5,-114.0,-114.0,79.0,2026_01_NYJ_TEN,2026-09-09T22:35:39Z,graded,0.5,0.0,0.06542056074766345,0.8771929824561403,0.8771929824561403
b6cfdcbafa61ce220ba87dc2d9b80c77,Zay Flowers,recv_yds,fanduel,63.5,-114.0,-114.0,150.0,2026_01_BAL_IND,2026-09-09T22:35:37Z,graded,0.5,0.0,0.06542056074766345,0.8771929824561403,0.8771929824561403
7dddb296a42e7a41a774b24bd1709ce1,Breece Hall,rush_yds,betonlineag,64.5,-114.0,-114.0,102.0,2026_01_NYJ_TEN,2026-09-09T22:34:56Z,graded,0.5,0.0,0.06542056074766345,0.8771929824561403,0.8771929824561403
7dddb296a42e7a41a774b24bd1709ce1,Breece Hall,rush_yds,fanduel,64.5,-114.0,-114.0,102.0,2026_01_NYJ_TEN,2026-09-09T22:35:39Z,graded,0.5,0.0,0.06542056074766345,0.8771929824561403,0.8771929824561403
95c01d1bb797d6df14824b106c5a9130,Drake London,recv_yds,fanduel,64.5,-114.0,-114.0,29.0,2026_01_ATL_PIT,2026-09-09T22:35:14Z,graded,0.5,0.0,0.06542056074766345,0.8771929824561403,0.8771929824561403
1edfa5ceaa1ad2cb57df1c1b908731f6,Omarion Hampton,rush_yds,fanduel,65.5,-114.0,-114.0,43.0,2026_01_ARI_LAC,2026-09-09T22:35:40Z,graded,0.5,0.0,0.06542056074766345,0.8771929824561403,0.8771929824561403
17885cb8dcade8f6c3bce14b2de805e8,DeVonta Smith,recv_yds,fanduel,66.5,-114.0,-114.0,53.0,2026_01_WAS_PHI,2026-09-09T22:35:16Z,graded,0.5,0.0,0.06542056074766345,0.8771929824561403,0.8771929824561403
1edfa5ceaa1ad2cb57df1c1b908731f6,Omarion Hampton,rush_yds,betonlineag,67.5,-114.0,-114.0,43.0,2026_01_ARI_LAC,2026-09-09T22:35:12Z,graded,0.5,0.0,0.06542056074766345,0.8771929824561403,0.8771929824561403
c5d95f48a16849ab6bebc68fbbfcb74a,De'Von Achane,rush_yds,fanduel,68.5,-114.0,-114.0,36.0,2026_01_MIA_LV,2026-09-09T22:35:17Z,graded,0.5,0.0,0.06542056074766345,0.8771929824561403,0.8771929824561403
3e646c7479c57f5d9752d8c7dfe7059b,George Pickens,recv_yds,fanduel,69.5,-114.0,-114.0,28.0,2026_01_DAL_NYG,2026-09-09T22:35:15Z,graded,0.5,0.0,0.06542056074766345,0.8771929824561403,0.8771929824561403
7e09efed7e12c659b82740b67ce2f9a1,Nico Collins,recv_yds,betonlineag,69.5,-114.0,-114.0,75.0,2026_01_BUF_HOU,2026-09-09T22:34:56Z,graded,0.5,0.0,0.06542056074766345,0.8771929824561403,0.8771929824561403
7e09efed7e12c659b82740b67ce2f9a1,Nico Collins,recv_yds,fanduel,69.5,-114.0,-114.0,75.0,2026_01_BUF_HOU,2026-09-09T22:35:15Z,graded,0.5,0.0,0.06542056074766345,0.8771929824561403,0.8771929824561403
3e646c7479c57f5d9752d8c7dfe7059b,Javonte Williams,rush_yds,fanduel,73.5,-114.0,-114.0,41.0,2026_01_DAL_NYG,2026-09-09T22:35:15Z,graded,0.5,0.0,0.06542056074766345,0.8771929824561403,0.8771929824561403
cb77efed7e711d25a72c1a2a0a1af119,Justin Jefferson,recv_yds,fanduel,73.5,-114.0,-114.0,92.0,2026_01_GB_MIN,2026-09-09T22:35:38Z,graded,0.5,0.0,0.06542056074766345,0.8771929824561403,0.8771929824561403
7e09efed7e12c659b82740b67ce2f9a1,James Cook,rush_yds,fanduel,74.5,-114.0,-114.0,57.0,2026_01_BUF_HOU,2026-09-09T22:35:15Z,graded,0.5,0.0,0.06542056074766345,0.8771929824561403,0.8771929824561403
17885cb8dcade8f6c3bce14b2de805e8,Saquon Barkley,rush_yds,fanduel,75.5,-114.0,-114.0,83.0,2026_01_WAS_PHI,2026-09-09T22:35:16Z,graded,0.5,0.0,0.06542056074766345,0.8771929824561403,0.8771929824561403
3e646c7479c57f5d9752d8c7dfe7059b,CeeDee Lamb,recv_yds,betonlineag,76.5,-114.0,-114.0,44.0,2026_01_DAL_NYG,2026-09-09T22:35:13Z,graded,0.5,0.0,0.06542056074766345,0.8771929824561403,0.8771929824561403
3e646c7479c57f5d9752d8c7dfe7059b,CeeDee Lamb,recv_yds,fanduel,76.5,-114.0,-114.0,44.0,2026_01_DAL_NYG,2026-09-09T22:35:15Z,graded,0.5,0.0,0.06542056074766345,0.8771929824561403,0.8771929824561403
95c01d1bb797d6df14824b106c5a9130,Bijan Robinson,rush_yds,betonlineag,76.5,-114.0,-114.0,83.0,2026_01_ATL_PIT,2026-09-09T22:35:15Z,graded,0.5,0.0,0.06542056074766345,0.8771929824561403,0.8771929824561403
95c01d1bb797d6df14824b106c5a9130,Bijan Robinson,rush_yds,fanduel,76.5,-114.0,-114.0,83.0,2026_01_ATL_PIT,2026-09-09T22:35:14Z,graded,0.5,0.0,0.06542056074766345,0.8771929824561403,0.8771929824561403
b6cfdcbafa61ce220ba87dc2d9b80c77,Jonathan Taylor,rush_yds,betonlineag,76.5,-114.0,-114.0,98.0,2026_01_BAL_IND,2026-09-09T22:35:14Z,graded,0.5,0.0,0.06542056074766345,0.8771929824561403,0.8771929824561403
b6cfdcbafa61ce220ba87dc2d9b80c77,Jonathan Taylor,rush_yds,fanduel,76.5,-114.0,-114.0,98.0,2026_01_BAL_IND,2026-09-09T22:35:37Z,graded,0.5,0.0,0.06542056074766345,0.8771929824561403,0.8771929824561403
c1d3fcec25aaeb06ebd2244d33d338e0,Chris Olave,recv_yds,fanduel,76.5,-114.0,-114.0,182.0,2026_01_NO_DET,2026-09-09T22:35:40Z,graded,0.5,0.0,0.06542056074766345,0.8771929824561403,0.8771929824561403
17885cb8dcade8f6c3bce14b2de805e8,Saquon Barkley,rush_yds,betonlineag,77.5,-114.0,-114.0,83.0,2026_01_WAS_PHI,2026-09-09T22:34:52Z,graded,0.5,0.0,0.06542056074766345,0.8771929824561403,0.8771929824561403
c1d3fcec25aaeb06ebd2244d33d338e0,Amon-Ra St. Brown,recv_yds,fanduel,77.5,-114.0,-114.0,67.0,2026_01_NO_DET,2026-09-09T22:35:40Z,graded,0.5,0.0,0.06542056074766345,0.8771929824561403,0.8771929824561403
b6cfdcbafa61ce220ba87dc2d9b80c77,Derrick Henry,rush_yds,fanduel,80.5,-114.0,-114.0,144.0,2026_01_BAL_IND,2026-09-09T22:35:37Z,graded,0.5,0.0,0.06542056074766345,0.8771929824561403,0.8771929824561403
8c94552d022acec4a0458d70c19d3da9,Jaxon Smith-Njigba,recv_yds,betonlineag,82.5,-114.0,-114.0,122.0,2026_01_NE_SEA,2026-09-09T22:34:52Z,graded,0.5,0.0,0.06542056074766345,0.8771929824561403,0.8771929824561403
c1d3fcec25aaeb06ebd2244d33d338e0,Jahmyr Gibbs,rush_yds,fanduel,83.5,-114.0,-114.0,156.0,2026_01_NO_DET,2026-09-09T22:35:40Z,graded,0.5,0.0,0.06542056074766345,0.8771929824561403,0.8771929824561403
ed6d24ff979f9c71979fead577b0b3f7,Ja'Marr Chase,recv_yds,betonlineag,85.5,-114.0,-114.0,12.0,2026_01_TB_CIN,2026-09-09T22:34:50Z,graded,0.5,0.0,0.06542056074766345,0.8771929824561403,0.8771929824561403
acc580d74344ea3b31bbcdd057fe6a9c,Puka Nacua,recv_yds,betonlineag,90.5,-114.0,-114.0,74.0,2026_01_SF_LA,2026-09-09T22:35:41Z,graded,0.5,0.0,0.06542056074766345,0.8771929824561403,0.8771929824561403
acc580d74344ea3b31bbcdd057fe6a9c,Puka Nacua,recv_yds,fanduel,90.5,-114.0,-114.0,74.0,2026_01_SF_LA,2026-09-09T22:35:37Z,graded,0.5,0.0,0.06542056074766345,0.8771929824561403,0.8771929824561403
e55c6fe19fce094ce214c8b0e5b504e9,Deshaun Watson,pass_yds,fanduel,178.5,-114.0,-114.0,205.0,2026_01_CLE_JAX,2026-09-09T22:35:42Z,graded,0.5,0.0,0.06542056074766345,0.8771929824561403,0.8771929824561403
c5d95f48a16849ab6bebc68fbbfcb74a,Malik Willis,pass_yds,betonlineag,184.5,-114.0,-114.0,220.0,2026_01_MIA_LV,2026-09-09T22:35:35Z,graded,0.5,0.0,0.06542056074766345,0.8771929824561403,0.8771929824561403
c5d95f48a16849ab6bebc68fbbfcb74a,Malik Willis,pass_yds,fanduel,184.5,-114.0,-114.0,220.0,2026_01_MIA_LV,2026-09-09T22:35:17Z,graded,0.5,0.0,0.06542056074766345,0.8771929824561403,0.8771929824561403
7dddb296a42e7a41a774b24bd1709ce1,Cam Ward,pass_yds,fanduel,201.5,-114.0,-114.0,140.0,2026_01_NYJ_TEN,2026-09-09T22:35:39Z,graded,0.5,0.0,0.06542056074766345,0.8771929824561403,0.8771929824561403
17885cb8dcade8f6c3bce14b2de805e8,Jayden Daniels,pass_yds,fanduel,205.5,-114.0,-114.0,164.0,2026_01_WAS_PHI,2026-09-09T22:35:16Z,graded,0.5,0.0,0.06542056074766345,0.8771929824561403,0.8771929824561403
c5d95f48a16849ab6bebc68fbbfcb74a,Kirk Cousins,pass_yds,fanduel,207.5,-114.0,-114.0,160.0,2026_01_MIA_LV,2026-09-09T22:35:17Z,graded,0.5,0.0,0.06542056074766345,0.8771929824561403,0.8771929824561403
fc362aff0d889ec52d358307a70c32ed,Bryce Young,pass_yds,betonlineag,208.5,-114.0,-114.0,361.0,2026_01_CHI_CAR,2026-09-09T22:34:54Z,graded,0.5,0.0,0.06542056074766345,0.8771929824561403,0.8771929824561403
fc362aff0d889ec52d358307a70c32ed,Bryce Young,pass_yds,fanduel,208.5,-114.0,-114.0,361.0,2026_01_CHI_CAR,2026-09-09T22:35:22Z,graded,0.5,0.0,0.06542056074766345,0.8771929824561403,0.8771929824561403
95c01d1bb797d6df14824b106c5a9130,Aaron Rodgers,pass_yds,fanduel,210.5,-114.0,-114.0,221.0,2026_01_ATL_PIT,2026-09-09T22:35:14Z,graded,0.5,0.0,0.06542056074766345,0.8771929824561403,0.8771929824561403
95c01d1bb797d6df14824b106c5a9130,Tua Tagovailoa,pass_yds,fanduel,210.5,-114.0,-114.0,,2026_01_ATL_PIT,2026-09-09T22:35:14Z,no matching game/player result,0.5,0.0,0.06542056074766345,0.8771929824561403,0.8771929824561403
7dddb296a42e7a41a774b24bd1709ce1,Geno Smith,pass_yds,fanduel,212.5,-114.0,-114.0,215.0,2026_01_NYJ_TEN,2026-09-09T22:35:39Z,graded,0.5,0.0,0.06542056074766345,0.8771929824561403,0.8771929824561403
17885cb8dcade8f6c3bce14b2de805e8,Jalen Hurts,pass_yds,fanduel,214.5,-114.0,-114.0,203.0,2026_01_WAS_PHI,2026-09-09T22:35:16Z,graded,0.5,0.0,0.06542056074766345,0.8771929824561403,0.8771929824561403
3e646c7479c57f5d9752d8c7dfe7059b,Jaxson Dart,pass_yds,fanduel,217.5,-114.0,-114.0,230.0,2026_01_DAL_NYG,2026-09-09T22:35:15Z,graded,0.5,0.0,0.06542056074766345,0.8771929824561403,0.8771929824561403
7e09efed7e12c659b82740b67ce2f9a1,C.J. Stroud,pass_yds,fanduel,218.5,-114.0,-114.0,274.0,2026_01_BUF_HOU,2026-09-09T22:35:15Z,graded,0.5,0.0,0.06542056074766345,0.8771929824561403,0.8771929824561403
7e09efed7e12c659b82740b67ce2f9a1,Josh Allen,pass_yds,fanduel,220.5,-114.0,-114.0,334.0,2026_01_BUF_HOU,2026-09-09T22:35:15Z,graded,0.5,0.0,0.06542056074766345,0.8771929824561403,0.8771929824561403
b6cfdcbafa61ce220ba87dc2d9b80c77,Lamar Jackson,pass_yds,betonlineag,220.5,-114.0,-114.0,324.0,2026_01_BAL_IND,2026-09-09T22:35:14Z,graded,0.5,0.0,0.06542056074766345,0.8771929824561403,0.8771929824561403
b6cfdcbafa61ce220ba87dc2d9b80c77,Lamar Jackson,pass_yds,fanduel,220.5,-114.0,-114.0,324.0,2026_01_BAL_IND,2026-09-09T22:35:37Z,graded,0.5,0.0,0.06542056074766345,0.8771929824561403,0.8771929824561403
1edfa5ceaa1ad2cb57df1c1b908731f6,Jacoby Brissett,pass_yds,fanduel,221.5,-114.0,-114.0,277.0,2026_01_ARI_LAC,2026-09-09T22:35:40Z,graded,0.5,0.0,0.06542056074766345,0.8771929824561403,0.8771929824561403
cb77efed7e711d25a72c1a2a0a1af119,Kyler Murray,pass_yds,fanduel,221.5,-114.0,-114.0,18.0,2026_01_GB_MIN,2026-09-09T22:35:38Z,graded,0.5,0.0,0.06542056074766345,0.8771929824561403,0.8771929824561403
cb77efed7e711d25a72c1a2a0a1af119,Kyler Murray,pass_yds,betonlineag,222.5,-114.0,-114.0,18.0,2026_01_GB_MIN,2026-09-09T22:35:17Z,graded,0.5,0.0,0.06542056074766345,0.8771929824561403,0.8771929824561403
7e09efed7e12c659b82740b67ce2f9a1,Josh Allen,pass_yds,betonlineag,224.5,-114.0,-114.0,334.0,2026_01_BUF_HOU,2026-09-09T22:34:56Z,graded,0.5,0.0,0.06542056074766345,0.8771929824561403,0.8771929824561403
5ad8135dc2b5f27de0b777acd317855a,Patrick Mahomes,pass_yds,fanduel,225.5,-114.0,-114.0,184.0,2026_01_DEN_KC,2026-09-09T22:35:38Z,graded,0.5,0.0,0.06542056074766345,0.8771929824561403,0.8771929824561403
8c94552d022acec4a0458d70c19d3da9,Sam Darnold,pass_yds,betonlineag,226.5,-114.0,-114.0,13.0,2026_01_NE_SEA,2026-09-09T22:34:52Z,graded,0.5,0.0,0.06542056074766345,0.8771929824561403,0.8771929824561403
fc362aff0d889ec52d358307a70c32ed,Caleb Williams,pass_yds,betonlineag,226.5,-114.0,-114.0,269.0,2026_01_CHI_CAR,2026-09-09T22:34:54Z,graded,0.5,0.0,0.06542056074766345,0.8771929824561403,0.8771929824561403
fc362aff0d889ec52d358307a70c32ed,Caleb Williams,pass_yds,fanduel,226.5,-114.0,-114.0,269.0,2026_01_CHI_CAR,2026-09-09T22:35:22Z,graded,0.5,0.0,0.06542056074766345,0.8771929824561403,0.8771929824561403
5ad8135dc2b5f27de0b777acd317855a,Bo Nix,pass_yds,betonlineag,227.5,-114.0,-114.0,131.0,2026_01_DEN_KC,2026-09-09T22:34:52Z,graded,0.5,0.0,0.06542056074766345,0.8771929824561403,0.8771929824561403
5ad8135dc2b5f27de0b777acd317855a,Bo Nix,pass_yds,fanduel,227.5,-114.0,-114.0,131.0,2026_01_DEN_KC,2026-09-09T22:35:38Z,graded,0.5,0.0,0.06542056074766345,0.8771929824561403,0.8771929824561403
ed6d24ff979f9c71979fead577b0b3f7,Baker Mayfield,pass_yds,betonlineag,229.5,-114.0,-114.0,216.0,2026_01_TB_CIN,2026-09-09T22:34:50Z,graded,0.5,0.0,0.06542056074766345,0.8771929824561403,0.8771929824561403
8c94552d022acec4a0458d70c19d3da9,Drake Maye,pass_yds,betonlineag,232.5,-114.0,-114.0,178.0,2026_01_NE_SEA,2026-09-09T22:34:52Z,graded,0.5,0.0,0.06542056074766345,0.8771929824561403,0.8771929824561403
1edfa5ceaa1ad2cb57df1c1b908731f6,Justin Herbert,pass_yds,fanduel,233.5,-114.0,-114.0,209.0,2026_01_ARI_LAC,2026-09-09T22:35:40Z,graded,0.5,0.0,0.06542056074766345,0.8771929824561403,0.8771929824561403
b6cfdcbafa61ce220ba87dc2d9b80c77,Daniel Jones,pass_yds,betonlineag,233.5,-114.0,-114.0,166.0,2026_01_BAL_IND,2026-09-09T22:35:14Z,graded,0.5,0.0,0.06542056074766345,0.8771929824561403,0.8771929824561403
b6cfdcbafa61ce220ba87dc2d9b80c77,Daniel Jones,pass_yds,fanduel,233.5,-114.0,-114.0,166.0,2026_01_BAL_IND,2026-09-09T22:35:37Z,graded,0.5,0.0,0.06542056074766345,0.8771929824561403,0.8771929824561403
e55c6fe19fce094ce214c8b0e5b504e9,Trevor Lawrence,pass_yds,betonlineag,235.5,-114.0,-114.0,245.0,2026_01_CLE_JAX,2026-09-09T22:34:34Z,graded,0.5,0.0,0.06542056074766345,0.8771929824561403,0.8771929824561403
e55c6fe19fce094ce214c8b0e5b504e9,Trevor Lawrence,pass_yds,fanduel,236.5,-114.0,-114.0,245.0,2026_01_CLE_JAX,2026-09-09T22:35:42Z,graded,0.5,0.0,0.06542056074766345,0.8771929824561403,0.8771929824561403
cb77efed7e711d25a72c1a2a0a1af119,Jordan Love,pass_yds,betonlineag,238.5,-114.0,-114.0,387.0,2026_01_GB_MIN,2026-09-09T22:35:17Z,graded,0.5,0.0,0.06542056074766345,0.8771929824561403,0.8771929824561403
cb77efed7e711d25a72c1a2a0a1af119,Jordan Love,pass_yds,fanduel,238.5,-114.0,-114.0,387.0,2026_01_GB_MIN,2026-09-09T22:35:38Z,graded,0.5,0.0,0.06542056074766345,0.8771929824561403,0.8771929824561403
acc580d74344ea3b31bbcdd057fe6a9c,Brock Purdy,pass_yds,betonlineag,243.5,-114.0,-114.0,205.0,2026_01_SF_LA,2026-09-09T22:35:41Z,graded,0.5,0.0,0.06542056074766345,0.8771929824561403,0.8771929824561403
acc580d74344ea3b31bbcdd057fe6a9c,Brock Purdy,pass_yds,fanduel,243.5,-114.0,-114.0,205.0,2026_01_SF_LA,2026-09-09T22:35:37Z,graded,0.5,0.0,0.06542056074766345,0.8771929824561403,0.8771929824561403
c1d3fcec25aaeb06ebd2244d33d338e0,Tyler Shough,pass_yds,fanduel,246.5,-114.0,-114.0,410.0,2026_01_NO_DET,2026-09-09T22:35:40Z,graded,0.5,0.0,0.06542056074766345,0.8771929824561403,0.8771929824561403
3e646c7479c57f5d9752d8c7dfe7059b,Dak Prescott,pass_yds,betonlineag,260.5,-114.0,-114.0,175.0,2026_01_DAL_NYG,2026-09-09T22:35:13Z,graded,0.5,0.0,0.06542056074766345,0.8771929824561403,0.8771929824561403
3e646c7479c57f5d9752d8c7dfe7059b,Dak Prescott,pass_yds,fanduel,260.5,-114.0,-114.0,175.0,2026_01_DAL_NYG,2026-09-09T22:35:15Z,graded,0.5,0.0,0.06542056074766345,0.8771929824561403,0.8771929824561403
c1d3fcec25aaeb06ebd2244d33d338e0,Jared Goff,pass_yds,betonlineag,261.5,-114.0,-114.0,206.0,2026_01_NO_DET,2026-09-09T22:35:16Z,graded,0.5,0.0,0.06542056074766345,0.8771929824561403,0.8771929824561403
c1d3fcec25aaeb06ebd2244d33d338e0,Jared Goff,pass_yds,fanduel,261.5,-114.0,-114.0,206.0,2026_01_NO_DET,2026-09-09T22:35:40Z,graded,0.5,0.0,0.06542056074766345,0.8771929824561403,0.8771929824561403
acc580d74344ea3b31bbcdd057fe6a9c,Matthew Stafford,pass_yds,betonlineag,263.5,-114.0,-114.0,155.0,2026_01_SF_LA,2026-09-09T22:35:41Z,graded,0.5,0.0,0.06542056074766345,0.8771929824561403,0.8771929824561403
acc580d74344ea3b31bbcdd057fe6a9c,Matthew Stafford,pass_yds,fanduel,263.5,-114.0,-114.0,155.0,2026_01_SF_LA,2026-09-09T22:35:37Z,graded,0.5,0.0,0.06542056074766345,0.8771929824561403,0.8771929824561403
8c94552d022acec4a0458d70c19d3da9,Drake Maye,interceptions,bovada,0.5,-115.0,-115.0,3.0,2026_01_NE_SEA,2026-09-09T22:34:55Z,graded,0.5,0.0,0.06976744186046502,0.8695652173913043,0.8695652173913043
8c94552d022acec4a0458d70c19d3da9,Sam Darnold,interceptions,bovada,0.5,-115.0,-115.0,0.0,2026_01_NE_SEA,2026-09-09T22:34:55Z,graded,0.5,0.0,0.06976744186046502,0.8695652173913043,0.8695652173913043
cb77efed7e711d25a72c1a2a0a1af119,Jordan Love,interceptions,bovada,0.5,-115.0,-115.0,1.0,2026_01_GB_MIN,2026-09-09T22:34:56Z,graded,0.5,0.0,0.06976744186046502,0.8695652173913043,0.8695652173913043
7dddb296a42e7a41a774b24bd1709ce1,Tony Pollard,receptions,betmgm,1.5,-115.0,-115.0,1.0,2026_01_NYJ_TEN,2026-09-09T22:34:03Z,graded,0.5,0.0,0.06976744186046502,0.8695652173913043,0.8695652173913043
acc580d74344ea3b31bbcdd057fe6a9c,Tyler Higbee,receptions,betmgm,1.5,-115.0,-115.0,2.0,2026_01_SF_LA,2026-09-09T22:35:34Z,graded,0.5,0.0,0.06976744186046502,0.8695652173913043,0.8695652173913043
b6cfdcbafa61ce220ba87dc2d9b80c77,Lamar Jackson,pass_tds,fanatics,1.5,-115.0,-115.0,1.0,2026_01_BAL_IND,2026-09-09T22:35:02Z,graded,0.5,0.0,0.06976744186046502,0.8695652173913043,0.8695652173913043
cb77efed7e711d25a72c1a2a0a1af119,Jordan Love,pass_tds,betmgm,1.5,-115.0,-115.0,2.0,2026_01_GB_MIN,2026-09-09T22:35:11Z,graded,0.5,0.0,0.06976744186046502,0.8695652173913043,0.8695652173913043
17885cb8dcade8f6c3bce14b2de805e8,Saquon Barkley,receptions,bovada,2.5,-115.0,-115.0,1.0,2026_01_WAS_PHI,2026-09-09T22:34:54Z,graded,0.5,0.0,0.06976744186046502,0.8695652173913043,0.8695652173913043
7e09efed7e12c659b82740b67ce2f9a1,Dalton Schultz,receptions,betmgm,3.5,-115.0,-115.0,4.0,2026_01_BUF_HOU,2026-09-09T22:35:10Z,graded,0.5,0.0,0.06976744186046502,0.8695652173913043,0.8695652173913043
5ad8135dc2b5f27de0b777acd317855a,J.K. Dobbins,recv_yds,betmgm,4.5,-115.0,-115.0,0.0,2026_01_DEN_KC,2026-09-09T22:34:49Z,graded,0.5,0.0,0.06976744186046502,0.8695652173913043,0.8695652173913043
fc362aff0d889ec52d358307a70c32ed,Tetairoa McMillan,receptions,betmgm,4.5,-115.0,-115.0,5.0,2026_01_CHI_CAR,2026-09-09T22:34:49Z,graded,0.5,0.0,0.06976744186046502,0.8695652173913043,0.8695652173913043
7e09efed7e12c659b82740b67ce2f9a1,Nico Collins,receptions,betmgm,5.5,-115.0,-115.0,7.0,2026_01_BUF_HOU,2026-09-09T22:35:10Z,graded,0.5,0.0,0.06976744186046502,0.8695652173913043,0.8695652173913043
8c94552d022acec4a0458d70c19d3da9,Sam Darnold,rush_yds,betmgm,5.5,-115.0,-115.0,0.0,2026_01_NE_SEA,2026-09-09T22:35:11Z,graded,0.5,0.0,0.06976744186046502,0.8695652173913043,0.8695652173913043
5ad8135dc2b5f27de0b777acd317855a,Adam Trautman,recv_yds,betmgm,6.5,-115.0,-115.0,10.0,2026_01_DEN_KC,2026-09-09T22:34:49Z,graded,0.5,0.0,0.06976744186046502,0.8695652173913043,0.8695652173913043
7dddb296a42e7a41a774b24bd1709ce1,Geno Smith,rush_yds,betmgm,6.5,-115.0,-115.0,7.0,2026_01_NYJ_TEN,2026-09-09T22:34:03Z,graded,0.5,0.0,0.06976744186046502,0.8695652173913043,0.8695652173913043
7dddb296a42e7a41a774b24bd1709ce1,Geno Smith,rush_yds,bovada,6.5,-115.0,-115.0,7.0,2026_01_NYJ_TEN,2026-09-09T22:34:30Z,graded,0.5,0.0,0.06976744186046502,0.8695652173913043,0.8695652173913043
b6cfdcbafa61ce220ba87dc2d9b80c77,Derrick Henry,recv_yds,betmgm,6.5,-115.0,-115.0,19.0,2026_01_BAL_IND,2026-09-09T22:34:24Z,graded,0.5,0.0,0.06976744186046502,0.8695652173913043,0.8695652173913043
c1d3fcec25aaeb06ebd2244d33d338e0,Amon-Ra St. Brown,receptions,betmgm,6.5,-115.0,-115.0,10.0,2026_01_NO_DET,2026-09-09T22:34:50Z,graded,0.5,0.0,0.06976744186046502,0.8695652173913043,0.8695652173913043
8c94552d022acec4a0458d70c19d3da9,Jadarian Price,recv_yds,betmgm,7.5,-115.0,-115.0,6.0,2026_01_NE_SEA,2026-09-09T22:35:11Z,graded,0.5,0.0,0.06976744186046502,0.8695652173913043,0.8695652173913043
7dddb296a42e7a41a774b24bd1709ce1,Cam Ward,rush_yds,betmgm,8.5,-115.0,-115.0,21.0,2026_01_NYJ_TEN,2026-09-09T22:34:03Z,graded,0.5,0.0,0.06976744186046502,0.8695652173913043,0.8695652173913043
7e09efed7e12c659b82740b67ce2f9a1,David Montgomery,recv_yds,betmgm,8.5,-115.0,-115.0,19.0,2026_01_BUF_HOU,2026-09-09T22:35:10Z,graded,0.5,0.0,0.06976744186046502,0.8695652173913043,0.8695652173913043
8c94552d022acec4a0458d70c19d3da9,Jadarian Price,recv_yds,bovada,8.5,-115.0,-115.0,6.0,2026_01_NE_SEA,2026-09-09T22:34:55Z,graded,0.5,0.0,0.06976744186046502,0.8695652173913043,0.8695652173913043
1edfa5ceaa1ad2cb57df1c1b908731f6,Jacoby Brissett,rush_yds,betmgm,9.5,-115.0,-115.0,14.0,2026_01_ARI_LAC,2026-09-09T22:35:11Z,graded,0.5,0.0,0.06976744186046502,0.8695652173913043,0.8695652173913043
7dddb296a42e7a41a774b24bd1709ce1,Cam Ward,rush_yds,bovada,9.5,-115.0,-115.0,21.0,2026_01_NYJ_TEN,2026-09-09T22:34:30Z,graded,0.5,0.0,0.06976744186046502,0.8695652173913043,0.8695652173913043
7dddb296a42e7a41a774b24bd1709ce1,Tony Pollard,recv_yds,bovada,9.5,-115.0,-115.0,-1.0,2026_01_NYJ_TEN,2026-09-09T22:34:30Z,graded,0.5,0.0,0.06976744186046502,0.8695652173913043,0.8695652173913043
cb77efed7e711d25a72c1a2a0a1af119,Jordan Love,rush_yds,betmgm,9.5,-115.0,-115.0,0.0,2026_01_GB_MIN,2026-09-09T22:35:11Z,graded,0.5,0.0,0.06976744186046502,0.8695652173913043,0.8695652173913043
1edfa5ceaa1ad2cb57df1c1b908731f6,Jacoby Brissett,rush_yds,betrivers,10.5,-115.0,-115.0,14.0,2026_01_ARI_LAC,2026-09-09T22:35:36Z,graded,0.5,0.0,0.06976744186046502,0.8695652173913043,0.8695652173913043
1edfa5ceaa1ad2cb57df1c1b908731f6,Jacoby Brissett,rush_yds,bovada,10.5,-115.0,-115.0,14.0,2026_01_ARI_LAC,2026-09-09T22:34:07Z,graded,0.5,0.0,0.06976744186046502,0.8695652173913043,0.8695652173913043
8c94552d022acec4a0458d70c19d3da9,Elijah Arroyo,recv_yds,bovada,10.5,-115.0,-115.0,,2026_01_NE_SEA,2026-09-09T22:34:55Z,no matching game/player result,0.5,0.0,0.06976744186046502,0.8695652173913043,0.8695652173913043
cb77efed7e711d25a72c1a2a0a1af119,Jordan Love,rush_yds,bovada,10.5,-115.0,-115.0,0.0,2026_01_GB_MIN,2026-09-09T22:34:56Z,graded,0.5,0.0,0.06976744186046502,0.8695652173913043,0.8695652173913043
e55c6fe19fce094ce214c8b0e5b504e9,Bhayshul Tuten,recv_yds,betmgm,10.5,-115.0,-115.0,22.0,2026_01_CLE_JAX,2026-09-09T22:35:12Z,graded,0.5,0.0,0.06976744186046502,0.8695652173913043,0.8695652173913043
3e646c7479c57f5d9752d8c7dfe7059b,Odell Beckham,recv_yds,bovada,11.5,-115.0,-115.0,,2026_01_DAL_NYG,2026-09-09T22:34:54Z,no matching game/player result,0.5,0.0,0.06976744186046502,0.8695652173913043,0.8695652173913043
acc580d74344ea3b31bbcdd057fe6a9c,Demarcus Robinson,recv_yds,bovada,11.5,-115.0,-115.0,50.0,2026_01_SF_LA,2026-09-09T22:35:39Z,graded,0.5,0.0,0.06976744186046502,0.8695652173913043,0.8695652173913043
acc580d74344ea3b31bbcdd057fe6a9c,Kyren Williams,recv_yds,bovada,11.5,-115.0,-115.0,24.0,2026_01_SF_LA,2026-09-09T22:35:39Z,graded,0.5,0.0,0.06976744186046502,0.8695652173913043,0.8695652173913043
cb77efed7e711d25a72c1a2a0a1af119,MarShawn Lloyd,rush_attempts,bovada,11.5,-115.0,-115.0,13.0,2026_01_GB_MIN,2026-09-09T22:34:56Z,graded,0.5,0.0,0.06976744186046502,0.8695652173913043,0.8695652173913043
e55c6fe19fce094ce214c8b0e5b504e9,Bhayshul Tuten,recv_yds,bovada,11.5,-115.0,-115.0,22.0,2026_01_CLE_JAX,2026-09-09T22:34:58Z,graded,0.5,0.0,0.06976744186046502,0.8695652173913043,0.8695652173913043
acc580d74344ea3b31bbcdd057fe6a9c,Kyren Williams,recv_yds,betmgm,12.5,-115.0,-115.0,24.0,2026_01_SF_LA,2026-09-09T22:35:34Z,graded,0.5,0.0,0.06976744186046502,0.8695652173913043,0.8695652173913043
acc580d74344ea3b31bbcdd057fe6a9c,Tyler Higbee,recv_yds,betmgm,13.5,-115.0,-115.0,12.0,2026_01_SF_LA,2026-09-09T22:35:34Z,graded,0.5,0.0,0.06976744186046502,0.8695652173913043,0.8695652173913043
7e09efed7e12c659b82740b67ce2f9a1,Dawson Knox,recv_yds,bovada,14.5,-115.0,-115.0,7.0,2026_01_BUF_HOU,2026-09-09T22:35:38Z,graded,0.5,0.0,0.06976744186046502,0.8695652173913043,0.8695652173913043
7e09efed7e12c659b82740b67ce2f9a1,James Cook,recv_yds,bovada,14.5,-115.0,-115.0,12.0,2026_01_BUF_HOU,2026-09-09T22:35:38Z,graded,0.5,0.0,0.06976744186046502,0.8695652173913043,0.8695652173913043
acc580d74344ea3b31bbcdd057fe6a9c,Tyler Higbee,recv_yds,bovada,14.5,-115.0,-115.0,12.0,2026_01_SF_LA,2026-09-09T22:35:39Z,graded,0.5,0.0,0.06976744186046502,0.8695652173913043,0.8695652173913043
ed6d24ff979f9c71979fead577b0b3f7,Bucky Irving,recv_yds,betrivers,14.5,-115.0,-115.0,48.0,2026_01_TB_CIN,2026-09-09T22:35:36Z,graded,0.5,0.0,0.06976744186046502,0.8695652173913043,0.8695652173913043
fc362aff0d889ec52d358307a70c32ed,Bryce Young,rush_yds,betmgm,14.5,-115.0,-115.0,10.0,2026_01_CHI_CAR,2026-09-09T22:34:49Z,graded,0.5,0.0,0.06976744186046502,0.8695652173913043,0.8695652173913043
fc362aff0d889ec52d358307a70c32ed,Bryce Young,rush_yds,bovada,14.5,-115.0,-115.0,10.0,2026_01_CHI_CAR,2026-09-09T22:34:07Z,graded,0.5,0.0,0.06976744186046502,0.8695652173913043,0.8695652173913043
17885cb8dcade8f6c3bce14b2de805e8,Saquon Barkley,recv_yds,fanatics,15.5,-115.0,-115.0,-3.0,2026_01_WAS_PHI,2026-09-09T22:35:01Z,graded,0.5,0.0,0.06976744186046502,0.8695652173913043,0.8695652173913043
3e646c7479c57f5d9752d8c7dfe7059b,Cam Skattebo,recv_yds,bovada,15.5,-115.0,-115.0,0.0,2026_01_DAL_NYG,2026-09-09T22:34:54Z,graded,0.5,0.0,0.06976744186046502,0.8695652173913043,0.8695652173913043
5ad8135dc2b5f27de0b777acd317855a,Kenneth Walker,rush_attempts,bovada,15.5,-115.0,-115.0,23.0,2026_01_DEN_KC,2026-09-09T22:34:54Z,graded,0.5,0.0,0.06976744186046502,0.8695652173913043,0.8695652173913043
ed6d24ff979f9c71979fead577b0b3f7,Baker Mayfield,rush_yds,fanatics,15.5,-115.0,-115.0,30.0,2026_01_TB_CIN,2026-09-09T22:35:02Z,graded,0.5,0.0,0.06976744186046502,0.8695652173913043,0.8695652173913043
17885cb8dcade8f6c3bce14b2de805e8,Saquon Barkley,recv_yds,betmgm,16.5,-115.0,-115.0,-3.0,2026_01_WAS_PHI,2026-09-09T22:34:50Z,graded,0.5,0.0,0.06976744186046502,0.8695652173913043,0.8695652173913043
95c01d1bb797d6df14824b106c5a9130,Darnell Washington,recv_yds,betmgm,16.5,-115.0,-115.0,18.0,2026_01_ATL_PIT,2026-09-09T22:34:49Z,graded,0.5,0.0,0.06976744186046502,0.8695652173913043,0.8695652173913043
c1d3fcec25aaeb06ebd2244d33d338e0,Tyler Shough,rush_yds,bovada,16.5,-115.0,-115.0,8.0,2026_01_NO_DET,2026-09-09T22:34:55Z,graded,0.5,0.0,0.06976744186046502,0.8695652173913043,0.8695652173913043
fc362aff0d889ec52d358307a70c32ed,Caleb Williams,rush_yds,betmgm,16.5,-115.0,-115.0,65.0,2026_01_CHI_CAR,2026-09-09T22:34:49Z,graded,0.5,0.0,0.06976744186046502,0.8695652173913043,0.8695652173913043
17885cb8dcade8f6c3bce14b2de805e8,Jayden Daniels,pass_completions,bovada,17.5,-115.0,-115.0,18.0,2026_01_WAS_PHI,2026-09-09T22:34:54Z,graded,0.5,0.0,0.06976744186046502,0.8695652173913043,0.8695652173913043
1edfa5ceaa1ad2cb57df1c1b908731f6,Charlie Kolar,recv_yds,betmgm,17.5,-115.0,-115.0,,2026_01_ARI_LAC,2026-09-09T22:35:11Z,no offensive usage evidence,0.5,0.0,0.06976744186046502,0.8695652173913043,0.8695652173913043
3e646c7479c57f5d9752d8c7dfe7059b,Javonte Williams,rush_attempts,betmgm,17.5,-115.0,-115.0,12.0,2026_01_DAL_NYG,2026-09-09T22:34:51Z,graded,0.5,0.0,0.06976744186046502,0.8695652173913043,0.8695652173913043
5ad8135dc2b5f27de0b777acd317855a,RJ Harvey,recv_yds,betmgm,17.5,-115.0,-115.0,23.0,2026_01_DEN_KC,2026-09-09T22:34:49Z,graded,0.5,0.0,0.06976744186046502,0.8695652173913043,0.8695652173913043
95c01d1bb797d6df14824b106c5a9130,Darnell Washington,recv_yds,bovada,17.5,-115.0,-115.0,18.0,2026_01_ATL_PIT,2026-09-09T22:34:53Z,graded,0.5,0.0,0.06976744186046502,0.8695652173913043,0.8695652173913043
c1d3fcec25aaeb06ebd2244d33d338e0,Isaac TeSlaa,recv_yds,bovada,17.5,-115.0,-115.0,0.0,2026_01_NO_DET,2026-09-09T22:34:55Z,graded,0.5,0.0,0.06976744186046502,0.8695652173913043,0.8695652173913043
c5d95f48a16849ab6bebc68fbbfcb74a,Jack Bech,recv_yds,bovada,17.5,-115.0,-115.0,23.0,2026_01_MIA_LV,2026-09-09T22:35:16Z,graded,0.5,0.0,0.06976744186046502,0.8695652173913043,0.8695652173913043
e55c6fe19fce094ce214c8b0e5b504e9,Deshaun Watson,rush_yds,betmgm,17.5,-115.0,-115.0,38.0,2026_01_CLE_JAX,2026-09-09T22:35:12Z,graded,0.5,0.0,0.06976744186046502,0.8695652173913043,0.8695652173913043
17885cb8dcade8f6c3bce14b2de805e8,Saquon Barkley,rush_attempts,fanatics,18.5,-115.0,-115.0,15.0,2026_01_WAS_PHI,2026-09-09T22:35:01Z,graded,0.5,0.0,0.06976744186046502,0.8695652173913043,0.8695652173913043
1edfa5ceaa1ad2cb57df1c1b908731f6,Kendrick Bourne,recv_yds,bovada,18.5,-115.0,-115.0,75.0,2026_01_ARI_LAC,2026-09-09T22:34:07Z,graded,0.5,0.0,0.06976744186046502,0.8695652173913043,0.8695652173913043
7dddb296a42e7a41a774b24bd1709ce1,Breece Hall,recv_yds,bovada,18.5,-115.0,-115.0,16.0,2026_01_NYJ_TEN,2026-09-09T22:34:30Z,graded,0.5,0.0,0.06976744186046502,0.8695652173913043,0.8695652173913043
7dddb296a42e7a41a774b24bd1709ce1,Tyjae Spears,recv_yds,betrivers,18.5,-115.0,-115.0,12.0,2026_01_NYJ_TEN,2026-09-09T22:35:12Z,graded,0.5,0.0,0.06976744186046502,0.8695652173913043,0.8695652173913043
7dddb296a42e7a41a774b24bd1709ce1,Tyjae Spears,recv_yds,bovada,18.5,-115.0,-115.0,12.0,2026_01_NYJ_TEN,2026-09-09T22:34:30Z,graded,0.5,0.0,0.06976744186046502,0.8695652173913043,0.8695652173913043
7e09efed7e12c659b82740b67ce2f9a1,Xavier Hutchinson,recv_yds,bovada,18.5,-115.0,-115.0,32.0,2026_01_BUF_HOU,2026-09-09T22:35:38Z,graded,0.5,0.0,0.06976744186046502,0.8695652173913043,0.8695652173913043
acc580d74344ea3b31bbcdd057fe6a9c,Brock Purdy,rush_yds,betmgm,18.5,-115.0,-115.0,29.0,2026_01_SF_LA,2026-09-09T22:35:34Z,graded,0.5,0.0,0.06976744186046502,0.8695652173913043,0.8695652173913043
b6cfdcbafa61ce220ba87dc2d9b80c77,Derrick Henry,rush_attempts,betmgm,18.5,-115.0,-115.0,24.0,2026_01_BAL_IND,2026-09-09T22:34:24Z,graded,0.5,0.0,0.06976744186046502,0.8695652173913043,0.8695652173913043
7e09efed7e12c659b82740b67ce2f9a1,C.J. Stroud,pass_completions,betmgm,19.5,-115.0,-115.0,26.0,2026_01_BUF_HOU,2026-09-09T22:35:10Z,graded,0.5,0.0,0.06976744186046502,0.8695652173913043,0.8695652173913043
8c94552d022acec4a0458d70c19d3da9,George Holani,rush_yds,bovada,19.5,-115.0,-115.0,29.0,2026_01_NE_SEA,2026-09-09T22:34:55Z,graded,0.5,0.0,0.06976744186046502,0.8695652173913043,0.8695652173913043
acc580d74344ea3b31bbcdd057fe6a9c,Colby Parkinson,recv_yds,bovada,19.5,-115.0,-115.0,6.0,2026_01_SF_LA,2026-09-09T22:35:39Z,graded,0.5,0.0,0.06976744186046502,0.8695652173913043,0.8695652173913043
5ad8135dc2b5f27de0b777acd317855a,Tyquan Thornton,recv_yds,bovada,20.5,-115.0,-115.0,0.0,2026_01_DEN_KC,2026-09-09T22:34:54Z,graded,0.5,0.0,0.06976744186046502,0.8695652173913043,0.8695652173913043
8c94552d022acec4a0458d70c19d3da9,DeMario Douglas,recv_yds,bovada,20.5,-115.0,-115.0,20.0,2026_01_NE_SEA,2026-09-09T22:34:55Z,graded,0.5,0.0,0.06976744186046502,0.8695652173913043,0.8695652173913043
8c94552d022acec4a0458d70c19d3da9,Sam Darnold,pass_completions,bovada,20.5,-115.0,-115.0,1.0,2026_01_NE_SEA,2026-09-09T22:34:55Z,graded,0.5,0.0,0.06976744186046502,0.8695652173913043,0.8695652173913043
acc580d74344ea3b31bbcdd057fe6a9c,Colby Parkinson,recv_yds,betmgm,20.5,-115.0,-115.0,6.0,2026_01_SF_LA,2026-09-09T22:35:34Z,graded,0.5,0.0,0.06976744186046502,0.8695652173913043,0.8695652173913043
cb77efed7e711d25a72c1a2a0a1af119,Jordan Love,pass_completions,bovada,20.5,-115.0,-115.0,21.0,2026_01_GB_MIN,2026-09-09T22:34:56Z,graded,0.5,0.0,0.06976744186046502,0.8695652173913043,0.8695652173913043
ed6d24ff979f9c71979fead577b0b3f7,Mike Gesicki,recv_yds,bovada,20.5,-115.0,-115.0,78.0,2026_01_TB_CIN,2026-09-09T22:34:55Z,graded,0.5,0.0,0.06976744186046502,0.8695652173913043,0.8695652173913043
1edfa5ceaa1ad2cb57df1c1b908731f6,Justin Herbert,rush_yds,bovada,21.5,-115.0,-115.0,29.0,2026_01_ARI_LAC,2026-09-09T22:34:07Z,graded,0.5,0.0,0.06976744186046502,0.8695652173913043,0.8695652173913043
cb77efed7e711d25a72c1a2a0a1af119,Jauan Jennings,recv_yds,betmgm,21.5,-115.0,-115.0,0.0,2026_01_GB_MIN,2026-09-09T22:35:11Z,graded,0.5,0.0,0.06976744186046502,0.8695652173913043,0.8695652173913043
ed6d24ff979f9c71979fead577b0b3f7,Kenny Gainwell,recv_yds,bovada,21.5,-115.0,-115.0,3.0,2026_01_TB_CIN,2026-09-09T22:34:55Z,graded,0.5,0.0,0.06976744186046502,0.8695652173913043,0.8695652173913043
3e646c7479c57f5d9752d8c7dfe7059b,Malachi Fields,recv_yds,betmgm,22.5,-115.0,-115.0,25.0,2026_01_DAL_NYG,2026-09-09T22:34:51Z,graded,0.5,0.0,0.06976744186046502,0.8695652173913043,0.8695652173913043
5ad8135dc2b5f27de0b777acd317855a,Evan Engram,recv_yds,betmgm,22.5,-115.0,-115.0,43.0,2026_01_DEN_KC,2026-09-09T22:34:49Z,graded,0.5,0.0,0.06976744186046502,0.8695652173913043,0.8695652173913043
7dddb296a42e7a41a774b24bd1709ce1,Gunnar Helm,recv_yds,bovada,22.5,-115.0,-115.0,28.0,2026_01_NYJ_TEN,2026-09-09T22:34:30Z,graded,0.5,0.0,0.06976744186046502,0.8695652173913043,0.8695652173913043
cb77efed7e711d25a72c1a2a0a1af119,Kyler Murray,rush_yds,bovada,22.5,-115.0,-115.0,9.0,2026_01_GB_MIN,2026-09-09T22:34:56Z,graded,0.5,0.0,0.06976744186046502,0.8695652173913043,0.8695652173913043
17885cb8dcade8f6c3bce14b2de805e8,Makai Lemon,recv_yds,betmgm,23.5,-115.0,-115.0,-5.0,2026_01_WAS_PHI,2026-09-09T22:34:50Z,graded,0.5,0.0,0.06976744186046502,0.8695652173913043,0.8695652173913043
17885cb8dcade8f6c3bce14b2de805e8,Makai Lemon,recv_yds,bovada,23.5,-115.0,-115.0,-5.0,2026_01_WAS_PHI,2026-09-09T22:34:54Z,graded,0.5,0.0,0.06976744186046502,0.8695652173913043,0.8695652173913043
5ad8135dc2b5f27de0b777acd317855a,Pat Bryant,recv_yds,betrivers,23.5,-115.0,-115.0,42.0,2026_01_DEN_KC,2026-09-09T22:35:12Z,graded,0.5,0.0,0.06976744186046502,0.8695652173913043,0.8695652173913043
5ad8135dc2b5f27de0b777acd317855a,Pat Bryant,recv_yds,bovada,23.5,-115.0,-115.0,42.0,2026_01_DEN_KC,2026-09-09T22:34:54Z,graded,0.5,0.0,0.06976744186046502,0.8695652173913043,0.8695652173913043
8c94552d022acec4a0458d70c19d3da9,Rhamondre Stevenson,recv_yds,betmgm,23.5,-115.0,-115.0,44.0,2026_01_NE_SEA,2026-09-09T22:35:11Z,graded,0.5,0.0,0.06976744186046502,0.8695652173913043,0.8695652173913043
acc580d74344ea3b31bbcdd057fe6a9c,Matthew Stafford,pass_completions,bovada,23.5,-115.0,-115.0,15.0,2026_01_SF_LA,2026-09-09T22:35:39Z,graded,0.5,0.0,0.06976744186046502,0.8695652173913043,0.8695652173913043
acc580d74344ea3b31bbcdd057fe6a9c,Matthew Stafford,pass_completions,fanatics,23.5,-115.0,-115.0,15.0,2026_01_SF_LA,2026-09-09T22:34:16Z,graded,0.5,0.0,0.06976744186046502,0.8695652173913043,0.8695652173913043
cb77efed7e711d25a72c1a2a0a1af119,Kyler Murray,rush_yds,betmgm,23.5,-115.0,-115.0,9.0,2026_01_GB_MIN,2026-09-09T22:35:11Z,graded,0.5,0.0,0.06976744186046502,0.8695652173913043,0.8695652173913043
e55c6fe19fce094ce214c8b0e5b504e9,Denzel Boston,recv_yds,bovada,23.5,-115.0,-115.0,59.0,2026_01_CLE_JAX,2026-09-09T22:34:58Z,graded,0.5,0.0,0.06976744186046502,0.8695652173913043,0.8695652173913043
17885cb8dcade8f6c3bce14b2de805e8,Rachaad White,rush_yds,bovada,24.5,-115.0,-115.0,22.0,2026_01_WAS_PHI,2026-09-09T22:34:54Z,graded,0.5,0.0,0.06976744186046502,0.8695652173913043,0.8695652173913043
acc580d74344ea3b31bbcdd057fe6a9c,Terrance Ferguson,recv_yds,bovada,24.5,-115.0,-115.0,0.0,2026_01_SF_LA,2026-09-09T22:35:39Z,graded,0.5,0.0,0.06976744186046502,0.8695652173913043,0.8695652173913043
b6cfdcbafa61ce220ba87dc2d9b80c77,Rashod Bateman,recv_yds,betmgm,24.5,-115.0,-115.0,0.0,2026_01_BAL_IND,2026-09-09T22:34:24Z,graded,0.5,0.0,0.06976744186046502,0.8695652173913043,0.8695652173913043
ed6d24ff979f9c71979fead577b0b3f7,Chase Brown,recv_yds,betmgm,24.5,-115.0,-115.0,22.0,2026_01_TB_CIN,2026-09-09T22:34:52Z,graded,0.5,0.0,0.06976744186046502,0.8695652173913043,0.8695652173913043
ed6d24ff979f9c71979fead577b0b3f7,Joe Burrow,pass_completions,betmgm,24.5,-115.0,-115.0,25.0,2026_01_TB_CIN,2026-09-09T22:34:52Z,graded,0.5,0.0,0.06976744186046502,0.8695652173913043,0.8695652173913043
ed6d24ff979f9c71979fead577b0b3f7,Joe Burrow,pass_completions,bovada,24.5,-115.0,-115.0,25.0,2026_01_TB_CIN,2026-09-09T22:34:55Z,graded,0.5,0.0,0.06976744186046502,0.8695652173913043,0.8695652173913043
17885cb8dcade8f6c3bce14b2de805e8,Chig Okonkwo,recv_yds,bovada,25.5,-115.0,-115.0,16.0,2026_01_WAS_PHI,2026-09-09T22:34:54Z,graded,0.5,0.0,0.06976744186046502,0.8695652173913043,0.8695652173913043
1edfa5ceaa1ad2cb57df1c1b908731f6,Tre Harris,recv_yds,bovada,25.5,-115.0,-115.0,20.0,2026_01_ARI_LAC,2026-09-09T22:34:07Z,graded,0.5,0.0,0.06976744186046502,0.8695652173913043,0.8695652173913043
7dddb296a42e7a41a774b24bd1709ce1,Calvin Ridley,recv_yds,betmgm,25.5,-115.0,-115.0,,2026_01_NYJ_TEN,2026-09-09T22:34:03Z,no matching game/player result,0.5,0.0,0.06976744186046502,0.8695652173913043,0.8695652173913043
17885cb8dcade8f6c3bce14b2de805e8,Chig Okonkwo,recv_yds,betmgm,26.5,-115.0,-115.0,16.0,2026_01_WAS_PHI,2026-09-09T22:34:50Z,graded,0.5,0.0,0.06976744186046502,0.8695652173913043,0.8695652173913043
17885cb8dcade8f6c3bce14b2de805e8,Jalen Hurts,rush_yds,betmgm,26.5,-115.0,-115.0,46.0,2026_01_WAS_PHI,2026-09-09T22:34:50Z,graded,0.5,0.0,0.06976744186046502,0.8695652173913043,0.8695652173913043
8c94552d022acec4a0458d70c19d3da9,Drake Maye,rush_yds,bovada,26.5,-115.0,-115.0,47.0,2026_01_NE_SEA,2026-09-09T22:34:55Z,graded,0.5,0.0,0.06976744186046502,0.8695652173913043,0.8695652173913043
95c01d1bb797d6df14824b106c5a9130,Pat Freiermuth,recv_yds,betmgm,26.5,-115.0,-115.0,46.0,2026_01_ATL_PIT,2026-09-09T22:34:49Z,graded,0.5,0.0,0.06976744186046502,0.8695652173913043,0.8695652173913043
b6cfdcbafa61ce220ba87dc2d9b80c77,Rashod Bateman,recv_yds,bovada,26.5,-115.0,-115.0,0.0,2026_01_BAL_IND,2026-09-09T22:35:16Z,graded,0.5,0.0,0.06976744186046502,0.8695652173913043,0.8695652173913043
e55c6fe19fce094ce214c8b0e5b504e9,Denzel Boston,recv_yds,betmgm,26.5,-115.0,-115.0,59.0,2026_01_CLE_JAX,2026-09-09T22:35:12Z,graded,0.5,0.0,0.06976744186046502,0.8695652173913043,0.8695652173913043
7dddb296a42e7a41a774b24bd1709ce1,Calvin Ridley,recv_yds,bovada,27.5,-115.0,-115.0,,2026_01_NYJ_TEN,2026-09-09T22:34:30Z,no matching game/player result,0.5,0.0,0.06976744186046502,0.8695652173913043,0.8695652173913043
c5d95f48a16849ab6bebc68fbbfcb74a,Malik Washington,recv_yds,bovada,27.5,-115.0,-115.0,53.0,2026_01_MIA_LV,2026-09-09T22:35:16Z,graded,0.5,0.0,0.06976744186046502,0.8695652173913043,0.8695652173913043
cb77efed7e711d25a72c1a2a0a1af119,T.J. Hockenson,recv_yds,bovada,27.5,-115.0,-115.0,36.0,2026_01_GB_MIN,2026-09-09T22:34:56Z,graded,0.5,0.0,0.06976744186046502,0.8695652173913043,0.8695652173913043
8c94552d022acec4a0458d70c19d3da9,Cooper Kupp,recv_yds,betmgm,28.5,-115.0,-115.0,35.0,2026_01_NE_SEA,2026-09-09T22:35:11Z,graded,0.5,0.0,0.06976744186046502,0.8695652173913043,0.8695652173913043
c5d95f48a16849ab6bebc68fbbfcb74a,Caleb Douglas,recv_yds,bovada,28.5,-115.0,-115.0,94.0,2026_01_MIA_LV,2026-09-09T22:35:16Z,graded,0.5,0.0,0.06976744186046502,0.8695652173913043,0.8695652173913043
c5d95f48a16849ab6bebc68fbbfcb74a,De'Von Achane,recv_yds,bovada,28.5,-115.0,-115.0,30.0,2026_01_MIA_LV,2026-09-09T22:35:16Z,graded,0.5,0.0,0.06976744186046502,0.8695652173913043,0.8695652173913043
17885cb8dcade8f6c3bce14b2de805e8,Jayden Daniels,pass_attempts,bovada,29.5,-115.0,-115.0,34.0,2026_01_WAS_PHI,2026-09-09T22:34:54Z,graded,0.5,0.0,0.06976744186046502,0.8695652173913043,0.8695652173913043
3e646c7479c57f5d9752d8c7dfe7059b,Jaxson Dart,pass_attempts,betmgm,29.5,-115.0,-115.0,29.0,2026_01_DAL_NYG,2026-09-09T22:34:51Z,graded,0.5,0.0,0.06976744186046502,0.8695652173913043,0.8695652173913043
7e09efed7e12c659b82740b67ce2f9a1,Woody Marks,rush_yds,betrivers,29.5,-115.0,-115.0,42.0,2026_01_BUF_HOU,2026-09-09T22:35:35Z,graded,0.5,0.0,0.06976744186046502,0.8695652173913043,0.8695652173913043
8c94552d022acec4a0458d70c19d3da9,Cooper Kupp,recv_yds,betrivers,29.5,-115.0,-115.0,35.0,2026_01_NE_SEA,2026-09-09T22:35:15Z,graded,0.5,0.0,0.06976744186046502,0.8695652173913043,0.8695652173913043
8c94552d022acec4a0458d70c19d3da9,Cooper Kupp,recv_yds,bovada,29.5,-115.0,-115.0,35.0,2026_01_NE_SEA,2026-09-09T22:34:55Z,graded,0.5,0.0,0.06976744186046502,0.8695652173913043,0.8695652173913043
c5d95f48a16849ab6bebc68fbbfcb74a,Kirk Cousins,pass_attempts,betmgm,29.5,-115.0,-115.0,30.0,2026_01_MIA_LV,2026-09-09T22:34:49Z,graded,0.5,0.0,0.06976744186046502,0.8695652173913043,0.8695652173913043
c5d95f48a16849ab6bebc68fbbfcb74a,Kirk Cousins,pass_attempts,bovada,29.5,-115.0,-115.0,30.0,2026_01_MIA_LV,2026-09-09T22:35:16Z,graded,0.5,0.0,0.06976744186046502,0.8695652173913043,0.8695652173913043
c5d95f48a16849ab6bebc68fbbfcb74a,Kirk Cousins,pass_attempts,fanatics,29.5,-115.0,-115.0,30.0,2026_01_MIA_LV,2026-09-09T22:35:03Z,graded,0.5,0.0,0.06976744186046502,0.8695652173913043,0.8695652173913043
cb77efed7e711d25a72c1a2a0a1af119,Aaron Jones,rush_yds,bovada,29.5,-115.0,-115.0,40.0,2026_01_GB_MIN,2026-09-09T22:34:56Z,graded,0.5,0.0,0.06976744186046502,0.8695652173913043,0.8695652173913043
cb77efed7e711d25a72c1a2a0a1af119,T.J. Hockenson,recv_yds,betmgm,29.5,-115.0,-115.0,36.0,2026_01_GB_MIN,2026-09-09T22:35:11Z,graded,0.5,0.0,0.06976744186046502,0.8695652173913043,0.8695652173913043
3e646c7479c57f5d9752d8c7dfe7059b,Jake Ferguson,recv_yds,betmgm,30.5,-115.0,-115.0,6.0,2026_01_DAL_NYG,2026-09-09T22:34:51Z,graded,0.5,0.0,0.06976744186046502,0.8695652173913043,0.8695652173913043
3e646c7479c57f5d9752d8c7dfe7059b,Jake Ferguson,recv_yds,betrivers,30.5,-115.0,-115.0,6.0,2026_01_DAL_NYG,2026-09-09T22:35:36Z,graded,0.5,0.0,0.06976744186046502,0.8695652173913043,0.8695652173913043
7dddb296a42e7a41a774b24bd1709ce1,Geno Smith,pass_attempts,fanatics,30.5,-115.0,-115.0,24.0,2026_01_NYJ_TEN,2026-09-09T22:35:24Z,graded,0.5,0.0,0.06976744186046502,0.8695652173913043,0.8695652173913043
7e09efed7e12c659b82740b67ce2f9a1,Josh Allen,pass_attempts,bovada,30.5,-115.0,-115.0,29.0,2026_01_BUF_HOU,2026-09-09T22:35:38Z,graded,0.5,0.0,0.06976744186046502,0.8695652173913043,0.8695652173913043
8c94552d022acec4a0458d70c19d3da9,Cooper Kupp,recv_yds,fanatics,30.5,-115.0,-115.0,35.0,2026_01_NE_SEA,2026-09-09T22:34:41Z,graded,0.5,0.0,0.06976744186046502,0.8695652173913043,0.8695652173913043
c1d3fcec25aaeb06ebd2244d33d338e0,Jahmyr Gibbs,recv_yds,bovada,30.5,-115.0,-115.0,30.0,2026_01_NO_DET,2026-09-09T22:34:55Z,graded,0.5,0.0,0.06976744186046502,0.8695652173913043,0.8695652173913043
3e646c7479c57f5d9752d8c7dfe7059b,Jaxson Dart,rush_yds,betmgm,31.5,-115.0,-115.0,54.0,2026_01_DAL_NYG,2026-09-09T22:34:51Z,graded,0.5,0.0,0.06976744186046502,0.8695652173913043,0.8695652173913043
3e646c7479c57f5d9752d8c7dfe7059b,Jaxson Dart,rush_yds,bovada,31.5,-115.0,-115.0,54.0,2026_01_DAL_NYG,2026-09-09T22:34:54Z,graded,0.5,0.0,0.06976744186046502,0.8695652173913043,0.8695652173913043
7dddb296a42e7a41a774b24bd1709ce1,Geno Smith,pass_attempts,betmgm,31.5,-115.0,-115.0,24.0,2026_01_NYJ_TEN,2026-09-09T22:34:03Z,graded,0.5,0.0,0.06976744186046502,0.8695652173913043,0.8695652173913043
7e09efed7e12c659b82740b67ce2f9a1,Woody Marks,rush_yds,bovada,31.5,-115.0,-115.0,42.0,2026_01_BUF_HOU,2026-09-09T22:35:38Z,graded,0.5,0.0,0.06976744186046502,0.8695652173913043,0.8695652173913043
8c94552d022acec4a0458d70c19d3da9,Rashid Shaheed,recv_yds,betmgm,31.5,-115.0,-115.0,4.0,2026_01_NE_SEA,2026-09-09T22:35:11Z,graded,0.5,0.0,0.06976744186046502,0.8695652173913043,0.8695652173913043
8c94552d022acec4a0458d70c19d3da9,Rashid Shaheed,recv_yds,bovada,31.5,-115.0,-115.0,4.0,2026_01_NE_SEA,2026-09-09T22:34:55Z,graded,0.5,0.0,0.06976744186046502,0.8695652173913043,0.8695652173913043
95c01d1bb797d6df14824b106c5a9130,Aaron Rodgers,pass_attempts,betmgm,31.5,-115.0,-115.0,40.0,2026_01_ATL_PIT,2026-09-09T22:34:49Z,graded,0.5,0.0,0.06976744186046502,0.8695652173913043,0.8695652173913043
cb77efed7e711d25a72c1a2a0a1af119,Aaron Jones,rush_yds,betmgm,31.5,-115.0,-115.0,40.0,2026_01_GB_MIN,2026-09-09T22:35:11Z,graded,0.5,0.0,0.06976744186046502,0.8695652173913043,0.8695652173913043
e55c6fe19fce094ce214c8b0e5b504e9,KC Concepcion,recv_yds,betmgm,31.5,-115.0,-115.0,43.0,2026_01_CLE_JAX,2026-09-09T22:35:12Z,graded,0.5,0.0,0.06976744186046502,0.8695652173913043,0.8695652173913043
ed6d24ff979f9c71979fead577b0b3f7,Baker Mayfield,pass_attempts,betmgm,31.5,-115.0,-115.0,28.0,2026_01_TB_CIN,2026-09-09T22:34:52Z,graded,0.5,0.0,0.06976744186046502,0.8695652173913043,0.8695652173913043
17885cb8dcade8f6c3bce14b2de805e8,Dallas Goedert,recv_yds,betrivers,33.5,-115.0,-115.0,77.0,2026_01_WAS_PHI,2026-09-09T22:35:12Z,graded,0.5,0.0,0.06976744186046502,0.8695652173913043,0.8695652173913043
3e646c7479c57f5d9752d8c7dfe7059b,Dak Prescott,pass_attempts,betmgm,33.5,-115.0,-115.0,34.0,2026_01_DAL_NYG,2026-09-09T22:34:51Z,graded,0.5,0.0,0.06976744186046502,0.8695652173913043,0.8695652173913043
3e646c7479c57f5d9752d8c7dfe7059b,Dak Prescott,pass_attempts,fanatics,33.5,-115.0,-115.0,34.0,2026_01_DAL_NYG,2026-09-09T22:35:24Z,graded,0.5,0.0,0.06976744186046502,0.8695652173913043,0.8695652173913043
7e09efed7e12c659b82740b67ce2f9a1,Dalton Schultz,recv_yds,bovada,33.5,-115.0,-115.0,35.0,2026_01_BUF_HOU,2026-09-09T22:35:38Z,graded,0.5,0.0,0.06976744186046502,0.8695652173913043,0.8695652173913043
8c94552d022acec4a0458d70c19d3da9,Hunter Henry,recv_yds,betmgm,33.5,-115.0,-115.0,26.0,2026_01_NE_SEA,2026-09-09T22:35:11Z,graded,0.5,0.0,0.06976744186046502,0.8695652173913043,0.8695652173913043
8c94552d022acec4a0458d70c19d3da9,Hunter Henry,recv_yds,bovada,33.5,-115.0,-115.0,26.0,2026_01_NE_SEA,2026-09-09T22:34:55Z,graded,0.5,0.0,0.06976744186046502,0.8695652173913043,0.8695652173913043
b6cfdcbafa61ce220ba87dc2d9b80c77,Daniel Jones,pass_attempts,betmgm,33.5,-115.0,-115.0,31.0,2026_01_BAL_IND,2026-09-09T22:34:24Z,graded,0.5,0.0,0.06976744186046502,0.8695652173913043,0.8695652173913043
c1d3fcec25aaeb06ebd2244d33d338e0,Jahmyr Gibbs,recv_yds,betmgm,33.5,-115.0,-115.0,30.0,2026_01_NO_DET,2026-09-09T22:34:50Z,graded,0.5,0.0,0.06976744186046502,0.8695652173913043,0.8695652173913043
c1d3fcec25aaeb06ebd2244d33d338e0,Jared Goff,pass_attempts,betmgm,33.5,-115.0,-115.0,39.0,2026_01_NO_DET,2026-09-09T22:34:50Z,graded,0.5,0.0,0.06976744186046502,0.8695652173913043,0.8695652173913043
c1d3fcec25aaeb06ebd2244d33d338e0,Jared Goff,pass_attempts,bovada,33.5,-115.0,-115.0,39.0,2026_01_NO_DET,2026-09-09T22:34:55Z,graded,0.5,0.0,0.06976744186046502,0.8695652173913043,0.8695652173913043
c1d3fcec25aaeb06ebd2244d33d338e0,Tyler Shough,pass_attempts,betmgm,33.5,-115.0,-115.0,56.0,2026_01_NO_DET,2026-09-09T22:34:50Z,graded,0.5,0.0,0.06976744186046502,0.8695652173913043,0.8695652173913043
c5d95f48a16849ab6bebc68fbbfcb74a,Jalen Nailor,recv_yds,betmgm,33.5,-115.0,-115.0,27.0,2026_01_MIA_LV,2026-09-09T22:34:49Z,graded,0.5,0.0,0.06976744186046502,0.8695652173913043,0.8695652173913043
e55c6fe19fce094ce214c8b0e5b504e9,Harold Fannin,recv_yds,betrivers,33.5,-115.0,-115.0,21.0,2026_01_CLE_JAX,2026-09-09T22:35:14Z,graded,0.5,0.0,0.06976744186046502,0.8695652173913043,0.8695652173913043
e55c6fe19fce094ce214c8b0e5b504e9,Harold Fannin,recv_yds,bovada,33.5,-115.0,-115.0,21.0,2026_01_CLE_JAX,2026-09-09T22:34:58Z,graded,0.5,0.0,0.06976744186046502,0.8695652173913043,0.8695652173913043
ed6d24ff979f9c71979fead577b0b3f7,Jalen McMillan,recv_yds,betmgm,33.5,-115.0,-115.0,,2026_01_TB_CIN,2026-09-09T22:34:52Z,no matching game/player result,0.5,0.0,0.06976744186046502,0.8695652173913043,0.8695652173913043
3e646c7479c57f5d9752d8c7dfe7059b,Isaiah Likely,recv_yds,betmgm,34.5,-115.0,-115.0,78.0,2026_01_DAL_NYG,2026-09-09T22:34:51Z,graded,0.5,0.0,0.06976744186046502,0.8695652173913043,0.8695652173913043
5ad8135dc2b5f27de0b777acd317855a,Bo Nix,pass_attempts,betmgm,34.5,-115.0,-115.0,28.0,2026_01_DEN_KC,2026-09-09T22:34:49Z,graded,0.5,0.0,0.06976744186046502,0.8695652173913043,0.8695652173913043
5ad8135dc2b5f27de0b777acd317855a,Bo Nix,pass_attempts,bovada,34.5,-115.0,-115.0,28.0,2026_01_DEN_KC,2026-09-09T22:34:54Z,graded,0.5,0.0,0.06976744186046502,0.8695652173913043,0.8695652173913043
95c01d1bb797d6df14824b106c5a9130,Bijan Robinson,recv_yds,betmgm,34.5,-115.0,-115.0,90.0,2026_01_ATL_PIT,2026-09-09T22:34:49Z,graded,0.5,0.0,0.06976744186046502,0.8695652173913043,0.8695652173913043
acc580d74344ea3b31bbcdd057fe6a9c,Matthew Stafford,pass_attempts,betmgm,34.5,-115.0,-115.0,25.0,2026_01_SF_LA,2026-09-09T22:35:34Z,graded,0.5,0.0,0.06976744186046502,0.8695652173913043,0.8695652173913043
b6cfdcbafa61ce220ba87dc2d9b80c77,Mark Andrews,recv_yds,bovada,34.5,-115.0,-115.0,49.0,2026_01_BAL_IND,2026-09-09T22:35:16Z,graded,0.5,0.0,0.06976744186046502,0.8695652173913043,0.8695652173913043
ed6d24ff979f9c71979fead577b0b3f7,Jalen McMillan,recv_yds,bovada,34.5,-115.0,-115.0,,2026_01_TB_CIN,2026-09-09T22:34:55Z,no matching game/player result,0.5,0.0,0.06976744186046502,0.8695652173913043,0.8695652173913043
ed6d24ff979f9c71979fead577b0b3f7,Joe Burrow,pass_attempts,betmgm,34.5,-115.0,-115.0,35.0,2026_01_TB_CIN,2026-09-09T22:34:52Z,graded,0.5,0.0,0.06976744186046502,0.8695652173913043,0.8695652173913043
17885cb8dcade8f6c3bce14b2de805e8,Dallas Goedert,recv_yds,bovada,35.5,-115.0,-115.0,77.0,2026_01_WAS_PHI,2026-09-09T22:34:54Z,graded,0.5,0.0,0.06976744186046502,0.8695652173913043,0.8695652173913043
5ad8135dc2b5f27de0b777acd317855a,Xavier Worthy,recv_yds,bovada,35.5,-115.0,-115.0,18.0,2026_01_DEN_KC,2026-09-09T22:34:54Z,graded,0.5,0.0,0.06976744186046502,0.8695652173913043,0.8695652173913043
7e09efed7e12c659b82740b67ce2f9a1,Dalton Kincaid,recv_yds,betmgm,35.5,-115.0,-115.0,130.0,2026_01_BUF_HOU,2026-09-09T22:35:10Z,graded,0.5,0.0,0.06976744186046502,0.8695652173913043,0.8695652173913043
7e09efed7e12c659b82740b67ce2f9a1,Dalton Schultz,recv_yds,betmgm,35.5,-115.0,-115.0,35.0,2026_01_BUF_HOU,2026-09-09T22:35:10Z,graded,0.5,0.0,0.06976744186046502,0.8695652173913043,0.8695652173913043
8c94552d022acec4a0458d70c19d3da9,Romeo Doubs,recv_yds,bovada,35.5,-115.0,-115.0,0.0,2026_01_NE_SEA,2026-09-09T22:34:55Z,graded,0.5,0.0,0.06976744186046502,0.8695652173913043,0.8695652173913043
acc580d74344ea3b31bbcdd057fe6a9c,George Kittle,recv_yds,betrivers,35.5,-115.0,-115.0,12.0,2026_01_SF_LA,2026-09-09T22:35:11Z,graded,0.5,0.0,0.06976744186046502,0.8695652173913043,0.8695652173913043
e55c6fe19fce094ce214c8b0e5b504e9,Brenton Strange,recv_yds,betmgm,35.5,-115.0,-115.0,23.0,2026_01_CLE_JAX,2026-09-09T22:35:12Z,graded,0.5,0.0,0.06976744186046502,0.8695652173913043,0.8695652173913043
e55c6fe19fce094ce214c8b0e5b504e9,Brenton Strange,recv_yds,bovada,35.5,-115.0,-115.0,23.0,2026_01_CLE_JAX,2026-09-09T22:34:58Z,graded,0.5,0.0,0.06976744186046502,0.8695652173913043,0.8695652173913043
e55c6fe19fce094ce214c8b0e5b504e9,Chris Rodriguez,rush_yds,betrivers,35.5,-115.0,-115.0,23.0,2026_01_CLE_JAX,2026-09-09T22:35:14Z,graded,0.5,0.0,0.06976744186046502,0.8695652173913043,0.8695652173913043
17885cb8dcade8f6c3bce14b2de805e8,Dallas Goedert,recv_yds,betmgm,36.5,-115.0,-115.0,77.0,2026_01_WAS_PHI,2026-09-09T22:34:50Z,graded,0.5,0.0,0.06976744186046502,0.8695652173913043,0.8695652173913043
17885cb8dcade8f6c3bce14b2de805e8,Jayden Daniels,rush_yds,bovada,36.5,-115.0,-115.0,31.0,2026_01_WAS_PHI,2026-09-09T22:34:54Z,graded,0.5,0.0,0.06976744186046502,0.8695652173913043,0.8695652173913043
5ad8135dc2b5f27de0b777acd317855a,Xavier Worthy,recv_yds,betmgm,36.5,-115.0,-115.0,18.0,2026_01_DEN_KC,2026-09-09T22:34:49Z,graded,0.5,0.0,0.06976744186046502,0.8695652173913043,0.8695652173913043
7e09efed7e12c659b82740b67ce2f9a1,Khalil Shakir,recv_yds,bovada,36.5,-115.0,-115.0,50.0,2026_01_BUF_HOU,2026-09-09T22:35:38Z,graded,0.5,0.0,0.06976744186046502,0.8695652173913043,0.8695652173913043
acc580d74344ea3b31bbcdd057fe6a9c,De'Zhaun Stribling,recv_yds,betmgm,36.5,-115.0,-115.0,,2026_01_SF_LA,2026-09-09T22:35:34Z,no matching game/player result,0.5,0.0,0.06976744186046502,0.8695652173913043,0.8695652173913043
acc580d74344ea3b31bbcdd057fe6a9c,George Kittle,recv_yds,bovada,36.5,-115.0,-115.0,12.0,2026_01_SF_LA,2026-09-09T22:35:39Z,graded,0.5,0.0,0.06976744186046502,0.8695652173913043,0.8695652173913043
b6cfdcbafa61ce220ba87dc2d9b80c77,Lamar Jackson,rush_yds,betmgm,36.5,-115.0,-115.0,40.0,2026_01_BAL_IND,2026-09-09T22:34:24Z,graded,0.5,0.0,0.06976744186046502,0.8695652173913043,0.8695652173913043
b6cfdcbafa61ce220ba87dc2d9b80c77,Lamar Jackson,rush_yds,bovada,36.5,-115.0,-115.0,40.0,2026_01_BAL_IND,2026-09-09T22:35:16Z,graded,0.5,0.0,0.06976744186046502,0.8695652173913043,0.8695652173913043
c5d95f48a16849ab6bebc68fbbfcb74a,Jalen Nailor,recv_yds,bovada,36.5,-115.0,-115.0,27.0,2026_01_MIA_LV,2026-09-09T22:35:16Z,graded,0.5,0.0,0.06976744186046502,0.8695652173913043,0.8695652173913043
e55c6fe19fce094ce214c8b0e5b504e9,Jakobi Meyers,recv_yds,bovada,36.5,-115.0,-115.0,40.0,2026_01_CLE_JAX,2026-09-09T22:34:58Z,graded,0.5,0.0,0.06976744186046502,0.8695652173913043,0.8695652173913043
7e09efed7e12c659b82740b67ce2f9a1,Khalil Shakir,recv_yds,betrivers,37.5,-115.0,-115.0,50.0,2026_01_BUF_HOU,2026-09-09T22:35:35Z,graded,0.5,0.0,0.06976744186046502,0.8695652173913043,0.8695652173913043
8c94552d022acec4a0458d70c19d3da9,Romeo Doubs,recv_yds,betmgm,37.5,-115.0,-115.0,0.0,2026_01_NE_SEA,2026-09-09T22:35:11Z,graded,0.5,0.0,0.06976744186046502,0.8695652173913043,0.8695652173913043
acc580d74344ea3b31bbcdd057fe6a9c,George Kittle,recv_yds,betmgm,37.5,-115.0,-115.0,12.0,2026_01_SF_LA,2026-09-09T22:35:34Z,graded,0.5,0.0,0.06976744186046502,0.8695652173913043,0.8695652173913043
c5d95f48a16849ab6bebc68fbbfcb74a,Malik Willis,rush_yds,betrivers,37.5,-115.0,-115.0,39.0,2026_01_MIA_LV,2026-09-09T22:35:35Z,graded,0.5,0.0,0.06976744186046502,0.8695652173913043,0.8695652173913043
cb77efed7e711d25a72c1a2a0a1af119,Matthew Golden,recv_yds,bovada,37.5,-115.0,-115.0,95.0,2026_01_GB_MIN,2026-09-09T22:34:56Z,graded,0.5,0.0,0.06976744186046502,0.8695652173913043,0.8695652173913043
e55c6fe19fce094ce214c8b0e5b504e9,Brenton Strange,recv_yds,betrivers,37.5,-115.0,-115.0,23.0,2026_01_CLE_JAX,2026-09-09T22:35:14Z,graded,0.5,0.0,0.06976744186046502,0.8695652173913043,0.8695652173913043
17885cb8dcade8f6c3bce14b2de805e8,Jayden Daniels,rush_yds,betmgm,38.5,-115.0,-115.0,31.0,2026_01_WAS_PHI,2026-09-09T22:34:50Z,graded,0.5,0.0,0.06976744186046502,0.8695652173913043,0.8695652173913043
7dddb296a42e7a41a774b24bd1709ce1,Carnell Tate,recv_yds,bovada,38.5,-115.0,-115.0,38.0,2026_01_NYJ_TEN,2026-09-09T22:34:30Z,graded,0.5,0.0,0.06976744186046502,0.8695652173913043,0.8695652173913043
cb77efed7e711d25a72c1a2a0a1af119,Jayden Reed,recv_yds,betmgm,38.5,-115.0,-115.0,20.0,2026_01_GB_MIN,2026-09-09T22:35:11Z,graded,0.5,0.0,0.06976744186046502,0.8695652173913043,0.8695652173913043
cb77efed7e711d25a72c1a2a0a1af119,Jayden Reed,recv_yds,bovada,38.5,-115.0,-115.0,20.0,2026_01_GB_MIN,2026-09-09T22:34:56Z,graded,0.5,0.0,0.06976744186046502,0.8695652173913043,0.8695652173913043
cb77efed7e711d25a72c1a2a0a1af119,Matthew Golden,recv_yds,betmgm,38.5,-115.0,-115.0,95.0,2026_01_GB_MIN,2026-09-09T22:35:11Z,graded,0.5,0.0,0.06976744186046502,0.8695652173913043,0.8695652173913043
e55c6fe19fce094ce214c8b0e5b504e9,Brian Thomas,recv_yds,bovada,38.5,-115.0,-115.0,40.0,2026_01_CLE_JAX,2026-09-09T22:34:58Z,graded,0.5,0.0,0.06976744186046502,0.8695652173913043,0.8695652173913043
c5d95f48a16849ab6bebc68fbbfcb74a,Michael Mayer,recv_yds,betmgm,39.5,-115.0,-115.0,32.0,2026_01_MIA_LV,2026-09-09T22:34:49Z,graded,0.5,0.0,0.06976744186046502,0.8695652173913043,0.8695652173913043
17885cb8dcade8f6c3bce14b2de805e8,Stefon Diggs,recv_yds,betrivers,40.5,-115.0,-115.0,55.0,2026_01_WAS_PHI,2026-09-09T22:35:12Z,graded,0.5,0.0,0.06976744186046502,0.8695652173913043,0.8695652173913043
17885cb8dcade8f6c3bce14b2de805e8,Stefon Diggs,recv_yds,bovada,40.5,-115.0,-115.0,55.0,2026_01_WAS_PHI,2026-09-09T22:34:54Z,graded,0.5,0.0,0.06976744186046502,0.8695652173913043,0.8695652173913043
1edfa5ceaa1ad2cb57df1c1b908731f6,Michael Wilson,recv_yds,bovada,40.5,-115.0,-115.0,56.0,2026_01_ARI_LAC,2026-09-09T22:34:07Z,graded,0.5,0.0,0.06976744186046502,0.8695652173913043,0.8695652173913043
7dddb296a42e7a41a774b24bd1709ce1,Carnell Tate,recv_yds,betmgm,40.5,-115.0,-115.0,38.0,2026_01_NYJ_TEN,2026-09-09T22:34:03Z,graded,0.5,0.0,0.06976744186046502,0.8695652173913043,0.8695652173913043
7dddb296a42e7a41a774b24bd1709ce1,Wan'Dale Robinson,recv_yds,betmgm,40.5,-115.0,-115.0,38.0,2026_01_NYJ_TEN,2026-09-09T22:34:03Z,graded,0.5,0.0,0.06976744186046502,0.8695652173913043,0.8695652173913043
95c01d1bb797d6df14824b106c5a9130,Michael Pittman,recv_yds,betmgm,40.5,-115.0,-115.0,58.0,2026_01_ATL_PIT,2026-09-09T22:34:49Z,graded,0.5,0.0,0.06976744186046502,0.8695652173913043,0.8695652173913043
95c01d1bb797d6df14824b106c5a9130,Michael Pittman,recv_yds,bovada,40.5,-115.0,-115.0,58.0,2026_01_ATL_PIT,2026-09-09T22:34:53Z,graded,0.5,0.0,0.06976744186046502,0.8695652173913043,0.8695652173913043
c1d3fcec25aaeb06ebd2244d33d338e0,Devaughn Vele,recv_yds,bovada,40.5,-115.0,-115.0,69.0,2026_01_NO_DET,2026-09-09T22:34:55Z,graded,0.5,0.0,0.06976744186046502,0.8695652173913043,0.8695652173913043
c1d3fcec25aaeb06ebd2244d33d338e0,Juwan Johnson,recv_yds,betmgm,40.5,-115.0,-115.0,54.0,2026_01_NO_DET,2026-09-09T22:34:50Z,graded,0.5,0.0,0.06976744186046502,0.8695652173913043,0.8695652173913043
fc362aff0d889ec52d358307a70c32ed,Jalen Coker,recv_yds,bovada,40.5,-115.0,-115.0,138.0,2026_01_CHI_CAR,2026-09-09T22:34:07Z,graded,0.5,0.0,0.06976744186046502,0.8695652173913043,0.8695652173913043
17885cb8dcade8f6c3bce14b2de805e8,Jacory Croskey-Merritt,rush_yds,bovada,41.5,-115.0,-115.0,63.0,2026_01_WAS_PHI,2026-09-09T22:34:54Z,graded,0.5,0.0,0.06976744186046502,0.8695652173913043,0.8695652173913043
1edfa5ceaa1ad2cb57df1c1b908731f6,Quentin Johnston,recv_yds,bovada,41.5,-115.0,-115.0,17.0,2026_01_ARI_LAC,2026-09-09T22:34:07Z,graded,0.5,0.0,0.06976744186046502,0.8695652173913043,0.8695652173913043
5ad8135dc2b5f27de0b777acd317855a,Travis Kelce,recv_yds,betmgm,41.5,-115.0,-115.0,71.0,2026_01_DEN_KC,2026-09-09T22:34:49Z,graded,0.5,0.0,0.06976744186046502,0.8695652173913043,0.8695652173913043
7dddb296a42e7a41a774b24bd1709ce1,Wan'Dale Robinson,recv_yds,betrivers,41.5,-115.0,-115.0,38.0,2026_01_NYJ_TEN,2026-09-09T22:35:12Z,graded,0.5,0.0,0.06976744186046502,0.8695652173913043,0.8695652173913043
95c01d1bb797d6df14824b106c5a9130,Kyle Pitts,recv_yds,betmgm,41.5,-115.0,-115.0,0.0,2026_01_ATL_PIT,2026-09-09T22:34:49Z,graded,0.5,0.0,0.06976744186046502,0.8695652173913043,0.8695652173913043
c1d3fcec25aaeb06ebd2244d33d338e0,Sam LaPorta,recv_yds,betmgm,41.5,-115.0,-115.0,48.0,2026_01_NO_DET,2026-09-09T22:34:50Z,graded,0.5,0.0,0.06976744186046502,0.8695652173913043,0.8695652173913043
ed6d24ff979f9c71979fead577b0b3f7,Chris Godwin,recv_yds,bovada,41.5,-115.0,-115.0,40.0,2026_01_TB_CIN,2026-09-09T22:34:55Z,graded,0.5,0.0,0.06976744186046502,0.8695652173913043,0.8695652173913043
17885cb8dcade8f6c3bce14b2de805e8,Stefon Diggs,recv_yds,betmgm,42.5,-115.0,-115.0,55.0,2026_01_WAS_PHI,2026-09-09T22:34:50Z,graded,0.5,0.0,0.06976744186046502,0.8695652173913043,0.8695652173913043
1edfa5ceaa1ad2cb57df1c1b908731f6,Michael Wilson,recv_yds,betmgm,42.5,-115.0,-115.0,56.0,2026_01_ARI_LAC,2026-09-09T22:35:11Z,graded,0.5,0.0,0.06976744186046502,0.8695652173913043,0.8695652173913043
1edfa5ceaa1ad2cb57df1c1b908731f6,Quentin Johnston,recv_yds,betmgm,42.5,-115.0,-115.0,17.0,2026_01_ARI_LAC,2026-09-09T22:35:11Z,graded,0.5,0.0,0.06976744186046502,0.8695652173913043,0.8695652173913043
5ad8135dc2b5f27de0b777acd317855a,Travis Kelce,recv_yds,betrivers,42.5,-115.0,-115.0,71.0,2026_01_DEN_KC,2026-09-09T22:35:12Z,graded,0.5,0.0,0.06976744186046502,0.8695652173913043,0.8695652173913043
5ad8135dc2b5f27de0b777acd317855a,Travis Kelce,recv_yds,bovada,42.5,-115.0,-115.0,71.0,2026_01_DEN_KC,2026-09-09T22:34:54Z,graded,0.5,0.0,0.06976744186046502,0.8695652173913043,0.8695652173913043
95c01d1bb797d6df14824b106c5a9130,Jaylen Warren,rush_yds,bovada,42.5,-115.0,-115.0,46.0,2026_01_ATL_PIT,2026-09-09T22:34:53Z,graded,0.5,0.0,0.06976744186046502,0.8695652173913043,0.8695652173913043
95c01d1bb797d6df14824b106c5a9130,Rico Dowdle,rush_yds,bovada,42.5,-115.0,-115.0,15.0,2026_01_ATL_PIT,2026-09-09T22:34:53Z,graded,0.5,0.0,0.06976744186046502,0.8695652173913043,0.8695652173913043
c1d3fcec25aaeb06ebd2244d33d338e0,Juwan Johnson,recv_yds,bovada,42.5,-115.0,-115.0,54.0,2026_01_NO_DET,2026-09-09T22:34:55Z,graded,0.5,0.0,0.06976744186046502,0.8695652173913043,0.8695652173913043
5ad8135dc2b5f27de0b777acd317855a,Courtland Sutton,recv_yds,betmgm,43.5,-115.0,-115.0,11.0,2026_01_DEN_KC,2026-09-09T22:34:49Z,graded,0.5,0.0,0.06976744186046502,0.8695652173913043,0.8695652173913043
7dddb296a42e7a41a774b24bd1709ce1,Wan'Dale Robinson,recv_yds,bovada,43.5,-115.0,-115.0,38.0,2026_01_NYJ_TEN,2026-09-09T22:34:30Z,graded,0.5,0.0,0.06976744186046502,0.8695652173913043,0.8695652173913043
acc580d74344ea3b31bbcdd057fe6a9c,Blake Corum,rush_yds,betmgm,43.5,-115.0,-115.0,54.0,2026_01_SF_LA,2026-09-09T22:35:34Z,graded,0.5,0.0,0.06976744186046502,0.8695652173913043,0.8695652173913043
c1d3fcec25aaeb06ebd2244d33d338e0,Juwan Johnson,recv_yds,betrivers,43.5,-115.0,-115.0,54.0,2026_01_NO_DET,2026-09-09T22:35:14Z,graded,0.5,0.0,0.06976744186046502,0.8695652173913043,0.8695652173913043
fc362aff0d889ec52d358307a70c32ed,Rome Odunze,recv_yds,betrivers,43.5,-115.0,-115.0,52.0,2026_01_CHI_CAR,2026-09-09T22:35:35Z,graded,0.5,0.0,0.06976744186046502,0.8695652173913043,0.8695652173913043
fc362aff0d889ec52d358307a70c32ed,Rome Odunze,recv_yds,bovada,43.5,-115.0,-115.0,52.0,2026_01_CHI_CAR,2026-09-09T22:34:07Z,graded,0.5,0.0,0.06976744186046502,0.8695652173913043,0.8695652173913043
1edfa5ceaa1ad2cb57df1c1b908731f6,Quentin Johnston,recv_yds,betrivers,44.5,-115.0,-115.0,17.0,2026_01_ARI_LAC,2026-09-09T22:35:36Z,graded,0.5,0.0,0.06976744186046502,0.8695652173913043,0.8695652173913043
5ad8135dc2b5f27de0b777acd317855a,Courtland Sutton,recv_yds,bovada,44.5,-115.0,-115.0,11.0,2026_01_DEN_KC,2026-09-09T22:34:54Z,graded,0.5,0.0,0.06976744186046502,0.8695652173913043,0.8695652173913043
7e09efed7e12c659b82740b67ce2f9a1,DJ Moore,recv_yds,betmgm,44.5,-115.0,-115.0,100.0,2026_01_BUF_HOU,2026-09-09T22:35:10Z,graded,0.5,0.0,0.06976744186046502,0.8695652173913043,0.8695652173913043
95c01d1bb797d6df14824b106c5a9130,Kyle Pitts,recv_yds,bovada,44.5,-115.0,-115.0,0.0,2026_01_ATL_PIT,2026-09-09T22:34:53Z,graded,0.5,0.0,0.06976744186046502,0.8695652173913043,0.8695652173913043
95c01d1bb797d6df14824b106c5a9130,Rico Dowdle,rush_yds,betmgm,44.5,-115.0,-115.0,15.0,2026_01_ATL_PIT,2026-09-09T22:34:49Z,graded,0.5,0.0,0.06976744186046502,0.8695652173913043,0.8695652173913043
acc580d74344ea3b31bbcdd057fe6a9c,Blake Corum,rush_yds,betrivers,44.5,-115.0,-115.0,54.0,2026_01_SF_LA,2026-09-09T22:35:11Z,graded,0.5,0.0,0.06976744186046502,0.8695652173913043,0.8695652173913043
b6cfdcbafa61ce220ba87dc2d9b80c77,Alec Pierce,recv_yds,bovada,44.5,-115.0,-115.0,61.0,2026_01_BAL_IND,2026-09-09T22:35:16Z,graded,0.5,0.0,0.06976744186046502,0.8695652173913043,0.8695652173913043
b6cfdcbafa61ce220ba87dc2d9b80c77,Josh Downs,recv_yds,bovada,44.5,-115.0,-115.0,37.0,2026_01_BAL_IND,2026-09-09T22:35:16Z,graded,0.5,0.0,0.06976744186046502,0.8695652173913043,0.8695652173913043
cb77efed7e711d25a72c1a2a0a1af119,Jordan Addison,recv_yds,bovada,44.5,-115.0,-115.0,0.0,2026_01_GB_MIN,2026-09-09T22:34:56Z,graded,0.5,0.0,0.06976744186046502,0.8695652173913043,0.8695652173913043
cb77efed7e711d25a72c1a2a0a1af119,Jordan Mason,rush_yds,betrivers,44.5,-115.0,-115.0,59.0,2026_01_GB_MIN,2026-09-09T22:35:35Z,graded,0.5,0.0,0.06976744186046502,0.8695652173913043,0.8695652173913043
cb77efed7e711d25a72c1a2a0a1af119,MarShawn Lloyd,rush_yds,betrivers,44.5,-115.0,-115.0,37.0,2026_01_GB_MIN,2026-09-09T22:35:35Z,graded,0.5,0.0,0.06976744186046502,0.8695652173913043,0.8695652173913043
cb77efed7e711d25a72c1a2a0a1af119,Tucker Kraft,recv_yds,bovada,44.5,-115.0,-115.0,65.0,2026_01_GB_MIN,2026-09-09T22:34:56Z,graded,0.5,0.0,0.06976744186046502,0.8695652173913043,0.8695652173913043
1edfa5ceaa1ad2cb57df1c1b908731f6,Marvin Harrison,recv_yds,bovada,45.5,-115.0,-115.0,33.0,2026_01_ARI_LAC,2026-09-09T22:34:07Z,graded,0.5,0.0,0.06976744186046502,0.8695652173913043,0.8695652173913043
acc580d74344ea3b31bbcdd057fe6a9c,Blake Corum,rush_yds,bovada,45.5,-115.0,-115.0,54.0,2026_01_SF_LA,2026-09-09T22:35:39Z,graded,0.5,0.0,0.06976744186046502,0.8695652173913043,0.8695652173913043
b6cfdcbafa61ce220ba87dc2d9b80c77,Tyler Warren,recv_yds,betmgm,45.5,-115.0,-115.0,13.0,2026_01_BAL_IND,2026-09-09T22:34:24Z,graded,0.5,0.0,0.06976744186046502,0.8695652173913043,0.8695652173913043
cb77efed7e711d25a72c1a2a0a1af119,Jordan Mason,rush_yds,betmgm,45.5,-115.0,-115.0,59.0,2026_01_GB_MIN,2026-09-09T22:35:11Z,graded,0.5,0.0,0.06976744186046502,0.8695652173913043,0.8695652173913043
7e09efed7e12c659b82740b67ce2f9a1,DJ Moore,recv_yds,bovada,46.5,-115.0,-115.0,100.0,2026_01_BUF_HOU,2026-09-09T22:35:38Z,graded,0.5,0.0,0.06976744186046502,0.8695652173913043,0.8695652173913043
c5d95f48a16849ab6bebc68fbbfcb74a,Tre Tucker,recv_yds,betmgm,46.5,-115.0,-115.0,27.0,2026_01_MIA_LV,2026-09-09T22:34:49Z,graded,0.5,0.0,0.06976744186046502,0.8695652173913043,0.8695652173913043
5ad8135dc2b5f27de0b777acd317855a,J.K. Dobbins,rush_yds,betmgm,47.5,-115.0,-115.0,36.0,2026_01_DEN_KC,2026-09-09T22:34:49Z,graded,0.5,0.0,0.06976744186046502,0.8695652173913043,0.8695652173913043
b6cfdcbafa61ce220ba87dc2d9b80c77,Tyler Warren,recv_yds,bovada,47.5,-115.0,-115.0,13.0,2026_01_BAL_IND,2026-09-09T22:35:16Z,graded,0.5,0.0,0.06976744186046502,0.8695652173913043,0.8695652173913043
95c01d1bb797d6df14824b106c5a9130,DK Metcalf,recv_yds,betmgm,48.5,-115.0,-115.0,40.0,2026_01_ATL_PIT,2026-09-09T22:34:49Z,graded,0.5,0.0,0.06976744186046502,0.8695652173913043,0.8695652173913043
c5d95f48a16849ab6bebc68fbbfcb74a,Tre Tucker,recv_yds,bovada,48.5,-115.0,-115.0,27.0,2026_01_MIA_LV,2026-09-09T22:35:16Z,graded,0.5,0.0,0.06976744186046502,0.8695652173913043,0.8695652173913043
17885cb8dcade8f6c3bce14b2de805e8,Terry McLaurin,recv_yds,bovada,49.5,-115.0,-115.0,14.0,2026_01_WAS_PHI,2026-09-09T22:34:54Z,graded,0.5,0.0,0.06976744186046502,0.8695652173913043,0.8695652173913043
3e646c7479c57f5d9752d8c7dfe7059b,Cam Skattebo,rush_yds,bovada,49.5,-115.0,-115.0,81.0,2026_01_DAL_NYG,2026-09-09T22:34:54Z,graded,0.5,0.0,0.06976744186046502,0.8695652173913043,0.8695652173913043
acc580d74344ea3b31bbcdd057fe6a9c,Mike Evans,recv_yds,betmgm,49.5,-115.0,-115.0,49.0,2026_01_SF_LA,2026-09-09T22:35:34Z,graded,0.5,0.0,0.06976744186046502,0.8695652173913043,0.8695652173913043
acc580d74344ea3b31bbcdd057fe6a9c,Mike Evans,recv_yds,bovada,49.5,-115.0,-115.0,49.0,2026_01_SF_LA,2026-09-09T22:35:39Z,graded,0.5,0.0,0.06976744186046502,0.8695652173913043,0.8695652173913043
e55c6fe19fce094ce214c8b0e5b504e9,Bhayshul Tuten,rush_yds,bovada,49.5,-115.0,-115.0,66.0,2026_01_CLE_JAX,2026-09-09T22:34:58Z,graded,0.5,0.0,0.06976744186046502,0.8695652173913043,0.8695652173913043
5ad8135dc2b5f27de0b777acd317855a,J.K. Dobbins,rush_yds,bovada,50.5,-115.0,-115.0,36.0,2026_01_DEN_KC,2026-09-09T22:34:54Z,graded,0.5,0.0,0.06976744186046502,0.8695652173913043,0.8695652173913043
95c01d1bb797d6df14824b106c5a9130,DK Metcalf,recv_yds,bovada,50.5,-115.0,-115.0,40.0,2026_01_ATL_PIT,2026-09-09T22:34:53Z,graded,0.5,0.0,0.06976744186046502,0.8695652173913043,0.8695652173913043
acc580d74344ea3b31bbcdd057fe6a9c,Davante Adams,recv_yds,betmgm,50.5,-115.0,-115.0,26.0,2026_01_SF_LA,2026-09-09T22:35:34Z,graded,0.5,0.0,0.06976744186046502,0.8695652173913043,0.8695652173913043
17885cb8dcade8f6c3bce14b2de805e8,Terry McLaurin,recv_yds,betmgm,51.5,-115.0,-115.0,14.0,2026_01_WAS_PHI,2026-09-09T22:34:50Z,graded,0.5,0.0,0.06976744186046502,0.8695652173913043,0.8695652173913043
3e646c7479c57f5d9752d8c7dfe7059b,Cam Skattebo,rush_yds,betmgm,51.5,-115.0,-115.0,81.0,2026_01_DAL_NYG,2026-09-09T22:34:51Z,graded,0.5,0.0,0.06976744186046502,0.8695652173913043,0.8695652173913043
7dddb296a42e7a41a774b24bd1709ce1,Tony Pollard,rush_yds,bovada,52.5,-115.0,-115.0,35.0,2026_01_NYJ_TEN,2026-09-09T22:34:30Z,graded,0.5,0.0,0.06976744186046502,0.8695652173913043,0.8695652173913043
acc580d74344ea3b31bbcdd057fe6a9c,Davante Adams,recv_yds,bovada,52.5,-115.0,-115.0,26.0,2026_01_SF_LA,2026-09-09T22:35:39Z,graded,0.5,0.0,0.06976744186046502,0.8695652173913043,0.8695652173913043
fc362aff0d889ec52d358307a70c32ed,Colston Loveland,recv_yds,bovada,52.5,-115.0,-115.0,0.0,2026_01_CHI_CAR,2026-09-09T22:34:07Z,graded,0.5,0.0,0.06976744186046502,0.8695652173913043,0.8695652173913043
1edfa5ceaa1ad2cb57df1c1b908731f6,Ladd McConkey,recv_yds,betmgm,53.5,-115.0,-115.0,82.0,2026_01_ARI_LAC,2026-09-09T22:35:11Z,graded,0.5,0.0,0.06976744186046502,0.8695652173913043,0.8695652173913043
1edfa5ceaa1ad2cb57df1c1b908731f6,Ladd McConkey,recv_yds,bovada,53.5,-115.0,-115.0,82.0,2026_01_ARI_LAC,2026-09-09T22:34:07Z,graded,0.5,0.0,0.06976744186046502,0.8695652173913043,0.8695652173913043
5ad8135dc2b5f27de0b777acd317855a,Jaylen Waddle,recv_yds,betmgm,53.5,-115.0,-115.0,2.0,2026_01_DEN_KC,2026-09-09T22:34:49Z,graded,0.5,0.0,0.06976744186046502,0.8695652173913043,0.8695652173913043
7dddb296a42e7a41a774b24bd1709ce1,Tony Pollard,rush_yds,betmgm,53.5,-115.0,-115.0,35.0,2026_01_NYJ_TEN,2026-09-09T22:34:03Z,graded,0.5,0.0,0.06976744186046502,0.8695652173913043,0.8695652173913043
7e09efed7e12c659b82740b67ce2f9a1,David Montgomery,rush_yds,betrivers,53.5,-115.0,-115.0,60.0,2026_01_BUF_HOU,2026-09-09T22:35:35Z,graded,0.5,0.0,0.06976744186046502,0.8695652173913043,0.8695652173913043
8c94552d022acec4a0458d70c19d3da9,Jadarian Price,rush_yds,betmgm,53.5,-115.0,-115.0,52.0,2026_01_NE_SEA,2026-09-09T22:35:11Z,graded,0.5,0.0,0.06976744186046502,0.8695652173913043,0.8695652173913043
cb77efed7e711d25a72c1a2a0a1af119,Christian Watson,recv_yds,betrivers,53.5,-115.0,-115.0,147.0,2026_01_GB_MIN,2026-09-09T22:35:35Z,graded,0.5,0.0,0.06976744186046502,0.8695652173913043,0.8695652173913043
e55c6fe19fce094ce214c8b0e5b504e9,Parker Washington,recv_yds,bovada,53.5,-115.0,-115.0,83.0,2026_01_CLE_JAX,2026-09-09T22:34:58Z,graded,0.5,0.0,0.06976744186046502,0.8695652173913043,0.8695652173913043
ed6d24ff979f9c71979fead577b0b3f7,Emeka Egbuka,recv_yds,bovada,53.5,-115.0,-115.0,63.0,2026_01_TB_CIN,2026-09-09T22:34:55Z,graded,0.5,0.0,0.06976744186046502,0.8695652173913043,0.8695652173913043
1edfa5ceaa1ad2cb57df1c1b908731f6,Ladd McConkey,recv_yds,betrivers,54.5,-115.0,-115.0,82.0,2026_01_ARI_LAC,2026-09-09T22:35:36Z,graded,0.5,0.0,0.06976744186046502,0.8695652173913043,0.8695652173913043
7e09efed7e12c659b82740b67ce2f9a1,David Montgomery,rush_yds,bovada,54.5,-115.0,-115.0,60.0,2026_01_BUF_HOU,2026-09-09T22:35:38Z,graded,0.5,0.0,0.06976744186046502,0.8695652173913043,0.8695652173913043
8c94552d022acec4a0458d70c19d3da9,Jadarian Price,rush_yds,bovada,54.5,-115.0,-115.0,52.0,2026_01_NE_SEA,2026-09-09T22:34:55Z,graded,0.5,0.0,0.06976744186046502,0.8695652173913043,0.8695652173913043
c1d3fcec25aaeb06ebd2244d33d338e0,Jameson Williams,recv_yds,betmgm,54.5,-115.0,-115.0,45.0,2026_01_NO_DET,2026-09-09T22:34:50Z,graded,0.5,0.0,0.06976744186046502,0.8695652173913043,0.8695652173913043
ed6d24ff979f9c71979fead577b0b3f7,Emeka Egbuka,recv_yds,betmgm,54.5,-115.0,-115.0,63.0,2026_01_TB_CIN,2026-09-09T22:34:52Z,graded,0.5,0.0,0.06976744186046502,0.8695652173913043,0.8695652173913043
fc362aff0d889ec52d358307a70c32ed,Colston Loveland,recv_yds,betmgm,54.5,-115.0,-115.0,0.0,2026_01_CHI_CAR,2026-09-09T22:34:49Z,graded,0.5,0.0,0.06976744186046502,0.8695652173913043,0.8695652173913043
acc580d74344ea3b31bbcdd057fe6a9c,Kyren Williams,rush_yds,betmgm,55.5,-115.0,-115.0,41.0,2026_01_SF_LA,2026-09-09T22:35:34Z,graded,0.5,0.0,0.06976744186046502,0.8695652173913043,0.8695652173913043
cb77efed7e711d25a72c1a2a0a1af119,Christian Watson,recv_yds,betmgm,55.5,-115.0,-115.0,147.0,2026_01_GB_MIN,2026-09-09T22:35:11Z,graded,0.5,0.0,0.06976744186046502,0.8695652173913043,0.8695652173913043
cb77efed7e711d25a72c1a2a0a1af119,Christian Watson,recv_yds,bovada,55.5,-115.0,-115.0,147.0,2026_01_GB_MIN,2026-09-09T22:34:56Z,graded,0.5,0.0,0.06976744186046502,0.8695652173913043,0.8695652173913043
cb77efed7e711d25a72c1a2a0a1af119,Christian Watson,recv_yds,fanatics,55.5,-115.0,-115.0,147.0,2026_01_GB_MIN,2026-09-09T22:33:52Z,graded,0.5,0.0,0.06976744186046502,0.8695652173913043,0.8695652173913043
1edfa5ceaa1ad2cb57df1c1b908731f6,Trey McBride,recv_yds,bovada,56.5,-115.0,-115.0,95.0,2026_01_ARI_LAC,2026-09-09T22:34:07Z,graded,0.5,0.0,0.06976744186046502,0.8695652173913043,0.8695652173913043
5ad8135dc2b5f27de0b777acd317855a,Jaylen Waddle,recv_yds,bovada,56.5,-115.0,-115.0,2.0,2026_01_DEN_KC,2026-09-09T22:34:54Z,graded,0.5,0.0,0.06976744186046502,0.8695652173913043,0.8695652173913043
7e09efed7e12c659b82740b67ce2f9a1,David Montgomery,rush_yds,betmgm,56.5,-115.0,-115.0,60.0,2026_01_BUF_HOU,2026-09-09T22:35:10Z,graded,0.5,0.0,0.06976744186046502,0.8695652173913043,0.8695652173913043
c1d3fcec25aaeb06ebd2244d33d338e0,Travis Etienne,rush_yds,betmgm,56.5,-115.0,-115.0,46.0,2026_01_NO_DET,2026-09-09T22:34:50Z,graded,0.5,0.0,0.06976744186046502,0.8695652173913043,0.8695652173913043
ed6d24ff979f9c71979fead577b0b3f7,Bucky Irving,rush_yds,betmgm,56.5,-115.0,-115.0,45.0,2026_01_TB_CIN,2026-09-09T22:34:52Z,graded,0.5,0.0,0.06976744186046502,0.8695652173913043,0.8695652173913043
ed6d24ff979f9c71979fead577b0b3f7,Bucky Irving,rush_yds,bovada,56.5,-115.0,-115.0,45.0,2026_01_TB_CIN,2026-09-09T22:34:55Z,graded,0.5,0.0,0.06976744186046502,0.8695652173913043,0.8695652173913043
fc362aff0d889ec52d358307a70c32ed,Luther Burden,recv_yds,betrivers,56.5,-115.0,-115.0,63.0,2026_01_CHI_CAR,2026-09-09T22:35:35Z,graded,0.5,0.0,0.06976744186046502,0.8695652173913043,0.8695652173913043
fc362aff0d889ec52d358307a70c32ed,Luther Burden,recv_yds,bovada,56.5,-115.0,-115.0,63.0,2026_01_CHI_CAR,2026-09-09T22:34:07Z,graded,0.5,0.0,0.06976744186046502,0.8695652173913043,0.8695652173913043
e55c6fe19fce094ce214c8b0e5b504e9,Quinshon Judkins,rush_yds,betrivers,57.5,-115.0,-115.0,33.0,2026_01_CLE_JAX,2026-09-09T22:35:14Z,graded,0.5,0.0,0.06976744186046502,0.8695652173913043,0.8695652173913043
ed6d24ff979f9c71979fead577b0b3f7,Chase Brown,rush_yds,betmgm,57.5,-115.0,-115.0,56.0,2026_01_TB_CIN,2026-09-09T22:34:52Z,graded,0.5,0.0,0.06976744186046502,0.8695652173913043,0.8695652173913043
fc362aff0d889ec52d358307a70c32ed,Tetairoa McMillan,recv_yds,betrivers,57.5,-115.0,-115.0,75.0,2026_01_CHI_CAR,2026-09-09T22:35:35Z,graded,0.5,0.0,0.06976744186046502,0.8695652173913043,0.8695652173913043
5ad8135dc2b5f27de0b777acd317855a,Rashee Rice,recv_yds,betmgm,58.5,-115.0,-115.0,19.0,2026_01_DEN_KC,2026-09-09T22:34:49Z,graded,0.5,0.0,0.06976744186046502,0.8695652173913043,0.8695652173913043
8c94552d022acec4a0458d70c19d3da9,Rhamondre Stevenson,rush_yds,bovada,58.5,-115.0,-115.0,51.0,2026_01_NE_SEA,2026-09-09T22:34:55Z,graded,0.5,0.0,0.06976744186046502,0.8695652173913043,0.8695652173913043
e55c6fe19fce094ce214c8b0e5b504e9,Quinshon Judkins,rush_yds,betmgm,58.5,-115.0,-115.0,33.0,2026_01_CLE_JAX,2026-09-09T22:35:12Z,graded,0.5,0.0,0.06976744186046502,0.8695652173913043,0.8695652173913043
1edfa5ceaa1ad2cb57df1c1b908731f6,Trey McBride,recv_yds,betmgm,59.5,-115.0,-115.0,95.0,2026_01_ARI_LAC,2026-09-09T22:35:11Z,graded,0.5,0.0,0.06976744186046502,0.8695652173913043,0.8695652173913043
3e646c7479c57f5d9752d8c7dfe7059b,Malik Nabers,recv_yds,betrivers,59.5,-115.0,-115.0,69.0,2026_01_DAL_NYG,2026-09-09T22:35:36Z,graded,0.5,0.0,0.06976744186046502,0.8695652173913043,0.8695652173913043
acc580d74344ea3b31bbcdd057fe6a9c,Christian McCaffrey,rush_yds,betmgm,59.5,-115.0,-115.0,68.0,2026_01_SF_LA,2026-09-09T22:35:34Z,graded,0.5,0.0,0.06976744186046502,0.8695652173913043,0.8695652173913043
acc580d74344ea3b31bbcdd057fe6a9c,Christian McCaffrey,rush_yds,bovada,59.5,-115.0,-115.0,68.0,2026_01_SF_LA,2026-09-09T22:35:39Z,graded,0.5,0.0,0.06976744186046502,0.8695652173913043,0.8695652173913043
c1d3fcec25aaeb06ebd2244d33d338e0,Jameson Williams,recv_yds,bovada,59.5,-115.0,-115.0,45.0,2026_01_NO_DET,2026-09-09T22:34:55Z,graded,0.5,0.0,0.06976744186046502,0.8695652173913043,0.8695652173913043
ed6d24ff979f9c71979fead577b0b3f7,Chase Brown,rush_yds,bovada,59.5,-115.0,-115.0,56.0,2026_01_TB_CIN,2026-09-09T22:34:55Z,graded,0.5,0.0,0.06976744186046502,0.8695652173913043,0.8695652173913043
fc362aff0d889ec52d358307a70c32ed,Tetairoa McMillan,recv_yds,betmgm,59.5,-115.0,-115.0,75.0,2026_01_CHI_CAR,2026-09-09T22:34:49Z,graded,0.5,0.0,0.06976744186046502,0.8695652173913043,0.8695652173913043
fc362aff0d889ec52d358307a70c32ed,Tetairoa McMillan,recv_yds,bovada,59.5,-115.0,-115.0,75.0,2026_01_CHI_CAR,2026-09-09T22:34:07Z,graded,0.5,0.0,0.06976744186046502,0.8695652173913043,0.8695652173913043
3e646c7479c57f5d9752d8c7dfe7059b,Malik Nabers,recv_yds,bovada,60.5,-115.0,-115.0,69.0,2026_01_DAL_NYG,2026-09-09T22:34:54Z,graded,0.5,0.0,0.06976744186046502,0.8695652173913043,0.8695652173913043
5ad8135dc2b5f27de0b777acd317855a,Kenneth Walker,rush_yds,fanatics,60.5,-115.0,-115.0,173.0,2026_01_DEN_KC,2026-09-09T22:35:46Z,graded,0.5,0.0,0.06976744186046502,0.8695652173913043,0.8695652173913043
5ad8135dc2b5f27de0b777acd317855a,Rashee Rice,recv_yds,fanatics,60.5,-115.0,-115.0,19.0,2026_01_DEN_KC,2026-09-09T22:35:46Z,graded,0.5,0.0,0.06976744186046502,0.8695652173913043,0.8695652173913043
7dddb296a42e7a41a774b24bd1709ce1,Garrett Wilson,recv_yds,betmgm,60.5,-115.0,-115.0,79.0,2026_01_NYJ_TEN,2026-09-09T22:34:03Z,graded,0.5,0.0,0.06976744186046502,0.8695652173913043,0.8695652173913043
7dddb296a42e7a41a774b24bd1709ce1,Garrett Wilson,recv_yds,bovada,60.5,-115.0,-115.0,79.0,2026_01_NYJ_TEN,2026-09-09T22:34:30Z,graded,0.5,0.0,0.06976744186046502,0.8695652173913043,0.8695652173913043
e55c6fe19fce094ce214c8b0e5b504e9,Quinshon Judkins,rush_yds,bovada,60.5,-115.0,-115.0,33.0,2026_01_CLE_JAX,2026-09-09T22:34:58Z,graded,0.5,0.0,0.06976744186046502,0.8695652173913043,0.8695652173913043
3e646c7479c57f5d9752d8c7dfe7059b,Malik Nabers,recv_yds,betmgm,61.5,-115.0,-115.0,69.0,2026_01_DAL_NYG,2026-09-09T22:34:51Z,graded,0.5,0.0,0.06976744186046502,0.8695652173913043,0.8695652173913043
5ad8135dc2b5f27de0b777acd317855a,Kenneth Walker,rush_yds,bovada,61.5,-115.0,-115.0,173.0,2026_01_DEN_KC,2026-09-09T22:34:54Z,graded,0.5,0.0,0.06976744186046502,0.8695652173913043,0.8695652173913043
5ad8135dc2b5f27de0b777acd317855a,Rashee Rice,recv_yds,bovada,61.5,-115.0,-115.0,19.0,2026_01_DEN_KC,2026-09-09T22:34:54Z,graded,0.5,0.0,0.06976744186046502,0.8695652173913043,0.8695652173913043
95c01d1bb797d6df14824b106c5a9130,Drake London,recv_yds,betrivers,61.5,-115.0,-115.0,29.0,2026_01_ATL_PIT,2026-09-09T22:35:39Z,graded,0.5,0.0,0.06976744186046502,0.8695652173913043,0.8695652173913043
95c01d1bb797d6df14824b106c5a9130,Drake London,recv_yds,betmgm,62.5,-115.0,-115.0,29.0,2026_01_ATL_PIT,2026-09-09T22:34:49Z,graded,0.5,0.0,0.06976744186046502,0.8695652173913043,0.8695652173913043
5ad8135dc2b5f27de0b777acd317855a,Kenneth Walker,rush_yds,betmgm,63.5,-115.0,-115.0,173.0,2026_01_DEN_KC,2026-09-09T22:34:49Z,graded,0.5,0.0,0.06976744186046502,0.8695652173913043,0.8695652173913043
7dddb296a42e7a41a774b24bd1709ce1,Breece Hall,rush_yds,betmgm,63.5,-115.0,-115.0,102.0,2026_01_NYJ_TEN,2026-09-09T22:34:03Z,graded,0.5,0.0,0.06976744186046502,0.8695652173913043,0.8695652173913043
95c01d1bb797d6df14824b106c5a9130,Drake London,recv_yds,bovada,63.5,-115.0,-115.0,29.0,2026_01_ATL_PIT,2026-09-09T22:34:53Z,graded,0.5,0.0,0.06976744186046502,0.8695652173913043,0.8695652173913043
b6cfdcbafa61ce220ba87dc2d9b80c77,Zay Flowers,recv_yds,betmgm,63.5,-115.0,-115.0,150.0,2026_01_BAL_IND,2026-09-09T22:34:24Z,graded,0.5,0.0,0.06976744186046502,0.8695652173913043,0.8695652173913043
8c94552d022acec4a0458d70c19d3da9,A.J. Brown,recv_yds,betmgm,64.5,-115.0,-115.0,26.0,2026_01_NE_SEA,2026-09-09T22:35:11Z,graded,0.5,0.0,0.06976744186046502,0.8695652173913043,0.8695652173913043
17885cb8dcade8f6c3bce14b2de805e8,DeVonta Smith,recv_yds,betmgm,65.5,-115.0,-115.0,53.0,2026_01_WAS_PHI,2026-09-09T22:34:50Z,graded,0.5,0.0,0.06976744186046502,0.8695652173913043,0.8695652173913043
1edfa5ceaa1ad2cb57df1c1b908731f6,Omarion Hampton,rush_yds,fanatics,65.5,-115.0,-115.0,43.0,2026_01_ARI_LAC,2026-09-09T22:35:00Z,graded,0.5,0.0,0.06976744186046502,0.8695652173913043,0.8695652173913043
7dddb296a42e7a41a774b24bd1709ce1,Breece Hall,rush_yds,bovada,65.5,-115.0,-115.0,102.0,2026_01_NYJ_TEN,2026-09-09T22:34:30Z,graded,0.5,0.0,0.06976744186046502,0.8695652173913043,0.8695652173913043
8c94552d022acec4a0458d70c19d3da9,A.J. Brown,recv_yds,betrivers,65.5,-115.0,-115.0,26.0,2026_01_NE_SEA,2026-09-09T22:35:15Z,graded,0.5,0.0,0.06976744186046502,0.8695652173913043,0.8695652173913043
b6cfdcbafa61ce220ba87dc2d9b80c77,Zay Flowers,recv_yds,bovada,65.5,-115.0,-115.0,150.0,2026_01_BAL_IND,2026-09-09T22:35:16Z,graded,0.5,0.0,0.06976744186046502,0.8695652173913043,0.8695652173913043
ed6d24ff979f9c71979fead577b0b3f7,Tee Higgins,recv_yds,betmgm,65.5,-115.0,-115.0,59.0,2026_01_TB_CIN,2026-09-09T22:34:52Z,graded,0.5,0.0,0.06976744186046502,0.8695652173913043,0.8695652173913043
ed6d24ff979f9c71979fead577b0b3f7,Tee Higgins,recv_yds,bovada,65.5,-115.0,-115.0,59.0,2026_01_TB_CIN,2026-09-09T22:34:55Z,graded,0.5,0.0,0.06976744186046502,0.8695652173913043,0.8695652173913043
17885cb8dcade8f6c3bce14b2de805e8,DeVonta Smith,recv_yds,bovada,66.5,-115.0,-115.0,53.0,2026_01_WAS_PHI,2026-09-09T22:34:54Z,graded,0.5,0.0,0.06976744186046502,0.8695652173913043,0.8695652173913043
1edfa5ceaa1ad2cb57df1c1b908731f6,Omarion Hampton,rush_yds,bovada,67.5,-115.0,-115.0,43.0,2026_01_ARI_LAC,2026-09-09T22:34:07Z,graded,0.5,0.0,0.06976744186046502,0.8695652173913043,0.8695652173913043
3e646c7479c57f5d9752d8c7dfe7059b,George Pickens,recv_yds,betmgm,67.5,-115.0,-115.0,28.0,2026_01_DAL_NYG,2026-09-09T22:34:51Z,graded,0.5,0.0,0.06976744186046502,0.8695652173913043,0.8695652173913043
3e646c7479c57f5d9752d8c7dfe7059b,George Pickens,recv_yds,bovada,67.5,-115.0,-115.0,28.0,2026_01_DAL_NYG,2026-09-09T22:34:54Z,graded,0.5,0.0,0.06976744186046502,0.8695652173913043,0.8695652173913043
7e09efed7e12c659b82740b67ce2f9a1,Nico Collins,recv_yds,bovada,68.5,-115.0,-115.0,75.0,2026_01_BUF_HOU,2026-09-09T22:35:38Z,graded,0.5,0.0,0.06976744186046502,0.8695652173913043,0.8695652173913043
c5d95f48a16849ab6bebc68fbbfcb74a,De'Von Achane,rush_yds,betrivers,68.5,-115.0,-115.0,36.0,2026_01_MIA_LV,2026-09-09T22:35:35Z,graded,0.5,0.0,0.06976744186046502,0.8695652173913043,0.8695652173913043
c5d95f48a16849ab6bebc68fbbfcb74a,De'Von Achane,rush_yds,bovada,70.5,-115.0,-115.0,36.0,2026_01_MIA_LV,2026-09-09T22:35:16Z,graded,0.5,0.0,0.06976744186046502,0.8695652173913043,0.8695652173913043
3e646c7479c57f5d9752d8c7dfe7059b,Javonte Williams,rush_yds,betmgm,71.5,-115.0,-115.0,41.0,2026_01_DAL_NYG,2026-09-09T22:34:51Z,graded,0.5,0.0,0.06976744186046502,0.8695652173913043,0.8695652173913043
7e09efed7e12c659b82740b67ce2f9a1,Nico Collins,recv_yds,betmgm,71.5,-115.0,-115.0,75.0,2026_01_BUF_HOU,2026-09-09T22:35:10Z,graded,0.5,0.0,0.06976744186046502,0.8695652173913043,0.8695652173913043
3e646c7479c57f5d9752d8c7dfe7059b,Javonte Williams,rush_yds,bovada,72.5,-115.0,-115.0,41.0,2026_01_DAL_NYG,2026-09-09T22:34:54Z,graded,0.5,0.0,0.06976744186046502,0.8695652173913043,0.8695652173913043
cb77efed7e711d25a72c1a2a0a1af119,Justin Jefferson,recv_yds,bovada,74.5,-115.0,-115.0,92.0,2026_01_GB_MIN,2026-09-09T22:34:56Z,graded,0.5,0.0,0.06976744186046502,0.8695652173913043,0.8695652173913043
3e646c7479c57f5d9752d8c7dfe7059b,CeeDee Lamb,recv_yds,betmgm,75.5,-115.0,-115.0,44.0,2026_01_DAL_NYG,2026-09-09T22:34:51Z,graded,0.5,0.0,0.06976744186046502,0.8695652173913043,0.8695652173913043
7e09efed7e12c659b82740b67ce2f9a1,James Cook,rush_yds,bovada,75.5,-115.0,-115.0,57.0,2026_01_BUF_HOU,2026-09-09T22:35:38Z,graded,0.5,0.0,0.06976744186046502,0.8695652173913043,0.8695652173913043
b6cfdcbafa61ce220ba87dc2d9b80c77,Jonathan Taylor,rush_yds,betrivers,75.5,-115.0,-115.0,98.0,2026_01_BAL_IND,2026-09-09T22:35:12Z,graded,0.5,0.0,0.06976744186046502,0.8695652173913043,0.8695652173913043
17885cb8dcade8f6c3bce14b2de805e8,Saquon Barkley,rush_yds,betmgm,76.5,-115.0,-115.0,83.0,2026_01_WAS_PHI,2026-09-09T22:34:50Z,graded,0.5,0.0,0.06976744186046502,0.8695652173913043,0.8695652173913043
95c01d1bb797d6df14824b106c5a9130,Bijan Robinson,rush_yds,betrivers,76.5,-115.0,-115.0,83.0,2026_01_ATL_PIT,2026-09-09T22:35:39Z,graded,0.5,0.0,0.06976744186046502,0.8695652173913043,0.8695652173913043
95c01d1bb797d6df14824b106c5a9130,Bijan Robinson,rush_yds,bovada,76.5,-115.0,-115.0,83.0,2026_01_ATL_PIT,2026-09-09T22:34:53Z,graded,0.5,0.0,0.06976744186046502,0.8695652173913043,0.8695652173913043
b6cfdcbafa61ce220ba87dc2d9b80c77,Jonathan Taylor,rush_yds,betmgm,76.5,-115.0,-115.0,98.0,2026_01_BAL_IND,2026-09-09T22:34:24Z,graded,0.5,0.0,0.06976744186046502,0.8695652173913043,0.8695652173913043
b6cfdcbafa61ce220ba87dc2d9b80c77,Jonathan Taylor,rush_yds,bovada,76.5,-115.0,-115.0,98.0,2026_01_BAL_IND,2026-09-09T22:35:16Z,graded,0.5,0.0,0.06976744186046502,0.8695652173913043,0.8695652173913043
c1d3fcec25aaeb06ebd2244d33d338e0,Chris Olave,recv_yds,bovada,76.5,-115.0,-115.0,182.0,2026_01_NO_DET,2026-09-09T22:34:55Z,graded,0.5,0.0,0.06976744186046502,0.8695652173913043,0.8695652173913043
17885cb8dcade8f6c3bce14b2de805e8,Saquon Barkley,rush_yds,bovada,77.5,-115.0,-115.0,83.0,2026_01_WAS_PHI,2026-09-09T22:34:54Z,graded,0.5,0.0,0.06976744186046502,0.8695652173913043,0.8695652173913043
3e646c7479c57f5d9752d8c7dfe7059b,CeeDee Lamb,recv_yds,bovada,77.5,-115.0,-115.0,44.0,2026_01_DAL_NYG,2026-09-09T22:34:54Z,graded,0.5,0.0,0.06976744186046502,0.8695652173913043,0.8695652173913043
c1d3fcec25aaeb06ebd2244d33d338e0,Amon-Ra St. Brown,recv_yds,bovada,77.5,-115.0,-115.0,67.0,2026_01_NO_DET,2026-09-09T22:34:55Z,graded,0.5,0.0,0.06976744186046502,0.8695652173913043,0.8695652173913043
c1d3fcec25aaeb06ebd2244d33d338e0,Chris Olave,recv_yds,betmgm,77.5,-115.0,-115.0,182.0,2026_01_NO_DET,2026-09-09T22:34:50Z,graded,0.5,0.0,0.06976744186046502,0.8695652173913043,0.8695652173913043
95c01d1bb797d6df14824b106c5a9130,Bijan Robinson,rush_yds,betmgm,78.5,-115.0,-115.0,83.0,2026_01_ATL_PIT,2026-09-09T22:34:49Z,graded,0.5,0.0,0.06976744186046502,0.8695652173913043,0.8695652173913043
c1d3fcec25aaeb06ebd2244d33d338e0,Amon-Ra St. Brown,recv_yds,betmgm,78.5,-115.0,-115.0,67.0,2026_01_NO_DET,2026-09-09T22:34:50Z,graded,0.5,0.0,0.06976744186046502,0.8695652173913043,0.8695652173913043
b6cfdcbafa61ce220ba87dc2d9b80c77,Derrick Henry,rush_yds,betmgm,79.5,-115.0,-115.0,144.0,2026_01_BAL_IND,2026-09-09T22:34:24Z,graded,0.5,0.0,0.06976744186046502,0.8695652173913043,0.8695652173913043
b6cfdcbafa61ce220ba87dc2d9b80c77,Derrick Henry,rush_yds,bovada,79.5,-115.0,-115.0,144.0,2026_01_BAL_IND,2026-09-09T22:35:16Z,graded,0.5,0.0,0.06976744186046502,0.8695652173913043,0.8695652173913043
8c94552d022acec4a0458d70c19d3da9,Jaxon Smith-Njigba,recv_yds,betmgm,82.5,-115.0,-115.0,122.0,2026_01_NE_SEA,2026-09-09T22:35:11Z,graded,0.5,0.0,0.06976744186046502,0.8695652173913043,0.8695652173913043
8c94552d022acec4a0458d70c19d3da9,Jaxon Smith-Njigba,recv_yds,bovada,83.5,-115.0,-115.0,122.0,2026_01_NE_SEA,2026-09-09T22:34:55Z,graded,0.5,0.0,0.06976744186046502,0.8695652173913043,0.8695652173913043
c1d3fcec25aaeb06ebd2244d33d338e0,Jahmyr Gibbs,rush_yds,bovada,84.5,-115.0,-115.0,156.0,2026_01_NO_DET,2026-09-09T22:34:55Z,graded,0.5,0.0,0.06976744186046502,0.8695652173913043,0.8695652173913043
ed6d24ff979f9c71979fead577b0b3f7,Ja'Marr Chase,recv_yds,betrivers,84.5,-115.0,-115.0,12.0,2026_01_TB_CIN,2026-09-09T22:35:36Z,graded,0.5,0.0,0.06976744186046502,0.8695652173913043,0.8695652173913043
c1d3fcec25aaeb06ebd2244d33d338e0,Jahmyr Gibbs,rush_yds,betmgm,85.5,-115.0,-115.0,156.0,2026_01_NO_DET,2026-09-09T22:34:50Z,graded,0.5,0.0,0.06976744186046502,0.8695652173913043,0.8695652173913043
ed6d24ff979f9c71979fead577b0b3f7,Ja'Marr Chase,recv_yds,betmgm,85.5,-115.0,-115.0,12.0,2026_01_TB_CIN,2026-09-09T22:34:52Z,graded,0.5,0.0,0.06976744186046502,0.8695652173913043,0.8695652173913043
ed6d24ff979f9c71979fead577b0b3f7,Ja'Marr Chase,recv_yds,bovada,86.5,-115.0,-115.0,12.0,2026_01_TB_CIN,2026-09-09T22:34:55Z,graded,0.5,0.0,0.06976744186046502,0.8695652173913043,0.8695652173913043
acc580d74344ea3b31bbcdd057fe6a9c,Puka Nacua,recv_yds,betmgm,89.5,-115.0,-115.0,74.0,2026_01_SF_LA,2026-09-09T22:35:34Z,graded,0.5,0.0,0.06976744186046502,0.8695652173913043,0.8695652173913043
acc580d74344ea3b31bbcdd057fe6a9c,Puka Nacua,recv_yds,fanatics,90.5,-115.0,-115.0,74.0,2026_01_SF_LA,2026-09-09T22:35:26Z,graded,0.5,0.0,0.06976744186046502,0.8695652173913043,0.8695652173913043
acc580d74344ea3b31bbcdd057fe6a9c,Puka Nacua,recv_yds,bovada,91.5,-115.0,-115.0,74.0,2026_01_SF_LA,2026-09-09T22:35:39Z,graded,0.5,0.0,0.06976744186046502,0.8695652173913043,0.8695652173913043
e55c6fe19fce094ce214c8b0e5b504e9,Deshaun Watson,pass_yds,betmgm,174.5,-115.0,-115.0,205.0,2026_01_CLE_JAX,2026-09-09T22:35:12Z,graded,0.5,0.0,0.06976744186046502,0.8695652173913043,0.8695652173913043
e55c6fe19fce094ce214c8b0e5b504e9,Deshaun Watson,pass_yds,bovada,177.5,-115.0,-115.0,205.0,2026_01_CLE_JAX,2026-09-09T22:34:58Z,graded,0.5,0.0,0.06976744186046502,0.8695652173913043,0.8695652173913043
c5d95f48a16849ab6bebc68fbbfcb74a,Malik Willis,pass_yds,fanatics,180.5,-115.0,-115.0,220.0,2026_01_MIA_LV,2026-09-09T22:35:03Z,graded,0.5,0.0,0.06976744186046502,0.8695652173913043,0.8695652173913043
c5d95f48a16849ab6bebc68fbbfcb74a,Malik Willis,pass_yds,bovada,183.5,-115.0,-115.0,220.0,2026_01_MIA_LV,2026-09-09T22:35:16Z,graded,0.5,0.0,0.06976744186046502,0.8695652173913043,0.8695652173913043
17885cb8dcade8f6c3bce14b2de805e8,Jayden Daniels,pass_yds,betmgm,200.5,-115.0,-115.0,164.0,2026_01_WAS_PHI,2026-09-09T22:34:50Z,graded,0.5,0.0,0.06976744186046502,0.8695652173913043,0.8695652173913043
17885cb8dcade8f6c3bce14b2de805e8,Jayden Daniels,pass_yds,bovada,200.5,-115.0,-115.0,164.0,2026_01_WAS_PHI,2026-09-09T22:34:54Z,graded,0.5,0.0,0.06976744186046502,0.8695652173913043,0.8695652173913043
95c01d1bb797d6df14824b106c5a9130,Tua Tagovailoa,pass_yds,betmgm,203.5,-115.0,-115.0,,2026_01_ATL_PIT,2026-09-09T22:34:49Z,no matching game/player result,0.5,0.0,0.06976744186046502,0.8695652173913043,0.8695652173913043
7dddb296a42e7a41a774b24bd1709ce1,Cam Ward,pass_yds,betmgm,204.5,-115.0,-115.0,140.0,2026_01_NYJ_TEN,2026-09-09T22:34:03Z,graded,0.5,0.0,0.06976744186046502,0.8695652173913043,0.8695652173913043
7dddb296a42e7a41a774b24bd1709ce1,Cam Ward,pass_yds,bovada,204.5,-115.0,-115.0,140.0,2026_01_NYJ_TEN,2026-09-09T22:34:30Z,graded,0.5,0.0,0.06976744186046502,0.8695652173913043,0.8695652173913043
c5d95f48a16849ab6bebc68fbbfcb74a,Kirk Cousins,pass_yds,betmgm,204.5,-115.0,-115.0,160.0,2026_01_MIA_LV,2026-09-09T22:34:49Z,graded,0.5,0.0,0.06976744186046502,0.8695652173913043,0.8695652173913043
7dddb296a42e7a41a774b24bd1709ce1,Geno Smith,pass_yds,bovada,205.5,-115.0,-115.0,215.0,2026_01_NYJ_TEN,2026-09-09T22:34:30Z,graded,0.5,0.0,0.06976744186046502,0.8695652173913043,0.8695652173913043
7dddb296a42e7a41a774b24bd1709ce1,Geno Smith,pass_yds,fanatics,205.5,-115.0,-115.0,215.0,2026_01_NYJ_TEN,2026-09-09T22:35:24Z,graded,0.5,0.0,0.06976744186046502,0.8695652173913043,0.8695652173913043
95c01d1bb797d6df14824b106c5a9130,Tua Tagovailoa,pass_yds,fanatics,205.5,-115.0,-115.0,,2026_01_ATL_PIT,2026-09-09T22:35:46Z,no matching game/player result,0.5,0.0,0.06976744186046502,0.8695652173913043,0.8695652173913043
95c01d1bb797d6df14824b106c5a9130,Tua Tagovailoa,pass_yds,bovada,206.5,-115.0,-115.0,,2026_01_ATL_PIT,2026-09-09T22:34:53Z,no matching game/player result,0.5,0.0,0.06976744186046502,0.8695652173913043,0.8695652173913043
fc362aff0d889ec52d358307a70c32ed,Bryce Young,pass_yds,bovada,206.5,-115.0,-115.0,361.0,2026_01_CHI_CAR,2026-09-09T22:34:07Z,graded,0.5,0.0,0.06976744186046502,0.8695652173913043,0.8695652173913043
17885cb8dcade8f6c3bce14b2de805e8,Jalen Hurts,pass_yds,bovada,209.5,-115.0,-115.0,203.0,2026_01_WAS_PHI,2026-09-09T22:34:54Z,graded,0.5,0.0,0.06976744186046502,0.8695652173913043,0.8695652173913043
c5d95f48a16849ab6bebc68fbbfcb74a,Kirk Cousins,pass_yds,bovada,209.5,-115.0,-115.0,160.0,2026_01_MIA_LV,2026-09-09T22:35:16Z,graded,0.5,0.0,0.06976744186046502,0.8695652173913043,0.8695652173913043
17885cb8dcade8f6c3bce14b2de805e8,Jalen Hurts,pass_yds,betrivers,210.5,-115.0,-115.0,203.0,2026_01_WAS_PHI,2026-09-09T22:35:12Z,graded,0.5,0.0,0.06976744186046502,0.8695652173913043,0.8695652173913043
fc362aff0d889ec52d358307a70c32ed,Bryce Young,pass_yds,betmgm,210.5,-115.0,-115.0,361.0,2026_01_CHI_CAR,2026-09-09T22:34:49Z,graded,0.5,0.0,0.06976744186046502,0.8695652173913043,0.8695652173913043
3e646c7479c57f5d9752d8c7dfe7059b,Jaxson Dart,pass_yds,betmgm,213.5,-115.0,-115.0,230.0,2026_01_DAL_NYG,2026-09-09T22:34:51Z,graded,0.5,0.0,0.06976744186046502,0.8695652173913043,0.8695652173913043
95c01d1bb797d6df14824b106c5a9130,Aaron Rodgers,pass_yds,bovada,213.5,-115.0,-115.0,221.0,2026_01_ATL_PIT,2026-09-09T22:34:53Z,graded,0.5,0.0,0.06976744186046502,0.8695652173913043,0.8695652173913043
b6cfdcbafa61ce220ba87dc2d9b80c77,Lamar Jackson,pass_yds,betmgm,213.5,-115.0,-115.0,324.0,2026_01_BAL_IND,2026-09-09T22:34:24Z,graded,0.5,0.0,0.06976744186046502,0.8695652173913043,0.8695652173913043
3e646c7479c57f5d9752d8c7dfe7059b,Jaxson Dart,pass_yds,bovada,214.5,-115.0,-115.0,230.0,2026_01_DAL_NYG,2026-09-09T22:34:54Z,graded,0.5,0.0,0.06976744186046502,0.8695652173913043,0.8695652173913043
17885cb8dcade8f6c3bce14b2de805e8,Jalen Hurts,pass_yds,betmgm,215.5,-115.0,-115.0,203.0,2026_01_WAS_PHI,2026-09-09T22:34:50Z,graded,0.5,0.0,0.06976744186046502,0.8695652173913043,0.8695652173913043
b6cfdcbafa61ce220ba87dc2d9b80c77,Lamar Jackson,pass_yds,fanatics,215.5,-115.0,-115.0,324.0,2026_01_BAL_IND,2026-09-09T22:35:02Z,graded,0.5,0.0,0.06976744186046502,0.8695652173913043,0.8695652173913043
7e09efed7e12c659b82740b67ce2f9a1,Josh Allen,pass_yds,betmgm,216.5,-115.0,-115.0,334.0,2026_01_BUF_HOU,2026-09-09T22:35:10Z,graded,0.5,0.0,0.06976744186046502,0.8695652173913043,0.8695652173913043
7e09efed7e12c659b82740b67ce2f9a1,C.J. Stroud,pass_yds,bovada,219.5,-115.0,-115.0,274.0,2026_01_BUF_HOU,2026-09-09T22:35:38Z,graded,0.5,0.0,0.06976744186046502,0.8695652173913043,0.8695652173913043
95c01d1bb797d6df14824b106c5a9130,Aaron Rodgers,pass_yds,betmgm,219.5,-115.0,-115.0,221.0,2026_01_ATL_PIT,2026-09-09T22:34:49Z,graded,0.5,0.0,0.06976744186046502,0.8695652173913043,0.8695652173913043
b6cfdcbafa61ce220ba87dc2d9b80c77,Lamar Jackson,pass_yds,bovada,219.5,-115.0,-115.0,324.0,2026_01_BAL_IND,2026-09-09T22:35:16Z,graded,0.5,0.0,0.06976744186046502,0.8695652173913043,0.8695652173913043
1edfa5ceaa1ad2cb57df1c1b908731f6,Jacoby Brissett,pass_yds,bovada,222.5,-115.0,-115.0,277.0,2026_01_ARI_LAC,2026-09-09T22:34:07Z,graded,0.5,0.0,0.06976744186046502,0.8695652173913043,0.8695652173913043
5ad8135dc2b5f27de0b777acd317855a,Bo Nix,pass_yds,betmgm,222.5,-115.0,-115.0,131.0,2026_01_DEN_KC,2026-09-09T22:34:49Z,graded,0.5,0.0,0.06976744186046502,0.8695652173913043,0.8695652173913043
cb77efed7e711d25a72c1a2a0a1af119,Kyler Murray,pass_yds,betrivers,222.5,-115.0,-115.0,18.0,2026_01_GB_MIN,2026-09-09T22:35:35Z,graded,0.5,0.0,0.06976744186046502,0.8695652173913043,0.8695652173913043
cb77efed7e711d25a72c1a2a0a1af119,Kyler Murray,pass_yds,bovada,222.5,-115.0,-115.0,18.0,2026_01_GB_MIN,2026-09-09T22:34:56Z,graded,0.5,0.0,0.06976744186046502,0.8695652173913043,0.8695652173913043
7e09efed7e12c659b82740b67ce2f9a1,Josh Allen,pass_yds,bovada,223.5,-115.0,-115.0,334.0,2026_01_BUF_HOU,2026-09-09T22:35:38Z,graded,0.5,0.0,0.06976744186046502,0.8695652173913043,0.8695652173913043
cb77efed7e711d25a72c1a2a0a1af119,Kyler Murray,pass_yds,betmgm,224.5,-115.0,-115.0,18.0,2026_01_GB_MIN,2026-09-09T22:35:11Z,graded,0.5,0.0,0.06976744186046502,0.8695652173913043,0.8695652173913043
8c94552d022acec4a0458d70c19d3da9,Drake Maye,pass_yds,fanatics,225.5,-115.0,-115.0,178.0,2026_01_NE_SEA,2026-09-09T22:34:41Z,graded,0.5,0.0,0.06976744186046502,0.8695652173913043,0.8695652173913043
1edfa5ceaa1ad2cb57df1c1b908731f6,Jacoby Brissett,pass_yds,betmgm,226.5,-115.0,-115.0,277.0,2026_01_ARI_LAC,2026-09-09T22:35:11Z,graded,0.5,0.0,0.06976744186046502,0.8695652173913043,0.8695652173913043
fc362aff0d889ec52d358307a70c32ed,Caleb Williams,pass_yds,betrivers,226.5,-115.0,-115.0,269.0,2026_01_CHI_CAR,2026-09-09T22:35:35Z,graded,0.5,0.0,0.06976744186046502,0.8695652173913043,0.8695652173913043
fc362aff0d889ec52d358307a70c32ed,Caleb Williams,pass_yds,bovada,227.5,-115.0,-115.0,269.0,2026_01_CHI_CAR,2026-09-09T22:34:07Z,graded,0.5,0.0,0.06976744186046502,0.8695652173913043,0.8695652173913043
7e09efed7e12c659b82740b67ce2f9a1,C.J. Stroud,pass_yds,betmgm,228.5,-115.0,-115.0,274.0,2026_01_BUF_HOU,2026-09-09T22:35:10Z,graded,0.5,0.0,0.06976744186046502,0.8695652173913043,0.8695652173913043
5ad8135dc2b5f27de0b777acd317855a,Bo Nix,pass_yds,betrivers,229.5,-115.0,-115.0,131.0,2026_01_DEN_KC,2026-09-09T22:35:12Z,graded,0.5,0.0,0.06976744186046502,0.8695652173913043,0.8695652173913043
8c94552d022acec4a0458d70c19d3da9,Drake Maye,pass_yds,bovada,229.5,-115.0,-115.0,178.0,2026_01_NE_SEA,2026-09-09T22:34:55Z,graded,0.5,0.0,0.06976744186046502,0.8695652173913043,0.8695652173913043
8c94552d022acec4a0458d70c19d3da9,Sam Darnold,pass_yds,betmgm,229.5,-115.0,-115.0,13.0,2026_01_NE_SEA,2026-09-09T22:35:11Z,graded,0.5,0.0,0.06976744186046502,0.8695652173913043,0.8695652173913043
8c94552d022acec4a0458d70c19d3da9,Sam Darnold,pass_yds,bovada,229.5,-115.0,-115.0,13.0,2026_01_NE_SEA,2026-09-09T22:34:55Z,graded,0.5,0.0,0.06976744186046502,0.8695652173913043,0.8695652173913043
1edfa5ceaa1ad2cb57df1c1b908731f6,Justin Herbert,pass_yds,fanatics,230.5,-115.0,-115.0,209.0,2026_01_ARI_LAC,2026-09-09T22:35:00Z,graded,0.5,0.0,0.06976744186046502,0.8695652173913043,0.8695652173913043
5ad8135dc2b5f27de0b777acd317855a,Bo Nix,pass_yds,bovada,230.5,-115.0,-115.0,131.0,2026_01_DEN_KC,2026-09-09T22:34:54Z,graded,0.5,0.0,0.06976744186046502,0.8695652173913043,0.8695652173913043
b6cfdcbafa61ce220ba87dc2d9b80c77,Daniel Jones,pass_yds,bovada,230.5,-115.0,-115.0,166.0,2026_01_BAL_IND,2026-09-09T22:35:16Z,graded,0.5,0.0,0.06976744186046502,0.8695652173913043,0.8695652173913043
ed6d24ff979f9c71979fead577b0b3f7,Baker Mayfield,pass_yds,bovada,230.5,-115.0,-115.0,216.0,2026_01_TB_CIN,2026-09-09T22:34:55Z,graded,0.5,0.0,0.06976744186046502,0.8695652173913043,0.8695652173913043
fc362aff0d889ec52d358307a70c32ed,Caleb Williams,pass_yds,betmgm,230.5,-115.0,-115.0,269.0,2026_01_CHI_CAR,2026-09-09T22:34:49Z,graded,0.5,0.0,0.06976744186046502,0.8695652173913043,0.8695652173913043
ed6d24ff979f9c71979fead577b0b3f7,Baker Mayfield,pass_yds,betmgm,231.5,-115.0,-115.0,216.0,2026_01_TB_CIN,2026-09-09T22:34:52Z,graded,0.5,0.0,0.06976744186046502,0.8695652173913043,0.8695652173913043
1edfa5ceaa1ad2cb57df1c1b908731f6,Justin Herbert,pass_yds,betmgm,232.5,-115.0,-115.0,209.0,2026_01_ARI_LAC,2026-09-09T22:35:11Z,graded,0.5,0.0,0.06976744186046502,0.8695652173913043,0.8695652173913043
b6cfdcbafa61ce220ba87dc2d9b80c77,Daniel Jones,pass_yds,betmgm,232.5,-115.0,-115.0,166.0,2026_01_BAL_IND,2026-09-09T22:34:24Z,graded,0.5,0.0,0.06976744186046502,0.8695652173913043,0.8695652173913043
5ad8135dc2b5f27de0b777acd317855a,Patrick Mahomes,pass_yds,bovada,233.5,-115.0,-115.0,184.0,2026_01_DEN_KC,2026-09-09T22:34:54Z,graded,0.5,0.0,0.06976744186046502,0.8695652173913043,0.8695652173913043
5ad8135dc2b5f27de0b777acd317855a,Patrick Mahomes,pass_yds,betmgm,234.5,-115.0,-115.0,184.0,2026_01_DEN_KC,2026-09-09T22:34:49Z,graded,0.5,0.0,0.06976744186046502,0.8695652173913043,0.8695652173913043
ed6d24ff979f9c71979fead577b0b3f7,Baker Mayfield,pass_yds,betrivers,234.5,-115.0,-115.0,216.0,2026_01_TB_CIN,2026-09-09T22:35:36Z,graded,0.5,0.0,0.06976744186046502,0.8695652173913043,0.8695652173913043
e55c6fe19fce094ce214c8b0e5b504e9,Trevor Lawrence,pass_yds,betrivers,235.5,-115.0,-115.0,245.0,2026_01_CLE_JAX,2026-09-09T22:35:14Z,graded,0.5,0.0,0.06976744186046502,0.8695652173913043,0.8695652173913043
e55c6fe19fce094ce214c8b0e5b504e9,Trevor Lawrence,pass_yds,bovada,235.5,-115.0,-115.0,245.0,2026_01_CLE_JAX,2026-09-09T22:34:58Z,graded,0.5,0.0,0.06976744186046502,0.8695652173913043,0.8695652173913043
e55c6fe19fce094ce214c8b0e5b504e9,Trevor Lawrence,pass_yds,fanatics,235.5,-115.0,-115.0,245.0,2026_01_CLE_JAX,2026-09-09T22:35:03Z,graded,0.5,0.0,0.06976744186046502,0.8695652173913043,0.8695652173913043
e55c6fe19fce094ce214c8b0e5b504e9,Trevor Lawrence,pass_yds,betmgm,237.5,-115.0,-115.0,245.0,2026_01_CLE_JAX,2026-09-09T22:35:12Z,graded,0.5,0.0,0.06976744186046502,0.8695652173913043,0.8695652173913043
1edfa5ceaa1ad2cb57df1c1b908731f6,Justin Herbert,pass_yds,bovada,238.5,-115.0,-115.0,209.0,2026_01_ARI_LAC,2026-09-09T22:34:07Z,graded,0.5,0.0,0.06976744186046502,0.8695652173913043,0.8695652173913043
cb77efed7e711d25a72c1a2a0a1af119,Jordan Love,pass_yds,betmgm,238.5,-115.0,-115.0,387.0,2026_01_GB_MIN,2026-09-09T22:35:11Z,graded,0.5,0.0,0.06976744186046502,0.8695652173913043,0.8695652173913043
cb77efed7e711d25a72c1a2a0a1af119,Jordan Love,pass_yds,bovada,239.5,-115.0,-115.0,387.0,2026_01_GB_MIN,2026-09-09T22:34:56Z,graded,0.5,0.0,0.06976744186046502,0.8695652173913043,0.8695652173913043
c1d3fcec25aaeb06ebd2244d33d338e0,Tyler Shough,pass_yds,betmgm,240.5,-115.0,-115.0,410.0,2026_01_NO_DET,2026-09-09T22:34:50Z,graded,0.5,0.0,0.06976744186046502,0.8695652173913043,0.8695652173913043
acc580d74344ea3b31bbcdd057fe6a9c,Brock Purdy,pass_yds,betrivers,242.5,-115.0,-115.0,205.0,2026_01_SF_LA,2026-09-09T22:35:11Z,graded,0.5,0.0,0.06976744186046502,0.8695652173913043,0.8695652173913043
acc580d74344ea3b31bbcdd057fe6a9c,Brock Purdy,pass_yds,betmgm,244.5,-115.0,-115.0,205.0,2026_01_SF_LA,2026-09-09T22:35:34Z,graded,0.5,0.0,0.06976744186046502,0.8695652173913043,0.8695652173913043
acc580d74344ea3b31bbcdd057fe6a9c,Brock Purdy,pass_yds,bovada,244.5,-115.0,-115.0,205.0,2026_01_SF_LA,2026-09-09T22:35:39Z,graded,0.5,0.0,0.06976744186046502,0.8695652173913043,0.8695652173913043
c1d3fcec25aaeb06ebd2244d33d338e0,Tyler Shough,pass_yds,bovada,247.5,-115.0,-115.0,410.0,2026_01_NO_DET,2026-09-09T22:34:55Z,graded,0.5,0.0,0.06976744186046502,0.8695652173913043,0.8695652173913043
3e646c7479c57f5d9752d8c7dfe7059b,Dak Prescott,pass_yds,betmgm,254.5,-115.0,-115.0,175.0,2026_01_DAL_NYG,2026-09-09T22:34:51Z,graded,0.5,0.0,0.06976744186046502,0.8695652173913043,0.8695652173913043
3e646c7479c57f5d9752d8c7dfe7059b,Dak Prescott,pass_yds,betrivers,255.5,-115.0,-115.0,175.0,2026_01_DAL_NYG,2026-09-09T22:35:36Z,graded,0.5,0.0,0.06976744186046502,0.8695652173913043,0.8695652173913043
c1d3fcec25aaeb06ebd2244d33d338e0,Jared Goff,pass_yds,betmgm,258.5,-115.0,-115.0,206.0,2026_01_NO_DET,2026-09-09T22:34:50Z,graded,0.5,0.0,0.06976744186046502,0.8695652173913043,0.8695652173913043
acc580d74344ea3b31bbcdd057fe6a9c,Matthew Stafford,pass_yds,betrivers,261.5,-115.0,-115.0,155.0,2026_01_SF_LA,2026-09-09T22:35:11Z,graded,0.5,0.0,0.06976744186046502,0.8695652173913043,0.8695652173913043
3e646c7479c57f5d9752d8c7dfe7059b,Dak Prescott,pass_yds,bovada,262.5,-115.0,-115.0,175.0,2026_01_DAL_NYG,2026-09-09T22:34:54Z,graded,0.5,0.0,0.06976744186046502,0.8695652173913043,0.8695652173913043
c1d3fcec25aaeb06ebd2244d33d338e0,Jared Goff,pass_yds,bovada,262.5,-115.0,-115.0,206.0,2026_01_NO_DET,2026-09-09T22:34:55Z,graded,0.5,0.0,0.06976744186046502,0.8695652173913043,0.8695652173913043
acc580d74344ea3b31bbcdd057fe6a9c,Matthew Stafford,pass_yds,betmgm,263.5,-115.0,-115.0,155.0,2026_01_SF_LA,2026-09-09T22:35:34Z,graded,0.5,0.0,0.06976744186046502,0.8695652173913043,0.8695652173913043
acc580d74344ea3b31bbcdd057fe6a9c,Matthew Stafford,pass_yds,bovada,265.5,-115.0,-115.0,155.0,2026_01_SF_LA,2026-09-09T22:35:39Z,graded,0.5,0.0,0.06976744186046502,0.8695652173913043,0.8695652173913043
acc580d74344ea3b31bbcdd057fe6a9c,Matthew Stafford,pass_yds,fanatics,265.5,-115.0,-115.0,155.0,2026_01_SF_LA,2026-09-09T22:35:26Z,graded,0.5,0.0,0.06976744186046502,0.8695652173913043,0.8695652173913043
ed6d24ff979f9c71979fead577b0b3f7,Joe Burrow,pass_yds,bovada,266.5,-115.0,-115.0,254.0,2026_01_TB_CIN,2026-09-09T22:34:55Z,graded,0.5,0.0,0.06976744186046502,0.8695652173913043,0.8695652173913043
ed6d24ff979f9c71979fead577b0b3f7,Joe Burrow,pass_yds,betmgm,269.5,-115.0,-115.0,254.0,2026_01_TB_CIN,2026-09-09T22:34:52Z,graded,0.5,0.0,0.06976744186046502,0.8695652173913043,0.8695652173913043
5ad8135dc2b5f27de0b777acd317855a,Tyquan Thornton,recv_yds,betrivers,20.5,-114.0,-115.0,0.0,2026_01_DEN_KC,2026-09-09T22:35:12Z,graded,0.4989820846905538,0.0010179153094462268,0.06759400130406412,0.8771929824561403,0.8695652173913043
5ad8135dc2b5f27de0b777acd317855a,Evan Engram,recv_yds,betrivers,22.5,-114.0,-115.0,43.0,2026_01_DEN_KC,2026-09-09T22:35:12Z,graded,0.4989820846905538,0.0010179153094462268,0.06759400130406412,0.8771929824561403,0.8695652173913043
17885cb8dcade8f6c3bce14b2de805e8,Jalen Hurts,rush_yds,betrivers,29.5,-114.0,-115.0,46.0,2026_01_WAS_PHI,2026-09-09T22:35:12Z,graded,0.4989820846905538,0.0010179153094462268,0.06759400130406412,0.8771929824561403,0.8695652173913043
8c94552d022acec4a0458d70c19d3da9,Rashid Shaheed,recv_yds,betrivers,31.5,-114.0,-115.0,4.0,2026_01_NE_SEA,2026-09-09T22:35:15Z,graded,0.4989820846905538,0.0010179153094462268,0.06759400130406412,0.8771929824561403,0.8695652173913043
ed6d24ff979f9c71979fead577b0b3f7,Jalen McMillan,recv_yds,betrivers,36.5,-114.0,-115.0,,2026_01_TB_CIN,2026-09-09T22:35:36Z,no matching game/player result,0.4989820846905538,0.0010179153094462268,0.06759400130406412,0.8771929824561403,0.8695652173913043
5ad8135dc2b5f27de0b777acd317855a,Courtland Sutton,recv_yds,betrivers,43.5,-114.0,-115.0,11.0,2026_01_DEN_KC,2026-09-09T22:35:12Z,graded,0.4989820846905538,0.0010179153094462268,0.06759400130406412,0.8771929824561403,0.8695652173913043
95c01d1bb797d6df14824b106c5a9130,DK Metcalf,recv_yds,betrivers,46.5,-114.0,-115.0,40.0,2026_01_ATL_PIT,2026-09-09T22:35:39Z,graded,0.4989820846905538,0.0010179153094462268,0.06759400130406412,0.8771929824561403,0.8695652173913043
5ad8135dc2b5f27de0b777acd317855a,J.K. Dobbins,rush_yds,betrivers,48.5,-114.0,-115.0,36.0,2026_01_DEN_KC,2026-09-09T22:35:12Z,graded,0.4989820846905538,0.0010179153094462268,0.06759400130406412,0.8771929824561403,0.8695652173913043
acc580d74344ea3b31bbcdd057fe6a9c,Davante Adams,recv_yds,betrivers,50.5,-114.0,-115.0,26.0,2026_01_SF_LA,2026-09-09T22:35:11Z,graded,0.4989820846905538,0.0010179153094462268,0.06759400130406412,0.8771929824561403,0.8695652173913043
17885cb8dcade8f6c3bce14b2de805e8,Jayden Daniels,pass_yds,betrivers,201.5,-114.0,-115.0,164.0,2026_01_WAS_PHI,2026-09-09T22:35:12Z,graded,0.4989820846905538,0.0010179153094462268,0.06759400130406412,0.8771929824561403,0.8695652173913043
95c01d1bb797d6df14824b106c5a9130,Tua Tagovailoa,pass_yds,betrivers,206.5,-114.0,-115.0,,2026_01_ATL_PIT,2026-09-09T22:35:39Z,no matching game/player result,0.4989820846905538,0.0010179153094462268,0.06759400130406412,0.8771929824561403,0.8695652173913043
95c01d1bb797d6df14824b106c5a9130,Aaron Rodgers,pass_yds,betrivers,212.5,-114.0,-115.0,221.0,2026_01_ATL_PIT,2026-09-09T22:35:39Z,graded,0.4989820846905538,0.0010179153094462268,0.06759400130406412,0.8771929824561403,0.8695652173913043
1edfa5ceaa1ad2cb57df1c1b908731f6,Jacoby Brissett,pass_yds,betrivers,222.5,-114.0,-115.0,277.0,2026_01_ARI_LAC,2026-09-09T22:35:36Z,graded,0.4989820846905538,0.0010179153094462268,0.06759400130406412,0.8771929824561403,0.8695652173913043
c1d3fcec25aaeb06ebd2244d33d338e0,Tyler Shough,pass_yds,betrivers,244.5,-114.0,-115.0,410.0,2026_01_NO_DET,2026-09-09T22:35:14Z,graded,0.4989820846905538,0.0010179153094462268,0.06759400130406412,0.8771929824561403,0.8695652173913043
acc580d74344ea3b31bbcdd057fe6a9c,Kyle Juszczyk,recv_yds,betrivers,5.5,-115.0,-114.0,,2026_01_SF_LA,2026-09-09T22:35:11Z,no matching game/player result,0.5010179153094463,0.0010179153094462823,0.06759400130406412,0.8695652173913043,0.8771929824561403
8c94552d022acec4a0458d70c19d3da9,George Holani,recv_yds,betrivers,11.5,-115.0,-114.0,0.0,2026_01_NE_SEA,2026-09-09T22:35:15Z,graded,0.5010179153094463,0.0010179153094462823,0.06759400130406412,0.8695652173913043,0.8771929824561403
5ad8135dc2b5f27de0b777acd317855a,Bo Nix,rush_yds,betrivers,15.5,-115.0,-114.0,2.0,2026_01_DEN_KC,2026-09-09T22:35:12Z,graded,0.5010179153094463,0.0010179153094462823,0.06759400130406412,0.8695652173913043,0.8771929824561403
5ad8135dc2b5f27de0b777acd317855a,Kenneth Walker,recv_yds,betrivers,17.5,-115.0,-114.0,18.0,2026_01_DEN_KC,2026-09-09T22:35:12Z,graded,0.5010179153094463,0.0010179153094462823,0.06759400130406412,0.8695652173913043,0.8771929824561403
7dddb296a42e7a41a774b24bd1709ce1,Mason Taylor,recv_yds,betrivers,17.5,-115.0,-114.0,-2.0,2026_01_NYJ_TEN,2026-09-09T22:35:12Z,graded,0.5010179153094463,0.0010179153094462823,0.06759400130406412,0.8695652173913043,0.8771929824561403
fc362aff0d889ec52d358307a70c32ed,Xavier Legette,recv_yds,betrivers,18.5,-115.0,-114.0,0.0,2026_01_CHI_CAR,2026-09-09T22:35:35Z,graded,0.5010179153094463,0.0010179153094462823,0.06759400130406412,0.8695652173913043,0.8771929824561403
8c94552d022acec4a0458d70c19d3da9,Hunter Henry,recv_yds,betrivers,33.5,-115.0,-114.0,26.0,2026_01_NE_SEA,2026-09-09T22:35:15Z,graded,0.5010179153094463,0.0010179153094462823,0.06759400130406412,0.8695652173913043,0.8771929824561403
fc362aff0d889ec52d358307a70c32ed,Colston Loveland,recv_yds,betrivers,52.5,-115.0,-114.0,0.0,2026_01_CHI_CAR,2026-09-09T22:35:35Z,graded,0.5010179153094463,0.0010179153094462823,0.06759400130406412,0.8695652173913043,0.8771929824561403
17885cb8dcade8f6c3bce14b2de805e8,Saquon Barkley,receptions,draftkings,2.5,-112.0,-113.0,1.0,2026_01_WAS_PHI,2026-09-09T22:33:41Z,graded,0.4989542374299339,0.001045762570066111,0.05881831871733545,0.8928571428571429,0.8849557522123894
b6cfdcbafa61ce220ba87dc2d9b80c77,Lamar Jackson,pass_yds,draftkings,219.5,-112.0,-111.0,324.0,2026_01_BAL_IND,2026-09-09T22:34:04Z,graded,0.501060130608091,0.001060130608090959,0.05436823750335318,0.8928571428571429,0.9009009009009009
17885cb8dcade8f6c3bce14b2de805e8,Jayden Daniels,pass_completions,draftkings,17.5,-114.0,-112.0,18.0,2026_01_WAS_PHI,2026-09-09T22:33:41Z,graded,0.5020774472328402,0.0020774472328402016,0.06101216716628466,0.8771929824561403,0.8928571428571429
c1d3fcec25aaeb06ebd2244d33d338e0,Jared Goff,pass_attempts,draftkings,33.5,-114.0,-112.0,39.0,2026_01_NO_DET,2026-09-09T22:34:52Z,graded,0.5020774472328402,0.0020774472328402016,0.06101216716628466,0.8771929824561403,0.8928571428571429
95c01d1bb797d6df14824b106c5a9130,Rico Dowdle,rush_attempts,draftkings,11.5,-112.0,-114.0,8.0,2026_01_ATL_PIT,2026-09-09T22:33:37Z,graded,0.4979225527671597,0.0020774472328403126,0.06101216716628466,0.8928571428571429,0.8771929824561403
8c94552d022acec4a0458d70c19d3da9,Sam Darnold,pass_completions,draftkings,20.5,-112.0,-114.0,1.0,2026_01_NE_SEA,2026-09-09T22:35:35Z,graded,0.4979225527671597,0.0020774472328403126,0.06101216716628466,0.8928571428571429,0.8771929824561403
acc580d74344ea3b31bbcdd057fe6a9c,Matthew Stafford,pass_completions,draftkings,23.5,-112.0,-114.0,15.0,2026_01_SF_LA,2026-09-09T22:34:50Z,graded,0.4979225527671597,0.0020774472328403126,0.06101216716628466,0.8928571428571429,0.8771929824561403
8c94552d022acec4a0458d70c19d3da9,Elijah Arroyo,recv_yds,draftkings,10.5,-111.0,-113.0,,2026_01_NE_SEA,2026-09-09T22:35:35Z,no matching game/player result,0.4978941161605526,0.0021058838394473756,0.05658278263578298,0.9009009009009009,0.8849557522123894
e55c6fe19fce094ce214c8b0e5b504e9,Bhayshul Tuten,recv_yds,draftkings,11.5,-111.0,-113.0,22.0,2026_01_CLE_JAX,2026-09-09T22:35:14Z,graded,0.4978941161605526,0.0021058838394473756,0.05658278263578298,0.9009009009009009,0.8849557522123894
fc362aff0d889ec52d358307a70c32ed,Bryce Young,rush_yds,draftkings,14.5,-111.0,-113.0,10.0,2026_01_CHI_CAR,2026-09-09T22:35:34Z,graded,0.4978941161605526,0.0021058838394473756,0.05658278263578298,0.9009009009009009,0.8849557522123894
3e646c7479c57f5d9752d8c7dfe7059b,Cam Skattebo,recv_yds,draftkings,15.5,-111.0,-113.0,0.0,2026_01_DAL_NYG,2026-09-09T22:35:13Z,graded,0.4978941161605526,0.0021058838394473756,0.05658278263578298,0.9009009009009009,0.8849557522123894
8c94552d022acec4a0458d70c19d3da9,George Holani,rush_yds,draftkings,19.5,-111.0,-113.0,29.0,2026_01_NE_SEA,2026-09-09T22:35:35Z,graded,0.4978941161605526,0.0021058838394473756,0.05658278263578298,0.9009009009009009,0.8849557522123894
5ad8135dc2b5f27de0b777acd317855a,Tyquan Thornton,recv_yds,draftkings,20.5,-111.0,-113.0,0.0,2026_01_DEN_KC,2026-09-09T22:35:38Z,graded,0.4978941161605526,0.0021058838394473756,0.05658278263578298,0.9009009009009009,0.8849557522123894
cb77efed7e711d25a72c1a2a0a1af119,Kyler Murray,rush_yds,draftkings,22.5,-111.0,-113.0,9.0,2026_01_GB_MIN,2026-09-09T22:35:37Z,graded,0.4978941161605526,0.0021058838394473756,0.05658278263578298,0.9009009009009009,0.8849557522123894
95c01d1bb797d6df14824b106c5a9130,Brian Robinson,rush_yds,draftkings,24.5,-111.0,-113.0,31.0,2026_01_ATL_PIT,2026-09-09T22:33:37Z,graded,0.4978941161605526,0.0021058838394473756,0.05658278263578298,0.9009009009009009,0.8849557522123894
b6cfdcbafa61ce220ba87dc2d9b80c77,Rashod Bateman,recv_yds,draftkings,26.5,-111.0,-113.0,0.0,2026_01_BAL_IND,2026-09-09T22:34:04Z,graded,0.4978941161605526,0.0021058838394473756,0.05658278263578298,0.9009009009009009,0.8849557522123894
c5d95f48a16849ab6bebc68fbbfcb74a,Greg Dulcich,recv_yds,draftkings,27.5,-111.0,-113.0,18.0,2026_01_MIA_LV,2026-09-09T22:35:37Z,graded,0.4978941161605526,0.0021058838394473756,0.05658278263578298,0.9009009009009009,0.8849557522123894
cb77efed7e711d25a72c1a2a0a1af119,T.J. Hockenson,recv_yds,draftkings,27.5,-111.0,-113.0,36.0,2026_01_GB_MIN,2026-09-09T22:35:37Z,graded,0.4978941161605526,0.0021058838394473756,0.05658278263578298,0.9009009009009009,0.8849557522123894
cb77efed7e711d25a72c1a2a0a1af119,Aaron Jones,rush_yds,draftkings,29.5,-111.0,-113.0,40.0,2026_01_GB_MIN,2026-09-09T22:35:37Z,graded,0.4978941161605526,0.0021058838394473756,0.05658278263578298,0.9009009009009009,0.8849557522123894
c1d3fcec25aaeb06ebd2244d33d338e0,Jahmyr Gibbs,recv_yds,draftkings,30.5,-111.0,-113.0,30.0,2026_01_NO_DET,2026-09-09T22:34:52Z,graded,0.4978941161605526,0.0021058838394473756,0.05658278263578298,0.9009009009009009,0.8849557522123894
3e646c7479c57f5d9752d8c7dfe7059b,Jaxson Dart,rush_yds,draftkings,31.5,-111.0,-113.0,54.0,2026_01_DAL_NYG,2026-09-09T22:35:13Z,graded,0.4978941161605526,0.0021058838394473756,0.05658278263578298,0.9009009009009009,0.8849557522123894
7e09efed7e12c659b82740b67ce2f9a1,Dalton Schultz,recv_yds,draftkings,33.5,-111.0,-113.0,35.0,2026_01_BUF_HOU,2026-09-09T22:35:20Z,graded,0.4978941161605526,0.0021058838394473756,0.05658278263578298,0.9009009009009009,0.8849557522123894
7e09efed7e12c659b82740b67ce2f9a1,Khalil Shakir,recv_yds,draftkings,36.5,-111.0,-113.0,50.0,2026_01_BUF_HOU,2026-09-09T22:35:20Z,graded,0.4978941161605526,0.0021058838394473756,0.05658278263578298,0.9009009009009009,0.8849557522123894
17885cb8dcade8f6c3bce14b2de805e8,Stefon Diggs,recv_yds,draftkings,40.5,-111.0,-113.0,55.0,2026_01_WAS_PHI,2026-09-09T22:33:41Z,graded,0.4978941161605526,0.0021058838394473756,0.05658278263578298,0.9009009009009009,0.8849557522123894
95c01d1bb797d6df14824b106c5a9130,Michael Pittman,recv_yds,draftkings,40.5,-111.0,-113.0,58.0,2026_01_ATL_PIT,2026-09-09T22:33:37Z,graded,0.4978941161605526,0.0021058838394473756,0.05658278263578298,0.9009009009009009,0.8849557522123894
fc362aff0d889ec52d358307a70c32ed,Jalen Coker,recv_yds,draftkings,40.5,-111.0,-113.0,138.0,2026_01_CHI_CAR,2026-09-09T22:35:34Z,graded,0.4978941161605526,0.0021058838394473756,0.05658278263578298,0.9009009009009009,0.8849557522123894
1edfa5ceaa1ad2cb57df1c1b908731f6,Quentin Johnston,recv_yds,draftkings,41.5,-111.0,-113.0,17.0,2026_01_ARI_LAC,2026-09-09T22:35:12Z,graded,0.4978941161605526,0.0021058838394473756,0.05658278263578298,0.9009009009009009,0.8849557522123894
7dddb296a42e7a41a774b24bd1709ce1,Wan'Dale Robinson,recv_yds,draftkings,43.5,-111.0,-113.0,38.0,2026_01_NYJ_TEN,2026-09-09T22:34:59Z,graded,0.4978941161605526,0.0021058838394473756,0.05658278263578298,0.9009009009009009,0.8849557522123894
b6cfdcbafa61ce220ba87dc2d9b80c77,Josh Downs,recv_yds,draftkings,44.5,-111.0,-113.0,37.0,2026_01_BAL_IND,2026-09-09T22:34:04Z,graded,0.4978941161605526,0.0021058838394473756,0.05658278263578298,0.9009009009009009,0.8849557522123894
cb77efed7e711d25a72c1a2a0a1af119,Tucker Kraft,recv_yds,draftkings,44.5,-111.0,-113.0,65.0,2026_01_GB_MIN,2026-09-09T22:35:37Z,graded,0.4978941161605526,0.0021058838394473756,0.05658278263578298,0.9009009009009009,0.8849557522123894
1edfa5ceaa1ad2cb57df1c1b908731f6,Marvin Harrison,recv_yds,draftkings,45.5,-111.0,-113.0,33.0,2026_01_ARI_LAC,2026-09-09T22:35:12Z,graded,0.4978941161605526,0.0021058838394473756,0.05658278263578298,0.9009009009009009,0.8849557522123894
5ad8135dc2b5f27de0b777acd317855a,J.K. Dobbins,rush_yds,draftkings,50.5,-111.0,-113.0,36.0,2026_01_DEN_KC,2026-09-09T22:35:38Z,graded,0.4978941161605526,0.0021058838394473756,0.05658278263578298,0.9009009009009009,0.8849557522123894
95c01d1bb797d6df14824b106c5a9130,DK Metcalf,recv_yds,draftkings,50.5,-111.0,-113.0,40.0,2026_01_ATL_PIT,2026-09-09T22:33:37Z,graded,0.4978941161605526,0.0021058838394473756,0.05658278263578298,0.9009009009009009,0.8849557522123894
1edfa5ceaa1ad2cb57df1c1b908731f6,Ladd McConkey,recv_yds,draftkings,53.5,-111.0,-113.0,82.0,2026_01_ARI_LAC,2026-09-09T22:35:12Z,graded,0.4978941161605526,0.0021058838394473756,0.05658278263578298,0.9009009009009009,0.8849557522123894
cb77efed7e711d25a72c1a2a0a1af119,Christian Watson,recv_yds,draftkings,55.5,-111.0,-113.0,147.0,2026_01_GB_MIN,2026-09-09T22:35:37Z,graded,0.4978941161605526,0.0021058838394473756,0.05658278263578298,0.9009009009009009,0.8849557522123894
5ad8135dc2b5f27de0b777acd317855a,Jaylen Waddle,recv_yds,draftkings,56.5,-111.0,-113.0,2.0,2026_01_DEN_KC,2026-09-09T22:35:38Z,graded,0.4978941161605526,0.0021058838394473756,0.05658278263578298,0.9009009009009009,0.8849557522123894
acc580d74344ea3b31bbcdd057fe6a9c,Christian McCaffrey,rush_yds,draftkings,59.5,-111.0,-113.0,68.0,2026_01_SF_LA,2026-09-09T22:34:50Z,graded,0.4978941161605526,0.0021058838394473756,0.05658278263578298,0.9009009009009009,0.8849557522123894
c1d3fcec25aaeb06ebd2244d33d338e0,Jameson Williams,recv_yds,draftkings,59.5,-111.0,-113.0,45.0,2026_01_NO_DET,2026-09-09T22:34:52Z,graded,0.4978941161605526,0.0021058838394473756,0.05658278263578298,0.9009009009009009,0.8849557522123894
ed6d24ff979f9c71979fead577b0b3f7,Chase Brown,rush_yds,draftkings,59.5,-111.0,-113.0,56.0,2026_01_TB_CIN,2026-09-09T22:35:35Z,graded,0.4978941161605526,0.0021058838394473756,0.05658278263578298,0.9009009009009009,0.8849557522123894
b6cfdcbafa61ce220ba87dc2d9b80c77,Zay Flowers,recv_yds,draftkings,65.5,-111.0,-113.0,150.0,2026_01_BAL_IND,2026-09-09T22:34:04Z,graded,0.4978941161605526,0.0021058838394473756,0.05658278263578298,0.9009009009009009,0.8849557522123894
17885cb8dcade8f6c3bce14b2de805e8,DeVonta Smith,recv_yds,draftkings,66.5,-111.0,-113.0,53.0,2026_01_WAS_PHI,2026-09-09T22:33:41Z,graded,0.4978941161605526,0.0021058838394473756,0.05658278263578298,0.9009009009009009,0.8849557522123894
3e646c7479c57f5d9752d8c7dfe7059b,CeeDee Lamb,recv_yds,draftkings,77.5,-111.0,-113.0,44.0,2026_01_DAL_NYG,2026-09-09T22:35:13Z,graded,0.4978941161605526,0.0021058838394473756,0.05658278263578298,0.9009009009009009,0.8849557522123894
b6cfdcbafa61ce220ba87dc2d9b80c77,Derrick Henry,rush_yds,draftkings,79.5,-111.0,-113.0,144.0,2026_01_BAL_IND,2026-09-09T22:34:04Z,graded,0.4978941161605526,0.0021058838394473756,0.05658278263578298,0.9009009009009009,0.8849557522123894
ed6d24ff979f9c71979fead577b0b3f7,Ja'Marr Chase,recv_yds,draftkings,86.5,-111.0,-113.0,12.0,2026_01_TB_CIN,2026-09-09T22:35:35Z,graded,0.4978941161605526,0.0021058838394473756,0.05658278263578298,0.9009009009009009,0.8849557522123894
7dddb296a42e7a41a774b24bd1709ce1,Geno Smith,pass_yds,draftkings,205.5,-111.0,-113.0,215.0,2026_01_NYJ_TEN,2026-09-09T22:34:59Z,graded,0.4978941161605526,0.0021058838394473756,0.05658278263578298,0.9009009009009009,0.8849557522123894
fc362aff0d889ec52d358307a70c32ed,Bryce Young,pass_yds,draftkings,206.5,-111.0,-113.0,361.0,2026_01_CHI_CAR,2026-09-09T22:35:34Z,graded,0.4978941161605526,0.0021058838394473756,0.05658278263578298,0.9009009009009009,0.8849557522123894
c5d95f48a16849ab6bebc68fbbfcb74a,Kirk Cousins,pass_yds,draftkings,209.5,-111.0,-113.0,160.0,2026_01_MIA_LV,2026-09-09T22:35:37Z,graded,0.4978941161605526,0.0021058838394473756,0.05658278263578298,0.9009009009009009,0.8849557522123894
95c01d1bb797d6df14824b106c5a9130,Aaron Rodgers,pass_yds,draftkings,213.5,-111.0,-113.0,221.0,2026_01_ATL_PIT,2026-09-09T22:33:37Z,graded,0.4978941161605526,0.0021058838394473756,0.05658278263578298,0.9009009009009009,0.8849557522123894
3e646c7479c57f5d9752d8c7dfe7059b,Jaxson Dart,pass_yds,draftkings,214.5,-111.0,-113.0,230.0,2026_01_DAL_NYG,2026-09-09T22:35:13Z,graded,0.4978941161605526,0.0021058838394473756,0.05658278263578298,0.9009009009009009,0.8849557522123894
fc362aff0d889ec52d358307a70c32ed,Caleb Williams,pass_yds,draftkings,227.5,-111.0,-113.0,269.0,2026_01_CHI_CAR,2026-09-09T22:35:34Z,graded,0.4978941161605526,0.0021058838394473756,0.05658278263578298,0.9009009009009009,0.8849557522123894
8c94552d022acec4a0458d70c19d3da9,Sam Darnold,pass_yds,draftkings,229.5,-111.0,-113.0,13.0,2026_01_NE_SEA,2026-09-09T22:35:35Z,graded,0.4978941161605526,0.0021058838394473756,0.05658278263578298,0.9009009009009009,0.8849557522123894
5ad8135dc2b5f27de0b777acd317855a,Patrick Mahomes,pass_yds,draftkings,233.5,-111.0,-113.0,184.0,2026_01_DEN_KC,2026-09-09T22:35:38Z,graded,0.4978941161605526,0.0021058838394473756,0.05658278263578298,0.9009009009009009,0.8849557522123894
c1d3fcec25aaeb06ebd2244d33d338e0,Tyler Shough,pass_yds,draftkings,247.5,-111.0,-113.0,410.0,2026_01_NO_DET,2026-09-09T22:34:52Z,graded,0.4978941161605526,0.0021058838394473756,0.05658278263578298,0.9009009009009009,0.8849557522123894
8c94552d022acec4a0458d70c19d3da9,Jadarian Price,recv_yds,draftkings,8.5,-113.0,-111.0,6.0,2026_01_NE_SEA,2026-09-09T22:35:35Z,graded,0.5021058838394474,0.002105883839447431,0.05658278263578298,0.8849557522123894,0.9009009009009009
8c94552d022acec4a0458d70c19d3da9,George Holani,recv_yds,draftkings,10.5,-113.0,-111.0,0.0,2026_01_NE_SEA,2026-09-09T22:35:35Z,graded,0.5021058838394474,0.002105883839447431,0.05658278263578298,0.8849557522123894,0.9009009009009009
7e09efed7e12c659b82740b67ce2f9a1,James Cook,recv_yds,draftkings,14.5,-113.0,-111.0,12.0,2026_01_BUF_HOU,2026-09-09T22:35:20Z,graded,0.5021058838394474,0.002105883839447431,0.05658278263578298,0.8849557522123894,0.9009009009009009
acc580d74344ea3b31bbcdd057fe6a9c,Tyler Higbee,recv_yds,draftkings,14.5,-113.0,-111.0,12.0,2026_01_SF_LA,2026-09-09T22:34:50Z,graded,0.5021058838394474,0.002105883839447431,0.05658278263578298,0.8849557522123894,0.9009009009009009
1edfa5ceaa1ad2cb57df1c1b908731f6,Jeremiyah Love,recv_yds,draftkings,15.5,-113.0,-111.0,9.0,2026_01_ARI_LAC,2026-09-09T22:35:12Z,graded,0.5021058838394474,0.002105883839447431,0.05658278263578298,0.8849557522123894,0.9009009009009009
5ad8135dc2b5f27de0b777acd317855a,Pat Bryant,recv_yds,draftkings,23.5,-113.0,-111.0,42.0,2026_01_DEN_KC,2026-09-09T22:35:38Z,graded,0.5021058838394474,0.002105883839447431,0.05658278263578298,0.8849557522123894,0.9009009009009009
17885cb8dcade8f6c3bce14b2de805e8,Chig Okonkwo,recv_yds,draftkings,25.5,-113.0,-111.0,16.0,2026_01_WAS_PHI,2026-09-09T22:33:41Z,graded,0.5021058838394474,0.002105883839447431,0.05658278263578298,0.8849557522123894,0.9009009009009009
c5d95f48a16849ab6bebc68fbbfcb74a,Malik Washington,recv_yds,draftkings,27.5,-113.0,-111.0,53.0,2026_01_MIA_LV,2026-09-09T22:35:37Z,graded,0.5021058838394474,0.002105883839447431,0.05658278263578298,0.8849557522123894,0.9009009009009009
c5d95f48a16849ab6bebc68fbbfcb74a,Caleb Douglas,recv_yds,draftkings,28.5,-113.0,-111.0,94.0,2026_01_MIA_LV,2026-09-09T22:35:37Z,graded,0.5021058838394474,0.002105883839447431,0.05658278263578298,0.8849557522123894,0.9009009009009009
5ad8135dc2b5f27de0b777acd317855a,Xavier Worthy,recv_yds,draftkings,35.5,-113.0,-111.0,18.0,2026_01_DEN_KC,2026-09-09T22:35:38Z,graded,0.5021058838394474,0.002105883839447431,0.05658278263578298,0.8849557522123894,0.9009009009009009
b6cfdcbafa61ce220ba87dc2d9b80c77,Lamar Jackson,rush_yds,draftkings,36.5,-113.0,-111.0,40.0,2026_01_BAL_IND,2026-09-09T22:34:04Z,graded,0.5021058838394474,0.002105883839447431,0.05658278263578298,0.8849557522123894,0.9009009009009009
7dddb296a42e7a41a774b24bd1709ce1,Carnell Tate,recv_yds,draftkings,38.5,-113.0,-111.0,38.0,2026_01_NYJ_TEN,2026-09-09T22:34:59Z,graded,0.5021058838394474,0.002105883839447431,0.05658278263578298,0.8849557522123894,0.9009009009009009
1edfa5ceaa1ad2cb57df1c1b908731f6,Michael Wilson,recv_yds,draftkings,40.5,-113.0,-111.0,56.0,2026_01_ARI_LAC,2026-09-09T22:35:12Z,graded,0.5021058838394474,0.002105883839447431,0.05658278263578298,0.8849557522123894,0.9009009009009009
c1d3fcec25aaeb06ebd2244d33d338e0,Devaughn Vele,recv_yds,draftkings,40.5,-113.0,-111.0,69.0,2026_01_NO_DET,2026-09-09T22:34:52Z,graded,0.5021058838394474,0.002105883839447431,0.05658278263578298,0.8849557522123894,0.9009009009009009
17885cb8dcade8f6c3bce14b2de805e8,Jacory Croskey-Merritt,rush_yds,draftkings,41.5,-113.0,-111.0,63.0,2026_01_WAS_PHI,2026-09-09T22:33:41Z,graded,0.5021058838394474,0.002105883839447431,0.05658278263578298,0.8849557522123894,0.9009009009009009
ed6d24ff979f9c71979fead577b0b3f7,Chris Godwin,recv_yds,draftkings,41.5,-113.0,-111.0,40.0,2026_01_TB_CIN,2026-09-09T22:35:35Z,graded,0.5021058838394474,0.002105883839447431,0.05658278263578298,0.8849557522123894,0.9009009009009009
b6cfdcbafa61ce220ba87dc2d9b80c77,Alec Pierce,recv_yds,draftkings,44.5,-113.0,-111.0,61.0,2026_01_BAL_IND,2026-09-09T22:34:04Z,graded,0.5021058838394474,0.002105883839447431,0.05658278263578298,0.8849557522123894,0.9009009009009009
7e09efed7e12c659b82740b67ce2f9a1,DJ Moore,recv_yds,draftkings,46.5,-113.0,-111.0,100.0,2026_01_BUF_HOU,2026-09-09T22:35:20Z,graded,0.5021058838394474,0.002105883839447431,0.05658278263578298,0.8849557522123894,0.9009009009009009
17885cb8dcade8f6c3bce14b2de805e8,Terry McLaurin,recv_yds,draftkings,49.5,-113.0,-111.0,14.0,2026_01_WAS_PHI,2026-09-09T22:33:41Z,graded,0.5021058838394474,0.002105883839447431,0.05658278263578298,0.8849557522123894,0.9009009009009009
fc362aff0d889ec52d358307a70c32ed,Luther Burden,recv_yds,draftkings,56.5,-113.0,-111.0,63.0,2026_01_CHI_CAR,2026-09-09T22:35:34Z,graded,0.5021058838394474,0.002105883839447431,0.05658278263578298,0.8849557522123894,0.9009009009009009
8c94552d022acec4a0458d70c19d3da9,Rhamondre Stevenson,rush_yds,draftkings,58.5,-113.0,-111.0,51.0,2026_01_NE_SEA,2026-09-09T22:35:35Z,graded,0.5021058838394474,0.002105883839447431,0.05658278263578298,0.8849557522123894,0.9009009009009009
3e646c7479c57f5d9752d8c7dfe7059b,Malik Nabers,recv_yds,draftkings,60.5,-113.0,-111.0,69.0,2026_01_DAL_NYG,2026-09-09T22:35:13Z,graded,0.5021058838394474,0.002105883839447431,0.05658278263578298,0.8849557522123894,0.9009009009009009
1edfa5ceaa1ad2cb57df1c1b908731f6,Omarion Hampton,rush_yds,draftkings,67.5,-113.0,-111.0,43.0,2026_01_ARI_LAC,2026-09-09T22:35:12Z,graded,0.5021058838394474,0.002105883839447431,0.05658278263578298,0.8849557522123894,0.9009009009009009
3e646c7479c57f5d9752d8c7dfe7059b,Javonte Williams,rush_yds,draftkings,72.5,-113.0,-111.0,41.0,2026_01_DAL_NYG,2026-09-09T22:35:13Z,graded,0.5021058838394474,0.002105883839447431,0.05658278263578298,0.8849557522123894,0.9009009009009009
c1d3fcec25aaeb06ebd2244d33d338e0,Chris Olave,recv_yds,draftkings,76.5,-113.0,-111.0,182.0,2026_01_NO_DET,2026-09-09T22:34:52Z,graded,0.5021058838394474,0.002105883839447431,0.05658278263578298,0.8849557522123894,0.9009009009009009
e55c6fe19fce094ce214c8b0e5b504e9,Deshaun Watson,pass_yds,draftkings,177.5,-113.0,-111.0,205.0,2026_01_CLE_JAX,2026-09-09T22:35:14Z,graded,0.5021058838394474,0.002105883839447431,0.05658278263578298,0.8849557522123894,0.9009009009009009
c5d95f48a16849ab6bebc68fbbfcb74a,Malik Willis,pass_yds,draftkings,183.5,-113.0,-111.0,220.0,2026_01_MIA_LV,2026-09-09T22:35:37Z,graded,0.5021058838394474,0.002105883839447431,0.05658278263578298,0.8849557522123894,0.9009009009009009
17885cb8dcade8f6c3bce14b2de805e8,Jayden Daniels,pass_yds,draftkings,200.5,-113.0,-111.0,164.0,2026_01_WAS_PHI,2026-09-09T22:33:41Z,graded,0.5021058838394474,0.002105883839447431,0.05658278263578298,0.8849557522123894,0.9009009009009009
95c01d1bb797d6df14824b106c5a9130,Tua Tagovailoa,pass_yds,draftkings,206.5,-113.0,-111.0,,2026_01_ATL_PIT,2026-09-09T22:33:37Z,no matching game/player result,0.5021058838394474,0.002105883839447431,0.05658278263578298,0.8849557522123894,0.9009009009009009
17885cb8dcade8f6c3bce14b2de805e8,Jalen Hurts,pass_yds,draftkings,209.5,-113.0,-111.0,203.0,2026_01_WAS_PHI,2026-09-09T22:33:41Z,graded,0.5021058838394474,0.002105883839447431,0.05658278263578298,0.8849557522123894,0.9009009009009009
8c94552d022acec4a0458d70c19d3da9,Drake Maye,pass_yds,draftkings,229.5,-113.0,-111.0,178.0,2026_01_NE_SEA,2026-09-09T22:35:35Z,graded,0.5021058838394474,0.002105883839447431,0.05658278263578298,0.8849557522123894,0.9009009009009009
b6cfdcbafa61ce220ba87dc2d9b80c77,Daniel Jones,pass_yds,draftkings,230.5,-113.0,-111.0,166.0,2026_01_BAL_IND,2026-09-09T22:34:04Z,graded,0.5021058838394474,0.002105883839447431,0.05658278263578298,0.8849557522123894,0.9009009009009009
ed6d24ff979f9c71979fead577b0b3f7,Baker Mayfield,pass_yds,draftkings,230.5,-113.0,-111.0,216.0,2026_01_TB_CIN,2026-09-09T22:35:35Z,graded,0.5021058838394474,0.002105883839447431,0.05658278263578298,0.8849557522123894,0.9009009009009009
1edfa5ceaa1ad2cb57df1c1b908731f6,Justin Herbert,pass_yds,draftkings,238.5,-113.0,-111.0,209.0,2026_01_ARI_LAC,2026-09-09T22:35:12Z,graded,0.5021058838394474,0.002105883839447431,0.05658278263578298,0.8849557522123894,0.9009009009009009
acc580d74344ea3b31bbcdd057fe6a9c,Matthew Stafford,pass_yds,draftkings,265.5,-113.0,-111.0,155.0,2026_01_SF_LA,2026-09-09T22:34:50Z,graded,0.5021058838394474,0.002105883839447431,0.05658278263578298,0.8849557522123894,0.9009009009009009
e55c6fe19fce094ce214c8b0e5b504e9,Trevor Lawrence,interceptions,betrivers,0.5,-114.0,-117.0,0.0,2026_01_CLE_JAX,2026-09-09T22:35:14Z,graded,0.4969864995178399,0.003013500482160092,0.07188078728627412,0.8771929824561403,0.8547008547008547
5ad8135dc2b5f27de0b777acd317855a,Noah Gray,recv_yds,betrivers,9.5,-114.0,-117.0,5.0,2026_01_DEN_KC,2026-09-09T22:35:12Z,graded,0.4969864995178399,0.003013500482160092,0.07188078728627412,0.8771929824561403,0.8547008547008547
7e09efed7e12c659b82740b67ce2f9a1,Woody Marks,recv_yds,betrivers,9.5,-117.0,-114.0,-2.0,2026_01_BUF_HOU,2026-09-09T22:35:35Z,graded,0.5030135004821601,0.003013500482160092,0.07188078728627412,0.8547008547008547,0.8771929824561403
acc580d74344ea3b31bbcdd057fe6a9c,Demarcus Robinson,recv_yds,betrivers,9.5,-114.0,-117.0,50.0,2026_01_SF_LA,2026-09-09T22:35:11Z,graded,0.4969864995178399,0.003013500482160092,0.07188078728627412,0.8771929824561403,0.8547008547008547
e55c6fe19fce094ce214c8b0e5b504e9,Bhayshul Tuten,recv_yds,betrivers,11.5,-117.0,-114.0,22.0,2026_01_CLE_JAX,2026-09-09T22:35:14Z,graded,0.5030135004821601,0.003013500482160092,0.07188078728627412,0.8547008547008547,0.8771929824561403
b6cfdcbafa61ce220ba87dc2d9b80c77,Daniel Jones,rush_yds,betrivers,12.5,-117.0,-114.0,4.0,2026_01_BAL_IND,2026-09-09T22:35:12Z,graded,0.5030135004821601,0.003013500482160092,0.07188078728627412,0.8547008547008547,0.8771929824561403
95c01d1bb797d6df14824b106c5a9130,Jaylen Warren,recv_yds,betrivers,14.5,-114.0,-117.0,27.0,2026_01_ATL_PIT,2026-09-09T22:35:39Z,graded,0.4969864995178399,0.003013500482160092,0.07188078728627412,0.8771929824561403,0.8547008547008547
17885cb8dcade8f6c3bce14b2de805e8,Saquon Barkley,recv_yds,betrivers,15.5,-117.0,-114.0,-3.0,2026_01_WAS_PHI,2026-09-09T22:35:12Z,graded,0.5030135004821601,0.003013500482160092,0.07188078728627412,0.8547008547008547,0.8771929824561403
7dddb296a42e7a41a774b24bd1709ce1,Braelon Allen,rush_yds,betrivers,17.5,-117.0,-114.0,40.0,2026_01_NYJ_TEN,2026-09-09T22:35:12Z,graded,0.5030135004821601,0.003013500482160092,0.07188078728627412,0.8547008547008547,0.8771929824561403
ed6d24ff979f9c71979fead577b0b3f7,Samaje Perine,rush_yds,betrivers,20.5,-114.0,-117.0,20.0,2026_01_TB_CIN,2026-09-09T22:35:36Z,graded,0.4969864995178399,0.003013500482160092,0.07188078728627412,0.8771929824561403,0.8547008547008547
ed6d24ff979f9c71979fead577b0b3f7,Kenny Gainwell,rush_yds,betrivers,21.5,-114.0,-117.0,15.0,2026_01_TB_CIN,2026-09-09T22:35:36Z,graded,0.4969864995178399,0.003013500482160092,0.07188078728627412,0.8771929824561403,0.8547008547008547
e55c6fe19fce094ce214c8b0e5b504e9,Denzel Boston,recv_yds,betrivers,23.5,-114.0,-117.0,59.0,2026_01_CLE_JAX,2026-09-09T22:35:14Z,graded,0.4969864995178399,0.003013500482160092,0.07188078728627412,0.8771929824561403,0.8547008547008547
17885cb8dcade8f6c3bce14b2de805e8,Makai Lemon,recv_yds,betrivers,24.5,-114.0,-117.0,-5.0,2026_01_WAS_PHI,2026-09-09T22:35:12Z,graded,0.4969864995178399,0.003013500482160092,0.07188078728627412,0.8771929824561403,0.8547008547008547
8c94552d022acec4a0458d70c19d3da9,AJ Barner,recv_yds,betrivers,25.5,-117.0,-114.0,13.0,2026_01_NE_SEA,2026-09-09T22:35:15Z,graded,0.5030135004821601,0.003013500482160092,0.07188078728627412,0.8547008547008547,0.8771929824561403
b6cfdcbafa61ce220ba87dc2d9b80c77,Rashod Bateman,recv_yds,betrivers,26.5,-114.0,-117.0,0.0,2026_01_BAL_IND,2026-09-09T22:35:12Z,graded,0.4969864995178399,0.003013500482160092,0.07188078728627412,0.8771929824561403,0.8547008547008547
c5d95f48a16849ab6bebc68fbbfcb74a,Greg Dulcich,recv_yds,betrivers,26.5,-117.0,-114.0,18.0,2026_01_MIA_LV,2026-09-09T22:35:35Z,graded,0.5030135004821601,0.003013500482160092,0.07188078728627412,0.8547008547008547,0.8771929824561403
3e646c7479c57f5d9752d8c7dfe7059b,Jaxson Dart,rush_yds,betrivers,27.5,-117.0,-114.0,54.0,2026_01_DAL_NYG,2026-09-09T22:35:36Z,graded,0.5030135004821601,0.003013500482160092,0.07188078728627412,0.8547008547008547,0.8771929824561403
c5d95f48a16849ab6bebc68fbbfcb74a,Caleb Douglas,recv_yds,betrivers,28.5,-117.0,-114.0,94.0,2026_01_MIA_LV,2026-09-09T22:35:35Z,graded,0.5030135004821601,0.003013500482160092,0.07188078728627412,0.8547008547008547,0.8771929824561403
7dddb296a42e7a41a774b24bd1709ce1,Adonai Mitchell,recv_yds,betrivers,29.5,-114.0,-117.0,60.0,2026_01_NYJ_TEN,2026-09-09T22:35:12Z,graded,0.4969864995178399,0.003013500482160092,0.07188078728627412,0.8771929824561403,0.8547008547008547
e55c6fe19fce094ce214c8b0e5b504e9,Jerry Jeudy,recv_yds,betrivers,30.5,-117.0,-114.0,26.0,2026_01_CLE_JAX,2026-09-09T22:35:14Z,graded,0.5030135004821601,0.003013500482160092,0.07188078728627412,0.8547008547008547,0.8771929824561403
17885cb8dcade8f6c3bce14b2de805e8,Jayden Daniels,rush_yds,betrivers,35.5,-114.0,-117.0,31.0,2026_01_WAS_PHI,2026-09-09T22:35:12Z,graded,0.4969864995178399,0.003013500482160092,0.07188078728627412,0.8771929824561403,0.8547008547008547
acc580d74344ea3b31bbcdd057fe6a9c,De'Zhaun Stribling,recv_yds,betrivers,35.5,-117.0,-114.0,,2026_01_SF_LA,2026-09-09T22:35:11Z,no matching game/player result,0.5030135004821601,0.003013500482160092,0.07188078728627412,0.8547008547008547,0.8771929824561403
95c01d1bb797d6df14824b106c5a9130,Bijan Robinson,recv_yds,betrivers,36.5,-114.0,-117.0,90.0,2026_01_ATL_PIT,2026-09-09T22:35:39Z,graded,0.4969864995178399,0.003013500482160092,0.07188078728627412,0.8771929824561403,0.8547008547008547
e55c6fe19fce094ce214c8b0e5b504e9,Brian Thomas,recv_yds,betrivers,36.5,-117.0,-114.0,40.0,2026_01_CLE_JAX,2026-09-09T22:35:14Z,graded,0.5030135004821601,0.003013500482160092,0.07188078728627412,0.8547008547008547,0.8771929824561403
b6cfdcbafa61ce220ba87dc2d9b80c77,Lamar Jackson,rush_yds,betrivers,37.5,-114.0,-117.0,40.0,2026_01_BAL_IND,2026-09-09T22:35:12Z,graded,0.4969864995178399,0.003013500482160092,0.07188078728627412,0.8771929824561403,0.8547008547008547
7e09efed7e12c659b82740b67ce2f9a1,Dalton Kincaid,recv_yds,betrivers,38.5,-114.0,-117.0,130.0,2026_01_BUF_HOU,2026-09-09T22:35:35Z,graded,0.4969864995178399,0.003013500482160092,0.07188078728627412,0.8771929824561403,0.8547008547008547
cb77efed7e711d25a72c1a2a0a1af119,Jayden Reed,recv_yds,betrivers,38.5,-117.0,-114.0,20.0,2026_01_GB_MIN,2026-09-09T22:35:35Z,graded,0.5030135004821601,0.003013500482160092,0.07188078728627412,0.8547008547008547,0.8771929824561403
c5d95f48a16849ab6bebc68fbbfcb74a,Michael Mayer,recv_yds,betrivers,39.5,-117.0,-114.0,32.0,2026_01_MIA_LV,2026-09-09T22:35:35Z,graded,0.5030135004821601,0.003013500482160092,0.07188078728627412,0.8547008547008547,0.8771929824561403
fc362aff0d889ec52d358307a70c32ed,Jalen Coker,recv_yds,betrivers,39.5,-114.0,-117.0,138.0,2026_01_CHI_CAR,2026-09-09T22:35:35Z,graded,0.4969864995178399,0.003013500482160092,0.07188078728627412,0.8771929824561403,0.8547008547008547
c1d3fcec25aaeb06ebd2244d33d338e0,Sam LaPorta,recv_yds,betrivers,40.5,-114.0,-117.0,48.0,2026_01_NO_DET,2026-09-09T22:35:14Z,graded,0.4969864995178399,0.003013500482160092,0.07188078728627412,0.8771929824561403,0.8547008547008547
cb77efed7e711d25a72c1a2a0a1af119,Matthew Golden,recv_yds,betrivers,40.5,-114.0,-117.0,95.0,2026_01_GB_MIN,2026-09-09T22:35:35Z,graded,0.4969864995178399,0.003013500482160092,0.07188078728627412,0.8771929824561403,0.8547008547008547
cb77efed7e711d25a72c1a2a0a1af119,Jordan Addison,recv_yds,betrivers,43.5,-117.0,-114.0,0.0,2026_01_GB_MIN,2026-09-09T22:35:35Z,graded,0.5030135004821601,0.003013500482160092,0.07188078728627412,0.8547008547008547,0.8771929824561403
c5d95f48a16849ab6bebc68fbbfcb74a,Tre Tucker,recv_yds,betrivers,45.5,-114.0,-117.0,27.0,2026_01_MIA_LV,2026-09-09T22:35:35Z,graded,0.4969864995178399,0.003013500482160092,0.07188078728627412,0.8771929824561403,0.8547008547008547
1edfa5ceaa1ad2cb57df1c1b908731f6,Marvin Harrison,recv_yds,betrivers,48.5,-114.0,-117.0,33.0,2026_01_ARI_LAC,2026-09-09T22:35:36Z,graded,0.4969864995178399,0.003013500482160092,0.07188078728627412,0.8771929824561403,0.8547008547008547
5ad8135dc2b5f27de0b777acd317855a,Jaylen Waddle,recv_yds,betrivers,53.5,-114.0,-117.0,2.0,2026_01_DEN_KC,2026-09-09T22:35:12Z,graded,0.4969864995178399,0.003013500482160092,0.07188078728627412,0.8771929824561403,0.8547008547008547
ed6d24ff979f9c71979fead577b0b3f7,Emeka Egbuka,recv_yds,betrivers,53.5,-117.0,-114.0,63.0,2026_01_TB_CIN,2026-09-09T22:35:36Z,graded,0.5030135004821601,0.003013500482160092,0.07188078728627412,0.8547008547008547,0.8771929824561403
acc580d74344ea3b31bbcdd057fe6a9c,Kyren Williams,rush_yds,betrivers,54.5,-114.0,-117.0,41.0,2026_01_SF_LA,2026-09-09T22:35:11Z,graded,0.4969864995178399,0.003013500482160092,0.07188078728627412,0.8771929824561403,0.8547008547008547
e55c6fe19fce094ce214c8b0e5b504e9,Parker Washington,recv_yds,betrivers,54.5,-117.0,-114.0,83.0,2026_01_CLE_JAX,2026-09-09T22:35:14Z,graded,0.5030135004821601,0.003013500482160092,0.07188078728627412,0.8547008547008547,0.8771929824561403
c1d3fcec25aaeb06ebd2244d33d338e0,Jameson Williams,recv_yds,betrivers,57.5,-114.0,-117.0,45.0,2026_01_NO_DET,2026-09-09T22:35:14Z,graded,0.4969864995178399,0.003013500482160092,0.07188078728627412,0.8771929824561403,0.8547008547008547
5ad8135dc2b5f27de0b777acd317855a,Rashee Rice,recv_yds,betrivers,58.5,-114.0,-117.0,19.0,2026_01_DEN_KC,2026-09-09T22:35:12Z,graded,0.4969864995178399,0.003013500482160092,0.07188078728627412,0.8771929824561403,0.8547008547008547
acc580d74344ea3b31bbcdd057fe6a9c,Christian McCaffrey,rush_yds,betrivers,58.5,-114.0,-117.0,68.0,2026_01_SF_LA,2026-09-09T22:35:11Z,graded,0.4969864995178399,0.003013500482160092,0.07188078728627412,0.8771929824561403,0.8547008547008547
7dddb296a42e7a41a774b24bd1709ce1,Garrett Wilson,recv_yds,betrivers,59.5,-114.0,-117.0,79.0,2026_01_NYJ_TEN,2026-09-09T22:35:12Z,graded,0.4969864995178399,0.003013500482160092,0.07188078728627412,0.8771929824561403,0.8547008547008547
ed6d24ff979f9c71979fead577b0b3f7,Tee Higgins,recv_yds,betrivers,61.5,-114.0,-117.0,59.0,2026_01_TB_CIN,2026-09-09T22:35:36Z,graded,0.4969864995178399,0.003013500482160092,0.07188078728627412,0.8771929824561403,0.8547008547008547
b6cfdcbafa61ce220ba87dc2d9b80c77,Zay Flowers,recv_yds,betrivers,63.5,-117.0,-114.0,150.0,2026_01_BAL_IND,2026-09-09T22:35:12Z,graded,0.5030135004821601,0.003013500482160092,0.07188078728627412,0.8547008547008547,0.8771929824561403
17885cb8dcade8f6c3bce14b2de805e8,DeVonta Smith,recv_yds,betrivers,65.5,-114.0,-117.0,53.0,2026_01_WAS_PHI,2026-09-09T22:35:12Z,graded,0.4969864995178399,0.003013500482160092,0.07188078728627412,0.8771929824561403,0.8547008547008547
7dddb296a42e7a41a774b24bd1709ce1,Breece Hall,rush_yds,betrivers,67.5,-114.0,-117.0,102.0,2026_01_NYJ_TEN,2026-09-09T22:35:12Z,graded,0.4969864995178399,0.003013500482160092,0.07188078728627412,0.8771929824561403,0.8547008547008547
3e646c7479c57f5d9752d8c7dfe7059b,George Pickens,recv_yds,betrivers,69.5,-114.0,-117.0,28.0,2026_01_DAL_NYG,2026-09-09T22:35:36Z,graded,0.4969864995178399,0.003013500482160092,0.07188078728627412,0.8771929824561403,0.8547008547008547
7e09efed7e12c659b82740b67ce2f9a1,Nico Collins,recv_yds,betrivers,69.5,-114.0,-117.0,75.0,2026_01_BUF_HOU,2026-09-09T22:35:35Z,graded,0.4969864995178399,0.003013500482160092,0.07188078728627412,0.8771929824561403,0.8547008547008547
3e646c7479c57f5d9752d8c7dfe7059b,Javonte Williams,rush_yds,betrivers,73.5,-114.0,-117.0,41.0,2026_01_DAL_NYG,2026-09-09T22:35:36Z,graded,0.4969864995178399,0.003013500482160092,0.07188078728627412,0.8771929824561403,0.8547008547008547
cb77efed7e711d25a72c1a2a0a1af119,Justin Jefferson,recv_yds,betrivers,73.5,-114.0,-117.0,92.0,2026_01_GB_MIN,2026-09-09T22:35:35Z,graded,0.4969864995178399,0.003013500482160092,0.07188078728627412,0.8771929824561403,0.8547008547008547
7e09efed7e12c659b82740b67ce2f9a1,James Cook,rush_yds,betrivers,74.5,-114.0,-117.0,57.0,2026_01_BUF_HOU,2026-09-09T22:35:35Z,graded,0.4969864995178399,0.003013500482160092,0.07188078728627412,0.8771929824561403,0.8547008547008547
c1d3fcec25aaeb06ebd2244d33d338e0,Chris Olave,recv_yds,betrivers,74.5,-117.0,-114.0,182.0,2026_01_NO_DET,2026-09-09T22:35:14Z,graded,0.5030135004821601,0.003013500482160092,0.07188078728627412,0.8547008547008547,0.8771929824561403
3e646c7479c57f5d9752d8c7dfe7059b,CeeDee Lamb,recv_yds,betrivers,76.5,-114.0,-117.0,44.0,2026_01_DAL_NYG,2026-09-09T22:35:36Z,graded,0.4969864995178399,0.003013500482160092,0.07188078728627412,0.8771929824561403,0.8547008547008547
c1d3fcec25aaeb06ebd2244d33d338e0,Amon-Ra St. Brown,recv_yds,betrivers,76.5,-117.0,-114.0,67.0,2026_01_NO_DET,2026-09-09T22:35:14Z,graded,0.5030135004821601,0.003013500482160092,0.07188078728627412,0.8547008547008547,0.8771929824561403
8c94552d022acec4a0458d70c19d3da9,Jaxon Smith-Njigba,recv_yds,betrivers,81.5,-114.0,-117.0,122.0,2026_01_NE_SEA,2026-09-09T22:35:15Z,graded,0.4969864995178399,0.003013500482160092,0.07188078728627412,0.8771929824561403,0.8547008547008547
c1d3fcec25aaeb06ebd2244d33d338e0,Jahmyr Gibbs,rush_yds,betrivers,84.5,-114.0,-117.0,156.0,2026_01_NO_DET,2026-09-09T22:35:14Z,graded,0.4969864995178399,0.003013500482160092,0.07188078728627412,0.8771929824561403,0.8547008547008547
acc580d74344ea3b31bbcdd057fe6a9c,Puka Nacua,recv_yds,betrivers,89.5,-114.0,-117.0,74.0,2026_01_SF_LA,2026-09-09T22:35:11Z,graded,0.4969864995178399,0.003013500482160092,0.07188078728627412,0.8771929824561403,0.8547008547008547
e55c6fe19fce094ce214c8b0e5b504e9,Deshaun Watson,pass_yds,betrivers,174.5,-114.0,-117.0,205.0,2026_01_CLE_JAX,2026-09-09T22:35:14Z,graded,0.4969864995178399,0.003013500482160092,0.07188078728627412,0.8771929824561403,0.8547008547008547
c5d95f48a16849ab6bebc68fbbfcb74a,Malik Willis,pass_yds,betrivers,177.5,-114.0,-117.0,220.0,2026_01_MIA_LV,2026-09-09T22:35:35Z,graded,0.4969864995178399,0.003013500482160092,0.07188078728627412,0.8771929824561403,0.8547008547008547
7dddb296a42e7a41a774b24bd1709ce1,Cam Ward,pass_yds,betrivers,195.5,-117.0,-114.0,140.0,2026_01_NYJ_TEN,2026-09-09T22:35:12Z,graded,0.5030135004821601,0.003013500482160092,0.07188078728627412,0.8547008547008547,0.8771929824561403
7dddb296a42e7a41a774b24bd1709ce1,Geno Smith,pass_yds,betrivers,201.5,-114.0,-117.0,215.0,2026_01_NYJ_TEN,2026-09-09T22:35:12Z,graded,0.4969864995178399,0.003013500482160092,0.07188078728627412,0.8771929824561403,0.8547008547008547
c5d95f48a16849ab6bebc68fbbfcb74a,Kirk Cousins,pass_yds,betrivers,205.5,-114.0,-117.0,160.0,2026_01_MIA_LV,2026-09-09T22:35:35Z,graded,0.4969864995178399,0.003013500482160092,0.07188078728627412,0.8771929824561403,0.8547008547008547
fc362aff0d889ec52d358307a70c32ed,Bryce Young,pass_yds,betrivers,208.5,-114.0,-117.0,361.0,2026_01_CHI_CAR,2026-09-09T22:35:35Z,graded,0.4969864995178399,0.003013500482160092,0.07188078728627412,0.8771929824561403,0.8547008547008547
7e09efed7e12c659b82740b67ce2f9a1,C.J. Stroud,pass_yds,betrivers,214.5,-117.0,-114.0,274.0,2026_01_BUF_HOU,2026-09-09T22:35:35Z,graded,0.5030135004821601,0.003013500482160092,0.07188078728627412,0.8547008547008547,0.8771929824561403
b6cfdcbafa61ce220ba87dc2d9b80c77,Lamar Jackson,pass_yds,betrivers,214.5,-117.0,-114.0,324.0,2026_01_BAL_IND,2026-09-09T22:35:12Z,graded,0.5030135004821601,0.003013500482160092,0.07188078728627412,0.8547008547008547,0.8771929824561403
3e646c7479c57f5d9752d8c7dfe7059b,Jaxson Dart,pass_yds,betrivers,217.5,-114.0,-117.0,230.0,2026_01_DAL_NYG,2026-09-09T22:35:36Z,graded,0.4969864995178399,0.003013500482160092,0.07188078728627412,0.8771929824561403,0.8547008547008547
7e09efed7e12c659b82740b67ce2f9a1,Josh Allen,pass_yds,betrivers,218.5,-117.0,-114.0,334.0,2026_01_BUF_HOU,2026-09-09T22:35:35Z,graded,0.5030135004821601,0.003013500482160092,0.07188078728627412,0.8547008547008547,0.8771929824561403
8c94552d022acec4a0458d70c19d3da9,Sam Darnold,pass_yds,betrivers,227.5,-117.0,-114.0,13.0,2026_01_NE_SEA,2026-09-09T22:35:15Z,graded,0.5030135004821601,0.003013500482160092,0.07188078728627412,0.8547008547008547,0.8771929824561403
8c94552d022acec4a0458d70c19d3da9,Drake Maye,pass_yds,betrivers,229.5,-114.0,-117.0,178.0,2026_01_NE_SEA,2026-09-09T22:35:15Z,graded,0.4969864995178399,0.003013500482160092,0.07188078728627412,0.8771929824561403,0.8547008547008547
b6cfdcbafa61ce220ba87dc2d9b80c77,Daniel Jones,pass_yds,betrivers,229.5,-114.0,-117.0,166.0,2026_01_BAL_IND,2026-09-09T22:35:12Z,graded,0.4969864995178399,0.003013500482160092,0.07188078728627412,0.8771929824561403,0.8547008547008547
5ad8135dc2b5f27de0b777acd317855a,Patrick Mahomes,pass_yds,betrivers,230.5,-117.0,-114.0,184.0,2026_01_DEN_KC,2026-09-09T22:35:12Z,graded,0.5030135004821601,0.003013500482160092,0.07188078728627412,0.8547008547008547,0.8771929824561403
1edfa5ceaa1ad2cb57df1c1b908731f6,Justin Herbert,pass_yds,betrivers,238.5,-114.0,-117.0,209.0,2026_01_ARI_LAC,2026-09-09T22:35:36Z,graded,0.4969864995178399,0.003013500482160092,0.07188078728627412,0.8771929824561403,0.8547008547008547
cb77efed7e711d25a72c1a2a0a1af119,Jordan Love,pass_yds,betrivers,239.5,-117.0,-114.0,387.0,2026_01_GB_MIN,2026-09-09T22:35:35Z,graded,0.5030135004821601,0.003013500482160092,0.07188078728627412,0.8547008547008547,0.8771929824561403
c1d3fcec25aaeb06ebd2244d33d338e0,Jared Goff,pass_yds,betrivers,261.5,-117.0,-114.0,206.0,2026_01_NO_DET,2026-09-09T22:35:14Z,graded,0.5030135004821601,0.003013500482160092,0.07188078728627412,0.8547008547008547,0.8771929824561403
ed6d24ff979f9c71979fead577b0b3f7,Joe Burrow,pass_yds,betrivers,267.5,-114.0,-117.0,254.0,2026_01_TB_CIN,2026-09-09T22:35:36Z,graded,0.4969864995178399,0.003013500482160092,0.07188078728627412,0.8771929824561403,0.8547008547008547
7e09efed7e12c659b82740b67ce2f9a1,Woody Marks,receptions,betonlineag,1.5,-112.0,-115.0,1.0,2026_01_BUF_HOU,2026-09-09T22:34:56Z,graded,0.4969046636401156,0.003095336359884404,0.06318560772268533,0.8928571428571429,0.8695652173913043
fc362aff0d889ec52d358307a70c32ed,Kalif Raymond,receptions,betonlineag,1.5,-112.0,-115.0,8.0,2026_01_CHI_CAR,2026-09-09T22:34:54Z,graded,0.4969046636401156,0.003095336359884404,0.06318560772268533,0.8928571428571429,0.8695652173913043
7dddb296a42e7a41a774b24bd1709ce1,Gunnar Helm,receptions,betonlineag,2.5,-112.0,-115.0,4.0,2026_01_NYJ_TEN,2026-09-09T22:34:56Z,graded,0.4969046636401156,0.003095336359884404,0.06318560772268533,0.8928571428571429,0.8695652173913043
e55c6fe19fce094ce214c8b0e5b504e9,Quinshon Judkins,recv_yds,betonlineag,9.5,-112.0,-115.0,17.0,2026_01_CLE_JAX,2026-09-09T22:34:34Z,graded,0.4969046636401156,0.003095336359884404,0.06318560772268533,0.8928571428571429,0.8695652173913043
7e09efed7e12c659b82740b67ce2f9a1,David Montgomery,rush_attempts,betonlineag,13.5,-112.0,-115.0,20.0,2026_01_BUF_HOU,2026-09-09T22:34:56Z,graded,0.4969046636401156,0.003095336359884404,0.06318560772268533,0.8928571428571429,0.8695652173913043
5ad8135dc2b5f27de0b777acd317855a,RJ Harvey,recv_yds,betonlineag,16.5,-112.0,-115.0,23.0,2026_01_DEN_KC,2026-09-09T22:34:52Z,graded,0.4969046636401156,0.003095336359884404,0.06318560772268533,0.8928571428571429,0.8695652173913043
b6cfdcbafa61ce220ba87dc2d9b80c77,Jonathan Taylor,recv_yds,betonlineag,16.5,-112.0,-115.0,23.0,2026_01_BAL_IND,2026-09-09T22:35:14Z,graded,0.4969046636401156,0.003095336359884404,0.06318560772268533,0.8928571428571429,0.8695652173913043
7dddb296a42e7a41a774b24bd1709ce1,Braelon Allen,rush_yds,betonlineag,17.5,-112.0,-115.0,40.0,2026_01_NYJ_TEN,2026-09-09T22:34:56Z,graded,0.4969046636401156,0.003095336359884404,0.06318560772268533,0.8928571428571429,0.8695652173913043
7e09efed7e12c659b82740b67ce2f9a1,James Cook,rush_attempts,betonlineag,17.5,-112.0,-115.0,13.0,2026_01_BUF_HOU,2026-09-09T22:34:56Z,graded,0.4969046636401156,0.003095336359884404,0.06318560772268533,0.8928571428571429,0.8695652173913043
b6cfdcbafa61ce220ba87dc2d9b80c77,Jonathan Taylor,rush_attempts,betonlineag,18.5,-112.0,-115.0,19.0,2026_01_BAL_IND,2026-09-09T22:35:14Z,graded,0.4969046636401156,0.003095336359884404,0.06318560772268533,0.8928571428571429,0.8695652173913043
acc580d74344ea3b31bbcdd057fe6a9c,Brock Purdy,pass_completions,betonlineag,21.5,-112.0,-115.0,25.0,2026_01_SF_LA,2026-09-09T22:35:41Z,graded,0.4969046636401156,0.003095336359884404,0.06318560772268533,0.8928571428571429,0.8695652173913043
cb77efed7e711d25a72c1a2a0a1af119,Kyler Murray,pass_completions,betonlineag,21.5,-112.0,-115.0,3.0,2026_01_GB_MIN,2026-09-09T22:35:17Z,graded,0.4969046636401156,0.003095336359884404,0.06318560772268533,0.8928571428571429,0.8695652173913043
5ad8135dc2b5f27de0b777acd317855a,Evan Engram,recv_yds,betonlineag,23.5,-112.0,-115.0,43.0,2026_01_DEN_KC,2026-09-09T22:34:52Z,graded,0.4969046636401156,0.003095336359884404,0.06318560772268533,0.8928571428571429,0.8695652173913043
17885cb8dcade8f6c3bce14b2de805e8,Rachaad White,rush_yds,betonlineag,24.5,-112.0,-115.0,22.0,2026_01_WAS_PHI,2026-09-09T22:34:52Z,graded,0.4969046636401156,0.003095336359884404,0.06318560772268533,0.8928571428571429,0.8695652173913043
95c01d1bb797d6df14824b106c5a9130,Pat Freiermuth,recv_yds,betonlineag,25.5,-112.0,-115.0,46.0,2026_01_ATL_PIT,2026-09-09T22:35:15Z,graded,0.4969046636401156,0.003095336359884404,0.06318560772268533,0.8928571428571429,0.8695652173913043
c5d95f48a16849ab6bebc68fbbfcb74a,Malik Washington,recv_yds,betonlineag,27.5,-112.0,-115.0,53.0,2026_01_MIA_LV,2026-09-09T22:35:35Z,graded,0.4969046636401156,0.003095336359884404,0.06318560772268533,0.8928571428571429,0.8695652173913043
17885cb8dcade8f6c3bce14b2de805e8,Jalen Hurts,rush_yds,betonlineag,28.5,-112.0,-115.0,46.0,2026_01_WAS_PHI,2026-09-09T22:34:52Z,graded,0.4969046636401156,0.003095336359884404,0.06318560772268533,0.8928571428571429,0.8695652173913043
3e646c7479c57f5d9752d8c7dfe7059b,Jaxson Dart,rush_yds,betonlineag,30.5,-112.0,-115.0,54.0,2026_01_DAL_NYG,2026-09-09T22:35:13Z,graded,0.4969046636401156,0.003095336359884404,0.06318560772268533,0.8928571428571429,0.8695652173913043
c5d95f48a16849ab6bebc68fbbfcb74a,Jalen Nailor,recv_yds,betonlineag,33.5,-112.0,-115.0,27.0,2026_01_MIA_LV,2026-09-09T22:35:35Z,graded,0.4969046636401156,0.003095336359884404,0.06318560772268533,0.8928571428571429,0.8695652173913043
5ad8135dc2b5f27de0b777acd317855a,Bo Nix,pass_attempts,betonlineag,34.5,-112.0,-115.0,28.0,2026_01_DEN_KC,2026-09-09T22:34:52Z,graded,0.4969046636401156,0.003095336359884404,0.06318560772268533,0.8928571428571429,0.8695652173913043
7e09efed7e12c659b82740b67ce2f9a1,Dalton Kincaid,recv_yds,betonlineag,38.5,-112.0,-115.0,130.0,2026_01_BUF_HOU,2026-09-09T22:34:56Z,graded,0.4969046636401156,0.003095336359884404,0.06318560772268533,0.8928571428571429,0.8695652173913043
1edfa5ceaa1ad2cb57df1c1b908731f6,Jeremiyah Love,rush_yds,betonlineag,39.5,-112.0,-115.0,41.0,2026_01_ARI_LAC,2026-09-09T22:35:12Z,graded,0.4969046636401156,0.003095336359884404,0.06318560772268533,0.8928571428571429,0.8695652173913043
c1d3fcec25aaeb06ebd2244d33d338e0,Juwan Johnson,recv_yds,betonlineag,42.5,-112.0,-115.0,54.0,2026_01_NO_DET,2026-09-09T22:35:16Z,graded,0.4969046636401156,0.003095336359884404,0.06318560772268533,0.8928571428571429,0.8695652173913043
3e646c7479c57f5d9752d8c7dfe7059b,Cam Skattebo,rush_yds,betonlineag,49.5,-112.0,-115.0,81.0,2026_01_DAL_NYG,2026-09-09T22:35:13Z,graded,0.4969046636401156,0.003095336359884404,0.06318560772268533,0.8928571428571429,0.8695652173913043
b6cfdcbafa61ce220ba87dc2d9b80c77,Derrick Henry,rush_yds,betonlineag,79.5,-112.0,-115.0,144.0,2026_01_BAL_IND,2026-09-09T22:35:14Z,graded,0.4969046636401156,0.003095336359884404,0.06318560772268533,0.8928571428571429,0.8695652173913043
e55c6fe19fce094ce214c8b0e5b504e9,Deshaun Watson,pass_yds,betonlineag,177.5,-112.0,-115.0,205.0,2026_01_CLE_JAX,2026-09-09T22:34:34Z,graded,0.4969046636401156,0.003095336359884404,0.06318560772268533,0.8928571428571429,0.8695652173913043
3e646c7479c57f5d9752d8c7dfe7059b,Jaxson Dart,pass_yds,betonlineag,217.5,-112.0,-115.0,230.0,2026_01_DAL_NYG,2026-09-09T22:35:13Z,graded,0.4969046636401156,0.003095336359884404,0.06318560772268533,0.8928571428571429,0.8695652173913043
7e09efed7e12c659b82740b67ce2f9a1,Josh Allen,interceptions,betonlineag,0.5,-115.0,-112.0,0.0,2026_01_BUF_HOU,2026-09-09T22:34:56Z,graded,0.5030953363598845,0.0030953363598844597,0.06318560772268533,0.8695652173913043,0.8928571428571429
b6cfdcbafa61ce220ba87dc2d9b80c77,Justice Hill,rush_yds,betonlineag,8.5,-115.0,-112.0,18.0,2026_01_BAL_IND,2026-09-09T22:35:14Z,graded,0.5030953363598845,0.0030953363598844597,0.06318560772268533,0.8695652173913043,0.8928571428571429
5ad8135dc2b5f27de0b777acd317855a,Noah Gray,recv_yds,betonlineag,9.5,-115.0,-112.0,5.0,2026_01_DEN_KC,2026-09-09T22:34:52Z,graded,0.5030953363598845,0.0030953363598844597,0.06318560772268533,0.8695652173913043,0.8928571428571429
7dddb296a42e7a41a774b24bd1709ce1,Tony Pollard,recv_yds,betonlineag,9.5,-115.0,-112.0,-1.0,2026_01_NYJ_TEN,2026-09-09T22:34:56Z,graded,0.5030953363598845,0.0030953363598844597,0.06318560772268533,0.8695652173913043,0.8928571428571429
7e09efed7e12c659b82740b67ce2f9a1,Woody Marks,recv_yds,betonlineag,9.5,-115.0,-112.0,-2.0,2026_01_BUF_HOU,2026-09-09T22:34:56Z,graded,0.5030953363598845,0.0030953363598844597,0.06318560772268533,0.8695652173913043,0.8928571428571429
1edfa5ceaa1ad2cb57df1c1b908731f6,Jacoby Brissett,rush_yds,betonlineag,10.5,-115.0,-112.0,14.0,2026_01_ARI_LAC,2026-09-09T22:35:12Z,graded,0.5030953363598845,0.0030953363598844597,0.06318560772268533,0.8695652173913043,0.8928571428571429
acc580d74344ea3b31bbcdd057fe6a9c,Demarcus Robinson,recv_yds,betonlineag,11.5,-115.0,-112.0,50.0,2026_01_SF_LA,2026-09-09T22:35:41Z,graded,0.5030953363598845,0.0030953363598844597,0.06318560772268533,0.8695652173913043,0.8928571428571429
3e646c7479c57f5d9752d8c7dfe7059b,Malik Davis,rush_yds,betonlineag,12.5,-115.0,-112.0,,2026_01_DAL_NYG,2026-09-09T22:35:13Z,no matching game/player result,0.5030953363598845,0.0030953363598844597,0.06318560772268533,0.8695652173913043,0.8928571428571429
17885cb8dcade8f6c3bce14b2de805e8,Rachaad White,recv_yds,betonlineag,14.5,-115.0,-112.0,5.0,2026_01_WAS_PHI,2026-09-09T22:34:52Z,graded,0.5030953363598845,0.0030953363598844597,0.06318560772268533,0.8695652173913043,0.8928571428571429
7e09efed7e12c659b82740b67ce2f9a1,Dawson Knox,recv_yds,betonlineag,14.5,-115.0,-112.0,7.0,2026_01_BUF_HOU,2026-09-09T22:34:56Z,graded,0.5030953363598845,0.0030953363598844597,0.06318560772268533,0.8695652173913043,0.8928571428571429
1edfa5ceaa1ad2cb57df1c1b908731f6,Jeremiyah Love,recv_yds,betonlineag,15.5,-115.0,-112.0,9.0,2026_01_ARI_LAC,2026-09-09T22:35:12Z,graded,0.5030953363598845,0.0030953363598844597,0.06318560772268533,0.8695652173913043,0.8928571428571429
95c01d1bb797d6df14824b106c5a9130,Jaylen Warren,recv_yds,betonlineag,15.5,-115.0,-112.0,27.0,2026_01_ATL_PIT,2026-09-09T22:35:15Z,graded,0.5030953363598845,0.0030953363598844597,0.06318560772268533,0.8695652173913043,0.8928571428571429
5ad8135dc2b5f27de0b777acd317855a,Tyquan Thornton,recv_yds,betonlineag,19.5,-115.0,-112.0,0.0,2026_01_DEN_KC,2026-09-09T22:34:52Z,graded,0.5030953363598845,0.0030953363598844597,0.06318560772268533,0.8695652173913043,0.8928571428571429
e55c6fe19fce094ce214c8b0e5b504e9,Deshaun Watson,rush_yds,betonlineag,19.5,-115.0,-112.0,38.0,2026_01_CLE_JAX,2026-09-09T22:34:34Z,graded,0.5030953363598845,0.0030953363598844597,0.06318560772268533,0.8695652173913043,0.8928571428571429
3e646c7479c57f5d9752d8c7dfe7059b,Malachi Fields,recv_yds,betonlineag,21.5,-115.0,-112.0,25.0,2026_01_DAL_NYG,2026-09-09T22:35:13Z,graded,0.5030953363598845,0.0030953363598844597,0.06318560772268533,0.8695652173913043,0.8928571428571429
e55c6fe19fce094ce214c8b0e5b504e9,Denzel Boston,recv_yds,betonlineag,23.5,-115.0,-112.0,59.0,2026_01_CLE_JAX,2026-09-09T22:34:34Z,graded,0.5030953363598845,0.0030953363598844597,0.06318560772268533,0.8695652173913043,0.8928571428571429
17885cb8dcade8f6c3bce14b2de805e8,Makai Lemon,recv_yds,betonlineag,24.5,-115.0,-112.0,-5.0,2026_01_WAS_PHI,2026-09-09T22:34:52Z,graded,0.5030953363598845,0.0030953363598844597,0.06318560772268533,0.8695652173913043,0.8928571428571429
c5d95f48a16849ab6bebc68fbbfcb74a,De'Von Achane,recv_yds,betonlineag,28.5,-115.0,-112.0,30.0,2026_01_MIA_LV,2026-09-09T22:35:35Z,graded,0.5030953363598845,0.0030953363598844597,0.06318560772268533,0.8695652173913043,0.8928571428571429
8c94552d022acec4a0458d70c19d3da9,Cooper Kupp,recv_yds,betonlineag,29.5,-115.0,-112.0,35.0,2026_01_NE_SEA,2026-09-09T22:34:52Z,graded,0.5030953363598845,0.0030953363598844597,0.06318560772268533,0.8695652173913043,0.8928571428571429
17885cb8dcade8f6c3bce14b2de805e8,Dallas Goedert,recv_yds,betonlineag,34.5,-115.0,-112.0,77.0,2026_01_WAS_PHI,2026-09-09T22:34:52Z,graded,0.5030953363598845,0.0030953363598844597,0.06318560772268533,0.8695652173913043,0.8928571428571429
b6cfdcbafa61ce220ba87dc2d9b80c77,Mark Andrews,recv_yds,betonlineag,34.5,-115.0,-112.0,49.0,2026_01_BAL_IND,2026-09-09T22:35:14Z,graded,0.5030953363598845,0.0030953363598844597,0.06318560772268533,0.8695652173913043,0.8928571428571429
b6cfdcbafa61ce220ba87dc2d9b80c77,Lamar Jackson,rush_yds,betonlineag,36.5,-115.0,-112.0,40.0,2026_01_BAL_IND,2026-09-09T22:35:14Z,graded,0.5030953363598845,0.0030953363598844597,0.06318560772268533,0.8695652173913043,0.8928571428571429
cb77efed7e711d25a72c1a2a0a1af119,Matthew Golden,recv_yds,betonlineag,37.5,-115.0,-112.0,95.0,2026_01_GB_MIN,2026-09-09T22:35:17Z,graded,0.5030953363598845,0.0030953363598844597,0.06318560772268533,0.8695652173913043,0.8928571428571429
cb77efed7e711d25a72c1a2a0a1af119,Jordan Addison,recv_yds,betonlineag,42.5,-115.0,-112.0,0.0,2026_01_GB_MIN,2026-09-09T22:35:17Z,graded,0.5030953363598845,0.0030953363598844597,0.06318560772268533,0.8695652173913043,0.8928571428571429
b6cfdcbafa61ce220ba87dc2d9b80c77,Alec Pierce,recv_yds,betonlineag,44.5,-115.0,-112.0,61.0,2026_01_BAL_IND,2026-09-09T22:35:14Z,graded,0.5030953363598845,0.0030953363598844597,0.06318560772268533,0.8695652173913043,0.8928571428571429
c5d95f48a16849ab6bebc68fbbfcb74a,Tre Tucker,recv_yds,betonlineag,48.5,-115.0,-112.0,27.0,2026_01_MIA_LV,2026-09-09T22:35:35Z,graded,0.5030953363598845,0.0030953363598844597,0.06318560772268533,0.8695652173913043,0.8928571428571429
17885cb8dcade8f6c3bce14b2de805e8,Terry McLaurin,recv_yds,betonlineag,49.5,-115.0,-112.0,14.0,2026_01_WAS_PHI,2026-09-09T22:34:52Z,graded,0.5030953363598845,0.0030953363598844597,0.06318560772268533,0.8695652173913043,0.8928571428571429
acc580d74344ea3b31bbcdd057fe6a9c,Davante Adams,recv_yds,betonlineag,51.5,-115.0,-112.0,26.0,2026_01_SF_LA,2026-09-09T22:35:41Z,graded,0.5030953363598845,0.0030953363598844597,0.06318560772268533,0.8695652173913043,0.8928571428571429
1edfa5ceaa1ad2cb57df1c1b908731f6,Ladd McConkey,recv_yds,betonlineag,52.5,-115.0,-112.0,82.0,2026_01_ARI_LAC,2026-09-09T22:35:12Z,graded,0.5030953363598845,0.0030953363598844597,0.06318560772268533,0.8695652173913043,0.8928571428571429
1edfa5ceaa1ad2cb57df1c1b908731f6,Trey McBride,recv_yds,betonlineag,56.5,-115.0,-112.0,95.0,2026_01_ARI_LAC,2026-09-09T22:35:12Z,graded,0.5030953363598845,0.0030953363598844597,0.06318560772268533,0.8695652173913043,0.8928571428571429
c1d3fcec25aaeb06ebd2244d33d338e0,Jameson Williams,recv_yds,betonlineag,58.5,-115.0,-112.0,45.0,2026_01_NO_DET,2026-09-09T22:35:16Z,graded,0.5030953363598845,0.0030953363598844597,0.06318560772268533,0.8695652173913043,0.8928571428571429
7dddb296a42e7a41a774b24bd1709ce1,Garrett Wilson,recv_yds,betonlineag,60.5,-115.0,-112.0,79.0,2026_01_NYJ_TEN,2026-09-09T22:34:56Z,graded,0.5030953363598845,0.0030953363598844597,0.06318560772268533,0.8695652173913043,0.8928571428571429
17885cb8dcade8f6c3bce14b2de805e8,DeVonta Smith,recv_yds,betonlineag,66.5,-115.0,-112.0,53.0,2026_01_WAS_PHI,2026-09-09T22:34:52Z,graded,0.5030953363598845,0.0030953363598844597,0.06318560772268533,0.8695652173913043,0.8928571428571429
3e646c7479c57f5d9752d8c7dfe7059b,George Pickens,recv_yds,betonlineag,67.5,-115.0,-112.0,28.0,2026_01_DAL_NYG,2026-09-09T22:35:13Z,graded,0.5030953363598845,0.0030953363598844597,0.06318560772268533,0.8695652173913043,0.8928571428571429
c5d95f48a16849ab6bebc68fbbfcb74a,De'Von Achane,rush_yds,betonlineag,68.5,-115.0,-112.0,36.0,2026_01_MIA_LV,2026-09-09T22:35:35Z,graded,0.5030953363598845,0.0030953363598844597,0.06318560772268533,0.8695652173913043,0.8928571428571429
c1d3fcec25aaeb06ebd2244d33d338e0,Chris Olave,recv_yds,betonlineag,76.5,-115.0,-112.0,182.0,2026_01_NO_DET,2026-09-09T22:35:16Z,graded,0.5030953363598845,0.0030953363598844597,0.06318560772268533,0.8695652173913043,0.8928571428571429
c1d3fcec25aaeb06ebd2244d33d338e0,Amon-Ra St. Brown,recv_yds,betonlineag,77.5,-115.0,-112.0,67.0,2026_01_NO_DET,2026-09-09T22:35:16Z,graded,0.5030953363598845,0.0030953363598844597,0.06318560772268533,0.8695652173913043,0.8928571428571429
c1d3fcec25aaeb06ebd2244d33d338e0,Jahmyr Gibbs,rush_yds,betonlineag,84.5,-115.0,-112.0,156.0,2026_01_NO_DET,2026-09-09T22:35:16Z,graded,0.5030953363598845,0.0030953363598844597,0.06318560772268533,0.8695652173913043,0.8928571428571429
c5d95f48a16849ab6bebc68fbbfcb74a,Kirk Cousins,pass_yds,betonlineag,208.5,-115.0,-112.0,160.0,2026_01_MIA_LV,2026-09-09T22:35:35Z,graded,0.5030953363598845,0.0030953363598844597,0.06318560772268533,0.8695652173913043,0.8928571428571429
95c01d1bb797d6df14824b106c5a9130,Aaron Rodgers,pass_yds,betonlineag,212.5,-115.0,-112.0,221.0,2026_01_ATL_PIT,2026-09-09T22:35:15Z,graded,0.5030953363598845,0.0030953363598844597,0.06318560772268533,0.8695652173913043,0.8928571428571429
7e09efed7e12c659b82740b67ce2f9a1,C.J. Stroud,pass_yds,betonlineag,218.5,-115.0,-112.0,274.0,2026_01_BUF_HOU,2026-09-09T22:34:56Z,graded,0.5030953363598845,0.0030953363598844597,0.06318560772268533,0.8695652173913043,0.8928571428571429
1edfa5ceaa1ad2cb57df1c1b908731f6,Jacoby Brissett,pass_yds,betonlineag,221.5,-115.0,-112.0,277.0,2026_01_ARI_LAC,2026-09-09T22:35:12Z,graded,0.5030953363598845,0.0030953363598844597,0.06318560772268533,0.8695652173913043,0.8928571428571429
c1d3fcec25aaeb06ebd2244d33d338e0,Tyler Shough,pass_yds,betonlineag,247.5,-115.0,-112.0,410.0,2026_01_NO_DET,2026-09-09T22:35:16Z,graded,0.5030953363598845,0.0030953363598844597,0.06318560772268533,0.8695652173913043,0.8928571428571429
cb77efed7e711d25a72c1a2a0a1af119,Jordan Love,interceptions,draftkings,0.5,-111.0,-114.0,1.0,2026_01_GB_MIN,2026-09-09T22:35:37Z,graded,0.4968624497991968,0.0031375502008031964,0.05877663108473219,0.9009009009009009,0.8771929824561403
e55c6fe19fce094ce214c8b0e5b504e9,Chris Rodriguez,rush_attempts,draftkings,8.5,-111.0,-114.0,6.0,2026_01_CLE_JAX,2026-09-09T22:35:14Z,graded,0.4968624497991968,0.0031375502008031964,0.05877663108473219,0.9009009009009009,0.8771929824561403
c1d3fcec25aaeb06ebd2244d33d338e0,Juwan Johnson,recv_yds,draftkings,42.5,-111.0,-114.0,54.0,2026_01_NO_DET,2026-09-09T22:34:52Z,graded,0.4968624497991968,0.0031375502008031964,0.05877663108473219,0.9009009009009009,0.8771929824561403
3e646c7479c57f5d9752d8c7dfe7059b,Isaiah Likely,recv_yds,betrivers,37.5,-117.0,-113.0,78.0,2026_01_DAL_NYG,2026-09-09T22:35:36Z,graded,0.5040451438048622,0.004045143804862206,0.06968693883732513,0.8547008547008547,0.8849557522123894
c1d3fcec25aaeb06ebd2244d33d338e0,Tyler Shough,rush_yds,betrivers,15.5,-113.0,-117.0,8.0,2026_01_NO_DET,2026-09-09T22:35:14Z,graded,0.4959548561951377,0.004045143804862317,0.06968693883732513,0.8849557522123894,0.8547008547008547
1edfa5ceaa1ad2cb57df1c1b908731f6,Tre Harris,recv_yds,betrivers,28.5,-113.0,-117.0,20.0,2026_01_ARI_LAC,2026-09-09T22:35:36Z,graded,0.4959548561951377,0.004045143804862317,0.06968693883732513,0.8849557522123894,0.8547008547008547
c5d95f48a16849ab6bebc68fbbfcb74a,Jalen Nailor,recv_yds,betrivers,36.5,-113.0,-117.0,27.0,2026_01_MIA_LV,2026-09-09T22:35:35Z,graded,0.4959548561951377,0.004045143804862317,0.06968693883732513,0.8849557522123894,0.8547008547008547
b6cfdcbafa61ce220ba87dc2d9b80c77,Alec Pierce,recv_yds,betrivers,44.5,-113.0,-117.0,61.0,2026_01_BAL_IND,2026-09-09T22:35:12Z,graded,0.4959548561951377,0.004045143804862317,0.06968693883732513,0.8849557522123894,0.8547008547008547
acc580d74344ea3b31bbcdd057fe6a9c,Mike Evans,recv_yds,betrivers,50.5,-113.0,-117.0,49.0,2026_01_SF_LA,2026-09-09T22:35:11Z,graded,0.4959548561951377,0.004045143804862317,0.06968693883732513,0.8849557522123894,0.8547008547008547
17885cb8dcade8f6c3bce14b2de805e8,Dontayvion Wicks,receptions,draftkings,2.5,-115.0,-111.0,2.0,2026_01_WAS_PHI,2026-09-09T22:33:41Z,graded,0.5041554124246831,0.0041554124246830915,0.060950071641133086,0.8695652173913043,0.9009009009009009
ed6d24ff979f9c71979fead577b0b3f7,Baker Mayfield,rush_attempts,draftkings,3.5,-115.0,-111.0,5.0,2026_01_TB_CIN,2026-09-09T22:35:35Z,graded,0.5041554124246831,0.0041554124246830915,0.060950071641133086,0.8695652173913043,0.9009009009009009
c1d3fcec25aaeb06ebd2244d33d338e0,Amon-Ra St. Brown,receptions,draftkings,6.5,-115.0,-111.0,10.0,2026_01_NO_DET,2026-09-09T22:34:52Z,graded,0.5041554124246831,0.0041554124246830915,0.060950071641133086,0.8695652173913043,0.9009009009009009
e55c6fe19fce094ce214c8b0e5b504e9,Trevor Lawrence,pass_completions,draftkings,20.5,-115.0,-111.0,18.0,2026_01_CLE_JAX,2026-09-09T22:35:14Z,graded,0.5041554124246831,0.0041554124246830915,0.060950071641133086,0.8695652173913043,0.9009009009009009
b6cfdcbafa61ce220ba87dc2d9b80c77,Daniel Jones,pass_completions,draftkings,21.5,-115.0,-111.0,19.0,2026_01_BAL_IND,2026-09-09T22:34:04Z,graded,0.5041554124246831,0.0041554124246830915,0.060950071641133086,0.8695652173913043,0.9009009009009009
ed6d24ff979f9c71979fead577b0b3f7,Baker Mayfield,pass_attempts,draftkings,31.5,-115.0,-111.0,28.0,2026_01_TB_CIN,2026-09-09T22:35:35Z,graded,0.5041554124246831,0.0041554124246830915,0.060950071641133086,0.8695652173913043,0.9009009009009009
7e09efed7e12c659b82740b67ce2f9a1,Woody Marks,receptions,draftkings,1.5,-111.0,-115.0,1.0,2026_01_BUF_HOU,2026-09-09T22:35:20Z,graded,0.4958445875753168,0.0041554124246832025,0.060950071641133086,0.9009009009009009,0.8695652173913043
cb77efed7e711d25a72c1a2a0a1af119,Aaron Jones,receptions,draftkings,2.5,-111.0,-115.0,0.0,2026_01_GB_MIN,2026-09-09T22:35:37Z,graded,0.4958445875753168,0.0041554124246832025,0.060950071641133086,0.9009009009009009,0.8695652173913043
95c01d1bb797d6df14824b106c5a9130,Drake London,receptions,draftkings,5.5,-111.0,-115.0,2.0,2026_01_ATL_PIT,2026-09-09T22:33:37Z,graded,0.4958445875753168,0.0041554124246832025,0.060950071641133086,0.9009009009009009,0.8695652173913043
7e09efed7e12c659b82740b67ce2f9a1,Woody Marks,rush_attempts,draftkings,7.5,-111.0,-115.0,9.0,2026_01_BUF_HOU,2026-09-09T22:35:20Z,graded,0.4958445875753168,0.0041554124246832025,0.060950071641133086,0.9009009009009009,0.8695652173913043
b6cfdcbafa61ce220ba87dc2d9b80c77,Jonathan Taylor,rush_attempts,draftkings,18.5,-111.0,-115.0,19.0,2026_01_BAL_IND,2026-09-09T22:34:04Z,graded,0.4958445875753168,0.0041554124246832025,0.060950071641133086,0.9009009009009009,0.8695652173913043
95c01d1bb797d6df14824b106c5a9130,Aaron Rodgers,pass_attempts,draftkings,31.5,-111.0,-115.0,40.0,2026_01_ATL_PIT,2026-09-09T22:33:37Z,graded,0.4958445875753168,0.0041554124246832025,0.060950071641133086,0.9009009009009009,0.8695652173913043
7dddb296a42e7a41a774b24bd1709ce1,Tony Pollard,recv_yds,draftkings,9.5,-114.0,-110.0,-1.0,2026_01_NYJ_TEN,2026-09-09T22:34:59Z,graded,0.5042122999157539,0.004212299915753892,0.05651980418335567,0.8771929824561403,0.9090909090909091
1edfa5ceaa1ad2cb57df1c1b908731f6,Jacoby Brissett,rush_yds,draftkings,10.5,-114.0,-110.0,14.0,2026_01_ARI_LAC,2026-09-09T22:35:12Z,graded,0.5042122999157539,0.004212299915753892,0.05651980418335567,0.8771929824561403,0.9090909090909091
acc580d74344ea3b31bbcdd057fe6a9c,Demarcus Robinson,recv_yds,draftkings,11.5,-114.0,-110.0,50.0,2026_01_SF_LA,2026-09-09T22:34:50Z,graded,0.5042122999157539,0.004212299915753892,0.05651980418335567,0.8771929824561403,0.9090909090909091
1edfa5ceaa1ad2cb57df1c1b908731f6,Omarion Hampton,recv_yds,draftkings,12.5,-114.0,-110.0,0.0,2026_01_ARI_LAC,2026-09-09T22:35:12Z,graded,0.5042122999157539,0.004212299915753892,0.05651980418335567,0.8771929824561403,0.9090909090909091
17885cb8dcade8f6c3bce14b2de805e8,Rachaad White,recv_yds,draftkings,14.5,-114.0,-110.0,5.0,2026_01_WAS_PHI,2026-09-09T22:33:41Z,graded,0.5042122999157539,0.004212299915753892,0.05651980418335567,0.8771929824561403,0.9090909090909091
c1d3fcec25aaeb06ebd2244d33d338e0,Tyler Shough,rush_yds,draftkings,16.5,-114.0,-110.0,8.0,2026_01_NO_DET,2026-09-09T22:34:52Z,graded,0.5042122999157539,0.004212299915753892,0.05651980418335567,0.8771929824561403,0.9090909090909091
c1d3fcec25aaeb06ebd2244d33d338e0,Isaac TeSlaa,recv_yds,draftkings,17.5,-114.0,-110.0,0.0,2026_01_NO_DET,2026-09-09T22:34:52Z,graded,0.5042122999157539,0.004212299915753892,0.05651980418335567,0.8771929824561403,0.9090909090909091
c5d95f48a16849ab6bebc68fbbfcb74a,Jack Bech,recv_yds,draftkings,17.5,-114.0,-110.0,23.0,2026_01_MIA_LV,2026-09-09T22:35:37Z,graded,0.5042122999157539,0.004212299915753892,0.05651980418335567,0.8771929824561403,0.9090909090909091
8c94552d022acec4a0458d70c19d3da9,DeMario Douglas,recv_yds,draftkings,20.5,-114.0,-110.0,20.0,2026_01_NE_SEA,2026-09-09T22:35:35Z,graded,0.5042122999157539,0.004212299915753892,0.05651980418335567,0.8771929824561403,0.9090909090909091
ed6d24ff979f9c71979fead577b0b3f7,Mike Gesicki,recv_yds,draftkings,20.5,-114.0,-110.0,78.0,2026_01_TB_CIN,2026-09-09T22:35:35Z,graded,0.5042122999157539,0.004212299915753892,0.05651980418335567,0.8771929824561403,0.9090909090909091
e55c6fe19fce094ce214c8b0e5b504e9,Denzel Boston,recv_yds,draftkings,23.5,-114.0,-110.0,59.0,2026_01_CLE_JAX,2026-09-09T22:35:14Z,graded,0.5042122999157539,0.004212299915753892,0.05651980418335567,0.8771929824561403,0.9090909090909091
1edfa5ceaa1ad2cb57df1c1b908731f6,Tre Harris,recv_yds,draftkings,25.5,-114.0,-110.0,20.0,2026_01_ARI_LAC,2026-09-09T22:35:12Z,graded,0.5042122999157539,0.004212299915753892,0.05651980418335567,0.8771929824561403,0.9090909090909091
1edfa5ceaa1ad2cb57df1c1b908731f6,Tyler Allgeier,rush_yds,draftkings,29.5,-114.0,-110.0,61.0,2026_01_ARI_LAC,2026-09-09T22:35:12Z,graded,0.5042122999157539,0.004212299915753892,0.05651980418335567,0.8771929824561403,0.9090909090909091
8c94552d022acec4a0458d70c19d3da9,Cooper Kupp,recv_yds,draftkings,29.5,-114.0,-110.0,35.0,2026_01_NE_SEA,2026-09-09T22:35:35Z,graded,0.5042122999157539,0.004212299915753892,0.05651980418335567,0.8771929824561403,0.9090909090909091
8c94552d022acec4a0458d70c19d3da9,Rashid Shaheed,recv_yds,draftkings,31.5,-114.0,-110.0,4.0,2026_01_NE_SEA,2026-09-09T22:35:35Z,graded,0.5042122999157539,0.004212299915753892,0.05651980418335567,0.8771929824561403,0.9090909090909091
e55c6fe19fce094ce214c8b0e5b504e9,Jakobi Meyers,recv_yds,draftkings,36.5,-114.0,-110.0,40.0,2026_01_CLE_JAX,2026-09-09T22:35:14Z,graded,0.5042122999157539,0.004212299915753892,0.05651980418335567,0.8771929824561403,0.9090909090909091
cb77efed7e711d25a72c1a2a0a1af119,Matthew Golden,recv_yds,draftkings,37.5,-114.0,-110.0,95.0,2026_01_GB_MIN,2026-09-09T22:35:37Z,graded,0.5042122999157539,0.004212299915753892,0.05651980418335567,0.8771929824561403,0.9090909090909091
5ad8135dc2b5f27de0b777acd317855a,Courtland Sutton,recv_yds,draftkings,44.5,-114.0,-110.0,11.0,2026_01_DEN_KC,2026-09-09T22:35:38Z,graded,0.5042122999157539,0.004212299915753892,0.05651980418335567,0.8771929824561403,0.9090909090909091
b6cfdcbafa61ce220ba87dc2d9b80c77,Tyler Warren,recv_yds,draftkings,47.5,-114.0,-110.0,13.0,2026_01_BAL_IND,2026-09-09T22:34:04Z,graded,0.5042122999157539,0.004212299915753892,0.05651980418335567,0.8771929824561403,0.9090909090909091
e55c6fe19fce094ce214c8b0e5b504e9,Bhayshul Tuten,rush_yds,draftkings,49.5,-114.0,-110.0,66.0,2026_01_CLE_JAX,2026-09-09T22:35:14Z,graded,0.5042122999157539,0.004212299915753892,0.05651980418335567,0.8771929824561403,0.9090909090909091
7dddb296a42e7a41a774b24bd1709ce1,Tony Pollard,rush_yds,draftkings,52.5,-114.0,-110.0,35.0,2026_01_NYJ_TEN,2026-09-09T22:34:59Z,graded,0.5042122999157539,0.004212299915753892,0.05651980418335567,0.8771929824561403,0.9090909090909091
fc362aff0d889ec52d358307a70c32ed,Colston Loveland,recv_yds,draftkings,52.5,-114.0,-110.0,0.0,2026_01_CHI_CAR,2026-09-09T22:35:34Z,graded,0.5042122999157539,0.004212299915753892,0.05651980418335567,0.8771929824561403,0.9090909090909091
ed6d24ff979f9c71979fead577b0b3f7,Emeka Egbuka,recv_yds,draftkings,53.5,-114.0,-110.0,63.0,2026_01_TB_CIN,2026-09-09T22:35:35Z,graded,0.5042122999157539,0.004212299915753892,0.05651980418335567,0.8771929824561403,0.9090909090909091
1edfa5ceaa1ad2cb57df1c1b908731f6,Trey McBride,recv_yds,draftkings,56.5,-114.0,-110.0,95.0,2026_01_ARI_LAC,2026-09-09T22:35:12Z,graded,0.5042122999157539,0.004212299915753892,0.05651980418335567,0.8771929824561403,0.9090909090909091
ed6d24ff979f9c71979fead577b0b3f7,Bucky Irving,rush_yds,draftkings,56.5,-114.0,-110.0,45.0,2026_01_TB_CIN,2026-09-09T22:35:35Z,graded,0.5042122999157539,0.004212299915753892,0.05651980418335567,0.8771929824561403,0.9090909090909091
5ad8135dc2b5f27de0b777acd317855a,Rashee Rice,recv_yds,draftkings,61.5,-114.0,-110.0,19.0,2026_01_DEN_KC,2026-09-09T22:35:38Z,graded,0.5042122999157539,0.004212299915753892,0.05651980418335567,0.8771929824561403,0.9090909090909091
8c94552d022acec4a0458d70c19d3da9,A.J. Brown,recv_yds,draftkings,63.5,-114.0,-110.0,26.0,2026_01_NE_SEA,2026-09-09T22:35:35Z,graded,0.5042122999157539,0.004212299915753892,0.05651980418335567,0.8771929824561403,0.9090909090909091
95c01d1bb797d6df14824b106c5a9130,Drake London,recv_yds,draftkings,63.5,-114.0,-110.0,29.0,2026_01_ATL_PIT,2026-09-09T22:33:37Z,graded,0.5042122999157539,0.004212299915753892,0.05651980418335567,0.8771929824561403,0.9090909090909091
7dddb296a42e7a41a774b24bd1709ce1,Breece Hall,rush_yds,draftkings,65.5,-114.0,-110.0,102.0,2026_01_NYJ_TEN,2026-09-09T22:34:59Z,graded,0.5042122999157539,0.004212299915753892,0.05651980418335567,0.8771929824561403,0.9090909090909091
3e646c7479c57f5d9752d8c7dfe7059b,George Pickens,recv_yds,draftkings,67.5,-114.0,-110.0,28.0,2026_01_DAL_NYG,2026-09-09T22:35:13Z,graded,0.5042122999157539,0.004212299915753892,0.05651980418335567,0.8771929824561403,0.9090909090909091
7e09efed7e12c659b82740b67ce2f9a1,Nico Collins,recv_yds,draftkings,68.5,-114.0,-110.0,75.0,2026_01_BUF_HOU,2026-09-09T22:35:20Z,graded,0.5042122999157539,0.004212299915753892,0.05651980418335567,0.8771929824561403,0.9090909090909091
cb77efed7e711d25a72c1a2a0a1af119,Justin Jefferson,recv_yds,draftkings,74.5,-114.0,-110.0,92.0,2026_01_GB_MIN,2026-09-09T22:35:37Z,graded,0.5042122999157539,0.004212299915753892,0.05651980418335567,0.8771929824561403,0.9090909090909091
c1d3fcec25aaeb06ebd2244d33d338e0,Amon-Ra St. Brown,recv_yds,draftkings,77.5,-114.0,-110.0,67.0,2026_01_NO_DET,2026-09-09T22:34:52Z,graded,0.5042122999157539,0.004212299915753892,0.05651980418335567,0.8771929824561403,0.9090909090909091
8c94552d022acec4a0458d70c19d3da9,Jaxon Smith-Njigba,recv_yds,draftkings,82.5,-114.0,-110.0,122.0,2026_01_NE_SEA,2026-09-09T22:35:35Z,graded,0.5042122999157539,0.004212299915753892,0.05651980418335567,0.8771929824561403,0.9090909090909091
c1d3fcec25aaeb06ebd2244d33d338e0,Jahmyr Gibbs,rush_yds,draftkings,84.5,-114.0,-110.0,156.0,2026_01_NO_DET,2026-09-09T22:34:52Z,graded,0.5042122999157539,0.004212299915753892,0.05651980418335567,0.8771929824561403,0.9090909090909091
acc580d74344ea3b31bbcdd057fe6a9c,Puka Nacua,recv_yds,draftkings,91.5,-114.0,-110.0,74.0,2026_01_SF_LA,2026-09-09T22:34:50Z,graded,0.5042122999157539,0.004212299915753892,0.05651980418335567,0.8771929824561403,0.9090909090909091
1edfa5ceaa1ad2cb57df1c1b908731f6,Jacoby Brissett,pass_yds,draftkings,222.5,-114.0,-110.0,277.0,2026_01_ARI_LAC,2026-09-09T22:35:12Z,graded,0.5042122999157539,0.004212299915753892,0.05651980418335567,0.8771929824561403,0.9090909090909091
cb77efed7e711d25a72c1a2a0a1af119,Jordan Love,rush_yds,draftkings,10.5,-110.0,-114.0,0.0,2026_01_GB_MIN,2026-09-09T22:35:37Z,graded,0.495787700084246,0.004212299915754003,0.05651980418335567,0.9090909090909091,0.8771929824561403
7e09efed7e12c659b82740b67ce2f9a1,Dawson Knox,recv_yds,draftkings,14.5,-110.0,-114.0,7.0,2026_01_BUF_HOU,2026-09-09T22:35:20Z,graded,0.495787700084246,0.004212299915754003,0.05651980418335567,0.9090909090909091,0.8771929824561403
1edfa5ceaa1ad2cb57df1c1b908731f6,Kendrick Bourne,recv_yds,draftkings,18.5,-110.0,-114.0,75.0,2026_01_ARI_LAC,2026-09-09T22:35:12Z,graded,0.495787700084246,0.004212299915754003,0.05651980418335567,0.9090909090909091,0.8771929824561403
7dddb296a42e7a41a774b24bd1709ce1,Breece Hall,recv_yds,draftkings,18.5,-110.0,-114.0,16.0,2026_01_NYJ_TEN,2026-09-09T22:34:59Z,graded,0.495787700084246,0.004212299915754003,0.05651980418335567,0.9090909090909091,0.8771929824561403
7dddb296a42e7a41a774b24bd1709ce1,Tyjae Spears,recv_yds,draftkings,18.5,-110.0,-114.0,12.0,2026_01_NYJ_TEN,2026-09-09T22:34:59Z,graded,0.495787700084246,0.004212299915754003,0.05651980418335567,0.9090909090909091,0.8771929824561403
7e09efed7e12c659b82740b67ce2f9a1,Xavier Hutchinson,recv_yds,draftkings,18.5,-110.0,-114.0,32.0,2026_01_BUF_HOU,2026-09-09T22:35:20Z,graded,0.495787700084246,0.004212299915754003,0.05651980418335567,0.9090909090909091,0.8771929824561403
acc580d74344ea3b31bbcdd057fe6a9c,Brock Purdy,rush_yds,draftkings,18.5,-110.0,-114.0,29.0,2026_01_SF_LA,2026-09-09T22:34:50Z,graded,0.495787700084246,0.004212299915754003,0.05651980418335567,0.9090909090909091,0.8771929824561403
acc580d74344ea3b31bbcdd057fe6a9c,Colby Parkinson,recv_yds,draftkings,19.5,-110.0,-114.0,6.0,2026_01_SF_LA,2026-09-09T22:34:50Z,graded,0.495787700084246,0.004212299915754003,0.05651980418335567,0.9090909090909091,0.8771929824561403
1edfa5ceaa1ad2cb57df1c1b908731f6,Justin Herbert,rush_yds,draftkings,21.5,-110.0,-114.0,29.0,2026_01_ARI_LAC,2026-09-09T22:35:12Z,graded,0.495787700084246,0.004212299915754003,0.05651980418335567,0.9090909090909091,0.8771929824561403
ed6d24ff979f9c71979fead577b0b3f7,Kenny Gainwell,recv_yds,draftkings,21.5,-110.0,-114.0,3.0,2026_01_TB_CIN,2026-09-09T22:35:35Z,graded,0.495787700084246,0.004212299915754003,0.05651980418335567,0.9090909090909091,0.8771929824561403
7dddb296a42e7a41a774b24bd1709ce1,Gunnar Helm,recv_yds,draftkings,22.5,-110.0,-114.0,28.0,2026_01_NYJ_TEN,2026-09-09T22:34:59Z,graded,0.495787700084246,0.004212299915754003,0.05651980418335567,0.9090909090909091,0.8771929824561403
7dddb296a42e7a41a774b24bd1709ce1,Calvin Ridley,recv_yds,draftkings,27.5,-110.0,-114.0,,2026_01_NYJ_TEN,2026-09-09T22:34:59Z,no matching game/player result,0.495787700084246,0.004212299915754003,0.05651980418335567,0.9090909090909091,0.8771929824561403
7e09efed7e12c659b82740b67ce2f9a1,Woody Marks,rush_yds,draftkings,31.5,-110.0,-114.0,42.0,2026_01_BUF_HOU,2026-09-09T22:35:20Z,graded,0.495787700084246,0.004212299915754003,0.05651980418335567,0.9090909090909091,0.8771929824561403
17885cb8dcade8f6c3bce14b2de805e8,Dallas Goedert,recv_yds,draftkings,35.5,-110.0,-114.0,77.0,2026_01_WAS_PHI,2026-09-09T22:33:41Z,graded,0.495787700084246,0.004212299915754003,0.05651980418335567,0.9090909090909091,0.8771929824561403
8c94552d022acec4a0458d70c19d3da9,Romeo Doubs,recv_yds,draftkings,35.5,-110.0,-114.0,0.0,2026_01_NE_SEA,2026-09-09T22:35:35Z,graded,0.495787700084246,0.004212299915754003,0.05651980418335567,0.9090909090909091,0.8771929824561403
e55c6fe19fce094ce214c8b0e5b504e9,Brenton Strange,recv_yds,draftkings,35.5,-110.0,-114.0,23.0,2026_01_CLE_JAX,2026-09-09T22:35:14Z,graded,0.495787700084246,0.004212299915754003,0.05651980418335567,0.9090909090909091,0.8771929824561403
17885cb8dcade8f6c3bce14b2de805e8,Jayden Daniels,rush_yds,draftkings,36.5,-110.0,-114.0,31.0,2026_01_WAS_PHI,2026-09-09T22:33:41Z,graded,0.495787700084246,0.004212299915754003,0.05651980418335567,0.9090909090909091,0.8771929824561403
cb77efed7e711d25a72c1a2a0a1af119,Jayden Reed,recv_yds,draftkings,38.5,-110.0,-114.0,20.0,2026_01_GB_MIN,2026-09-09T22:35:37Z,graded,0.495787700084246,0.004212299915754003,0.05651980418335567,0.9090909090909091,0.8771929824561403
5ad8135dc2b5f27de0b777acd317855a,Travis Kelce,recv_yds,draftkings,42.5,-110.0,-114.0,71.0,2026_01_DEN_KC,2026-09-09T22:35:38Z,graded,0.495787700084246,0.004212299915754003,0.05651980418335567,0.9090909090909091,0.8771929824561403
cb77efed7e711d25a72c1a2a0a1af119,Jordan Addison,recv_yds,draftkings,44.5,-110.0,-114.0,0.0,2026_01_GB_MIN,2026-09-09T22:35:37Z,graded,0.495787700084246,0.004212299915754003,0.05651980418335567,0.9090909090909091,0.8771929824561403
acc580d74344ea3b31bbcdd057fe6a9c,Blake Corum,rush_yds,draftkings,45.5,-110.0,-114.0,54.0,2026_01_SF_LA,2026-09-09T22:34:50Z,graded,0.495787700084246,0.004212299915754003,0.05651980418335567,0.9090909090909091,0.8771929824561403
3e646c7479c57f5d9752d8c7dfe7059b,Cam Skattebo,rush_yds,draftkings,49.5,-110.0,-114.0,81.0,2026_01_DAL_NYG,2026-09-09T22:35:13Z,graded,0.495787700084246,0.004212299915754003,0.05651980418335567,0.9090909090909091,0.8771929824561403
acc580d74344ea3b31bbcdd057fe6a9c,Davante Adams,recv_yds,draftkings,52.5,-110.0,-114.0,26.0,2026_01_SF_LA,2026-09-09T22:34:50Z,graded,0.495787700084246,0.004212299915754003,0.05651980418335567,0.9090909090909091,0.8771929824561403
7e09efed7e12c659b82740b67ce2f9a1,David Montgomery,rush_yds,draftkings,54.5,-110.0,-114.0,60.0,2026_01_BUF_HOU,2026-09-09T22:35:20Z,graded,0.495787700084246,0.004212299915754003,0.05651980418335567,0.9090909090909091,0.8771929824561403
fc362aff0d889ec52d358307a70c32ed,Tetairoa McMillan,recv_yds,draftkings,59.5,-110.0,-114.0,75.0,2026_01_CHI_CAR,2026-09-09T22:35:34Z,graded,0.495787700084246,0.004212299915754003,0.05651980418335567,0.9090909090909091,0.8771929824561403
5ad8135dc2b5f27de0b777acd317855a,Kenneth Walker,rush_yds,draftkings,61.5,-110.0,-114.0,173.0,2026_01_DEN_KC,2026-09-09T22:35:38Z,graded,0.495787700084246,0.004212299915754003,0.05651980418335567,0.9090909090909091,0.8771929824561403
ed6d24ff979f9c71979fead577b0b3f7,Tee Higgins,recv_yds,draftkings,65.5,-110.0,-114.0,59.0,2026_01_TB_CIN,2026-09-09T22:35:35Z,graded,0.495787700084246,0.004212299915754003,0.05651980418335567,0.9090909090909091,0.8771929824561403
c5d95f48a16849ab6bebc68fbbfcb74a,De'Von Achane,rush_yds,draftkings,70.5,-110.0,-114.0,36.0,2026_01_MIA_LV,2026-09-09T22:35:37Z,graded,0.495787700084246,0.004212299915754003,0.05651980418335567,0.9090909090909091,0.8771929824561403
7e09efed7e12c659b82740b67ce2f9a1,James Cook,rush_yds,draftkings,75.5,-110.0,-114.0,57.0,2026_01_BUF_HOU,2026-09-09T22:35:20Z,graded,0.495787700084246,0.004212299915754003,0.05651980418335567,0.9090909090909091,0.8771929824561403
17885cb8dcade8f6c3bce14b2de805e8,Saquon Barkley,rush_yds,draftkings,77.5,-110.0,-114.0,83.0,2026_01_WAS_PHI,2026-09-09T22:33:41Z,graded,0.495787700084246,0.004212299915754003,0.05651980418335567,0.9090909090909091,0.8771929824561403
3e646c7479c57f5d9752d8c7dfe7059b,Dak Prescott,pass_yds,draftkings,262.5,-110.0,-114.0,175.0,2026_01_DAL_NYG,2026-09-09T22:35:13Z,graded,0.495787700084246,0.004212299915754003,0.05651980418335567,0.9090909090909091,0.8771929824561403
5ad8135dc2b5f27de0b777acd317855a,Bo Nix,interceptions,betrivers,0.5,-113.0,-118.0,1.0,2026_01_DEN_KC,2026-09-09T22:35:12Z,graded,0.4949766918501849,0.005023308149815109,0.07180083559460737,0.8849557522123894,0.847457627118644
ed6d24ff979f9c71979fead577b0b3f7,Baker Mayfield,pass_tds,betrivers,1.5,-113.0,-118.0,0.0,2026_01_TB_CIN,2026-09-09T22:35:36Z,graded,0.4949766918501849,0.005023308149815109,0.07180083559460737,0.8849557522123894,0.847457627118644
ed6d24ff979f9c71979fead577b0b3f7,Joe Burrow,rush_yds,betrivers,6.5,-113.0,-118.0,20.0,2026_01_TB_CIN,2026-09-09T22:35:36Z,graded,0.4949766918501849,0.005023308149815109,0.07180083559460737,0.8849557522123894,0.847457627118644
5ad8135dc2b5f27de0b777acd317855a,Adam Trautman,recv_yds,betrivers,7.5,-113.0,-118.0,10.0,2026_01_DEN_KC,2026-09-09T22:35:12Z,graded,0.4949766918501849,0.005023308149815109,0.07180083559460737,0.8849557522123894,0.847457627118644
8c94552d022acec4a0458d70c19d3da9,Jadarian Price,recv_yds,betrivers,7.5,-113.0,-118.0,6.0,2026_01_NE_SEA,2026-09-09T22:35:15Z,graded,0.4949766918501849,0.005023308149815109,0.07180083559460737,0.8849557522123894,0.847457627118644
95c01d1bb797d6df14824b106c5a9130,Rico Dowdle,recv_yds,betrivers,10.5,-113.0,-118.0,6.0,2026_01_ATL_PIT,2026-09-09T22:35:39Z,graded,0.4949766918501849,0.005023308149815109,0.07180083559460737,0.8849557522123894,0.847457627118644
b6cfdcbafa61ce220ba87dc2d9b80c77,Justice Hill,recv_yds,betrivers,12.5,-113.0,-118.0,10.0,2026_01_BAL_IND,2026-09-09T22:35:12Z,graded,0.4949766918501849,0.005023308149815109,0.07180083559460737,0.8849557522123894,0.847457627118644
fc362aff0d889ec52d358307a70c32ed,Tommy Tremble,recv_yds,betrivers,14.5,-113.0,-118.0,25.0,2026_01_CHI_CAR,2026-09-09T22:35:35Z,graded,0.4949766918501849,0.005023308149815109,0.07180083559460737,0.8849557522123894,0.847457627118644
b6cfdcbafa61ce220ba87dc2d9b80c77,Jonathan Taylor,recv_yds,betrivers,15.5,-118.0,-113.0,23.0,2026_01_BAL_IND,2026-09-09T22:35:12Z,graded,0.5050233081498151,0.005023308149815109,0.07180083559460737,0.847457627118644,0.8849557522123894
ed6d24ff979f9c71979fead577b0b3f7,Baker Mayfield,rush_yds,betrivers,15.5,-113.0,-118.0,30.0,2026_01_TB_CIN,2026-09-09T22:35:36Z,graded,0.4949766918501849,0.005023308149815109,0.07180083559460737,0.8849557522123894,0.847457627118644
1edfa5ceaa1ad2cb57df1c1b908731f6,Charlie Kolar,recv_yds,betrivers,17.5,-113.0,-118.0,,2026_01_ARI_LAC,2026-09-09T22:35:36Z,no offensive usage evidence,0.4949766918501849,0.005023308149815109,0.07180083559460737,0.8849557522123894,0.847457627118644
95c01d1bb797d6df14824b106c5a9130,Jahan Dotson,recv_yds,betrivers,19.5,-113.0,-118.0,19.0,2026_01_ATL_PIT,2026-09-09T22:35:39Z,graded,0.4949766918501849,0.005023308149815109,0.07180083559460737,0.8849557522123894,0.847457627118644
7dddb296a42e7a41a774b24bd1709ce1,Tyjae Spears,rush_yds,betrivers,20.5,-113.0,-118.0,12.0,2026_01_NYJ_TEN,2026-09-09T22:35:12Z,graded,0.4949766918501849,0.005023308149815109,0.07180083559460737,0.8849557522123894,0.847457627118644
8c94552d022acec4a0458d70c19d3da9,DeMario Douglas,recv_yds,betrivers,21.5,-113.0,-118.0,20.0,2026_01_NE_SEA,2026-09-09T22:35:15Z,graded,0.4949766918501849,0.005023308149815109,0.07180083559460737,0.8849557522123894,0.847457627118644
cb77efed7e711d25a72c1a2a0a1af119,Jauan Jennings,recv_yds,betrivers,21.5,-118.0,-113.0,0.0,2026_01_GB_MIN,2026-09-09T22:35:35Z,graded,0.5050233081498151,0.005023308149815109,0.07180083559460737,0.847457627118644,0.8849557522123894
ed6d24ff979f9c71979fead577b0b3f7,Kenny Gainwell,recv_yds,betrivers,21.5,-113.0,-118.0,3.0,2026_01_TB_CIN,2026-09-09T22:35:36Z,graded,0.4949766918501849,0.005023308149815109,0.07180083559460737,0.8849557522123894,0.847457627118644
7e09efed7e12c659b82740b67ce2f9a1,Kayshon Boutte,recv_yds,betrivers,22.5,-118.0,-113.0,21.0,2026_01_BUF_HOU,2026-09-09T22:35:35Z,graded,0.5050233081498151,0.005023308149815109,0.07180083559460737,0.847457627118644,0.8849557522123894
cb77efed7e711d25a72c1a2a0a1af119,Kyler Murray,rush_yds,betrivers,22.5,-113.0,-118.0,9.0,2026_01_GB_MIN,2026-09-09T22:35:35Z,graded,0.4949766918501849,0.005023308149815109,0.07180083559460737,0.8849557522123894,0.847457627118644
ed6d24ff979f9c71979fead577b0b3f7,Chase Brown,recv_yds,betrivers,22.5,-118.0,-113.0,22.0,2026_01_TB_CIN,2026-09-09T22:35:36Z,graded,0.5050233081498151,0.005023308149815109,0.07180083559460737,0.847457627118644,0.8849557522123894
acc580d74344ea3b31bbcdd057fe6a9c,Terrance Ferguson,recv_yds,betrivers,23.5,-113.0,-118.0,0.0,2026_01_SF_LA,2026-09-09T22:35:11Z,graded,0.4949766918501849,0.005023308149815109,0.07180083559460737,0.8849557522123894,0.847457627118644
17885cb8dcade8f6c3bce14b2de805e8,Chig Okonkwo,recv_yds,betrivers,25.5,-113.0,-118.0,16.0,2026_01_WAS_PHI,2026-09-09T22:35:12Z,graded,0.4949766918501849,0.005023308149815109,0.07180083559460737,0.8849557522123894,0.847457627118644
7dddb296a42e7a41a774b24bd1709ce1,Calvin Ridley,recv_yds,betrivers,27.5,-118.0,-113.0,,2026_01_NYJ_TEN,2026-09-09T22:35:12Z,no matching game/player result,0.5050233081498151,0.005023308149815109,0.07180083559460737,0.847457627118644,0.8849557522123894
c5d95f48a16849ab6bebc68fbbfcb74a,Malik Washington,recv_yds,betrivers,27.5,-118.0,-113.0,53.0,2026_01_MIA_LV,2026-09-09T22:35:35Z,graded,0.5050233081498151,0.005023308149815109,0.07180083559460737,0.847457627118644,0.8849557522123894
7e09efed7e12c659b82740b67ce2f9a1,Josh Allen,rush_yds,betrivers,28.5,-118.0,-113.0,23.0,2026_01_BUF_HOU,2026-09-09T22:35:35Z,graded,0.5050233081498151,0.005023308149815109,0.07180083559460737,0.847457627118644,0.8849557522123894
ed6d24ff979f9c71979fead577b0b3f7,Cade Otton,recv_yds,betrivers,28.5,-113.0,-118.0,26.0,2026_01_TB_CIN,2026-09-09T22:35:36Z,graded,0.4949766918501849,0.005023308149815109,0.07180083559460737,0.8849557522123894,0.847457627118644
17885cb8dcade8f6c3bce14b2de805e8,Dontayvion Wicks,recv_yds,betrivers,30.5,-113.0,-118.0,73.0,2026_01_WAS_PHI,2026-09-09T22:35:12Z,graded,0.4949766918501849,0.005023308149815109,0.07180083559460737,0.8849557522123894,0.847457627118644
acc580d74344ea3b31bbcdd057fe6a9c,Deebo Samuel,recv_yds,betrivers,31.5,-113.0,-118.0,48.0,2026_01_SF_LA,2026-09-09T22:35:11Z,graded,0.4949766918501849,0.005023308149815109,0.07180083559460737,0.8849557522123894,0.847457627118644
7e09efed7e12c659b82740b67ce2f9a1,Dalton Schultz,recv_yds,betrivers,34.5,-113.0,-118.0,35.0,2026_01_BUF_HOU,2026-09-09T22:35:35Z,graded,0.4949766918501849,0.005023308149815109,0.07180083559460737,0.8849557522123894,0.847457627118644
e55c6fe19fce094ce214c8b0e5b504e9,KC Concepcion,recv_yds,betrivers,35.5,-118.0,-113.0,43.0,2026_01_CLE_JAX,2026-09-09T22:35:14Z,graded,0.5050233081498151,0.005023308149815109,0.07180083559460737,0.847457627118644,0.8849557522123894
7dddb296a42e7a41a774b24bd1709ce1,Carnell Tate,recv_yds,betrivers,36.5,-118.0,-113.0,38.0,2026_01_NYJ_TEN,2026-09-09T22:35:12Z,graded,0.5050233081498151,0.005023308149815109,0.07180083559460737,0.847457627118644,0.8849557522123894
5ad8135dc2b5f27de0b777acd317855a,Xavier Worthy,recv_yds,betrivers,37.5,-118.0,-113.0,18.0,2026_01_DEN_KC,2026-09-09T22:35:12Z,graded,0.5050233081498151,0.005023308149815109,0.07180083559460737,0.847457627118644,0.8849557522123894
e55c6fe19fce094ce214c8b0e5b504e9,Jakobi Meyers,recv_yds,betrivers,37.5,-118.0,-113.0,40.0,2026_01_CLE_JAX,2026-09-09T22:35:14Z,graded,0.5050233081498151,0.005023308149815109,0.07180083559460737,0.847457627118644,0.8849557522123894
acc580d74344ea3b31bbcdd057fe6a9c,Christian McCaffrey,recv_yds,betrivers,39.5,-118.0,-113.0,20.0,2026_01_SF_LA,2026-09-09T22:35:11Z,graded,0.5050233081498151,0.005023308149815109,0.07180083559460737,0.847457627118644,0.8849557522123894
c1d3fcec25aaeb06ebd2244d33d338e0,Devaughn Vele,recv_yds,betrivers,40.5,-113.0,-118.0,69.0,2026_01_NO_DET,2026-09-09T22:35:14Z,graded,0.4949766918501849,0.005023308149815109,0.07180083559460737,0.8849557522123894,0.847457627118644
1edfa5ceaa1ad2cb57df1c1b908731f6,Michael Wilson,recv_yds,betrivers,41.5,-118.0,-113.0,56.0,2026_01_ARI_LAC,2026-09-09T22:35:36Z,graded,0.5050233081498151,0.005023308149815109,0.07180083559460737,0.847457627118644,0.8849557522123894
ed6d24ff979f9c71979fead577b0b3f7,Chris Godwin,recv_yds,betrivers,42.5,-118.0,-113.0,40.0,2026_01_TB_CIN,2026-09-09T22:35:36Z,graded,0.5050233081498151,0.005023308149815109,0.07180083559460737,0.847457627118644,0.8849557522123894
95c01d1bb797d6df14824b106c5a9130,Kyle Pitts,recv_yds,betrivers,43.5,-113.0,-118.0,0.0,2026_01_ATL_PIT,2026-09-09T22:35:39Z,graded,0.4949766918501849,0.005023308149815109,0.07180083559460737,0.8849557522123894,0.847457627118644
95c01d1bb797d6df14824b106c5a9130,Rico Dowdle,rush_yds,betrivers,43.5,-113.0,-118.0,15.0,2026_01_ATL_PIT,2026-09-09T22:35:39Z,graded,0.4949766918501849,0.005023308149815109,0.07180083559460737,0.8849557522123894,0.847457627118644
b6cfdcbafa61ce220ba87dc2d9b80c77,Josh Downs,recv_yds,betrivers,44.5,-118.0,-113.0,37.0,2026_01_BAL_IND,2026-09-09T22:35:12Z,graded,0.5050233081498151,0.005023308149815109,0.07180083559460737,0.847457627118644,0.8849557522123894
7e09efed7e12c659b82740b67ce2f9a1,DJ Moore,recv_yds,betrivers,48.5,-118.0,-113.0,100.0,2026_01_BUF_HOU,2026-09-09T22:35:35Z,graded,0.5050233081498151,0.005023308149815109,0.07180083559460737,0.847457627118644,0.8849557522123894
b6cfdcbafa61ce220ba87dc2d9b80c77,Tyler Warren,recv_yds,betrivers,48.5,-113.0,-118.0,13.0,2026_01_BAL_IND,2026-09-09T22:35:12Z,graded,0.4949766918501849,0.005023308149815109,0.07180083559460737,0.8849557522123894,0.847457627118644
17885cb8dcade8f6c3bce14b2de805e8,Terry McLaurin,recv_yds,betrivers,49.5,-118.0,-113.0,14.0,2026_01_WAS_PHI,2026-09-09T22:35:12Z,graded,0.5050233081498151,0.005023308149815109,0.07180083559460737,0.847457627118644,0.8849557522123894
3e646c7479c57f5d9752d8c7dfe7059b,Cam Skattebo,rush_yds,betrivers,49.5,-113.0,-118.0,81.0,2026_01_DAL_NYG,2026-09-09T22:35:36Z,graded,0.4949766918501849,0.005023308149815109,0.07180083559460737,0.8849557522123894,0.847457627118644
e55c6fe19fce094ce214c8b0e5b504e9,Bhayshul Tuten,rush_yds,betrivers,49.5,-118.0,-113.0,66.0,2026_01_CLE_JAX,2026-09-09T22:35:14Z,graded,0.5050233081498151,0.005023308149815109,0.07180083559460737,0.847457627118644,0.8849557522123894
8c94552d022acec4a0458d70c19d3da9,Jadarian Price,rush_yds,betrivers,53.5,-113.0,-118.0,52.0,2026_01_NE_SEA,2026-09-09T22:35:15Z,graded,0.4949766918501849,0.005023308149815109,0.07180083559460737,0.8849557522123894,0.847457627118644
c1d3fcec25aaeb06ebd2244d33d338e0,Travis Etienne,rush_yds,betrivers,53.5,-118.0,-113.0,46.0,2026_01_NO_DET,2026-09-09T22:35:14Z,graded,0.5050233081498151,0.005023308149815109,0.07180083559460737,0.847457627118644,0.8849557522123894
1edfa5ceaa1ad2cb57df1c1b908731f6,Trey McBride,recv_yds,betrivers,55.5,-113.0,-118.0,95.0,2026_01_ARI_LAC,2026-09-09T22:35:36Z,graded,0.4949766918501849,0.005023308149815109,0.07180083559460737,0.8849557522123894,0.847457627118644
7dddb296a42e7a41a774b24bd1709ce1,Tony Pollard,rush_yds,betrivers,55.5,-118.0,-113.0,35.0,2026_01_NYJ_TEN,2026-09-09T22:35:12Z,graded,0.5050233081498151,0.005023308149815109,0.07180083559460737,0.847457627118644,0.8849557522123894
ed6d24ff979f9c71979fead577b0b3f7,Bucky Irving,rush_yds,betrivers,56.5,-113.0,-118.0,45.0,2026_01_TB_CIN,2026-09-09T22:35:36Z,graded,0.4949766918501849,0.005023308149815109,0.07180083559460737,0.8849557522123894,0.847457627118644
8c94552d022acec4a0458d70c19d3da9,Rhamondre Stevenson,rush_yds,betrivers,57.5,-113.0,-118.0,51.0,2026_01_NE_SEA,2026-09-09T22:35:15Z,graded,0.4949766918501849,0.005023308149815109,0.07180083559460737,0.8849557522123894,0.847457627118644
ed6d24ff979f9c71979fead577b0b3f7,Chase Brown,rush_yds,betrivers,58.5,-118.0,-113.0,56.0,2026_01_TB_CIN,2026-09-09T22:35:36Z,graded,0.5050233081498151,0.005023308149815109,0.07180083559460737,0.847457627118644,0.8849557522123894
5ad8135dc2b5f27de0b777acd317855a,Kenneth Walker,rush_yds,betrivers,62.5,-113.0,-118.0,173.0,2026_01_DEN_KC,2026-09-09T22:35:12Z,graded,0.4949766918501849,0.005023308149815109,0.07180083559460737,0.8849557522123894,0.847457627118644
1edfa5ceaa1ad2cb57df1c1b908731f6,Omarion Hampton,rush_yds,betrivers,66.5,-113.0,-118.0,43.0,2026_01_ARI_LAC,2026-09-09T22:35:36Z,graded,0.4949766918501849,0.005023308149815109,0.07180083559460737,0.8849557522123894,0.847457627118644
17885cb8dcade8f6c3bce14b2de805e8,Saquon Barkley,rush_yds,betrivers,76.5,-118.0,-113.0,83.0,2026_01_WAS_PHI,2026-09-09T22:35:12Z,graded,0.5050233081498151,0.005023308149815109,0.07180083559460737,0.847457627118644,0.8849557522123894
b6cfdcbafa61ce220ba87dc2d9b80c77,Derrick Henry,rush_yds,betrivers,79.5,-113.0,-118.0,144.0,2026_01_BAL_IND,2026-09-09T22:35:12Z,graded,0.4949766918501849,0.005023308149815109,0.07180083559460737,0.8849557522123894,0.847457627118644
7e09efed7e12c659b82740b67ce2f9a1,David Montgomery,receptions,betonlineag,1.5,-116.0,-111.0,3.0,2026_01_BUF_HOU,2026-09-09T22:34:56Z,graded,0.5051597457277305,0.00515974572773048,0.06310338774793767,0.8620689655172413,0.9009009009009009
7e09efed7e12c659b82740b67ce2f9a1,Dawson Knox,receptions,betonlineag,1.5,-116.0,-111.0,1.0,2026_01_BUF_HOU,2026-09-09T22:34:56Z,graded,0.5051597457277305,0.00515974572773048,0.06310338774793767,0.8620689655172413,0.9009009009009009
17885cb8dcade8f6c3bce14b2de805e8,Dontayvion Wicks,receptions,betonlineag,2.5,-116.0,-111.0,2.0,2026_01_WAS_PHI,2026-09-09T22:34:52Z,graded,0.5051597457277305,0.00515974572773048,0.06310338774793767,0.8620689655172413,0.9009009009009009
cb77efed7e711d25a72c1a2a0a1af119,Aaron Jones,receptions,betonlineag,2.5,-116.0,-111.0,0.0,2026_01_GB_MIN,2026-09-09T22:35:17Z,graded,0.5051597457277305,0.00515974572773048,0.06310338774793767,0.8620689655172413,0.9009009009009009
fc362aff0d889ec52d358307a70c32ed,Tetairoa McMillan,receptions,betonlineag,4.5,-116.0,-111.0,5.0,2026_01_CHI_CAR,2026-09-09T22:34:54Z,graded,0.5051597457277305,0.00515974572773048,0.06310338774793767,0.8620689655172413,0.9009009009009009
ed6d24ff979f9c71979fead577b0b3f7,Joe Burrow,rush_yds,betonlineag,6.5,-116.0,-111.0,20.0,2026_01_TB_CIN,2026-09-09T22:34:50Z,graded,0.5051597457277305,0.00515974572773048,0.06310338774793767,0.8620689655172413,0.9009009009009009
8c94552d022acec4a0458d70c19d3da9,Jadarian Price,recv_yds,betonlineag,8.5,-116.0,-111.0,6.0,2026_01_NE_SEA,2026-09-09T22:34:52Z,graded,0.5051597457277305,0.00515974572773048,0.06310338774793767,0.8620689655172413,0.9009009009009009
8c94552d022acec4a0458d70c19d3da9,Mack Hollins,recv_yds,betonlineag,8.5,-116.0,-111.0,51.0,2026_01_NE_SEA,2026-09-09T22:34:52Z,graded,0.5051597457277305,0.00515974572773048,0.06310338774793767,0.8620689655172413,0.9009009009009009
7e09efed7e12c659b82740b67ce2f9a1,C.J. Stroud,rush_yds,betonlineag,9.5,-116.0,-111.0,15.0,2026_01_BUF_HOU,2026-09-09T22:34:56Z,graded,0.5051597457277305,0.00515974572773048,0.06310338774793767,0.8620689655172413,0.9009009009009009
1edfa5ceaa1ad2cb57df1c1b908731f6,Omarion Hampton,recv_yds,betonlineag,12.5,-116.0,-111.0,0.0,2026_01_ARI_LAC,2026-09-09T22:35:12Z,graded,0.5051597457277305,0.00515974572773048,0.06310338774793767,0.8620689655172413,0.9009009009009009
ed6d24ff979f9c71979fead577b0b3f7,Bucky Irving,recv_yds,betonlineag,13.5,-116.0,-111.0,48.0,2026_01_TB_CIN,2026-09-09T22:34:50Z,graded,0.5051597457277305,0.00515974572773048,0.06310338774793767,0.8620689655172413,0.9009009009009009
fc362aff0d889ec52d358307a70c32ed,Cole Kmet,recv_yds,betonlineag,14.5,-116.0,-111.0,35.0,2026_01_CHI_CAR,2026-09-09T22:34:54Z,graded,0.5051597457277305,0.00515974572773048,0.06310338774793767,0.8620689655172413,0.9009009009009009
17885cb8dcade8f6c3bce14b2de805e8,Saquon Barkley,recv_yds,betonlineag,15.5,-116.0,-111.0,-3.0,2026_01_WAS_PHI,2026-09-09T22:34:52Z,graded,0.5051597457277305,0.00515974572773048,0.06310338774793767,0.8620689655172413,0.9009009009009009
acc580d74344ea3b31bbcdd057fe6a9c,Christian McCaffrey,rush_attempts,betonlineag,15.5,-116.0,-111.0,10.0,2026_01_SF_LA,2026-09-09T22:35:41Z,graded,0.5051597457277305,0.00515974572773048,0.06310338774793767,0.8620689655172413,0.9009009009009009
95c01d1bb797d6df14824b106c5a9130,Darnell Washington,recv_yds,betonlineag,16.5,-116.0,-111.0,18.0,2026_01_ATL_PIT,2026-09-09T22:35:15Z,graded,0.5051597457277305,0.00515974572773048,0.06310338774793767,0.8620689655172413,0.9009009009009009
c1d3fcec25aaeb06ebd2244d33d338e0,Travis Etienne,recv_yds,betonlineag,17.5,-116.0,-111.0,32.0,2026_01_NO_DET,2026-09-09T22:35:16Z,graded,0.5051597457277305,0.00515974572773048,0.06310338774793767,0.8620689655172413,0.9009009009009009
c5d95f48a16849ab6bebc68fbbfcb74a,Ashton Jeanty,recv_yds,betonlineag,17.5,-116.0,-111.0,45.0,2026_01_MIA_LV,2026-09-09T22:35:35Z,graded,0.5051597457277305,0.00515974572773048,0.06310338774793767,0.8620689655172413,0.9009009009009009
c5d95f48a16849ab6bebc68fbbfcb74a,Jack Bech,recv_yds,betonlineag,18.5,-116.0,-111.0,23.0,2026_01_MIA_LV,2026-09-09T22:35:35Z,graded,0.5051597457277305,0.00515974572773048,0.06310338774793767,0.8620689655172413,0.9009009009009009
ed6d24ff979f9c71979fead577b0b3f7,Kenny Gainwell,recv_yds,betonlineag,21.5,-116.0,-111.0,3.0,2026_01_TB_CIN,2026-09-09T22:34:50Z,graded,0.5051597457277305,0.00515974572773048,0.06310338774793767,0.8620689655172413,0.9009009009009009
c5d95f48a16849ab6bebc68fbbfcb74a,Greg Dulcich,recv_yds,betonlineag,26.5,-116.0,-111.0,18.0,2026_01_MIA_LV,2026-09-09T22:35:35Z,graded,0.5051597457277305,0.00515974572773048,0.06310338774793767,0.8620689655172413,0.9009009009009009
cb77efed7e711d25a72c1a2a0a1af119,T.J. Hockenson,recv_yds,betonlineag,27.5,-116.0,-111.0,36.0,2026_01_GB_MIN,2026-09-09T22:35:17Z,graded,0.5051597457277305,0.00515974572773048,0.06310338774793767,0.8620689655172413,0.9009009009009009
7dddb296a42e7a41a774b24bd1709ce1,Cam Ward,pass_attempts,betonlineag,31.5,-116.0,-111.0,32.0,2026_01_NYJ_TEN,2026-09-09T22:34:56Z,graded,0.5051597457277305,0.00515974572773048,0.06310338774793767,0.8620689655172413,0.9009009009009009
8c94552d022acec4a0458d70c19d3da9,Hunter Henry,recv_yds,betonlineag,33.5,-116.0,-111.0,26.0,2026_01_NE_SEA,2026-09-09T22:34:52Z,graded,0.5051597457277305,0.00515974572773048,0.06310338774793767,0.8620689655172413,0.9009009009009009
e55c6fe19fce094ce214c8b0e5b504e9,KC Concepcion,recv_yds,betonlineag,33.5,-116.0,-111.0,43.0,2026_01_CLE_JAX,2026-09-09T22:34:34Z,graded,0.5051597457277305,0.00515974572773048,0.06310338774793767,0.8620689655172413,0.9009009009009009
ed6d24ff979f9c71979fead577b0b3f7,Jalen McMillan,recv_yds,betonlineag,34.5,-116.0,-111.0,,2026_01_TB_CIN,2026-09-09T22:34:50Z,no matching game/player result,0.5051597457277305,0.00515974572773048,0.06310338774793767,0.8620689655172413,0.9009009009009009
cb77efed7e711d25a72c1a2a0a1af119,Jayden Reed,recv_yds,betonlineag,37.5,-116.0,-111.0,20.0,2026_01_GB_MIN,2026-09-09T22:35:17Z,graded,0.5051597457277305,0.00515974572773048,0.06310338774793767,0.8620689655172413,0.9009009009009009
cb77efed7e711d25a72c1a2a0a1af119,Tucker Kraft,recv_yds,betonlineag,44.5,-116.0,-111.0,65.0,2026_01_GB_MIN,2026-09-09T22:35:17Z,graded,0.5051597457277305,0.00515974572773048,0.06310338774793767,0.8620689655172413,0.9009009009009009
7dddb296a42e7a41a774b24bd1709ce1,Tony Pollard,rush_yds,betonlineag,53.5,-116.0,-111.0,35.0,2026_01_NYJ_TEN,2026-09-09T22:34:56Z,graded,0.5051597457277305,0.00515974572773048,0.06310338774793767,0.8620689655172413,0.9009009009009009
c1d3fcec25aaeb06ebd2244d33d338e0,Travis Etienne,rush_yds,betonlineag,56.5,-116.0,-111.0,46.0,2026_01_NO_DET,2026-09-09T22:35:16Z,graded,0.5051597457277305,0.00515974572773048,0.06310338774793767,0.8620689655172413,0.9009009009009009
ed6d24ff979f9c71979fead577b0b3f7,Tee Higgins,recv_yds,betonlineag,63.5,-116.0,-111.0,59.0,2026_01_TB_CIN,2026-09-09T22:34:50Z,graded,0.5051597457277305,0.00515974572773048,0.06310338774793767,0.8620689655172413,0.9009009009009009
b6cfdcbafa61ce220ba87dc2d9b80c77,Zay Flowers,recv_yds,betonlineag,64.5,-116.0,-111.0,150.0,2026_01_BAL_IND,2026-09-09T22:35:14Z,graded,0.5051597457277305,0.00515974572773048,0.06310338774793767,0.8620689655172413,0.9009009009009009
17885cb8dcade8f6c3bce14b2de805e8,Jayden Daniels,pass_yds,betonlineag,201.5,-116.0,-111.0,164.0,2026_01_WAS_PHI,2026-09-09T22:34:52Z,graded,0.5051597457277305,0.00515974572773048,0.06310338774793767,0.8620689655172413,0.9009009009009009
5ad8135dc2b5f27de0b777acd317855a,Patrick Mahomes,pass_yds,betonlineag,231.5,-116.0,-111.0,184.0,2026_01_DEN_KC,2026-09-09T22:34:52Z,graded,0.5051597457277305,0.00515974572773048,0.06310338774793767,0.8620689655172413,0.9009009009009009
1edfa5ceaa1ad2cb57df1c1b908731f6,Justin Herbert,pass_yds,betonlineag,236.5,-116.0,-111.0,209.0,2026_01_ARI_LAC,2026-09-09T22:35:12Z,graded,0.5051597457277305,0.00515974572773048,0.06310338774793767,0.8620689655172413,0.9009009009009009
ed6d24ff979f9c71979fead577b0b3f7,Joe Burrow,pass_yds,betonlineag,267.5,-116.0,-111.0,254.0,2026_01_TB_CIN,2026-09-09T22:34:50Z,graded,0.5051597457277305,0.00515974572773048,0.06310338774793767,0.8620689655172413,0.9009009009009009
5ad8135dc2b5f27de0b777acd317855a,Bo Nix,interceptions,betonlineag,0.5,-111.0,-116.0,1.0,2026_01_DEN_KC,2026-09-09T22:34:52Z,graded,0.4948402542722694,0.005159745727730591,0.06310338774793767,0.9009009009009009,0.8620689655172413
e55c6fe19fce094ce214c8b0e5b504e9,Trevor Lawrence,pass_tds,betonlineag,1.5,-111.0,-116.0,4.0,2026_01_CLE_JAX,2026-09-09T22:34:34Z,graded,0.4948402542722694,0.005159745727730591,0.06310338774793767,0.9009009009009009,0.8620689655172413
95c01d1bb797d6df14824b106c5a9130,Jaylen Warren,receptions,betonlineag,2.5,-111.0,-116.0,5.0,2026_01_ATL_PIT,2026-09-09T22:35:15Z,graded,0.4948402542722694,0.005159745727730591,0.06310338774793767,0.9009009009009009,0.8620689655172413
cb77efed7e711d25a72c1a2a0a1af119,T.J. Hockenson,receptions,betonlineag,3.5,-111.0,-116.0,4.0,2026_01_GB_MIN,2026-09-09T22:35:17Z,graded,0.4948402542722694,0.005159745727730591,0.06310338774793767,0.9009009009009009,0.8620689655172413
5ad8135dc2b5f27de0b777acd317855a,J.K. Dobbins,recv_yds,betonlineag,4.5,-111.0,-116.0,0.0,2026_01_DEN_KC,2026-09-09T22:34:52Z,graded,0.4948402542722694,0.005159745727730591,0.06310338774793767,0.9009009009009009,0.8620689655172413
acc580d74344ea3b31bbcdd057fe6a9c,Christian McCaffrey,receptions,betonlineag,4.5,-111.0,-116.0,5.0,2026_01_SF_LA,2026-09-09T22:35:41Z,graded,0.4948402542722694,0.005159745727730591,0.06310338774793767,0.9009009009009009,0.8620689655172413
3e646c7479c57f5d9752d8c7dfe7059b,Javonte Williams,recv_yds,betonlineag,9.5,-111.0,-116.0,31.0,2026_01_DAL_NYG,2026-09-09T22:35:13Z,graded,0.4948402542722694,0.005159745727730591,0.06310338774793767,0.9009009009009009,0.8620689655172413
fc362aff0d889ec52d358307a70c32ed,D'Andre Swift,recv_yds,betonlineag,13.5,-111.0,-116.0,10.0,2026_01_CHI_CAR,2026-09-09T22:34:54Z,graded,0.4948402542722694,0.005159745727730591,0.06310338774793767,0.9009009009009009,0.8620689655172413
cb77efed7e711d25a72c1a2a0a1af119,Aaron Jones,recv_yds,betonlineag,14.5,-111.0,-116.0,0.0,2026_01_GB_MIN,2026-09-09T22:35:17Z,graded,0.4948402542722694,0.005159745727730591,0.06310338774793767,0.9009009009009009,0.8620689655172413
ed6d24ff979f9c71979fead577b0b3f7,Baker Mayfield,rush_yds,betonlineag,15.5,-111.0,-116.0,30.0,2026_01_TB_CIN,2026-09-09T22:34:50Z,graded,0.4948402542722694,0.005159745727730591,0.06310338774793767,0.9009009009009009,0.8620689655172413
fc362aff0d889ec52d358307a70c32ed,Tommy Tremble,recv_yds,betonlineag,15.5,-111.0,-116.0,25.0,2026_01_CHI_CAR,2026-09-09T22:34:54Z,graded,0.4948402542722694,0.005159745727730591,0.06310338774793767,0.9009009009009009,0.8620689655172413
1edfa5ceaa1ad2cb57df1c1b908731f6,Charlie Kolar,recv_yds,betonlineag,17.5,-111.0,-116.0,,2026_01_ARI_LAC,2026-09-09T22:35:12Z,no offensive usage evidence,0.4948402542722694,0.005159745727730591,0.06310338774793767,0.9009009009009009,0.8620689655172413
5ad8135dc2b5f27de0b777acd317855a,RJ Harvey,rush_yds,betonlineag,18.5,-111.0,-116.0,18.0,2026_01_DEN_KC,2026-09-09T22:34:52Z,graded,0.4948402542722694,0.005159745727730591,0.06310338774793767,0.9009009009009009,0.8620689655172413
7dddb296a42e7a41a774b24bd1709ce1,Gunnar Helm,recv_yds,betonlineag,22.5,-111.0,-116.0,28.0,2026_01_NYJ_TEN,2026-09-09T22:34:56Z,graded,0.4948402542722694,0.005159745727730591,0.06310338774793767,0.9009009009009009,0.8620689655172413
cb77efed7e711d25a72c1a2a0a1af119,Jauan Jennings,recv_yds,betonlineag,22.5,-111.0,-116.0,0.0,2026_01_GB_MIN,2026-09-09T22:35:17Z,graded,0.4948402542722694,0.005159745727730591,0.06310338774793767,0.9009009009009009,0.8620689655172413
3e646c7479c57f5d9752d8c7dfe7059b,Jake Ferguson,recv_yds,betonlineag,30.5,-111.0,-116.0,6.0,2026_01_DAL_NYG,2026-09-09T22:35:13Z,graded,0.4948402542722694,0.005159745727730591,0.06310338774793767,0.9009009009009009,0.8620689655172413
ed6d24ff979f9c71979fead577b0b3f7,Joe Burrow,pass_attempts,betonlineag,34.5,-111.0,-116.0,35.0,2026_01_TB_CIN,2026-09-09T22:34:50Z,graded,0.4948402542722694,0.005159745727730591,0.06310338774793767,0.9009009009009009,0.8620689655172413
3e646c7479c57f5d9752d8c7dfe7059b,Javonte Williams,rush_yds,betonlineag,73.5,-111.0,-116.0,41.0,2026_01_DAL_NYG,2026-09-09T22:35:13Z,graded,0.4948402542722694,0.005159745727730591,0.06310338774793767,0.9009009009009009,0.8620689655172413
7dddb296a42e7a41a774b24bd1709ce1,Cam Ward,pass_yds,betonlineag,201.5,-111.0,-116.0,140.0,2026_01_NYJ_TEN,2026-09-09T22:34:56Z,graded,0.4948402542722694,0.005159745727730591,0.06310338774793767,0.9009009009009009,0.8620689655172413
8c94552d022acec4a0458d70c19d3da9,Corey Kiner,rush_yds,draftkings,8.5,-115.0,-110.0,11.0,2026_01_NE_SEA,2026-09-09T22:35:35Z,graded,0.5052301255230125,0.0052301255230124966,0.058693244739756345,0.8695652173913043,0.9090909090909091
7e09efed7e12c659b82740b67ce2f9a1,Josh Allen,rush_yds,draftkings,32.5,-115.0,-110.0,23.0,2026_01_BUF_HOU,2026-09-09T22:35:20Z,graded,0.5052301255230125,0.0052301255230124966,0.058693244739756345,0.8695652173913043,0.9090909090909091
acc580d74344ea3b31bbcdd057fe6a9c,De'Zhaun Stribling,recv_yds,draftkings,36.5,-110.0,-115.0,,2026_01_SF_LA,2026-09-09T22:34:50Z,no matching game/player result,0.4947698744769875,0.0052301255230124966,0.058693244739756345,0.9090909090909091,0.8695652173913043
c1d3fcec25aaeb06ebd2244d33d338e0,Sam LaPorta,recv_yds,draftkings,40.5,-115.0,-110.0,48.0,2026_01_NO_DET,2026-09-09T22:34:52Z,graded,0.5052301255230125,0.0052301255230124966,0.058693244739756345,0.8695652173913043,0.9090909090909091
cb77efed7e711d25a72c1a2a0a1af119,MarShawn Lloyd,rush_yds,draftkings,42.5,-115.0,-110.0,37.0,2026_01_GB_MIN,2026-09-09T22:35:37Z,graded,0.5052301255230125,0.0052301255230124966,0.058693244739756345,0.8695652173913043,0.9090909090909091
acc580d74344ea3b31bbcdd057fe6a9c,George Kittle,receptions,fanduel,3.5,-118.0,-112.0,2.0,2026_01_SF_LA,2026-09-09T22:35:37Z,graded,0.5060689431946916,0.006068943194691645,0.06958629046217757,0.847457627118644,0.8928571428571429
7dddb296a42e7a41a774b24bd1709ce1,Cam Ward,rush_yds,betrivers,8.5,-118.0,-112.0,21.0,2026_01_NYJ_TEN,2026-09-09T22:35:12Z,graded,0.5060689431946916,0.006068943194691645,0.06958629046217757,0.847457627118644,0.8928571428571429
e55c6fe19fce094ce214c8b0e5b504e9,Trevor Lawrence,pass_tds,betrivers,1.5,-112.0,-118.0,4.0,2026_01_CLE_JAX,2026-09-09T22:35:14Z,graded,0.4939310568053083,0.0060689431946917005,0.06958629046217757,0.8928571428571429,0.847457627118644
b6cfdcbafa61ce220ba87dc2d9b80c77,Justice Hill,rush_yds,betrivers,9.5,-112.0,-118.0,18.0,2026_01_BAL_IND,2026-09-09T22:35:12Z,graded,0.4939310568053083,0.0060689431946917005,0.06958629046217757,0.8928571428571429,0.847457627118644
e55c6fe19fce094ce214c8b0e5b504e9,Quinshon Judkins,recv_yds,betrivers,9.5,-112.0,-118.0,17.0,2026_01_CLE_JAX,2026-09-09T22:35:14Z,graded,0.4939310568053083,0.0060689431946917005,0.06958629046217757,0.8928571428571429,0.847457627118644
7dddb296a42e7a41a774b24bd1709ce1,Gunnar Helm,recv_yds,betrivers,20.5,-112.0,-118.0,28.0,2026_01_NYJ_TEN,2026-09-09T22:35:12Z,graded,0.4939310568053083,0.0060689431946917005,0.06958629046217757,0.8928571428571429,0.847457627118644
fc362aff0d889ec52d358307a70c32ed,Caleb Williams,rush_yds,betrivers,20.5,-112.0,-118.0,65.0,2026_01_CHI_CAR,2026-09-09T22:35:35Z,graded,0.4939310568053083,0.0060689431946917005,0.06958629046217757,0.8928571428571429,0.847457627118644
8c94552d022acec4a0458d70c19d3da9,Romeo Doubs,recv_yds,betrivers,36.5,-112.0,-118.0,0.0,2026_01_NE_SEA,2026-09-09T22:35:15Z,graded,0.4939310568053083,0.0060689431946917005,0.06958629046217757,0.8928571428571429,0.847457627118644
8c94552d022acec4a0458d70c19d3da9,Sam Darnold,interceptions,draftkings,0.5,-110.0,-116.0,0.0,2026_01_NE_SEA,2026-09-09T22:35:35Z,graded,0.4937655860349127,0.006234413965087282,0.060846560846560926,0.9090909090909091,0.8620689655172413
17885cb8dcade8f6c3bce14b2de805e8,Dallas Goedert,receptions,draftkings,3.5,-110.0,-116.0,4.0,2026_01_WAS_PHI,2026-09-09T22:33:41Z,graded,0.4937655860349127,0.006234413965087282,0.060846560846560926,0.9090909090909091,0.8620689655172413
acc580d74344ea3b31bbcdd057fe6a9c,Christian McCaffrey,receptions,draftkings,4.5,-116.0,-110.0,5.0,2026_01_SF_LA,2026-09-09T22:34:50Z,graded,0.5062344139650873,0.006234413965087282,0.060846560846560926,0.8620689655172413,0.9090909090909091
17885cb8dcade8f6c3bce14b2de805e8,Rachaad White,rush_attempts,draftkings,6.5,-110.0,-116.0,7.0,2026_01_WAS_PHI,2026-09-09T22:33:41Z,graded,0.4937655860349127,0.006234413965087282,0.060846560846560926,0.9090909090909091,0.8620689655172413
7e09efed7e12c659b82740b67ce2f9a1,Josh Allen,rush_attempts,draftkings,6.5,-116.0,-110.0,6.0,2026_01_BUF_HOU,2026-09-09T22:35:20Z,graded,0.5062344139650873,0.006234413965087282,0.060846560846560926,0.8620689655172413,0.9090909090909091
7e09efed7e12c659b82740b67ce2f9a1,David Montgomery,rush_attempts,draftkings,13.5,-116.0,-110.0,20.0,2026_01_BUF_HOU,2026-09-09T22:35:20Z,graded,0.5062344139650873,0.006234413965087282,0.060846560846560926,0.8620689655172413,0.9090909090909091
b6cfdcbafa61ce220ba87dc2d9b80c77,Lamar Jackson,pass_completions,draftkings,17.5,-110.0,-116.0,17.0,2026_01_BAL_IND,2026-09-09T22:34:04Z,graded,0.4937655860349127,0.006234413965087282,0.060846560846560926,0.9090909090909091,0.8620689655172413
c1d3fcec25aaeb06ebd2244d33d338e0,Tyler Shough,pass_completions,draftkings,21.5,-116.0,-110.0,35.0,2026_01_NO_DET,2026-09-09T22:34:52Z,graded,0.5062344139650873,0.006234413965087282,0.060846560846560926,0.8620689655172413,0.9090909090909091
cb77efed7e711d25a72c1a2a0a1af119,Kyler Murray,pass_completions,draftkings,21.5,-116.0,-110.0,3.0,2026_01_GB_MIN,2026-09-09T22:35:37Z,graded,0.5062344139650873,0.006234413965087282,0.060846560846560926,0.8620689655172413,0.9090909090909091
c1d3fcec25aaeb06ebd2244d33d338e0,Jared Goff,pass_completions,draftkings,23.5,-110.0,-116.0,26.0,2026_01_NO_DET,2026-09-09T22:34:52Z,graded,0.4937655860349127,0.006234413965087282,0.060846560846560926,0.9090909090909091,0.8620689655172413
17885cb8dcade8f6c3bce14b2de805e8,Jalen Hurts,pass_attempts,draftkings,28.5,-110.0,-116.0,25.0,2026_01_WAS_PHI,2026-09-09T22:33:41Z,graded,0.4937655860349127,0.006234413965087282,0.060846560846560926,0.9090909090909091,0.8620689655172413
1edfa5ceaa1ad2cb57df1c1b908731f6,Jacoby Brissett,pass_attempts,draftkings,34.5,-116.0,-110.0,37.0,2026_01_ARI_LAC,2026-09-09T22:35:12Z,graded,0.5062344139650873,0.006234413965087282,0.060846560846560926,0.8620689655172413,0.9090909090909091
ed6d24ff979f9c71979fead577b0b3f7,Joe Burrow,pass_attempts,draftkings,34.5,-116.0,-110.0,35.0,2026_01_TB_CIN,2026-09-09T22:35:35Z,graded,0.5062344139650873,0.006234413965087282,0.060846560846560926,0.8620689655172413,0.9090909090909091
5ad8135dc2b5f27de0b777acd317855a,J.K. Dobbins,recv_yds,draftkings,4.5,-109.0,-115.0,0.0,2026_01_DEN_KC,2026-09-09T22:35:38Z,graded,0.4936802190857384,0.006319780914261608,0.05641482140870124,0.9174311926605505,0.8695652173913043
3e646c7479c57f5d9752d8c7dfe7059b,Javonte Williams,recv_yds,draftkings,9.5,-109.0,-115.0,31.0,2026_01_DAL_NYG,2026-09-09T22:35:13Z,graded,0.4936802190857384,0.006319780914261608,0.05641482140870124,0.9174311926605505,0.8695652173913043
fc362aff0d889ec52d358307a70c32ed,Cole Kmet,recv_yds,draftkings,15.5,-109.0,-115.0,35.0,2026_01_CHI_CAR,2026-09-09T22:35:34Z,graded,0.4936802190857384,0.006319780914261608,0.05641482140870124,0.9174311926605505,0.8695652173913043
5ad8135dc2b5f27de0b777acd317855a,RJ Harvey,recv_yds,draftkings,16.5,-109.0,-115.0,23.0,2026_01_DEN_KC,2026-09-09T22:35:38Z,graded,0.4936802190857384,0.006319780914261608,0.05641482140870124,0.9174311926605505,0.8695652173913043
fc362aff0d889ec52d358307a70c32ed,Xavier Legette,recv_yds,draftkings,18.5,-109.0,-115.0,0.0,2026_01_CHI_CAR,2026-09-09T22:35:34Z,graded,0.4936802190857384,0.006319780914261608,0.05641482140870124,0.9174311926605505,0.8695652173913043
fc362aff0d889ec52d358307a70c32ed,Caleb Williams,rush_yds,draftkings,19.5,-109.0,-115.0,65.0,2026_01_CHI_CAR,2026-09-09T22:35:34Z,graded,0.4936802190857384,0.006319780914261608,0.05641482140870124,0.9174311926605505,0.8695652173913043
ed6d24ff979f9c71979fead577b0b3f7,Samaje Perine,rush_yds,draftkings,20.5,-109.0,-115.0,20.0,2026_01_TB_CIN,2026-09-09T22:35:35Z,graded,0.4936802190857384,0.006319780914261608,0.05641482140870124,0.9174311926605505,0.8695652173913043
cb77efed7e711d25a72c1a2a0a1af119,Jauan Jennings,recv_yds,draftkings,22.5,-109.0,-115.0,0.0,2026_01_GB_MIN,2026-09-09T22:35:37Z,graded,0.4936802190857384,0.006319780914261608,0.05641482140870124,0.9174311926605505,0.8695652173913043
17885cb8dcade8f6c3bce14b2de805e8,Rachaad White,rush_yds,draftkings,24.5,-109.0,-115.0,22.0,2026_01_WAS_PHI,2026-09-09T22:33:41Z,graded,0.4936802190857384,0.006319780914261608,0.05641482140870124,0.9174311926605505,0.8695652173913043
8c94552d022acec4a0458d70c19d3da9,Rhamondre Stevenson,recv_yds,draftkings,24.5,-109.0,-115.0,44.0,2026_01_NE_SEA,2026-09-09T22:35:35Z,graded,0.4936802190857384,0.006319780914261608,0.05641482140870124,0.9174311926605505,0.8695652173913043
95c01d1bb797d6df14824b106c5a9130,Pat Freiermuth,recv_yds,draftkings,25.5,-109.0,-115.0,46.0,2026_01_ATL_PIT,2026-09-09T22:33:37Z,graded,0.4936802190857384,0.006319780914261608,0.05641482140870124,0.9174311926605505,0.8695652173913043
17885cb8dcade8f6c3bce14b2de805e8,Dontayvion Wicks,recv_yds,draftkings,29.5,-109.0,-115.0,73.0,2026_01_WAS_PHI,2026-09-09T22:33:41Z,graded,0.4936802190857384,0.006319780914261608,0.05641482140870124,0.9174311926605505,0.8695652173913043
acc580d74344ea3b31bbcdd057fe6a9c,Deebo Samuel,recv_yds,draftkings,29.5,-109.0,-115.0,48.0,2026_01_SF_LA,2026-09-09T22:34:50Z,graded,0.4936802190857384,0.006319780914261608,0.05641482140870124,0.9174311926605505,0.8695652173913043
3e646c7479c57f5d9752d8c7dfe7059b,Jake Ferguson,recv_yds,draftkings,30.5,-109.0,-115.0,6.0,2026_01_DAL_NYG,2026-09-09T22:35:13Z,graded,0.4936802190857384,0.006319780914261608,0.05641482140870124,0.9174311926605505,0.8695652173913043
e55c6fe19fce094ce214c8b0e5b504e9,Jerry Jeudy,recv_yds,draftkings,30.5,-109.0,-115.0,26.0,2026_01_CLE_JAX,2026-09-09T22:35:14Z,graded,0.4936802190857384,0.006319780914261608,0.05641482140870124,0.9174311926605505,0.8695652173913043
e55c6fe19fce094ce214c8b0e5b504e9,Chris Rodriguez,rush_yds,draftkings,35.5,-109.0,-115.0,23.0,2026_01_CLE_JAX,2026-09-09T22:35:14Z,graded,0.4936802190857384,0.006319780914261608,0.05641482140870124,0.9174311926605505,0.8695652173913043
3e646c7479c57f5d9752d8c7dfe7059b,Isaiah Likely,recv_yds,draftkings,36.5,-109.0,-115.0,78.0,2026_01_DAL_NYG,2026-09-09T22:35:13Z,graded,0.4936802190857384,0.006319780914261608,0.05641482140870124,0.9174311926605505,0.8695652173913043
95c01d1bb797d6df14824b106c5a9130,Bijan Robinson,recv_yds,draftkings,36.5,-109.0,-115.0,90.0,2026_01_ATL_PIT,2026-09-09T22:33:37Z,graded,0.4936802190857384,0.006319780914261608,0.05641482140870124,0.9174311926605505,0.8695652173913043
7e09efed7e12c659b82740b67ce2f9a1,Dalton Kincaid,recv_yds,draftkings,38.5,-109.0,-115.0,130.0,2026_01_BUF_HOU,2026-09-09T22:35:20Z,graded,0.4936802190857384,0.006319780914261608,0.05641482140870124,0.9174311926605505,0.8695652173913043
acc580d74344ea3b31bbcdd057fe6a9c,Christian McCaffrey,recv_yds,draftkings,41.5,-109.0,-115.0,20.0,2026_01_SF_LA,2026-09-09T22:34:50Z,graded,0.4936802190857384,0.006319780914261608,0.05641482140870124,0.9174311926605505,0.8695652173913043
cb77efed7e711d25a72c1a2a0a1af119,Jordan Mason,rush_yds,draftkings,44.5,-109.0,-115.0,59.0,2026_01_GB_MIN,2026-09-09T22:35:37Z,graded,0.4936802190857384,0.006319780914261608,0.05641482140870124,0.9174311926605505,0.8695652173913043
acc580d74344ea3b31bbcdd057fe6a9c,Kyren Williams,rush_yds,draftkings,55.5,-109.0,-115.0,41.0,2026_01_SF_LA,2026-09-09T22:34:50Z,graded,0.4936802190857384,0.006319780914261608,0.05641482140870124,0.9174311926605505,0.8695652173913043
8c94552d022acec4a0458d70c19d3da9,Rashid Shaheed,rush_yds,draftkings,2.5,-115.0,-109.0,0.0,2026_01_NE_SEA,2026-09-09T22:35:35Z,graded,0.5063197809142617,0.0063197809142616634,0.05641482140870124,0.8695652173913043,0.9174311926605505
7e09efed7e12c659b82740b67ce2f9a1,David Montgomery,recv_yds,draftkings,8.5,-115.0,-109.0,19.0,2026_01_BUF_HOU,2026-09-09T22:35:20Z,graded,0.5063197809142617,0.0063197809142616634,0.05641482140870124,0.8695652173913043,0.9174311926605505
5ad8135dc2b5f27de0b777acd317855a,Noah Gray,recv_yds,draftkings,9.5,-115.0,-109.0,5.0,2026_01_DEN_KC,2026-09-09T22:35:38Z,graded,0.5063197809142617,0.0063197809142616634,0.05641482140870124,0.8695652173913043,0.9174311926605505
7e09efed7e12c659b82740b67ce2f9a1,Woody Marks,recv_yds,draftkings,9.5,-115.0,-109.0,-2.0,2026_01_BUF_HOU,2026-09-09T22:35:20Z,graded,0.5063197809142617,0.0063197809142616634,0.05641482140870124,0.8695652173913043,0.9174311926605505
5ad8135dc2b5f27de0b777acd317855a,Kenneth Walker,recv_yds,draftkings,16.5,-115.0,-109.0,18.0,2026_01_DEN_KC,2026-09-09T22:35:38Z,graded,0.5063197809142617,0.0063197809142616634,0.05641482140870124,0.8695652173913043,0.9174311926605505
fc362aff0d889ec52d358307a70c32ed,Kalif Raymond,recv_yds,draftkings,16.5,-115.0,-109.0,84.0,2026_01_CHI_CAR,2026-09-09T22:35:34Z,graded,0.5063197809142617,0.0063197809142616634,0.05641482140870124,0.8695652173913043,0.9174311926605505
7dddb296a42e7a41a774b24bd1709ce1,Braelon Allen,rush_yds,draftkings,18.5,-115.0,-109.0,40.0,2026_01_NYJ_TEN,2026-09-09T22:34:59Z,graded,0.5063197809142617,0.0063197809142616634,0.05641482140870124,0.8695652173913043,0.9174311926605505
3e646c7479c57f5d9752d8c7dfe7059b,Malachi Fields,recv_yds,draftkings,21.5,-115.0,-109.0,25.0,2026_01_DAL_NYG,2026-09-09T22:35:13Z,graded,0.5063197809142617,0.0063197809142616634,0.05641482140870124,0.8695652173913043,0.9174311926605505
7dddb296a42e7a41a774b24bd1709ce1,Tyjae Spears,rush_yds,draftkings,21.5,-115.0,-109.0,12.0,2026_01_NYJ_TEN,2026-09-09T22:34:59Z,graded,0.5063197809142617,0.0063197809142616634,0.05641482140870124,0.8695652173913043,0.9174311926605505
ed6d24ff979f9c71979fead577b0b3f7,Chase Brown,recv_yds,draftkings,22.5,-115.0,-109.0,22.0,2026_01_TB_CIN,2026-09-09T22:35:35Z,graded,0.5063197809142617,0.0063197809142616634,0.05641482140870124,0.8695652173913043,0.9174311926605505
ed6d24ff979f9c71979fead577b0b3f7,Kenny Gainwell,rush_yds,draftkings,22.5,-115.0,-109.0,15.0,2026_01_TB_CIN,2026-09-09T22:35:35Z,graded,0.5063197809142617,0.0063197809142616634,0.05641482140870124,0.8695652173913043,0.9174311926605505
7e09efed7e12c659b82740b67ce2f9a1,Kayshon Boutte,recv_yds,draftkings,23.5,-115.0,-109.0,21.0,2026_01_BUF_HOU,2026-09-09T22:35:20Z,graded,0.5063197809142617,0.0063197809142616634,0.05641482140870124,0.8695652173913043,0.9174311926605505
7dddb296a42e7a41a774b24bd1709ce1,Adonai Mitchell,recv_yds,draftkings,31.5,-115.0,-109.0,60.0,2026_01_NYJ_TEN,2026-09-09T22:34:59Z,graded,0.5063197809142617,0.0063197809142616634,0.05641482140870124,0.8695652173913043,0.9174311926605505
e55c6fe19fce094ce214c8b0e5b504e9,KC Concepcion,recv_yds,draftkings,33.5,-115.0,-109.0,43.0,2026_01_CLE_JAX,2026-09-09T22:35:14Z,graded,0.5063197809142617,0.0063197809142616634,0.05641482140870124,0.8695652173913043,0.9174311926605505
c5d95f48a16849ab6bebc68fbbfcb74a,Michael Mayer,recv_yds,draftkings,39.5,-115.0,-109.0,32.0,2026_01_MIA_LV,2026-09-09T22:35:37Z,graded,0.5063197809142617,0.0063197809142616634,0.05641482140870124,0.8695652173913043,0.9174311926605505
c1d3fcec25aaeb06ebd2244d33d338e0,Travis Etienne,rush_yds,draftkings,56.5,-115.0,-109.0,46.0,2026_01_NO_DET,2026-09-09T22:34:52Z,graded,0.5063197809142617,0.0063197809142616634,0.05641482140870124,0.8695652173913043,0.9174311926605505
8c94552d022acec4a0458d70c19d3da9,Drake Maye,interceptions,betmgm,0.5,-118.0,-111.0,3.0,2026_01_NE_SEA,2026-09-09T22:35:11Z,graded,0.5071288903372982,0.007128890337298244,0.06735075438062532,0.847457627118644,0.9009009009009009
8c94552d022acec4a0458d70c19d3da9,Jaxon Smith-Njigba,receptions,betmgm,6.5,-118.0,-111.0,8.0,2026_01_NE_SEA,2026-09-09T22:35:11Z,graded,0.5071288903372982,0.007128890337298244,0.06735075438062532,0.847457627118644,0.9009009009009009
c1d3fcec25aaeb06ebd2244d33d338e0,Isaac TeSlaa,recv_yds,betmgm,15.5,-118.0,-111.0,0.0,2026_01_NO_DET,2026-09-09T22:34:50Z,graded,0.5071288903372982,0.007128890337298244,0.06735075438062532,0.847457627118644,0.9009009009009009
acc580d74344ea3b31bbcdd057fe6a9c,Matthew Stafford,pass_completions,betmgm,22.5,-118.0,-111.0,15.0,2026_01_SF_LA,2026-09-09T22:35:34Z,graded,0.5071288903372982,0.007128890337298244,0.06735075438062532,0.847457627118644,0.9009009009009009
7dddb296a42e7a41a774b24bd1709ce1,Tyjae Spears,recv_yds,betmgm,16.5,-111.0,-118.0,12.0,2026_01_NYJ_TEN,2026-09-09T22:34:03Z,graded,0.4928711096627016,0.00712889033729841,0.06735075438062532,0.9009009009009009,0.847457627118644
ed6d24ff979f9c71979fead577b0b3f7,Baker Mayfield,rush_yds,betmgm,16.5,-111.0,-118.0,30.0,2026_01_TB_CIN,2026-09-09T22:34:52Z,graded,0.4928711096627016,0.00712889033729841,0.06735075438062532,0.9009009009009009,0.847457627118644
1edfa5ceaa1ad2cb57df1c1b908731f6,Kendrick Bourne,recv_yds,betmgm,18.5,-111.0,-118.0,75.0,2026_01_ARI_LAC,2026-09-09T22:35:11Z,graded,0.4928711096627016,0.00712889033729841,0.06735075438062532,0.9009009009009009,0.847457627118644
7dddb296a42e7a41a774b24bd1709ce1,Breece Hall,recv_yds,betmgm,18.5,-111.0,-118.0,16.0,2026_01_NYJ_TEN,2026-09-09T22:34:03Z,graded,0.4928711096627016,0.00712889033729841,0.06735075438062532,0.9009009009009009,0.847457627118644
5ad8135dc2b5f27de0b777acd317855a,Tyquan Thornton,recv_yds,betmgm,19.5,-111.0,-118.0,0.0,2026_01_DEN_KC,2026-09-09T22:34:49Z,graded,0.4928711096627016,0.00712889033729841,0.06735075438062532,0.9009009009009009,0.847457627118644
c1d3fcec25aaeb06ebd2244d33d338e0,Jahmyr Gibbs,rush_attempts,betmgm,19.5,-111.0,-118.0,29.0,2026_01_NO_DET,2026-09-09T22:34:50Z,graded,0.4928711096627016,0.00712889033729841,0.06735075438062532,0.9009009009009009,0.847457627118644
1edfa5ceaa1ad2cb57df1c1b908731f6,Justin Herbert,pass_completions,betmgm,20.5,-111.0,-118.0,17.0,2026_01_ARI_LAC,2026-09-09T22:35:11Z,graded,0.4928711096627016,0.00712889033729841,0.06735075438062532,0.9009009009009009,0.847457627118644
ed6d24ff979f9c71979fead577b0b3f7,Kenny Gainwell,recv_yds,betmgm,20.5,-111.0,-118.0,3.0,2026_01_TB_CIN,2026-09-09T22:34:52Z,graded,0.4928711096627016,0.00712889033729841,0.06735075438062532,0.9009009009009009,0.847457627118644
17885cb8dcade8f6c3bce14b2de805e8,Dontayvion Wicks,recv_yds,betmgm,28.5,-111.0,-118.0,73.0,2026_01_WAS_PHI,2026-09-09T22:34:50Z,graded,0.4928711096627016,0.00712889033729841,0.06735075438062532,0.9009009009009009,0.847457627118644
e55c6fe19fce094ce214c8b0e5b504e9,Jerry Jeudy,recv_yds,betmgm,32.5,-111.0,-118.0,26.0,2026_01_CLE_JAX,2026-09-09T22:35:12Z,graded,0.4928711096627016,0.00712889033729841,0.06735075438062532,0.9009009009009009,0.847457627118644
7dddb296a42e7a41a774b24bd1709ce1,Adonai Mitchell,recv_yds,betmgm,35.5,-111.0,-118.0,60.0,2026_01_NYJ_TEN,2026-09-09T22:34:03Z,graded,0.4928711096627016,0.00712889033729841,0.06735075438062532,0.9009009009009009,0.847457627118644
e55c6fe19fce094ce214c8b0e5b504e9,Harold Fannin,recv_yds,betmgm,36.5,-111.0,-118.0,21.0,2026_01_CLE_JAX,2026-09-09T22:35:12Z,graded,0.4928711096627016,0.00712889033729841,0.06735075438062532,0.9009009009009009,0.847457627118644
acc580d74344ea3b31bbcdd057fe6a9c,Christian McCaffrey,recv_yds,betmgm,40.5,-111.0,-118.0,20.0,2026_01_SF_LA,2026-09-09T22:35:34Z,graded,0.4928711096627016,0.00712889033729841,0.06735075438062532,0.9009009009009009,0.847457627118644
ed6d24ff979f9c71979fead577b0b3f7,Chris Godwin,recv_yds,betmgm,44.5,-111.0,-118.0,40.0,2026_01_TB_CIN,2026-09-09T22:34:52Z,graded,0.4928711096627016,0.00712889033729841,0.06735075438062532,0.9009009009009009,0.847457627118644
1edfa5ceaa1ad2cb57df1c1b908731f6,Marvin Harrison,recv_yds,betmgm,48.5,-111.0,-118.0,33.0,2026_01_ARI_LAC,2026-09-09T22:35:11Z,graded,0.4928711096627016,0.00712889033729841,0.06735075438062532,0.9009009009009009,0.847457627118644
1edfa5ceaa1ad2cb57df1c1b908731f6,Jeremiyah Love,rush_yds,draftkings,39.5,-109.0,-116.0,41.0,2026_01_ARI_LAC,2026-09-09T22:35:12Z,graded,0.4926759856030803,0.007324014396919709,0.058568137515505825,0.9174311926605505,0.8620689655172413
acc580d74344ea3b31bbcdd057fe6a9c,Tyler Higbee,receptions,draftkings,1.5,-116.0,-109.0,2.0,2026_01_SF_LA,2026-09-09T22:34:50Z,graded,0.5073240143969199,0.007324014396919876,0.058568137515505825,0.8620689655172413,0.9174311926605505
7dddb296a42e7a41a774b24bd1709ce1,Mason Taylor,recv_yds,draftkings,19.5,-116.0,-109.0,-2.0,2026_01_NYJ_TEN,2026-09-09T22:34:59Z,graded,0.5073240143969199,0.007324014396919876,0.058568137515505825,0.8620689655172413,0.9174311926605505
3e646c7479c57f5d9752d8c7dfe7059b,Dak Prescott,interceptions,betrivers,0.5,-112.0,-120.0,1.0,2026_01_DAL_NYG,2026-09-09T22:35:36Z,graded,0.4920127795527157,0.007987220447284282,0.07375643224699813,0.8928571428571429,0.8333333333333334
b6cfdcbafa61ce220ba87dc2d9b80c77,Daniel Jones,interceptions,betrivers,0.5,-112.0,-120.0,1.0,2026_01_BAL_IND,2026-09-09T22:35:12Z,graded,0.4920127795527157,0.007987220447284282,0.07375643224699813,0.8928571428571429,0.8333333333333334
b6cfdcbafa61ce220ba87dc2d9b80c77,Derrick Henry,recv_yds,betrivers,6.5,-112.0,-120.0,19.0,2026_01_BAL_IND,2026-09-09T22:35:12Z,graded,0.4920127795527157,0.007987220447284282,0.07375643224699813,0.8928571428571429,0.8333333333333334
ed6d24ff979f9c71979fead577b0b3f7,Samaje Perine,recv_yds,betrivers,6.5,-112.0,-120.0,30.0,2026_01_TB_CIN,2026-09-09T22:35:36Z,graded,0.4920127795527157,0.007987220447284282,0.07375643224699813,0.8928571428571429,0.8333333333333334
7dddb296a42e7a41a774b24bd1709ce1,Tony Pollard,recv_yds,betrivers,9.5,-112.0,-120.0,-1.0,2026_01_NYJ_TEN,2026-09-09T22:35:12Z,graded,0.4920127795527157,0.007987220447284282,0.07375643224699813,0.8928571428571429,0.8333333333333334
3e646c7479c57f5d9752d8c7dfe7059b,Javonte Williams,recv_yds,betrivers,10.5,-112.0,-120.0,31.0,2026_01_DAL_NYG,2026-09-09T22:35:36Z,graded,0.4920127795527157,0.007987220447284282,0.07375643224699813,0.8928571428571429,0.8333333333333334
7e09efed7e12c659b82740b67ce2f9a1,C.J. Stroud,rush_yds,betrivers,10.5,-112.0,-120.0,15.0,2026_01_BUF_HOU,2026-09-09T22:35:35Z,graded,0.4920127795527157,0.007987220447284282,0.07375643224699813,0.8928571428571429,0.8333333333333334
5ad8135dc2b5f27de0b777acd317855a,RJ Harvey,recv_yds,betrivers,15.5,-112.0,-120.0,23.0,2026_01_DEN_KC,2026-09-09T22:35:12Z,graded,0.4920127795527157,0.007987220447284282,0.07375643224699813,0.8928571428571429,0.8333333333333334
95c01d1bb797d6df14824b106c5a9130,Darnell Washington,recv_yds,betrivers,16.5,-112.0,-120.0,18.0,2026_01_ATL_PIT,2026-09-09T22:35:39Z,graded,0.4920127795527157,0.007987220447284282,0.07375643224699813,0.8928571428571429,0.8333333333333334
c5d95f48a16849ab6bebc68fbbfcb74a,Jack Bech,recv_yds,betrivers,17.5,-112.0,-120.0,23.0,2026_01_MIA_LV,2026-09-09T22:35:35Z,graded,0.4920127795527157,0.007987220447284282,0.07375643224699813,0.8928571428571429,0.8333333333333334
7dddb296a42e7a41a774b24bd1709ce1,Breece Hall,recv_yds,betrivers,18.5,-112.0,-120.0,16.0,2026_01_NYJ_TEN,2026-09-09T22:35:12Z,graded,0.4920127795527157,0.007987220447284282,0.07375643224699813,0.8928571428571429,0.8333333333333334
acc580d74344ea3b31bbcdd057fe6a9c,Colby Parkinson,recv_yds,betrivers,19.5,-112.0,-120.0,6.0,2026_01_SF_LA,2026-09-09T22:35:11Z,graded,0.4920127795527157,0.007987220447284282,0.07375643224699813,0.8928571428571429,0.8333333333333334
e55c6fe19fce094ce214c8b0e5b504e9,Trevor Lawrence,rush_yds,betrivers,19.5,-112.0,-120.0,3.0,2026_01_CLE_JAX,2026-09-09T22:35:14Z,graded,0.4920127795527157,0.007987220447284282,0.07375643224699813,0.8928571428571429,0.8333333333333334
b6cfdcbafa61ce220ba87dc2d9b80c77,Mark Andrews,recv_yds,betrivers,34.5,-112.0,-120.0,49.0,2026_01_BAL_IND,2026-09-09T22:35:12Z,graded,0.4920127795527157,0.007987220447284282,0.07375643224699813,0.8928571428571429,0.8333333333333334
95c01d1bb797d6df14824b106c5a9130,Michael Pittman,recv_yds,betrivers,38.5,-112.0,-120.0,58.0,2026_01_ATL_PIT,2026-09-09T22:35:39Z,graded,0.4920127795527157,0.007987220447284282,0.07375643224699813,0.8928571428571429,0.8333333333333334
17885cb8dcade8f6c3bce14b2de805e8,Jacory Croskey-Merritt,rush_yds,betrivers,40.5,-112.0,-120.0,63.0,2026_01_WAS_PHI,2026-09-09T22:35:12Z,graded,0.4920127795527157,0.007987220447284282,0.07375643224699813,0.8928571428571429,0.8333333333333334
95c01d1bb797d6df14824b106c5a9130,Jaylen Warren,rush_yds,betrivers,42.5,-112.0,-120.0,46.0,2026_01_ATL_PIT,2026-09-09T22:35:39Z,graded,0.4920127795527157,0.007987220447284282,0.07375643224699813,0.8928571428571429,0.8333333333333334
3e646c7479c57f5d9752d8c7dfe7059b,Dak Prescott,rush_yds,betrivers,7.5,-120.0,-112.0,14.0,2026_01_DAL_NYG,2026-09-09T22:35:36Z,graded,0.5079872204472844,0.007987220447284393,0.07375643224699813,0.8333333333333334,0.8928571428571429
3e646c7479c57f5d9752d8c7dfe7059b,Cam Skattebo,recv_yds,betrivers,15.5,-120.0,-112.0,0.0,2026_01_DAL_NYG,2026-09-09T22:35:36Z,graded,0.5079872204472844,0.007987220447284393,0.07375643224699813,0.8333333333333334,0.8928571428571429
fc362aff0d889ec52d358307a70c32ed,Cole Kmet,recv_yds,betrivers,15.5,-120.0,-112.0,35.0,2026_01_CHI_CAR,2026-09-09T22:35:35Z,graded,0.5079872204472844,0.007987220447284393,0.07375643224699813,0.8333333333333334,0.8928571428571429
e55c6fe19fce094ce214c8b0e5b504e9,Deshaun Watson,rush_yds,betrivers,17.5,-120.0,-112.0,38.0,2026_01_CLE_JAX,2026-09-09T22:35:14Z,graded,0.5079872204472844,0.007987220447284393,0.07375643224699813,0.8333333333333334,0.8928571428571429
1edfa5ceaa1ad2cb57df1c1b908731f6,Kendrick Bourne,recv_yds,betrivers,18.5,-120.0,-112.0,75.0,2026_01_ARI_LAC,2026-09-09T22:35:36Z,graded,0.5079872204472844,0.007987220447284393,0.07375643224699813,0.8333333333333334,0.8928571428571429
c1d3fcec25aaeb06ebd2244d33d338e0,Travis Etienne,recv_yds,betrivers,18.5,-120.0,-112.0,32.0,2026_01_NO_DET,2026-09-09T22:35:14Z,graded,0.5079872204472844,0.007987220447284393,0.07375643224699813,0.8333333333333334,0.8928571428571429
ed6d24ff979f9c71979fead577b0b3f7,Mike Gesicki,recv_yds,betrivers,19.5,-120.0,-112.0,78.0,2026_01_TB_CIN,2026-09-09T22:35:36Z,graded,0.5079872204472844,0.007987220447284393,0.07375643224699813,0.8333333333333334,0.8928571428571429
8c94552d022acec4a0458d70c19d3da9,Drake Maye,rush_yds,betrivers,23.5,-120.0,-112.0,47.0,2026_01_NE_SEA,2026-09-09T22:35:15Z,graded,0.5079872204472844,0.007987220447284393,0.07375643224699813,0.8333333333333334,0.8928571428571429
95c01d1bb797d6df14824b106c5a9130,Pat Freiermuth,recv_yds,betrivers,23.5,-120.0,-112.0,46.0,2026_01_ATL_PIT,2026-09-09T22:35:39Z,graded,0.5079872204472844,0.007987220447284393,0.07375643224699813,0.8333333333333334,0.8928571428571429
8c94552d022acec4a0458d70c19d3da9,Rhamondre Stevenson,recv_yds,betrivers,24.5,-120.0,-112.0,44.0,2026_01_NE_SEA,2026-09-09T22:35:15Z,graded,0.5079872204472844,0.007987220447284393,0.07375643224699813,0.8333333333333334,0.8928571428571429
cb77efed7e711d25a72c1a2a0a1af119,T.J. Hockenson,recv_yds,betrivers,25.5,-120.0,-112.0,36.0,2026_01_GB_MIN,2026-09-09T22:35:35Z,graded,0.5079872204472844,0.007987220447284393,0.07375643224699813,0.8333333333333334,0.8928571428571429
c5d95f48a16849ab6bebc68fbbfcb74a,De'Von Achane,recv_yds,betrivers,27.5,-120.0,-112.0,30.0,2026_01_MIA_LV,2026-09-09T22:35:35Z,graded,0.5079872204472844,0.007987220447284393,0.07375643224699813,0.8333333333333334,0.8928571428571429
cb77efed7e711d25a72c1a2a0a1af119,Aaron Jones,rush_yds,betrivers,31.5,-120.0,-112.0,40.0,2026_01_GB_MIN,2026-09-09T22:35:35Z,graded,0.5079872204472844,0.007987220447284393,0.07375643224699813,0.8333333333333334,0.8928571428571429
8c94552d022acec4a0458d70c19d3da9,Drake Maye,interceptions,betonlineag,0.5,-110.0,-118.0,3.0,2026_01_NE_SEA,2026-09-09T22:34:52Z,graded,0.49179655455291227,0.008203445447087732,0.06509392747924858,0.9090909090909091,0.847457627118644
5ad8135dc2b5f27de0b777acd317855a,RJ Harvey,receptions,betonlineag,2.5,-110.0,-118.0,4.0,2026_01_DEN_KC,2026-09-09T22:34:52Z,graded,0.49179655455291227,0.008203445447087732,0.06509392747924858,0.9090909090909091,0.847457627118644
e55c6fe19fce094ce214c8b0e5b504e9,Jakobi Meyers,receptions,betonlineag,3.5,-110.0,-118.0,2.0,2026_01_CLE_JAX,2026-09-09T22:34:34Z,graded,0.49179655455291227,0.008203445447087732,0.06509392747924858,0.9090909090909091,0.847457627118644
e55c6fe19fce094ce214c8b0e5b504e9,KC Concepcion,receptions,betonlineag,3.5,-118.0,-110.0,4.0,2026_01_CLE_JAX,2026-09-09T22:34:34Z,graded,0.5082034454470877,0.008203445447087732,0.06509392747924858,0.847457627118644,0.9090909090909091
5ad8135dc2b5f27de0b777acd317855a,Jaylen Waddle,receptions,betonlineag,4.5,-110.0,-118.0,1.0,2026_01_DEN_KC,2026-09-09T22:34:52Z,graded,0.49179655455291227,0.008203445447087732,0.06509392747924858,0.9090909090909091,0.847457627118644
c5d95f48a16849ab6bebc68fbbfcb74a,Michael Mayer,receptions,betonlineag,4.5,-110.0,-118.0,6.0,2026_01_MIA_LV,2026-09-09T22:35:35Z,graded,0.49179655455291227,0.008203445447087732,0.06509392747924858,0.9090909090909091,0.847457627118644
95c01d1bb797d6df14824b106c5a9130,Drake London,receptions,betonlineag,5.5,-118.0,-110.0,2.0,2026_01_ATL_PIT,2026-09-09T22:35:15Z,graded,0.5082034454470877,0.008203445447087732,0.06509392747924858,0.847457627118644,0.9090909090909091
7e09efed7e12c659b82740b67ce2f9a1,Woody Marks,rush_attempts,betonlineag,7.5,-110.0,-118.0,9.0,2026_01_BUF_HOU,2026-09-09T22:34:56Z,graded,0.49179655455291227,0.008203445447087732,0.06509392747924858,0.9090909090909091,0.847457627118644
95c01d1bb797d6df14824b106c5a9130,Rico Dowdle,recv_yds,betonlineag,9.5,-118.0,-110.0,6.0,2026_01_ATL_PIT,2026-09-09T22:35:15Z,graded,0.5082034454470877,0.008203445447087732,0.06509392747924858,0.847457627118644,0.9090909090909091
b6cfdcbafa61ce220ba87dc2d9b80c77,Lamar Jackson,pass_completions,betonlineag,17.5,-110.0,-118.0,17.0,2026_01_BAL_IND,2026-09-09T22:35:14Z,graded,0.49179655455291227,0.008203445447087732,0.06509392747924858,0.9090909090909091,0.847457627118644
7dddb296a42e7a41a774b24bd1709ce1,Mason Taylor,recv_yds,betonlineag,19.5,-118.0,-110.0,-2.0,2026_01_NYJ_TEN,2026-09-09T22:34:56Z,graded,0.5082034454470877,0.008203445447087732,0.06509392747924858,0.847457627118644,0.9090909090909091
cb77efed7e711d25a72c1a2a0a1af119,Jordan Love,pass_completions,betonlineag,20.5,-110.0,-118.0,21.0,2026_01_GB_MIN,2026-09-09T22:35:17Z,graded,0.49179655455291227,0.008203445447087732,0.06509392747924858,0.9090909090909091,0.847457627118644
5ad8135dc2b5f27de0b777acd317855a,Bo Nix,pass_completions,betonlineag,21.5,-110.0,-118.0,17.0,2026_01_DEN_KC,2026-09-09T22:34:52Z,graded,0.49179655455291227,0.008203445447087732,0.06509392747924858,0.9090909090909091,0.847457627118644
b6cfdcbafa61ce220ba87dc2d9b80c77,Daniel Jones,pass_completions,betonlineag,21.5,-110.0,-118.0,19.0,2026_01_BAL_IND,2026-09-09T22:35:14Z,graded,0.49179655455291227,0.008203445447087732,0.06509392747924858,0.9090909090909091,0.847457627118644
c1d3fcec25aaeb06ebd2244d33d338e0,Jared Goff,pass_completions,betonlineag,23.5,-110.0,-118.0,26.0,2026_01_NO_DET,2026-09-09T22:35:16Z,graded,0.49179655455291227,0.008203445447087732,0.06509392747924858,0.9090909090909091,0.847457627118644
c5d95f48a16849ab6bebc68fbbfcb74a,Malik Willis,pass_attempts,betonlineag,27.5,-118.0,-110.0,27.0,2026_01_MIA_LV,2026-09-09T22:35:35Z,graded,0.5082034454470877,0.008203445447087732,0.06509392747924858,0.847457627118644,0.9090909090909091
17885cb8dcade8f6c3bce14b2de805e8,Jalen Hurts,pass_attempts,betonlineag,28.5,-110.0,-118.0,25.0,2026_01_WAS_PHI,2026-09-09T22:34:52Z,graded,0.49179655455291227,0.008203445447087732,0.06509392747924858,0.9090909090909091,0.847457627118644
c5d95f48a16849ab6bebc68fbbfcb74a,Kirk Cousins,pass_attempts,betonlineag,29.5,-110.0,-118.0,30.0,2026_01_MIA_LV,2026-09-09T22:35:35Z,graded,0.49179655455291227,0.008203445447087732,0.06509392747924858,0.9090909090909091,0.847457627118644
1edfa5ceaa1ad2cb57df1c1b908731f6,Jacoby Brissett,pass_attempts,betonlineag,34.5,-118.0,-110.0,37.0,2026_01_ARI_LAC,2026-09-09T22:35:12Z,graded,0.5082034454470877,0.008203445447087732,0.06509392747924858,0.847457627118644,0.9090909090909091
e55c6fe19fce094ce214c8b0e5b504e9,Harold Fannin,recv_yds,betonlineag,34.5,-118.0,-110.0,21.0,2026_01_CLE_JAX,2026-09-09T22:34:34Z,graded,0.5082034454470877,0.008203445447087732,0.06509392747924858,0.847457627118644,0.9090909090909091
5ad8135dc2b5f27de0b777acd317855a,Xavier Worthy,recv_yds,betonlineag,37.5,-118.0,-110.0,18.0,2026_01_DEN_KC,2026-09-09T22:34:52Z,graded,0.5082034454470877,0.008203445447087732,0.06509392747924858,0.847457627118644,0.9090909090909091
c1d3fcec25aaeb06ebd2244d33d338e0,Sam LaPorta,recv_yds,betonlineag,40.5,-118.0,-110.0,48.0,2026_01_NO_DET,2026-09-09T22:35:16Z,graded,0.5082034454470877,0.008203445447087732,0.06509392747924858,0.847457627118644,0.9090909090909091
7dddb296a42e7a41a774b24bd1709ce1,Wan'Dale Robinson,recv_yds,betonlineag,41.5,-110.0,-118.0,38.0,2026_01_NYJ_TEN,2026-09-09T22:34:56Z,graded,0.49179655455291227,0.008203445447087732,0.06509392747924858,0.9090909090909091,0.847457627118644
5ad8135dc2b5f27de0b777acd317855a,Kenneth Walker,rush_yds,betonlineag,60.5,-118.0,-110.0,173.0,2026_01_DEN_KC,2026-09-09T22:34:52Z,graded,0.5082034454470877,0.008203445447087732,0.06509392747924858,0.847457627118644,0.9090909090909091
7dddb296a42e7a41a774b24bd1709ce1,Geno Smith,pass_yds,betonlineag,206.5,-118.0,-110.0,215.0,2026_01_NYJ_TEN,2026-09-09T22:34:56Z,graded,0.5082034454470877,0.008203445447087732,0.06509392747924858,0.847457627118644,0.9090909090909091
7dddb296a42e7a41a774b24bd1709ce1,Geno Smith,interceptions,draftkings,0.5,-109.0,-117.0,0.0,2026_01_NYJ_TEN,2026-09-09T22:34:59Z,graded,0.4916850288945246,0.00831497110547541,0.06070160739091124,0.9174311926605505,0.8547008547008547
95c01d1bb797d6df14824b106c5a9130,Jaylen Warren,receptions,draftkings,2.5,-117.0,-109.0,5.0,2026_01_ATL_PIT,2026-09-09T22:33:37Z,graded,0.5083149711054754,0.00831497110547541,0.06070160739091124,0.8547008547008547,0.9174311926605505
95c01d1bb797d6df14824b106c5a9130,Pat Freiermuth,receptions,draftkings,2.5,-117.0,-109.0,5.0,2026_01_ATL_PIT,2026-09-09T22:33:37Z,graded,0.5083149711054754,0.00831497110547541,0.06070160739091124,0.8547008547008547,0.9174311926605505
c5d95f48a16849ab6bebc68fbbfcb74a,Michael Mayer,receptions,draftkings,4.5,-109.0,-117.0,6.0,2026_01_MIA_LV,2026-09-09T22:35:37Z,graded,0.4916850288945246,0.00831497110547541,0.06070160739091124,0.9174311926605505,0.8547008547008547
fc362aff0d889ec52d358307a70c32ed,Tetairoa McMillan,receptions,draftkings,4.5,-117.0,-109.0,5.0,2026_01_CHI_CAR,2026-09-09T22:35:34Z,graded,0.5083149711054754,0.00831497110547541,0.06070160739091124,0.8547008547008547,0.9174311926605505
ed6d24ff979f9c71979fead577b0b3f7,Bucky Irving,rush_attempts,draftkings,14.5,-109.0,-117.0,8.0,2026_01_TB_CIN,2026-09-09T22:35:35Z,graded,0.4916850288945246,0.00831497110547541,0.06070160739091124,0.9174311926605505,0.8547008547008547
1edfa5ceaa1ad2cb57df1c1b908731f6,Omarion Hampton,rush_attempts,draftkings,15.5,-109.0,-117.0,12.0,2026_01_ARI_LAC,2026-09-09T22:35:12Z,graded,0.4916850288945246,0.00831497110547541,0.06070160739091124,0.9174311926605505,0.8547008547008547
acc580d74344ea3b31bbcdd057fe6a9c,Christian McCaffrey,rush_attempts,draftkings,15.5,-109.0,-117.0,10.0,2026_01_SF_LA,2026-09-09T22:34:50Z,graded,0.4916850288945246,0.00831497110547541,0.06070160739091124,0.9174311926605505,0.8547008547008547
3e646c7479c57f5d9752d8c7dfe7059b,Jaxson Dart,pass_completions,draftkings,18.5,-117.0,-109.0,23.0,2026_01_DAL_NYG,2026-09-09T22:35:13Z,graded,0.5083149711054754,0.00831497110547541,0.06070160739091124,0.8547008547008547,0.9174311926605505
c5d95f48a16849ab6bebc68fbbfcb74a,Malik Willis,pass_attempts,draftkings,27.5,-117.0,-109.0,27.0,2026_01_MIA_LV,2026-09-09T22:35:37Z,graded,0.5083149711054754,0.00831497110547541,0.06070160739091124,0.8547008547008547,0.9174311926605505
7e09efed7e12c659b82740b67ce2f9a1,C.J. Stroud,pass_attempts,draftkings,31.5,-117.0,-109.0,38.0,2026_01_BUF_HOU,2026-09-09T22:35:20Z,graded,0.5083149711054754,0.00831497110547541,0.06070160739091124,0.8547008547008547,0.9174311926605505
ed6d24ff979f9c71979fead577b0b3f7,Samaje Perine,recv_yds,draftkings,6.5,-116.0,-108.0,30.0,2026_01_TB_CIN,2026-09-09T22:35:35Z,graded,0.5084288604180714,0.008428860418071449,0.056267806267806364,0.8620689655172413,0.9259259259259259
7e09efed7e12c659b82740b67ce2f9a1,C.J. Stroud,rush_yds,draftkings,9.5,-116.0,-108.0,15.0,2026_01_BUF_HOU,2026-09-09T22:35:20Z,graded,0.5084288604180714,0.008428860418071449,0.056267806267806364,0.8620689655172413,0.9259259259259259
cb77efed7e711d25a72c1a2a0a1af119,MarShawn Lloyd,recv_yds,draftkings,9.5,-116.0,-108.0,0.0,2026_01_GB_MIN,2026-09-09T22:35:37Z,graded,0.5084288604180714,0.008428860418071449,0.056267806267806364,0.8620689655172413,0.9259259259259259
3e646c7479c57f5d9752d8c7dfe7059b,Malik Davis,rush_yds,draftkings,12.5,-116.0,-108.0,,2026_01_DAL_NYG,2026-09-09T22:35:13Z,no matching game/player result,0.5084288604180714,0.008428860418071449,0.056267806267806364,0.8620689655172413,0.9259259259259259
5ad8135dc2b5f27de0b777acd317855a,Patrick Mahomes,rush_yds,draftkings,14.5,-116.0,-108.0,23.0,2026_01_DEN_KC,2026-09-09T22:35:38Z,graded,0.5084288604180714,0.008428860418071449,0.056267806267806364,0.8620689655172413,0.9259259259259259
fc362aff0d889ec52d358307a70c32ed,Tommy Tremble,recv_yds,draftkings,14.5,-116.0,-108.0,25.0,2026_01_CHI_CAR,2026-09-09T22:35:34Z,graded,0.5084288604180714,0.008428860418071449,0.056267806267806364,0.8620689655172413,0.9259259259259259
17885cb8dcade8f6c3bce14b2de805e8,Saquon Barkley,recv_yds,draftkings,16.5,-116.0,-108.0,-3.0,2026_01_WAS_PHI,2026-09-09T22:33:41Z,graded,0.5084288604180714,0.008428860418071449,0.056267806267806364,0.8620689655172413,0.9259259259259259
1edfa5ceaa1ad2cb57df1c1b908731f6,Charlie Kolar,recv_yds,draftkings,16.5,-116.0,-108.0,,2026_01_ARI_LAC,2026-09-09T22:35:12Z,no offensive usage evidence,0.5084288604180714,0.008428860418071449,0.056267806267806364,0.8620689655172413,0.9259259259259259
95c01d1bb797d6df14824b106c5a9130,Jaylen Warren,recv_yds,draftkings,16.5,-116.0,-108.0,27.0,2026_01_ATL_PIT,2026-09-09T22:33:37Z,graded,0.5084288604180714,0.008428860418071449,0.056267806267806364,0.8620689655172413,0.9259259259259259
b6cfdcbafa61ce220ba87dc2d9b80c77,Jonathan Taylor,recv_yds,draftkings,16.5,-116.0,-108.0,23.0,2026_01_BAL_IND,2026-09-09T22:34:04Z,graded,0.5084288604180714,0.008428860418071449,0.056267806267806364,0.8620689655172413,0.9259259259259259
e55c6fe19fce094ce214c8b0e5b504e9,Deshaun Watson,rush_yds,draftkings,19.5,-116.0,-108.0,38.0,2026_01_CLE_JAX,2026-09-09T22:35:14Z,graded,0.5084288604180714,0.008428860418071449,0.056267806267806364,0.8620689655172413,0.9259259259259259
ed6d24ff979f9c71979fead577b0b3f7,Cade Otton,recv_yds,draftkings,27.5,-116.0,-108.0,26.0,2026_01_TB_CIN,2026-09-09T22:35:35Z,graded,0.5084288604180714,0.008428860418071449,0.056267806267806364,0.8620689655172413,0.9259259259259259
c5d95f48a16849ab6bebc68fbbfcb74a,Malik Willis,rush_yds,draftkings,38.5,-116.0,-108.0,39.0,2026_01_MIA_LV,2026-09-09T22:35:37Z,graded,0.5084288604180714,0.008428860418071449,0.056267806267806364,0.8620689655172413,0.9259259259259259
95c01d1bb797d6df14824b106c5a9130,Tua Tagovailoa,rush_yds,draftkings,2.5,-108.0,-116.0,,2026_01_ATL_PIT,2026-09-09T22:33:37Z,no matching game/player result,0.4915711395819285,0.008428860418071504,0.056267806267806364,0.9259259259259259,0.8620689655172413
8c94552d022acec4a0458d70c19d3da9,Sam Darnold,rush_yds,draftkings,5.5,-108.0,-116.0,0.0,2026_01_NE_SEA,2026-09-09T22:35:35Z,graded,0.4915711395819285,0.008428860418071504,0.056267806267806364,0.9259259259259259,0.8620689655172413
e55c6fe19fce094ce214c8b0e5b504e9,Quinshon Judkins,recv_yds,draftkings,10.5,-108.0,-116.0,17.0,2026_01_CLE_JAX,2026-09-09T22:35:14Z,graded,0.4915711395819285,0.008428860418071504,0.056267806267806364,0.9259259259259259,0.8620689655172413
5ad8135dc2b5f27de0b777acd317855a,Bo Nix,rush_yds,draftkings,16.5,-108.0,-116.0,2.0,2026_01_DEN_KC,2026-09-09T22:35:38Z,graded,0.4915711395819285,0.008428860418071504,0.056267806267806364,0.9259259259259259,0.8620689655172413
95c01d1bb797d6df14824b106c5a9130,Jahan Dotson,recv_yds,draftkings,18.5,-108.0,-116.0,19.0,2026_01_ATL_PIT,2026-09-09T22:33:37Z,graded,0.4915711395819285,0.008428860418071504,0.056267806267806364,0.9259259259259259,0.8620689655172413
5ad8135dc2b5f27de0b777acd317855a,Evan Engram,recv_yds,draftkings,23.5,-108.0,-116.0,43.0,2026_01_DEN_KC,2026-09-09T22:35:38Z,graded,0.4915711395819285,0.008428860418071504,0.056267806267806364,0.9259259259259259,0.8620689655172413
17885cb8dcade8f6c3bce14b2de805e8,Jalen Hurts,rush_yds,draftkings,28.5,-108.0,-116.0,46.0,2026_01_WAS_PHI,2026-09-09T22:33:41Z,graded,0.4915711395819285,0.008428860418071504,0.056267806267806364,0.9259259259259259,0.8620689655172413
ed6d24ff979f9c71979fead577b0b3f7,Baker Mayfield,pass_tds,betmgm,1.5,-111.0,-120.0,0.0,2026_01_TB_CIN,2026-09-09T22:34:52Z,graded,0.49095295536791317,0.009047044632086831,0.07152089616544588,0.9009009009009009,0.8333333333333334
7dddb296a42e7a41a774b24bd1709ce1,Breece Hall,receptions,betmgm,2.5,-120.0,-111.0,2.0,2026_01_NYJ_TEN,2026-09-09T22:34:03Z,graded,0.5090470446320868,0.009047044632086831,0.07152089616544588,0.8333333333333334,0.9009009009009009
7dddb296a42e7a41a774b24bd1709ce1,Gunnar Helm,receptions,betmgm,2.5,-120.0,-111.0,4.0,2026_01_NYJ_TEN,2026-09-09T22:34:03Z,graded,0.5090470446320868,0.009047044632086831,0.07152089616544588,0.8333333333333334,0.9009009009009009
cb77efed7e711d25a72c1a2a0a1af119,Jayden Reed,receptions,betmgm,3.5,-120.0,-111.0,3.0,2026_01_GB_MIN,2026-09-09T22:35:11Z,graded,0.5090470446320868,0.009047044632086831,0.07152089616544588,0.8333333333333334,0.9009009009009009
fc362aff0d889ec52d358307a70c32ed,Colston Loveland,receptions,betmgm,4.5,-111.0,-120.0,0.0,2026_01_CHI_CAR,2026-09-09T22:34:49Z,graded,0.49095295536791317,0.009047044632086831,0.07152089616544588,0.9009009009009009,0.8333333333333334
e55c6fe19fce094ce214c8b0e5b504e9,Quinshon Judkins,recv_yds,betmgm,9.5,-111.0,-120.0,17.0,2026_01_CLE_JAX,2026-09-09T22:35:12Z,graded,0.49095295536791317,0.009047044632086831,0.07152089616544588,0.9009009009009009,0.8333333333333334
3e646c7479c57f5d9752d8c7dfe7059b,Javonte Williams,recv_yds,betmgm,10.5,-111.0,-120.0,31.0,2026_01_DAL_NYG,2026-09-09T22:34:51Z,graded,0.49095295536791317,0.009047044632086831,0.07152089616544588,0.9009009009009009,0.8333333333333334
8c94552d022acec4a0458d70c19d3da9,George Holani,recv_yds,betmgm,11.5,-120.0,-111.0,0.0,2026_01_NE_SEA,2026-09-09T22:35:11Z,graded,0.5090470446320868,0.009047044632086831,0.07152089616544588,0.8333333333333334,0.9009009009009009
3e646c7479c57f5d9752d8c7dfe7059b,Malik Davis,rush_yds,betmgm,13.5,-111.0,-120.0,,2026_01_DAL_NYG,2026-09-09T22:34:51Z,no matching game/player result,0.49095295536791317,0.009047044632086831,0.07152089616544588,0.9009009009009009,0.8333333333333334
b6cfdcbafa61ce220ba87dc2d9b80c77,Justice Hill,recv_yds,betmgm,13.5,-111.0,-120.0,10.0,2026_01_BAL_IND,2026-09-09T22:34:24Z,graded,0.49095295536791317,0.009047044632086831,0.07152089616544588,0.9009009009009009,0.8333333333333334
fc362aff0d889ec52d358307a70c32ed,Cole Kmet,recv_yds,betmgm,13.5,-120.0,-111.0,35.0,2026_01_CHI_CAR,2026-09-09T22:34:49Z,graded,0.5090470446320868,0.009047044632086831,0.07152089616544588,0.8333333333333334,0.9009009009009009
fc362aff0d889ec52d358307a70c32ed,Tommy Tremble,recv_yds,betmgm,13.5,-111.0,-120.0,25.0,2026_01_CHI_CAR,2026-09-09T22:34:49Z,graded,0.49095295536791317,0.009047044632086831,0.07152089616544588,0.9009009009009009,0.8333333333333334
5ad8135dc2b5f27de0b777acd317855a,Bo Nix,rush_yds,betmgm,14.5,-120.0,-111.0,2.0,2026_01_DEN_KC,2026-09-09T22:34:49Z,graded,0.5090470446320868,0.009047044632086831,0.07152089616544588,0.8333333333333334,0.9009009009009009
7dddb296a42e7a41a774b24bd1709ce1,Braelon Allen,rush_yds,betmgm,17.5,-111.0,-120.0,40.0,2026_01_NYJ_TEN,2026-09-09T22:34:03Z,graded,0.49095295536791317,0.009047044632086831,0.07152089616544588,0.9009009009009009,0.8333333333333334
95c01d1bb797d6df14824b106c5a9130,Jahan Dotson,recv_yds,betmgm,17.5,-120.0,-111.0,19.0,2026_01_ATL_PIT,2026-09-09T22:34:49Z,graded,0.5090470446320868,0.009047044632086831,0.07152089616544588,0.8333333333333334,0.9009009009009009
95c01d1bb797d6df14824b106c5a9130,Jaylen Warren,recv_yds,betmgm,17.5,-120.0,-111.0,27.0,2026_01_ATL_PIT,2026-09-09T22:34:49Z,graded,0.5090470446320868,0.009047044632086831,0.07152089616544588,0.8333333333333334,0.9009009009009009
1edfa5ceaa1ad2cb57df1c1b908731f6,Justin Herbert,rush_yds,betmgm,19.5,-120.0,-111.0,29.0,2026_01_ARI_LAC,2026-09-09T22:35:11Z,graded,0.5090470446320868,0.009047044632086831,0.07152089616544588,0.8333333333333334,0.9009009009009009
7dddb296a42e7a41a774b24bd1709ce1,Mason Taylor,recv_yds,betmgm,20.5,-120.0,-111.0,-2.0,2026_01_NYJ_TEN,2026-09-09T22:34:03Z,graded,0.5090470446320868,0.009047044632086831,0.07152089616544588,0.8333333333333334,0.9009009009009009
ed6d24ff979f9c71979fead577b0b3f7,Kenny Gainwell,rush_yds,betmgm,20.5,-120.0,-111.0,15.0,2026_01_TB_CIN,2026-09-09T22:34:52Z,graded,0.5090470446320868,0.009047044632086831,0.07152089616544588,0.8333333333333334,0.9009009009009009
acc580d74344ea3b31bbcdd057fe6a9c,Terrance Ferguson,recv_yds,betmgm,24.5,-111.0,-120.0,0.0,2026_01_SF_LA,2026-09-09T22:35:34Z,graded,0.49095295536791317,0.009047044632086831,0.07152089616544588,0.9009009009009009,0.8333333333333334
8c94552d022acec4a0458d70c19d3da9,Drake Maye,rush_yds,betmgm,27.5,-111.0,-120.0,47.0,2026_01_NE_SEA,2026-09-09T22:35:11Z,graded,0.49095295536791317,0.009047044632086831,0.07152089616544588,0.9009009009009009,0.8333333333333334
acc580d74344ea3b31bbcdd057fe6a9c,Deebo Samuel,recv_yds,betmgm,28.5,-120.0,-111.0,48.0,2026_01_SF_LA,2026-09-09T22:35:34Z,graded,0.5090470446320868,0.009047044632086831,0.07152089616544588,0.8333333333333334,0.9009009009009009
ed6d24ff979f9c71979fead577b0b3f7,Cade Otton,recv_yds,betmgm,28.5,-111.0,-120.0,26.0,2026_01_TB_CIN,2026-09-09T22:34:52Z,graded,0.49095295536791317,0.009047044632086831,0.07152089616544588,0.9009009009009009,0.8333333333333334
17885cb8dcade8f6c3bce14b2de805e8,Jalen Hurts,pass_attempts,betmgm,29.5,-111.0,-120.0,25.0,2026_01_WAS_PHI,2026-09-09T22:34:50Z,graded,0.49095295536791317,0.009047044632086831,0.07152089616544588,0.9009009009009009,0.8333333333333334
7e09efed7e12c659b82740b67ce2f9a1,Josh Allen,rush_yds,betmgm,32.5,-111.0,-120.0,23.0,2026_01_BUF_HOU,2026-09-09T22:35:10Z,graded,0.49095295536791317,0.009047044632086831,0.07152089616544588,0.9009009009009009,0.8333333333333334
e55c6fe19fce094ce214c8b0e5b504e9,Chris Rodriguez,rush_yds,betmgm,34.5,-120.0,-111.0,23.0,2026_01_CLE_JAX,2026-09-09T22:35:12Z,graded,0.5090470446320868,0.009047044632086831,0.07152089616544588,0.8333333333333334,0.9009009009009009
fc362aff0d889ec52d358307a70c32ed,Jalen Coker,recv_yds,betmgm,40.5,-120.0,-111.0,138.0,2026_01_CHI_CAR,2026-09-09T22:34:49Z,graded,0.5090470446320868,0.009047044632086831,0.07152089616544588,0.8333333333333334,0.9009009009009009
95c01d1bb797d6df14824b106c5a9130,Jaylen Warren,rush_yds,betmgm,44.5,-120.0,-111.0,46.0,2026_01_ATL_PIT,2026-09-09T22:34:49Z,graded,0.5090470446320868,0.009047044632086831,0.07152089616544588,0.8333333333333334,0.9009009009009009
e55c6fe19fce094ce214c8b0e5b504e9,Bhayshul Tuten,rush_yds,betmgm,48.5,-120.0,-111.0,66.0,2026_01_CLE_JAX,2026-09-09T22:35:12Z,graded,0.5090470446320868,0.009047044632086831,0.07152089616544588,0.8333333333333334,0.9009009009009009
5ad8135dc2b5f27de0b777acd317855a,Patrick Mahomes,pass_attempts,draftkings,32.5,-117.0,-108.0,27.0,2026_01_DEN_KC,2026-09-09T22:35:38Z,graded,0.5094197437829691,0.009419743782969059,0.05840127614321178,0.8547008547008547,0.9259259259259259
cb77efed7e711d25a72c1a2a0a1af119,Jayden Reed,receptions,draftkings,3.5,-108.0,-117.0,3.0,2026_01_GB_MIN,2026-09-09T22:35:37Z,graded,0.4905802562170309,0.009419743782969114,0.05840127614321178,0.9259259259259259,0.8547008547008547
8c94552d022acec4a0458d70c19d3da9,Drake Maye,rush_yds,draftkings,26.5,-108.0,-117.0,47.0,2026_01_NE_SEA,2026-09-09T22:35:35Z,graded,0.4905802562170309,0.009419743782969114,0.05840127614321178,0.9259259259259259,0.8547008547008547
5ad8135dc2b5f27de0b777acd317855a,Bo Nix,interceptions,bovada,0.5,-110.0,-120.0,1.0,2026_01_DEN_KC,2026-09-09T22:34:54Z,graded,0.48987854251012153,0.010121457489878471,0.06926406926406914,0.9090909090909091,0.8333333333333334
7dddb296a42e7a41a774b24bd1709ce1,Geno Smith,interceptions,bovada,0.5,-110.0,-120.0,0.0,2026_01_NYJ_TEN,2026-09-09T22:34:30Z,graded,0.48987854251012153,0.010121457489878471,0.06926406926406914,0.9090909090909091,0.8333333333333334
b6cfdcbafa61ce220ba87dc2d9b80c77,Lamar Jackson,pass_tds,fanduel,1.5,-110.0,-120.0,1.0,2026_01_BAL_IND,2026-09-09T22:35:37Z,graded,0.48987854251012153,0.010121457489878471,0.06926406926406914,0.9090909090909091,0.8333333333333334
cb77efed7e711d25a72c1a2a0a1af119,Kyler Murray,pass_tds,betmgm,1.5,-110.0,-120.0,0.0,2026_01_GB_MIN,2026-09-09T22:35:11Z,graded,0.48987854251012153,0.010121457489878471,0.06926406926406914,0.9090909090909091,0.8333333333333334
e55c6fe19fce094ce214c8b0e5b504e9,Trevor Lawrence,pass_tds,betmgm,1.5,-110.0,-120.0,4.0,2026_01_CLE_JAX,2026-09-09T22:35:12Z,graded,0.48987854251012153,0.010121457489878471,0.06926406926406914,0.9090909090909091,0.8333333333333334
ed6d24ff979f9c71979fead577b0b3f7,Baker Mayfield,pass_tds,bovada,1.5,-110.0,-120.0,0.0,2026_01_TB_CIN,2026-09-09T22:34:55Z,graded,0.48987854251012153,0.010121457489878471,0.06926406926406914,0.9090909090909091,0.8333333333333334
fc362aff0d889ec52d358307a70c32ed,Cole Kmet,receptions,betmgm,1.5,-110.0,-120.0,2.0,2026_01_CHI_CAR,2026-09-09T22:34:49Z,graded,0.48987854251012153,0.010121457489878471,0.06926406926406914,0.9090909090909091,0.8333333333333334
5ad8135dc2b5f27de0b777acd317855a,RJ Harvey,receptions,bovada,2.5,-110.0,-120.0,4.0,2026_01_DEN_KC,2026-09-09T22:34:54Z,graded,0.48987854251012153,0.010121457489878471,0.06926406926406914,0.9090909090909091,0.8333333333333334
7dddb296a42e7a41a774b24bd1709ce1,Gunnar Helm,receptions,bovada,2.5,-110.0,-120.0,4.0,2026_01_NYJ_TEN,2026-09-09T22:34:30Z,graded,0.48987854251012153,0.010121457489878471,0.06926406926406914,0.9090909090909091,0.8333333333333334
cb77efed7e711d25a72c1a2a0a1af119,Aaron Jones,receptions,bovada,2.5,-110.0,-120.0,0.0,2026_01_GB_MIN,2026-09-09T22:34:56Z,graded,0.48987854251012153,0.010121457489878471,0.06926406926406914,0.9090909090909091,0.8333333333333334
17885cb8dcade8f6c3bce14b2de805e8,Dallas Goedert,receptions,bovada,3.5,-110.0,-120.0,4.0,2026_01_WAS_PHI,2026-09-09T22:34:54Z,graded,0.48987854251012153,0.010121457489878471,0.06926406926406914,0.9090909090909091,0.8333333333333334
3e646c7479c57f5d9752d8c7dfe7059b,Jake Ferguson,receptions,bovada,3.5,-110.0,-120.0,2.0,2026_01_DAL_NYG,2026-09-09T22:34:54Z,graded,0.48987854251012153,0.010121457489878471,0.06926406926406914,0.9090909090909091,0.8333333333333334
cb77efed7e711d25a72c1a2a0a1af119,Jayden Reed,receptions,bovada,3.5,-110.0,-120.0,3.0,2026_01_GB_MIN,2026-09-09T22:34:56Z,graded,0.48987854251012153,0.010121457489878471,0.06926406926406914,0.9090909090909091,0.8333333333333334
cb77efed7e711d25a72c1a2a0a1af119,T.J. Hockenson,receptions,bovada,3.5,-110.0,-120.0,4.0,2026_01_GB_MIN,2026-09-09T22:34:56Z,graded,0.48987854251012153,0.010121457489878471,0.06926406926406914,0.9090909090909091,0.8333333333333334
e55c6fe19fce094ce214c8b0e5b504e9,KC Concepcion,receptions,betmgm,3.5,-110.0,-120.0,4.0,2026_01_CLE_JAX,2026-09-09T22:35:12Z,graded,0.48987854251012153,0.010121457489878471,0.06926406926406914,0.9090909090909091,0.8333333333333334
ed6d24ff979f9c71979fead577b0b3f7,Chase Brown,receptions,betmgm,3.5,-110.0,-120.0,5.0,2026_01_TB_CIN,2026-09-09T22:34:52Z,graded,0.48987854251012153,0.010121457489878471,0.06926406926406914,0.9090909090909091,0.8333333333333334
ed6d24ff979f9c71979fead577b0b3f7,Chase Brown,receptions,bovada,3.5,-110.0,-120.0,5.0,2026_01_TB_CIN,2026-09-09T22:34:55Z,graded,0.48987854251012153,0.010121457489878471,0.06926406926406914,0.9090909090909091,0.8333333333333334
5ad8135dc2b5f27de0b777acd317855a,J.K. Dobbins,recv_yds,bovada,4.5,-110.0,-120.0,0.0,2026_01_DEN_KC,2026-09-09T22:34:54Z,graded,0.48987854251012153,0.010121457489878471,0.06926406926406914,0.9090909090909091,0.8333333333333334
acc580d74344ea3b31bbcdd057fe6a9c,Davante Adams,receptions,bovada,4.5,-110.0,-120.0,3.0,2026_01_SF_LA,2026-09-09T22:35:39Z,graded,0.48987854251012153,0.010121457489878471,0.06926406926406914,0.9090909090909091,0.8333333333333334
c5d95f48a16849ab6bebc68fbbfcb74a,Michael Mayer,receptions,bovada,4.5,-110.0,-120.0,6.0,2026_01_MIA_LV,2026-09-09T22:35:16Z,graded,0.48987854251012153,0.010121457489878471,0.06926406926406914,0.9090909090909091,0.8333333333333334
7dddb296a42e7a41a774b24bd1709ce1,Garrett Wilson,receptions,bovada,5.5,-110.0,-120.0,6.0,2026_01_NYJ_TEN,2026-09-09T22:34:30Z,graded,0.48987854251012153,0.010121457489878471,0.06926406926406914,0.9090909090909091,0.8333333333333334
7dddb296a42e7a41a774b24bd1709ce1,Garrett Wilson,receptions,fanatics,5.5,-110.0,-120.0,6.0,2026_01_NYJ_TEN,2026-09-09T22:35:24Z,graded,0.48987854251012153,0.010121457489878471,0.06926406926406914,0.9090909090909091,0.8333333333333334
8c94552d022acec4a0458d70c19d3da9,A.J. Brown,receptions,bovada,5.5,-110.0,-120.0,3.0,2026_01_NE_SEA,2026-09-09T22:34:55Z,graded,0.48987854251012153,0.010121457489878471,0.06926406926406914,0.9090909090909091,0.8333333333333334
8c94552d022acec4a0458d70c19d3da9,Sam Darnold,rush_yds,bovada,5.5,-110.0,-120.0,0.0,2026_01_NE_SEA,2026-09-09T22:34:55Z,graded,0.48987854251012153,0.010121457489878471,0.06926406926406914,0.9090909090909091,0.8333333333333334
8c94552d022acec4a0458d70c19d3da9,Sam Darnold,rush_yds,fanatics,5.5,-110.0,-120.0,0.0,2026_01_NE_SEA,2026-09-09T22:34:41Z,graded,0.48987854251012153,0.010121457489878471,0.06926406926406914,0.9090909090909091,0.8333333333333334
95c01d1bb797d6df14824b106c5a9130,Drake London,receptions,bovada,5.5,-110.0,-120.0,2.0,2026_01_ATL_PIT,2026-09-09T22:34:53Z,graded,0.48987854251012153,0.010121457489878471,0.06926406926406914,0.9090909090909091,0.8333333333333334
8c94552d022acec4a0458d70c19d3da9,Jaxon Smith-Njigba,receptions,bovada,6.5,-110.0,-120.0,8.0,2026_01_NE_SEA,2026-09-09T22:34:55Z,graded,0.48987854251012153,0.010121457489878471,0.06926406926406914,0.9090909090909091,0.8333333333333334
acc580d74344ea3b31bbcdd057fe6a9c,Kyle Juszczyk,recv_yds,betmgm,6.5,-110.0,-120.0,,2026_01_SF_LA,2026-09-09T22:35:34Z,no matching game/player result,0.48987854251012153,0.010121457489878471,0.06926406926406914,0.9090909090909091,0.8333333333333334
3e646c7479c57f5d9752d8c7dfe7059b,Dak Prescott,rush_yds,bovada,8.5,-110.0,-120.0,14.0,2026_01_DAL_NYG,2026-09-09T22:34:54Z,graded,0.48987854251012153,0.010121457489878471,0.06926406926406914,0.9090909090909091,0.8333333333333334
3e646c7479c57f5d9752d8c7dfe7059b,Javonte Williams,recv_yds,bovada,9.5,-110.0,-120.0,31.0,2026_01_DAL_NYG,2026-09-09T22:34:54Z,graded,0.48987854251012153,0.010121457489878471,0.06926406926406914,0.9090909090909091,0.8333333333333334
7e09efed7e12c659b82740b67ce2f9a1,C.J. Stroud,rush_yds,betmgm,10.5,-110.0,-120.0,15.0,2026_01_BUF_HOU,2026-09-09T22:35:10Z,graded,0.48987854251012153,0.010121457489878471,0.06926406926406914,0.9090909090909091,0.8333333333333334
95c01d1bb797d6df14824b106c5a9130,Rico Dowdle,recv_yds,betmgm,10.5,-110.0,-120.0,6.0,2026_01_ATL_PIT,2026-09-09T22:34:49Z,graded,0.48987854251012153,0.010121457489878471,0.06926406926406914,0.9090909090909091,0.8333333333333334
e55c6fe19fce094ce214c8b0e5b504e9,Quinshon Judkins,recv_yds,bovada,10.5,-110.0,-120.0,17.0,2026_01_CLE_JAX,2026-09-09T22:34:58Z,graded,0.48987854251012153,0.010121457489878471,0.06926406926406914,0.9090909090909091,0.8333333333333334
8c94552d022acec4a0458d70c19d3da9,George Holani,recv_yds,bovada,11.5,-110.0,-120.0,0.0,2026_01_NE_SEA,2026-09-09T22:34:55Z,graded,0.48987854251012153,0.010121457489878471,0.06926406926406914,0.9090909090909091,0.8333333333333334
b6cfdcbafa61ce220ba87dc2d9b80c77,Daniel Jones,rush_yds,betmgm,11.5,-110.0,-120.0,4.0,2026_01_BAL_IND,2026-09-09T22:34:24Z,graded,0.48987854251012153,0.010121457489878471,0.06926406926406914,0.9090909090909091,0.8333333333333334
b6cfdcbafa61ce220ba87dc2d9b80c77,Justice Hill,recv_yds,bovada,11.5,-110.0,-120.0,10.0,2026_01_BAL_IND,2026-09-09T22:35:16Z,graded,0.48987854251012153,0.010121457489878471,0.06926406926406914,0.9090909090909091,0.8333333333333334
cb77efed7e711d25a72c1a2a0a1af119,Jordan Mason,rush_attempts,betmgm,11.5,-110.0,-120.0,15.0,2026_01_GB_MIN,2026-09-09T22:35:11Z,graded,0.48987854251012153,0.010121457489878471,0.06926406926406914,0.9090909090909091,0.8333333333333334
3e646c7479c57f5d9752d8c7dfe7059b,Cam Skattebo,rush_attempts,betmgm,12.5,-110.0,-120.0,18.0,2026_01_DAL_NYG,2026-09-09T22:34:51Z,graded,0.48987854251012153,0.010121457489878471,0.06926406926406914,0.9090909090909091,0.8333333333333334
5ad8135dc2b5f27de0b777acd317855a,J.K. Dobbins,rush_attempts,fanatics,12.5,-110.0,-120.0,8.0,2026_01_DEN_KC,2026-09-09T22:35:46Z,graded,0.48987854251012153,0.010121457489878471,0.06926406926406914,0.9090909090909091,0.8333333333333334
b6cfdcbafa61ce220ba87dc2d9b80c77,Daniel Jones,rush_yds,bovada,12.5,-110.0,-120.0,4.0,2026_01_BAL_IND,2026-09-09T22:35:16Z,graded,0.48987854251012153,0.010121457489878471,0.06926406926406914,0.9090909090909091,0.8333333333333334
7dddb296a42e7a41a774b24bd1709ce1,Tony Pollard,rush_attempts,bovada,14.5,-110.0,-120.0,7.0,2026_01_NYJ_TEN,2026-09-09T22:34:30Z,graded,0.48987854251012153,0.010121457489878471,0.06926406926406914,0.9090909090909091,0.8333333333333334
cb77efed7e711d25a72c1a2a0a1af119,Aaron Jones,recv_yds,bovada,14.5,-110.0,-120.0,0.0,2026_01_GB_MIN,2026-09-09T22:34:56Z,graded,0.48987854251012153,0.010121457489878471,0.06926406926406914,0.9090909090909091,0.8333333333333334
fc362aff0d889ec52d358307a70c32ed,Cole Kmet,recv_yds,bovada,15.5,-110.0,-120.0,35.0,2026_01_CHI_CAR,2026-09-09T22:34:07Z,graded,0.48987854251012153,0.010121457489878471,0.06926406926406914,0.9090909090909091,0.8333333333333334
5ad8135dc2b5f27de0b777acd317855a,Bo Nix,rush_yds,bovada,16.5,-110.0,-120.0,2.0,2026_01_DEN_KC,2026-09-09T22:34:54Z,graded,0.48987854251012153,0.010121457489878471,0.06926406926406914,0.9090909090909091,0.8333333333333334
5ad8135dc2b5f27de0b777acd317855a,RJ Harvey,recv_yds,bovada,16.5,-110.0,-120.0,23.0,2026_01_DEN_KC,2026-09-09T22:34:54Z,graded,0.48987854251012153,0.010121457489878471,0.06926406926406914,0.9090909090909091,0.8333333333333334
b6cfdcbafa61ce220ba87dc2d9b80c77,Lamar Jackson,pass_completions,bovada,17.5,-110.0,-120.0,17.0,2026_01_BAL_IND,2026-09-09T22:35:16Z,graded,0.48987854251012153,0.010121457489878471,0.06926406926406914,0.9090909090909091,0.8333333333333334
5ad8135dc2b5f27de0b777acd317855a,RJ Harvey,rush_yds,bovada,18.5,-110.0,-120.0,18.0,2026_01_DEN_KC,2026-09-09T22:34:54Z,graded,0.48987854251012153,0.010121457489878471,0.06926406926406914,0.9090909090909091,0.8333333333333334
95c01d1bb797d6df14824b106c5a9130,Jahan Dotson,recv_yds,bovada,18.5,-110.0,-120.0,19.0,2026_01_ATL_PIT,2026-09-09T22:34:53Z,graded,0.48987854251012153,0.010121457489878471,0.06926406926406914,0.9090909090909091,0.8333333333333334
fc362aff0d889ec52d358307a70c32ed,Xavier Legette,recv_yds,bovada,18.5,-110.0,-120.0,0.0,2026_01_CHI_CAR,2026-09-09T22:34:07Z,graded,0.48987854251012153,0.010121457489878471,0.06926406926406914,0.9090909090909091,0.8333333333333334
fc362aff0d889ec52d358307a70c32ed,Bryce Young,pass_completions,betmgm,19.5,-110.0,-120.0,23.0,2026_01_CHI_CAR,2026-09-09T22:34:49Z,graded,0.48987854251012153,0.010121457489878471,0.06926406926406914,0.9090909090909091,0.8333333333333334
fc362aff0d889ec52d358307a70c32ed,Caleb Williams,rush_yds,bovada,19.5,-110.0,-120.0,65.0,2026_01_CHI_CAR,2026-09-09T22:34:07Z,graded,0.48987854251012153,0.010121457489878471,0.06926406926406914,0.9090909090909091,0.8333333333333334
ed6d24ff979f9c71979fead577b0b3f7,Samaje Perine,rush_yds,bovada,20.5,-110.0,-120.0,20.0,2026_01_TB_CIN,2026-09-09T22:34:55Z,graded,0.48987854251012153,0.010121457489878471,0.06926406926406914,0.9090909090909091,0.8333333333333334
5ad8135dc2b5f27de0b777acd317855a,Bo Nix,pass_completions,bovada,21.5,-110.0,-120.0,17.0,2026_01_DEN_KC,2026-09-09T22:34:54Z,graded,0.48987854251012153,0.010121457489878471,0.06926406926406914,0.9090909090909091,0.8333333333333334
5ad8135dc2b5f27de0b777acd317855a,Patrick Mahomes,pass_completions,fanatics,21.5,-110.0,-120.0,15.0,2026_01_DEN_KC,2026-09-09T22:35:46Z,graded,0.48987854251012153,0.010121457489878471,0.06926406926406914,0.9090909090909091,0.8333333333333334
95c01d1bb797d6df14824b106c5a9130,Aaron Rodgers,pass_completions,betmgm,21.5,-110.0,-120.0,24.0,2026_01_ATL_PIT,2026-09-09T22:34:49Z,graded,0.48987854251012153,0.010121457489878471,0.06926406926406914,0.9090909090909091,0.8333333333333334
acc580d74344ea3b31bbcdd057fe6a9c,Brock Purdy,pass_completions,betmgm,21.5,-110.0,-120.0,25.0,2026_01_SF_LA,2026-09-09T22:35:34Z,graded,0.48987854251012153,0.010121457489878471,0.06926406926406914,0.9090909090909091,0.8333333333333334
cb77efed7e711d25a72c1a2a0a1af119,Jauan Jennings,recv_yds,bovada,22.5,-110.0,-120.0,0.0,2026_01_GB_MIN,2026-09-09T22:34:56Z,graded,0.48987854251012153,0.010121457489878471,0.06926406926406914,0.9090909090909091,0.8333333333333334
5ad8135dc2b5f27de0b777acd317855a,Evan Engram,recv_yds,bovada,23.5,-110.0,-120.0,43.0,2026_01_DEN_KC,2026-09-09T22:34:54Z,graded,0.48987854251012153,0.010121457489878471,0.06926406926406914,0.9090909090909091,0.8333333333333334
c1d3fcec25aaeb06ebd2244d33d338e0,Jared Goff,pass_completions,bovada,23.5,-110.0,-120.0,26.0,2026_01_NO_DET,2026-09-09T22:34:55Z,graded,0.48987854251012153,0.010121457489878471,0.06926406926406914,0.9090909090909091,0.8333333333333334
8c94552d022acec4a0458d70c19d3da9,Rhamondre Stevenson,recv_yds,bovada,24.5,-110.0,-120.0,44.0,2026_01_NE_SEA,2026-09-09T22:34:55Z,graded,0.48987854251012153,0.010121457489878471,0.06926406926406914,0.9090909090909091,0.8333333333333334
95c01d1bb797d6df14824b106c5a9130,Pat Freiermuth,recv_yds,bovada,25.5,-110.0,-120.0,46.0,2026_01_ATL_PIT,2026-09-09T22:34:53Z,graded,0.48987854251012153,0.010121457489878471,0.06926406926406914,0.9090909090909091,0.8333333333333334
c5d95f48a16849ab6bebc68fbbfcb74a,Greg Dulcich,recv_yds,bovada,27.5,-110.0,-120.0,18.0,2026_01_MIA_LV,2026-09-09T22:35:16Z,graded,0.48987854251012153,0.010121457489878471,0.06926406926406914,0.9090909090909091,0.8333333333333334
17885cb8dcade8f6c3bce14b2de805e8,Jalen Hurts,pass_attempts,bovada,28.5,-110.0,-120.0,25.0,2026_01_WAS_PHI,2026-09-09T22:34:54Z,graded,0.48987854251012153,0.010121457489878471,0.06926406926406914,0.9090909090909091,0.8333333333333334
17885cb8dcade8f6c3bce14b2de805e8,Jalen Hurts,rush_yds,bovada,28.5,-110.0,-120.0,46.0,2026_01_WAS_PHI,2026-09-09T22:34:54Z,graded,0.48987854251012153,0.010121457489878471,0.06926406926406914,0.9090909090909091,0.8333333333333334
17885cb8dcade8f6c3bce14b2de805e8,Dontayvion Wicks,recv_yds,bovada,29.5,-110.0,-120.0,73.0,2026_01_WAS_PHI,2026-09-09T22:34:54Z,graded,0.48987854251012153,0.010121457489878471,0.06926406926406914,0.9090909090909091,0.8333333333333334
17885cb8dcade8f6c3bce14b2de805e8,Jayden Daniels,pass_attempts,fanatics,29.5,-110.0,-120.0,34.0,2026_01_WAS_PHI,2026-09-09T22:33:50Z,graded,0.48987854251012153,0.010121457489878471,0.06926406926406914,0.9090909090909091,0.8333333333333334
1edfa5ceaa1ad2cb57df1c1b908731f6,Justin Herbert,pass_attempts,betmgm,29.5,-110.0,-120.0,27.0,2026_01_ARI_LAC,2026-09-09T22:35:11Z,graded,0.48987854251012153,0.010121457489878471,0.06926406926406914,0.9090909090909091,0.8333333333333334
acc580d74344ea3b31bbcdd057fe6a9c,Deebo Samuel,recv_yds,bovada,29.5,-110.0,-120.0,48.0,2026_01_SF_LA,2026-09-09T22:35:39Z,graded,0.48987854251012153,0.010121457489878471,0.06926406926406914,0.9090909090909091,0.8333333333333334
3e646c7479c57f5d9752d8c7dfe7059b,Jake Ferguson,recv_yds,bovada,30.5,-110.0,-120.0,6.0,2026_01_DAL_NYG,2026-09-09T22:34:54Z,graded,0.48987854251012153,0.010121457489878471,0.06926406926406914,0.9090909090909091,0.8333333333333334
7e09efed7e12c659b82740b67ce2f9a1,Josh Allen,rush_yds,fanatics,30.5,-110.0,-120.0,23.0,2026_01_BUF_HOU,2026-09-09T22:34:44Z,graded,0.48987854251012153,0.010121457489878471,0.06926406926406914,0.9090909090909091,0.8333333333333334
e55c6fe19fce094ce214c8b0e5b504e9,Jerry Jeudy,recv_yds,bovada,30.5,-110.0,-120.0,26.0,2026_01_CLE_JAX,2026-09-09T22:34:58Z,graded,0.48987854251012153,0.010121457489878471,0.06926406926406914,0.9090909090909091,0.8333333333333334
fc362aff0d889ec52d358307a70c32ed,Bryce Young,pass_attempts,bovada,30.5,-110.0,-120.0,37.0,2026_01_CHI_CAR,2026-09-09T22:34:07Z,graded,0.48987854251012153,0.010121457489878471,0.06926406926406914,0.9090909090909091,0.8333333333333334
95c01d1bb797d6df14824b106c5a9130,Aaron Rodgers,pass_attempts,bovada,31.5,-110.0,-120.0,40.0,2026_01_ATL_PIT,2026-09-09T22:34:53Z,graded,0.48987854251012153,0.010121457489878471,0.06926406926406914,0.9090909090909091,0.8333333333333334
95c01d1bb797d6df14824b106c5a9130,Aaron Rodgers,pass_attempts,fanatics,31.5,-110.0,-120.0,40.0,2026_01_ATL_PIT,2026-09-09T22:35:46Z,graded,0.48987854251012153,0.010121457489878471,0.06926406926406914,0.9090909090909091,0.8333333333333334
cb77efed7e711d25a72c1a2a0a1af119,Jordan Love,pass_attempts,bovada,32.5,-110.0,-120.0,42.0,2026_01_GB_MIN,2026-09-09T22:34:56Z,graded,0.48987854251012153,0.010121457489878471,0.06926406926406914,0.9090909090909091,0.8333333333333334
e55c6fe19fce094ce214c8b0e5b504e9,Trevor Lawrence,pass_attempts,bovada,32.5,-110.0,-120.0,23.0,2026_01_CLE_JAX,2026-09-09T22:34:58Z,graded,0.48987854251012153,0.010121457489878471,0.06926406926406914,0.9090909090909091,0.8333333333333334
3e646c7479c57f5d9752d8c7dfe7059b,Dak Prescott,pass_attempts,bovada,33.5,-110.0,-120.0,34.0,2026_01_DAL_NYG,2026-09-09T22:34:54Z,graded,0.48987854251012153,0.010121457489878471,0.06926406926406914,0.9090909090909091,0.8333333333333334
5ad8135dc2b5f27de0b777acd317855a,Bo Nix,pass_attempts,fanatics,34.5,-110.0,-120.0,28.0,2026_01_DEN_KC,2026-09-09T22:35:46Z,graded,0.48987854251012153,0.010121457489878471,0.06926406926406914,0.9090909090909091,0.8333333333333334
acc580d74344ea3b31bbcdd057fe6a9c,Brock Purdy,pass_attempts,fanatics,34.5,-110.0,-120.0,34.0,2026_01_SF_LA,2026-09-09T22:34:16Z,graded,0.48987854251012153,0.010121457489878471,0.06926406926406914,0.9090909090909091,0.8333333333333334
acc580d74344ea3b31bbcdd057fe6a9c,Matthew Stafford,pass_attempts,bovada,34.5,-110.0,-120.0,25.0,2026_01_SF_LA,2026-09-09T22:35:39Z,graded,0.48987854251012153,0.010121457489878471,0.06926406926406914,0.9090909090909091,0.8333333333333334
ed6d24ff979f9c71979fead577b0b3f7,Joe Burrow,pass_attempts,fanatics,34.5,-110.0,-120.0,35.0,2026_01_TB_CIN,2026-09-09T22:35:02Z,graded,0.48987854251012153,0.010121457489878471,0.06926406926406914,0.9090909090909091,0.8333333333333334
e55c6fe19fce094ce214c8b0e5b504e9,Chris Rodriguez,rush_yds,bovada,35.5,-110.0,-120.0,23.0,2026_01_CLE_JAX,2026-09-09T22:34:58Z,graded,0.48987854251012153,0.010121457489878471,0.06926406926406914,0.9090909090909091,0.8333333333333334
3e646c7479c57f5d9752d8c7dfe7059b,Isaiah Likely,recv_yds,bovada,36.5,-110.0,-120.0,78.0,2026_01_DAL_NYG,2026-09-09T22:34:54Z,graded,0.48987854251012153,0.010121457489878471,0.06926406926406914,0.9090909090909091,0.8333333333333334
95c01d1bb797d6df14824b106c5a9130,Bijan Robinson,recv_yds,bovada,36.5,-110.0,-120.0,90.0,2026_01_ATL_PIT,2026-09-09T22:34:53Z,graded,0.48987854251012153,0.010121457489878471,0.06926406926406914,0.9090909090909091,0.8333333333333334
acc580d74344ea3b31bbcdd057fe6a9c,De'Zhaun Stribling,recv_yds,bovada,36.5,-110.0,-120.0,,2026_01_SF_LA,2026-09-09T22:35:39Z,no matching game/player result,0.48987854251012153,0.010121457489878471,0.06926406926406914,0.9090909090909091,0.8333333333333334
7e09efed7e12c659b82740b67ce2f9a1,Dalton Kincaid,recv_yds,bovada,38.5,-110.0,-120.0,130.0,2026_01_BUF_HOU,2026-09-09T22:35:38Z,graded,0.48987854251012153,0.010121457489878471,0.06926406926406914,0.9090909090909091,0.8333333333333334
acc580d74344ea3b31bbcdd057fe6a9c,Christian McCaffrey,recv_yds,bovada,41.5,-110.0,-120.0,20.0,2026_01_SF_LA,2026-09-09T22:35:39Z,graded,0.48987854251012153,0.010121457489878471,0.06926406926406914,0.9090909090909091,0.8333333333333334
cb77efed7e711d25a72c1a2a0a1af119,MarShawn Lloyd,rush_yds,betmgm,43.5,-110.0,-120.0,37.0,2026_01_GB_MIN,2026-09-09T22:35:11Z,graded,0.48987854251012153,0.010121457489878471,0.06926406926406914,0.9090909090909091,0.8333333333333334
cb77efed7e711d25a72c1a2a0a1af119,Jordan Mason,rush_yds,bovada,44.5,-110.0,-120.0,59.0,2026_01_GB_MIN,2026-09-09T22:34:56Z,graded,0.48987854251012153,0.010121457489878471,0.06926406926406914,0.9090909090909091,0.8333333333333334
17885cb8dcade8f6c3bce14b2de805e8,Jalen Hurts,pass_yds,fanatics,210.5,-110.0,-120.0,203.0,2026_01_WAS_PHI,2026-09-09T22:35:01Z,graded,0.48987854251012153,0.010121457489878471,0.06926406926406914,0.9090909090909091,0.8333333333333334
5ad8135dc2b5f27de0b777acd317855a,Bo Nix,pass_yds,fanatics,225.5,-110.0,-120.0,131.0,2026_01_DEN_KC,2026-09-09T22:35:46Z,graded,0.48987854251012153,0.010121457489878471,0.06926406926406914,0.9090909090909091,0.8333333333333334
fc362aff0d889ec52d358307a70c32ed,Caleb Williams,pass_yds,fanatics,225.5,-110.0,-120.0,269.0,2026_01_CHI_CAR,2026-09-09T22:35:02Z,graded,0.48987854251012153,0.010121457489878471,0.06926406926406914,0.9090909090909091,0.8333333333333334
cb77efed7e711d25a72c1a2a0a1af119,Jordan Love,pass_yds,fanatics,240.5,-110.0,-120.0,387.0,2026_01_GB_MIN,2026-09-09T22:33:52Z,graded,0.48987854251012153,0.010121457489878471,0.06926406926406914,0.9090909090909091,0.8333333333333334
3e646c7479c57f5d9752d8c7dfe7059b,Dak Prescott,pass_yds,fanatics,260.5,-110.0,-120.0,175.0,2026_01_DAL_NYG,2026-09-09T22:35:24Z,graded,0.48987854251012153,0.010121457489878471,0.06926406926406914,0.9090909090909091,0.8333333333333334
ed6d24ff979f9c71979fead577b0b3f7,Joe Burrow,pass_yds,fanatics,265.5,-110.0,-120.0,254.0,2026_01_TB_CIN,2026-09-09T22:35:02Z,graded,0.48987854251012153,0.010121457489878471,0.06926406926406914,0.9090909090909091,0.8333333333333334
8c94552d022acec4a0458d70c19d3da9,Sam Darnold,interceptions,betmgm,0.5,-120.0,-110.0,0.0,2026_01_NE_SEA,2026-09-09T22:35:11Z,graded,0.5101214574898786,0.010121457489878583,0.06926406926406914,0.8333333333333334,0.9090909090909091
c1d3fcec25aaeb06ebd2244d33d338e0,Tyler Shough,interceptions,bovada,0.5,-120.0,-110.0,2.0,2026_01_NO_DET,2026-09-09T22:34:55Z,graded,0.5101214574898786,0.010121457489878583,0.06926406926406914,0.8333333333333334,0.9090909090909091
7dddb296a42e7a41a774b24bd1709ce1,Tony Pollard,receptions,bovada,1.5,-120.0,-110.0,1.0,2026_01_NYJ_TEN,2026-09-09T22:34:30Z,graded,0.5101214574898786,0.010121457489878583,0.06926406926406914,0.8333333333333334,0.9090909090909091
7e09efed7e12c659b82740b67ce2f9a1,David Montgomery,receptions,bovada,1.5,-120.0,-110.0,3.0,2026_01_BUF_HOU,2026-09-09T22:35:38Z,graded,0.5101214574898786,0.010121457489878583,0.06926406926406914,0.8333333333333334,0.9090909090909091
acc580d74344ea3b31bbcdd057fe6a9c,Tyler Higbee,receptions,bovada,1.5,-120.0,-110.0,2.0,2026_01_SF_LA,2026-09-09T22:35:39Z,graded,0.5101214574898786,0.010121457489878583,0.06926406926406914,0.8333333333333334,0.9090909090909091
e55c6fe19fce094ce214c8b0e5b504e9,Trevor Lawrence,pass_tds,bovada,1.5,-120.0,-110.0,4.0,2026_01_CLE_JAX,2026-09-09T22:34:58Z,graded,0.5101214574898786,0.010121457489878583,0.06926406926406914,0.8333333333333334,0.9090909090909091
17885cb8dcade8f6c3bce14b2de805e8,Dontayvion Wicks,receptions,bovada,2.5,-120.0,-110.0,2.0,2026_01_WAS_PHI,2026-09-09T22:34:54Z,graded,0.5101214574898786,0.010121457489878583,0.06926406926406914,0.8333333333333334,0.9090909090909091
7dddb296a42e7a41a774b24bd1709ce1,Tyjae Spears,receptions,betmgm,2.5,-120.0,-110.0,2.0,2026_01_NYJ_TEN,2026-09-09T22:34:03Z,graded,0.5101214574898786,0.010121457489878583,0.06926406926406914,0.8333333333333334,0.9090909090909091
8c94552d022acec4a0458d70c19d3da9,Rashid Shaheed,receptions,betmgm,2.5,-120.0,-110.0,1.0,2026_01_NE_SEA,2026-09-09T22:35:11Z,graded,0.5101214574898786,0.010121457489878583,0.06926406926406914,0.8333333333333334,0.9090909090909091
8c94552d022acec4a0458d70c19d3da9,Rashid Shaheed,rush_yds,bovada,2.5,-120.0,-110.0,0.0,2026_01_NE_SEA,2026-09-09T22:34:55Z,graded,0.5101214574898786,0.010121457489878583,0.06926406926406914,0.8333333333333334,0.9090909090909091
95c01d1bb797d6df14824b106c5a9130,Jaylen Warren,receptions,bovada,2.5,-120.0,-110.0,5.0,2026_01_ATL_PIT,2026-09-09T22:34:53Z,graded,0.5101214574898786,0.010121457489878583,0.06926406926406914,0.8333333333333334,0.9090909090909091
95c01d1bb797d6df14824b106c5a9130,Pat Freiermuth,receptions,bovada,2.5,-120.0,-110.0,5.0,2026_01_ATL_PIT,2026-09-09T22:34:53Z,graded,0.5101214574898786,0.010121457489878583,0.06926406926406914,0.8333333333333334,0.9090909090909091
c5d95f48a16849ab6bebc68fbbfcb74a,Greg Dulcich,receptions,bovada,2.5,-120.0,-110.0,2.0,2026_01_MIA_LV,2026-09-09T22:35:16Z,graded,0.5101214574898786,0.010121457489878583,0.06926406926406914,0.8333333333333334,0.9090909090909091
cb77efed7e711d25a72c1a2a0a1af119,Aaron Jones,receptions,fanduel,2.5,-120.0,-110.0,0.0,2026_01_GB_MIN,2026-09-09T22:35:38Z,graded,0.5101214574898786,0.010121457489878583,0.06926406926406914,0.8333333333333334,0.9090909090909091
1edfa5ceaa1ad2cb57df1c1b908731f6,Michael Wilson,receptions,betmgm,3.5,-120.0,-110.0,5.0,2026_01_ARI_LAC,2026-09-09T22:35:11Z,graded,0.5101214574898786,0.010121457489878583,0.06926406926406914,0.8333333333333334,0.9090909090909091
7e09efed7e12c659b82740b67ce2f9a1,DJ Moore,receptions,bovada,3.5,-120.0,-110.0,5.0,2026_01_BUF_HOU,2026-09-09T22:35:38Z,graded,0.5101214574898786,0.010121457489878583,0.06926406926406914,0.8333333333333334,0.9090909090909091
acc580d74344ea3b31bbcdd057fe6a9c,George Kittle,receptions,betmgm,3.5,-120.0,-110.0,2.0,2026_01_SF_LA,2026-09-09T22:35:34Z,graded,0.5101214574898786,0.010121457489878583,0.06926406926406914,0.8333333333333334,0.9090909090909091
acc580d74344ea3b31bbcdd057fe6a9c,George Kittle,receptions,bovada,3.5,-120.0,-110.0,2.0,2026_01_SF_LA,2026-09-09T22:35:39Z,graded,0.5101214574898786,0.010121457489878583,0.06926406926406914,0.8333333333333334,0.9090909090909091
fc362aff0d889ec52d358307a70c32ed,Jalen Coker,receptions,betmgm,3.5,-120.0,-110.0,8.0,2026_01_CHI_CAR,2026-09-09T22:34:49Z,graded,0.5101214574898786,0.010121457489878583,0.06926406926406914,0.8333333333333334,0.9090909090909091
5ad8135dc2b5f27de0b777acd317855a,Jaylen Waddle,receptions,betmgm,4.5,-120.0,-110.0,1.0,2026_01_DEN_KC,2026-09-09T22:34:49Z,graded,0.5101214574898786,0.010121457489878583,0.06926406926406914,0.8333333333333334,0.9090909090909091
5ad8135dc2b5f27de0b777acd317855a,Jaylen Waddle,receptions,bovada,4.5,-120.0,-110.0,1.0,2026_01_DEN_KC,2026-09-09T22:34:54Z,graded,0.5101214574898786,0.010121457489878583,0.06926406926406914,0.8333333333333334,0.9090909090909091
acc580d74344ea3b31bbcdd057fe6a9c,Christian McCaffrey,receptions,bovada,4.5,-120.0,-110.0,5.0,2026_01_SF_LA,2026-09-09T22:35:39Z,graded,0.5101214574898786,0.010121457489878583,0.06926406926406914,0.8333333333333334,0.9090909090909091
fc362aff0d889ec52d358307a70c32ed,Tetairoa McMillan,receptions,bovada,4.5,-120.0,-110.0,5.0,2026_01_CHI_CAR,2026-09-09T22:34:07Z,graded,0.5101214574898786,0.010121457489878583,0.06926406926406914,0.8333333333333334,0.9090909090909091
5ad8135dc2b5f27de0b777acd317855a,Rashee Rice,receptions,betmgm,5.5,-120.0,-110.0,2.0,2026_01_DEN_KC,2026-09-09T22:34:49Z,graded,0.5101214574898786,0.010121457489878583,0.06926406926406914,0.8333333333333334,0.9090909090909091
3e646c7479c57f5d9752d8c7dfe7059b,Dak Prescott,rush_yds,betmgm,6.5,-120.0,-110.0,14.0,2026_01_DAL_NYG,2026-09-09T22:34:51Z,graded,0.5101214574898786,0.010121457489878583,0.06926406926406914,0.8333333333333334,0.9090909090909091
c1d3fcec25aaeb06ebd2244d33d338e0,Amon-Ra St. Brown,receptions,bovada,6.5,-120.0,-110.0,10.0,2026_01_NO_DET,2026-09-09T22:34:55Z,graded,0.5101214574898786,0.010121457489878583,0.06926406926406914,0.8333333333333334,0.9090909090909091
ed6d24ff979f9c71979fead577b0b3f7,Samaje Perine,recv_yds,bovada,6.5,-120.0,-110.0,30.0,2026_01_TB_CIN,2026-09-09T22:34:55Z,graded,0.5101214574898786,0.010121457489878583,0.06926406926406914,0.8333333333333334,0.9090909090909091
5ad8135dc2b5f27de0b777acd317855a,Adam Trautman,recv_yds,bovada,7.5,-120.0,-110.0,10.0,2026_01_DEN_KC,2026-09-09T22:34:54Z,graded,0.5101214574898786,0.010121457489878583,0.06926406926406914,0.8333333333333334,0.9090909090909091
8c94552d022acec4a0458d70c19d3da9,Mack Hollins,recv_yds,betmgm,7.5,-120.0,-110.0,51.0,2026_01_NE_SEA,2026-09-09T22:35:11Z,graded,0.5101214574898786,0.010121457489878583,0.06926406926406914,0.8333333333333334,0.9090909090909091
5ad8135dc2b5f27de0b777acd317855a,Noah Gray,recv_yds,betmgm,8.5,-120.0,-110.0,5.0,2026_01_DEN_KC,2026-09-09T22:34:49Z,graded,0.5101214574898786,0.010121457489878583,0.06926406926406914,0.8333333333333334,0.9090909090909091
7e09efed7e12c659b82740b67ce2f9a1,David Montgomery,recv_yds,bovada,8.5,-120.0,-110.0,19.0,2026_01_BUF_HOU,2026-09-09T22:35:38Z,graded,0.5101214574898786,0.010121457489878583,0.06926406926406914,0.8333333333333334,0.9090909090909091
8c94552d022acec4a0458d70c19d3da9,Corey Kiner,rush_yds,bovada,8.5,-120.0,-110.0,11.0,2026_01_NE_SEA,2026-09-09T22:34:55Z,graded,0.5101214574898786,0.010121457489878583,0.06926406926406914,0.8333333333333334,0.9090909090909091
8c94552d022acec4a0458d70c19d3da9,Elijah Arroyo,recv_yds,betmgm,8.5,-120.0,-110.0,,2026_01_NE_SEA,2026-09-09T22:35:11Z,no matching game/player result,0.5101214574898786,0.010121457489878583,0.06926406926406914,0.8333333333333334,0.9090909090909091
5ad8135dc2b5f27de0b777acd317855a,Noah Gray,recv_yds,bovada,9.5,-120.0,-110.0,5.0,2026_01_DEN_KC,2026-09-09T22:34:54Z,graded,0.5101214574898786,0.010121457489878583,0.06926406926406914,0.8333333333333334,0.9090909090909091
7e09efed7e12c659b82740b67ce2f9a1,C.J. Stroud,rush_yds,bovada,9.5,-120.0,-110.0,15.0,2026_01_BUF_HOU,2026-09-09T22:35:38Z,graded,0.5101214574898786,0.010121457489878583,0.06926406926406914,0.8333333333333334,0.9090909090909091
7e09efed7e12c659b82740b67ce2f9a1,Woody Marks,recv_yds,bovada,9.5,-120.0,-110.0,-2.0,2026_01_BUF_HOU,2026-09-09T22:35:38Z,graded,0.5101214574898786,0.010121457489878583,0.06926406926406914,0.8333333333333334,0.9090909090909091
8c94552d022acec4a0458d70c19d3da9,Mack Hollins,recv_yds,bovada,9.5,-120.0,-110.0,51.0,2026_01_NE_SEA,2026-09-09T22:34:55Z,graded,0.5101214574898786,0.010121457489878583,0.06926406926406914,0.8333333333333334,0.9090909090909091
95c01d1bb797d6df14824b106c5a9130,Rico Dowdle,recv_yds,bovada,9.5,-120.0,-110.0,6.0,2026_01_ATL_PIT,2026-09-09T22:34:53Z,graded,0.5101214574898786,0.010121457489878583,0.06926406926406914,0.8333333333333334,0.9090909090909091
cb77efed7e711d25a72c1a2a0a1af119,MarShawn Lloyd,recv_yds,bovada,9.5,-120.0,-110.0,0.0,2026_01_GB_MIN,2026-09-09T22:34:56Z,graded,0.5101214574898786,0.010121457489878583,0.06926406926406914,0.8333333333333334,0.9090909090909091
acc580d74344ea3b31bbcdd057fe6a9c,Kyren Williams,rush_attempts,betmgm,12.5,-120.0,-110.0,11.0,2026_01_SF_LA,2026-09-09T22:35:34Z,graded,0.5101214574898786,0.010121457489878583,0.06926406926406914,0.8333333333333334,0.9090909090909091
ed6d24ff979f9c71979fead577b0b3f7,Bucky Irving,recv_yds,betmgm,12.5,-120.0,-110.0,48.0,2026_01_TB_CIN,2026-09-09T22:34:52Z,graded,0.5101214574898786,0.010121457489878583,0.06926406926406914,0.8333333333333334,0.9090909090909091
7e09efed7e12c659b82740b67ce2f9a1,Dawson Knox,recv_yds,betmgm,13.5,-120.0,-110.0,7.0,2026_01_BUF_HOU,2026-09-09T22:35:10Z,graded,0.5101214574898786,0.010121457489878583,0.06926406926406914,0.8333333333333334,0.9090909090909091
ed6d24ff979f9c71979fead577b0b3f7,Bucky Irving,recv_yds,bovada,13.5,-120.0,-110.0,48.0,2026_01_TB_CIN,2026-09-09T22:34:55Z,graded,0.5101214574898786,0.010121457489878583,0.06926406926406914,0.8333333333333334,0.9090909090909091
ed6d24ff979f9c71979fead577b0b3f7,Bucky Irving,rush_attempts,betmgm,13.5,-120.0,-110.0,8.0,2026_01_TB_CIN,2026-09-09T22:34:52Z,graded,0.5101214574898786,0.010121457489878583,0.06926406926406914,0.8333333333333334,0.9090909090909091
17885cb8dcade8f6c3bce14b2de805e8,Rachaad White,recv_yds,bovada,14.5,-120.0,-110.0,5.0,2026_01_WAS_PHI,2026-09-09T22:34:54Z,graded,0.5101214574898786,0.010121457489878583,0.06926406926406914,0.8333333333333334,0.9090909090909091
5ad8135dc2b5f27de0b777acd317855a,Patrick Mahomes,rush_yds,betmgm,14.5,-120.0,-110.0,23.0,2026_01_DEN_KC,2026-09-09T22:34:49Z,graded,0.5101214574898786,0.010121457489878583,0.06926406926406914,0.8333333333333334,0.9090909090909091
5ad8135dc2b5f27de0b777acd317855a,Patrick Mahomes,rush_yds,bovada,14.5,-120.0,-110.0,23.0,2026_01_DEN_KC,2026-09-09T22:34:54Z,graded,0.5101214574898786,0.010121457489878583,0.06926406926406914,0.8333333333333334,0.9090909090909091
cb77efed7e711d25a72c1a2a0a1af119,Aaron Jones,recv_yds,betmgm,14.5,-120.0,-110.0,0.0,2026_01_GB_MIN,2026-09-09T22:35:11Z,graded,0.5101214574898786,0.010121457489878583,0.06926406926406914,0.8333333333333334,0.9090909090909091
ed6d24ff979f9c71979fead577b0b3f7,Baker Mayfield,rush_yds,bovada,14.5,-120.0,-110.0,30.0,2026_01_TB_CIN,2026-09-09T22:34:55Z,graded,0.5101214574898786,0.010121457489878583,0.06926406926406914,0.8333333333333334,0.9090909090909091
3e646c7479c57f5d9752d8c7dfe7059b,Cam Skattebo,recv_yds,betmgm,15.5,-120.0,-110.0,0.0,2026_01_DAL_NYG,2026-09-09T22:34:51Z,graded,0.5101214574898786,0.010121457489878583,0.06926406926406914,0.8333333333333334,0.9090909090909091
e55c6fe19fce094ce214c8b0e5b504e9,Quinshon Judkins,rush_attempts,betmgm,15.5,-120.0,-110.0,12.0,2026_01_CLE_JAX,2026-09-09T22:35:12Z,graded,0.5101214574898786,0.010121457489878583,0.06926406926406914,0.8333333333333334,0.9090909090909091
17885cb8dcade8f6c3bce14b2de805e8,Saquon Barkley,recv_yds,bovada,16.5,-120.0,-110.0,-3.0,2026_01_WAS_PHI,2026-09-09T22:34:54Z,graded,0.5101214574898786,0.010121457489878583,0.06926406926406914,0.8333333333333334,0.9090909090909091
1edfa5ceaa1ad2cb57df1c1b908731f6,Charlie Kolar,recv_yds,bovada,16.5,-120.0,-110.0,,2026_01_ARI_LAC,2026-09-09T22:34:07Z,no offensive usage evidence,0.5101214574898786,0.010121457489878583,0.06926406926406914,0.8333333333333334,0.9090909090909091
5ad8135dc2b5f27de0b777acd317855a,Kenneth Walker,recv_yds,bovada,16.5,-120.0,-110.0,18.0,2026_01_DEN_KC,2026-09-09T22:34:54Z,graded,0.5101214574898786,0.010121457489878583,0.06926406926406914,0.8333333333333334,0.9090909090909091
5ad8135dc2b5f27de0b777acd317855a,RJ Harvey,rush_yds,betmgm,16.5,-120.0,-110.0,18.0,2026_01_DEN_KC,2026-09-09T22:34:49Z,graded,0.5101214574898786,0.010121457489878583,0.06926406926406914,0.8333333333333334,0.9090909090909091
95c01d1bb797d6df14824b106c5a9130,Jaylen Warren,recv_yds,bovada,16.5,-120.0,-110.0,27.0,2026_01_ATL_PIT,2026-09-09T22:34:53Z,graded,0.5101214574898786,0.010121457489878583,0.06926406926406914,0.8333333333333334,0.9090909090909091
b6cfdcbafa61ce220ba87dc2d9b80c77,Jonathan Taylor,recv_yds,bovada,16.5,-120.0,-110.0,23.0,2026_01_BAL_IND,2026-09-09T22:35:16Z,graded,0.5101214574898786,0.010121457489878583,0.06926406926406914,0.8333333333333334,0.9090909090909091
c1d3fcec25aaeb06ebd2244d33d338e0,Travis Etienne,recv_yds,bovada,16.5,-120.0,-110.0,32.0,2026_01_NO_DET,2026-09-09T22:34:55Z,graded,0.5101214574898786,0.010121457489878583,0.06926406926406914,0.8333333333333334,0.9090909090909091
c1d3fcec25aaeb06ebd2244d33d338e0,Tyler Shough,rush_yds,betmgm,16.5,-120.0,-110.0,8.0,2026_01_NO_DET,2026-09-09T22:34:50Z,graded,0.5101214574898786,0.010121457489878583,0.06926406926406914,0.8333333333333334,0.9090909090909091
e55c6fe19fce094ce214c8b0e5b504e9,Trevor Lawrence,rush_yds,betmgm,16.5,-120.0,-110.0,3.0,2026_01_CLE_JAX,2026-09-09T22:35:12Z,graded,0.5101214574898786,0.010121457489878583,0.06926406926406914,0.8333333333333334,0.9090909090909091
fc362aff0d889ec52d358307a70c32ed,Kalif Raymond,recv_yds,bovada,16.5,-120.0,-110.0,84.0,2026_01_CHI_CAR,2026-09-09T22:34:07Z,graded,0.5101214574898786,0.010121457489878583,0.06926406926406914,0.8333333333333334,0.9090909090909091
b6cfdcbafa61ce220ba87dc2d9b80c77,Jonathan Taylor,recv_yds,betmgm,17.5,-120.0,-110.0,23.0,2026_01_BAL_IND,2026-09-09T22:34:24Z,graded,0.5101214574898786,0.010121457489878583,0.06926406926406914,0.8333333333333334,0.9090909090909091
c5d95f48a16849ab6bebc68fbbfcb74a,Jack Bech,recv_yds,betmgm,17.5,-120.0,-110.0,23.0,2026_01_MIA_LV,2026-09-09T22:34:49Z,graded,0.5101214574898786,0.010121457489878583,0.06926406926406914,0.8333333333333334,0.9090909090909091
c5d95f48a16849ab6bebc68fbbfcb74a,Malik Willis,pass_completions,bovada,17.5,-120.0,-110.0,15.0,2026_01_MIA_LV,2026-09-09T22:35:16Z,graded,0.5101214574898786,0.010121457489878583,0.06926406926406914,0.8333333333333334,0.9090909090909091
e55c6fe19fce094ce214c8b0e5b504e9,Trevor Lawrence,rush_yds,bovada,17.5,-120.0,-110.0,3.0,2026_01_CLE_JAX,2026-09-09T22:34:58Z,graded,0.5101214574898786,0.010121457489878583,0.06926406926406914,0.8333333333333334,0.9090909090909091
3e646c7479c57f5d9752d8c7dfe7059b,Jaxson Dart,pass_completions,bovada,18.5,-120.0,-110.0,23.0,2026_01_DAL_NYG,2026-09-09T22:34:54Z,graded,0.5101214574898786,0.010121457489878583,0.06926406926406914,0.8333333333333334,0.9090909090909091
5ad8135dc2b5f27de0b777acd317855a,Kenneth Walker,recv_yds,betmgm,18.5,-120.0,-110.0,18.0,2026_01_DEN_KC,2026-09-09T22:34:49Z,graded,0.5101214574898786,0.010121457489878583,0.06926406926406914,0.8333333333333334,0.9090909090909091
7dddb296a42e7a41a774b24bd1709ce1,Braelon Allen,rush_yds,bovada,18.5,-120.0,-110.0,40.0,2026_01_NYJ_TEN,2026-09-09T22:34:30Z,graded,0.5101214574898786,0.010121457489878583,0.06926406926406914,0.8333333333333334,0.9090909090909091
b6cfdcbafa61ce220ba87dc2d9b80c77,Jonathan Taylor,rush_attempts,betmgm,18.5,-120.0,-110.0,19.0,2026_01_BAL_IND,2026-09-09T22:34:24Z,graded,0.5101214574898786,0.010121457489878583,0.06926406926406914,0.8333333333333334,0.9090909090909091
b6cfdcbafa61ce220ba87dc2d9b80c77,Jonathan Taylor,rush_attempts,fanatics,18.5,-120.0,-110.0,19.0,2026_01_BAL_IND,2026-09-09T22:35:02Z,graded,0.5101214574898786,0.010121457489878583,0.06926406926406914,0.8333333333333334,0.9090909090909091
fc362aff0d889ec52d358307a70c32ed,Xavier Legette,recv_yds,betmgm,18.5,-120.0,-110.0,0.0,2026_01_CHI_CAR,2026-09-09T22:34:49Z,graded,0.5101214574898786,0.010121457489878583,0.06926406926406914,0.8333333333333334,0.9090909090909091
7dddb296a42e7a41a774b24bd1709ce1,Mason Taylor,recv_yds,bovada,19.5,-120.0,-110.0,-2.0,2026_01_NYJ_TEN,2026-09-09T22:34:30Z,graded,0.5101214574898786,0.010121457489878583,0.06926406926406914,0.8333333333333334,0.9090909090909091
95c01d1bb797d6df14824b106c5a9130,Tua Tagovailoa,pass_completions,betmgm,19.5,-120.0,-110.0,,2026_01_ATL_PIT,2026-09-09T22:34:49Z,no matching game/player result,0.5101214574898786,0.010121457489878583,0.06926406926406914,0.8333333333333334,0.9090909090909091
e55c6fe19fce094ce214c8b0e5b504e9,Deshaun Watson,rush_yds,bovada,19.5,-120.0,-110.0,38.0,2026_01_CLE_JAX,2026-09-09T22:34:58Z,graded,0.5101214574898786,0.010121457489878583,0.06926406926406914,0.8333333333333334,0.9090909090909091
8c94552d022acec4a0458d70c19d3da9,Drake Maye,pass_completions,betmgm,20.5,-120.0,-110.0,23.0,2026_01_NE_SEA,2026-09-09T22:35:11Z,graded,0.5101214574898786,0.010121457489878583,0.06926406926406914,0.8333333333333334,0.9090909090909091
8c94552d022acec4a0458d70c19d3da9,George Holani,rush_yds,betmgm,20.5,-120.0,-110.0,29.0,2026_01_NE_SEA,2026-09-09T22:35:11Z,graded,0.5101214574898786,0.010121457489878583,0.06926406926406914,0.8333333333333334,0.9090909090909091
e55c6fe19fce094ce214c8b0e5b504e9,Trevor Lawrence,pass_completions,bovada,20.5,-120.0,-110.0,18.0,2026_01_CLE_JAX,2026-09-09T22:34:58Z,graded,0.5101214574898786,0.010121457489878583,0.06926406926406914,0.8333333333333334,0.9090909090909091
5ad8135dc2b5f27de0b777acd317855a,Bo Nix,pass_completions,betmgm,21.5,-120.0,-110.0,17.0,2026_01_DEN_KC,2026-09-09T22:34:49Z,graded,0.5101214574898786,0.010121457489878583,0.06926406926406914,0.8333333333333334,0.9090909090909091
7dddb296a42e7a41a774b24bd1709ce1,Tyjae Spears,rush_yds,betmgm,21.5,-120.0,-110.0,12.0,2026_01_NYJ_TEN,2026-09-09T22:34:03Z,graded,0.5101214574898786,0.010121457489878583,0.06926406926406914,0.8333333333333334,0.9090909090909091
7dddb296a42e7a41a774b24bd1709ce1,Tyjae Spears,rush_yds,bovada,21.5,-120.0,-110.0,12.0,2026_01_NYJ_TEN,2026-09-09T22:34:30Z,graded,0.5101214574898786,0.010121457489878583,0.06926406926406914,0.8333333333333334,0.9090909090909091
b6cfdcbafa61ce220ba87dc2d9b80c77,Daniel Jones,pass_completions,bovada,21.5,-120.0,-110.0,19.0,2026_01_BAL_IND,2026-09-09T22:35:16Z,graded,0.5101214574898786,0.010121457489878583,0.06926406926406914,0.8333333333333334,0.9090909090909091
b6cfdcbafa61ce220ba87dc2d9b80c77,Daniel Jones,pass_completions,fanatics,21.5,-120.0,-110.0,19.0,2026_01_BAL_IND,2026-09-09T22:35:02Z,graded,0.5101214574898786,0.010121457489878583,0.06926406926406914,0.8333333333333334,0.9090909090909091
c1d3fcec25aaeb06ebd2244d33d338e0,Tyler Shough,pass_completions,betmgm,21.5,-120.0,-110.0,35.0,2026_01_NO_DET,2026-09-09T22:34:50Z,graded,0.5101214574898786,0.010121457489878583,0.06926406926406914,0.8333333333333334,0.9090909090909091
c1d3fcec25aaeb06ebd2244d33d338e0,Tyler Shough,pass_completions,bovada,21.5,-120.0,-110.0,35.0,2026_01_NO_DET,2026-09-09T22:34:55Z,graded,0.5101214574898786,0.010121457489878583,0.06926406926406914,0.8333333333333334,0.9090909090909091
cb77efed7e711d25a72c1a2a0a1af119,Kyler Murray,pass_completions,bovada,21.5,-120.0,-110.0,3.0,2026_01_GB_MIN,2026-09-09T22:34:56Z,graded,0.5101214574898786,0.010121457489878583,0.06926406926406914,0.8333333333333334,0.9090909090909091
ed6d24ff979f9c71979fead577b0b3f7,Chase Brown,recv_yds,bovada,22.5,-120.0,-110.0,22.0,2026_01_TB_CIN,2026-09-09T22:34:55Z,graded,0.5101214574898786,0.010121457489878583,0.06926406926406914,0.8333333333333334,0.9090909090909091
ed6d24ff979f9c71979fead577b0b3f7,Kenny Gainwell,rush_yds,bovada,22.5,-120.0,-110.0,15.0,2026_01_TB_CIN,2026-09-09T22:34:55Z,graded,0.5101214574898786,0.010121457489878583,0.06926406926406914,0.8333333333333334,0.9090909090909091
7e09efed7e12c659b82740b67ce2f9a1,Kayshon Boutte,recv_yds,bovada,23.5,-120.0,-110.0,21.0,2026_01_BUF_HOU,2026-09-09T22:35:38Z,graded,0.5101214574898786,0.010121457489878583,0.06926406926406914,0.8333333333333334,0.9090909090909091
5ad8135dc2b5f27de0b777acd317855a,Pat Bryant,recv_yds,betmgm,24.5,-120.0,-110.0,42.0,2026_01_DEN_KC,2026-09-09T22:34:49Z,graded,0.5101214574898786,0.010121457489878583,0.06926406926406914,0.8333333333333334,0.9090909090909091
8c94552d022acec4a0458d70c19d3da9,AJ Barner,recv_yds,betmgm,24.5,-120.0,-110.0,13.0,2026_01_NE_SEA,2026-09-09T22:35:11Z,graded,0.5101214574898786,0.010121457489878583,0.06926406926406914,0.8333333333333334,0.9090909090909091
b6cfdcbafa61ce220ba87dc2d9b80c77,Lamar Jackson,pass_attempts,bovada,26.5,-120.0,-110.0,25.0,2026_01_BAL_IND,2026-09-09T22:35:16Z,graded,0.5101214574898786,0.010121457489878583,0.06926406926406914,0.8333333333333334,0.9090909090909091
c5d95f48a16849ab6bebc68fbbfcb74a,Malik Willis,pass_attempts,bovada,27.5,-120.0,-110.0,27.0,2026_01_MIA_LV,2026-09-09T22:35:16Z,graded,0.5101214574898786,0.010121457489878583,0.06926406926406914,0.8333333333333334,0.9090909090909091
ed6d24ff979f9c71979fead577b0b3f7,Cade Otton,recv_yds,bovada,27.5,-120.0,-110.0,26.0,2026_01_TB_CIN,2026-09-09T22:34:55Z,graded,0.5101214574898786,0.010121457489878583,0.06926406926406914,0.8333333333333334,0.9090909090909091
1edfa5ceaa1ad2cb57df1c1b908731f6,Justin Herbert,pass_attempts,fanatics,29.5,-120.0,-110.0,27.0,2026_01_ARI_LAC,2026-09-09T22:35:00Z,graded,0.5101214574898786,0.010121457489878583,0.06926406926406914,0.8333333333333334,0.9090909090909091
7dddb296a42e7a41a774b24bd1709ce1,Cam Ward,pass_attempts,betmgm,30.5,-120.0,-110.0,32.0,2026_01_NYJ_TEN,2026-09-09T22:34:03Z,graded,0.5101214574898786,0.010121457489878583,0.06926406926406914,0.8333333333333334,0.9090909090909091
7dddb296a42e7a41a774b24bd1709ce1,Geno Smith,pass_attempts,bovada,30.5,-120.0,-110.0,24.0,2026_01_NYJ_TEN,2026-09-09T22:34:30Z,graded,0.5101214574898786,0.010121457489878583,0.06926406926406914,0.8333333333333334,0.9090909090909091
8c94552d022acec4a0458d70c19d3da9,Sam Darnold,pass_attempts,betmgm,30.5,-120.0,-110.0,2.0,2026_01_NE_SEA,2026-09-09T22:35:11Z,graded,0.5101214574898786,0.010121457489878583,0.06926406926406914,0.8333333333333334,0.9090909090909091
8c94552d022acec4a0458d70c19d3da9,Sam Darnold,pass_attempts,fanatics,30.5,-120.0,-110.0,2.0,2026_01_NE_SEA,2026-09-09T22:34:41Z,graded,0.5101214574898786,0.010121457489878583,0.06926406926406914,0.8333333333333334,0.9090909090909091
7dddb296a42e7a41a774b24bd1709ce1,Adonai Mitchell,recv_yds,bovada,31.5,-120.0,-110.0,60.0,2026_01_NYJ_TEN,2026-09-09T22:34:30Z,graded,0.5101214574898786,0.010121457489878583,0.06926406926406914,0.8333333333333334,0.9090909090909091
7e09efed7e12c659b82740b67ce2f9a1,C.J. Stroud,pass_attempts,bovada,31.5,-120.0,-110.0,38.0,2026_01_BUF_HOU,2026-09-09T22:35:38Z,graded,0.5101214574898786,0.010121457489878583,0.06926406926406914,0.8333333333333334,0.9090909090909091
e55c6fe19fce094ce214c8b0e5b504e9,Trevor Lawrence,pass_attempts,betmgm,31.5,-120.0,-110.0,23.0,2026_01_CLE_JAX,2026-09-09T22:35:12Z,graded,0.5101214574898786,0.010121457489878583,0.06926406926406914,0.8333333333333334,0.9090909090909091
ed6d24ff979f9c71979fead577b0b3f7,Baker Mayfield,pass_attempts,bovada,31.5,-120.0,-110.0,28.0,2026_01_TB_CIN,2026-09-09T22:34:55Z,graded,0.5101214574898786,0.010121457489878583,0.06926406926406914,0.8333333333333334,0.9090909090909091
5ad8135dc2b5f27de0b777acd317855a,Patrick Mahomes,pass_attempts,bovada,32.5,-120.0,-110.0,27.0,2026_01_DEN_KC,2026-09-09T22:34:54Z,graded,0.5101214574898786,0.010121457489878583,0.06926406926406914,0.8333333333333334,0.9090909090909091
7e09efed7e12c659b82740b67ce2f9a1,Josh Allen,rush_yds,bovada,32.5,-120.0,-110.0,23.0,2026_01_BUF_HOU,2026-09-09T22:35:38Z,graded,0.5101214574898786,0.010121457489878583,0.06926406926406914,0.8333333333333334,0.9090909090909091
cb77efed7e711d25a72c1a2a0a1af119,Jordan Love,pass_attempts,betmgm,32.5,-120.0,-110.0,42.0,2026_01_GB_MIN,2026-09-09T22:35:11Z,graded,0.5101214574898786,0.010121457489878583,0.06926406926406914,0.8333333333333334,0.9090909090909091
acc580d74344ea3b31bbcdd057fe6a9c,Brock Purdy,pass_attempts,betmgm,33.5,-120.0,-110.0,34.0,2026_01_SF_LA,2026-09-09T22:35:34Z,graded,0.5101214574898786,0.010121457489878583,0.06926406926406914,0.8333333333333334,0.9090909090909091
e55c6fe19fce094ce214c8b0e5b504e9,KC Concepcion,recv_yds,bovada,33.5,-120.0,-110.0,43.0,2026_01_CLE_JAX,2026-09-09T22:34:58Z,graded,0.5101214574898786,0.010121457489878583,0.06926406926406914,0.8333333333333334,0.9090909090909091
1edfa5ceaa1ad2cb57df1c1b908731f6,Jacoby Brissett,pass_attempts,bovada,34.5,-120.0,-110.0,37.0,2026_01_ARI_LAC,2026-09-09T22:34:07Z,graded,0.5101214574898786,0.010121457489878583,0.06926406926406914,0.8333333333333334,0.9090909090909091
ed6d24ff979f9c71979fead577b0b3f7,Joe Burrow,pass_attempts,bovada,34.5,-120.0,-110.0,35.0,2026_01_TB_CIN,2026-09-09T22:34:55Z,graded,0.5101214574898786,0.010121457489878583,0.06926406926406914,0.8333333333333334,0.9090909090909091
c5d95f48a16849ab6bebc68fbbfcb74a,Malik Willis,rush_yds,bovada,38.5,-120.0,-110.0,39.0,2026_01_MIA_LV,2026-09-09T22:35:16Z,graded,0.5101214574898786,0.010121457489878583,0.06926406926406914,0.8333333333333334,0.9090909090909091
c5d95f48a16849ab6bebc68fbbfcb74a,Michael Mayer,recv_yds,bovada,39.5,-120.0,-110.0,32.0,2026_01_MIA_LV,2026-09-09T22:35:16Z,graded,0.5101214574898786,0.010121457489878583,0.06926406926406914,0.8333333333333334,0.9090909090909091
1edfa5ceaa1ad2cb57df1c1b908731f6,Michael Wilson,recv_yds,fanatics,40.5,-120.0,-110.0,56.0,2026_01_ARI_LAC,2026-09-09T22:35:00Z,graded,0.5101214574898786,0.010121457489878583,0.06926406926406914,0.8333333333333334,0.9090909090909091
c1d3fcec25aaeb06ebd2244d33d338e0,Sam LaPorta,recv_yds,bovada,40.5,-120.0,-110.0,48.0,2026_01_NO_DET,2026-09-09T22:34:55Z,graded,0.5101214574898786,0.010121457489878583,0.06926406926406914,0.8333333333333334,0.9090909090909091
cb77efed7e711d25a72c1a2a0a1af119,MarShawn Lloyd,rush_yds,bovada,42.5,-120.0,-110.0,37.0,2026_01_GB_MIN,2026-09-09T22:34:56Z,graded,0.5101214574898786,0.010121457489878583,0.06926406926406914,0.8333333333333334,0.9090909090909091
7e09efed7e12c659b82740b67ce2f9a1,DJ Moore,recv_yds,fanatics,45.5,-120.0,-110.0,100.0,2026_01_BUF_HOU,2026-09-09T22:34:44Z,graded,0.5101214574898786,0.010121457489878583,0.06926406926406914,0.8333333333333334,0.9090909090909091
c1d3fcec25aaeb06ebd2244d33d338e0,Travis Etienne,rush_yds,bovada,56.5,-120.0,-110.0,46.0,2026_01_NO_DET,2026-09-09T22:34:55Z,graded,0.5101214574898786,0.010121457489878583,0.06926406926406914,0.8333333333333334,0.9090909090909091
3e646c7479c57f5d9752d8c7dfe7059b,CeeDee Lamb,recv_yds,fanatics,75.5,-120.0,-110.0,44.0,2026_01_DAL_NYG,2026-09-09T22:35:24Z,graded,0.5101214574898786,0.010121457489878583,0.06926406926406914,0.8333333333333334,0.9090909090909091
b6cfdcbafa61ce220ba87dc2d9b80c77,Jonathan Taylor,rush_yds,fanatics,75.5,-120.0,-110.0,98.0,2026_01_BAL_IND,2026-09-09T22:35:02Z,graded,0.5101214574898786,0.010121457489878583,0.06926406926406914,0.8333333333333334,0.9090909090909091
7dddb296a42e7a41a774b24bd1709ce1,Geno Smith,pass_yds,betmgm,211.5,-120.0,-110.0,215.0,2026_01_NYJ_TEN,2026-09-09T22:34:03Z,graded,0.5101214574898786,0.010121457489878583,0.06926406926406914,0.8333333333333334,0.9090909090909091
7e09efed7e12c659b82740b67ce2f9a1,Josh Allen,pass_yds,fanatics,215.5,-120.0,-110.0,334.0,2026_01_BUF_HOU,2026-09-09T22:34:44Z,graded,0.5101214574898786,0.010121457489878583,0.06926406926406914,0.8333333333333334,0.9090909090909091
7e09efed7e12c659b82740b67ce2f9a1,C.J. Stroud,interceptions,betonlineag,0.5,-119.0,-109.0,0.0,2026_01_BUF_HOU,2026-09-09T22:34:56Z,graded,0.5102580936358787,0.010258093635878707,0.06491009591225883,0.8403361344537815,0.9174311926605505
c1d3fcec25aaeb06ebd2244d33d338e0,Tyler Shough,interceptions,betonlineag,0.5,-119.0,-109.0,2.0,2026_01_NO_DET,2026-09-09T22:35:16Z,graded,0.5102580936358787,0.010258093635878707,0.06491009591225883,0.8403361344537815,0.9174311926605505
acc580d74344ea3b31bbcdd057fe6a9c,Tyler Higbee,receptions,betonlineag,1.5,-119.0,-109.0,2.0,2026_01_SF_LA,2026-09-09T22:35:41Z,graded,0.5102580936358787,0.010258093635878707,0.06491009591225883,0.8403361344537815,0.9174311926605505
c5d95f48a16849ab6bebc68fbbfcb74a,Greg Dulcich,receptions,betonlineag,2.5,-119.0,-109.0,2.0,2026_01_MIA_LV,2026-09-09T22:35:35Z,graded,0.5102580936358787,0.010258093635878707,0.06491009591225883,0.8403361344537815,0.9174311926605505
7e09efed7e12c659b82740b67ce2f9a1,DJ Moore,receptions,betonlineag,3.5,-119.0,-109.0,5.0,2026_01_BUF_HOU,2026-09-09T22:34:56Z,graded,0.5102580936358787,0.010258093635878707,0.06491009591225883,0.8403361344537815,0.9174311926605505
7dddb296a42e7a41a774b24bd1709ce1,Garrett Wilson,receptions,betonlineag,5.5,-119.0,-109.0,6.0,2026_01_NYJ_TEN,2026-09-09T22:34:56Z,graded,0.5102580936358787,0.010258093635878707,0.06491009591225883,0.8403361344537815,0.9174311926605505
ed6d24ff979f9c71979fead577b0b3f7,Samaje Perine,recv_yds,betonlineag,6.5,-119.0,-109.0,30.0,2026_01_TB_CIN,2026-09-09T22:34:50Z,graded,0.5102580936358787,0.010258093635878707,0.06491009591225883,0.8403361344537815,0.9174311926605505
5ad8135dc2b5f27de0b777acd317855a,Adam Trautman,recv_yds,betonlineag,7.5,-119.0,-109.0,10.0,2026_01_DEN_KC,2026-09-09T22:34:52Z,graded,0.5102580936358787,0.010258093635878707,0.06491009591225883,0.8403361344537815,0.9174311926605505
7e09efed7e12c659b82740b67ce2f9a1,David Montgomery,recv_yds,betonlineag,8.5,-119.0,-109.0,19.0,2026_01_BUF_HOU,2026-09-09T22:34:56Z,graded,0.5102580936358787,0.010258093635878707,0.06491009591225883,0.8403361344537815,0.9174311926605505
cb77efed7e711d25a72c1a2a0a1af119,MarShawn Lloyd,recv_yds,betonlineag,9.5,-119.0,-109.0,0.0,2026_01_GB_MIN,2026-09-09T22:35:17Z,graded,0.5102580936358787,0.010258093635878707,0.06491009591225883,0.8403361344537815,0.9174311926605505
7e09efed7e12c659b82740b67ce2f9a1,James Cook,recv_yds,betonlineag,14.5,-119.0,-109.0,12.0,2026_01_BUF_HOU,2026-09-09T22:34:56Z,graded,0.5102580936358787,0.010258093635878707,0.06491009591225883,0.8403361344537815,0.9174311926605505
ed6d24ff979f9c71979fead577b0b3f7,Bucky Irving,rush_attempts,betonlineag,14.5,-119.0,-109.0,8.0,2026_01_TB_CIN,2026-09-09T22:34:50Z,graded,0.5102580936358787,0.010258093635878707,0.06491009591225883,0.8403361344537815,0.9174311926605505
c5d95f48a16849ab6bebc68fbbfcb74a,Malik Willis,pass_completions,betonlineag,17.5,-119.0,-109.0,15.0,2026_01_MIA_LV,2026-09-09T22:35:35Z,graded,0.5102580936358787,0.010258093635878707,0.06491009591225883,0.8403361344537815,0.9174311926605505
3e646c7479c57f5d9752d8c7dfe7059b,Jaxson Dart,pass_completions,betonlineag,18.5,-119.0,-109.0,23.0,2026_01_DAL_NYG,2026-09-09T22:35:13Z,graded,0.5102580936358787,0.010258093635878707,0.06491009591225883,0.8403361344537815,0.9174311926605505
7dddb296a42e7a41a774b24bd1709ce1,Breece Hall,recv_yds,betonlineag,18.5,-119.0,-109.0,16.0,2026_01_NYJ_TEN,2026-09-09T22:34:56Z,graded,0.5102580936358787,0.010258093635878707,0.06491009591225883,0.8403361344537815,0.9174311926605505
1edfa5ceaa1ad2cb57df1c1b908731f6,Justin Herbert,rush_yds,betonlineag,20.5,-119.0,-109.0,29.0,2026_01_ARI_LAC,2026-09-09T22:35:12Z,graded,0.5102580936358787,0.010258093635878707,0.06491009591225883,0.8403361344537815,0.9174311926605505
e55c6fe19fce094ce214c8b0e5b504e9,Trevor Lawrence,pass_completions,betonlineag,20.5,-119.0,-109.0,18.0,2026_01_CLE_JAX,2026-09-09T22:34:34Z,graded,0.5102580936358787,0.010258093635878707,0.06491009591225883,0.8403361344537815,0.9174311926605505
7e09efed7e12c659b82740b67ce2f9a1,Kayshon Boutte,recv_yds,betonlineag,23.5,-119.0,-109.0,21.0,2026_01_BUF_HOU,2026-09-09T22:34:56Z,graded,0.5102580936358787,0.010258093635878707,0.06491009591225883,0.8403361344537815,0.9174311926605505
b6cfdcbafa61ce220ba87dc2d9b80c77,Lamar Jackson,pass_attempts,betonlineag,26.5,-119.0,-109.0,25.0,2026_01_BAL_IND,2026-09-09T22:35:14Z,graded,0.5102580936358787,0.010258093635878707,0.06491009591225883,0.8403361344537815,0.9174311926605505
7dddb296a42e7a41a774b24bd1709ce1,Geno Smith,pass_attempts,betonlineag,30.5,-119.0,-109.0,24.0,2026_01_NYJ_TEN,2026-09-09T22:34:56Z,graded,0.5102580936358787,0.010258093635878707,0.06491009591225883,0.8403361344537815,0.9174311926605505
7dddb296a42e7a41a774b24bd1709ce1,Adonai Mitchell,recv_yds,betonlineag,31.5,-119.0,-109.0,60.0,2026_01_NYJ_TEN,2026-09-09T22:34:56Z,graded,0.5102580936358787,0.010258093635878707,0.06491009591225883,0.8403361344537815,0.9174311926605505
7e09efed7e12c659b82740b67ce2f9a1,C.J. Stroud,pass_attempts,betonlineag,31.5,-119.0,-109.0,38.0,2026_01_BUF_HOU,2026-09-09T22:34:56Z,graded,0.5102580936358787,0.010258093635878707,0.06491009591225883,0.8403361344537815,0.9174311926605505
5ad8135dc2b5f27de0b777acd317855a,Patrick Mahomes,pass_attempts,betonlineag,32.5,-119.0,-109.0,27.0,2026_01_DEN_KC,2026-09-09T22:34:52Z,graded,0.5102580936358787,0.010258093635878707,0.06491009591225883,0.8403361344537815,0.9174311926605505
fc362aff0d889ec52d358307a70c32ed,Colston Loveland,recv_yds,betonlineag,52.5,-119.0,-109.0,0.0,2026_01_CHI_CAR,2026-09-09T22:34:54Z,graded,0.5102580936358787,0.010258093635878707,0.06491009591225883,0.8403361344537815,0.9174311926605505
95c01d1bb797d6df14824b106c5a9130,Tua Tagovailoa,pass_yds,betonlineag,206.5,-119.0,-109.0,,2026_01_ATL_PIT,2026-09-09T22:35:15Z,no matching game/player result,0.5102580936358787,0.010258093635878707,0.06491009591225883,0.8403361344537815,0.9174311926605505
cb77efed7e711d25a72c1a2a0a1af119,Jordan Love,interceptions,betonlineag,0.5,-109.0,-119.0,1.0,2026_01_GB_MIN,2026-09-09T22:35:17Z,graded,0.48974190636412124,0.010258093635878762,0.06491009591225883,0.9174311926605505,0.8403361344537815
fc362aff0d889ec52d358307a70c32ed,Caleb Williams,pass_tds,betonlineag,1.5,-109.0,-119.0,2.0,2026_01_CHI_CAR,2026-09-09T22:34:54Z,graded,0.48974190636412124,0.010258093635878762,0.06491009591225883,0.9174311926605505,0.8403361344537815
7dddb296a42e7a41a774b24bd1709ce1,Breece Hall,receptions,betonlineag,2.5,-109.0,-119.0,2.0,2026_01_NYJ_TEN,2026-09-09T22:34:56Z,graded,0.48974190636412124,0.010258093635878762,0.06491009591225883,0.9174311926605505,0.8403361344537815
3e646c7479c57f5d9752d8c7dfe7059b,Jake Ferguson,receptions,betonlineag,3.5,-109.0,-119.0,2.0,2026_01_DAL_NYG,2026-09-09T22:35:13Z,graded,0.48974190636412124,0.010258093635878762,0.06491009591225883,0.9174311926605505,0.8403361344537815
acc580d74344ea3b31bbcdd057fe6a9c,Kyle Juszczyk,recv_yds,betonlineag,5.5,-109.0,-119.0,,2026_01_SF_LA,2026-09-09T22:35:41Z,no matching game/player result,0.48974190636412124,0.010258093635878762,0.06491009591225883,0.9174311926605505,0.8403361344537815
17885cb8dcade8f6c3bce14b2de805e8,Rachaad White,rush_attempts,betonlineag,6.5,-109.0,-119.0,7.0,2026_01_WAS_PHI,2026-09-09T22:34:52Z,graded,0.48974190636412124,0.010258093635878762,0.06491009591225883,0.9174311926605505,0.8403361344537815
e55c6fe19fce094ce214c8b0e5b504e9,Chris Rodriguez,rush_attempts,betonlineag,8.5,-109.0,-119.0,6.0,2026_01_CLE_JAX,2026-09-09T22:34:34Z,graded,0.48974190636412124,0.010258093635878762,0.06491009591225883,0.9174311926605505,0.8403361344537815
cb77efed7e711d25a72c1a2a0a1af119,Jordan Love,pass_attempts,betonlineag,32.5,-109.0,-119.0,42.0,2026_01_GB_MIN,2026-09-09T22:35:17Z,graded,0.48974190636412124,0.010258093635878762,0.06491009591225883,0.9174311926605505,0.8403361344537815
acc580d74344ea3b31bbcdd057fe6a9c,Matthew Stafford,pass_attempts,betonlineag,34.5,-109.0,-119.0,25.0,2026_01_SF_LA,2026-09-09T22:35:41Z,graded,0.48974190636412124,0.010258093635878762,0.06491009591225883,0.9174311926605505,0.8403361344537815
5ad8135dc2b5f27de0b777acd317855a,Rashee Rice,recv_yds,betonlineag,59.5,-109.0,-119.0,19.0,2026_01_DEN_KC,2026-09-09T22:34:52Z,graded,0.48974190636412124,0.010258093635878762,0.06491009591225883,0.9174311926605505,0.8403361344537815
c1d3fcec25aaeb06ebd2244d33d338e0,Tyler Shough,interceptions,draftkings,0.5,-118.0,-108.0,2.0,2026_01_NO_DET,2026-09-09T22:34:52Z,graded,0.510397604391948,0.010397604391948034,0.06051517290049402,0.847457627118644,0.9259259259259259
e55c6fe19fce094ce214c8b0e5b504e9,Trevor Lawrence,pass_tds,draftkings,1.5,-118.0,-108.0,4.0,2026_01_CLE_JAX,2026-09-09T22:35:14Z,graded,0.510397604391948,0.010397604391948034,0.06051517290049402,0.847457627118644,0.9259259259259259
c5d95f48a16849ab6bebc68fbbfcb74a,Greg Dulcich,receptions,draftkings,2.5,-118.0,-108.0,2.0,2026_01_MIA_LV,2026-09-09T22:35:37Z,graded,0.510397604391948,0.010397604391948034,0.06051517290049402,0.847457627118644,0.9259259259259259
7e09efed7e12c659b82740b67ce2f9a1,DJ Moore,receptions,draftkings,3.5,-118.0,-108.0,5.0,2026_01_BUF_HOU,2026-09-09T22:35:20Z,graded,0.510397604391948,0.010397604391948034,0.06051517290049402,0.847457627118644,0.9259259259259259
acc580d74344ea3b31bbcdd057fe6a9c,George Kittle,receptions,draftkings,3.5,-118.0,-108.0,2.0,2026_01_SF_LA,2026-09-09T22:34:50Z,graded,0.510397604391948,0.010397604391948034,0.06051517290049402,0.847457627118644,0.9259259259259259
3e646c7479c57f5d9752d8c7dfe7059b,Jaxson Dart,rush_attempts,draftkings,6.5,-118.0,-108.0,11.0,2026_01_DAL_NYG,2026-09-09T22:35:13Z,graded,0.510397604391948,0.010397604391948034,0.06051517290049402,0.847457627118644,0.9259259259259259
c5d95f48a16849ab6bebc68fbbfcb74a,Malik Willis,pass_completions,draftkings,17.5,-118.0,-108.0,15.0,2026_01_MIA_LV,2026-09-09T22:35:37Z,graded,0.510397604391948,0.010397604391948034,0.06051517290049402,0.847457627118644,0.9259259259259259
b6cfdcbafa61ce220ba87dc2d9b80c77,Lamar Jackson,pass_attempts,draftkings,26.5,-118.0,-108.0,25.0,2026_01_BAL_IND,2026-09-09T22:34:04Z,graded,0.510397604391948,0.010397604391948034,0.06051517290049402,0.847457627118644,0.9259259259259259
5ad8135dc2b5f27de0b777acd317855a,RJ Harvey,receptions,draftkings,2.5,-108.0,-118.0,4.0,2026_01_DEN_KC,2026-09-09T22:35:38Z,graded,0.4896023956080519,0.01039760439194809,0.06051517290049402,0.9259259259259259,0.847457627118644
7dddb296a42e7a41a774b24bd1709ce1,Gunnar Helm,receptions,draftkings,2.5,-108.0,-118.0,4.0,2026_01_NYJ_TEN,2026-09-09T22:34:59Z,graded,0.4896023956080519,0.01039760439194809,0.06051517290049402,0.9259259259259259,0.847457627118644
acc580d74344ea3b31bbcdd057fe6a9c,Davante Adams,receptions,draftkings,4.5,-108.0,-118.0,3.0,2026_01_SF_LA,2026-09-09T22:34:50Z,graded,0.4896023956080519,0.01039760439194809,0.06051517290049402,0.9259259259259259,0.847457627118644
cb77efed7e711d25a72c1a2a0a1af119,Jordan Love,pass_attempts,draftkings,32.5,-108.0,-118.0,42.0,2026_01_GB_MIN,2026-09-09T22:35:37Z,graded,0.4896023956080519,0.01039760439194809,0.06051517290049402,0.9259259259259259,0.847457627118644
e55c6fe19fce094ce214c8b0e5b504e9,Trevor Lawrence,pass_attempts,draftkings,32.5,-108.0,-118.0,23.0,2026_01_CLE_JAX,2026-09-09T22:35:14Z,graded,0.4896023956080519,0.01039760439194809,0.06051517290049402,0.9259259259259259,0.847457627118644
3e646c7479c57f5d9752d8c7dfe7059b,Dak Prescott,pass_attempts,draftkings,33.5,-108.0,-118.0,34.0,2026_01_DAL_NYG,2026-09-09T22:35:13Z,graded,0.4896023956080519,0.01039760439194809,0.06051517290049402,0.9259259259259259,0.847457627118644
acc580d74344ea3b31bbcdd057fe6a9c,Matthew Stafford,pass_attempts,draftkings,34.5,-108.0,-118.0,25.0,2026_01_SF_LA,2026-09-09T22:34:50Z,graded,0.4896023956080519,0.01039760439194809,0.06051517290049402,0.9259259259259259,0.847457627118644
95c01d1bb797d6df14824b106c5a9130,Aaron Rodgers,rush_yds,draftkings,0.5,-107.0,-117.0,-3.0,2026_01_ATL_PIT,2026-09-09T22:33:37Z,graded,0.48945992664108945,0.010540073358910551,0.05607871947282872,0.9345794392523364,0.8547008547008547
b6cfdcbafa61ce220ba87dc2d9b80c77,Daniel Jones,rush_yds,draftkings,12.5,-107.0,-117.0,4.0,2026_01_BAL_IND,2026-09-09T22:34:04Z,graded,0.48945992664108945,0.010540073358910551,0.05607871947282872,0.9345794392523364,0.8547008547008547
cb77efed7e711d25a72c1a2a0a1af119,Aaron Jones,recv_yds,draftkings,14.5,-107.0,-117.0,0.0,2026_01_GB_MIN,2026-09-09T22:35:37Z,graded,0.48945992664108945,0.010540073358910551,0.05607871947282872,0.9345794392523364,0.8547008547008547
5ad8135dc2b5f27de0b777acd317855a,RJ Harvey,rush_yds,draftkings,18.5,-107.0,-117.0,18.0,2026_01_DEN_KC,2026-09-09T22:35:38Z,graded,0.48945992664108945,0.010540073358910551,0.05607871947282872,0.9345794392523364,0.8547008547008547
5ad8135dc2b5f27de0b777acd317855a,Adam Trautman,recv_yds,draftkings,7.5,-117.0,-107.0,10.0,2026_01_DEN_KC,2026-09-09T22:35:38Z,graded,0.5105400733589106,0.010540073358910607,0.05607871947282872,0.8547008547008547,0.9345794392523364
ed6d24ff979f9c71979fead577b0b3f7,Bucky Irving,recv_yds,draftkings,13.5,-117.0,-107.0,48.0,2026_01_TB_CIN,2026-09-09T22:35:35Z,graded,0.5105400733589106,0.010540073358910607,0.05607871947282872,0.8547008547008547,0.9345794392523364
c1d3fcec25aaeb06ebd2244d33d338e0,Travis Etienne,recv_yds,draftkings,16.5,-117.0,-107.0,32.0,2026_01_NO_DET,2026-09-09T22:34:52Z,graded,0.5105400733589106,0.010540073358910607,0.05607871947282872,0.8547008547008547,0.9345794392523364
e55c6fe19fce094ce214c8b0e5b504e9,Trevor Lawrence,rush_yds,draftkings,17.5,-117.0,-107.0,3.0,2026_01_CLE_JAX,2026-09-09T22:35:14Z,graded,0.5105400733589106,0.010540073358910607,0.05607871947282872,0.8547008547008547,0.9345794392523364
8c94552d022acec4a0458d70c19d3da9,Rashid Shaheed,rush_yds,betrivers,1.5,-121.0,-110.0,0.0,2026_01_NE_SEA,2026-09-09T22:35:15Z,graded,0.5110619469026548,0.011061946902654829,0.07132083602671857,0.8264462809917356,0.9090909090909091
acc580d74344ea3b31bbcdd057fe6a9c,Tyler Higbee,recv_yds,betrivers,12.5,-121.0,-110.0,12.0,2026_01_SF_LA,2026-09-09T22:35:11Z,graded,0.5110619469026548,0.011061946902654829,0.07132083602671857,0.8264462809917356,0.9090909090909091
fc362aff0d889ec52d358307a70c32ed,Bryce Young,rush_yds,betrivers,13.5,-121.0,-110.0,10.0,2026_01_CHI_CAR,2026-09-09T22:35:35Z,graded,0.5110619469026548,0.011061946902654829,0.07132083602671857,0.8264462809917356,0.9090909090909091
17885cb8dcade8f6c3bce14b2de805e8,Rachaad White,recv_yds,betrivers,14.5,-121.0,-110.0,5.0,2026_01_WAS_PHI,2026-09-09T22:35:12Z,graded,0.5110619469026548,0.011061946902654829,0.07132083602671857,0.8264462809917356,0.9090909090909091
acc580d74344ea3b31bbcdd057fe6a9c,Brock Purdy,rush_yds,betrivers,16.5,-121.0,-110.0,29.0,2026_01_SF_LA,2026-09-09T22:35:11Z,graded,0.5110619469026548,0.011061946902654829,0.07132083602671857,0.8264462809917356,0.9090909090909091
fc362aff0d889ec52d358307a70c32ed,Bryce Young,interceptions,betrivers,0.5,-110.0,-121.0,1.0,2026_01_CHI_CAR,2026-09-09T22:35:35Z,graded,0.48893805309734506,0.01106194690265494,0.07132083602671857,0.9090909090909091,0.8264462809917356
8c94552d022acec4a0458d70c19d3da9,Sam Darnold,rush_yds,betrivers,5.5,-110.0,-121.0,0.0,2026_01_NE_SEA,2026-09-09T22:35:15Z,graded,0.48893805309734506,0.01106194690265494,0.07132083602671857,0.9090909090909091,0.8264462809917356
7dddb296a42e7a41a774b24bd1709ce1,Geno Smith,rush_yds,betrivers,6.5,-110.0,-121.0,7.0,2026_01_NYJ_TEN,2026-09-09T22:35:12Z,graded,0.48893805309734506,0.01106194690265494,0.07132083602671857,0.9090909090909091,0.8264462809917356
acc580d74344ea3b31bbcdd057fe6a9c,Kyren Williams,recv_yds,betrivers,10.5,-110.0,-121.0,24.0,2026_01_SF_LA,2026-09-09T22:35:11Z,graded,0.48893805309734506,0.01106194690265494,0.07132083602671857,0.9090909090909091,0.8264462809917356
3e646c7479c57f5d9752d8c7dfe7059b,Odell Beckham,recv_yds,betrivers,12.5,-110.0,-121.0,,2026_01_DAL_NYG,2026-09-09T22:35:36Z,no matching game/player result,0.48893805309734506,0.01106194690265494,0.07132083602671857,0.9090909090909091,0.8264462809917356
5ad8135dc2b5f27de0b777acd317855a,Patrick Mahomes,rush_yds,betrivers,15.5,-110.0,-121.0,23.0,2026_01_DEN_KC,2026-09-09T22:35:12Z,graded,0.48893805309734506,0.01106194690265494,0.07132083602671857,0.9090909090909091,0.8264462809917356
1edfa5ceaa1ad2cb57df1c1b908731f6,Justin Herbert,rush_yds,betrivers,22.5,-110.0,-121.0,29.0,2026_01_ARI_LAC,2026-09-09T22:35:36Z,graded,0.48893805309734506,0.01106194690265494,0.07132083602671857,0.9090909090909091,0.8264462809917356
17885cb8dcade8f6c3bce14b2de805e8,Rachaad White,rush_yds,betrivers,23.5,-110.0,-121.0,22.0,2026_01_WAS_PHI,2026-09-09T22:35:12Z,graded,0.48893805309734506,0.01106194690265494,0.07132083602671857,0.9090909090909091,0.8264462809917356
c1d3fcec25aaeb06ebd2244d33d338e0,Jahmyr Gibbs,recv_yds,betrivers,30.5,-110.0,-121.0,30.0,2026_01_NO_DET,2026-09-09T22:35:14Z,graded,0.48893805309734506,0.01106194690265494,0.07132083602671857,0.9090909090909091,0.8264462809917356
cb77efed7e711d25a72c1a2a0a1af119,T.J. Hockenson,receptions,draftkings,3.5,-108.0,-119.0,4.0,2026_01_GB_MIN,2026-09-09T22:35:37Z,graded,0.48863730270225597,0.011362697297744029,0.06260976466455936,0.9259259259259259,0.8403361344537815
3e646c7479c57f5d9752d8c7dfe7059b,Dak Prescott,rush_yds,draftkings,8.5,-107.0,-118.0,14.0,2026_01_DAL_NYG,2026-09-09T22:35:13Z,graded,0.48848215781537946,0.011517842184620541,0.05819261623011118,0.9345794392523364,0.847457627118644
8c94552d022acec4a0458d70c19d3da9,Mack Hollins,recv_yds,draftkings,9.5,-118.0,-107.0,51.0,2026_01_NE_SEA,2026-09-09T22:35:35Z,graded,0.5115178421846206,0.011517842184620597,0.05819261623011118,0.847457627118644,0.9345794392523364
fc362aff0d889ec52d358307a70c32ed,Caleb Williams,pass_tds,betrivers,1.5,-109.0,-121.0,2.0,2026_01_CHI_CAR,2026-09-09T22:35:35Z,graded,0.48784883956417835,0.01215116043582165,0.06904241269566347,0.9174311926605505,0.8264462809917356
cb77efed7e711d25a72c1a2a0a1af119,Jordan Love,rush_yds,betrivers,9.5,-121.0,-109.0,0.0,2026_01_GB_MIN,2026-09-09T22:35:35Z,graded,0.5121511604358217,0.01215116043582165,0.06904241269566347,0.8264462809917356,0.9174311926605505
8c94552d022acec4a0458d70c19d3da9,Sam Darnold,interceptions,betonlineag,0.5,-108.0,-120.0,0.0,2026_01_NE_SEA,2026-09-09T22:34:52Z,graded,0.4876847290640395,0.01231527093596052,0.06468531468531458,0.9259259259259259,0.8333333333333334
c5d95f48a16849ab6bebc68fbbfcb74a,Kirk Cousins,interceptions,betonlineag,0.5,-108.0,-120.0,2.0,2026_01_MIA_LV,2026-09-09T22:35:35Z,graded,0.4876847290640395,0.01231527093596052,0.06468531468531458,0.9259259259259259,0.8333333333333334
ed6d24ff979f9c71979fead577b0b3f7,Baker Mayfield,pass_tds,betonlineag,1.5,-108.0,-120.0,0.0,2026_01_TB_CIN,2026-09-09T22:34:50Z,graded,0.4876847290640395,0.01231527093596052,0.06468531468531458,0.9259259259259259,0.8333333333333334
8c94552d022acec4a0458d70c19d3da9,Rashid Shaheed,receptions,betonlineag,2.5,-108.0,-120.0,1.0,2026_01_NE_SEA,2026-09-09T22:34:52Z,graded,0.4876847290640395,0.01231527093596052,0.06468531468531458,0.9259259259259259,0.8333333333333334
ed6d24ff979f9c71979fead577b0b3f7,Chase Brown,receptions,betonlineag,3.5,-108.0,-120.0,5.0,2026_01_TB_CIN,2026-09-09T22:34:50Z,graded,0.4876847290640395,0.01231527093596052,0.06468531468531458,0.9259259259259259,0.8333333333333334
1edfa5ceaa1ad2cb57df1c1b908731f6,Ladd McConkey,receptions,betonlineag,4.5,-108.0,-120.0,5.0,2026_01_ARI_LAC,2026-09-09T22:35:12Z,graded,0.4876847290640395,0.01231527093596052,0.06468531468531458,0.9259259259259259,0.8333333333333334
17885cb8dcade8f6c3bce14b2de805e8,Jacory Croskey-Merritt,recv_yds,betonlineag,7.5,-108.0,-120.0,-7.0,2026_01_WAS_PHI,2026-09-09T22:34:52Z,graded,0.4876847290640395,0.01231527093596052,0.06468531468531458,0.9259259259259259,0.8333333333333334
cb77efed7e711d25a72c1a2a0a1af119,MarShawn Lloyd,rush_attempts,betonlineag,11.5,-108.0,-120.0,13.0,2026_01_GB_MIN,2026-09-09T22:35:17Z,graded,0.4876847290640395,0.01231527093596052,0.06468531468531458,0.9259259259259259,0.8333333333333334
17885cb8dcade8f6c3bce14b2de805e8,Saquon Barkley,rush_attempts,betonlineag,18.5,-108.0,-120.0,15.0,2026_01_WAS_PHI,2026-09-09T22:34:52Z,graded,0.4876847290640395,0.01231527093596052,0.06468531468531458,0.9259259259259259,0.8333333333333334
5ad8135dc2b5f27de0b777acd317855a,Patrick Mahomes,pass_completions,betonlineag,21.5,-108.0,-120.0,15.0,2026_01_DEN_KC,2026-09-09T22:34:52Z,graded,0.4876847290640395,0.01231527093596052,0.06468531468531458,0.9259259259259259,0.8333333333333334
e55c6fe19fce094ce214c8b0e5b504e9,Trevor Lawrence,pass_attempts,betonlineag,32.5,-108.0,-120.0,23.0,2026_01_CLE_JAX,2026-09-09T22:34:34Z,graded,0.4876847290640395,0.01231527093596052,0.06468531468531458,0.9259259259259259,0.8333333333333334
acc580d74344ea3b31bbcdd057fe6a9c,Brock Purdy,pass_attempts,betonlineag,34.5,-108.0,-120.0,34.0,2026_01_SF_LA,2026-09-09T22:35:41Z,graded,0.4876847290640395,0.01231527093596052,0.06468531468531458,0.9259259259259259,0.8333333333333334
7dddb296a42e7a41a774b24bd1709ce1,Tony Pollard,receptions,betonlineag,1.5,-120.0,-108.0,1.0,2026_01_NYJ_TEN,2026-09-09T22:34:56Z,graded,0.5123152709359606,0.012315270935960632,0.06468531468531458,0.8333333333333334,0.9259259259259259
8c94552d022acec4a0458d70c19d3da9,Rashid Shaheed,rush_yds,betonlineag,2.5,-120.0,-108.0,0.0,2026_01_NE_SEA,2026-09-09T22:34:52Z,graded,0.5123152709359606,0.012315270935960632,0.06468531468531458,0.8333333333333334,0.9259259259259259
8c94552d022acec4a0458d70c19d3da9,Sam Darnold,rush_yds,betonlineag,5.5,-120.0,-108.0,0.0,2026_01_NE_SEA,2026-09-09T22:34:52Z,graded,0.5123152709359606,0.012315270935960632,0.06468531468531458,0.8333333333333334,0.9259259259259259
e55c6fe19fce094ce214c8b0e5b504e9,Bhayshul Tuten,rush_attempts,betonlineag,11.5,-120.0,-108.0,15.0,2026_01_CLE_JAX,2026-09-09T22:34:34Z,graded,0.5123152709359606,0.012315270935960632,0.06468531468531458,0.8333333333333334,0.9259259259259259
fc362aff0d889ec52d358307a70c32ed,Kalif Raymond,recv_yds,betonlineag,14.5,-120.0,-108.0,84.0,2026_01_CHI_CAR,2026-09-09T22:34:54Z,graded,0.5123152709359606,0.012315270935960632,0.06468531468531458,0.8333333333333334,0.9259259259259259
c1d3fcec25aaeb06ebd2244d33d338e0,Tyler Shough,rush_yds,betonlineag,16.5,-120.0,-108.0,8.0,2026_01_NO_DET,2026-09-09T22:35:16Z,graded,0.5123152709359606,0.012315270935960632,0.06468531468531458,0.8333333333333334,0.9259259259259259
7e09efed7e12c659b82740b67ce2f9a1,Josh Allen,pass_completions,betonlineag,19.5,-120.0,-108.0,20.0,2026_01_BUF_HOU,2026-09-09T22:34:56Z,graded,0.5123152709359606,0.012315270935960632,0.06468531468531458,0.8333333333333334,0.9259259259259259
8c94552d022acec4a0458d70c19d3da9,DeMario Douglas,recv_yds,betonlineag,20.5,-120.0,-108.0,20.0,2026_01_NE_SEA,2026-09-09T22:34:52Z,graded,0.5123152709359606,0.012315270935960632,0.06468531468531458,0.8333333333333334,0.9259259259259259
5ad8135dc2b5f27de0b777acd317855a,Pat Bryant,recv_yds,betonlineag,23.5,-120.0,-108.0,42.0,2026_01_DEN_KC,2026-09-09T22:34:52Z,graded,0.5123152709359606,0.012315270935960632,0.06468531468531458,0.8333333333333334,0.9259259259259259
acc580d74344ea3b31bbcdd057fe6a9c,Christian McCaffrey,recv_yds,betonlineag,39.5,-120.0,-108.0,20.0,2026_01_SF_LA,2026-09-09T22:35:41Z,graded,0.5123152709359606,0.012315270935960632,0.06468531468531458,0.8333333333333334,0.9259259259259259
c1d3fcec25aaeb06ebd2244d33d338e0,Devaughn Vele,recv_yds,betonlineag,39.5,-120.0,-108.0,69.0,2026_01_NO_DET,2026-09-09T22:35:16Z,graded,0.5123152709359606,0.012315270935960632,0.06468531468531458,0.8333333333333334,0.9259259259259259
1edfa5ceaa1ad2cb57df1c1b908731f6,Marvin Harrison,recv_yds,betonlineag,47.5,-120.0,-108.0,33.0,2026_01_ARI_LAC,2026-09-09T22:35:12Z,graded,0.5123152709359606,0.012315270935960632,0.06468531468531458,0.8333333333333334,0.9259259259259259
17885cb8dcade8f6c3bce14b2de805e8,Jalen Hurts,pass_yds,betonlineag,211.5,-120.0,-108.0,203.0,2026_01_WAS_PHI,2026-09-09T22:34:52Z,graded,0.5123152709359606,0.012315270935960632,0.06468531468531458,0.8333333333333334,0.9259259259259259
ed6d24ff979f9c71979fead577b0b3f7,Baker Mayfield,pass_tds,draftkings,1.5,-107.0,-119.0,0.0,2026_01_TB_CIN,2026-09-09T22:35:35Z,graded,0.487517163899638,0.012482836100361994,0.060287207994176306,0.9345794392523364,0.8403361344537815
3e646c7479c57f5d9752d8c7dfe7059b,Jake Ferguson,receptions,draftkings,3.5,-107.0,-119.0,2.0,2026_01_DAL_NYG,2026-09-09T22:35:13Z,graded,0.487517163899638,0.012482836100361994,0.060287207994176306,0.9345794392523364,0.8403361344537815
ed6d24ff979f9c71979fead577b0b3f7,Chase Brown,receptions,draftkings,3.5,-107.0,-119.0,5.0,2026_01_TB_CIN,2026-09-09T22:35:35Z,graded,0.487517163899638,0.012482836100361994,0.060287207994176306,0.9345794392523364,0.8403361344537815
7dddb296a42e7a41a774b24bd1709ce1,Garrett Wilson,receptions,draftkings,5.5,-107.0,-119.0,6.0,2026_01_NYJ_TEN,2026-09-09T22:34:59Z,graded,0.487517163899638,0.012482836100361994,0.060287207994176306,0.9345794392523364,0.8403361344537815
5ad8135dc2b5f27de0b777acd317855a,Bo Nix,pass_completions,draftkings,21.5,-107.0,-119.0,17.0,2026_01_DEN_KC,2026-09-09T22:35:38Z,graded,0.487517163899638,0.012482836100361994,0.060287207994176306,0.9345794392523364,0.8403361344537815
cb77efed7e711d25a72c1a2a0a1af119,Aaron Jones,rush_attempts,draftkings,8.5,-119.0,-107.0,12.0,2026_01_GB_MIN,2026-09-09T22:35:37Z,graded,0.512482836100362,0.01248283610036205,0.060287207994176306,0.8403361344537815,0.9345794392523364
e55c6fe19fce094ce214c8b0e5b504e9,Bhayshul Tuten,rush_attempts,draftkings,11.5,-119.0,-107.0,15.0,2026_01_CLE_JAX,2026-09-09T22:35:14Z,graded,0.512482836100362,0.01248283610036205,0.060287207994176306,0.8403361344537815,0.9345794392523364
95c01d1bb797d6df14824b106c5a9130,Rico Dowdle,recv_yds,draftkings,9.5,-118.0,-106.0,6.0,2026_01_ATL_PIT,2026-09-09T22:33:37Z,graded,0.5126539564703898,0.012653956470389804,0.05584751046584113,0.847457627118644,0.9433962264150944
8c94552d022acec4a0458d70c19d3da9,Sam Darnold,interceptions,betrivers,0.5,-122.0,-109.0,0.0,2026_01_NE_SEA,2026-09-09T22:35:15Z,graded,0.5130795235028978,0.01307952350289776,0.07108065002801833,0.819672131147541,0.9174311926605505
1edfa5ceaa1ad2cb57df1c1b908731f6,Omarion Hampton,recv_yds,betrivers,12.5,-122.0,-109.0,0.0,2026_01_ARI_LAC,2026-09-09T22:35:36Z,graded,0.5130795235028978,0.01307952350289776,0.07108065002801833,0.819672131147541,0.9174311926605505
8c94552d022acec4a0458d70c19d3da9,George Holani,rush_yds,betrivers,18.5,-122.0,-109.0,29.0,2026_01_NE_SEA,2026-09-09T22:35:15Z,graded,0.5130795235028978,0.01307952350289776,0.07108065002801833,0.819672131147541,0.9174311926605505
acc580d74344ea3b31bbcdd057fe6a9c,Blake Corum,rush_attempts,draftkings,10.5,-107.0,-120.0,10.0,2026_01_SF_LA,2026-09-09T22:34:50Z,graded,0.48656469615543607,0.013435303844563928,0.06236275801493196,0.9345794392523364,0.8333333333333334
b6cfdcbafa61ce220ba87dc2d9b80c77,Justice Hill,recv_yds,draftkings,11.5,-106.0,-119.0,10.0,2026_01_BAL_IND,2026-09-09T22:34:04Z,graded,0.48638115990613473,0.01361884009386527,0.05794210222990648,0.9433962264150944,0.8403361344537815
ed6d24ff979f9c71979fead577b0b3f7,Baker Mayfield,rush_yds,draftkings,14.5,-119.0,-106.0,30.0,2026_01_TB_CIN,2026-09-09T22:35:35Z,graded,0.5136188400938653,0.01361884009386527,0.05794210222990648,0.8403361344537815,0.9433962264150944
7e09efed7e12c659b82740b67ce2f9a1,David Montgomery,receptions,fanduel,1.5,-122.0,-108.0,3.0,2026_01_BUF_HOU,2026-09-09T22:35:15Z,graded,0.5141838223374939,0.014183822337493934,0.06878031878031887,0.819672131147541,0.9259259259259259
7e09efed7e12c659b82740b67ce2f9a1,Woody Marks,receptions,fanduel,1.5,-122.0,-108.0,1.0,2026_01_BUF_HOU,2026-09-09T22:35:15Z,graded,0.5141838223374939,0.014183822337493934,0.06878031878031887,0.819672131147541,0.9259259259259259
acc580d74344ea3b31bbcdd057fe6a9c,Tyler Higbee,receptions,fanduel,1.5,-122.0,-108.0,2.0,2026_01_SF_LA,2026-09-09T22:35:37Z,graded,0.5141838223374939,0.014183822337493934,0.06878031878031887,0.819672131147541,0.9259259259259259
17885cb8dcade8f6c3bce14b2de805e8,Dontayvion Wicks,receptions,fanduel,2.5,-122.0,-108.0,2.0,2026_01_WAS_PHI,2026-09-09T22:35:16Z,graded,0.5141838223374939,0.014183822337493934,0.06878031878031887,0.819672131147541,0.9259259259259259
8c94552d022acec4a0458d70c19d3da9,Rashid Shaheed,receptions,fanduel,2.5,-108.0,-122.0,1.0,2026_01_NE_SEA,2026-09-09T22:35:38Z,graded,0.48581617766250607,0.014183822337493934,0.06878031878031887,0.9259259259259259,0.819672131147541
1edfa5ceaa1ad2cb57df1c1b908731f6,Michael Wilson,receptions,fanduel,3.5,-122.0,-108.0,5.0,2026_01_ARI_LAC,2026-09-09T22:35:40Z,graded,0.5141838223374939,0.014183822337493934,0.06878031878031887,0.819672131147541,0.9259259259259259
cb77efed7e711d25a72c1a2a0a1af119,T.J. Hockenson,receptions,fanduel,3.5,-108.0,-122.0,4.0,2026_01_GB_MIN,2026-09-09T22:35:38Z,graded,0.48581617766250607,0.014183822337493934,0.06878031878031887,0.9259259259259259,0.819672131147541
ed6d24ff979f9c71979fead577b0b3f7,Chase Brown,receptions,fanduel,3.5,-108.0,-122.0,5.0,2026_01_TB_CIN,2026-09-09T22:35:37Z,graded,0.48581617766250607,0.014183822337493934,0.06878031878031887,0.9259259259259259,0.819672131147541
5ad8135dc2b5f27de0b777acd317855a,Rashee Rice,receptions,fanduel,5.5,-122.0,-108.0,2.0,2026_01_DEN_KC,2026-09-09T22:35:38Z,graded,0.5141838223374939,0.014183822337493934,0.06878031878031887,0.819672131147541,0.9259259259259259
7dddb296a42e7a41a774b24bd1709ce1,Tony Pollard,receptions,draftkings,1.5,-120.0,-106.0,1.0,2026_01_NYJ_TEN,2026-09-09T22:34:59Z,graded,0.5145711906744379,0.014571190674437906,0.06001765225066191,0.8333333333333334,0.9433962264150944
7e09efed7e12c659b82740b67ce2f9a1,David Montgomery,receptions,draftkings,1.5,-120.0,-106.0,3.0,2026_01_BUF_HOU,2026-09-09T22:35:20Z,graded,0.5145711906744379,0.014571190674437906,0.06001765225066191,0.8333333333333334,0.9433962264150944
5ad8135dc2b5f27de0b777acd317855a,Jaylen Waddle,receptions,draftkings,4.5,-120.0,-106.0,1.0,2026_01_DEN_KC,2026-09-09T22:35:38Z,graded,0.5145711906744379,0.014571190674437906,0.06001765225066191,0.8333333333333334,0.9433962264150944
17885cb8dcade8f6c3bce14b2de805e8,Saquon Barkley,rush_attempts,draftkings,18.5,-120.0,-106.0,15.0,2026_01_WAS_PHI,2026-09-09T22:33:41Z,graded,0.5145711906744379,0.014571190674437906,0.06001765225066191,0.8333333333333334,0.9433962264150944
7dddb296a42e7a41a774b24bd1709ce1,Geno Smith,pass_attempts,draftkings,30.5,-120.0,-106.0,24.0,2026_01_NYJ_TEN,2026-09-09T22:34:59Z,graded,0.5145711906744379,0.014571190674437906,0.06001765225066191,0.8333333333333334,0.9433962264150944
5ad8135dc2b5f27de0b777acd317855a,Bo Nix,interceptions,draftkings,0.5,-106.0,-120.0,1.0,2026_01_DEN_KC,2026-09-09T22:35:38Z,graded,0.48542880932556204,0.014571190674437962,0.06001765225066191,0.9433962264150944,0.8333333333333334
c1d3fcec25aaeb06ebd2244d33d338e0,Travis Etienne,rush_attempts,draftkings,15.5,-106.0,-120.0,9.0,2026_01_NO_DET,2026-09-09T22:34:52Z,graded,0.48542880932556204,0.014571190674437962,0.06001765225066191,0.9433962264150944,0.8333333333333334
3e646c7479c57f5d9752d8c7dfe7059b,Javonte Williams,rush_attempts,draftkings,17.5,-106.0,-120.0,12.0,2026_01_DAL_NYG,2026-09-09T22:35:13Z,graded,0.48542880932556204,0.014571190674437962,0.06001765225066191,0.9433962264150944,0.8333333333333334
c5d95f48a16849ab6bebc68fbbfcb74a,Kirk Cousins,pass_attempts,draftkings,29.5,-106.0,-120.0,30.0,2026_01_MIA_LV,2026-09-09T22:35:37Z,graded,0.48542880932556204,0.014571190674437962,0.06001765225066191,0.9433962264150944,0.8333333333333334
fc362aff0d889ec52d358307a70c32ed,Bryce Young,pass_attempts,draftkings,30.5,-106.0,-120.0,37.0,2026_01_CHI_CAR,2026-09-09T22:35:34Z,graded,0.48542880932556204,0.014571190674437962,0.06001765225066191,0.9433962264150944,0.8333333333333334
e55c6fe19fce094ce214c8b0e5b504e9,Jakobi Meyers,receptions,draftkings,3.5,-106.0,-121.0,2.0,2026_01_CLE_JAX,2026-09-09T22:35:14Z,graded,0.48448874917273327,0.015511250827266732,0.06207441901331112,0.9433962264150944,0.8264462809917356
5ad8135dc2b5f27de0b777acd317855a,Patrick Mahomes,pass_completions,draftkings,21.5,-106.0,-121.0,15.0,2026_01_DEN_KC,2026-09-09T22:35:38Z,graded,0.48448874917273327,0.015511250827266732,0.06207441901331112,0.9433962264150944,0.8264462809917356
acc580d74344ea3b31bbcdd057fe6a9c,Brock Purdy,pass_completions,draftkings,21.5,-121.0,-106.0,25.0,2026_01_SF_LA,2026-09-09T22:34:50Z,graded,0.5155112508272668,0.015511250827266787,0.06207441901331112,0.8264462809917356,0.9433962264150944
c1d3fcec25aaeb06ebd2244d33d338e0,Tyler Shough,pass_attempts,draftkings,32.5,-121.0,-106.0,56.0,2026_01_NO_DET,2026-09-09T22:34:52Z,graded,0.5155112508272668,0.015511250827266787,0.06207441901331112,0.8264462809917356,0.9433962264150944
7e09efed7e12c659b82740b67ce2f9a1,David Montgomery,recv_yds,betrivers,7.5,-124.0,-108.0,19.0,2026_01_BUF_HOU,2026-09-09T22:35:35Z,graded,0.5160051216389244,0.016005121638924424,0.07280219780219799,0.8064516129032258,0.9259259259259259
7dddb296a42e7a41a774b24bd1709ce1,Cam Ward,interceptions,betrivers,0.5,-108.0,-124.0,0.0,2026_01_NYJ_TEN,2026-09-09T22:35:12Z,graded,0.4839948783610755,0.01600512163892448,0.07280219780219799,0.9259259259259259,0.8064516129032258
7dddb296a42e7a41a774b24bd1709ce1,Geno Smith,interceptions,betonlineag,0.5,-106.0,-122.0,0.0,2026_01_NYJ_TEN,2026-09-09T22:34:56Z,graded,0.483560743054414,0.01643925694558601,0.06411265634566599,0.9433962264150944,0.819672131147541
acc580d74344ea3b31bbcdd057fe6a9c,George Kittle,receptions,betonlineag,3.5,-106.0,-122.0,2.0,2026_01_SF_LA,2026-09-09T22:35:41Z,graded,0.483560743054414,0.01643925694558601,0.06411265634566599,0.9433962264150944,0.819672131147541
8c94552d022acec4a0458d70c19d3da9,Jaxon Smith-Njigba,receptions,betonlineag,6.5,-106.0,-122.0,8.0,2026_01_NE_SEA,2026-09-09T22:34:52Z,graded,0.483560743054414,0.01643925694558601,0.06411265634566599,0.9433962264150944,0.819672131147541
7dddb296a42e7a41a774b24bd1709ce1,Geno Smith,pass_completions,betonlineag,20.5,-106.0,-122.0,19.0,2026_01_NYJ_TEN,2026-09-09T22:34:56Z,graded,0.483560743054414,0.01643925694558601,0.06411265634566599,0.9433962264150944,0.819672131147541
1edfa5ceaa1ad2cb57df1c1b908731f6,Michael Wilson,receptions,betonlineag,3.5,-122.0,-106.0,5.0,2026_01_ARI_LAC,2026-09-09T22:35:12Z,graded,0.5164392569455861,0.016439256945586123,0.06411265634566599,0.819672131147541,0.9433962264150944
17885cb8dcade8f6c3bce14b2de805e8,Jayden Daniels,rush_attempts,betonlineag,7.5,-122.0,-106.0,5.0,2026_01_WAS_PHI,2026-09-09T22:34:52Z,graded,0.5164392569455861,0.016439256945586123,0.06411265634566599,0.819672131147541,0.9433962264150944
7dddb296a42e7a41a774b24bd1709ce1,Cam Ward,rush_yds,betonlineag,8.5,-122.0,-106.0,21.0,2026_01_NYJ_TEN,2026-09-09T22:34:56Z,graded,0.5164392569455861,0.016439256945586123,0.06411265634566599,0.819672131147541,0.9433962264150944
b6cfdcbafa61ce220ba87dc2d9b80c77,Derrick Henry,rush_attempts,betonlineag,17.5,-122.0,-106.0,24.0,2026_01_BAL_IND,2026-09-09T22:35:14Z,graded,0.5164392569455861,0.016439256945586123,0.06411265634566599,0.819672131147541,0.9433962264150944
cb77efed7e711d25a72c1a2a0a1af119,Jordan Mason,rush_yds,betonlineag,43.5,-122.0,-106.0,59.0,2026_01_GB_MIN,2026-09-09T22:35:17Z,graded,0.5164392569455861,0.016439256945586123,0.06411265634566599,0.819672131147541,0.9433962264150944
7e09efed7e12c659b82740b67ce2f9a1,Dawson Knox,receptions,draftkings,1.5,-105.0,-121.0,1.0,2026_01_BUF_HOU,2026-09-09T22:35:20Z,graded,0.4833368048323266,0.016663195167673395,0.059706434168414146,0.9523809523809523,0.8264462809917356
5ad8135dc2b5f27de0b777acd317855a,Patrick Mahomes,rush_attempts,draftkings,3.5,-105.0,-121.0,7.0,2026_01_DEN_KC,2026-09-09T22:35:38Z,graded,0.4833368048323266,0.016663195167673395,0.059706434168414146,0.9523809523809523,0.8264462809917356
7e09efed7e12c659b82740b67ce2f9a1,James Cook,rush_attempts,draftkings,17.5,-105.0,-121.0,13.0,2026_01_BUF_HOU,2026-09-09T22:35:20Z,graded,0.4833368048323266,0.016663195167673395,0.059706434168414146,0.9523809523809523,0.8264462809917356
b6cfdcbafa61ce220ba87dc2d9b80c77,Daniel Jones,pass_attempts,draftkings,32.5,-105.0,-121.0,31.0,2026_01_BAL_IND,2026-09-09T22:34:04Z,graded,0.4833368048323266,0.016663195167673395,0.059706434168414146,0.9523809523809523,0.8264462809917356
fc362aff0d889ec52d358307a70c32ed,Caleb Williams,pass_attempts,draftkings,32.5,-105.0,-121.0,29.0,2026_01_CHI_CAR,2026-09-09T22:35:34Z,graded,0.4833368048323266,0.016663195167673395,0.059706434168414146,0.9523809523809523,0.8264462809917356
7dddb296a42e7a41a774b24bd1709ce1,Cam Ward,pass_completions,draftkings,19.5,-121.0,-105.0,19.0,2026_01_NYJ_TEN,2026-09-09T22:34:59Z,graded,0.5166631951676735,0.01666319516767345,0.059706434168414146,0.8264462809917356,0.9523809523809523
ed6d24ff979f9c71979fead577b0b3f7,Joe Burrow,rush_yds,draftkings,6.5,-120.0,-104.0,20.0,2026_01_TB_CIN,2026-09-09T22:35:35Z,graded,0.5168918918918919,0.016891891891891886,0.05525846702317283,0.8333333333333334,0.9615384615384616
b6cfdcbafa61ce220ba87dc2d9b80c77,Justice Hill,rush_yds,draftkings,9.5,-104.0,-120.0,18.0,2026_01_BAL_IND,2026-09-09T22:34:04Z,graded,0.4831081081081081,0.016891891891891886,0.05525846702317283,0.9615384615384616,0.8333333333333334
5ad8135dc2b5f27de0b777acd317855a,Patrick Mahomes,interceptions,betrivers,0.5,-107.0,-124.0,1.0,2026_01_DEN_KC,2026-09-09T22:35:12Z,graded,0.48287533242001773,0.017124667579982267,0.07047964113181493,0.9345794392523364,0.8064516129032258
17885cb8dcade8f6c3bce14b2de805e8,Jalen Hurts,pass_completions,draftkings,18.5,-122.0,-105.0,14.0,2026_01_WAS_PHI,2026-09-09T22:33:41Z,graded,0.517591059602649,0.01759105960264895,0.06174467150076923,0.819672131147541,0.9523809523809523
7dddb296a42e7a41a774b24bd1709ce1,Breece Hall,receptions,draftkings,2.5,-105.0,-122.0,2.0,2026_01_NYJ_TEN,2026-09-09T22:34:59Z,graded,0.48240894039735094,0.017591059602649062,0.06174467150076923,0.9523809523809523,0.819672131147541
7e09efed7e12c659b82740b67ce2f9a1,Josh Allen,pass_completions,draftkings,20.5,-105.0,-122.0,20.0,2026_01_BUF_HOU,2026-09-09T22:35:20Z,graded,0.48240894039735094,0.017591059602649062,0.06174467150076923,0.9523809523809523,0.819672131147541
b6cfdcbafa61ce220ba87dc2d9b80c77,Derrick Henry,recv_yds,draftkings,5.5,-121.0,-104.0,19.0,2026_01_BAL_IND,2026-09-09T22:34:04Z,graded,0.5178316690442226,0.01783166904422262,0.05731523378582204,0.8264462809917356,0.9615384615384616
7e09efed7e12c659b82740b67ce2f9a1,Josh Allen,interceptions,betrivers,0.5,-125.0,-107.0,0.0,2026_01_BUF_HOU,2026-09-09T22:35:35Z,graded,0.5180180180180181,0.018018018018018056,0.0724637681159419,0.8,0.9345794392523364
3e646c7479c57f5d9752d8c7dfe7059b,Dak Prescott,interceptions,betonlineag,0.5,-105.0,-123.0,1.0,2026_01_DAL_NYG,2026-09-09T22:35:13Z,graded,0.48149290561381863,0.018507094386181366,0.06376462867767696,0.9523809523809523,0.8130081300813008
b6cfdcbafa61ce220ba87dc2d9b80c77,Daniel Jones,interceptions,betonlineag,0.5,-105.0,-123.0,1.0,2026_01_BAL_IND,2026-09-09T22:35:14Z,graded,0.48149290561381863,0.018507094386181366,0.06376462867767696,0.9523809523809523,0.8130081300813008
acc580d74344ea3b31bbcdd057fe6a9c,Brock Purdy,pass_tds,betonlineag,1.5,-105.0,-123.0,3.0,2026_01_SF_LA,2026-09-09T22:35:41Z,graded,0.48149290561381863,0.018507094386181366,0.06376462867767696,0.9523809523809523,0.8130081300813008
fc362aff0d889ec52d358307a70c32ed,Cole Kmet,receptions,betonlineag,1.5,-123.0,-105.0,2.0,2026_01_CHI_CAR,2026-09-09T22:34:54Z,graded,0.5185070943861814,0.018507094386181366,0.06376462867767696,0.8130081300813008,0.9523809523809523
17885cb8dcade8f6c3bce14b2de805e8,Saquon Barkley,receptions,betonlineag,2.5,-105.0,-123.0,1.0,2026_01_WAS_PHI,2026-09-09T22:34:52Z,graded,0.48149290561381863,0.018507094386181366,0.06376462867767696,0.9523809523809523,0.8130081300813008
7e09efed7e12c659b82740b67ce2f9a1,Dalton Kincaid,receptions,betonlineag,3.5,-105.0,-123.0,5.0,2026_01_BUF_HOU,2026-09-09T22:34:56Z,graded,0.48149290561381863,0.018507094386181366,0.06376462867767696,0.9523809523809523,0.8130081300813008
8c94552d022acec4a0458d70c19d3da9,Corey Kiner,rush_yds,betonlineag,8.5,-123.0,-105.0,11.0,2026_01_NE_SEA,2026-09-09T22:34:52Z,graded,0.5185070943861814,0.018507094386181366,0.06376462867767696,0.8130081300813008,0.9523809523809523
17885cb8dcade8f6c3bce14b2de805e8,Jacory Croskey-Merritt,rush_attempts,betonlineag,10.5,-123.0,-105.0,16.0,2026_01_WAS_PHI,2026-09-09T22:34:52Z,graded,0.5185070943861814,0.018507094386181366,0.06376462867767696,0.8130081300813008,0.9523809523809523
5ad8135dc2b5f27de0b777acd317855a,J.K. Dobbins,rush_attempts,betonlineag,12.5,-105.0,-123.0,8.0,2026_01_DEN_KC,2026-09-09T22:34:52Z,graded,0.48149290561381863,0.018507094386181366,0.06376462867767696,0.9523809523809523,0.8130081300813008
c1d3fcec25aaeb06ebd2244d33d338e0,Travis Etienne,rush_attempts,betonlineag,14.5,-123.0,-105.0,9.0,2026_01_NO_DET,2026-09-09T22:35:16Z,graded,0.5185070943861814,0.018507094386181366,0.06376462867767696,0.8130081300813008,0.9523809523809523
95c01d1bb797d6df14824b106c5a9130,Bijan Robinson,rush_attempts,betonlineag,17.5,-123.0,-105.0,21.0,2026_01_ATL_PIT,2026-09-09T22:35:15Z,graded,0.5185070943861814,0.018507094386181366,0.06376462867767696,0.8130081300813008,0.9523809523809523
17885cb8dcade8f6c3bce14b2de805e8,Jalen Hurts,pass_completions,betonlineag,18.5,-123.0,-105.0,14.0,2026_01_WAS_PHI,2026-09-09T22:34:52Z,graded,0.5185070943861814,0.018507094386181366,0.06376462867767696,0.8130081300813008,0.9523809523809523
8c94552d022acec4a0458d70c19d3da9,Drake Maye,pass_completions,betonlineag,20.5,-105.0,-123.0,23.0,2026_01_NE_SEA,2026-09-09T22:34:52Z,graded,0.48149290561381863,0.018507094386181366,0.06376462867767696,0.9523809523809523,0.8130081300813008
c1d3fcec25aaeb06ebd2244d33d338e0,Tyler Shough,pass_completions,betonlineag,21.5,-123.0,-105.0,35.0,2026_01_NO_DET,2026-09-09T22:35:16Z,graded,0.5185070943861814,0.018507094386181366,0.06376462867767696,0.8130081300813008,0.9523809523809523
1edfa5ceaa1ad2cb57df1c1b908731f6,Jacoby Brissett,pass_completions,betonlineag,22.5,-105.0,-123.0,27.0,2026_01_ARI_LAC,2026-09-09T22:35:12Z,graded,0.48149290561381863,0.018507094386181366,0.06376462867767696,0.9523809523809523,0.8130081300813008
3e646c7479c57f5d9752d8c7dfe7059b,Dak Prescott,pass_completions,betonlineag,22.5,-105.0,-123.0,22.0,2026_01_DAL_NYG,2026-09-09T22:35:13Z,graded,0.48149290561381863,0.018507094386181366,0.06376462867767696,0.9523809523809523,0.8130081300813008
fc362aff0d889ec52d358307a70c32ed,Bryce Young,pass_attempts,betonlineag,30.5,-105.0,-123.0,37.0,2026_01_CHI_CAR,2026-09-09T22:34:54Z,graded,0.48149290561381863,0.018507094386181366,0.06376462867767696,0.9523809523809523,0.8130081300813008
fc362aff0d889ec52d358307a70c32ed,Caleb Williams,pass_attempts,betonlineag,31.5,-123.0,-105.0,29.0,2026_01_CHI_CAR,2026-09-09T22:34:54Z,graded,0.5185070943861814,0.018507094386181366,0.06376462867767696,0.8130081300813008,0.9523809523809523
b6cfdcbafa61ce220ba87dc2d9b80c77,Daniel Jones,pass_attempts,betonlineag,32.5,-105.0,-123.0,31.0,2026_01_BAL_IND,2026-09-09T22:35:14Z,graded,0.48149290561381863,0.018507094386181366,0.06376462867767696,0.9523809523809523,0.8130081300813008
cb77efed7e711d25a72c1a2a0a1af119,Justin Jefferson,recv_yds,betonlineag,73.5,-123.0,-105.0,92.0,2026_01_GB_MIN,2026-09-09T22:35:17Z,graded,0.5185070943861814,0.018507094386181366,0.06376462867767696,0.8130081300813008,0.9523809523809523
8c94552d022acec4a0458d70c19d3da9,Corey Kiner,rush_yds,fanduel,8.5,-122.0,-104.0,11.0,2026_01_NE_SEA,2026-09-09T22:35:38Z,graded,0.5187593796898449,0.01875937968984487,0.059353471118177126,0.819672131147541,0.9615384615384616
1edfa5ceaa1ad2cb57df1c1b908731f6,Justin Herbert,pass_attempts,draftkings,29.5,-122.0,-104.0,27.0,2026_01_ARI_LAC,2026-09-09T22:35:12Z,graded,0.5187593796898449,0.01875937968984487,0.059353471118177126,0.819672131147541,0.9615384615384616
7dddb296a42e7a41a774b24bd1709ce1,Cam Ward,pass_attempts,draftkings,31.5,-122.0,-104.0,32.0,2026_01_NYJ_TEN,2026-09-09T22:34:59Z,graded,0.5187593796898449,0.01875937968984487,0.059353471118177126,0.819672131147541,0.9615384615384616
95c01d1bb797d6df14824b106c5a9130,Tua Tagovailoa,pass_attempts,draftkings,32.5,-122.0,-104.0,,2026_01_ATL_PIT,2026-09-09T22:33:37Z,no matching game/player result,0.5187593796898449,0.01875937968984487,0.059353471118177126,0.819672131147541,0.9615384615384616
cb77efed7e711d25a72c1a2a0a1af119,Jordan Addison,receptions,draftkings,3.5,-104.0,-122.0,0.0,2026_01_GB_MIN,2026-09-09T22:35:37Z,graded,0.48124062031015497,0.018759379689845035,0.059353471118177126,0.9615384615384616,0.819672131147541
1edfa5ceaa1ad2cb57df1c1b908731f6,Ladd McConkey,receptions,draftkings,4.5,-104.0,-122.0,5.0,2026_01_ARI_LAC,2026-09-09T22:35:12Z,graded,0.48124062031015497,0.018759379689845035,0.059353471118177126,0.9615384615384616,0.819672131147541
e55c6fe19fce094ce214c8b0e5b504e9,Trevor Lawrence,pass_tds,fanduel,1.5,-106.0,-125.0,4.0,2026_01_CLE_JAX,2026-09-09T22:35:42Z,graded,0.4808467741935484,0.019153225806451624,0.07011866235167208,0.9433962264150944,0.8
fc362aff0d889ec52d358307a70c32ed,Caleb Williams,pass_tds,fanduel,1.5,-106.0,-125.0,2.0,2026_01_CHI_CAR,2026-09-09T22:35:22Z,graded,0.4808467741935484,0.019153225806451624,0.07011866235167208,0.9433962264150944,0.8
3e646c7479c57f5d9752d8c7dfe7059b,Jake Ferguson,receptions,fanduel,3.5,-106.0,-125.0,2.0,2026_01_DAL_NYG,2026-09-09T22:35:15Z,graded,0.4808467741935484,0.019153225806451624,0.07011866235167208,0.9433962264150944,0.8
8c94552d022acec4a0458d70c19d3da9,A.J. Brown,receptions,fanduel,5.5,-106.0,-125.0,3.0,2026_01_NE_SEA,2026-09-09T22:35:38Z,graded,0.4808467741935484,0.019153225806451624,0.07011866235167208,0.9433962264150944,0.8
95c01d1bb797d6df14824b106c5a9130,Drake London,receptions,fanduel,5.5,-125.0,-106.0,2.0,2026_01_ATL_PIT,2026-09-09T22:35:14Z,graded,0.5191532258064516,0.019153225806451624,0.07011866235167208,0.8,0.9433962264150944
8c94552d022acec4a0458d70c19d3da9,Jaxon Smith-Njigba,receptions,fanduel,6.5,-106.0,-125.0,8.0,2026_01_NE_SEA,2026-09-09T22:35:38Z,graded,0.4808467741935484,0.019153225806451624,0.07011866235167208,0.9433962264150944,0.8
b6cfdcbafa61ce220ba87dc2d9b80c77,Derrick Henry,recv_yds,betonlineag,5.5,-123.0,-104.0,19.0,2026_01_BAL_IND,2026-09-09T22:35:14Z,graded,0.519675254742772,0.019675254742771986,0.06137342829508485,0.8130081300813008,0.9615384615384616
5ad8135dc2b5f27de0b777acd317855a,J.K. Dobbins,rush_attempts,draftkings,12.5,-104.0,-123.0,8.0,2026_01_DEN_KC,2026-09-09T22:35:38Z,graded,0.480324745257228,0.019675254742771986,0.06137342829508485,0.9615384615384616,0.8130081300813008
95c01d1bb797d6df14824b106c5a9130,Bijan Robinson,rush_attempts,draftkings,18.5,-104.0,-123.0,21.0,2026_01_ATL_PIT,2026-09-09T22:33:37Z,graded,0.480324745257228,0.019675254742771986,0.06137342829508485,0.9615384615384616,0.8130081300813008
7e09efed7e12c659b82740b67ce2f9a1,C.J. Stroud,pass_completions,betonlineag,19.5,-123.0,-104.0,26.0,2026_01_BUF_HOU,2026-09-09T22:34:56Z,graded,0.519675254742772,0.019675254742771986,0.06137342829508485,0.8130081300813008,0.9615384615384616
7e09efed7e12c659b82740b67ce2f9a1,C.J. Stroud,pass_completions,draftkings,19.5,-123.0,-104.0,26.0,2026_01_BUF_HOU,2026-09-09T22:35:20Z,graded,0.519675254742772,0.019675254742771986,0.06137342829508485,0.8130081300813008,0.9615384615384616
3e646c7479c57f5d9752d8c7dfe7059b,Jaxson Dart,pass_attempts,betonlineag,28.5,-123.0,-104.0,29.0,2026_01_DAL_NYG,2026-09-09T22:35:13Z,graded,0.519675254742772,0.019675254742771986,0.06137342829508485,0.8130081300813008,0.9615384615384616
8c94552d022acec4a0458d70c19d3da9,Sam Darnold,pass_attempts,draftkings,30.5,-104.0,-123.0,2.0,2026_01_NE_SEA,2026-09-09T22:35:35Z,graded,0.480324745257228,0.019675254742771986,0.06137342829508485,0.9615384615384616,0.8130081300813008
cb77efed7e711d25a72c1a2a0a1af119,Kyler Murray,pass_attempts,betonlineag,30.5,-123.0,-104.0,5.0,2026_01_GB_MIN,2026-09-09T22:35:17Z,graded,0.519675254742772,0.019675254742771986,0.06137342829508485,0.8130081300813008,0.9615384615384616
acc580d74344ea3b31bbcdd057fe6a9c,Kyle Juszczyk,recv_yds,draftkings,5.5,-103.0,-122.0,,2026_01_SF_LA,2026-09-09T22:34:50Z,no matching game/player result,0.48005542492442055,0.01994457507557945,0.056938712111126,0.970873786407767,0.819672131147541
7dddb296a42e7a41a774b24bd1709ce1,Cam Ward,interceptions,bovada,0.5,-105.0,-125.0,0.0,2026_01_NYJ_TEN,2026-09-09T22:34:30Z,graded,0.4796954314720812,0.020304568527918787,0.0677506775067751,0.9523809523809523,0.8
b6cfdcbafa61ce220ba87dc2d9b80c77,Daniel Jones,interceptions,betmgm,0.5,-105.0,-125.0,1.0,2026_01_BAL_IND,2026-09-09T22:34:24Z,graded,0.4796954314720812,0.020304568527918787,0.0677506775067751,0.9523809523809523,0.8
b6cfdcbafa61ce220ba87dc2d9b80c77,Daniel Jones,interceptions,bovada,0.5,-105.0,-125.0,1.0,2026_01_BAL_IND,2026-09-09T22:35:16Z,graded,0.4796954314720812,0.020304568527918787,0.0677506775067751,0.9523809523809523,0.8
c5d95f48a16849ab6bebc68fbbfcb74a,Kirk Cousins,interceptions,bovada,0.5,-105.0,-125.0,2.0,2026_01_MIA_LV,2026-09-09T22:35:16Z,graded,0.4796954314720812,0.020304568527918787,0.0677506775067751,0.9523809523809523,0.8
7e09efed7e12c659b82740b67ce2f9a1,David Montgomery,receptions,betmgm,1.5,-105.0,-125.0,3.0,2026_01_BUF_HOU,2026-09-09T22:35:10Z,graded,0.4796954314720812,0.020304568527918787,0.0677506775067751,0.9523809523809523,0.8
7e09efed7e12c659b82740b67ce2f9a1,Dawson Knox,receptions,bovada,1.5,-105.0,-125.0,1.0,2026_01_BUF_HOU,2026-09-09T22:35:38Z,graded,0.4796954314720812,0.020304568527918787,0.0677506775067751,0.9523809523809523,0.8
acc580d74344ea3b31bbcdd057fe6a9c,Brock Purdy,pass_tds,bovada,1.5,-105.0,-125.0,3.0,2026_01_SF_LA,2026-09-09T22:35:39Z,graded,0.4796954314720812,0.020304568527918787,0.0677506775067751,0.9523809523809523,0.8
17885cb8dcade8f6c3bce14b2de805e8,Saquon Barkley,receptions,betmgm,2.5,-105.0,-125.0,1.0,2026_01_WAS_PHI,2026-09-09T22:34:50Z,graded,0.4796954314720812,0.020304568527918787,0.0677506775067751,0.9523809523809523,0.8
7dddb296a42e7a41a774b24bd1709ce1,Breece Hall,receptions,bovada,2.5,-105.0,-125.0,2.0,2026_01_NYJ_TEN,2026-09-09T22:34:30Z,graded,0.4796954314720812,0.020304568527918787,0.0677506775067751,0.9523809523809523,0.8
acc580d74344ea3b31bbcdd057fe6a9c,Puka Nacua,rush_yds,bovada,2.5,-105.0,-125.0,0.0,2026_01_SF_LA,2026-09-09T22:35:39Z,graded,0.4796954314720812,0.020304568527918787,0.0677506775067751,0.9523809523809523,0.8
cb77efed7e711d25a72c1a2a0a1af119,Aaron Jones,receptions,betmgm,2.5,-105.0,-125.0,0.0,2026_01_GB_MIN,2026-09-09T22:35:11Z,graded,0.4796954314720812,0.020304568527918787,0.0677506775067751,0.9523809523809523,0.8
1edfa5ceaa1ad2cb57df1c1b908731f6,Quentin Johnston,receptions,betmgm,3.5,-105.0,-125.0,2.0,2026_01_ARI_LAC,2026-09-09T22:35:11Z,graded,0.4796954314720812,0.020304568527918787,0.0677506775067751,0.9523809523809523,0.8
3e646c7479c57f5d9752d8c7dfe7059b,Jake Ferguson,receptions,betmgm,3.5,-105.0,-125.0,2.0,2026_01_DAL_NYG,2026-09-09T22:34:51Z,graded,0.4796954314720812,0.020304568527918787,0.0677506775067751,0.9523809523809523,0.8
cb77efed7e711d25a72c1a2a0a1af119,Jordan Addison,receptions,betmgm,3.5,-105.0,-125.0,0.0,2026_01_GB_MIN,2026-09-09T22:35:11Z,graded,0.4796954314720812,0.020304568527918787,0.0677506775067751,0.9523809523809523,0.8
cb77efed7e711d25a72c1a2a0a1af119,Jordan Addison,receptions,bovada,3.5,-105.0,-125.0,0.0,2026_01_GB_MIN,2026-09-09T22:34:56Z,graded,0.4796954314720812,0.020304568527918787,0.0677506775067751,0.9523809523809523,0.8
e55c6fe19fce094ce214c8b0e5b504e9,Jakobi Meyers,receptions,bovada,3.5,-105.0,-125.0,2.0,2026_01_CLE_JAX,2026-09-09T22:34:58Z,graded,0.4796954314720812,0.020304568527918787,0.0677506775067751,0.9523809523809523,0.8
e55c6fe19fce094ce214c8b0e5b504e9,KC Concepcion,receptions,bovada,3.5,-105.0,-125.0,4.0,2026_01_CLE_JAX,2026-09-09T22:34:58Z,graded,0.4796954314720812,0.020304568527918787,0.0677506775067751,0.9523809523809523,0.8
1edfa5ceaa1ad2cb57df1c1b908731f6,Ladd McConkey,receptions,betmgm,4.5,-105.0,-125.0,5.0,2026_01_ARI_LAC,2026-09-09T22:35:11Z,graded,0.4796954314720812,0.020304568527918787,0.0677506775067751,0.9523809523809523,0.8
1edfa5ceaa1ad2cb57df1c1b908731f6,Ladd McConkey,receptions,bovada,4.5,-105.0,-125.0,5.0,2026_01_ARI_LAC,2026-09-09T22:34:07Z,graded,0.4796954314720812,0.020304568527918787,0.0677506775067751,0.9523809523809523,0.8
acc580d74344ea3b31bbcdd057fe6a9c,Christian McCaffrey,receptions,betmgm,4.5,-105.0,-125.0,5.0,2026_01_SF_LA,2026-09-09T22:35:34Z,graded,0.4796954314720812,0.020304568527918787,0.0677506775067751,0.9523809523809523,0.8
17885cb8dcade8f6c3bce14b2de805e8,DeVonta Smith,receptions,betmgm,5.5,-105.0,-125.0,3.0,2026_01_WAS_PHI,2026-09-09T22:34:50Z,graded,0.4796954314720812,0.020304568527918787,0.0677506775067751,0.9523809523809523,0.8
17885cb8dcade8f6c3bce14b2de805e8,DeVonta Smith,receptions,fanatics,5.5,-105.0,-125.0,3.0,2026_01_WAS_PHI,2026-09-09T22:35:01Z,graded,0.4796954314720812,0.020304568527918787,0.0677506775067751,0.9523809523809523,0.8
acc580d74344ea3b31bbcdd057fe6a9c,Kyle Juszczyk,recv_yds,bovada,5.5,-105.0,-125.0,,2026_01_SF_LA,2026-09-09T22:35:39Z,no matching game/player result,0.4796954314720812,0.020304568527918787,0.0677506775067751,0.9523809523809523,0.8
3e646c7479c57f5d9752d8c7dfe7059b,Jaxson Dart,rush_attempts,betmgm,6.5,-105.0,-125.0,11.0,2026_01_DAL_NYG,2026-09-09T22:34:51Z,graded,0.4796954314720812,0.020304568527918787,0.0677506775067751,0.9523809523809523,0.8
7e09efed7e12c659b82740b67ce2f9a1,Josh Allen,rush_attempts,fanatics,6.5,-105.0,-125.0,6.0,2026_01_BUF_HOU,2026-09-09T22:34:44Z,graded,0.4796954314720812,0.020304568527918787,0.0677506775067751,0.9523809523809523,0.8
c1d3fcec25aaeb06ebd2244d33d338e0,Chris Olave,receptions,betmgm,6.5,-105.0,-125.0,10.0,2026_01_NO_DET,2026-09-09T22:34:50Z,graded,0.4796954314720812,0.020304568527918787,0.0677506775067751,0.9523809523809523,0.8
b6cfdcbafa61ce220ba87dc2d9b80c77,Justice Hill,rush_yds,bovada,9.5,-105.0,-125.0,18.0,2026_01_BAL_IND,2026-09-09T22:35:16Z,graded,0.4796954314720812,0.020304568527918787,0.0677506775067751,0.9523809523809523,0.8
5ad8135dc2b5f27de0b777acd317855a,J.K. Dobbins,rush_attempts,bovada,12.5,-105.0,-125.0,8.0,2026_01_DEN_KC,2026-09-09T22:34:54Z,graded,0.4796954314720812,0.020304568527918787,0.0677506775067751,0.9523809523809523,0.8
c5d95f48a16849ab6bebc68fbbfcb74a,De'Von Achane,rush_attempts,fanatics,15.5,-105.0,-125.0,11.0,2026_01_MIA_LV,2026-09-09T22:35:03Z,graded,0.4796954314720812,0.020304568527918787,0.0677506775067751,0.9523809523809523,0.8
95c01d1bb797d6df14824b106c5a9130,Bijan Robinson,rush_attempts,betmgm,18.5,-105.0,-125.0,21.0,2026_01_ATL_PIT,2026-09-09T22:34:49Z,graded,0.4796954314720812,0.020304568527918787,0.0677506775067751,0.9523809523809523,0.8
e55c6fe19fce094ce214c8b0e5b504e9,Deshaun Watson,pass_completions,fanatics,18.5,-105.0,-125.0,16.0,2026_01_CLE_JAX,2026-09-09T22:35:03Z,graded,0.4796954314720812,0.020304568527918787,0.0677506775067751,0.9523809523809523,0.8
7dddb296a42e7a41a774b24bd1709ce1,Cam Ward,pass_completions,betmgm,19.5,-105.0,-125.0,19.0,2026_01_NYJ_TEN,2026-09-09T22:34:03Z,graded,0.4796954314720812,0.020304568527918787,0.0677506775067751,0.9523809523809523,0.8
c5d95f48a16849ab6bebc68fbbfcb74a,Kirk Cousins,pass_completions,betmgm,19.5,-105.0,-125.0,21.0,2026_01_MIA_LV,2026-09-09T22:34:49Z,graded,0.4796954314720812,0.020304568527918787,0.0677506775067751,0.9523809523809523,0.8
7dddb296a42e7a41a774b24bd1709ce1,Geno Smith,pass_completions,betmgm,20.5,-105.0,-125.0,19.0,2026_01_NYJ_TEN,2026-09-09T22:34:03Z,graded,0.4796954314720812,0.020304568527918787,0.0677506775067751,0.9523809523809523,0.8
7dddb296a42e7a41a774b24bd1709ce1,Geno Smith,pass_completions,fanatics,20.5,-105.0,-125.0,19.0,2026_01_NYJ_TEN,2026-09-09T22:35:24Z,graded,0.4796954314720812,0.020304568527918787,0.0677506775067751,0.9523809523809523,0.8
7e09efed7e12c659b82740b67ce2f9a1,Josh Allen,pass_completions,bovada,20.5,-105.0,-125.0,20.0,2026_01_BUF_HOU,2026-09-09T22:35:38Z,graded,0.4796954314720812,0.020304568527918787,0.0677506775067751,0.9523809523809523,0.8
e55c6fe19fce094ce214c8b0e5b504e9,Trevor Lawrence,pass_completions,betmgm,20.5,-105.0,-125.0,18.0,2026_01_CLE_JAX,2026-09-09T22:35:12Z,graded,0.4796954314720812,0.020304568527918787,0.0677506775067751,0.9523809523809523,0.8
5ad8135dc2b5f27de0b777acd317855a,Patrick Mahomes,pass_completions,bovada,21.5,-105.0,-125.0,15.0,2026_01_DEN_KC,2026-09-09T22:34:54Z,graded,0.4796954314720812,0.020304568527918787,0.0677506775067751,0.9523809523809523,0.8
95c01d1bb797d6df14824b106c5a9130,Aaron Rodgers,pass_completions,fanatics,21.5,-105.0,-125.0,24.0,2026_01_ATL_PIT,2026-09-09T22:35:46Z,graded,0.4796954314720812,0.020304568527918787,0.0677506775067751,0.9523809523809523,0.8
1edfa5ceaa1ad2cb57df1c1b908731f6,Jacoby Brissett,pass_completions,bovada,22.5,-105.0,-125.0,27.0,2026_01_ARI_LAC,2026-09-09T22:34:07Z,graded,0.4796954314720812,0.020304568527918787,0.0677506775067751,0.9523809523809523,0.8
b6cfdcbafa61ce220ba87dc2d9b80c77,Daniel Jones,pass_completions,betmgm,22.5,-105.0,-125.0,19.0,2026_01_BAL_IND,2026-09-09T22:34:24Z,graded,0.4796954314720812,0.020304568527918787,0.0677506775067751,0.9523809523809523,0.8
ed6d24ff979f9c71979fead577b0b3f7,Joe Burrow,pass_completions,fanatics,24.5,-105.0,-125.0,25.0,2026_01_TB_CIN,2026-09-09T22:35:02Z,graded,0.4796954314720812,0.020304568527918787,0.0677506775067751,0.9523809523809523,0.8
b6cfdcbafa61ce220ba87dc2d9b80c77,Lamar Jackson,pass_attempts,betmgm,27.5,-105.0,-125.0,25.0,2026_01_BAL_IND,2026-09-09T22:34:24Z,graded,0.4796954314720812,0.020304568527918787,0.0677506775067751,0.9523809523809523,0.8
3e646c7479c57f5d9752d8c7dfe7059b,Jaxson Dart,rush_yds,fanatics,30.5,-105.0,-125.0,54.0,2026_01_DAL_NYG,2026-09-09T22:35:24Z,graded,0.4796954314720812,0.020304568527918787,0.0677506775067751,0.9523809523809523,0.8
7e09efed7e12c659b82740b67ce2f9a1,Josh Allen,pass_attempts,betmgm,30.5,-105.0,-125.0,29.0,2026_01_BUF_HOU,2026-09-09T22:35:10Z,graded,0.4796954314720812,0.020304568527918787,0.0677506775067751,0.9523809523809523,0.8
8c94552d022acec4a0458d70c19d3da9,Sam Darnold,pass_attempts,bovada,30.5,-105.0,-125.0,2.0,2026_01_NE_SEA,2026-09-09T22:34:55Z,graded,0.4796954314720812,0.020304568527918787,0.0677506775067751,0.9523809523809523,0.8
fc362aff0d889ec52d358307a70c32ed,Caleb Williams,pass_attempts,betmgm,31.5,-105.0,-125.0,29.0,2026_01_CHI_CAR,2026-09-09T22:34:49Z,graded,0.4796954314720812,0.020304568527918787,0.0677506775067751,0.9523809523809523,0.8
b6cfdcbafa61ce220ba87dc2d9b80c77,Daniel Jones,pass_attempts,bovada,32.5,-105.0,-125.0,31.0,2026_01_BAL_IND,2026-09-09T22:35:16Z,graded,0.4796954314720812,0.020304568527918787,0.0677506775067751,0.9523809523809523,0.8
fc362aff0d889ec52d358307a70c32ed,Caleb Williams,pass_attempts,bovada,32.5,-105.0,-125.0,29.0,2026_01_CHI_CAR,2026-09-09T22:34:07Z,graded,0.4796954314720812,0.020304568527918787,0.0677506775067751,0.9523809523809523,0.8
7e09efed7e12c659b82740b67ce2f9a1,C.J. Stroud,interceptions,betrivers,0.5,-125.0,-105.0,0.0,2026_01_BUF_HOU,2026-09-09T22:35:35Z,graded,0.5203045685279188,0.020304568527918843,0.0677506775067751,0.8,0.9523809523809523
7e09efed7e12c659b82740b67ce2f9a1,Josh Allen,interceptions,bovada,0.5,-125.0,-105.0,0.0,2026_01_BUF_HOU,2026-09-09T22:35:38Z,graded,0.5203045685279188,0.020304568527918843,0.0677506775067751,0.8,0.9523809523809523
7e09efed7e12c659b82740b67ce2f9a1,Dawson Knox,receptions,betmgm,1.5,-125.0,-105.0,1.0,2026_01_BUF_HOU,2026-09-09T22:35:10Z,graded,0.5203045685279188,0.020304568527918843,0.0677506775067751,0.8,0.9523809523809523
acc580d74344ea3b31bbcdd057fe6a9c,Brock Purdy,pass_tds,fanatics,1.5,-125.0,-105.0,3.0,2026_01_SF_LA,2026-09-09T22:35:26Z,graded,0.5203045685279188,0.020304568527918843,0.0677506775067751,0.8,0.9523809523809523
1edfa5ceaa1ad2cb57df1c1b908731f6,Michael Wilson,receptions,bovada,3.5,-125.0,-105.0,5.0,2026_01_ARI_LAC,2026-09-09T22:34:07Z,graded,0.5203045685279188,0.020304568527918843,0.0677506775067751,0.8,0.9523809523809523
7e09efed7e12c659b82740b67ce2f9a1,DJ Moore,receptions,betmgm,3.5,-125.0,-105.0,5.0,2026_01_BUF_HOU,2026-09-09T22:35:10Z,graded,0.5203045685279188,0.020304568527918843,0.0677506775067751,0.8,0.9523809523809523
7e09efed7e12c659b82740b67ce2f9a1,DJ Moore,receptions,fanatics,3.5,-125.0,-105.0,5.0,2026_01_BUF_HOU,2026-09-09T22:34:44Z,graded,0.5203045685279188,0.020304568527918843,0.0677506775067751,0.8,0.9523809523809523
fc362aff0d889ec52d358307a70c32ed,Colston Loveland,receptions,bovada,4.5,-125.0,-105.0,0.0,2026_01_CHI_CAR,2026-09-09T22:34:07Z,graded,0.5203045685279188,0.020304568527918843,0.0677506775067751,0.8,0.9523809523809523
7dddb296a42e7a41a774b24bd1709ce1,Garrett Wilson,receptions,betmgm,5.5,-125.0,-105.0,6.0,2026_01_NYJ_TEN,2026-09-09T22:34:03Z,graded,0.5203045685279188,0.020304568527918843,0.0677506775067751,0.8,0.9523809523809523
b6cfdcbafa61ce220ba87dc2d9b80c77,Derrick Henry,recv_yds,bovada,5.5,-125.0,-105.0,19.0,2026_01_BAL_IND,2026-09-09T22:35:16Z,graded,0.5203045685279188,0.020304568527918843,0.0677506775067751,0.8,0.9523809523809523
ed6d24ff979f9c71979fead577b0b3f7,Joe Burrow,rush_yds,bovada,6.5,-125.0,-105.0,20.0,2026_01_TB_CIN,2026-09-09T22:34:55Z,graded,0.5203045685279188,0.020304568527918843,0.0677506775067751,0.8,0.9523809523809523
7dddb296a42e7a41a774b24bd1709ce1,Tony Pollard,recv_yds,betmgm,7.5,-125.0,-105.0,-1.0,2026_01_NYJ_TEN,2026-09-09T22:34:03Z,graded,0.5203045685279188,0.020304568527918843,0.0677506775067751,0.8,0.9523809523809523
cb77efed7e711d25a72c1a2a0a1af119,MarShawn Lloyd,recv_yds,betmgm,10.5,-125.0,-105.0,0.0,2026_01_GB_MIN,2026-09-09T22:35:11Z,graded,0.5203045685279188,0.020304568527918843,0.0677506775067751,0.8,0.9523809523809523
1edfa5ceaa1ad2cb57df1c1b908731f6,Omarion Hampton,rush_attempts,fanatics,14.5,-125.0,-105.0,12.0,2026_01_ARI_LAC,2026-09-09T22:35:00Z,graded,0.5203045685279188,0.020304568527918843,0.0677506775067751,0.8,0.9523809523809523
e55c6fe19fce094ce214c8b0e5b504e9,Deshaun Watson,pass_completions,betmgm,17.5,-125.0,-105.0,16.0,2026_01_CLE_JAX,2026-09-09T22:35:12Z,graded,0.5203045685279188,0.020304568527918843,0.0677506775067751,0.8,0.9523809523809523
17885cb8dcade8f6c3bce14b2de805e8,Jalen Hurts,pass_completions,bovada,18.5,-125.0,-105.0,14.0,2026_01_WAS_PHI,2026-09-09T22:34:54Z,graded,0.5203045685279188,0.020304568527918843,0.0677506775067751,0.8,0.9523809523809523
17885cb8dcade8f6c3bce14b2de805e8,Jalen Hurts,pass_completions,fanatics,18.5,-125.0,-105.0,14.0,2026_01_WAS_PHI,2026-09-09T22:33:50Z,graded,0.5203045685279188,0.020304568527918843,0.0677506775067751,0.8,0.9523809523809523
7dddb296a42e7a41a774b24bd1709ce1,Cam Ward,pass_completions,bovada,19.5,-125.0,-105.0,19.0,2026_01_NYJ_TEN,2026-09-09T22:34:30Z,graded,0.5203045685279188,0.020304568527918843,0.0677506775067751,0.8,0.9523809523809523
7e09efed7e12c659b82740b67ce2f9a1,C.J. Stroud,pass_completions,bovada,19.5,-125.0,-105.0,26.0,2026_01_BUF_HOU,2026-09-09T22:35:38Z,graded,0.5203045685279188,0.020304568527918843,0.0677506775067751,0.8,0.9523809523809523
7e09efed7e12c659b82740b67ce2f9a1,Josh Allen,pass_completions,fanatics,19.5,-125.0,-105.0,20.0,2026_01_BUF_HOU,2026-09-09T22:34:44Z,graded,0.5203045685279188,0.020304568527918843,0.0677506775067751,0.8,0.9523809523809523
8c94552d022acec4a0458d70c19d3da9,Sam Darnold,pass_completions,fanatics,20.5,-125.0,-105.0,1.0,2026_01_NE_SEA,2026-09-09T22:34:41Z,graded,0.5203045685279188,0.020304568527918843,0.0677506775067751,0.8,0.9523809523809523
cb77efed7e711d25a72c1a2a0a1af119,Jordan Love,pass_completions,betmgm,20.5,-125.0,-105.0,21.0,2026_01_GB_MIN,2026-09-09T22:35:11Z,graded,0.5203045685279188,0.020304568527918843,0.0677506775067751,0.8,0.9523809523809523
acc580d74344ea3b31bbcdd057fe6a9c,Brock Purdy,pass_completions,bovada,21.5,-125.0,-105.0,25.0,2026_01_SF_LA,2026-09-09T22:35:39Z,graded,0.5203045685279188,0.020304568527918843,0.0677506775067751,0.8,0.9523809523809523
cb77efed7e711d25a72c1a2a0a1af119,Kyler Murray,pass_completions,betmgm,21.5,-125.0,-105.0,3.0,2026_01_GB_MIN,2026-09-09T22:35:11Z,graded,0.5203045685279188,0.020304568527918843,0.0677506775067751,0.8,0.9523809523809523
3e646c7479c57f5d9752d8c7dfe7059b,Dak Prescott,pass_completions,betmgm,22.5,-125.0,-105.0,22.0,2026_01_DAL_NYG,2026-09-09T22:34:51Z,graded,0.5203045685279188,0.020304568527918843,0.0677506775067751,0.8,0.9523809523809523
8c94552d022acec4a0458d70c19d3da9,AJ Barner,recv_yds,bovada,25.5,-125.0,-105.0,13.0,2026_01_NE_SEA,2026-09-09T22:34:55Z,graded,0.5203045685279188,0.020304568527918843,0.0677506775067751,0.8,0.9523809523809523
3e646c7479c57f5d9752d8c7dfe7059b,Jaxson Dart,pass_attempts,bovada,28.5,-125.0,-105.0,29.0,2026_01_DAL_NYG,2026-09-09T22:34:54Z,graded,0.5203045685279188,0.020304568527918843,0.0677506775067751,0.8,0.9523809523809523
1edfa5ceaa1ad2cb57df1c1b908731f6,Justin Herbert,pass_attempts,bovada,29.5,-125.0,-105.0,27.0,2026_01_ARI_LAC,2026-09-09T22:34:07Z,graded,0.5203045685279188,0.020304568527918843,0.0677506775067751,0.8,0.9523809523809523
e55c6fe19fce094ce214c8b0e5b504e9,Deshaun Watson,pass_attempts,betmgm,29.5,-125.0,-105.0,22.0,2026_01_CLE_JAX,2026-09-09T22:35:12Z,graded,0.5203045685279188,0.020304568527918843,0.0677506775067751,0.8,0.9523809523809523
7e09efed7e12c659b82740b67ce2f9a1,C.J. Stroud,pass_attempts,betmgm,30.5,-125.0,-105.0,38.0,2026_01_BUF_HOU,2026-09-09T22:35:10Z,graded,0.5203045685279188,0.020304568527918843,0.0677506775067751,0.8,0.9523809523809523
fc362aff0d889ec52d358307a70c32ed,Bryce Young,pass_attempts,betmgm,30.5,-125.0,-105.0,37.0,2026_01_CHI_CAR,2026-09-09T22:34:49Z,graded,0.5203045685279188,0.020304568527918843,0.0677506775067751,0.8,0.9523809523809523
7dddb296a42e7a41a774b24bd1709ce1,Cam Ward,pass_attempts,bovada,31.5,-125.0,-105.0,32.0,2026_01_NYJ_TEN,2026-09-09T22:34:30Z,graded,0.5203045685279188,0.020304568527918843,0.0677506775067751,0.8,0.9523809523809523
7e09efed7e12c659b82740b67ce2f9a1,C.J. Stroud,pass_attempts,fanatics,31.5,-125.0,-105.0,38.0,2026_01_BUF_HOU,2026-09-09T22:34:44Z,graded,0.5203045685279188,0.020304568527918843,0.0677506775067751,0.8,0.9523809523809523
8c94552d022acec4a0458d70c19d3da9,Drake Maye,pass_attempts,betmgm,31.5,-125.0,-105.0,33.0,2026_01_NE_SEA,2026-09-09T22:35:11Z,graded,0.5203045685279188,0.020304568527918843,0.0677506775067751,0.8,0.9523809523809523
8c94552d022acec4a0458d70c19d3da9,Drake Maye,pass_attempts,bovada,31.5,-125.0,-105.0,33.0,2026_01_NE_SEA,2026-09-09T22:34:55Z,graded,0.5203045685279188,0.020304568527918843,0.0677506775067751,0.8,0.9523809523809523
5ad8135dc2b5f27de0b777acd317855a,Patrick Mahomes,pass_attempts,betmgm,32.5,-125.0,-105.0,27.0,2026_01_DEN_KC,2026-09-09T22:34:49Z,graded,0.5203045685279188,0.020304568527918843,0.0677506775067751,0.8,0.9523809523809523
95c01d1bb797d6df14824b106c5a9130,Tua Tagovailoa,pass_attempts,bovada,32.5,-125.0,-105.0,,2026_01_ATL_PIT,2026-09-09T22:34:53Z,no matching game/player result,0.5203045685279188,0.020304568527918843,0.0677506775067751,0.8,0.9523809523809523
c1d3fcec25aaeb06ebd2244d33d338e0,Tyler Shough,pass_attempts,bovada,32.5,-125.0,-105.0,56.0,2026_01_NO_DET,2026-09-09T22:34:55Z,graded,0.5203045685279188,0.020304568527918843,0.0677506775067751,0.8,0.9523809523809523
1edfa5ceaa1ad2cb57df1c1b908731f6,Jacoby Brissett,pass_attempts,betmgm,33.5,-125.0,-105.0,37.0,2026_01_ARI_LAC,2026-09-09T22:35:11Z,graded,0.5203045685279188,0.020304568527918843,0.0677506775067751,0.8,0.9523809523809523
17885cb8dcade8f6c3bce14b2de805e8,Jayden Daniels,rush_yds,fanatics,35.5,-125.0,-105.0,31.0,2026_01_WAS_PHI,2026-09-09T22:35:01Z,graded,0.5203045685279188,0.020304568527918843,0.0677506775067751,0.8,0.9523809523809523
cb77efed7e711d25a72c1a2a0a1af119,Jordan Addison,recv_yds,betmgm,41.5,-125.0,-105.0,0.0,2026_01_GB_MIN,2026-09-09T22:35:11Z,graded,0.5203045685279188,0.020304568527918843,0.0677506775067751,0.8,0.9523809523809523
cb77efed7e711d25a72c1a2a0a1af119,Tucker Kraft,recv_yds,betmgm,42.5,-125.0,-105.0,65.0,2026_01_GB_MIN,2026-09-09T22:35:11Z,graded,0.5203045685279188,0.020304568527918843,0.0677506775067751,0.8,0.9523809523809523
c5d95f48a16849ab6bebc68fbbfcb74a,Tre Tucker,recv_yds,fanatics,45.5,-125.0,-105.0,27.0,2026_01_MIA_LV,2026-09-09T22:35:03Z,graded,0.5203045685279188,0.020304568527918843,0.0677506775067751,0.8,0.9523809523809523
7dddb296a42e7a41a774b24bd1709ce1,Tony Pollard,rush_yds,fanatics,50.5,-125.0,-105.0,35.0,2026_01_NYJ_TEN,2026-09-09T22:35:24Z,graded,0.5203045685279188,0.020304568527918843,0.0677506775067751,0.8,0.9523809523809523
8c94552d022acec4a0458d70c19d3da9,Rhamondre Stevenson,rush_yds,betmgm,55.5,-125.0,-105.0,51.0,2026_01_NE_SEA,2026-09-09T22:35:11Z,graded,0.5203045685279188,0.020304568527918843,0.0677506775067751,0.8,0.9523809523809523
cb77efed7e711d25a72c1a2a0a1af119,Justin Jefferson,recv_yds,betmgm,72.5,-125.0,-105.0,92.0,2026_01_GB_MIN,2026-09-09T22:35:11Z,graded,0.5203045685279188,0.020304568527918843,0.0677506775067751,0.8,0.9523809523809523
95c01d1bb797d6df14824b106c5a9130,Bijan Robinson,rush_yds,fanatics,75.5,-125.0,-105.0,83.0,2026_01_ATL_PIT,2026-09-09T22:35:46Z,graded,0.5203045685279188,0.020304568527918843,0.0677506775067751,0.8,0.9523809523809523
7e09efed7e12c659b82740b67ce2f9a1,Josh Allen,interceptions,draftkings,0.5,-123.0,-103.0,0.0,2026_01_BUF_HOU,2026-09-09T22:35:20Z,graded,0.520860277858901,0.02086027785890099,0.05895866928803395,0.8130081300813008,0.970873786407767
ed6d24ff979f9c71979fead577b0b3f7,Chase Brown,rush_attempts,draftkings,14.5,-123.0,-103.0,16.0,2026_01_TB_CIN,2026-09-09T22:35:35Z,graded,0.520860277858901,0.02086027785890099,0.05895866928803395,0.8130081300813008,0.970873786407767
c5d95f48a16849ab6bebc68fbbfcb74a,Kirk Cousins,interceptions,draftkings,0.5,-103.0,-124.0,2.0,2026_01_MIA_LV,2026-09-09T22:35:37Z,graded,0.47823563551944287,0.02176436448055713,0.06096059113300489,0.970873786407767,0.8064516129032258
5ad8135dc2b5f27de0b777acd317855a,Tyquan Thornton,receptions,draftkings,1.5,-103.0,-124.0,0.0,2026_01_DEN_KC,2026-09-09T22:35:38Z,graded,0.47823563551944287,0.02176436448055713,0.06096059113300489,0.970873786407767,0.8064516129032258
e55c6fe19fce094ce214c8b0e5b504e9,KC Concepcion,receptions,draftkings,3.5,-103.0,-124.0,4.0,2026_01_CLE_JAX,2026-09-09T22:35:14Z,graded,0.47823563551944287,0.02176436448055713,0.06096059113300489,0.970873786407767,0.8064516129032258
fc362aff0d889ec52d358307a70c32ed,Bryce Young,rush_attempts,draftkings,3.5,-103.0,-124.0,2.0,2026_01_CHI_CAR,2026-09-09T22:35:34Z,graded,0.47823563551944287,0.02176436448055713,0.06096059113300489,0.970873786407767,0.8064516129032258
3e646c7479c57f5d9752d8c7dfe7059b,Cam Skattebo,rush_attempts,draftkings,12.5,-103.0,-124.0,18.0,2026_01_DAL_NYG,2026-09-09T22:35:13Z,graded,0.47823563551944287,0.02176436448055713,0.06096059113300489,0.970873786407767,0.8064516129032258
1edfa5ceaa1ad2cb57df1c1b908731f6,Jacoby Brissett,pass_completions,draftkings,22.5,-103.0,-124.0,27.0,2026_01_ARI_LAC,2026-09-09T22:35:12Z,graded,0.47823563551944287,0.02176436448055713,0.06096059113300489,0.970873786407767,0.8064516129032258
acc580d74344ea3b31bbcdd057fe6a9c,Brock Purdy,rush_attempts,draftkings,3.5,-124.0,-103.0,5.0,2026_01_SF_LA,2026-09-09T22:34:50Z,graded,0.5217643644805572,0.021764364480557186,0.06096059113300489,0.8064516129032258,0.970873786407767
8c94552d022acec4a0458d70c19d3da9,Drake Maye,pass_attempts,draftkings,31.5,-124.0,-103.0,33.0,2026_01_NE_SEA,2026-09-09T22:35:35Z,graded,0.5217643644805572,0.021764364480557186,0.06096059113300489,0.8064516129032258,0.970873786407767
e55c6fe19fce094ce214c8b0e5b504e9,Trevor Lawrence,interceptions,betonlineag,0.5,-103.0,-125.0,0.0,2026_01_CLE_JAX,2026-09-09T22:34:34Z,graded,0.4773429454170958,0.02265705458290418,0.06294471811713187,0.970873786407767,0.8
c1d3fcec25aaeb06ebd2244d33d338e0,Devaughn Vele,receptions,betonlineag,3.5,-103.0,-125.0,7.0,2026_01_NO_DET,2026-09-09T22:35:16Z,graded,0.4773429454170958,0.02265705458290418,0.06294471811713187,0.970873786407767,0.8
7dddb296a42e7a41a774b24bd1709ce1,Wan'Dale Robinson,receptions,betonlineag,4.5,-103.0,-125.0,5.0,2026_01_NYJ_TEN,2026-09-09T22:34:56Z,graded,0.4773429454170958,0.02265705458290418,0.06294471811713187,0.970873786407767,0.8
fc362aff0d889ec52d358307a70c32ed,Colston Loveland,receptions,betonlineag,4.5,-125.0,-103.0,0.0,2026_01_CHI_CAR,2026-09-09T22:34:54Z,graded,0.5226570545829042,0.022657054582904235,0.06294471811713187,0.8,0.970873786407767
8c94552d022acec4a0458d70c19d3da9,Jadarian Price,rush_attempts,betonlineag,12.5,-125.0,-103.0,10.0,2026_01_NE_SEA,2026-09-09T22:34:52Z,graded,0.5226570545829042,0.022657054582904235,0.06294471811713187,0.8,0.970873786407767
c1d3fcec25aaeb06ebd2244d33d338e0,Jahmyr Gibbs,rush_attempts,betonlineag,18.5,-125.0,-103.0,29.0,2026_01_NO_DET,2026-09-09T22:35:16Z,graded,0.5226570545829042,0.022657054582904235,0.06294471811713187,0.8,0.970873786407767
8c94552d022acec4a0458d70c19d3da9,Drake Maye,rush_yds,betonlineag,26.5,-125.0,-103.0,47.0,2026_01_NE_SEA,2026-09-09T22:34:52Z,graded,0.5226570545829042,0.022657054582904235,0.06294471811713187,0.8,0.970873786407767
3e646c7479c57f5d9752d8c7dfe7059b,Dak Prescott,pass_attempts,betonlineag,32.5,-125.0,-103.0,34.0,2026_01_DAL_NYG,2026-09-09T22:35:13Z,graded,0.5226570545829042,0.022657054582904235,0.06294471811713187,0.8,0.970873786407767
8c94552d022acec4a0458d70c19d3da9,A.J. Brown,recv_yds,betonlineag,65.5,-125.0,-103.0,26.0,2026_01_NE_SEA,2026-09-09T22:34:52Z,graded,0.5226570545829042,0.022657054582904235,0.06294471811713187,0.8,0.970873786407767
7e09efed7e12c659b82740b67ce2f9a1,James Cook,rush_yds,betonlineag,74.5,-125.0,-103.0,57.0,2026_01_BUF_HOU,2026-09-09T22:34:56Z,graded,0.5226570545829042,0.022657054582904235,0.06294471811713187,0.8,0.970873786407767
7dddb296a42e7a41a774b24bd1709ce1,Cam Ward,interceptions,draftkings,0.5,-102.0,-125.0,0.0,2026_01_NYJ_TEN,2026-09-09T22:34:59Z,graded,0.47614107883817425,0.023858921161825752,0.060506050605060535,0.9803921568627451,0.8
b6cfdcbafa61ce220ba87dc2d9b80c77,Daniel Jones,interceptions,draftkings,0.5,-102.0,-125.0,1.0,2026_01_BAL_IND,2026-09-09T22:34:04Z,graded,0.47614107883817425,0.023858921161825752,0.060506050605060535,0.9803921568627451,0.8
acc580d74344ea3b31bbcdd057fe6a9c,Brock Purdy,pass_tds,draftkings,1.5,-102.0,-125.0,3.0,2026_01_SF_LA,2026-09-09T22:34:50Z,graded,0.47614107883817425,0.023858921161825752,0.060506050605060535,0.9803921568627451,0.8
8c94552d022acec4a0458d70c19d3da9,Rashid Shaheed,rush_yds,fanduel,2.5,-102.0,-125.0,0.0,2026_01_NE_SEA,2026-09-09T22:35:38Z,graded,0.47614107883817425,0.023858921161825752,0.060506050605060535,0.9803921568627451,0.8
fc362aff0d889ec52d358307a70c32ed,Colston Loveland,receptions,draftkings,4.5,-125.0,-102.0,0.0,2026_01_CHI_CAR,2026-09-09T22:35:34Z,graded,0.5238589211618258,0.023858921161825752,0.060506050605060535,0.8,0.9803921568627451
8c94552d022acec4a0458d70c19d3da9,Sam Darnold,rush_yds,fanduel,5.5,-102.0,-125.0,0.0,2026_01_NE_SEA,2026-09-09T22:35:38Z,graded,0.47614107883817425,0.023858921161825752,0.060506050605060535,0.9803921568627451,0.8
17885cb8dcade8f6c3bce14b2de805e8,Jayden Daniels,rush_attempts,draftkings,7.5,-125.0,-102.0,5.0,2026_01_WAS_PHI,2026-09-09T22:33:41Z,graded,0.5238589211618258,0.023858921161825752,0.060506050605060535,0.8,0.9803921568627451
e55c6fe19fce094ce214c8b0e5b504e9,Quinshon Judkins,rush_attempts,draftkings,16.5,-102.0,-125.0,12.0,2026_01_CLE_JAX,2026-09-09T22:35:14Z,graded,0.47614107883817425,0.023858921161825752,0.060506050605060535,0.9803921568627451,0.8
c1d3fcec25aaeb06ebd2244d33d338e0,Jahmyr Gibbs,rush_attempts,draftkings,18.5,-125.0,-102.0,29.0,2026_01_NO_DET,2026-09-09T22:34:52Z,graded,0.5238589211618258,0.023858921161825752,0.060506050605060535,0.8,0.9803921568627451
3e646c7479c57f5d9752d8c7dfe7059b,Jaxson Dart,pass_attempts,draftkings,28.5,-125.0,-102.0,29.0,2026_01_DAL_NYG,2026-09-09T22:35:13Z,graded,0.5238589211618258,0.023858921161825752,0.060506050605060535,0.8,0.9803921568627451
fc362aff0d889ec52d358307a70c32ed,Jalen Coker,receptions,fanduel,3.5,-128.0,-104.0,8.0,2026_01_CHI_CAR,2026-09-09T22:35:22Z,graded,0.5240847784200385,0.024084778420038533,0.07120743034055721,0.78125,0.9615384615384616
5ad8135dc2b5f27de0b777acd317855a,Bo Nix,interceptions,betmgm,0.5,-105.0,-130.0,1.0,2026_01_DEN_KC,2026-09-09T22:34:49Z,graded,0.4753937007874017,0.024606299212598326,0.0774125132555672,0.9523809523809523,0.7692307692307693
e55c6fe19fce094ce214c8b0e5b504e9,Brenton Strange,receptions,betmgm,3.5,-105.0,-130.0,2.0,2026_01_CLE_JAX,2026-09-09T22:35:12Z,graded,0.4753937007874017,0.024606299212598326,0.0774125132555672,0.9523809523809523,0.7692307692307693
95c01d1bb797d6df14824b106c5a9130,Drake London,receptions,betmgm,5.5,-105.0,-130.0,2.0,2026_01_ATL_PIT,2026-09-09T22:34:49Z,graded,0.4753937007874017,0.024606299212598326,0.0774125132555672,0.9523809523809523,0.7692307692307693
c1d3fcec25aaeb06ebd2244d33d338e0,Travis Etienne,rush_attempts,betmgm,15.5,-105.0,-130.0,9.0,2026_01_NO_DET,2026-09-09T22:34:50Z,graded,0.4753937007874017,0.024606299212598326,0.0774125132555672,0.9523809523809523,0.7692307692307693
e55c6fe19fce094ce214c8b0e5b504e9,Chris Rodriguez,rush_attempts,betmgm,8.5,-130.0,-105.0,6.0,2026_01_CLE_JAX,2026-09-09T22:35:12Z,graded,0.5246062992125985,0.024606299212598493,0.0774125132555672,0.7692307692307693,0.9523809523809523
7e09efed7e12c659b82740b67ce2f9a1,David Montgomery,rush_attempts,betmgm,13.5,-130.0,-105.0,20.0,2026_01_BUF_HOU,2026-09-09T22:35:10Z,graded,0.5246062992125985,0.024606299212598493,0.0774125132555672,0.7692307692307693,0.9523809523809523
17885cb8dcade8f6c3bce14b2de805e8,Jalen Hurts,pass_completions,betmgm,18.5,-130.0,-105.0,14.0,2026_01_WAS_PHI,2026-09-09T22:34:50Z,graded,0.5246062992125985,0.024606299212598493,0.0774125132555672,0.7692307692307693,0.9523809523809523
7e09efed7e12c659b82740b67ce2f9a1,Josh Allen,pass_completions,betmgm,19.5,-130.0,-105.0,20.0,2026_01_BUF_HOU,2026-09-09T22:35:10Z,graded,0.5246062992125985,0.024606299212598493,0.0774125132555672,0.7692307692307693,0.9523809523809523
ed6d24ff979f9c71979fead577b0b3f7,Baker Mayfield,pass_completions,betmgm,20.5,-130.0,-105.0,23.0,2026_01_TB_CIN,2026-09-09T22:34:52Z,graded,0.5246062992125985,0.024606299212598493,0.0774125132555672,0.7692307692307693,0.9523809523809523
1edfa5ceaa1ad2cb57df1c1b908731f6,Michael Wilson,receptions,draftkings,3.5,-126.0,-102.0,5.0,2026_01_ARI_LAC,2026-09-09T22:35:12Z,graded,0.524740227610094,0.02474022761009398,0.06247261894331024,0.7936507936507936,0.9803921568627451
c5d95f48a16849ab6bebc68fbbfcb74a,Kirk Cousins,interceptions,betrivers,0.5,-104.0,-129.0,2.0,2026_01_MIA_LV,2026-09-09T22:35:35Z,graded,0.47506582621878246,0.02493417378121754,0.0731226988612037,0.9615384615384616,0.7751937984496124
acc580d74344ea3b31bbcdd057fe6a9c,Puka Nacua,rush_yds,draftkings,2.5,-101.0,-125.0,0.0,2026_01_SF_LA,2026-09-09T22:34:50Z,graded,0.4749216300940439,0.025078369905956077,0.05804311774461035,0.9900990099009901,0.8
ed6d24ff979f9c71979fead577b0b3f7,Chase Brown,rush_attempts,betonlineag,14.5,-127.0,-102.0,16.0,2026_01_TB_CIN,2026-09-09T22:34:50Z,graded,0.5256105556466153,0.025610555646615296,0.0644218606882716,0.7874015748031497,0.9803921568627451
7e09efed7e12c659b82740b67ce2f9a1,Josh Allen,pass_attempts,betonlineag,28.5,-127.0,-102.0,29.0,2026_01_BUF_HOU,2026-09-09T22:34:56Z,graded,0.5256105556466153,0.025610555646615296,0.0644218606882716,0.7874015748031497,0.9803921568627451
17885cb8dcade8f6c3bce14b2de805e8,Dallas Goedert,receptions,betonlineag,3.5,-102.0,-127.0,4.0,2026_01_WAS_PHI,2026-09-09T22:34:52Z,graded,0.47438944435338465,0.02561055564661535,0.0644218606882716,0.9803921568627451,0.7874015748031497
cb77efed7e711d25a72c1a2a0a1af119,Jayden Reed,receptions,betonlineag,3.5,-102.0,-127.0,3.0,2026_01_GB_MIN,2026-09-09T22:35:17Z,graded,0.47438944435338465,0.02561055564661535,0.0644218606882716,0.9803921568627451,0.7874015748031497
e55c6fe19fce094ce214c8b0e5b504e9,Brenton Strange,receptions,betonlineag,3.5,-102.0,-127.0,2.0,2026_01_CLE_JAX,2026-09-09T22:34:34Z,graded,0.47438944435338465,0.02561055564661535,0.0644218606882716,0.9803921568627451,0.7874015748031497
acc580d74344ea3b31bbcdd057fe6a9c,Davante Adams,receptions,betonlineag,4.5,-102.0,-127.0,3.0,2026_01_SF_LA,2026-09-09T22:35:41Z,graded,0.47438944435338465,0.02561055564661535,0.0644218606882716,0.9803921568627451,0.7874015748031497
7e09efed7e12c659b82740b67ce2f9a1,Josh Allen,rush_attempts,betonlineag,6.5,-102.0,-127.0,6.0,2026_01_BUF_HOU,2026-09-09T22:34:56Z,graded,0.47438944435338465,0.02561055564661535,0.0644218606882716,0.9803921568627451,0.7874015748031497
b6cfdcbafa61ce220ba87dc2d9b80c77,Lamar Jackson,rush_attempts,betonlineag,6.5,-102.0,-127.0,7.0,2026_01_BAL_IND,2026-09-09T22:35:14Z,graded,0.47438944435338465,0.02561055564661535,0.0644218606882716,0.9803921568627451,0.7874015748031497
ed6d24ff979f9c71979fead577b0b3f7,Baker Mayfield,pass_completions,betonlineag,21.5,-102.0,-127.0,23.0,2026_01_TB_CIN,2026-09-09T22:34:50Z,graded,0.47438944435338465,0.02561055564661535,0.0644218606882716,0.9803921568627451,0.7874015748031497
7dddb296a42e7a41a774b24bd1709ce1,Wan'Dale Robinson,receptions,draftkings,4.5,-101.0,-126.0,5.0,2026_01_NYJ_TEN,2026-09-09T22:34:59Z,graded,0.47404053829539794,0.02595946170460206,0.06000968608286006,0.9900990099009901,0.7936507936507936
5ad8135dc2b5f27de0b777acd317855a,Kenneth Walker,rush_attempts,draftkings,16.5,-101.0,-126.0,23.0,2026_01_DEN_KC,2026-09-09T22:35:38Z,graded,0.47404053829539794,0.02595946170460206,0.06000968608286006,0.9900990099009901,0.7936507936507936
7dddb296a42e7a41a774b24bd1709ce1,Breece Hall,rush_attempts,draftkings,16.5,-101.0,-126.0,22.0,2026_01_NYJ_TEN,2026-09-09T22:34:59Z,graded,0.47404053829539794,0.02595946170460206,0.06000968608286006,0.9900990099009901,0.7936507936507936
b6cfdcbafa61ce220ba87dc2d9b80c77,Derrick Henry,rush_attempts,draftkings,17.5,-126.0,-101.0,24.0,2026_01_BAL_IND,2026-09-09T22:34:04Z,graded,0.5259594617046021,0.02595946170460206,0.06000968608286006,0.7936507936507936,0.9900990099009901
c5d95f48a16849ab6bebc68fbbfcb74a,Kirk Cousins,pass_completions,draftkings,19.5,-126.0,-101.0,21.0,2026_01_MIA_LV,2026-09-09T22:35:37Z,graded,0.5259594617046021,0.02595946170460206,0.06000968608286006,0.7936507936507936,0.9900990099009901
e55c6fe19fce094ce214c8b0e5b504e9,Deshaun Watson,pass_attempts,draftkings,30.5,-126.0,-101.0,22.0,2026_01_CLE_JAX,2026-09-09T22:35:14Z,graded,0.5259594617046021,0.02595946170460206,0.06000968608286006,0.7936507936507936,0.9900990099009901
cb77efed7e711d25a72c1a2a0a1af119,Kyler Murray,pass_attempts,draftkings,31.5,-101.0,-126.0,5.0,2026_01_GB_MIN,2026-09-09T22:35:37Z,graded,0.47404053829539794,0.02595946170460206,0.06000968608286006,0.9900990099009901,0.7936507936507936
7dddb296a42e7a41a774b24bd1709ce1,Geno Smith,interceptions,betrivers,0.5,-103.0,-129.0,0.0,2026_01_NYJ_TEN,2026-09-09T22:35:12Z,graded,0.4738819463977177,0.02611805360228231,0.0707079398541528,0.970873786407767,0.7751937984496124
7dddb296a42e7a41a774b24bd1709ce1,Tony Pollard,rush_attempts,draftkings,13.5,-127.0,-101.0,7.0,2026_01_NYJ_TEN,2026-09-09T22:34:59Z,graded,0.5268295703141123,0.02682957031411226,0.06195892782782142,0.7874015748031497,0.9900990099009901
acc580d74344ea3b31bbcdd057fe6a9c,Brock Purdy,pass_attempts,draftkings,33.5,-127.0,-101.0,34.0,2026_01_SF_LA,2026-09-09T22:34:50Z,graded,0.5268295703141123,0.02682957031411226,0.06195892782782142,0.7874015748031497,0.9900990099009901
3e646c7479c57f5d9752d8c7dfe7059b,Dak Prescott,interceptions,draftkings,0.5,-101.0,-127.0,1.0,2026_01_DAL_NYG,2026-09-09T22:35:13Z,graded,0.47317042968588763,0.026829570314112372,0.06195892782782142,0.9900990099009901,0.7874015748031497
cb77efed7e711d25a72c1a2a0a1af119,Jordan Love,pass_tds,draftkings,1.5,-101.0,-127.0,2.0,2026_01_GB_MIN,2026-09-09T22:35:37Z,graded,0.47317042968588763,0.026829570314112372,0.06195892782782142,0.9900990099009901,0.7874015748031497
8c94552d022acec4a0458d70c19d3da9,Rashid Shaheed,receptions,draftkings,2.5,-101.0,-127.0,1.0,2026_01_NE_SEA,2026-09-09T22:35:35Z,graded,0.47317042968588763,0.026829570314112372,0.06195892782782142,0.9900990099009901,0.7874015748031497
8c94552d022acec4a0458d70c19d3da9,Drake Maye,interceptions,betrivers,0.5,-130.0,-103.0,3.0,2026_01_NE_SEA,2026-09-09T22:35:15Z,graded,0.5269568690095846,0.026956869009584605,0.07260655386592418,0.7692307692307693,0.970873786407767
c5d95f48a16849ab6bebc68fbbfcb74a,Malik Willis,rush_attempts,betonlineag,7.5,-101.0,-128.0,6.0,2026_01_MIA_LV,2026-09-09T22:35:35Z,graded,0.4723111001722865,0.027688899827713498,0.06389107096098456,0.9900990099009901,0.78125
7dddb296a42e7a41a774b24bd1709ce1,Breece Hall,rush_attempts,betonlineag,15.5,-128.0,-101.0,22.0,2026_01_NYJ_TEN,2026-09-09T22:34:56Z,graded,0.5276888998277135,0.027688899827713498,0.06389107096098456,0.78125,0.9900990099009901
1edfa5ceaa1ad2cb57df1c1b908731f6,Jacoby Brissett,interceptions,draftkings,0.5,-127.0,100.0,0.0,2026_01_ARI_LAC,2026-09-09T22:35:12Z,graded,0.528066528066528,0.028066528066527985,0.05947136563876665,0.7874015748031497,1.0
7dddb296a42e7a41a774b24bd1709ce1,Adonai Mitchell,receptions,draftkings,2.5,-127.0,100.0,3.0,2026_01_NYJ_TEN,2026-09-09T22:34:59Z,graded,0.528066528066528,0.028066528066527985,0.05947136563876665,0.7874015748031497,1.0
5ad8135dc2b5f27de0b777acd317855a,Rashee Rice,receptions,draftkings,5.5,-127.0,100.0,2.0,2026_01_DEN_KC,2026-09-09T22:35:38Z,graded,0.528066528066528,0.028066528066527985,0.05947136563876665,0.7874015748031497,1.0
17885cb8dcade8f6c3bce14b2de805e8,Jacory Croskey-Merritt,rush_attempts,draftkings,10.5,-127.0,100.0,16.0,2026_01_WAS_PHI,2026-09-09T22:33:41Z,graded,0.528066528066528,0.028066528066527985,0.05947136563876665,0.7874015748031497,1.0
e55c6fe19fce094ce214c8b0e5b504e9,Trevor Lawrence,interceptions,draftkings,0.5,100.0,-127.0,0.0,2026_01_CLE_JAX,2026-09-09T22:35:14Z,graded,0.47193347193347185,0.02806652806652815,0.05947136563876665,1.0,0.7874015748031497
cb77efed7e711d25a72c1a2a0a1af119,Matthew Golden,receptions,draftkings,3.5,100.0,-127.0,6.0,2026_01_GB_MIN,2026-09-09T22:35:37Z,graded,0.47193347193347185,0.02806652806652815,0.05947136563876665,1.0,0.7874015748031497
ed6d24ff979f9c71979fead577b0b3f7,Baker Mayfield,pass_tds,fanduel,1.5,-102.0,-130.0,0.0,2026_01_TB_CIN,2026-09-09T22:35:37Z,graded,0.4718423169750604,0.028157683024939595,0.07016788635385263,0.9803921568627451,0.7692307692307693
17885cb8dcade8f6c3bce14b2de805e8,Saquon Barkley,receptions,fanduel,2.5,-102.0,-130.0,1.0,2026_01_WAS_PHI,2026-09-09T22:35:16Z,graded,0.4718423169750604,0.028157683024939595,0.07016788635385263,0.9803921568627451,0.7692307692307693
1edfa5ceaa1ad2cb57df1c1b908731f6,Tre Harris,receptions,fanduel,2.5,-102.0,-130.0,3.0,2026_01_ARI_LAC,2026-09-09T22:35:40Z,graded,0.4718423169750604,0.028157683024939595,0.07016788635385263,0.9803921568627451,0.7692307692307693
7dddb296a42e7a41a774b24bd1709ce1,Mason Taylor,receptions,fanduel,2.5,-102.0,-130.0,2.0,2026_01_NYJ_TEN,2026-09-09T22:35:39Z,graded,0.4718423169750604,0.028157683024939595,0.07016788635385263,0.9803921568627451,0.7692307692307693
7e09efed7e12c659b82740b67ce2f9a1,Dalton Kincaid,receptions,fanduel,3.5,-102.0,-130.0,5.0,2026_01_BUF_HOU,2026-09-09T22:35:15Z,graded,0.4718423169750604,0.028157683024939595,0.07016788635385263,0.9803921568627451,0.7692307692307693
c1d3fcec25aaeb06ebd2244d33d338e0,Devaughn Vele,receptions,fanduel,3.5,-102.0,-130.0,7.0,2026_01_NO_DET,2026-09-09T22:35:40Z,graded,0.4718423169750604,0.028157683024939595,0.07016788635385263,0.9803921568627451,0.7692307692307693
cb77efed7e711d25a72c1a2a0a1af119,Jayden Reed,receptions,fanduel,3.5,-102.0,-130.0,3.0,2026_01_GB_MIN,2026-09-09T22:35:38Z,graded,0.4718423169750604,0.028157683024939595,0.07016788635385263,0.9803921568627451,0.7692307692307693
cb77efed7e711d25a72c1a2a0a1af119,Matthew Golden,receptions,fanduel,3.5,-102.0,-130.0,6.0,2026_01_GB_MIN,2026-09-09T22:35:38Z,graded,0.4718423169750604,0.028157683024939595,0.07016788635385263,0.9803921568627451,0.7692307692307693
e55c6fe19fce094ce214c8b0e5b504e9,Brenton Strange,receptions,fanduel,3.5,-102.0,-130.0,2.0,2026_01_CLE_JAX,2026-09-09T22:35:42Z,graded,0.4718423169750604,0.028157683024939595,0.07016788635385263,0.9803921568627451,0.7692307692307693
1edfa5ceaa1ad2cb57df1c1b908731f6,Ladd McConkey,receptions,fanduel,4.5,-102.0,-130.0,5.0,2026_01_ARI_LAC,2026-09-09T22:35:40Z,graded,0.4718423169750604,0.028157683024939595,0.07016788635385263,0.9803921568627451,0.7692307692307693
7dddb296a42e7a41a774b24bd1709ce1,Wan'Dale Robinson,receptions,fanduel,4.5,-102.0,-130.0,5.0,2026_01_NYJ_TEN,2026-09-09T22:35:39Z,graded,0.4718423169750604,0.028157683024939595,0.07016788635385263,0.9803921568627451,0.7692307692307693
acc580d74344ea3b31bbcdd057fe6a9c,Christian McCaffrey,receptions,fanduel,4.5,-102.0,-130.0,5.0,2026_01_SF_LA,2026-09-09T22:35:37Z,graded,0.4718423169750604,0.028157683024939595,0.07016788635385263,0.9803921568627451,0.7692307692307693
acc580d74344ea3b31bbcdd057fe6a9c,Davante Adams,receptions,fanduel,4.5,-102.0,-130.0,3.0,2026_01_SF_LA,2026-09-09T22:35:37Z,graded,0.4718423169750604,0.028157683024939595,0.07016788635385263,0.9803921568627451,0.7692307692307693
7dddb296a42e7a41a774b24bd1709ce1,Tony Pollard,receptions,fanduel,1.5,-130.0,-102.0,1.0,2026_01_NYJ_TEN,2026-09-09T22:35:39Z,graded,0.5281576830249397,0.028157683024939706,0.07016788635385263,0.7692307692307693,0.9803921568627451
e55c6fe19fce094ce214c8b0e5b504e9,Quinshon Judkins,receptions,fanduel,1.5,-130.0,-102.0,2.0,2026_01_CLE_JAX,2026-09-09T22:35:42Z,graded,0.5281576830249397,0.028157683024939706,0.07016788635385263,0.7692307692307693,0.9803921568627451
5ad8135dc2b5f27de0b777acd317855a,Evan Engram,receptions,fanduel,2.5,-130.0,-102.0,4.0,2026_01_DEN_KC,2026-09-09T22:35:38Z,graded,0.5281576830249397,0.028157683024939706,0.07016788635385263,0.7692307692307693,0.9803921568627451
5ad8135dc2b5f27de0b777acd317855a,Kenneth Walker,receptions,fanduel,2.5,-130.0,-102.0,3.0,2026_01_DEN_KC,2026-09-09T22:35:38Z,graded,0.5281576830249397,0.028157683024939706,0.07016788635385263,0.7692307692307693,0.9803921568627451
7e09efed7e12c659b82740b67ce2f9a1,DJ Moore,receptions,fanduel,3.5,-130.0,-102.0,5.0,2026_01_BUF_HOU,2026-09-09T22:35:15Z,graded,0.5281576830249397,0.028157683024939706,0.07016788635385263,0.7692307692307693,0.9803921568627451
7e09efed7e12c659b82740b67ce2f9a1,Dalton Schultz,receptions,fanduel,3.5,-130.0,-102.0,4.0,2026_01_BUF_HOU,2026-09-09T22:35:15Z,graded,0.5281576830249397,0.028157683024939706,0.07016788635385263,0.7692307692307693,0.9803921568627451
7e09efed7e12c659b82740b67ce2f9a1,Khalil Shakir,receptions,fanduel,3.5,-130.0,-102.0,4.0,2026_01_BUF_HOU,2026-09-09T22:35:15Z,graded,0.5281576830249397,0.028157683024939706,0.07016788635385263,0.7692307692307693,0.9803921568627451
acc580d74344ea3b31bbcdd057fe6a9c,Mike Evans,receptions,fanduel,3.5,-130.0,-102.0,6.0,2026_01_SF_LA,2026-09-09T22:35:37Z,graded,0.5281576830249397,0.028157683024939706,0.07016788635385263,0.7692307692307693,0.9803921568627451
b6cfdcbafa61ce220ba87dc2d9b80c77,Tyler Warren,receptions,fanduel,4.5,-130.0,-102.0,3.0,2026_01_BAL_IND,2026-09-09T22:35:37Z,graded,0.5281576830249397,0.028157683024939706,0.07016788635385263,0.7692307692307693,0.9803921568627451
ed6d24ff979f9c71979fead577b0b3f7,Baker Mayfield,interceptions,betrivers,0.5,-103.0,-132.0,0.0,2026_01_TB_CIN,2026-09-09T22:35:36Z,graded,0.471395881006865,0.028604118993134975,0.07635467980295574,0.970873786407767,0.7575757575757576
5ad8135dc2b5f27de0b777acd317855a,Patrick Mahomes,pass_tds,draftkings,1.5,100.0,-128.0,2.0,2026_01_DEN_KC,2026-09-09T22:35:38Z,graded,0.4710743801652893,0.028925619834710703,0.06140350877192979,1.0,0.78125
fc362aff0d889ec52d358307a70c32ed,Caleb Williams,pass_tds,draftkings,1.5,100.0,-128.0,2.0,2026_01_CHI_CAR,2026-09-09T22:35:34Z,graded,0.4710743801652893,0.028925619834710703,0.06140350877192979,1.0,0.78125
8c94552d022acec4a0458d70c19d3da9,A.J. Brown,receptions,draftkings,5.5,100.0,-128.0,3.0,2026_01_NE_SEA,2026-09-09T22:35:35Z,graded,0.4710743801652893,0.028925619834710703,0.06140350877192979,1.0,0.78125
e55c6fe19fce094ce214c8b0e5b504e9,Deshaun Watson,pass_completions,draftkings,18.5,100.0,-128.0,16.0,2026_01_CLE_JAX,2026-09-09T22:35:14Z,graded,0.4710743801652893,0.028925619834710703,0.06140350877192979,1.0,0.78125
7dddb296a42e7a41a774b24bd1709ce1,Geno Smith,pass_completions,draftkings,20.5,100.0,-128.0,19.0,2026_01_NYJ_TEN,2026-09-09T22:34:59Z,graded,0.4710743801652893,0.028925619834710703,0.06140350877192979,1.0,0.78125
c1d3fcec25aaeb06ebd2244d33d338e0,Devaughn Vele,receptions,draftkings,3.5,101.0,-128.0,7.0,2026_01_NO_DET,2026-09-09T22:34:52Z,graded,0.46983184965380814,0.030168150346191858,0.05891594658287502,1.01,0.78125
fc362aff0d889ec52d358307a70c32ed,Bryce Young,pass_completions,draftkings,19.5,-128.0,101.0,23.0,2026_01_CHI_CAR,2026-09-09T22:35:34Z,graded,0.5301681503461919,0.030168150346191913,0.05891594658287502,0.78125,1.01
3e646c7479c57f5d9752d8c7dfe7059b,Dak Prescott,interceptions,bovada,0.5,100.0,-130.0,1.0,2026_01_DAL_NYG,2026-09-09T22:34:54Z,graded,0.4693877551020409,0.030612244897959107,0.06521739130434767,1.0,0.7692307692307693
e55c6fe19fce094ce214c8b0e5b504e9,Trevor Lawrence,interceptions,bovada,0.5,100.0,-130.0,0.0,2026_01_CLE_JAX,2026-09-09T22:34:58Z,graded,0.4693877551020409,0.030612244897959107,0.06521739130434767,1.0,0.7692307692307693
ed6d24ff979f9c71979fead577b0b3f7,Baker Mayfield,interceptions,bovada,0.5,100.0,-130.0,0.0,2026_01_TB_CIN,2026-09-09T22:34:55Z,graded,0.4693877551020409,0.030612244897959107,0.06521739130434767,1.0,0.7692307692307693
fc362aff0d889ec52d358307a70c32ed,Bryce Young,interceptions,bovada,0.5,100.0,-130.0,1.0,2026_01_CHI_CAR,2026-09-09T22:34:07Z,graded,0.4693877551020409,0.030612244897959107,0.06521739130434767,1.0,0.7692307692307693
5ad8135dc2b5f27de0b777acd317855a,Patrick Mahomes,pass_tds,bovada,1.5,100.0,-130.0,2.0,2026_01_DEN_KC,2026-09-09T22:34:54Z,graded,0.4693877551020409,0.030612244897959107,0.06521739130434767,1.0,0.7692307692307693
5ad8135dc2b5f27de0b777acd317855a,Tyquan Thornton,receptions,bovada,1.5,100.0,-130.0,0.0,2026_01_DEN_KC,2026-09-09T22:34:54Z,graded,0.4693877551020409,0.030612244897959107,0.06521739130434767,1.0,0.7692307692307693
8c94552d022acec4a0458d70c19d3da9,Sam Darnold,pass_tds,bovada,1.5,100.0,-130.0,0.0,2026_01_NE_SEA,2026-09-09T22:34:55Z,graded,0.4693877551020409,0.030612244897959107,0.06521739130434767,1.0,0.7692307692307693
cb77efed7e711d25a72c1a2a0a1af119,Jordan Love,pass_tds,bovada,1.5,100.0,-130.0,2.0,2026_01_GB_MIN,2026-09-09T22:34:56Z,graded,0.4693877551020409,0.030612244897959107,0.06521739130434767,1.0,0.7692307692307693
fc362aff0d889ec52d358307a70c32ed,Caleb Williams,pass_tds,bovada,1.5,100.0,-130.0,2.0,2026_01_CHI_CAR,2026-09-09T22:34:07Z,graded,0.4693877551020409,0.030612244897959107,0.06521739130434767,1.0,0.7692307692307693
8c94552d022acec4a0458d70c19d3da9,Rashid Shaheed,receptions,bovada,2.5,100.0,-130.0,1.0,2026_01_NE_SEA,2026-09-09T22:34:55Z,graded,0.4693877551020409,0.030612244897959107,0.06521739130434767,1.0,0.7692307692307693
c1d3fcec25aaeb06ebd2244d33d338e0,Devaughn Vele,receptions,bovada,3.5,100.0,-130.0,7.0,2026_01_NO_DET,2026-09-09T22:34:55Z,graded,0.4693877551020409,0.030612244897959107,0.06521739130434767,1.0,0.7692307692307693
cb77efed7e711d25a72c1a2a0a1af119,Matthew Golden,receptions,betonlineag,3.5,100.0,-130.0,6.0,2026_01_GB_MIN,2026-09-09T22:35:17Z,graded,0.4693877551020409,0.030612244897959107,0.06521739130434767,1.0,0.7692307692307693
cb77efed7e711d25a72c1a2a0a1af119,Matthew Golden,receptions,bovada,3.5,100.0,-130.0,6.0,2026_01_GB_MIN,2026-09-09T22:34:56Z,graded,0.4693877551020409,0.030612244897959107,0.06521739130434767,1.0,0.7692307692307693
e55c6fe19fce094ce214c8b0e5b504e9,Brenton Strange,receptions,bovada,3.5,100.0,-130.0,2.0,2026_01_CLE_JAX,2026-09-09T22:34:58Z,graded,0.4693877551020409,0.030612244897959107,0.06521739130434767,1.0,0.7692307692307693
7dddb296a42e7a41a774b24bd1709ce1,Wan'Dale Robinson,receptions,bovada,4.5,100.0,-130.0,5.0,2026_01_NYJ_TEN,2026-09-09T22:34:30Z,graded,0.4693877551020409,0.030612244897959107,0.06521739130434767,1.0,0.7692307692307693
c5d95f48a16849ab6bebc68fbbfcb74a,Tre Tucker,receptions,bovada,4.5,100.0,-130.0,2.0,2026_01_MIA_LV,2026-09-09T22:35:16Z,graded,0.4693877551020409,0.030612244897959107,0.06521739130434767,1.0,0.7692307692307693
8c94552d022acec4a0458d70c19d3da9,A.J. Brown,receptions,betonlineag,5.5,100.0,-130.0,3.0,2026_01_NE_SEA,2026-09-09T22:34:52Z,graded,0.4693877551020409,0.030612244897959107,0.06521739130434767,1.0,0.7692307692307693
acc580d74344ea3b31bbcdd057fe6a9c,Blake Corum,rush_attempts,betonlineag,10.5,100.0,-130.0,10.0,2026_01_SF_LA,2026-09-09T22:35:41Z,graded,0.4693877551020409,0.030612244897959107,0.06521739130434767,1.0,0.7692307692307693
7dddb296a42e7a41a774b24bd1709ce1,Tony Pollard,rush_attempts,betonlineag,14.5,100.0,-130.0,7.0,2026_01_NYJ_TEN,2026-09-09T22:34:56Z,graded,0.4693877551020409,0.030612244897959107,0.06521739130434767,1.0,0.7692307692307693
c5d95f48a16849ab6bebc68fbbfcb74a,De'Von Achane,rush_attempts,betonlineag,15.5,100.0,-130.0,11.0,2026_01_MIA_LV,2026-09-09T22:35:35Z,graded,0.4693877551020409,0.030612244897959107,0.06521739130434767,1.0,0.7692307692307693
e55c6fe19fce094ce214c8b0e5b504e9,Quinshon Judkins,rush_attempts,betonlineag,16.5,100.0,-130.0,12.0,2026_01_CLE_JAX,2026-09-09T22:34:34Z,graded,0.4693877551020409,0.030612244897959107,0.06521739130434767,1.0,0.7692307692307693
3e646c7479c57f5d9752d8c7dfe7059b,Javonte Williams,rush_attempts,betonlineag,17.5,100.0,-130.0,12.0,2026_01_DAL_NYG,2026-09-09T22:35:13Z,graded,0.4693877551020409,0.030612244897959107,0.06521739130434767,1.0,0.7692307692307693
e55c6fe19fce094ce214c8b0e5b504e9,Deshaun Watson,pass_completions,bovada,18.5,100.0,-130.0,16.0,2026_01_CLE_JAX,2026-09-09T22:34:58Z,graded,0.4693877551020409,0.030612244897959107,0.06521739130434767,1.0,0.7692307692307693
7dddb296a42e7a41a774b24bd1709ce1,Geno Smith,pass_completions,bovada,20.5,100.0,-130.0,19.0,2026_01_NYJ_TEN,2026-09-09T22:34:30Z,graded,0.4693877551020409,0.030612244897959107,0.06521739130434767,1.0,0.7692307692307693
ed6d24ff979f9c71979fead577b0b3f7,Baker Mayfield,pass_completions,bovada,21.5,100.0,-130.0,23.0,2026_01_TB_CIN,2026-09-09T22:34:55Z,graded,0.4693877551020409,0.030612244897959107,0.06521739130434767,1.0,0.7692307692307693
3e646c7479c57f5d9752d8c7dfe7059b,Dak Prescott,pass_completions,bovada,23.5,100.0,-130.0,22.0,2026_01_DAL_NYG,2026-09-09T22:34:54Z,graded,0.4693877551020409,0.030612244897959107,0.06521739130434767,1.0,0.7692307692307693
cb77efed7e711d25a72c1a2a0a1af119,Kyler Murray,pass_attempts,bovada,31.5,100.0,-130.0,5.0,2026_01_GB_MIN,2026-09-09T22:34:56Z,graded,0.4693877551020409,0.030612244897959107,0.06521739130434767,1.0,0.7692307692307693
8c94552d022acec4a0458d70c19d3da9,Drake Maye,pass_attempts,betonlineag,32.5,100.0,-130.0,33.0,2026_01_NE_SEA,2026-09-09T22:34:52Z,graded,0.4693877551020409,0.030612244897959107,0.06521739130434767,1.0,0.7692307692307693
acc580d74344ea3b31bbcdd057fe6a9c,Kyren Williams,rush_yds,bovada,55.5,100.0,-130.0,41.0,2026_01_SF_LA,2026-09-09T22:35:39Z,graded,0.4693877551020409,0.030612244897959107,0.06521739130434767,1.0,0.7692307692307693
1edfa5ceaa1ad2cb57df1c1b908731f6,Jacoby Brissett,interceptions,bovada,0.5,-130.0,100.0,0.0,2026_01_ARI_LAC,2026-09-09T22:34:07Z,graded,0.5306122448979592,0.030612244897959218,0.06521739130434767,0.7692307692307693,1.0
7e09efed7e12c659b82740b67ce2f9a1,C.J. Stroud,interceptions,bovada,0.5,-130.0,100.0,0.0,2026_01_BUF_HOU,2026-09-09T22:35:38Z,graded,0.5306122448979592,0.030612244897959218,0.06521739130434767,0.7692307692307693,1.0
7dddb296a42e7a41a774b24bd1709ce1,Adonai Mitchell,receptions,bovada,2.5,-130.0,100.0,3.0,2026_01_NYJ_TEN,2026-09-09T22:34:30Z,graded,0.5306122448979592,0.030612244897959218,0.06521739130434767,0.7692307692307693,1.0
7e09efed7e12c659b82740b67ce2f9a1,Dalton Schultz,receptions,betonlineag,3.5,-130.0,100.0,4.0,2026_01_BUF_HOU,2026-09-09T22:34:56Z,graded,0.5306122448979592,0.030612244897959218,0.06521739130434767,0.7692307692307693,1.0
95c01d1bb797d6df14824b106c5a9130,DK Metcalf,receptions,bovada,3.5,-130.0,100.0,4.0,2026_01_ATL_PIT,2026-09-09T22:34:53Z,graded,0.5306122448979592,0.030612244897959218,0.06521739130434767,0.7692307692307693,1.0
acc580d74344ea3b31bbcdd057fe6a9c,Brock Purdy,rush_attempts,betonlineag,3.5,-130.0,100.0,5.0,2026_01_SF_LA,2026-09-09T22:35:41Z,graded,0.5306122448979592,0.030612244897959218,0.06521739130434767,0.7692307692307693,1.0
b6cfdcbafa61ce220ba87dc2d9b80c77,Tyler Warren,receptions,betonlineag,4.5,-130.0,100.0,3.0,2026_01_BAL_IND,2026-09-09T22:35:14Z,graded,0.5306122448979592,0.030612244897959218,0.06521739130434767,0.7692307692307693,1.0
5ad8135dc2b5f27de0b777acd317855a,Rashee Rice,receptions,bovada,5.5,-130.0,100.0,2.0,2026_01_DEN_KC,2026-09-09T22:34:54Z,graded,0.5306122448979592,0.030612244897959218,0.06521739130434767,0.7692307692307693,1.0
acc580d74344ea3b31bbcdd057fe6a9c,Brock Purdy,rush_yds,bovada,18.5,-130.0,100.0,29.0,2026_01_SF_LA,2026-09-09T22:35:39Z,graded,0.5306122448979592,0.030612244897959218,0.06521739130434767,0.7692307692307693,1.0
95c01d1bb797d6df14824b106c5a9130,Tua Tagovailoa,pass_completions,betonlineag,19.5,-130.0,100.0,,2026_01_ATL_PIT,2026-09-09T22:35:15Z,no matching game/player result,0.5306122448979592,0.030612244897959218,0.06521739130434767,0.7692307692307693,1.0
95c01d1bb797d6df14824b106c5a9130,Tua Tagovailoa,pass_completions,bovada,19.5,-130.0,100.0,,2026_01_ATL_PIT,2026-09-09T22:34:53Z,no matching game/player result,0.5306122448979592,0.030612244897959218,0.06521739130434767,0.7692307692307693,1.0
c5d95f48a16849ab6bebc68fbbfcb74a,Kirk Cousins,pass_completions,betonlineag,19.5,-130.0,100.0,21.0,2026_01_MIA_LV,2026-09-09T22:35:35Z,graded,0.5306122448979592,0.030612244897959218,0.06521739130434767,0.7692307692307693,1.0
c5d95f48a16849ab6bebc68fbbfcb74a,Kirk Cousins,pass_completions,bovada,19.5,-130.0,100.0,21.0,2026_01_MIA_LV,2026-09-09T22:35:16Z,graded,0.5306122448979592,0.030612244897959218,0.06521739130434767,0.7692307692307693,1.0
fc362aff0d889ec52d358307a70c32ed,Bryce Young,pass_completions,betonlineag,19.5,-130.0,100.0,23.0,2026_01_CHI_CAR,2026-09-09T22:34:54Z,graded,0.5306122448979592,0.030612244897959218,0.06521739130434767,0.7692307692307693,1.0
fc362aff0d889ec52d358307a70c32ed,Bryce Young,pass_completions,bovada,19.5,-130.0,100.0,23.0,2026_01_CHI_CAR,2026-09-09T22:34:07Z,graded,0.5306122448979592,0.030612244897959218,0.06521739130434767,0.7692307692307693,1.0
95c01d1bb797d6df14824b106c5a9130,Aaron Rodgers,pass_attempts,betonlineag,30.5,-130.0,100.0,40.0,2026_01_ATL_PIT,2026-09-09T22:35:15Z,graded,0.5306122448979592,0.030612244897959218,0.06521739130434767,0.7692307692307693,1.0
e55c6fe19fce094ce214c8b0e5b504e9,Deshaun Watson,pass_attempts,bovada,30.5,-130.0,100.0,22.0,2026_01_CLE_JAX,2026-09-09T22:34:58Z,graded,0.5306122448979592,0.030612244897959218,0.06521739130434767,0.7692307692307693,1.0
acc580d74344ea3b31bbcdd057fe6a9c,Brock Purdy,pass_attempts,bovada,33.5,-130.0,100.0,34.0,2026_01_SF_LA,2026-09-09T22:35:39Z,graded,0.5306122448979592,0.030612244897959218,0.06521739130434767,0.7692307692307693,1.0
95c01d1bb797d6df14824b106c5a9130,Drake London,recv_yds,betonlineag,62.5,-130.0,100.0,29.0,2026_01_ATL_PIT,2026-09-09T22:35:15Z,graded,0.5306122448979592,0.030612244897959218,0.06521739130434767,0.7692307692307693,1.0
7e09efed7e12c659b82740b67ce2f9a1,C.J. Stroud,interceptions,draftkings,0.5,-129.0,101.0,0.0,2026_01_BUF_HOU,2026-09-09T22:35:20Z,graded,0.5310164041860369,0.031016404186036906,0.06083121510352174,0.7751937984496124,1.01
b6cfdcbafa61ce220ba87dc2d9b80c77,Lamar Jackson,rush_attempts,draftkings,6.5,-129.0,101.0,7.0,2026_01_BAL_IND,2026-09-09T22:34:04Z,graded,0.5310164041860369,0.031016404186036906,0.06083121510352174,0.7751937984496124,1.01
ed6d24ff979f9c71979fead577b0b3f7,Baker Mayfield,interceptions,draftkings,0.5,101.0,-129.0,0.0,2026_01_TB_CIN,2026-09-09T22:35:35Z,graded,0.468983595813963,0.031016404186037017,0.06083121510352174,1.01,0.7751937984496124
e55c6fe19fce094ce214c8b0e5b504e9,Brenton Strange,receptions,draftkings,3.5,101.0,-129.0,2.0,2026_01_CLE_JAX,2026-09-09T22:35:14Z,graded,0.468983595813963,0.031016404186037017,0.06083121510352174,1.01,0.7751937984496124
c5d95f48a16849ab6bebc68fbbfcb74a,Tre Tucker,receptions,draftkings,4.5,101.0,-129.0,2.0,2026_01_MIA_LV,2026-09-09T22:35:37Z,graded,0.468983595813963,0.031016404186037017,0.06083121510352174,1.01,0.7751937984496124
c5d95f48a16849ab6bebc68fbbfcb74a,De'Von Achane,rush_attempts,draftkings,15.5,101.0,-129.0,11.0,2026_01_MIA_LV,2026-09-09T22:35:37Z,graded,0.468983595813963,0.031016404186037017,0.06083121510352174,1.01,0.7751937984496124
3e646c7479c57f5d9752d8c7dfe7059b,Dak Prescott,pass_completions,draftkings,23.5,101.0,-129.0,22.0,2026_01_DAL_NYG,2026-09-09T22:35:13Z,graded,0.468983595813963,0.031016404186037017,0.06083121510352174,1.01,0.7751937984496124
e55c6fe19fce094ce214c8b0e5b504e9,Quinshon Judkins,receptions,betonlineag,1.5,-130.0,101.0,2.0,2026_01_CLE_JAX,2026-09-09T22:34:34Z,graded,0.5318542641970282,0.03185426419702819,0.06272982911529312,0.7692307692307693,1.01
95c01d1bb797d6df14824b106c5a9130,DK Metcalf,receptions,betonlineag,3.5,-130.0,101.0,4.0,2026_01_ATL_PIT,2026-09-09T22:35:15Z,graded,0.5318542641970282,0.03185426419702819,0.06272982911529312,0.7692307692307693,1.01
c1d3fcec25aaeb06ebd2244d33d338e0,Tyler Shough,interceptions,betrivers,0.5,-132.0,100.0,2.0,2026_01_NO_DET,2026-09-09T22:35:14Z,graded,0.532258064516129,0.032258064516129004,0.06896551724137945,0.7575757575757576,1.0
8c94552d022acec4a0458d70c19d3da9,Cooper Kupp,receptions,fanduel,2.5,-132.0,100.0,2.0,2026_01_NE_SEA,2026-09-09T22:35:38Z,graded,0.532258064516129,0.032258064516129004,0.06896551724137945,0.7575757575757576,1.0
acc580d74344ea3b31bbcdd057fe6a9c,Brock Purdy,pass_tds,fanduel,1.5,100.0,-132.0,3.0,2026_01_SF_LA,2026-09-09T22:35:37Z,graded,0.4677419354838709,0.032258064516129115,0.06896551724137945,1.0,0.7575757575757576
fc362aff0d889ec52d358307a70c32ed,Bryce Young,interceptions,draftkings,0.5,102.0,-130.0,1.0,2026_01_CHI_CAR,2026-09-09T22:35:34Z,graded,0.4669102720259846,0.03308972797401538,0.06026689625484272,1.02,0.7692307692307693
ed6d24ff979f9c71979fead577b0b3f7,Baker Mayfield,pass_completions,draftkings,21.5,102.0,-130.0,23.0,2026_01_TB_CIN,2026-09-09T22:35:35Z,graded,0.4669102720259846,0.03308972797401538,0.06026689625484272,1.02,0.7692307692307693
95c01d1bb797d6df14824b106c5a9130,DK Metcalf,receptions,draftkings,3.5,-130.0,102.0,4.0,2026_01_ATL_PIT,2026-09-09T22:33:37Z,graded,0.5330897279740154,0.03308972797401544,0.06026689625484272,0.7692307692307693,1.02
95c01d1bb797d6df14824b106c5a9130,Tua Tagovailoa,pass_completions,draftkings,19.5,-130.0,102.0,,2026_01_ATL_PIT,2026-09-09T22:33:37Z,no matching game/player result,0.5330897279740154,0.03308972797401544,0.06026689625484272,0.7692307692307693,1.02
17885cb8dcade8f6c3bce14b2de805e8,Jayden Daniels,interceptions,betmgm,0.5,100.0,-135.0,0.0,2026_01_WAS_PHI,2026-09-09T22:34:50Z,graded,0.4653465346534653,0.034653465346534684,0.07446808510638303,1.0,0.7407407407407407
c1d3fcec25aaeb06ebd2244d33d338e0,Tyler Shough,interceptions,betmgm,0.5,100.0,-135.0,2.0,2026_01_NO_DET,2026-09-09T22:34:50Z,graded,0.4653465346534653,0.034653465346534684,0.07446808510638303,1.0,0.7407407407407407
1edfa5ceaa1ad2cb57df1c1b908731f6,David Njoku,receptions,fanatics,1.5,-135.0,100.0,5.0,2026_01_ARI_LAC,2026-09-09T22:35:00Z,graded,0.5346534653465347,0.034653465346534684,0.07446808510638303,0.7407407407407407,1.0
5ad8135dc2b5f27de0b777acd317855a,Patrick Mahomes,pass_tds,betmgm,1.5,100.0,-135.0,2.0,2026_01_DEN_KC,2026-09-09T22:34:49Z,graded,0.4653465346534653,0.034653465346534684,0.07446808510638303,1.0,0.7407407407407407
b6cfdcbafa61ce220ba87dc2d9b80c77,Lamar Jackson,pass_tds,betmgm,1.5,100.0,-135.0,1.0,2026_01_BAL_IND,2026-09-09T22:34:24Z,graded,0.4653465346534653,0.034653465346534684,0.07446808510638303,1.0,0.7407407407407407
fc362aff0d889ec52d358307a70c32ed,Caleb Williams,pass_tds,betmgm,1.5,100.0,-135.0,2.0,2026_01_CHI_CAR,2026-09-09T22:34:49Z,graded,0.4653465346534653,0.034653465346534684,0.07446808510638303,1.0,0.7407407407407407
8c94552d022acec4a0458d70c19d3da9,Cooper Kupp,receptions,betmgm,2.5,-135.0,100.0,2.0,2026_01_NE_SEA,2026-09-09T22:35:11Z,graded,0.5346534653465347,0.034653465346534684,0.07446808510638303,0.7407407407407407,1.0
17885cb8dcade8f6c3bce14b2de805e8,Dallas Goedert,receptions,betmgm,3.5,100.0,-135.0,4.0,2026_01_WAS_PHI,2026-09-09T22:34:50Z,graded,0.4653465346534653,0.034653465346534684,0.07446808510638303,1.0,0.7407407407407407
95c01d1bb797d6df14824b106c5a9130,Bijan Robinson,receptions,betmgm,4.5,100.0,-135.0,8.0,2026_01_ATL_PIT,2026-09-09T22:34:49Z,graded,0.4653465346534653,0.034653465346534684,0.07446808510638303,1.0,0.7407407407407407
fc362aff0d889ec52d358307a70c32ed,Luther Burden,receptions,fanatics,4.5,-135.0,100.0,5.0,2026_01_CHI_CAR,2026-09-09T22:35:02Z,graded,0.5346534653465347,0.034653465346534684,0.07446808510638303,0.7407407407407407,1.0
8c94552d022acec4a0458d70c19d3da9,A.J. Brown,receptions,fanatics,5.5,100.0,-135.0,3.0,2026_01_NE_SEA,2026-09-09T22:34:41Z,graded,0.4653465346534653,0.034653465346534684,0.07446808510638303,1.0,0.7407407407407407
7e09efed7e12c659b82740b67ce2f9a1,Josh Allen,rush_attempts,betmgm,6.5,100.0,-135.0,6.0,2026_01_BUF_HOU,2026-09-09T22:35:10Z,graded,0.4653465346534653,0.034653465346534684,0.07446808510638303,1.0,0.7407407407407407
cb77efed7e711d25a72c1a2a0a1af119,Aaron Jones,rush_attempts,betmgm,8.5,100.0,-135.0,12.0,2026_01_GB_MIN,2026-09-09T22:35:11Z,graded,0.4653465346534653,0.034653465346534684,0.07446808510638303,1.0,0.7407407407407407
acc580d74344ea3b31bbcdd057fe6a9c,Blake Corum,rush_attempts,betmgm,10.5,100.0,-135.0,10.0,2026_01_SF_LA,2026-09-09T22:35:34Z,graded,0.4653465346534653,0.034653465346534684,0.07446808510638303,1.0,0.7407407407407407
acc580d74344ea3b31bbcdd057fe6a9c,Blake Corum,rush_attempts,fanatics,10.5,100.0,-135.0,10.0,2026_01_SF_LA,2026-09-09T22:35:26Z,graded,0.4653465346534653,0.034653465346534684,0.07446808510638303,1.0,0.7407407407407407
cb77efed7e711d25a72c1a2a0a1af119,Jordan Mason,rush_attempts,fanatics,10.5,-135.0,100.0,15.0,2026_01_GB_MIN,2026-09-09T22:33:52Z,graded,0.5346534653465347,0.034653465346534684,0.07446808510638303,0.7407407407407407,1.0
e55c6fe19fce094ce214c8b0e5b504e9,Quinshon Judkins,recv_yds,fanatics,10.5,100.0,-135.0,17.0,2026_01_CLE_JAX,2026-09-09T22:35:03Z,graded,0.4653465346534653,0.034653465346534684,0.07446808510638303,1.0,0.7407407407407407
7dddb296a42e7a41a774b24bd1709ce1,Tony Pollard,rush_attempts,fanatics,13.5,-135.0,100.0,7.0,2026_01_NYJ_TEN,2026-09-09T22:35:24Z,graded,0.5346534653465347,0.034653465346534684,0.07446808510638303,0.7407407407407407,1.0
8c94552d022acec4a0458d70c19d3da9,Jadarian Price,rush_attempts,betmgm,13.5,100.0,-135.0,10.0,2026_01_NE_SEA,2026-09-09T22:35:11Z,graded,0.4653465346534653,0.034653465346534684,0.07446808510638303,1.0,0.7407407407407407
ed6d24ff979f9c71979fead577b0b3f7,Chase Brown,rush_attempts,betmgm,14.5,100.0,-135.0,16.0,2026_01_TB_CIN,2026-09-09T22:34:52Z,graded,0.4653465346534653,0.034653465346534684,0.07446808510638303,1.0,0.7407407407407407
8c94552d022acec4a0458d70c19d3da9,Rhamondre Stevenson,rush_attempts,betmgm,15.5,-135.0,100.0,18.0,2026_01_NE_SEA,2026-09-09T22:35:11Z,graded,0.5346534653465347,0.034653465346534684,0.07446808510638303,0.7407407407407407,1.0
e55c6fe19fce094ce214c8b0e5b504e9,Quinshon Judkins,rush_attempts,fanatics,15.5,-135.0,100.0,12.0,2026_01_CLE_JAX,2026-09-09T22:35:03Z,graded,0.5346534653465347,0.034653465346534684,0.07446808510638303,0.7407407407407407,1.0
b6cfdcbafa61ce220ba87dc2d9b80c77,Lamar Jackson,pass_completions,betmgm,17.5,-135.0,100.0,17.0,2026_01_BAL_IND,2026-09-09T22:34:24Z,graded,0.5346534653465347,0.034653465346534684,0.07446808510638303,0.7407407407407407,1.0
c5d95f48a16849ab6bebc68fbbfcb74a,Kirk Cousins,pass_completions,fanatics,19.5,-135.0,100.0,21.0,2026_01_MIA_LV,2026-09-09T22:35:03Z,graded,0.5346534653465347,0.034653465346534684,0.07446808510638303,0.7407407407407407,1.0
1edfa5ceaa1ad2cb57df1c1b908731f6,Justin Herbert,pass_completions,fanatics,20.5,-135.0,100.0,17.0,2026_01_ARI_LAC,2026-09-09T22:35:00Z,graded,0.5346534653465347,0.034653465346534684,0.07446808510638303,0.7407407407407407,1.0
8c94552d022acec4a0458d70c19d3da9,Sam Darnold,pass_completions,betmgm,20.5,100.0,-135.0,1.0,2026_01_NE_SEA,2026-09-09T22:35:11Z,graded,0.4653465346534653,0.034653465346534684,0.07446808510638303,1.0,0.7407407407407407
fc362aff0d889ec52d358307a70c32ed,Caleb Williams,pass_completions,fanatics,20.5,100.0,-135.0,21.0,2026_01_CHI_CAR,2026-09-09T22:35:02Z,graded,0.4653465346534653,0.034653465346534684,0.07446808510638303,1.0,0.7407407407407407
fc362aff0d889ec52d358307a70c32ed,Caleb Williams,rush_yds,fanatics,20.5,100.0,-135.0,65.0,2026_01_CHI_CAR,2026-09-09T22:35:02Z,graded,0.4653465346534653,0.034653465346534684,0.07446808510638303,1.0,0.7407407407407407
7dddb296a42e7a41a774b24bd1709ce1,Gunnar Helm,recv_yds,betmgm,22.5,100.0,-135.0,28.0,2026_01_NYJ_TEN,2026-09-09T22:34:03Z,graded,0.4653465346534653,0.034653465346534684,0.07446808510638303,1.0,0.7407407407407407
ed6d24ff979f9c71979fead577b0b3f7,Mike Gesicki,recv_yds,betmgm,22.5,100.0,-135.0,78.0,2026_01_TB_CIN,2026-09-09T22:34:52Z,graded,0.4653465346534653,0.034653465346534684,0.07446808510638303,1.0,0.7407407407407407
fc362aff0d889ec52d358307a70c32ed,Bryce Young,pass_attempts,fanatics,29.5,-135.0,100.0,37.0,2026_01_CHI_CAR,2026-09-09T22:35:02Z,graded,0.5346534653465347,0.034653465346534684,0.07446808510638303,0.7407407407407407,1.0
b6cfdcbafa61ce220ba87dc2d9b80c77,Daniel Jones,pass_attempts,fanatics,31.5,-135.0,100.0,31.0,2026_01_BAL_IND,2026-09-09T22:35:02Z,graded,0.5346534653465347,0.034653465346534684,0.07446808510638303,0.7407407407407407,1.0
e55c6fe19fce094ce214c8b0e5b504e9,Trevor Lawrence,pass_attempts,fanatics,31.5,-135.0,100.0,23.0,2026_01_CLE_JAX,2026-09-09T22:35:03Z,graded,0.5346534653465347,0.034653465346534684,0.07446808510638303,0.7407407407407407,1.0
95c01d1bb797d6df14824b106c5a9130,DK Metcalf,recv_yds,fanatics,45.5,-135.0,100.0,40.0,2026_01_ATL_PIT,2026-09-09T22:35:46Z,graded,0.5346534653465347,0.034653465346534684,0.07446808510638303,0.7407407407407407,1.0
7dddb296a42e7a41a774b24bd1709ce1,Garrett Wilson,recv_yds,fanatics,55.5,-135.0,100.0,79.0,2026_01_NYJ_TEN,2026-09-09T22:35:24Z,graded,0.5346534653465347,0.034653465346534684,0.07446808510638303,0.7407407407407407,1.0
e55c6fe19fce094ce214c8b0e5b504e9,Quinshon Judkins,rush_yds,fanatics,55.5,-135.0,100.0,33.0,2026_01_CLE_JAX,2026-09-09T22:35:03Z,graded,0.5346534653465347,0.034653465346534684,0.07446808510638303,0.7407407407407407,1.0
fc362aff0d889ec52d358307a70c32ed,Tetairoa McMillan,recv_yds,fanatics,55.5,-135.0,100.0,75.0,2026_01_CHI_CAR,2026-09-09T22:35:02Z,graded,0.5346534653465347,0.034653465346534684,0.07446808510638303,0.7407407407407407,1.0
c5d95f48a16849ab6bebc68fbbfcb74a,De'Von Achane,rush_yds,fanatics,65.5,-135.0,100.0,36.0,2026_01_MIA_LV,2026-09-09T22:35:03Z,graded,0.5346534653465347,0.034653465346534684,0.07446808510638303,0.7407407407407407,1.0
ed6d24ff979f9c71979fead577b0b3f7,Ja'Marr Chase,recv_yds,fanatics,80.5,-135.0,100.0,12.0,2026_01_TB_CIN,2026-09-09T22:35:02Z,graded,0.5346534653465347,0.034653465346534684,0.07446808510638303,0.7407407407407407,1.0
8c94552d022acec4a0458d70c19d3da9,Drake Maye,pass_yds,betmgm,230.5,-135.0,100.0,178.0,2026_01_NE_SEA,2026-09-09T22:35:11Z,graded,0.5346534653465347,0.034653465346534684,0.07446808510638303,0.7407407407407407,1.0
e55c6fe19fce094ce214c8b0e5b504e9,Trevor Lawrence,rush_attempts,betonlineag,4.5,-132.0,102.0,2.0,2026_01_CLE_JAX,2026-09-09T22:34:34Z,graded,0.5347344777795604,0.0347344777795604,0.0640150221918745,0.7575757575757576,1.02
95c01d1bb797d6df14824b106c5a9130,Aaron Rodgers,pass_completions,betonlineag,20.5,-132.0,102.0,24.0,2026_01_ATL_PIT,2026-09-09T22:35:15Z,graded,0.5347344777795604,0.0347344777795604,0.0640150221918745,0.7575757575757576,1.02
5ad8135dc2b5f27de0b777acd317855a,Tyquan Thornton,receptions,betonlineag,1.5,102.0,-132.0,0.0,2026_01_DEN_KC,2026-09-09T22:34:52Z,graded,0.46526552222043954,0.03473447777956046,0.0640150221918745,1.02,0.7575757575757576
c1d3fcec25aaeb06ebd2244d33d338e0,Isaac TeSlaa,receptions,betonlineag,1.5,102.0,-132.0,0.0,2026_01_NO_DET,2026-09-09T22:35:16Z,graded,0.46526552222043954,0.03473447777956046,0.0640150221918745,1.02,0.7575757575757576
cb77efed7e711d25a72c1a2a0a1af119,Jordan Love,pass_tds,betonlineag,1.5,102.0,-132.0,2.0,2026_01_GB_MIN,2026-09-09T22:35:17Z,graded,0.46526552222043954,0.03473447777956046,0.0640150221918745,1.02,0.7575757575757576
acc580d74344ea3b31bbcdd057fe6a9c,Puka Nacua,rush_yds,fanduel,2.5,102.0,-132.0,0.0,2026_01_SF_LA,2026-09-09T22:35:37Z,graded,0.46526552222043954,0.03473447777956046,0.0640150221918745,1.02,0.7575757575757576
cb77efed7e711d25a72c1a2a0a1af119,Jordan Addison,receptions,betonlineag,3.5,102.0,-132.0,0.0,2026_01_GB_MIN,2026-09-09T22:35:17Z,graded,0.46526552222043954,0.03473447777956046,0.0640150221918745,1.02,0.7575757575757576
e55c6fe19fce094ce214c8b0e5b504e9,Trevor Lawrence,rush_attempts,draftkings,4.5,-131.0,103.0,2.0,2026_01_CLE_JAX,2026-09-09T22:35:14Z,graded,0.53514579518242,0.03514579518242,0.05971040453799081,0.7633587786259542,1.03
1edfa5ceaa1ad2cb57df1c1b908731f6,Justin Herbert,pass_completions,draftkings,20.5,-131.0,103.0,17.0,2026_01_ARI_LAC,2026-09-09T22:35:12Z,graded,0.53514579518242,0.03514579518242,0.05971040453799081,0.7633587786259542,1.03
1edfa5ceaa1ad2cb57df1c1b908731f6,Quentin Johnston,receptions,draftkings,3.5,103.0,-131.0,2.0,2026_01_ARI_LAC,2026-09-09T22:35:12Z,graded,0.46485420481757994,0.03514579518242006,0.05971040453799081,1.03,0.7633587786259542
3e646c7479c57f5d9752d8c7dfe7059b,Isaiah Likely,receptions,draftkings,3.5,103.0,-131.0,8.0,2026_01_DAL_NYG,2026-09-09T22:35:13Z,graded,0.46485420481757994,0.03514579518242006,0.05971040453799081,1.03,0.7633587786259542
7e09efed7e12c659b82740b67ce2f9a1,Nico Collins,receptions,draftkings,5.5,103.0,-132.0,7.0,2026_01_BUF_HOU,2026-09-09T22:35:20Z,graded,0.4640371229698376,0.03596287703016238,0.061576354679802936,1.03,0.7575757575757576
fc362aff0d889ec52d358307a70c32ed,Kalif Raymond,receptions,draftkings,1.5,-132.0,103.0,8.0,2026_01_CHI_CAR,2026-09-09T22:35:34Z,graded,0.5359628770301624,0.03596287703016243,0.061576354679802936,0.7575757575757576,1.03
fc362aff0d889ec52d358307a70c32ed,Caleb Williams,pass_completions,draftkings,19.5,-132.0,103.0,21.0,2026_01_CHI_CAR,2026-09-09T22:35:34Z,graded,0.5359628770301624,0.03596287703016243,0.061576354679802936,0.7575757575757576,1.03
b6cfdcbafa61ce220ba87dc2d9b80c77,Lamar Jackson,pass_tds,betrivers,1.5,102.0,-134.0,1.0,2026_01_BAL_IND,2026-09-09T22:35:12Z,graded,0.46366014107949594,0.036339858920504065,0.06769907760006766,1.02,0.746268656716418
7e09efed7e12c659b82740b67ce2f9a1,Khalil Shakir,receptions,betonlineag,3.5,-133.0,103.0,4.0,2026_01_BUF_HOU,2026-09-09T22:34:56Z,graded,0.5367701147140101,0.03677011471401015,0.06342628808220052,0.7518796992481203,1.03
cb77efed7e711d25a72c1a2a0a1af119,Jordan Mason,rush_attempts,betonlineag,10.5,-133.0,103.0,15.0,2026_01_GB_MIN,2026-09-09T22:35:17Z,graded,0.5367701147140101,0.03677011471401015,0.06342628808220052,0.7518796992481203,1.03
1edfa5ceaa1ad2cb57df1c1b908731f6,Justin Herbert,pass_completions,betonlineag,20.5,-133.0,103.0,17.0,2026_01_ARI_LAC,2026-09-09T22:35:12Z,graded,0.5367701147140101,0.03677011471401015,0.06342628808220052,0.7518796992481203,1.03
7dddb296a42e7a41a774b24bd1709ce1,Cam Ward,interceptions,betonlineag,0.5,103.0,-133.0,0.0,2026_01_NYJ_TEN,2026-09-09T22:34:56Z,graded,0.46322988528598974,0.03677011471401026,0.06342628808220052,1.03,0.7518796992481203
b6cfdcbafa61ce220ba87dc2d9b80c77,Lamar Jackson,pass_tds,betonlineag,1.5,103.0,-133.0,1.0,2026_01_BAL_IND,2026-09-09T22:35:14Z,graded,0.46322988528598974,0.03677011471401026,0.06342628808220052,1.03,0.7518796992481203
1edfa5ceaa1ad2cb57df1c1b908731f6,Tre Harris,receptions,betonlineag,2.5,103.0,-133.0,3.0,2026_01_ARI_LAC,2026-09-09T22:35:12Z,graded,0.46322988528598974,0.03677011471401026,0.06342628808220052,1.03,0.7518796992481203
17885cb8dcade8f6c3bce14b2de805e8,DeVonta Smith,receptions,betonlineag,5.5,103.0,-133.0,3.0,2026_01_WAS_PHI,2026-09-09T22:34:52Z,graded,0.46322988528598974,0.03677011471401026,0.06342628808220052,1.03,0.7518796992481203
5ad8135dc2b5f27de0b777acd317855a,Kenneth Walker,rush_attempts,betonlineag,16.5,103.0,-133.0,23.0,2026_01_DEN_KC,2026-09-09T22:34:52Z,graded,0.46322988528598974,0.03677011471401026,0.06342628808220052,1.03,0.7518796992481203
c5d95f48a16849ab6bebc68fbbfcb74a,Malik Willis,rush_attempts,draftkings,7.5,104.0,-132.0,6.0,2026_01_MIA_LV,2026-09-09T22:35:37Z,graded,0.46281519310564956,0.03718480689435044,0.05916159567275181,1.04,0.7575757575757576
8c94552d022acec4a0458d70c19d3da9,Drake Maye,pass_completions,draftkings,20.5,104.0,-132.0,23.0,2026_01_NE_SEA,2026-09-09T22:35:35Z,graded,0.46281519310564956,0.03718480689435044,0.05916159567275181,1.04,0.7575757575757576
3e646c7479c57f5d9752d8c7dfe7059b,Jaxson Dart,interceptions,betrivers,0.5,102.0,-136.0,0.0,2026_01_DAL_NYG,2026-09-09T22:35:36Z,graded,0.46209273182957394,0.037907268170426056,0.07132069139117303,1.02,0.7352941176470589
acc580d74344ea3b31bbcdd057fe6a9c,Brock Purdy,pass_tds,betrivers,1.5,102.0,-136.0,3.0,2026_01_SF_LA,2026-09-09T22:35:11Z,graded,0.46209273182957394,0.037907268170426056,0.07132069139117303,1.02,0.7352941176470589
c1d3fcec25aaeb06ebd2244d33d338e0,Isaac TeSlaa,receptions,fanduel,1.5,102.0,-136.0,0.0,2026_01_NO_DET,2026-09-09T22:35:40Z,graded,0.46209273182957394,0.037907268170426056,0.07132069139117303,1.02,0.7352941176470589
17885cb8dcade8f6c3bce14b2de805e8,Dallas Goedert,receptions,fanduel,3.5,102.0,-136.0,4.0,2026_01_WAS_PHI,2026-09-09T22:35:16Z,graded,0.46209273182957394,0.037907268170426056,0.07132069139117303,1.02,0.7352941176470589
c5d95f48a16849ab6bebc68fbbfcb74a,Ashton Jeanty,receptions,fanduel,3.5,102.0,-136.0,6.0,2026_01_MIA_LV,2026-09-09T22:35:17Z,graded,0.46209273182957394,0.037907268170426056,0.07132069139117303,1.02,0.7352941176470589
cb77efed7e711d25a72c1a2a0a1af119,Jordan Addison,receptions,fanduel,3.5,102.0,-136.0,0.0,2026_01_GB_MIN,2026-09-09T22:35:38Z,graded,0.46209273182957394,0.037907268170426056,0.07132069139117303,1.02,0.7352941176470589
e55c6fe19fce094ce214c8b0e5b504e9,KC Concepcion,receptions,fanduel,3.5,102.0,-136.0,4.0,2026_01_CLE_JAX,2026-09-09T22:35:42Z,graded,0.46209273182957394,0.037907268170426056,0.07132069139117303,1.02,0.7352941176470589
7e09efed7e12c659b82740b67ce2f9a1,Nico Collins,receptions,fanduel,5.5,102.0,-136.0,7.0,2026_01_BUF_HOU,2026-09-09T22:35:15Z,graded,0.46209273182957394,0.037907268170426056,0.07132069139117303,1.02,0.7352941176470589
c1d3fcec25aaeb06ebd2244d33d338e0,Chris Olave,receptions,fanduel,6.5,102.0,-136.0,10.0,2026_01_NO_DET,2026-09-09T22:35:40Z,graded,0.46209273182957394,0.037907268170426056,0.07132069139117303,1.02,0.7352941176470589
3e646c7479c57f5d9752d8c7dfe7059b,Dak Prescott,pass_tds,betrivers,1.5,-136.0,102.0,2.0,2026_01_DAL_NYG,2026-09-09T22:35:36Z,graded,0.5379072681704261,0.03790726817042611,0.07132069139117303,0.7352941176470589,1.02
95c01d1bb797d6df14824b106c5a9130,DK Metcalf,receptions,fanduel,3.5,-136.0,102.0,4.0,2026_01_ATL_PIT,2026-09-09T22:35:14Z,graded,0.5379072681704261,0.03790726817042611,0.07132069139117303,0.7352941176470589,1.02
95c01d1bb797d6df14824b106c5a9130,Aaron Rodgers,pass_completions,draftkings,20.5,-133.0,104.0,24.0,2026_01_ATL_PIT,2026-09-09T22:33:37Z,graded,0.5379917512690355,0.037991751269035534,0.061011529075149395,0.7518796992481203,1.04
7dddb296a42e7a41a774b24bd1709ce1,Mason Taylor,receptions,draftkings,2.5,104.0,-133.0,2.0,2026_01_NYJ_TEN,2026-09-09T22:34:59Z,graded,0.4620082487309644,0.03799175126903559,0.061011529075149395,1.04,0.7518796992481203
95c01d1bb797d6df14824b106c5a9130,Kyle Pitts,receptions,draftkings,4.5,104.0,-133.0,0.0,2026_01_ATL_PIT,2026-09-09T22:33:37Z,graded,0.4620082487309644,0.03799175126903559,0.061011529075149395,1.04,0.7518796992481203
cb77efed7e711d25a72c1a2a0a1af119,MarShawn Lloyd,rush_attempts,draftkings,12.5,104.0,-133.0,13.0,2026_01_GB_MIN,2026-09-09T22:35:37Z,graded,0.4620082487309644,0.03799175126903559,0.061011529075149395,1.04,0.7518796992481203
cb77efed7e711d25a72c1a2a0a1af119,Jordan Love,interceptions,betrivers,0.5,102.0,-137.0,1.0,2026_01_GB_MIN,2026-09-09T22:35:35Z,graded,0.461322848133297,0.03867715186670301,0.0731085766804529,1.02,0.7299270072992701
fc362aff0d889ec52d358307a70c32ed,Caleb Williams,interceptions,betrivers,0.5,102.0,-137.0,0.0,2026_01_CHI_CAR,2026-09-09T22:35:35Z,graded,0.461322848133297,0.03867715186670301,0.0731085766804529,1.02,0.7299270072992701
1edfa5ceaa1ad2cb57df1c1b908731f6,Jacoby Brissett,interceptions,betonlineag,0.5,-135.0,104.0,0.0,2026_01_ARI_LAC,2026-09-09T22:35:12Z,graded,0.539576802507837,0.03957680250783702,0.06466416353775561,0.7407407407407407,1.04
7dddb296a42e7a41a774b24bd1709ce1,Adonai Mitchell,receptions,betonlineag,2.5,-135.0,104.0,3.0,2026_01_NYJ_TEN,2026-09-09T22:34:56Z,graded,0.539576802507837,0.03957680250783702,0.06466416353775561,0.7407407407407407,1.04
fc362aff0d889ec52d358307a70c32ed,Caleb Williams,pass_completions,betonlineag,19.5,-135.0,104.0,21.0,2026_01_CHI_CAR,2026-09-09T22:34:54Z,graded,0.539576802507837,0.03957680250783702,0.06466416353775561,0.7407407407407407,1.04
ed6d24ff979f9c71979fead577b0b3f7,Baker Mayfield,interceptions,betonlineag,0.5,104.0,-135.0,0.0,2026_01_TB_CIN,2026-09-09T22:34:50Z,graded,0.46042319749216293,0.03957680250783707,0.06466416353775561,1.04,0.7407407407407407
7dddb296a42e7a41a774b24bd1709ce1,Mason Taylor,receptions,betonlineag,2.5,104.0,-135.0,2.0,2026_01_NYJ_TEN,2026-09-09T22:34:56Z,graded,0.46042319749216293,0.03957680250783707,0.06466416353775561,1.04,0.7407407407407407
c5d95f48a16849ab6bebc68fbbfcb74a,Tre Tucker,receptions,betonlineag,4.5,104.0,-135.0,2.0,2026_01_MIA_LV,2026-09-09T22:35:35Z,graded,0.46042319749216293,0.03957680250783707,0.06466416353775561,1.04,0.7407407407407407
3e646c7479c57f5d9752d8c7dfe7059b,Jaxson Dart,rush_attempts,betonlineag,6.5,104.0,-135.0,11.0,2026_01_DAL_NYG,2026-09-09T22:35:13Z,graded,0.46042319749216293,0.03957680250783707,0.06466416353775561,1.04,0.7407407407407407
cb77efed7e711d25a72c1a2a0a1af119,Jordan Love,rush_attempts,draftkings,2.5,-134.0,105.0,1.0,2026_01_GB_MIN,2026-09-09T22:35:37Z,graded,0.5400039315903282,0.04000393159032822,0.06045445069835309,0.746268656716418,1.05
95c01d1bb797d6df14824b106c5a9130,Bijan Robinson,receptions,draftkings,4.5,105.0,-134.0,8.0,2026_01_ATL_PIT,2026-09-09T22:33:37Z,graded,0.4599960684096717,0.04000393159032828,0.06045445069835309,1.05,0.746268656716418
acc580d74344ea3b31bbcdd057fe6a9c,Kyren Williams,rush_attempts,draftkings,13.5,105.0,-134.0,11.0,2026_01_SF_LA,2026-09-09T22:34:50Z,graded,0.4599960684096717,0.04000393159032828,0.06045445069835309,1.05,0.746268656716418
17885cb8dcade8f6c3bce14b2de805e8,Jayden Daniels,interceptions,bovada,0.5,105.0,-135.0,0.0,2026_01_WAS_PHI,2026-09-09T22:34:54Z,graded,0.4592085979482169,0.04079140205178311,0.06227296315516351,1.05,0.7407407407407407
c5d95f48a16849ab6bebc68fbbfcb74a,Malik Willis,interceptions,bovada,0.5,-135.0,105.0,1.0,2026_01_MIA_LV,2026-09-09T22:35:16Z,graded,0.5407914020517831,0.04079140205178311,0.06227296315516351,0.7407407407407407,1.05
c5d95f48a16849ab6bebc68fbbfcb74a,Malik Willis,interceptions,draftkings,0.5,-135.0,105.0,1.0,2026_01_MIA_LV,2026-09-09T22:35:37Z,graded,0.5407914020517831,0.04079140205178311,0.06227296315516351,0.7407407407407407,1.05
cb77efed7e711d25a72c1a2a0a1af119,Kyler Murray,interceptions,bovada,0.5,105.0,-135.0,1.0,2026_01_GB_MIN,2026-09-09T22:34:56Z,graded,0.4592085979482169,0.04079140205178311,0.06227296315516351,1.05,0.7407407407407407
3e646c7479c57f5d9752d8c7dfe7059b,Odell Beckham,receptions,bovada,1.5,105.0,-135.0,,2026_01_DAL_NYG,2026-09-09T22:34:54Z,no matching game/player result,0.4592085979482169,0.04079140205178311,0.06227296315516351,1.05,0.7407407407407407
8c94552d022acec4a0458d70c19d3da9,Jadarian Price,receptions,betonlineag,1.5,105.0,-135.0,2.0,2026_01_NE_SEA,2026-09-09T22:34:52Z,graded,0.4592085979482169,0.04079140205178311,0.06227296315516351,1.05,0.7407407407407407
8c94552d022acec4a0458d70c19d3da9,Jadarian Price,receptions,bovada,1.5,105.0,-135.0,2.0,2026_01_NE_SEA,2026-09-09T22:34:55Z,graded,0.4592085979482169,0.04079140205178311,0.06227296315516351,1.05,0.7407407407407407
95c01d1bb797d6df14824b106c5a9130,Rico Dowdle,receptions,bovada,1.5,-135.0,105.0,2.0,2026_01_ATL_PIT,2026-09-09T22:34:53Z,graded,0.5407914020517831,0.04079140205178311,0.06227296315516351,0.7407407407407407,1.05
c1d3fcec25aaeb06ebd2244d33d338e0,Isaac TeSlaa,receptions,bovada,1.5,105.0,-135.0,0.0,2026_01_NO_DET,2026-09-09T22:34:55Z,graded,0.4592085979482169,0.04079140205178311,0.06227296315516351,1.05,0.7407407407407407
fc362aff0d889ec52d358307a70c32ed,Kalif Raymond,receptions,bovada,1.5,-135.0,105.0,8.0,2026_01_CHI_CAR,2026-09-09T22:34:07Z,graded,0.5407914020517831,0.04079140205178311,0.06227296315516351,0.7407407407407407,1.05
7dddb296a42e7a41a774b24bd1709ce1,Mason Taylor,receptions,bovada,2.5,105.0,-135.0,2.0,2026_01_NYJ_TEN,2026-09-09T22:34:30Z,graded,0.4592085979482169,0.04079140205178311,0.06227296315516351,1.05,0.7407407407407407
7dddb296a42e7a41a774b24bd1709ce1,Tyjae Spears,receptions,bovada,2.5,-135.0,105.0,2.0,2026_01_NYJ_TEN,2026-09-09T22:34:30Z,graded,0.5407914020517831,0.04079140205178311,0.06227296315516351,0.7407407407407407,1.05
8c94552d022acec4a0458d70c19d3da9,Cooper Kupp,receptions,betonlineag,2.5,-135.0,105.0,2.0,2026_01_NE_SEA,2026-09-09T22:34:52Z,graded,0.5407914020517831,0.04079140205178311,0.06227296315516351,0.7407407407407407,1.05
ed6d24ff979f9c71979fead577b0b3f7,Jalen McMillan,receptions,betonlineag,2.5,-135.0,105.0,,2026_01_TB_CIN,2026-09-09T22:34:50Z,no matching game/player result,0.5407914020517831,0.04079140205178311,0.06227296315516351,0.7407407407407407,1.05
1edfa5ceaa1ad2cb57df1c1b908731f6,Quentin Johnston,receptions,bovada,3.5,105.0,-135.0,2.0,2026_01_ARI_LAC,2026-09-09T22:34:07Z,graded,0.4592085979482169,0.04079140205178311,0.06227296315516351,1.05,0.7407407407407407
3e646c7479c57f5d9752d8c7dfe7059b,Isaiah Likely,receptions,bovada,3.5,105.0,-135.0,8.0,2026_01_DAL_NYG,2026-09-09T22:34:54Z,graded,0.4592085979482169,0.04079140205178311,0.06227296315516351,1.05,0.7407407407407407
7e09efed7e12c659b82740b67ce2f9a1,Dalton Kincaid,receptions,bovada,3.5,105.0,-135.0,5.0,2026_01_BUF_HOU,2026-09-09T22:35:38Z,graded,0.4592085979482169,0.04079140205178311,0.06227296315516351,1.05,0.7407407407407407
7e09efed7e12c659b82740b67ce2f9a1,Dalton Schultz,receptions,bovada,3.5,-135.0,105.0,4.0,2026_01_BUF_HOU,2026-09-09T22:35:38Z,graded,0.5407914020517831,0.04079140205178311,0.06227296315516351,0.7407407407407407,1.05
acc580d74344ea3b31bbcdd057fe6a9c,Mike Evans,receptions,bovada,3.5,-135.0,105.0,6.0,2026_01_SF_LA,2026-09-09T22:35:39Z,graded,0.5407914020517831,0.04079140205178311,0.06227296315516351,0.7407407407407407,1.05
b6cfdcbafa61ce220ba87dc2d9b80c77,Mark Andrews,receptions,bovada,3.5,105.0,-135.0,4.0,2026_01_BAL_IND,2026-09-09T22:35:16Z,graded,0.4592085979482169,0.04079140205178311,0.06227296315516351,1.05,0.7407407407407407
fc362aff0d889ec52d358307a70c32ed,Jalen Coker,receptions,bovada,3.5,-135.0,105.0,8.0,2026_01_CHI_CAR,2026-09-09T22:34:07Z,graded,0.5407914020517831,0.04079140205178311,0.06227296315516351,0.7407407407407407,1.05
95c01d1bb797d6df14824b106c5a9130,Bijan Robinson,receptions,bovada,4.5,105.0,-135.0,8.0,2026_01_ATL_PIT,2026-09-09T22:34:53Z,graded,0.4592085979482169,0.04079140205178311,0.06227296315516351,1.05,0.7407407407407407
95c01d1bb797d6df14824b106c5a9130,Kyle Pitts,receptions,bovada,4.5,105.0,-135.0,0.0,2026_01_ATL_PIT,2026-09-09T22:34:53Z,graded,0.4592085979482169,0.04079140205178311,0.06227296315516351,1.05,0.7407407407407407
b6cfdcbafa61ce220ba87dc2d9b80c77,Tyler Warren,receptions,bovada,4.5,-135.0,105.0,3.0,2026_01_BAL_IND,2026-09-09T22:35:16Z,graded,0.5407914020517831,0.04079140205178311,0.06227296315516351,0.7407407407407407,1.05
fc362aff0d889ec52d358307a70c32ed,Luther Burden,receptions,betonlineag,4.5,-135.0,105.0,5.0,2026_01_CHI_CAR,2026-09-09T22:34:54Z,graded,0.5407914020517831,0.04079140205178311,0.06227296315516351,0.7407407407407407,1.05
fc362aff0d889ec52d358307a70c32ed,Luther Burden,receptions,bovada,4.5,-135.0,105.0,5.0,2026_01_CHI_CAR,2026-09-09T22:34:07Z,graded,0.5407914020517831,0.04079140205178311,0.06227296315516351,0.7407407407407407,1.05
17885cb8dcade8f6c3bce14b2de805e8,DeVonta Smith,receptions,bovada,5.5,105.0,-135.0,3.0,2026_01_WAS_PHI,2026-09-09T22:34:54Z,graded,0.4592085979482169,0.04079140205178311,0.06227296315516351,1.05,0.7407407407407407
7e09efed7e12c659b82740b67ce2f9a1,Nico Collins,receptions,bovada,5.5,105.0,-135.0,7.0,2026_01_BUF_HOU,2026-09-09T22:35:38Z,graded,0.4592085979482169,0.04079140205178311,0.06227296315516351,1.05,0.7407407407407407
c1d3fcec25aaeb06ebd2244d33d338e0,Chris Olave,receptions,bovada,6.5,105.0,-135.0,10.0,2026_01_NO_DET,2026-09-09T22:34:55Z,graded,0.4592085979482169,0.04079140205178311,0.06227296315516351,1.05,0.7407407407407407
3e646c7479c57f5d9752d8c7dfe7059b,Cam Skattebo,rush_attempts,betonlineag,11.5,-135.0,105.0,18.0,2026_01_DAL_NYG,2026-09-09T22:35:13Z,graded,0.5407914020517831,0.04079140205178311,0.06227296315516351,0.7407407407407407,1.05
7dddb296a42e7a41a774b24bd1709ce1,Breece Hall,rush_attempts,bovada,15.5,-135.0,105.0,22.0,2026_01_NYJ_TEN,2026-09-09T22:34:30Z,graded,0.5407914020517831,0.04079140205178311,0.06227296315516351,0.7407407407407407,1.05
fc362aff0d889ec52d358307a70c32ed,Caleb Williams,pass_completions,bovada,19.5,-135.0,105.0,21.0,2026_01_CHI_CAR,2026-09-09T22:34:07Z,graded,0.5407914020517831,0.04079140205178311,0.06227296315516351,0.7407407407407407,1.05
1edfa5ceaa1ad2cb57df1c1b908731f6,Justin Herbert,pass_completions,bovada,20.5,-135.0,105.0,17.0,2026_01_ARI_LAC,2026-09-09T22:34:07Z,graded,0.5407914020517831,0.04079140205178311,0.06227296315516351,0.7407407407407407,1.05
8c94552d022acec4a0458d70c19d3da9,Drake Maye,pass_completions,bovada,20.5,105.0,-135.0,23.0,2026_01_NE_SEA,2026-09-09T22:34:55Z,graded,0.4592085979482169,0.04079140205178311,0.06227296315516351,1.05,0.7407407407407407
95c01d1bb797d6df14824b106c5a9130,Aaron Rodgers,pass_completions,bovada,20.5,-135.0,105.0,24.0,2026_01_ATL_PIT,2026-09-09T22:34:53Z,graded,0.5407914020517831,0.04079140205178311,0.06227296315516351,0.7407407407407407,1.05
cb77efed7e711d25a72c1a2a0a1af119,Jordan Love,pass_tds,betrivers,1.5,104.0,-137.0,2.0,2026_01_GB_MIN,2026-09-09T22:35:35Z,graded,0.4588754646840148,0.0411245353159852,0.06825515016133044,1.04,0.7299270072992701
3e646c7479c57f5d9752d8c7dfe7059b,Dak Prescott,pass_tds,fanduel,1.5,-138.0,104.0,2.0,2026_01_DAL_NYG,2026-09-09T22:35:15Z,graded,0.5418848167539267,0.041884816753926746,0.07002801120448177,0.7246376811594203,1.04
fc362aff0d889ec52d358307a70c32ed,Cole Kmet,receptions,fanduel,1.5,-138.0,104.0,2.0,2026_01_CHI_CAR,2026-09-09T22:35:22Z,graded,0.5418848167539267,0.041884816753926746,0.07002801120448177,0.7246376811594203,1.04
7dddb296a42e7a41a774b24bd1709ce1,Adonai Mitchell,receptions,fanduel,2.5,-138.0,104.0,3.0,2026_01_NYJ_TEN,2026-09-09T22:35:39Z,graded,0.5418848167539267,0.041884816753926746,0.07002801120448177,0.7246376811594203,1.04
95c01d1bb797d6df14824b106c5a9130,Pat Freiermuth,receptions,fanduel,2.5,-138.0,104.0,5.0,2026_01_ATL_PIT,2026-09-09T22:35:14Z,graded,0.5418848167539267,0.041884816753926746,0.07002801120448177,0.7246376811594203,1.04
ed6d24ff979f9c71979fead577b0b3f7,Chris Godwin,receptions,fanduel,3.5,-138.0,104.0,4.0,2026_01_TB_CIN,2026-09-09T22:35:37Z,graded,0.5418848167539267,0.041884816753926746,0.07002801120448177,0.7246376811594203,1.04
fc362aff0d889ec52d358307a70c32ed,Luther Burden,receptions,fanduel,4.5,-138.0,104.0,5.0,2026_01_CHI_CAR,2026-09-09T22:35:22Z,graded,0.5418848167539267,0.041884816753926746,0.07002801120448177,0.7246376811594203,1.04
95c01d1bb797d6df14824b106c5a9130,Rico Dowdle,receptions,draftkings,1.5,-135.0,106.0,2.0,2026_01_ATL_PIT,2026-09-09T22:33:37Z,graded,0.5419996102124343,0.04199961021243426,0.05990497831026653,0.7407407407407407,1.06
c1d3fcec25aaeb06ebd2244d33d338e0,Isaac TeSlaa,receptions,draftkings,1.5,106.0,-135.0,0.0,2026_01_NO_DET,2026-09-09T22:34:52Z,graded,0.45800038978756574,0.04199961021243426,0.05990497831026653,1.06,0.7407407407407407
b6cfdcbafa61ce220ba87dc2d9b80c77,Tyler Warren,receptions,draftkings,4.5,-135.0,106.0,3.0,2026_01_BAL_IND,2026-09-09T22:34:04Z,graded,0.5419996102124343,0.04199961021243426,0.05990497831026653,0.7407407407407407,1.06
17885cb8dcade8f6c3bce14b2de805e8,DeVonta Smith,receptions,draftkings,5.5,106.0,-135.0,3.0,2026_01_WAS_PHI,2026-09-09T22:33:41Z,graded,0.45800038978756574,0.04199961021243426,0.05990497831026653,1.06,0.7407407407407407
95c01d1bb797d6df14824b106c5a9130,Jaylen Warren,rush_attempts,draftkings,10.5,-135.0,106.0,10.0,2026_01_ATL_PIT,2026-09-09T22:33:37Z,graded,0.5419996102124343,0.04199961021243426,0.05990497831026653,0.7407407407407407,1.06
cb77efed7e711d25a72c1a2a0a1af119,Kyler Murray,interceptions,draftkings,0.5,106.0,-136.0,1.0,2026_01_GB_MIN,2026-09-09T22:35:37Z,graded,0.45722256664600125,0.04277743335399875,0.06170807964456149,1.06,0.7352941176470589
7e09efed7e12c659b82740b67ce2f9a1,Dalton Kincaid,receptions,draftkings,3.5,106.0,-136.0,5.0,2026_01_BUF_HOU,2026-09-09T22:35:20Z,graded,0.45722256664600125,0.04277743335399875,0.06170807964456149,1.06,0.7352941176470589
c5d95f48a16849ab6bebc68fbbfcb74a,Malik Willis,interceptions,betonlineag,0.5,-137.0,106.0,1.0,2026_01_MIA_LV,2026-09-09T22:35:35Z,graded,0.5435460883633142,0.043546088363314195,0.06349596493384135,0.7299270072992701,1.06
8c94552d022acec4a0458d70c19d3da9,Sam Darnold,pass_tds,betonlineag,1.5,106.0,-137.0,0.0,2026_01_NE_SEA,2026-09-09T22:34:52Z,graded,0.4564539116366858,0.043546088363314195,0.06349596493384135,1.06,0.7299270072992701
95c01d1bb797d6df14824b106c5a9130,Pat Freiermuth,receptions,betonlineag,2.5,-137.0,106.0,5.0,2026_01_ATL_PIT,2026-09-09T22:35:15Z,graded,0.5435460883633142,0.043546088363314195,0.06349596493384135,0.7299270072992701,1.06
b6cfdcbafa61ce220ba87dc2d9b80c77,Alec Pierce,receptions,betonlineag,3.5,106.0,-137.0,4.0,2026_01_BAL_IND,2026-09-09T22:35:14Z,graded,0.4564539116366858,0.043546088363314195,0.06349596493384135,1.06,0.7299270072992701
95c01d1bb797d6df14824b106c5a9130,Bijan Robinson,receptions,betonlineag,4.5,106.0,-137.0,8.0,2026_01_ATL_PIT,2026-09-09T22:35:15Z,graded,0.4564539116366858,0.043546088363314195,0.06349596493384135,1.06,0.7299270072992701
95c01d1bb797d6df14824b106c5a9130,Jaylen Warren,rush_attempts,betonlineag,10.5,-137.0,106.0,10.0,2026_01_ATL_PIT,2026-09-09T22:35:15Z,graded,0.5435460883633142,0.043546088363314195,0.06349596493384135,0.7299270072992701,1.06
acc580d74344ea3b31bbcdd057fe6a9c,Kyren Williams,rush_attempts,betonlineag,13.5,106.0,-137.0,11.0,2026_01_SF_LA,2026-09-09T22:35:41Z,graded,0.4564539116366858,0.043546088363314195,0.06349596493384135,1.06,0.7299270072992701
17885cb8dcade8f6c3bce14b2de805e8,Jayden Daniels,interceptions,draftkings,0.5,107.0,-136.0,0.0,2026_01_WAS_PHI,2026-09-09T22:33:41Z,graded,0.45602102334209305,0.043978976657906954,0.059362973880291436,1.07,0.7352941176470589
3e646c7479c57f5d9752d8c7dfe7059b,Odell Beckham,receptions,draftkings,1.5,107.0,-136.0,,2026_01_DAL_NYG,2026-09-09T22:35:13Z,no matching game/player result,0.45602102334209305,0.043978976657906954,0.059362973880291436,1.07,0.7352941176470589
8c94552d022acec4a0458d70c19d3da9,Jadarian Price,receptions,draftkings,1.5,107.0,-136.0,2.0,2026_01_NE_SEA,2026-09-09T22:35:35Z,graded,0.45602102334209305,0.043978976657906954,0.059362973880291436,1.07,0.7352941176470589
8c94552d022acec4a0458d70c19d3da9,Sam Darnold,pass_tds,draftkings,1.5,107.0,-136.0,0.0,2026_01_NE_SEA,2026-09-09T22:35:35Z,graded,0.45602102334209305,0.043978976657906954,0.059362973880291436,1.07,0.7352941176470589
7e09efed7e12c659b82740b67ce2f9a1,Dalton Schultz,receptions,draftkings,3.5,-136.0,107.0,4.0,2026_01_BUF_HOU,2026-09-09T22:35:20Z,graded,0.543978976657907,0.043978976657906954,0.059362973880291436,0.7352941176470589,1.07
acc580d74344ea3b31bbcdd057fe6a9c,Mike Evans,receptions,draftkings,3.5,-136.0,107.0,6.0,2026_01_SF_LA,2026-09-09T22:34:50Z,graded,0.543978976657907,0.043978976657906954,0.059362973880291436,0.7352941176470589,1.07
fc362aff0d889ec52d358307a70c32ed,Jalen Coker,receptions,draftkings,3.5,-136.0,107.0,8.0,2026_01_CHI_CAR,2026-09-09T22:35:34Z,graded,0.543978976657907,0.043978976657906954,0.059362973880291436,0.7352941176470589,1.07
fc362aff0d889ec52d358307a70c32ed,Luther Burden,receptions,draftkings,4.5,-136.0,107.0,5.0,2026_01_CHI_CAR,2026-09-09T22:35:34Z,graded,0.543978976657907,0.043978976657906954,0.059362973880291436,0.7352941176470589,1.07
c1d3fcec25aaeb06ebd2244d33d338e0,Chris Olave,receptions,draftkings,6.5,107.0,-136.0,10.0,2026_01_NO_DET,2026-09-09T22:34:52Z,graded,0.45602102334209305,0.043978976657906954,0.059362973880291436,1.07,0.7352941176470589
8c94552d022acec4a0458d70c19d3da9,Jadarian Price,rush_attempts,draftkings,13.5,107.0,-136.0,10.0,2026_01_NE_SEA,2026-09-09T22:35:35Z,graded,0.45602102334209305,0.043978976657906954,0.059362973880291436,1.07,0.7352941176470589
acc580d74344ea3b31bbcdd057fe6a9c,Mike Evans,receptions,betmgm,3.5,-140.0,105.0,6.0,2026_01_SF_LA,2026-09-09T22:35:34Z,graded,0.5445920303605313,0.044592030360531276,0.07113821138211396,0.7142857142857143,1.05
17885cb8dcade8f6c3bce14b2de805e8,Rachaad White,rush_attempts,betmgm,6.5,-140.0,105.0,7.0,2026_01_WAS_PHI,2026-09-09T22:34:50Z,graded,0.5445920303605313,0.044592030360531276,0.07113821138211396,0.7142857142857143,1.05
b6cfdcbafa61ce220ba87dc2d9b80c77,Lamar Jackson,rush_attempts,betmgm,6.5,-140.0,105.0,7.0,2026_01_BAL_IND,2026-09-09T22:34:24Z,graded,0.5445920303605313,0.044592030360531276,0.07113821138211396,0.7142857142857143,1.05
acc580d74344ea3b31bbcdd057fe6a9c,Brock Purdy,rush_yds,fanatics,15.5,-140.0,105.0,29.0,2026_01_SF_LA,2026-09-09T22:35:26Z,graded,0.5445920303605313,0.044592030360531276,0.07113821138211396,0.7142857142857143,1.05
3e646c7479c57f5d9752d8c7dfe7059b,Javonte Williams,rush_attempts,fanatics,16.5,-140.0,105.0,12.0,2026_01_DAL_NYG,2026-09-09T22:35:24Z,graded,0.5445920303605313,0.044592030360531276,0.07113821138211396,0.7142857142857143,1.05
95c01d1bb797d6df14824b106c5a9130,Bijan Robinson,rush_attempts,fanatics,17.5,-140.0,105.0,21.0,2026_01_ATL_PIT,2026-09-09T22:35:46Z,graded,0.5445920303605313,0.044592030360531276,0.07113821138211396,0.7142857142857143,1.05
3e646c7479c57f5d9752d8c7dfe7059b,Jaxson Dart,pass_completions,fanatics,18.5,-140.0,105.0,23.0,2026_01_DAL_NYG,2026-09-09T22:35:24Z,graded,0.5445920303605313,0.044592030360531276,0.07113821138211396,0.7142857142857143,1.05
cb77efed7e711d25a72c1a2a0a1af119,Kyler Murray,rush_yds,fanatics,20.5,-140.0,105.0,9.0,2026_01_GB_MIN,2026-09-09T22:33:52Z,graded,0.5445920303605313,0.044592030360531276,0.07113821138211396,0.7142857142857143,1.05
b6cfdcbafa61ce220ba87dc2d9b80c77,Mark Andrews,recv_yds,fanatics,30.5,-140.0,105.0,49.0,2026_01_BAL_IND,2026-09-09T22:35:02Z,graded,0.5445920303605313,0.044592030360531276,0.07113821138211396,0.7142857142857143,1.05
acc580d74344ea3b31bbcdd057fe6a9c,Matthew Stafford,interceptions,betmgm,0.5,105.0,-140.0,1.0,2026_01_SF_LA,2026-09-09T22:35:34Z,graded,0.4554079696394686,0.04459203036053139,0.07113821138211396,1.05,0.7142857142857143
e55c6fe19fce094ce214c8b0e5b504e9,Trevor Lawrence,interceptions,betmgm,0.5,105.0,-140.0,0.0,2026_01_CLE_JAX,2026-09-09T22:35:12Z,graded,0.4554079696394686,0.04459203036053139,0.07113821138211396,1.05,0.7142857142857143
ed6d24ff979f9c71979fead577b0b3f7,Baker Mayfield,interceptions,betmgm,0.5,105.0,-140.0,0.0,2026_01_TB_CIN,2026-09-09T22:34:52Z,graded,0.4554079696394686,0.04459203036053139,0.07113821138211396,1.05,0.7142857142857143
acc580d74344ea3b31bbcdd057fe6a9c,Brock Purdy,pass_tds,betmgm,1.5,105.0,-140.0,3.0,2026_01_SF_LA,2026-09-09T22:35:34Z,graded,0.4554079696394686,0.04459203036053139,0.07113821138211396,1.05,0.7142857142857143
17885cb8dcade8f6c3bce14b2de805e8,Dontayvion Wicks,receptions,betmgm,2.5,105.0,-140.0,2.0,2026_01_WAS_PHI,2026-09-09T22:34:50Z,graded,0.4554079696394686,0.04459203036053139,0.07113821138211396,1.05,0.7142857142857143
3e646c7479c57f5d9752d8c7dfe7059b,Cam Skattebo,receptions,betmgm,2.5,105.0,-140.0,0.0,2026_01_DAL_NYG,2026-09-09T22:34:51Z,graded,0.4554079696394686,0.04459203036053139,0.07113821138211396,1.05,0.7142857142857143
7dddb296a42e7a41a774b24bd1709ce1,Mason Taylor,receptions,betmgm,2.5,105.0,-140.0,2.0,2026_01_NYJ_TEN,2026-09-09T22:34:03Z,graded,0.4554079696394686,0.04459203036053139,0.07113821138211396,1.05,0.7142857142857143
e55c6fe19fce094ce214c8b0e5b504e9,Denzel Boston,receptions,betmgm,2.5,105.0,-140.0,2.0,2026_01_CLE_JAX,2026-09-09T22:35:12Z,graded,0.4554079696394686,0.04459203036053139,0.07113821138211396,1.05,0.7142857142857143
ed6d24ff979f9c71979fead577b0b3f7,Mike Gesicki,receptions,betmgm,2.5,105.0,-140.0,5.0,2026_01_TB_CIN,2026-09-09T22:34:52Z,graded,0.4554079696394686,0.04459203036053139,0.07113821138211396,1.05,0.7142857142857143
3e646c7479c57f5d9752d8c7dfe7059b,Isaiah Likely,receptions,betmgm,3.5,105.0,-140.0,8.0,2026_01_DAL_NYG,2026-09-09T22:34:51Z,graded,0.4554079696394686,0.04459203036053139,0.07113821138211396,1.05,0.7142857142857143
7e09efed7e12c659b82740b67ce2f9a1,Dalton Kincaid,receptions,betmgm,3.5,105.0,-140.0,5.0,2026_01_BUF_HOU,2026-09-09T22:35:10Z,graded,0.4554079696394686,0.04459203036053139,0.07113821138211396,1.05,0.7142857142857143
8c94552d022acec4a0458d70c19d3da9,Rhamondre Stevenson,receptions,betmgm,3.5,105.0,-140.0,5.0,2026_01_NE_SEA,2026-09-09T22:35:11Z,graded,0.4554079696394686,0.04459203036053139,0.07113821138211396,1.05,0.7142857142857143
cb77efed7e711d25a72c1a2a0a1af119,Matthew Golden,receptions,fanatics,3.5,105.0,-140.0,6.0,2026_01_GB_MIN,2026-09-09T22:33:52Z,graded,0.4554079696394686,0.04459203036053139,0.07113821138211396,1.05,0.7142857142857143
cb77efed7e711d25a72c1a2a0a1af119,T.J. Hockenson,receptions,betmgm,3.5,105.0,-140.0,4.0,2026_01_GB_MIN,2026-09-09T22:35:11Z,graded,0.4554079696394686,0.04459203036053139,0.07113821138211396,1.05,0.7142857142857143
acc580d74344ea3b31bbcdd057fe6a9c,Davante Adams,receptions,betmgm,4.5,105.0,-140.0,3.0,2026_01_SF_LA,2026-09-09T22:35:34Z,graded,0.4554079696394686,0.04459203036053139,0.07113821138211396,1.05,0.7142857142857143
3e646c7479c57f5d9752d8c7dfe7059b,Malik Nabers,receptions,betmgm,5.5,105.0,-140.0,6.0,2026_01_DAL_NYG,2026-09-09T22:34:51Z,graded,0.4554079696394686,0.04459203036053139,0.07113821138211396,1.05,0.7142857142857143
8c94552d022acec4a0458d70c19d3da9,Drake Maye,rush_attempts,fanatics,5.5,105.0,-140.0,7.0,2026_01_NE_SEA,2026-09-09T22:34:41Z,graded,0.4554079696394686,0.04459203036053139,0.07113821138211396,1.05,0.7142857142857143
3e646c7479c57f5d9752d8c7dfe7059b,CeeDee Lamb,receptions,betmgm,6.5,105.0,-140.0,5.0,2026_01_DAL_NYG,2026-09-09T22:34:51Z,graded,0.4554079696394686,0.04459203036053139,0.07113821138211396,1.05,0.7142857142857143
3e646c7479c57f5d9752d8c7dfe7059b,CeeDee Lamb,receptions,fanatics,6.5,105.0,-140.0,5.0,2026_01_DAL_NYG,2026-09-09T22:35:24Z,graded,0.4554079696394686,0.04459203036053139,0.07113821138211396,1.05,0.7142857142857143
acc580d74344ea3b31bbcdd057fe6a9c,Puka Nacua,receptions,betmgm,7.5,105.0,-140.0,5.0,2026_01_SF_LA,2026-09-09T22:35:34Z,graded,0.4554079696394686,0.04459203036053139,0.07113821138211396,1.05,0.7142857142857143
ed6d24ff979f9c71979fead577b0b3f7,Ja'Marr Chase,receptions,betmgm,7.5,105.0,-140.0,2.0,2026_01_TB_CIN,2026-09-09T22:34:52Z,graded,0.4554079696394686,0.04459203036053139,0.07113821138211396,1.05,0.7142857142857143
95c01d1bb797d6df14824b106c5a9130,Jaylen Warren,rush_attempts,betmgm,11.5,105.0,-140.0,10.0,2026_01_ATL_PIT,2026-09-09T22:34:49Z,graded,0.4554079696394686,0.04459203036053139,0.07113821138211396,1.05,0.7142857142857143
e55c6fe19fce094ce214c8b0e5b504e9,Bhayshul Tuten,rush_attempts,betmgm,12.5,105.0,-140.0,15.0,2026_01_CLE_JAX,2026-09-09T22:35:12Z,graded,0.4554079696394686,0.04459203036053139,0.07113821138211396,1.05,0.7142857142857143
7dddb296a42e7a41a774b24bd1709ce1,Tyjae Spears,receptions,draftkings,2.5,-137.0,107.0,2.0,2026_01_NYJ_TEN,2026-09-09T22:34:59Z,graded,0.5447473059413358,0.0447473059413358,0.0611508591695713,0.7299270072992701,1.07
b6cfdcbafa61ce220ba87dc2d9b80c77,Mark Andrews,receptions,draftkings,3.5,107.0,-137.0,4.0,2026_01_BAL_IND,2026-09-09T22:34:04Z,graded,0.4552526940586642,0.0447473059413358,0.0611508591695713,1.07,0.7299270072992701
17885cb8dcade8f6c3bce14b2de805e8,Jalen Hurts,pass_tds,fanduel,1.5,106.0,-140.0,3.0,2026_01_WAS_PHI,2026-09-09T22:35:16Z,graded,0.45420136260408783,0.04579863739591217,0.06877022653721676,1.06,0.7142857142857143
5ad8135dc2b5f27de0b777acd317855a,Tyquan Thornton,receptions,fanduel,1.5,106.0,-140.0,0.0,2026_01_DEN_KC,2026-09-09T22:35:38Z,graded,0.45420136260408783,0.04579863739591217,0.06877022653721676,1.06,0.7142857142857143
7dddb296a42e7a41a774b24bd1709ce1,Carnell Tate,receptions,fanduel,3.5,106.0,-140.0,4.0,2026_01_NYJ_TEN,2026-09-09T22:35:39Z,graded,0.45420136260408783,0.04579863739591217,0.06877022653721676,1.06,0.7142857142857143
8c94552d022acec4a0458d70c19d3da9,Romeo Doubs,receptions,fanduel,3.5,106.0,-140.0,0.0,2026_01_NE_SEA,2026-09-09T22:35:38Z,graded,0.45420136260408783,0.04579863739591217,0.06877022653721676,1.06,0.7142857142857143
b6cfdcbafa61ce220ba87dc2d9b80c77,Alec Pierce,receptions,fanduel,3.5,106.0,-140.0,4.0,2026_01_BAL_IND,2026-09-09T22:35:37Z,graded,0.45420136260408783,0.04579863739591217,0.06877022653721676,1.06,0.7142857142857143
fc362aff0d889ec52d358307a70c32ed,Rome Odunze,receptions,fanduel,3.5,106.0,-140.0,2.0,2026_01_CHI_CAR,2026-09-09T22:35:22Z,graded,0.45420136260408783,0.04579863739591217,0.06877022653721676,1.06,0.7142857142857143
95c01d1bb797d6df14824b106c5a9130,Bijan Robinson,receptions,fanduel,4.5,106.0,-140.0,8.0,2026_01_ATL_PIT,2026-09-09T22:35:14Z,graded,0.45420136260408783,0.04579863739591217,0.06877022653721676,1.06,0.7142857142857143
c5d95f48a16849ab6bebc68fbbfcb74a,Tre Tucker,receptions,fanduel,4.5,106.0,-140.0,2.0,2026_01_MIA_LV,2026-09-09T22:35:17Z,graded,0.45420136260408783,0.04579863739591217,0.06877022653721676,1.06,0.7142857142857143
17885cb8dcade8f6c3bce14b2de805e8,DeVonta Smith,receptions,fanduel,5.5,106.0,-140.0,3.0,2026_01_WAS_PHI,2026-09-09T22:35:16Z,graded,0.45420136260408783,0.04579863739591217,0.06877022653721676,1.06,0.7142857142857143
acc580d74344ea3b31bbcdd057fe6a9c,Deebo Samuel,receptions,fanduel,2.5,-140.0,106.0,6.0,2026_01_SF_LA,2026-09-09T22:35:37Z,graded,0.5457986373959123,0.04579863739591228,0.06877022653721676,0.7142857142857143,1.06
ed6d24ff979f9c71979fead577b0b3f7,Tee Higgins,receptions,fanduel,4.5,-140.0,106.0,3.0,2026_01_TB_CIN,2026-09-09T22:35:37Z,graded,0.5457986373959123,0.04579863739591228,0.06877022653721676,0.7142857142857143,1.06
3e646c7479c57f5d9752d8c7dfe7059b,Jaxson Dart,interceptions,draftkings,0.5,108.0,-137.0,0.0,2026_01_DAL_NYG,2026-09-09T22:35:13Z,graded,0.45405778220553294,0.045942217794467055,0.05882830249918869,1.08,0.7299270072992701
17885cb8dcade8f6c3bce14b2de805e8,Jayden Daniels,interceptions,betonlineag,0.5,107.0,-139.0,0.0,2026_01_WAS_PHI,2026-09-09T22:34:52Z,graded,0.45374290433428893,0.04625709566571107,0.06468174559860929,1.07,0.7194244604316546
95c01d1bb797d6df14824b106c5a9130,Kyle Pitts,receptions,betonlineag,4.5,107.0,-139.0,0.0,2026_01_ATL_PIT,2026-09-09T22:35:15Z,graded,0.45374290433428893,0.04625709566571107,0.06468174559860929,1.07,0.7194244604316546
cb77efed7e711d25a72c1a2a0a1af119,Kyler Murray,interceptions,betrivers,0.5,106.0,-141.0,1.0,2026_01_GB_MIN,2026-09-09T22:35:35Z,graded,0.4534678056674068,0.0465321943325932,0.07049913386778384,1.06,0.7092198581560284
1edfa5ceaa1ad2cb57df1c1b908731f6,Tre Harris,receptions,draftkings,2.5,108.0,-138.0,3.0,2026_01_ARI_LAC,2026-09-09T22:35:12Z,graded,0.45329879628218805,0.046701203717811945,0.06060116354234002,1.08,0.7246376811594203
acc580d74344ea3b31bbcdd057fe6a9c,Puka Nacua,receptions,draftkings,7.5,108.0,-138.0,5.0,2026_01_SF_LA,2026-09-09T22:34:50Z,graded,0.45329879628218805,0.046701203717811945,0.06060116354234002,1.08,0.7246376811594203
cb77efed7e711d25a72c1a2a0a1af119,Jordan Mason,rush_attempts,draftkings,10.5,-138.0,108.0,15.0,2026_01_GB_MIN,2026-09-09T22:35:37Z,graded,0.5467012037178121,0.046701203717812056,0.06060116354234002,0.7246376811594203,1.08
e55c6fe19fce094ce214c8b0e5b504e9,Bhayshul Tuten,receptions,betmgm,1.5,-145.0,105.0,1.0,2026_01_CLE_JAX,2026-09-09T22:35:12Z,graded,0.5481788842784694,0.04817888427846939,0.07964161274265802,0.6896551724137931,1.05
95c01d1bb797d6df14824b106c5a9130,Jaylen Warren,receptions,betmgm,2.5,-145.0,105.0,5.0,2026_01_ATL_PIT,2026-09-09T22:34:49Z,graded,0.5481788842784694,0.04817888427846939,0.07964161274265802,0.6896551724137931,1.05
8c94552d022acec4a0458d70c19d3da9,DeMario Douglas,recv_yds,betmgm,18.5,-145.0,105.0,20.0,2026_01_NE_SEA,2026-09-09T22:35:11Z,graded,0.5481788842784694,0.04817888427846939,0.07964161274265802,0.6896551724137931,1.05
e55c6fe19fce094ce214c8b0e5b504e9,Quinshon Judkins,receptions,draftkings,1.5,-139.0,109.0,2.0,2026_01_CLE_JAX,2026-09-09T22:35:14Z,graded,0.5486393080395082,0.04863930803950822,0.06005885768052699,0.7194244604316546,1.09
fc362aff0d889ec52d358307a70c32ed,Cole Kmet,receptions,draftkings,1.5,-139.0,109.0,2.0,2026_01_CHI_CAR,2026-09-09T22:35:34Z,graded,0.5486393080395082,0.04863930803950822,0.06005885768052699,0.7194244604316546,1.09
7e09efed7e12c659b82740b67ce2f9a1,Khalil Shakir,receptions,draftkings,3.5,-139.0,109.0,4.0,2026_01_BUF_HOU,2026-09-09T22:35:20Z,graded,0.5486393080395082,0.04863930803950822,0.06005885768052699,0.7194244604316546,1.09
5ad8135dc2b5f27de0b777acd317855a,Patrick Mahomes,interceptions,draftkings,0.5,109.0,-139.0,1.0,2026_01_DEN_KC,2026-09-09T22:35:38Z,graded,0.4513606919604917,0.04863930803950828,0.06005885768052699,1.09,0.7194244604316546
b6cfdcbafa61ce220ba87dc2d9b80c77,Lamar Jackson,pass_tds,draftkings,1.5,109.0,-139.0,1.0,2026_01_BAL_IND,2026-09-09T22:34:04Z,graded,0.4513606919604917,0.04863930803950828,0.06005885768052699,1.09,0.7194244604316546
c5d95f48a16849ab6bebc68fbbfcb74a,Caleb Douglas,receptions,draftkings,2.5,109.0,-139.0,5.0,2026_01_MIA_LV,2026-09-09T22:35:37Z,graded,0.4513606919604917,0.04863930803950828,0.06005885768052699,1.09,0.7194244604316546
8c94552d022acec4a0458d70c19d3da9,Romeo Doubs,receptions,draftkings,3.5,109.0,-139.0,0.0,2026_01_NE_SEA,2026-09-09T22:35:35Z,graded,0.4513606919604917,0.04863930803950828,0.06005885768052699,1.09,0.7194244604316546
fc362aff0d889ec52d358307a70c32ed,Rome Odunze,receptions,draftkings,3.5,109.0,-139.0,2.0,2026_01_CHI_CAR,2026-09-09T22:35:34Z,graded,0.4513606919604917,0.04863930803950828,0.06005885768052699,1.09,0.7194244604316546
95c01d1bb797d6df14824b106c5a9130,Rico Dowdle,receptions,betonlineag,1.5,-141.0,108.0,2.0,2026_01_ATL_PIT,2026-09-09T22:35:15Z,graded,0.548925656958898,0.048925656958897945,0.06583147143313117,0.7092198581560284,1.08
5ad8135dc2b5f27de0b777acd317855a,Evan Engram,receptions,betonlineag,2.5,-141.0,108.0,4.0,2026_01_DEN_KC,2026-09-09T22:34:52Z,graded,0.548925656958898,0.048925656958897945,0.06583147143313117,0.7092198581560284,1.08
acc580d74344ea3b31bbcdd057fe6a9c,Mike Evans,receptions,betonlineag,3.5,-141.0,108.0,6.0,2026_01_SF_LA,2026-09-09T22:35:41Z,graded,0.548925656958898,0.048925656958897945,0.06583147143313117,0.7092198581560284,1.08
5ad8135dc2b5f27de0b777acd317855a,Patrick Mahomes,pass_tds,betrivers,1.5,107.0,-143.0,2.0,2026_01_DEN_KC,2026-09-09T22:35:12Z,graded,0.45082651527800965,0.049173484721990346,0.07156915369475758,1.07,0.6993006993006993
c1d3fcec25aaeb06ebd2244d33d338e0,Jahmyr Gibbs,receptions,draftkings,4.5,109.0,-140.0,5.0,2026_01_NO_DET,2026-09-09T22:34:52Z,graded,0.45061960195268497,0.04938039804731503,0.061802232854864414,1.09,0.7142857142857143
17885cb8dcade8f6c3bce14b2de805e8,Jalen Hurts,pass_tds,betonlineag,1.5,109.0,-141.0,3.0,2026_01_WAS_PHI,2026-09-09T22:34:52Z,graded,0.44988706154679015,0.050112938453209854,0.06353114018543149,1.09,0.7092198581560284
c5d95f48a16849ab6bebc68fbbfcb74a,Jack Bech,receptions,betonlineag,1.5,-141.0,109.0,3.0,2026_01_MIA_LV,2026-09-09T22:35:35Z,graded,0.55011293845321,0.050112938453209965,0.06353114018543149,0.7092198581560284,1.09
ed6d24ff979f9c71979fead577b0b3f7,Tee Higgins,receptions,betonlineag,4.5,-141.0,109.0,3.0,2026_01_TB_CIN,2026-09-09T22:34:50Z,graded,0.55011293845321,0.050112938453209965,0.06353114018543149,0.7092198581560284,1.09
17885cb8dcade8f6c3bce14b2de805e8,Jayden Daniels,interceptions,betrivers,0.5,108.0,-143.0,0.0,2026_01_WAS_PHI,2026-09-09T22:35:12Z,graded,0.4496336318555252,0.050366368144474816,0.06924659702437475,1.08,0.6993006993006993
8c94552d022acec4a0458d70c19d3da9,Sam Darnold,pass_tds,betrivers,1.5,108.0,-143.0,0.0,2026_01_NE_SEA,2026-09-09T22:35:15Z,graded,0.4496336318555252,0.050366368144474816,0.06924659702437475,1.08,0.6993006993006993
1edfa5ceaa1ad2cb57df1c1b908731f6,Jacoby Brissett,interceptions,betrivers,0.5,-143.0,108.0,0.0,2026_01_ARI_LAC,2026-09-09T22:35:36Z,graded,0.5503663681444749,0.05036636814447493,0.06924659702437475,0.6993006993006993,1.08
acc580d74344ea3b31bbcdd057fe6a9c,Brock Purdy,interceptions,betrivers,0.5,-143.0,108.0,1.0,2026_01_SF_LA,2026-09-09T22:35:11Z,graded,0.5503663681444749,0.05036636814447493,0.06924659702437475,0.6993006993006993,1.08
c5d95f48a16849ab6bebc68fbbfcb74a,Malik Willis,interceptions,betrivers,0.5,-143.0,108.0,1.0,2026_01_MIA_LV,2026-09-09T22:35:35Z,graded,0.5503663681444749,0.05036636814447493,0.06924659702437475,0.6993006993006993,1.08
8c94552d022acec4a0458d70c19d3da9,Rhamondre Stevenson,receptions,draftkings,3.5,110.0,-140.0,5.0,2026_01_NE_SEA,2026-09-09T22:35:35Z,graded,0.449438202247191,0.050561797752809,0.059523809523809534,1.1,0.7142857142857143
cb77efed7e711d25a72c1a2a0a1af119,Jordan Love,pass_tds,fanduel,1.5,108.0,-144.0,2.0,2026_01_GB_MIN,2026-09-09T22:35:38Z,graded,0.44892552251987045,0.051074477480129554,0.07093316519546033,1.08,0.6944444444444444
7e09efed7e12c659b82740b67ce2f9a1,James Cook,receptions,fanduel,2.5,108.0,-144.0,3.0,2026_01_BUF_HOU,2026-09-09T22:35:15Z,graded,0.44892552251987045,0.051074477480129554,0.07093316519546033,1.08,0.6944444444444444
17885cb8dcade8f6c3bce14b2de805e8,Jalen Hurts,interceptions,draftkings,0.5,110.0,-141.0,0.0,2026_01_WAS_PHI,2026-09-09T22:33:41Z,graded,0.448706013777695,0.05129398622230502,0.06125271685437661,1.1,0.7092198581560284
17885cb8dcade8f6c3bce14b2de805e8,Chig Okonkwo,receptions,draftkings,2.5,-141.0,111.0,2.0,2026_01_WAS_PHI,2026-09-09T22:33:41Z,graded,0.5524688492321405,0.05246884923214046,0.05899588995300009,0.7092198581560284,1.11
3e646c7479c57f5d9752d8c7dfe7059b,Jaxson Dart,interceptions,betonlineag,0.5,110.0,-143.0,0.0,2026_01_DAL_NYG,2026-09-09T22:35:13Z,graded,0.44726670347874103,0.052733296521258965,0.06466784244562018,1.1,0.6993006993006993
acc580d74344ea3b31bbcdd057fe6a9c,Matthew Stafford,interceptions,betonlineag,0.5,110.0,-143.0,1.0,2026_01_SF_LA,2026-09-09T22:35:41Z,graded,0.44726670347874103,0.052733296521258965,0.06466784244562018,1.1,0.6993006993006993
fc362aff0d889ec52d358307a70c32ed,Bryce Young,interceptions,betonlineag,0.5,110.0,-143.0,1.0,2026_01_CHI_CAR,2026-09-09T22:34:54Z,graded,0.44726670347874103,0.052733296521258965,0.06466784244562018,1.1,0.6993006993006993
1edfa5ceaa1ad2cb57df1c1b908731f6,Quentin Johnston,receptions,betonlineag,3.5,110.0,-143.0,2.0,2026_01_ARI_LAC,2026-09-09T22:35:12Z,graded,0.44726670347874103,0.052733296521258965,0.06466784244562018,1.1,0.6993006993006993
3e646c7479c57f5d9752d8c7dfe7059b,Isaiah Likely,receptions,betonlineag,3.5,110.0,-143.0,8.0,2026_01_DAL_NYG,2026-09-09T22:35:13Z,graded,0.44726670347874103,0.052733296521258965,0.06466784244562018,1.1,0.6993006993006993
5ad8135dc2b5f27de0b777acd317855a,Xavier Worthy,receptions,betonlineag,3.5,110.0,-143.0,3.0,2026_01_DEN_KC,2026-09-09T22:34:52Z,graded,0.44726670347874103,0.052733296521258965,0.06466784244562018,1.1,0.6993006993006993
8c94552d022acec4a0458d70c19d3da9,Rhamondre Stevenson,receptions,betonlineag,3.5,110.0,-143.0,5.0,2026_01_NE_SEA,2026-09-09T22:34:52Z,graded,0.44726670347874103,0.052733296521258965,0.06466784244562018,1.1,0.6993006993006993
e55c6fe19fce094ce214c8b0e5b504e9,Parker Washington,receptions,betonlineag,4.5,110.0,-143.0,5.0,2026_01_CLE_JAX,2026-09-09T22:34:34Z,graded,0.44726670347874103,0.052733296521258965,0.06466784244562018,1.1,0.6993006993006993
7e09efed7e12c659b82740b67ce2f9a1,Nico Collins,receptions,betonlineag,5.5,110.0,-143.0,7.0,2026_01_BUF_HOU,2026-09-09T22:34:56Z,graded,0.44726670347874103,0.052733296521258965,0.06466784244562018,1.1,0.6993006993006993
8c94552d022acec4a0458d70c19d3da9,Drake Maye,rush_attempts,betonlineag,5.5,110.0,-143.0,7.0,2026_01_NE_SEA,2026-09-09T22:34:52Z,graded,0.44726670347874103,0.052733296521258965,0.06466784244562018,1.1,0.6993006993006993
3e646c7479c57f5d9752d8c7dfe7059b,Dak Prescott,pass_tds,betonlineag,1.5,-143.0,110.0,2.0,2026_01_DAL_NYG,2026-09-09T22:35:13Z,graded,0.552733296521259,0.05273329652125902,0.06466784244562018,0.6993006993006993,1.1
fc362aff0d889ec52d358307a70c32ed,Tommy Tremble,receptions,betonlineag,1.5,-143.0,110.0,3.0,2026_01_CHI_CAR,2026-09-09T22:34:54Z,graded,0.552733296521259,0.05273329652125902,0.06466784244562018,0.6993006993006993,1.1
fc362aff0d889ec52d358307a70c32ed,Jalen Coker,receptions,betonlineag,3.5,-143.0,110.0,8.0,2026_01_CHI_CAR,2026-09-09T22:34:54Z,graded,0.552733296521259,0.05273329652125902,0.06466784244562018,0.6993006993006993,1.1
1edfa5ceaa1ad2cb57df1c1b908731f6,Omarion Hampton,rush_attempts,betonlineag,14.5,-143.0,110.0,12.0,2026_01_ARI_LAC,2026-09-09T22:35:12Z,graded,0.552733296521259,0.05273329652125902,0.06466784244562018,0.6993006993006993,1.1
5ad8135dc2b5f27de0b777acd317855a,Xavier Worthy,receptions,draftkings,3.5,111.0,-142.0,3.0,2026_01_DEN_KC,2026-09-09T22:35:38Z,graded,0.44680772497322846,0.05319227502677154,0.06071050879323181,1.11,0.704225352112676
8c94552d022acec4a0458d70c19d3da9,Drake Maye,rush_attempts,draftkings,5.5,111.0,-142.0,7.0,2026_01_NE_SEA,2026-09-09T22:35:35Z,graded,0.44680772497322846,0.05319227502677154,0.06071050879323181,1.11,0.704225352112676
ed6d24ff979f9c71979fead577b0b3f7,Ja'Marr Chase,receptions,draftkings,7.5,111.0,-142.0,2.0,2026_01_TB_CIN,2026-09-09T22:35:35Z,graded,0.44680772497322846,0.05319227502677154,0.06071050879323181,1.11,0.704225352112676
5ad8135dc2b5f27de0b777acd317855a,Evan Engram,receptions,draftkings,2.5,-142.0,111.0,4.0,2026_01_DEN_KC,2026-09-09T22:35:38Z,graded,0.5531922750267716,0.053192275026771596,0.06071050879323181,0.704225352112676,1.11
b6cfdcbafa61ce220ba87dc2d9b80c77,Zay Flowers,receptions,draftkings,4.5,-142.0,111.0,5.0,2026_01_BAL_IND,2026-09-09T22:34:04Z,graded,0.5531922750267716,0.053192275026771596,0.06071050879323181,0.704225352112676,1.11
17885cb8dcade8f6c3bce14b2de805e8,Jalen Hurts,rush_attempts,draftkings,6.5,-142.0,111.0,7.0,2026_01_WAS_PHI,2026-09-09T22:33:41Z,graded,0.5531922750267716,0.053192275026771596,0.06071050879323181,0.704225352112676,1.11
e55c6fe19fce094ce214c8b0e5b504e9,Quinshon Judkins,receptions,bovada,1.5,-145.0,110.0,2.0,2026_01_CLE_JAX,2026-09-09T22:34:58Z,graded,0.554140127388535,0.05414012738853502,0.06802721088435382,0.6896551724137931,1.1
fc362aff0d889ec52d358307a70c32ed,Cole Kmet,receptions,bovada,1.5,-145.0,110.0,2.0,2026_01_CHI_CAR,2026-09-09T22:34:07Z,graded,0.554140127388535,0.05414012738853502,0.06802721088435382,0.6896551724137931,1.1
17885cb8dcade8f6c3bce14b2de805e8,Chig Okonkwo,receptions,bovada,2.5,-145.0,110.0,2.0,2026_01_WAS_PHI,2026-09-09T22:34:54Z,graded,0.554140127388535,0.05414012738853502,0.06802721088435382,0.6896551724137931,1.1
5ad8135dc2b5f27de0b777acd317855a,Evan Engram,receptions,bovada,2.5,-145.0,110.0,4.0,2026_01_DEN_KC,2026-09-09T22:34:54Z,graded,0.554140127388535,0.05414012738853502,0.06802721088435382,0.6896551724137931,1.1
17885cb8dcade8f6c3bce14b2de805e8,Stefon Diggs,receptions,bovada,3.5,-145.0,110.0,4.0,2026_01_WAS_PHI,2026-09-09T22:34:54Z,graded,0.554140127388535,0.05414012738853502,0.06802721088435382,0.6896551724137931,1.1
7e09efed7e12c659b82740b67ce2f9a1,Khalil Shakir,receptions,bovada,3.5,-145.0,110.0,4.0,2026_01_BUF_HOU,2026-09-09T22:35:38Z,graded,0.554140127388535,0.05414012738853502,0.06802721088435382,0.6896551724137931,1.1
b6cfdcbafa61ce220ba87dc2d9b80c77,Zay Flowers,receptions,bovada,4.5,-145.0,110.0,5.0,2026_01_BAL_IND,2026-09-09T22:35:16Z,graded,0.554140127388535,0.05414012738853502,0.06802721088435382,0.6896551724137931,1.1
17885cb8dcade8f6c3bce14b2de805e8,Jalen Hurts,interceptions,bovada,0.5,110.0,-145.0,0.0,2026_01_WAS_PHI,2026-09-09T22:34:54Z,graded,0.4458598726114649,0.054140127388535075,0.06802721088435382,1.1,0.6896551724137931
3e646c7479c57f5d9752d8c7dfe7059b,Jaxson Dart,interceptions,bovada,0.5,110.0,-145.0,0.0,2026_01_DAL_NYG,2026-09-09T22:34:54Z,graded,0.4458598726114649,0.054140127388535075,0.06802721088435382,1.1,0.6896551724137931
5ad8135dc2b5f27de0b777acd317855a,Patrick Mahomes,interceptions,bovada,0.5,110.0,-145.0,1.0,2026_01_DEN_KC,2026-09-09T22:34:54Z,graded,0.4458598726114649,0.054140127388535075,0.06802721088435382,1.1,0.6896551724137931
b6cfdcbafa61ce220ba87dc2d9b80c77,Lamar Jackson,pass_tds,bovada,1.5,110.0,-145.0,1.0,2026_01_BAL_IND,2026-09-09T22:35:16Z,graded,0.4458598726114649,0.054140127388535075,0.06802721088435382,1.1,0.6896551724137931
1edfa5ceaa1ad2cb57df1c1b908731f6,Tre Harris,receptions,bovada,2.5,110.0,-145.0,3.0,2026_01_ARI_LAC,2026-09-09T22:34:07Z,graded,0.4458598726114649,0.054140127388535075,0.06802721088435382,1.1,0.6896551724137931
c5d95f48a16849ab6bebc68fbbfcb74a,Caleb Douglas,receptions,bovada,2.5,110.0,-145.0,5.0,2026_01_MIA_LV,2026-09-09T22:35:16Z,graded,0.4458598726114649,0.054140127388535075,0.06802721088435382,1.1,0.6896551724137931
5ad8135dc2b5f27de0b777acd317855a,Xavier Worthy,receptions,bovada,3.5,110.0,-145.0,3.0,2026_01_DEN_KC,2026-09-09T22:34:54Z,graded,0.4458598726114649,0.054140127388535075,0.06802721088435382,1.1,0.6896551724137931
7dddb296a42e7a41a774b24bd1709ce1,Carnell Tate,receptions,bovada,3.5,110.0,-145.0,4.0,2026_01_NYJ_TEN,2026-09-09T22:34:30Z,graded,0.4458598726114649,0.054140127388535075,0.06802721088435382,1.1,0.6896551724137931
8c94552d022acec4a0458d70c19d3da9,Rhamondre Stevenson,receptions,bovada,3.5,110.0,-145.0,5.0,2026_01_NE_SEA,2026-09-09T22:34:55Z,graded,0.4458598726114649,0.054140127388535075,0.06802721088435382,1.1,0.6896551724137931
8c94552d022acec4a0458d70c19d3da9,Romeo Doubs,receptions,bovada,3.5,110.0,-145.0,0.0,2026_01_NE_SEA,2026-09-09T22:34:55Z,graded,0.4458598726114649,0.054140127388535075,0.06802721088435382,1.1,0.6896551724137931
b6cfdcbafa61ce220ba87dc2d9b80c77,Alec Pierce,receptions,bovada,3.5,110.0,-145.0,4.0,2026_01_BAL_IND,2026-09-09T22:35:16Z,graded,0.4458598726114649,0.054140127388535075,0.06802721088435382,1.1,0.6896551724137931
fc362aff0d889ec52d358307a70c32ed,Rome Odunze,receptions,bovada,3.5,110.0,-145.0,2.0,2026_01_CHI_CAR,2026-09-09T22:34:07Z,graded,0.4458598726114649,0.054140127388535075,0.06802721088435382,1.1,0.6896551724137931
c1d3fcec25aaeb06ebd2244d33d338e0,Jahmyr Gibbs,receptions,bovada,4.5,110.0,-145.0,5.0,2026_01_NO_DET,2026-09-09T22:34:55Z,graded,0.4458598726114649,0.054140127388535075,0.06802721088435382,1.1,0.6896551724137931
1edfa5ceaa1ad2cb57df1c1b908731f6,Trey McBride,receptions,bovada,6.5,110.0,-145.0,9.0,2026_01_ARI_LAC,2026-09-09T22:34:07Z,graded,0.4458598726114649,0.054140127388535075,0.06802721088435382,1.1,0.6896551724137931
ed6d24ff979f9c71979fead577b0b3f7,Ja'Marr Chase,receptions,bovada,7.5,110.0,-145.0,2.0,2026_01_TB_CIN,2026-09-09T22:34:55Z,graded,0.4458598726114649,0.054140127388535075,0.06802721088435382,1.1,0.6896551724137931
8c94552d022acec4a0458d70c19d3da9,Cooper Kupp,receptions,draftkings,2.5,-142.0,112.0,2.0,2026_01_NE_SEA,2026-09-09T22:35:35Z,graded,0.5543606364172068,0.05436063641720679,0.05847497271167956,0.704225352112676,1.12
1edfa5ceaa1ad2cb57df1c1b908731f6,Trey McBride,receptions,draftkings,6.5,112.0,-142.0,9.0,2026_01_ARI_LAC,2026-09-09T22:35:12Z,graded,0.4456393635827931,0.0543606364172069,0.05847497271167956,1.12,0.704225352112676
1edfa5ceaa1ad2cb57df1c1b908731f6,Jeremiyah Love,receptions,draftkings,2.5,112.0,-143.0,2.0,2026_01_ARI_LAC,2026-09-09T22:35:12Z,graded,0.4449245642302622,0.05507543576973778,0.060175479462691195,1.12,0.6993006993006993
fc362aff0d889ec52d358307a70c32ed,Caleb Williams,rush_attempts,draftkings,4.5,112.0,-143.0,10.0,2026_01_CHI_CAR,2026-09-09T22:35:34Z,graded,0.4449245642302622,0.05507543576973778,0.060175479462691195,1.12,0.6993006993006993
acc580d74344ea3b31bbcdd057fe6a9c,Matthew Stafford,pass_tds,betrivers,1.5,-148.0,110.0,0.0,2026_01_SF_LA,2026-09-09T22:35:11Z,graded,0.5561918396564066,0.05619183965640662,0.07296466973886329,0.6756756756756757,1.1
7dddb296a42e7a41a774b24bd1709ce1,Tyjae Spears,receptions,betonlineag,2.5,-145.0,112.0,2.0,2026_01_NYJ_TEN,2026-09-09T22:34:56Z,graded,0.5564808110065169,0.05648081100651692,0.06353484790142483,0.6896551724137931,1.12
17885cb8dcade8f6c3bce14b2de805e8,Stefon Diggs,receptions,betonlineag,3.5,-145.0,112.0,4.0,2026_01_WAS_PHI,2026-09-09T22:34:52Z,graded,0.5564808110065169,0.05648081100651692,0.06353484790142483,0.6896551724137931,1.12
c1d3fcec25aaeb06ebd2244d33d338e0,Jameson Williams,receptions,betonlineag,3.5,-145.0,112.0,4.0,2026_01_NO_DET,2026-09-09T22:35:16Z,graded,0.5564808110065169,0.05648081100651692,0.06353484790142483,0.6896551724137931,1.12
5ad8135dc2b5f27de0b777acd317855a,Patrick Mahomes,interceptions,betonlineag,0.5,112.0,-145.0,1.0,2026_01_DEN_KC,2026-09-09T22:34:52Z,graded,0.44351918899348297,0.05648081100651703,0.06353484790142483,1.12,0.6896551724137931
5ad8135dc2b5f27de0b777acd317855a,Patrick Mahomes,pass_tds,betonlineag,1.5,112.0,-145.0,2.0,2026_01_DEN_KC,2026-09-09T22:34:52Z,graded,0.44351918899348297,0.05648081100651703,0.06353484790142483,1.12,0.6896551724137931
fc362aff0d889ec52d358307a70c32ed,Rome Odunze,receptions,betonlineag,3.5,112.0,-145.0,2.0,2026_01_CHI_CAR,2026-09-09T22:34:54Z,graded,0.44351918899348297,0.05648081100651703,0.06353484790142483,1.12,0.6896551724137931
7dddb296a42e7a41a774b24bd1709ce1,Carnell Tate,receptions,draftkings,3.5,113.0,-144.0,4.0,2026_01_NYJ_TEN,2026-09-09T22:34:59Z,graded,0.44305636257989545,0.056943637420104554,0.05964750250134676,1.13,0.6944444444444444
b6cfdcbafa61ce220ba87dc2d9b80c77,Alec Pierce,receptions,draftkings,3.5,113.0,-144.0,4.0,2026_01_BAL_IND,2026-09-09T22:34:04Z,graded,0.44305636257989545,0.056943637420104554,0.05964750250134676,1.13,0.6944444444444444
b6cfdcbafa61ce220ba87dc2d9b80c77,Daniel Jones,rush_attempts,draftkings,3.5,113.0,-144.0,1.0,2026_01_BAL_IND,2026-09-09T22:34:04Z,graded,0.44305636257989545,0.056943637420104554,0.05964750250134676,1.13,0.6944444444444444
17885cb8dcade8f6c3bce14b2de805e8,Stefon Diggs,receptions,draftkings,3.5,-144.0,113.0,4.0,2026_01_WAS_PHI,2026-09-09T22:33:41Z,graded,0.5569436374201047,0.056943637420104665,0.05964750250134676,0.6944444444444444,1.13
1edfa5ceaa1ad2cb57df1c1b908731f6,Justin Herbert,rush_attempts,draftkings,4.5,-144.0,113.0,5.0,2026_01_ARI_LAC,2026-09-09T22:35:12Z,graded,0.5569436374201047,0.056943637420104665,0.05964750250134676,0.6944444444444444,1.13
8c94552d022acec4a0458d70c19d3da9,Sam Darnold,pass_tds,fanduel,1.5,112.0,-146.0,0.0,2026_01_NE_SEA,2026-09-09T22:35:38Z,graded,0.44282834101382496,0.057171658986175045,0.06519404816689667,1.12,0.684931506849315
7dddb296a42e7a41a774b24bd1709ce1,Geno Smith,interceptions,betmgm,0.5,110.0,-150.0,0.0,2026_01_NYJ_TEN,2026-09-09T22:34:03Z,graded,0.4424778761061947,0.05752212389380529,0.07619047619047614,1.1,0.6666666666666666
fc362aff0d889ec52d358307a70c32ed,Caleb Williams,interceptions,betmgm,0.5,110.0,-150.0,0.0,2026_01_CHI_CAR,2026-09-09T22:34:49Z,graded,0.4424778761061947,0.05752212389380529,0.07619047619047614,1.1,0.6666666666666666
3e646c7479c57f5d9752d8c7dfe7059b,Dak Prescott,pass_tds,betmgm,1.5,-150.0,110.0,2.0,2026_01_DAL_NYG,2026-09-09T22:34:51Z,graded,0.5575221238938053,0.05752212389380529,0.07619047619047614,0.6666666666666666,1.1
7e09efed7e12c659b82740b67ce2f9a1,C.J. Stroud,pass_tds,betmgm,1.5,110.0,-150.0,2.0,2026_01_BUF_HOU,2026-09-09T22:35:10Z,graded,0.4424778761061947,0.05752212389380529,0.07619047619047614,1.1,0.6666666666666666
c1d3fcec25aaeb06ebd2244d33d338e0,Isaac TeSlaa,receptions,betmgm,1.5,110.0,-150.0,0.0,2026_01_NO_DET,2026-09-09T22:34:50Z,graded,0.4424778761061947,0.05752212389380529,0.07619047619047614,1.1,0.6666666666666666
fc362aff0d889ec52d358307a70c32ed,Tommy Tremble,receptions,betmgm,1.5,-150.0,110.0,3.0,2026_01_CHI_CAR,2026-09-09T22:34:49Z,graded,0.5575221238938053,0.05752212389380529,0.07619047619047614,0.6666666666666666,1.1
5ad8135dc2b5f27de0b777acd317855a,Kenneth Walker,receptions,fanatics,2.5,-150.0,110.0,3.0,2026_01_DEN_KC,2026-09-09T22:35:46Z,graded,0.5575221238938053,0.05752212389380529,0.07619047619047614,0.6666666666666666,1.1
7dddb296a42e7a41a774b24bd1709ce1,Adonai Mitchell,receptions,betmgm,2.5,-150.0,110.0,3.0,2026_01_NYJ_TEN,2026-09-09T22:34:03Z,graded,0.5575221238938053,0.05752212389380529,0.07619047619047614,0.6666666666666666,1.1
95c01d1bb797d6df14824b106c5a9130,Pat Freiermuth,receptions,betmgm,2.5,-150.0,110.0,5.0,2026_01_ATL_PIT,2026-09-09T22:34:49Z,graded,0.5575221238938053,0.05752212389380529,0.07619047619047614,0.6666666666666666,1.1
7dddb296a42e7a41a774b24bd1709ce1,Carnell Tate,receptions,betmgm,3.5,110.0,-150.0,4.0,2026_01_NYJ_TEN,2026-09-09T22:34:03Z,graded,0.4424778761061947,0.05752212389380529,0.07619047619047614,1.1,0.6666666666666666
cb77efed7e711d25a72c1a2a0a1af119,Matthew Golden,receptions,betmgm,3.5,110.0,-150.0,6.0,2026_01_GB_MIN,2026-09-09T22:35:11Z,graded,0.4424778761061947,0.05752212389380529,0.07619047619047614,1.1,0.6666666666666666
e55c6fe19fce094ce214c8b0e5b504e9,Harold Fannin,receptions,betmgm,3.5,-150.0,110.0,2.0,2026_01_CLE_JAX,2026-09-09T22:35:12Z,graded,0.5575221238938053,0.05752212389380529,0.07619047619047614,0.6666666666666666,1.1
ed6d24ff979f9c71979fead577b0b3f7,Chris Godwin,receptions,betmgm,3.5,-150.0,110.0,4.0,2026_01_TB_CIN,2026-09-09T22:34:52Z,graded,0.5575221238938053,0.05752212389380529,0.07619047619047614,0.6666666666666666,1.1
17885cb8dcade8f6c3bce14b2de805e8,Terry McLaurin,receptions,betmgm,4.5,110.0,-150.0,2.0,2026_01_WAS_PHI,2026-09-09T22:34:50Z,graded,0.4424778761061947,0.05752212389380529,0.07619047619047614,1.1,0.6666666666666666
95c01d1bb797d6df14824b106c5a9130,Kyle Pitts,receptions,betmgm,4.5,110.0,-150.0,0.0,2026_01_ATL_PIT,2026-09-09T22:34:49Z,graded,0.4424778761061947,0.05752212389380529,0.07619047619047614,1.1,0.6666666666666666
c5d95f48a16849ab6bebc68fbbfcb74a,Tre Tucker,receptions,fanatics,4.5,110.0,-150.0,2.0,2026_01_MIA_LV,2026-09-09T22:35:03Z,graded,0.4424778761061947,0.05752212389380529,0.07619047619047614,1.1,0.6666666666666666
ed6d24ff979f9c71979fead577b0b3f7,Emeka Egbuka,receptions,betmgm,4.5,110.0,-150.0,5.0,2026_01_TB_CIN,2026-09-09T22:34:52Z,graded,0.4424778761061947,0.05752212389380529,0.07619047619047614,1.1,0.6666666666666666
1edfa5ceaa1ad2cb57df1c1b908731f6,Trey McBride,receptions,betmgm,5.5,-150.0,110.0,9.0,2026_01_ARI_LAC,2026-09-09T22:35:11Z,graded,0.5575221238938053,0.05752212389380529,0.07619047619047614,0.6666666666666666,1.1
17885cb8dcade8f6c3bce14b2de805e8,Jalen Hurts,rush_attempts,betmgm,6.5,-150.0,110.0,7.0,2026_01_WAS_PHI,2026-09-09T22:34:50Z,graded,0.5575221238938053,0.05752212389380529,0.07619047619047614,0.6666666666666666,1.1
acc580d74344ea3b31bbcdd057fe6a9c,Puka Nacua,receptions,fanatics,7.5,110.0,-150.0,5.0,2026_01_SF_LA,2026-09-09T22:35:26Z,graded,0.4424778761061947,0.05752212389380529,0.07619047619047614,1.1,0.6666666666666666
8c94552d022acec4a0458d70c19d3da9,Sam Darnold,rush_attempts,draftkings,2.5,113.0,-145.0,0.0,2026_01_NE_SEA,2026-09-09T22:35:35Z,graded,0.44235803918028344,0.057641960819716564,0.06132030276899503,1.13,0.6896551724137931
7dddb296a42e7a41a774b24bd1709ce1,Tyjae Spears,rush_attempts,draftkings,6.5,113.0,-145.0,3.0,2026_01_NYJ_TEN,2026-09-09T22:34:59Z,graded,0.44235803918028344,0.057641960819716564,0.06132030276899503,1.13,0.6896551724137931
95c01d1bb797d6df14824b106c5a9130,Rico Dowdle,receptions,fanduel,1.5,-148.0,112.0,2.0,2026_01_ATL_PIT,2026-09-09T22:35:14Z,graded,0.5585303332383936,0.05853033323839363,0.0684723067559343,0.6756756756756757,1.12
acc580d74344ea3b31bbcdd057fe6a9c,Kyren Williams,receptions,fanduel,1.5,-148.0,112.0,3.0,2026_01_SF_LA,2026-09-09T22:35:37Z,graded,0.5585303332383936,0.05853033323839363,0.0684723067559343,0.6756756756756757,1.12
c5d95f48a16849ab6bebc68fbbfcb74a,Jack Bech,receptions,fanduel,1.5,-148.0,112.0,3.0,2026_01_MIA_LV,2026-09-09T22:35:17Z,graded,0.5585303332383936,0.05853033323839363,0.0684723067559343,0.6756756756756757,1.12
fc362aff0d889ec52d358307a70c32ed,Bryce Young,pass_tds,fanduel,1.5,112.0,-148.0,3.0,2026_01_CHI_CAR,2026-09-09T22:35:22Z,graded,0.44146966676160637,0.05853033323839363,0.0684723067559343,1.12,0.6756756756756757
7dddb296a42e7a41a774b24bd1709ce1,Tyjae Spears,receptions,fanduel,2.5,-148.0,112.0,2.0,2026_01_NYJ_TEN,2026-09-09T22:35:39Z,graded,0.5585303332383936,0.05853033323839363,0.0684723067559343,0.6756756756756757,1.12
c1d3fcec25aaeb06ebd2244d33d338e0,Travis Etienne,receptions,fanduel,2.5,-148.0,112.0,7.0,2026_01_NO_DET,2026-09-09T22:35:40Z,graded,0.5585303332383936,0.05853033323839363,0.0684723067559343,0.6756756756756757,1.12
e55c6fe19fce094ce214c8b0e5b504e9,Denzel Boston,receptions,fanduel,2.5,112.0,-148.0,2.0,2026_01_CLE_JAX,2026-09-09T22:35:42Z,graded,0.44146966676160637,0.05853033323839363,0.0684723067559343,1.12,0.6756756756756757
17885cb8dcade8f6c3bce14b2de805e8,Stefon Diggs,receptions,fanduel,3.5,-148.0,112.0,4.0,2026_01_WAS_PHI,2026-09-09T22:35:16Z,graded,0.5585303332383936,0.05853033323839363,0.0684723067559343,0.6756756756756757,1.12
5ad8135dc2b5f27de0b777acd317855a,Travis Kelce,receptions,fanduel,3.5,-148.0,112.0,3.0,2026_01_DEN_KC,2026-09-09T22:35:38Z,graded,0.5585303332383936,0.05853033323839363,0.0684723067559343,0.6756756756756757,1.12
5ad8135dc2b5f27de0b777acd317855a,Xavier Worthy,receptions,fanduel,3.5,112.0,-148.0,3.0,2026_01_DEN_KC,2026-09-09T22:35:38Z,graded,0.44146966676160637,0.05853033323839363,0.0684723067559343,1.12,0.6756756756756757
c1d3fcec25aaeb06ebd2244d33d338e0,Jameson Williams,receptions,fanduel,3.5,-148.0,112.0,4.0,2026_01_NO_DET,2026-09-09T22:35:40Z,graded,0.5585303332383936,0.05853033323839363,0.0684723067559343,0.6756756756756757,1.12
95c01d1bb797d6df14824b106c5a9130,Kyle Pitts,receptions,fanduel,4.5,112.0,-148.0,0.0,2026_01_ATL_PIT,2026-09-09T22:35:14Z,graded,0.44146966676160637,0.05853033323839363,0.0684723067559343,1.12,0.6756756756756757
cb77efed7e711d25a72c1a2a0a1af119,Justin Jefferson,receptions,fanduel,5.5,-148.0,112.0,8.0,2026_01_GB_MIN,2026-09-09T22:35:38Z,graded,0.5585303332383936,0.05853033323839363,0.0684723067559343,0.6756756756756757,1.12
3e646c7479c57f5d9752d8c7dfe7059b,Cam Skattebo,receptions,draftkings,2.5,114.0,-145.0,0.0,2026_01_DAL_NYG,2026-09-09T22:35:13Z,graded,0.4412029533585449,0.058797046641455075,0.05912645432004582,1.14,0.6896551724137931
cb77efed7e711d25a72c1a2a0a1af119,Kyler Murray,interceptions,betonlineag,0.5,113.0,-147.0,1.0,2026_01_GB_MIN,2026-09-09T22:35:17Z,graded,0.44098480655585515,0.05901519344414485,0.06462526847997552,1.13,0.6802721088435374
3e646c7479c57f5d9752d8c7dfe7059b,Cam Skattebo,receptions,betonlineag,2.5,113.0,-147.0,0.0,2026_01_DAL_NYG,2026-09-09T22:35:13Z,graded,0.44098480655585515,0.05901519344414485,0.06462526847997552,1.13,0.6802721088435374
c5d95f48a16849ab6bebc68fbbfcb74a,Caleb Douglas,receptions,betonlineag,2.5,113.0,-147.0,5.0,2026_01_MIA_LV,2026-09-09T22:35:35Z,graded,0.44098480655585515,0.05901519344414485,0.06462526847997552,1.13,0.6802721088435374
8c94552d022acec4a0458d70c19d3da9,Romeo Doubs,receptions,betonlineag,3.5,113.0,-147.0,0.0,2026_01_NE_SEA,2026-09-09T22:34:52Z,graded,0.44098480655585515,0.05901519344414485,0.06462526847997552,1.13,0.6802721088435374
b6cfdcbafa61ce220ba87dc2d9b80c77,Mark Andrews,receptions,betonlineag,3.5,113.0,-147.0,4.0,2026_01_BAL_IND,2026-09-09T22:35:14Z,graded,0.44098480655585515,0.05901519344414485,0.06462526847997552,1.13,0.6802721088435374
7dddb296a42e7a41a774b24bd1709ce1,Tyjae Spears,rush_attempts,betonlineag,6.5,113.0,-147.0,3.0,2026_01_NYJ_TEN,2026-09-09T22:34:56Z,graded,0.44098480655585515,0.05901519344414485,0.06462526847997552,1.13,0.6802721088435374
ed6d24ff979f9c71979fead577b0b3f7,Ja'Marr Chase,receptions,betonlineag,7.5,113.0,-147.0,2.0,2026_01_TB_CIN,2026-09-09T22:34:50Z,graded,0.44098480655585515,0.05901519344414485,0.06462526847997552,1.13,0.6802721088435374
1edfa5ceaa1ad2cb57df1c1b908731f6,Justin Herbert,rush_attempts,betonlineag,4.5,-147.0,113.0,5.0,2026_01_ARI_LAC,2026-09-09T22:35:12Z,graded,0.559015193444145,0.059015193444144964,0.06462526847997552,0.6802721088435374,1.13
acc580d74344ea3b31bbcdd057fe6a9c,Deebo Samuel,receptions,draftkings,2.5,-146.0,114.0,6.0,2026_01_SF_LA,2026-09-09T22:34:50Z,graded,0.5594871427548169,0.059487142754816924,0.06078565458551788,0.684931506849315,1.14
cb77efed7e711d25a72c1a2a0a1af119,Kyler Murray,pass_tds,draftkings,1.5,114.0,-146.0,0.0,2026_01_GB_MIN,2026-09-09T22:35:37Z,graded,0.44051285724518296,0.059487142754817035,0.06078565458551788,1.14,0.684931506849315
acc580d74344ea3b31bbcdd057fe6a9c,Matthew Stafford,interceptions,betrivers,0.5,112.0,-150.0,1.0,2026_01_SF_LA,2026-09-09T22:35:11Z,graded,0.44014084507042256,0.05985915492957744,0.07169811320754715,1.12,0.6666666666666666
ed6d24ff979f9c71979fead577b0b3f7,Jalen McMillan,receptions,draftkings,2.5,-146.0,115.0,,2026_01_TB_CIN,2026-09-09T22:35:35Z,no matching game/player result,0.5606358278263976,0.06063582782639765,0.05861221402911698,0.684931506849315,1.15
cb77efed7e711d25a72c1a2a0a1af119,Justin Jefferson,receptions,draftkings,5.5,-146.0,115.0,8.0,2026_01_GB_MIN,2026-09-09T22:35:37Z,graded,0.5606358278263976,0.06063582782639765,0.05861221402911698,0.684931506849315,1.15
7e09efed7e12c659b82740b67ce2f9a1,C.J. Stroud,pass_tds,draftkings,1.5,115.0,-147.0,2.0,2026_01_BUF_HOU,2026-09-09T22:35:20Z,graded,0.43868217742651633,0.06131782257348367,0.060257979474625634,1.15,0.6802721088435374
fc362aff0d889ec52d358307a70c32ed,Bryce Young,pass_tds,draftkings,1.5,115.0,-147.0,3.0,2026_01_CHI_CAR,2026-09-09T22:35:34Z,graded,0.43868217742651633,0.06131782257348367,0.060257979474625634,1.15,0.6802721088435374
95c01d1bb797d6df14824b106c5a9130,Michael Pittman,receptions,draftkings,4.5,115.0,-147.0,3.0,2026_01_ATL_PIT,2026-09-09T22:33:37Z,graded,0.43868217742651633,0.06131782257348367,0.060257979474625634,1.15,0.6802721088435374
3e646c7479c57f5d9752d8c7dfe7059b,Dak Prescott,pass_tds,draftkings,1.5,-147.0,115.0,2.0,2026_01_DAL_NYG,2026-09-09T22:35:13Z,graded,0.5613178225734837,0.06131782257348373,0.060257979474625634,0.6802721088435374,1.15
c5d95f48a16849ab6bebc68fbbfcb74a,Jack Bech,receptions,draftkings,1.5,-147.0,115.0,3.0,2026_01_MIA_LV,2026-09-09T22:35:37Z,graded,0.5613178225734837,0.06131782257348373,0.060257979474625634,0.6802721088435374,1.15
5ad8135dc2b5f27de0b777acd317855a,Bo Nix,rush_attempts,draftkings,3.5,-147.0,115.0,3.0,2026_01_DEN_KC,2026-09-09T22:35:38Z,graded,0.5613178225734837,0.06131782257348373,0.060257979474625634,0.6802721088435374,1.15
acc580d74344ea3b31bbcdd057fe6a9c,Kyren Williams,receptions,betonlineag,1.5,-149.0,115.0,3.0,2026_01_SF_LA,2026-09-09T22:35:41Z,graded,0.5626591727408448,0.06265917274084476,0.06350985336695625,0.6711409395973155,1.15
17885cb8dcade8f6c3bce14b2de805e8,Chig Okonkwo,receptions,betonlineag,2.5,-149.0,115.0,2.0,2026_01_WAS_PHI,2026-09-09T22:34:52Z,graded,0.5626591727408448,0.06265917274084476,0.06350985336695625,0.6711409395973155,1.15
5ad8135dc2b5f27de0b777acd317855a,Kenneth Walker,receptions,betonlineag,2.5,-149.0,115.0,3.0,2026_01_DEN_KC,2026-09-09T22:34:52Z,graded,0.5626591727408448,0.06265917274084476,0.06350985336695625,0.6711409395973155,1.15
acc580d74344ea3b31bbcdd057fe6a9c,Deebo Samuel,receptions,betonlineag,2.5,-149.0,115.0,6.0,2026_01_SF_LA,2026-09-09T22:35:41Z,graded,0.5626591727408448,0.06265917274084476,0.06350985336695625,0.6711409395973155,1.15
b6cfdcbafa61ce220ba87dc2d9b80c77,Jonathan Taylor,receptions,betonlineag,2.5,-149.0,115.0,3.0,2026_01_BAL_IND,2026-09-09T22:35:14Z,graded,0.5626591727408448,0.06265917274084476,0.06350985336695625,0.6711409395973155,1.15
c1d3fcec25aaeb06ebd2244d33d338e0,Travis Etienne,receptions,betonlineag,2.5,-149.0,115.0,7.0,2026_01_NO_DET,2026-09-09T22:35:16Z,graded,0.5626591727408448,0.06265917274084476,0.06350985336695625,0.6711409395973155,1.15
cb77efed7e711d25a72c1a2a0a1af119,Justin Jefferson,receptions,betonlineag,5.5,-149.0,115.0,8.0,2026_01_GB_MIN,2026-09-09T22:35:17Z,graded,0.5626591727408448,0.06265917274084476,0.06350985336695625,0.6711409395973155,1.15
17885cb8dcade8f6c3bce14b2de805e8,Jalen Hurts,rush_attempts,betonlineag,6.5,-149.0,115.0,7.0,2026_01_WAS_PHI,2026-09-09T22:34:52Z,graded,0.5626591727408448,0.06265917274084476,0.06350985336695625,0.6711409395973155,1.15
3e646c7479c57f5d9752d8c7dfe7059b,Odell Beckham,receptions,betonlineag,1.5,115.0,-149.0,,2026_01_DAL_NYG,2026-09-09T22:35:13Z,no matching game/player result,0.43734082725915513,0.06265917274084487,0.06350985336695625,1.15,0.6711409395973155
cb77efed7e711d25a72c1a2a0a1af119,Kyler Murray,pass_tds,betonlineag,1.5,115.0,-149.0,0.0,2026_01_GB_MIN,2026-09-09T22:35:17Z,graded,0.43734082725915513,0.06265917274084487,0.06350985336695625,1.15,0.6711409395973155
1edfa5ceaa1ad2cb57df1c1b908731f6,Jeremiyah Love,receptions,betonlineag,2.5,115.0,-149.0,2.0,2026_01_ARI_LAC,2026-09-09T22:35:12Z,graded,0.43734082725915513,0.06265917274084487,0.06350985336695625,1.15,0.6711409395973155
5ad8135dc2b5f27de0b777acd317855a,Pat Bryant,receptions,betonlineag,2.5,115.0,-149.0,4.0,2026_01_DEN_KC,2026-09-09T22:34:52Z,graded,0.43734082725915513,0.06265917274084487,0.06350985336695625,1.15,0.6711409395973155
7dddb296a42e7a41a774b24bd1709ce1,Carnell Tate,receptions,betonlineag,3.5,115.0,-149.0,4.0,2026_01_NYJ_TEN,2026-09-09T22:34:56Z,graded,0.43734082725915513,0.06265917274084487,0.06350985336695625,1.15,0.6711409395973155
c1d3fcec25aaeb06ebd2244d33d338e0,Jahmyr Gibbs,receptions,betonlineag,4.5,115.0,-149.0,5.0,2026_01_NO_DET,2026-09-09T22:35:16Z,graded,0.43734082725915513,0.06265917274084487,0.06350985336695625,1.15,0.6711409395973155
fc362aff0d889ec52d358307a70c32ed,Caleb Williams,rush_attempts,betonlineag,4.5,115.0,-149.0,10.0,2026_01_CHI_CAR,2026-09-09T22:34:54Z,graded,0.43734082725915513,0.06265917274084487,0.06350985336695625,1.15,0.6711409395973155
cb77efed7e711d25a72c1a2a0a1af119,Kyler Murray,rush_attempts,betonlineag,5.5,115.0,-149.0,2.0,2026_01_GB_MIN,2026-09-09T22:35:17Z,graded,0.43734082725915513,0.06265917274084487,0.06350985336695625,1.15,0.6711409395973155
c1d3fcec25aaeb06ebd2244d33d338e0,Chris Olave,receptions,betonlineag,6.5,115.0,-149.0,10.0,2026_01_NO_DET,2026-09-09T22:35:16Z,graded,0.43734082725915513,0.06265917274084487,0.06350985336695625,1.15,0.6711409395973155
acc580d74344ea3b31bbcdd057fe6a9c,Puka Nacua,receptions,betonlineag,7.5,115.0,-149.0,5.0,2026_01_SF_LA,2026-09-09T22:35:41Z,graded,0.43734082725915513,0.06265917274084487,0.06350985336695625,1.15,0.6711409395973155
fc362aff0d889ec52d358307a70c32ed,Caleb Williams,interceptions,draftkings,0.5,116.0,-148.0,0.0,2026_01_CHI_CAR,2026-09-09T22:35:34Z,graded,0.4368658399098084,0.06313416009019163,0.05973715651135003,1.16,0.6756756756756757
cb77efed7e711d25a72c1a2a0a1af119,Kyler Murray,rush_attempts,draftkings,5.5,116.0,-148.0,2.0,2026_01_GB_MIN,2026-09-09T22:35:37Z,graded,0.4368658399098084,0.06313416009019163,0.05973715651135003,1.16,0.6756756756756757
c5d95f48a16849ab6bebc68fbbfcb74a,Malik Washington,receptions,draftkings,2.5,-148.0,116.0,3.0,2026_01_MIA_LV,2026-09-09T22:35:37Z,graded,0.5631341600901917,0.06313416009019168,0.05973715651135003,0.6756756756756757,1.16
ed6d24ff979f9c71979fead577b0b3f7,Tee Higgins,receptions,draftkings,4.5,-148.0,116.0,3.0,2026_01_TB_CIN,2026-09-09T22:35:35Z,graded,0.5631341600901917,0.06313416009019168,0.05973715651135003,0.6756756756756757,1.16
3e646c7479c57f5d9752d8c7dfe7059b,Dak Prescott,pass_tds,bovada,1.5,-150.0,115.0,2.0,2026_01_DAL_NYG,2026-09-09T22:34:54Z,graded,0.5633187772925764,0.0633187772925764,0.06511627906976747,0.6666666666666666,1.15
95c01d1bb797d6df14824b106c5a9130,Jahan Dotson,receptions,bovada,1.5,-150.0,115.0,1.0,2026_01_ATL_PIT,2026-09-09T22:34:53Z,graded,0.5633187772925764,0.0633187772925764,0.06511627906976747,0.6666666666666666,1.15
acc580d74344ea3b31bbcdd057fe6a9c,Matthew Stafford,pass_tds,bovada,1.5,-150.0,115.0,0.0,2026_01_SF_LA,2026-09-09T22:35:39Z,graded,0.5633187772925764,0.0633187772925764,0.06511627906976747,0.6666666666666666,1.15
c5d95f48a16849ab6bebc68fbbfcb74a,Jack Bech,receptions,bovada,1.5,-150.0,115.0,3.0,2026_01_MIA_LV,2026-09-09T22:35:16Z,graded,0.5633187772925764,0.0633187772925764,0.06511627906976747,0.6666666666666666,1.15
cb77efed7e711d25a72c1a2a0a1af119,MarShawn Lloyd,receptions,bovada,1.5,-150.0,115.0,0.0,2026_01_GB_MIN,2026-09-09T22:34:56Z,graded,0.5633187772925764,0.0633187772925764,0.06511627906976747,0.6666666666666666,1.15
5ad8135dc2b5f27de0b777acd317855a,Kenneth Walker,receptions,bovada,2.5,-150.0,115.0,3.0,2026_01_DEN_KC,2026-09-09T22:34:54Z,graded,0.5633187772925764,0.0633187772925764,0.06511627906976747,0.6666666666666666,1.15
acc580d74344ea3b31bbcdd057fe6a9c,Deebo Samuel,receptions,bovada,2.5,-150.0,115.0,6.0,2026_01_SF_LA,2026-09-09T22:35:39Z,graded,0.5633187772925764,0.0633187772925764,0.06511627906976747,0.6666666666666666,1.15
c5d95f48a16849ab6bebc68fbbfcb74a,Malik Washington,receptions,bovada,2.5,-150.0,115.0,3.0,2026_01_MIA_LV,2026-09-09T22:35:16Z,graded,0.5633187772925764,0.0633187772925764,0.06511627906976747,0.6666666666666666,1.15
ed6d24ff979f9c71979fead577b0b3f7,Jalen McMillan,receptions,bovada,2.5,-150.0,115.0,,2026_01_TB_CIN,2026-09-09T22:34:55Z,no matching game/player result,0.5633187772925764,0.0633187772925764,0.06511627906976747,0.6666666666666666,1.15
ed6d24ff979f9c71979fead577b0b3f7,Tee Higgins,receptions,bovada,4.5,-150.0,115.0,3.0,2026_01_TB_CIN,2026-09-09T22:34:55Z,graded,0.5633187772925764,0.0633187772925764,0.06511627906976747,0.6666666666666666,1.15
cb77efed7e711d25a72c1a2a0a1af119,Justin Jefferson,receptions,bovada,5.5,-150.0,115.0,8.0,2026_01_GB_MIN,2026-09-09T22:34:56Z,graded,0.5633187772925764,0.0633187772925764,0.06511627906976747,0.6666666666666666,1.15
acc580d74344ea3b31bbcdd057fe6a9c,Matthew Stafford,interceptions,bovada,0.5,115.0,-150.0,1.0,2026_01_SF_LA,2026-09-09T22:35:39Z,graded,0.43668122270742354,0.06331877729257646,0.06511627906976747,1.15,0.6666666666666666
fc362aff0d889ec52d358307a70c32ed,Caleb Williams,interceptions,bovada,0.5,115.0,-150.0,0.0,2026_01_CHI_CAR,2026-09-09T22:34:07Z,graded,0.43668122270742354,0.06331877729257646,0.06511627906976747,1.15,0.6666666666666666
7e09efed7e12c659b82740b67ce2f9a1,C.J. Stroud,pass_tds,bovada,1.5,115.0,-150.0,2.0,2026_01_BUF_HOU,2026-09-09T22:35:38Z,graded,0.43668122270742354,0.06331877729257646,0.06511627906976747,1.15,0.6666666666666666
95c01d1bb797d6df14824b106c5a9130,Aaron Rodgers,pass_tds,fanatics,1.5,115.0,-150.0,1.0,2026_01_ATL_PIT,2026-09-09T22:35:46Z,graded,0.43668122270742354,0.06331877729257646,0.06511627906976747,1.15,0.6666666666666666
b6cfdcbafa61ce220ba87dc2d9b80c77,Daniel Jones,pass_tds,bovada,1.5,115.0,-150.0,1.0,2026_01_BAL_IND,2026-09-09T22:35:16Z,graded,0.43668122270742354,0.06331877729257646,0.06511627906976747,1.15,0.6666666666666666
cb77efed7e711d25a72c1a2a0a1af119,Kyler Murray,pass_tds,bovada,1.5,115.0,-150.0,0.0,2026_01_GB_MIN,2026-09-09T22:34:56Z,graded,0.43668122270742354,0.06331877729257646,0.06511627906976747,1.15,0.6666666666666666
cb77efed7e711d25a72c1a2a0a1af119,Kyler Murray,pass_tds,fanatics,1.5,115.0,-150.0,0.0,2026_01_GB_MIN,2026-09-09T22:33:52Z,graded,0.43668122270742354,0.06331877729257646,0.06511627906976747,1.15,0.6666666666666666
fc362aff0d889ec52d358307a70c32ed,Bryce Young,pass_tds,bovada,1.5,115.0,-150.0,3.0,2026_01_CHI_CAR,2026-09-09T22:34:07Z,graded,0.43668122270742354,0.06331877729257646,0.06511627906976747,1.15,0.6666666666666666
fc362aff0d889ec52d358307a70c32ed,Bryce Young,pass_tds,fanatics,1.5,115.0,-150.0,3.0,2026_01_CHI_CAR,2026-09-09T22:35:02Z,graded,0.43668122270742354,0.06331877729257646,0.06511627906976747,1.15,0.6666666666666666
3e646c7479c57f5d9752d8c7dfe7059b,Cam Skattebo,receptions,bovada,2.5,115.0,-150.0,0.0,2026_01_DAL_NYG,2026-09-09T22:34:54Z,graded,0.43668122270742354,0.06331877729257646,0.06511627906976747,1.15,0.6666666666666666
5ad8135dc2b5f27de0b777acd317855a,Pat Bryant,receptions,bovada,2.5,115.0,-150.0,4.0,2026_01_DEN_KC,2026-09-09T22:34:54Z,graded,0.43668122270742354,0.06331877729257646,0.06511627906976747,1.15,0.6666666666666666
95c01d1bb797d6df14824b106c5a9130,Michael Pittman,receptions,bovada,4.5,115.0,-150.0,3.0,2026_01_ATL_PIT,2026-09-09T22:34:53Z,graded,0.43668122270742354,0.06331877729257646,0.06511627906976747,1.15,0.6666666666666666
c1d3fcec25aaeb06ebd2244d33d338e0,Juwan Johnson,receptions,bovada,4.5,115.0,-150.0,3.0,2026_01_NO_DET,2026-09-09T22:34:55Z,graded,0.43668122270742354,0.06331877729257646,0.06511627906976747,1.15,0.6666666666666666
3e646c7479c57f5d9752d8c7dfe7059b,Malik Nabers,receptions,bovada,5.5,115.0,-150.0,6.0,2026_01_DAL_NYG,2026-09-09T22:34:54Z,graded,0.43668122270742354,0.06331877729257646,0.06511627906976747,1.15,0.6666666666666666
3e646c7479c57f5d9752d8c7dfe7059b,CeeDee Lamb,receptions,bovada,6.5,115.0,-150.0,5.0,2026_01_DAL_NYG,2026-09-09T22:34:54Z,graded,0.43668122270742354,0.06331877729257646,0.06511627906976747,1.15,0.6666666666666666
17885cb8dcade8f6c3bce14b2de805e8,Jalen Hurts,interceptions,betrivers,0.5,114.0,-152.0,0.0,2026_01_WAS_PHI,2026-09-09T22:35:12Z,graded,0.43652993348115304,0.06347006651884696,0.0704643228007713,1.14,0.6578947368421053
17885cb8dcade8f6c3bce14b2de805e8,Jalen Hurts,pass_tds,betrivers,1.5,114.0,-152.0,3.0,2026_01_WAS_PHI,2026-09-09T22:35:12Z,graded,0.43652993348115304,0.06347006651884696,0.0704643228007713,1.14,0.6578947368421053
acc580d74344ea3b31bbcdd057fe6a9c,Terrance Ferguson,receptions,fanduel,1.5,-152.0,114.0,0.0,2026_01_SF_LA,2026-09-09T22:35:37Z,graded,0.563470066518847,0.06347006651884701,0.0704643228007713,0.6578947368421053,1.14
c5d95f48a16849ab6bebc68fbbfcb74a,Kirk Cousins,rush_yds,draftkings,0.5,117.0,-147.0,-6.0,2026_01_MIA_LV,2026-09-09T22:35:37Z,graded,0.4364034700259722,0.06359652997402782,0.05597119349241586,1.17,0.6802721088435374
95c01d1bb797d6df14824b106c5a9130,Jahan Dotson,receptions,draftkings,1.5,-149.0,117.0,1.0,2026_01_ATL_PIT,2026-09-09T22:33:37Z,graded,0.5649363129662957,0.06493631296629565,0.059223067384746475,0.6711409395973155,1.17
c1d3fcec25aaeb06ebd2244d33d338e0,Tyler Shough,rush_attempts,draftkings,3.5,-149.0,117.0,4.0,2026_01_NO_DET,2026-09-09T22:34:52Z,graded,0.5649363129662957,0.06493631296629565,0.059223067384746475,0.6711409395973155,1.17
5ad8135dc2b5f27de0b777acd317855a,Pat Bryant,receptions,draftkings,2.5,117.0,-149.0,4.0,2026_01_DEN_KC,2026-09-09T22:35:38Z,graded,0.4350636870337043,0.0649363129662957,0.059223067384746475,1.17,0.6711409395973155
acc580d74344ea3b31bbcdd057fe6a9c,Matthew Stafford,interceptions,draftkings,0.5,117.0,-150.0,1.0,2026_01_SF_LA,2026-09-09T22:34:50Z,graded,0.4344048653344918,0.0655951346655082,0.060829493087557474,1.17,0.6666666666666666
3e646c7479c57f5d9752d8c7dfe7059b,CeeDee Lamb,receptions,draftkings,6.5,117.0,-150.0,5.0,2026_01_DAL_NYG,2026-09-09T22:35:13Z,graded,0.4344048653344918,0.0655951346655082,0.060829493087557474,1.17,0.6666666666666666
cb77efed7e711d25a72c1a2a0a1af119,MarShawn Lloyd,receptions,betonlineag,1.5,-152.0,116.0,0.0,2026_01_GB_MIN,2026-09-09T22:35:17Z,graded,0.56575682382134,0.06575682382133996,0.06613756613756605,0.6578947368421053,1.16
b6cfdcbafa61ce220ba87dc2d9b80c77,Zay Flowers,receptions,betonlineag,4.5,-152.0,116.0,5.0,2026_01_BAL_IND,2026-09-09T22:35:14Z,graded,0.56575682382134,0.06575682382133996,0.06613756613756605,0.6578947368421053,1.16
3e646c7479c57f5d9752d8c7dfe7059b,Dak Prescott,interceptions,betmgm,0.5,115.0,-155.0,1.0,2026_01_DAL_NYG,2026-09-09T22:34:51Z,graded,0.43348916277093075,0.06651083722906925,0.0729594163246694,1.15,0.6451612903225806
3e646c7479c57f5d9752d8c7dfe7059b,Jaxson Dart,interceptions,betmgm,0.5,115.0,-155.0,0.0,2026_01_DAL_NYG,2026-09-09T22:34:51Z,graded,0.43348916277093075,0.06651083722906925,0.0729594163246694,1.15,0.6451612903225806
cb77efed7e711d25a72c1a2a0a1af119,Jordan Love,interceptions,betmgm,0.5,115.0,-155.0,1.0,2026_01_GB_MIN,2026-09-09T22:35:11Z,graded,0.43348916277093075,0.06651083722906925,0.0729594163246694,1.15,0.6451612903225806
3e646c7479c57f5d9752d8c7dfe7059b,Javonte Williams,receptions,betmgm,1.5,-155.0,115.0,5.0,2026_01_DAL_NYG,2026-09-09T22:34:51Z,graded,0.5665108372290693,0.06651083722906925,0.0729594163246694,0.6451612903225806,1.15
8c94552d022acec4a0458d70c19d3da9,Sam Darnold,pass_tds,betmgm,1.5,115.0,-155.0,0.0,2026_01_NE_SEA,2026-09-09T22:35:11Z,graded,0.43348916277093075,0.06651083722906925,0.0729594163246694,1.15,0.6451612903225806
c1d3fcec25aaeb06ebd2244d33d338e0,Jared Goff,pass_tds,betmgm,1.5,-155.0,115.0,2.0,2026_01_NO_DET,2026-09-09T22:34:50Z,graded,0.5665108372290693,0.06651083722906925,0.0729594163246694,0.6451612903225806,1.15
c1d3fcec25aaeb06ebd2244d33d338e0,Tyler Shough,pass_tds,betmgm,1.5,115.0,-155.0,3.0,2026_01_NO_DET,2026-09-09T22:34:50Z,graded,0.43348916277093075,0.06651083722906925,0.0729594163246694,1.15,0.6451612903225806
cb77efed7e711d25a72c1a2a0a1af119,Kyler Murray,pass_tds,betrivers,1.5,115.0,-155.0,0.0,2026_01_GB_MIN,2026-09-09T22:35:35Z,graded,0.43348916277093075,0.06651083722906925,0.0729594163246694,1.15,0.6451612903225806
e55c6fe19fce094ce214c8b0e5b504e9,Quinshon Judkins,receptions,betmgm,1.5,-155.0,115.0,2.0,2026_01_CLE_JAX,2026-09-09T22:35:12Z,graded,0.5665108372290693,0.06651083722906925,0.0729594163246694,0.6451612903225806,1.15
ed6d24ff979f9c71979fead577b0b3f7,Kenny Gainwell,receptions,betmgm,2.5,-155.0,115.0,1.0,2026_01_TB_CIN,2026-09-09T22:34:52Z,graded,0.5665108372290693,0.06651083722906925,0.0729594163246694,0.6451612903225806,1.15
5ad8135dc2b5f27de0b777acd317855a,Travis Kelce,receptions,betmgm,3.5,-155.0,115.0,3.0,2026_01_DEN_KC,2026-09-09T22:34:49Z,graded,0.5665108372290693,0.06651083722906925,0.0729594163246694,0.6451612903225806,1.15
95c01d1bb797d6df14824b106c5a9130,DK Metcalf,receptions,betmgm,3.5,-155.0,115.0,4.0,2026_01_ATL_PIT,2026-09-09T22:34:49Z,graded,0.5665108372290693,0.06651083722906925,0.0729594163246694,0.6451612903225806,1.15
fc362aff0d889ec52d358307a70c32ed,Bryce Young,rush_attempts,fanatics,3.5,115.0,-155.0,2.0,2026_01_CHI_CAR,2026-09-09T22:35:02Z,graded,0.43348916277093075,0.06651083722906925,0.0729594163246694,1.15,0.6451612903225806
7dddb296a42e7a41a774b24bd1709ce1,Wan'Dale Robinson,receptions,betmgm,4.5,115.0,-155.0,5.0,2026_01_NYJ_TEN,2026-09-09T22:34:03Z,graded,0.43348916277093075,0.06651083722906925,0.0729594163246694,1.15,0.6451612903225806
b6cfdcbafa61ce220ba87dc2d9b80c77,Zay Flowers,receptions,fanatics,4.5,-155.0,115.0,5.0,2026_01_BAL_IND,2026-09-09T22:35:02Z,graded,0.5665108372290693,0.06651083722906925,0.0729594163246694,0.6451612903225806,1.15
cb77efed7e711d25a72c1a2a0a1af119,Tucker Kraft,receptions,betmgm,4.5,115.0,-155.0,3.0,2026_01_GB_MIN,2026-09-09T22:35:11Z,graded,0.43348916277093075,0.06651083722906925,0.0729594163246694,1.15,0.6451612903225806
cb77efed7e711d25a72c1a2a0a1af119,Justin Jefferson,receptions,betmgm,6.5,115.0,-155.0,8.0,2026_01_GB_MIN,2026-09-09T22:35:11Z,graded,0.43348916277093075,0.06651083722906925,0.0729594163246694,1.15,0.6451612903225806
b6cfdcbafa61ce220ba87dc2d9b80c77,Daniel Jones,pass_tds,draftkings,1.5,118.0,-150.0,1.0,2026_01_BAL_IND,2026-09-09T22:34:04Z,graded,0.43327556325823224,0.06672443674176776,0.05871559633027523,1.18,0.6666666666666666
5ad8135dc2b5f27de0b777acd317855a,Kenneth Walker,receptions,draftkings,2.5,-150.0,118.0,3.0,2026_01_DEN_KC,2026-09-09T22:35:38Z,graded,0.5667244367417678,0.06672443674176776,0.05871559633027523,0.6666666666666666,1.18
fc362aff0d889ec52d358307a70c32ed,Caleb Williams,interceptions,betonlineag,0.5,117.0,-152.0,0.0,2026_01_CHI_CAR,2026-09-09T22:34:54Z,graded,0.43310875842155927,0.06689124157844073,0.06400409626216064,1.17,0.6578947368421053
fc362aff0d889ec52d358307a70c32ed,Bryce Young,pass_tds,betonlineag,1.5,117.0,-152.0,3.0,2026_01_CHI_CAR,2026-09-09T22:34:54Z,graded,0.43310875842155927,0.06689124157844073,0.06400409626216064,1.17,0.6578947368421053
1edfa5ceaa1ad2cb57df1c1b908731f6,Trey McBride,receptions,betonlineag,6.5,117.0,-152.0,9.0,2026_01_ARI_LAC,2026-09-09T22:35:12Z,graded,0.43310875842155927,0.06689124157844073,0.06400409626216064,1.17,0.6578947368421053
acc580d74344ea3b31bbcdd057fe6a9c,Brock Purdy,interceptions,betonlineag,0.5,-152.0,117.0,1.0,2026_01_SF_LA,2026-09-09T22:35:41Z,graded,0.5668912415784408,0.06689124157844084,0.06400409626216064,0.6578947368421053,1.17
5ad8135dc2b5f27de0b777acd317855a,Travis Kelce,receptions,betonlineag,3.5,-152.0,117.0,3.0,2026_01_DEN_KC,2026-09-09T22:34:52Z,graded,0.5668912415784408,0.06689124157844084,0.06400409626216064,0.6578947368421053,1.17
5ad8135dc2b5f27de0b777acd317855a,Patrick Mahomes,pass_tds,fanduel,1.5,116.0,-154.0,2.0,2026_01_DEN_KC,2026-09-09T22:35:38Z,graded,0.4329742261011864,0.06702577389881359,0.06926217556138825,1.16,0.6493506493506493
95c01d1bb797d6df14824b106c5a9130,Aaron Rodgers,pass_tds,fanduel,1.5,116.0,-154.0,1.0,2026_01_ATL_PIT,2026-09-09T22:35:14Z,graded,0.4329742261011864,0.06702577389881359,0.06926217556138825,1.16,0.6493506493506493
acc580d74344ea3b31bbcdd057fe6a9c,Matthew Stafford,pass_tds,fanduel,1.5,-154.0,116.0,0.0,2026_01_SF_LA,2026-09-09T22:35:37Z,graded,0.5670257738988136,0.06702577389881359,0.06926217556138825,0.6493506493506493,1.16
cb77efed7e711d25a72c1a2a0a1af119,Kyler Murray,pass_tds,fanduel,1.5,116.0,-154.0,0.0,2026_01_GB_MIN,2026-09-09T22:35:38Z,graded,0.4329742261011864,0.06702577389881359,0.06926217556138825,1.16,0.6493506493506493
3e646c7479c57f5d9752d8c7dfe7059b,Cam Skattebo,receptions,fanduel,2.5,116.0,-154.0,0.0,2026_01_DAL_NYG,2026-09-09T22:35:15Z,graded,0.4329742261011864,0.06702577389881359,0.06926217556138825,1.16,0.6493506493506493
8c94552d022acec4a0458d70c19d3da9,AJ Barner,receptions,fanduel,2.5,-154.0,116.0,2.0,2026_01_NE_SEA,2026-09-09T22:35:38Z,graded,0.5670257738988136,0.06702577389881359,0.06926217556138825,0.6493506493506493,1.16
ed6d24ff979f9c71979fead577b0b3f7,Jalen McMillan,receptions,fanduel,2.5,-154.0,116.0,,2026_01_TB_CIN,2026-09-09T22:35:37Z,no matching game/player result,0.5670257738988136,0.06702577389881359,0.06926217556138825,0.6493506493506493,1.16
1edfa5ceaa1ad2cb57df1c1b908731f6,Quentin Johnston,receptions,fanduel,3.5,116.0,-154.0,2.0,2026_01_ARI_LAC,2026-09-09T22:35:40Z,graded,0.4329742261011864,0.06702577389881359,0.06926217556138825,1.16,0.6493506493506493
3e646c7479c57f5d9752d8c7dfe7059b,Isaiah Likely,receptions,fanduel,3.5,116.0,-154.0,8.0,2026_01_DAL_NYG,2026-09-09T22:35:15Z,graded,0.4329742261011864,0.06702577389881359,0.06926217556138825,1.16,0.6493506493506493
8c94552d022acec4a0458d70c19d3da9,Rhamondre Stevenson,receptions,fanduel,3.5,116.0,-154.0,5.0,2026_01_NE_SEA,2026-09-09T22:35:38Z,graded,0.4329742261011864,0.06702577389881359,0.06926217556138825,1.16,0.6493506493506493
b6cfdcbafa61ce220ba87dc2d9b80c77,Mark Andrews,receptions,fanduel,3.5,116.0,-154.0,4.0,2026_01_BAL_IND,2026-09-09T22:35:37Z,graded,0.4329742261011864,0.06702577389881359,0.06926217556138825,1.16,0.6493506493506493
ed6d24ff979f9c71979fead577b0b3f7,Kenny Gainwell,receptions,fanduel,3.5,116.0,-154.0,1.0,2026_01_TB_CIN,2026-09-09T22:35:37Z,graded,0.4329742261011864,0.06702577389881359,0.06926217556138825,1.16,0.6493506493506493
c1d3fcec25aaeb06ebd2244d33d338e0,Juwan Johnson,receptions,fanduel,4.5,116.0,-154.0,3.0,2026_01_NO_DET,2026-09-09T22:35:40Z,graded,0.4329742261011864,0.06702577389881359,0.06926217556138825,1.16,0.6493506493506493
3e646c7479c57f5d9752d8c7dfe7059b,CeeDee Lamb,receptions,fanduel,6.5,116.0,-154.0,5.0,2026_01_DAL_NYG,2026-09-09T22:35:15Z,graded,0.4329742261011864,0.06702577389881359,0.06926217556138825,1.16,0.6493506493506493
acc580d74344ea3b31bbcdd057fe6a9c,Puka Nacua,receptions,fanduel,7.5,116.0,-154.0,5.0,2026_01_SF_LA,2026-09-09T22:35:37Z,graded,0.4329742261011864,0.06702577389881359,0.06926217556138825,1.16,0.6493506493506493
ed6d24ff979f9c71979fead577b0b3f7,Ja'Marr Chase,receptions,fanduel,7.5,116.0,-154.0,2.0,2026_01_TB_CIN,2026-09-09T22:35:37Z,graded,0.4329742261011864,0.06702577389881359,0.06926217556138825,1.16,0.6493506493506493
cb77efed7e711d25a72c1a2a0a1af119,MarShawn Lloyd,receptions,draftkings,1.5,-151.0,118.0,0.0,2026_01_GB_MIN,2026-09-09T22:35:37Z,graded,0.5673756420421249,0.06737564204212487,0.060309221828283244,0.6622516556291391,1.18
c1d3fcec25aaeb06ebd2244d33d338e0,Juwan Johnson,receptions,draftkings,4.5,118.0,-151.0,3.0,2026_01_NO_DET,2026-09-09T22:34:52Z,graded,0.4326243579578751,0.06737564204212487,0.060309221828283244,1.18,0.6622516556291391
ed6d24ff979f9c71979fead577b0b3f7,Joe Burrow,interceptions,betrivers,0.5,116.0,-155.0,1.0,2026_01_TB_CIN,2026-09-09T22:35:36Z,graded,0.43234994913530017,0.06765005086469983,0.07080610021786482,1.16,0.6451612903225806
3e646c7479c57f5d9752d8c7dfe7059b,Malik Nabers,receptions,draftkings,5.5,119.0,-151.0,6.0,2026_01_DAL_NYG,2026-09-09T22:35:13Z,graded,0.43150131513349027,0.06849868486650973,0.05821463006421812,1.19,0.6622516556291391
17885cb8dcade8f6c3bce14b2de805e8,Jalen Hurts,pass_tds,draftkings,1.5,119.0,-152.0,3.0,2026_01_WAS_PHI,2026-09-09T22:33:41Z,graded,0.43085761181780885,0.06914238818219115,0.05979560774081305,1.19,0.6578947368421053
7e09efed7e12c659b82740b67ce2f9a1,James Cook,receptions,draftkings,2.5,119.0,-152.0,3.0,2026_01_BUF_HOU,2026-09-09T22:35:20Z,graded,0.43085761181780885,0.06914238818219115,0.05979560774081305,1.19,0.6578947368421053
ed6d24ff979f9c71979fead577b0b3f7,Chris Godwin,receptions,draftkings,3.5,-152.0,119.0,4.0,2026_01_TB_CIN,2026-09-09T22:35:35Z,graded,0.5691423881821913,0.06914238818219132,0.05979560774081305,0.6578947368421053,1.19
7e09efed7e12c659b82740b67ce2f9a1,Jaylin Noel,receptions,betonlineag,1.5,-154.0,118.0,2.0,2026_01_BUF_HOU,2026-09-09T22:34:56Z,graded,0.5692871193108593,0.06928711931085929,0.0650148089287006,0.6493506493506493,1.18
95c01d1bb797d6df14824b106c5a9130,Jahan Dotson,receptions,betonlineag,1.5,-154.0,118.0,1.0,2026_01_ATL_PIT,2026-09-09T22:35:15Z,graded,0.5692871193108593,0.06928711931085929,0.0650148089287006,0.6493506493506493,1.18
95c01d1bb797d6df14824b106c5a9130,Aaron Rodgers,pass_tds,betonlineag,1.5,118.0,-154.0,1.0,2026_01_ATL_PIT,2026-09-09T22:35:15Z,graded,0.43071288068914054,0.06928711931085946,0.0650148089287006,1.18,0.6493506493506493
3e646c7479c57f5d9752d8c7dfe7059b,CeeDee Lamb,receptions,betonlineag,6.5,118.0,-154.0,5.0,2026_01_DAL_NYG,2026-09-09T22:35:13Z,graded,0.43071288068914054,0.06928711931085946,0.0650148089287006,1.18,0.6493506493506493
e55c6fe19fce094ce214c8b0e5b504e9,Parker Washington,receptions,draftkings,4.5,120.0,-153.0,5.0,2026_01_CLE_JAX,2026-09-09T22:35:14Z,graded,0.4291044776119403,0.07089552238805968,0.059288537549406994,1.2,0.6535947712418301
fc362aff0d889ec52d358307a70c32ed,Tommy Tremble,receptions,draftkings,1.5,-153.0,120.0,3.0,2026_01_CHI_CAR,2026-09-09T22:35:34Z,graded,0.5708955223880597,0.07089552238805974,0.059288537549406994,0.6535947712418301,1.2
c1d3fcec25aaeb06ebd2244d33d338e0,Jameson Williams,receptions,draftkings,3.5,-153.0,120.0,4.0,2026_01_NO_DET,2026-09-09T22:34:52Z,graded,0.5708955223880597,0.07089552238805974,0.059288537549406994,0.6535947712418301,1.2
3e646c7479c57f5d9752d8c7dfe7059b,George Pickens,receptions,draftkings,4.5,-153.0,120.0,3.0,2026_01_DAL_NYG,2026-09-09T22:35:13Z,graded,0.5708955223880597,0.07089552238805974,0.059288537549406994,0.6535947712418301,1.2
17885cb8dcade8f6c3bce14b2de805e8,Makai Lemon,receptions,draftkings,2.5,120.0,-154.0,3.0,2026_01_WAS_PHI,2026-09-09T22:33:41Z,graded,0.42847503373819157,0.07152496626180843,0.060844667143879816,1.2,0.6493506493506493
7e09efed7e12c659b82740b67ce2f9a1,Jaylin Noel,receptions,fanduel,1.5,-158.0,118.0,2.0,2026_01_BUF_HOU,2026-09-09T22:35:15Z,graded,0.571741584224155,0.071741584224155,0.07111869710546914,0.6329113924050633,1.18
8c94552d022acec4a0458d70c19d3da9,George Holani,receptions,fanduel,1.5,-158.0,118.0,0.0,2026_01_NE_SEA,2026-09-09T22:35:38Z,graded,0.571741584224155,0.071741584224155,0.07111869710546914,0.6329113924050633,1.18
cb77efed7e711d25a72c1a2a0a1af119,MarShawn Lloyd,receptions,fanduel,1.5,-158.0,118.0,0.0,2026_01_GB_MIN,2026-09-09T22:35:38Z,graded,0.571741584224155,0.071741584224155,0.07111869710546914,0.6329113924050633,1.18
17885cb8dcade8f6c3bce14b2de805e8,Chig Okonkwo,receptions,fanduel,2.5,-158.0,118.0,2.0,2026_01_WAS_PHI,2026-09-09T22:35:16Z,graded,0.571741584224155,0.071741584224155,0.07111869710546914,0.6329113924050633,1.18
c5d95f48a16849ab6bebc68fbbfcb74a,Malik Washington,receptions,fanduel,2.5,-158.0,118.0,3.0,2026_01_MIA_LV,2026-09-09T22:35:17Z,graded,0.571741584224155,0.071741584224155,0.07111869710546914,0.6329113924050633,1.18
e55c6fe19fce094ce214c8b0e5b504e9,Parker Washington,receptions,fanduel,4.5,118.0,-158.0,5.0,2026_01_CLE_JAX,2026-09-09T22:35:42Z,graded,0.4282584157758449,0.07174158422415511,0.07111869710546914,1.18,0.6329113924050633
c1d3fcec25aaeb06ebd2244d33d338e0,Travis Etienne,receptions,draftkings,2.5,-154.0,121.0,7.0,2026_01_NO_DET,2026-09-09T22:34:52Z,graded,0.5726351919776559,0.07263519197765589,0.05878790038123061,0.6493506493506493,1.21
c5d95f48a16849ab6bebc68fbbfcb74a,Ashton Jeanty,receptions,betonlineag,2.5,-156.0,120.0,6.0,2026_01_MIA_LV,2026-09-09T22:35:35Z,graded,0.5727636849132176,0.07276368491321761,0.06392045454545459,0.6410256410256411,1.2
ed6d24ff979f9c71979fead577b0b3f7,Chris Godwin,receptions,betonlineag,3.5,-156.0,120.0,4.0,2026_01_TB_CIN,2026-09-09T22:34:50Z,graded,0.5727636849132176,0.07276368491321761,0.06392045454545459,0.6410256410256411,1.2
17885cb8dcade8f6c3bce14b2de805e8,Jalen Hurts,interceptions,betonlineag,0.5,120.0,-156.0,0.0,2026_01_WAS_PHI,2026-09-09T22:34:52Z,graded,0.42723631508678234,0.07276368491321766,0.06392045454545459,1.2,0.6410256410256411
c5d95f48a16849ab6bebc68fbbfcb74a,Kirk Cousins,rush_yds,fanduel,0.5,120.0,-156.0,-6.0,2026_01_MIA_LV,2026-09-09T22:35:17Z,graded,0.42723631508678234,0.07276368491321766,0.06392045454545459,1.2,0.6410256410256411
7e09efed7e12c659b82740b67ce2f9a1,James Cook,receptions,betonlineag,2.5,120.0,-156.0,3.0,2026_01_BUF_HOU,2026-09-09T22:34:56Z,graded,0.42723631508678234,0.07276368491321766,0.06392045454545459,1.2,0.6410256410256411
e55c6fe19fce094ce214c8b0e5b504e9,Denzel Boston,receptions,betonlineag,2.5,120.0,-156.0,2.0,2026_01_CLE_JAX,2026-09-09T22:34:34Z,graded,0.42723631508678234,0.07276368491321766,0.06392045454545459,1.2,0.6410256410256411
c1d3fcec25aaeb06ebd2244d33d338e0,Juwan Johnson,receptions,betonlineag,4.5,120.0,-156.0,3.0,2026_01_NO_DET,2026-09-09T22:35:16Z,graded,0.42723631508678234,0.07276368491321766,0.06392045454545459,1.2,0.6410256410256411
c5d95f48a16849ab6bebc68fbbfcb74a,De'Von Achane,receptions,betonlineag,4.5,120.0,-156.0,4.0,2026_01_MIA_LV,2026-09-09T22:35:35Z,graded,0.42723631508678234,0.07276368491321766,0.06392045454545459,1.2,0.6410256410256411
acc580d74344ea3b31bbcdd057fe6a9c,Kyren Williams,receptions,draftkings,1.5,-155.0,121.0,3.0,2026_01_SF_LA,2026-09-09T22:34:50Z,graded,0.5732574679943101,0.0732574679943101,0.0603318250377074,0.6451612903225806,1.21
acc580d74344ea3b31bbcdd057fe6a9c,Matthew Stafford,pass_tds,betonlineag,1.5,-156.0,121.0,0.0,2026_01_SF_LA,2026-09-09T22:35:41Z,graded,0.573873094080831,0.07387309408083098,0.06186368778280538,0.6410256410256411,1.21
c5d95f48a16849ab6bebc68fbbfcb74a,Malik Washington,receptions,betonlineag,2.5,-156.0,121.0,3.0,2026_01_MIA_LV,2026-09-09T22:35:35Z,graded,0.573873094080831,0.07387309408083098,0.06186368778280538,0.6410256410256411,1.21
e55c6fe19fce094ce214c8b0e5b504e9,Denzel Boston,receptions,draftkings,2.5,122.0,-155.0,2.0,2026_01_CLE_JAX,2026-09-09T22:35:14Z,graded,0.42563845768652986,0.07436154231347014,0.05829358770535231,1.22,0.6451612903225806
17885cb8dcade8f6c3bce14b2de805e8,Terry McLaurin,receptions,draftkings,3.5,-155.0,122.0,2.0,2026_01_WAS_PHI,2026-09-09T22:33:41Z,graded,0.5743615423134703,0.07436154231347025,0.05829358770535231,0.6451612903225806,1.22
c1d3fcec25aaeb06ebd2244d33d338e0,Tyler Shough,pass_tds,draftkings,1.5,122.0,-156.0,3.0,2026_01_NO_DET,2026-09-09T22:34:52Z,graded,0.42502324345862663,0.07497675654137337,0.05982545045045051,1.22,0.6410256410256411
acc580d74344ea3b31bbcdd057fe6a9c,Colby Parkinson,receptions,draftkings,2.5,122.0,-156.0,1.0,2026_01_SF_LA,2026-09-09T22:34:50Z,graded,0.42502324345862663,0.07497675654137337,0.05982545045045051,1.22,0.6410256410256411
b6cfdcbafa61ce220ba87dc2d9b80c77,Jonathan Taylor,receptions,draftkings,2.5,-156.0,122.0,3.0,2026_01_BAL_IND,2026-09-09T22:34:04Z,graded,0.5749767565413734,0.07497675654137337,0.05982545045045051,0.6410256410256411,1.22
c5d95f48a16849ab6bebc68fbbfcb74a,De'Von Achane,receptions,draftkings,4.5,122.0,-156.0,4.0,2026_01_MIA_LV,2026-09-09T22:35:37Z,graded,0.42502324345862663,0.07497675654137337,0.05982545045045051,1.22,0.6410256410256411
acc580d74344ea3b31bbcdd057fe6a9c,Brock Purdy,interceptions,betmgm,0.5,-160.0,120.0,1.0,2026_01_SF_LA,2026-09-09T22:35:34Z,graded,0.5751633986928104,0.07516339869281041,0.06993006993007,0.625,1.2
acc580d74344ea3b31bbcdd057fe6a9c,Brock Purdy,interceptions,bovada,0.5,-160.0,120.0,1.0,2026_01_SF_LA,2026-09-09T22:35:39Z,graded,0.5751633986928104,0.07516339869281041,0.06993006993007,0.625,1.2
8c94552d022acec4a0458d70c19d3da9,George Holani,receptions,betmgm,1.5,-160.0,120.0,0.0,2026_01_NE_SEA,2026-09-09T22:35:11Z,graded,0.5751633986928104,0.07516339869281041,0.06993006993007,0.625,1.2
95c01d1bb797d6df14824b106c5a9130,Rico Dowdle,receptions,betmgm,1.5,-160.0,120.0,2.0,2026_01_ATL_PIT,2026-09-09T22:34:49Z,graded,0.5751633986928104,0.07516339869281041,0.06993006993007,0.625,1.2
acc580d74344ea3b31bbcdd057fe6a9c,Kyren Williams,receptions,bovada,1.5,-160.0,120.0,3.0,2026_01_SF_LA,2026-09-09T22:35:39Z,graded,0.5751633986928104,0.07516339869281041,0.06993006993007,0.625,1.2
cb77efed7e711d25a72c1a2a0a1af119,MarShawn Lloyd,receptions,betmgm,1.5,-160.0,120.0,0.0,2026_01_GB_MIN,2026-09-09T22:35:11Z,graded,0.5751633986928104,0.07516339869281041,0.06993006993007,0.625,1.2
fc362aff0d889ec52d358307a70c32ed,Tommy Tremble,receptions,bovada,1.5,-160.0,120.0,3.0,2026_01_CHI_CAR,2026-09-09T22:34:07Z,graded,0.5751633986928104,0.07516339869281041,0.06993006993007,0.625,1.2
8c94552d022acec4a0458d70c19d3da9,AJ Barner,receptions,betmgm,2.5,-160.0,120.0,2.0,2026_01_NE_SEA,2026-09-09T22:35:11Z,graded,0.5751633986928104,0.07516339869281041,0.06993006993007,0.625,1.2
8c94552d022acec4a0458d70c19d3da9,Cooper Kupp,receptions,bovada,2.5,-160.0,120.0,2.0,2026_01_NE_SEA,2026-09-09T22:34:55Z,graded,0.5751633986928104,0.07516339869281041,0.06993006993007,0.625,1.2
b6cfdcbafa61ce220ba87dc2d9b80c77,Jonathan Taylor,receptions,bovada,2.5,-160.0,120.0,3.0,2026_01_BAL_IND,2026-09-09T22:35:16Z,graded,0.5751633986928104,0.07516339869281041,0.06993006993007,0.625,1.2
c1d3fcec25aaeb06ebd2244d33d338e0,Travis Etienne,receptions,bovada,2.5,-160.0,120.0,7.0,2026_01_NO_DET,2026-09-09T22:34:55Z,graded,0.5751633986928104,0.07516339869281041,0.06993006993007,0.625,1.2
17885cb8dcade8f6c3bce14b2de805e8,Terry McLaurin,receptions,bovada,3.5,-160.0,120.0,2.0,2026_01_WAS_PHI,2026-09-09T22:34:54Z,graded,0.5751633986928104,0.07516339869281041,0.06993006993007,0.625,1.2
c1d3fcec25aaeb06ebd2244d33d338e0,Jahmyr Gibbs,receptions,betmgm,3.5,-160.0,120.0,5.0,2026_01_NO_DET,2026-09-09T22:34:50Z,graded,0.5751633986928104,0.07516339869281041,0.06993006993007,0.625,1.2
c1d3fcec25aaeb06ebd2244d33d338e0,Jameson Williams,receptions,bovada,3.5,-160.0,120.0,4.0,2026_01_NO_DET,2026-09-09T22:34:55Z,graded,0.5751633986928104,0.07516339869281041,0.06993006993007,0.625,1.2
c1d3fcec25aaeb06ebd2244d33d338e0,Sam LaPorta,receptions,betmgm,3.5,-160.0,120.0,5.0,2026_01_NO_DET,2026-09-09T22:34:50Z,graded,0.5751633986928104,0.07516339869281041,0.06993006993007,0.625,1.2
ed6d24ff979f9c71979fead577b0b3f7,Chris Godwin,receptions,bovada,3.5,-160.0,120.0,4.0,2026_01_TB_CIN,2026-09-09T22:34:55Z,graded,0.5751633986928104,0.07516339869281041,0.06993006993007,0.625,1.2
3e646c7479c57f5d9752d8c7dfe7059b,George Pickens,receptions,bovada,4.5,-160.0,120.0,3.0,2026_01_DAL_NYG,2026-09-09T22:34:54Z,graded,0.5751633986928104,0.07516339869281041,0.06993006993007,0.625,1.2
ed6d24ff979f9c71979fead577b0b3f7,Tee Higgins,receptions,betmgm,4.5,-160.0,120.0,3.0,2026_01_TB_CIN,2026-09-09T22:34:52Z,graded,0.5751633986928104,0.07516339869281041,0.06993006993007,0.625,1.2
ed6d24ff979f9c71979fead577b0b3f7,Joe Burrow,interceptions,bovada,0.5,120.0,-160.0,1.0,2026_01_TB_CIN,2026-09-09T22:34:55Z,graded,0.4248366013071895,0.07516339869281052,0.06993006993007,1.2,0.625
17885cb8dcade8f6c3bce14b2de805e8,Jalen Hurts,pass_tds,bovada,1.5,120.0,-160.0,3.0,2026_01_WAS_PHI,2026-09-09T22:34:54Z,graded,0.4248366013071895,0.07516339869281052,0.06993006993007,1.2,0.625
8c94552d022acec4a0458d70c19d3da9,Drake Maye,pass_tds,betmgm,1.5,120.0,-160.0,1.0,2026_01_NE_SEA,2026-09-09T22:35:11Z,graded,0.4248366013071895,0.07516339869281052,0.06993006993007,1.2,0.625
95c01d1bb797d6df14824b106c5a9130,Aaron Rodgers,pass_tds,betmgm,1.5,120.0,-160.0,1.0,2026_01_ATL_PIT,2026-09-09T22:34:49Z,graded,0.4248366013071895,0.07516339869281052,0.06993006993007,1.2,0.625
c1d3fcec25aaeb06ebd2244d33d338e0,Tyler Shough,pass_tds,bovada,1.5,120.0,-160.0,3.0,2026_01_NO_DET,2026-09-09T22:34:55Z,graded,0.4248366013071895,0.07516339869281052,0.06993006993007,1.2,0.625
fc362aff0d889ec52d358307a70c32ed,Bryce Young,pass_tds,betmgm,1.5,120.0,-160.0,3.0,2026_01_CHI_CAR,2026-09-09T22:34:49Z,graded,0.4248366013071895,0.07516339869281052,0.06993006993007,1.2,0.625
17885cb8dcade8f6c3bce14b2de805e8,Makai Lemon,receptions,bovada,2.5,120.0,-160.0,3.0,2026_01_WAS_PHI,2026-09-09T22:34:54Z,graded,0.4248366013071895,0.07516339869281052,0.06993006993007,1.2,0.625
1edfa5ceaa1ad2cb57df1c1b908731f6,Jeremiyah Love,receptions,fanduel,2.5,120.0,-160.0,2.0,2026_01_ARI_LAC,2026-09-09T22:35:40Z,graded,0.4248366013071895,0.07516339869281052,0.06993006993007,1.2,0.625
5ad8135dc2b5f27de0b777acd317855a,Pat Bryant,receptions,fanduel,2.5,120.0,-160.0,4.0,2026_01_DEN_KC,2026-09-09T22:35:38Z,graded,0.4248366013071895,0.07516339869281052,0.06993006993007,1.2,0.625
7e09efed7e12c659b82740b67ce2f9a1,James Cook,receptions,bovada,2.5,120.0,-160.0,3.0,2026_01_BUF_HOU,2026-09-09T22:35:38Z,graded,0.4248366013071895,0.07516339869281052,0.06993006993007,1.2,0.625
acc580d74344ea3b31bbcdd057fe6a9c,Colby Parkinson,receptions,bovada,2.5,120.0,-160.0,1.0,2026_01_SF_LA,2026-09-09T22:35:39Z,graded,0.4248366013071895,0.07516339869281052,0.06993006993007,1.2,0.625
acc580d74344ea3b31bbcdd057fe6a9c,Colby Parkinson,receptions,fanduel,2.5,120.0,-160.0,1.0,2026_01_SF_LA,2026-09-09T22:35:37Z,graded,0.4248366013071895,0.07516339869281052,0.06993006993007,1.2,0.625
c5d95f48a16849ab6bebc68fbbfcb74a,Caleb Douglas,receptions,fanduel,2.5,120.0,-160.0,5.0,2026_01_MIA_LV,2026-09-09T22:35:17Z,graded,0.4248366013071895,0.07516339869281052,0.06993006993007,1.2,0.625
cb77efed7e711d25a72c1a2a0a1af119,Jauan Jennings,receptions,betmgm,2.5,120.0,-160.0,0.0,2026_01_GB_MIN,2026-09-09T22:35:11Z,graded,0.4248366013071895,0.07516339869281052,0.06993006993007,1.2,0.625
e55c6fe19fce094ce214c8b0e5b504e9,Denzel Boston,receptions,bovada,2.5,120.0,-160.0,2.0,2026_01_CLE_JAX,2026-09-09T22:34:58Z,graded,0.4248366013071895,0.07516339869281052,0.06993006993007,1.2,0.625
8c94552d022acec4a0458d70c19d3da9,Hunter Henry,receptions,betmgm,3.5,120.0,-160.0,3.0,2026_01_NE_SEA,2026-09-09T22:35:11Z,graded,0.4248366013071895,0.07516339869281052,0.06993006993007,1.2,0.625
8c94552d022acec4a0458d70c19d3da9,Romeo Doubs,receptions,betmgm,3.5,120.0,-160.0,0.0,2026_01_NE_SEA,2026-09-09T22:35:11Z,graded,0.4248366013071895,0.07516339869281052,0.06993006993007,1.2,0.625
1edfa5ceaa1ad2cb57df1c1b908731f6,Marvin Harrison,receptions,bovada,4.5,120.0,-160.0,1.0,2026_01_ARI_LAC,2026-09-09T22:34:07Z,graded,0.4248366013071895,0.07516339869281052,0.06993006993007,1.2,0.625
5ad8135dc2b5f27de0b777acd317855a,Courtland Sutton,receptions,bovada,4.5,120.0,-160.0,2.0,2026_01_DEN_KC,2026-09-09T22:34:54Z,graded,0.4248366013071895,0.07516339869281052,0.06993006993007,1.2,0.625
b6cfdcbafa61ce220ba87dc2d9b80c77,Josh Downs,receptions,bovada,4.5,120.0,-160.0,2.0,2026_01_BAL_IND,2026-09-09T22:35:16Z,graded,0.4248366013071895,0.07516339869281052,0.06993006993007,1.2,0.625
c1d3fcec25aaeb06ebd2244d33d338e0,Jahmyr Gibbs,receptions,fanduel,4.5,120.0,-160.0,5.0,2026_01_NO_DET,2026-09-09T22:35:40Z,graded,0.4248366013071895,0.07516339869281052,0.06993006993007,1.2,0.625
c5d95f48a16849ab6bebc68fbbfcb74a,De'Von Achane,receptions,bovada,4.5,120.0,-160.0,4.0,2026_01_MIA_LV,2026-09-09T22:35:16Z,graded,0.4248366013071895,0.07516339869281052,0.06993006993007,1.2,0.625
cb77efed7e711d25a72c1a2a0a1af119,Christian Watson,receptions,betmgm,4.5,120.0,-160.0,6.0,2026_01_GB_MIN,2026-09-09T22:35:11Z,graded,0.4248366013071895,0.07516339869281052,0.06993006993007,1.2,0.625
cb77efed7e711d25a72c1a2a0a1af119,Tucker Kraft,receptions,bovada,4.5,120.0,-160.0,3.0,2026_01_GB_MIN,2026-09-09T22:34:56Z,graded,0.4248366013071895,0.07516339869281052,0.06993006993007,1.2,0.625
e55c6fe19fce094ce214c8b0e5b504e9,Parker Washington,receptions,bovada,4.5,120.0,-160.0,5.0,2026_01_CLE_JAX,2026-09-09T22:34:58Z,graded,0.4248366013071895,0.07516339869281052,0.06993006993007,1.2,0.625
3e646c7479c57f5d9752d8c7dfe7059b,George Pickens,receptions,betmgm,5.5,120.0,-160.0,3.0,2026_01_DAL_NYG,2026-09-09T22:34:51Z,graded,0.4248366013071895,0.07516339869281052,0.06993006993007,1.2,0.625
3e646c7479c57f5d9752d8c7dfe7059b,Malik Nabers,receptions,fanduel,5.5,120.0,-160.0,6.0,2026_01_DAL_NYG,2026-09-09T22:35:15Z,graded,0.4248366013071895,0.07516339869281052,0.06993006993007,1.2,0.625
8c94552d022acec4a0458d70c19d3da9,A.J. Brown,receptions,betmgm,5.5,120.0,-160.0,3.0,2026_01_NE_SEA,2026-09-09T22:35:11Z,graded,0.4248366013071895,0.07516339869281052,0.06993006993007,1.2,0.625
b6cfdcbafa61ce220ba87dc2d9b80c77,Tyler Warren,receptions,betmgm,5.5,120.0,-160.0,3.0,2026_01_BAL_IND,2026-09-09T22:34:24Z,graded,0.4248366013071895,0.07516339869281052,0.06993006993007,1.2,0.625
b6cfdcbafa61ce220ba87dc2d9b80c77,Zay Flowers,receptions,betmgm,5.5,120.0,-160.0,5.0,2026_01_BAL_IND,2026-09-09T22:34:24Z,graded,0.4248366013071895,0.07516339869281052,0.06993006993007,1.2,0.625
1edfa5ceaa1ad2cb57df1c1b908731f6,Trey McBride,receptions,fanduel,6.5,120.0,-160.0,9.0,2026_01_ARI_LAC,2026-09-09T22:35:40Z,graded,0.4248366013071895,0.07516339869281052,0.06993006993007,1.2,0.625
5ad8135dc2b5f27de0b777acd317855a,Courtland Sutton,receptions,draftkings,4.5,123.0,-157.0,2.0,2026_01_DEN_KC,2026-09-09T22:35:38Z,graded,0.4233170265684967,0.07668297343150332,0.05932543490778386,1.23,0.6369426751592356
b6cfdcbafa61ce220ba87dc2d9b80c77,Josh Downs,receptions,draftkings,4.5,123.0,-157.0,2.0,2026_01_BAL_IND,2026-09-09T22:34:04Z,graded,0.4233170265684967,0.07668297343150332,0.05932543490778386,1.23,0.6369426751592356
acc580d74344ea3b31bbcdd057fe6a9c,Brock Purdy,interceptions,draftkings,0.5,-157.0,123.0,1.0,2026_01_SF_LA,2026-09-09T22:34:50Z,graded,0.5766829734315034,0.07668297343150343,0.05932543490778386,0.6369426751592356,1.23
17885cb8dcade8f6c3bce14b2de805e8,Makai Lemon,receptions,betonlineag,2.5,122.0,-159.0,3.0,2026_01_WAS_PHI,2026-09-09T22:34:52Z,graded,0.42321644498186217,0.07678355501813783,0.0643500643500643,1.22,0.6289308176100629
8c94552d022acec4a0458d70c19d3da9,AJ Barner,receptions,betonlineag,2.5,-159.0,122.0,2.0,2026_01_NE_SEA,2026-09-09T22:34:52Z,graded,0.5767835550181378,0.07678355501813783,0.0643500643500643,0.6289308176100629,1.22
1edfa5ceaa1ad2cb57df1c1b908731f6,Marvin Harrison,receptions,betonlineag,3.5,-159.0,122.0,1.0,2026_01_ARI_LAC,2026-09-09T22:35:12Z,graded,0.5767835550181378,0.07678355501813783,0.0643500643500643,0.6289308176100629,1.22
b6cfdcbafa61ce220ba87dc2d9b80c77,Josh Downs,receptions,betonlineag,4.5,122.0,-159.0,2.0,2026_01_BAL_IND,2026-09-09T22:35:14Z,graded,0.42321644498186217,0.07678355501813783,0.0643500643500643,1.22,0.6289308176100629
e55c6fe19fce094ce214c8b0e5b504e9,Parker Washington,receptions,fanatics,4.5,120.0,-165.0,5.0,2026_01_CLE_JAX,2026-09-09T22:35:03Z,graded,0.42197452229299365,0.07802547770700635,0.07718696397941671,1.2,0.6060606060606061
ed6d24ff979f9c71979fead577b0b3f7,Joe Burrow,interceptions,draftkings,0.5,124.0,-158.0,1.0,2026_01_TB_CIN,2026-09-09T22:35:35Z,graded,0.42162374166557726,0.07837625833442274,0.05883167220376517,1.24,0.6329113924050633
1edfa5ceaa1ad2cb57df1c1b908731f6,Marvin Harrison,receptions,draftkings,4.5,124.0,-158.0,1.0,2026_01_ARI_LAC,2026-09-09T22:35:12Z,graded,0.42162374166557726,0.07837625833442274,0.05883167220376517,1.24,0.6329113924050633
cb77efed7e711d25a72c1a2a0a1af119,Tucker Kraft,receptions,draftkings,4.5,124.0,-158.0,3.0,2026_01_GB_MIN,2026-09-09T22:35:37Z,graded,0.42162374166557726,0.07837625833442274,0.05883167220376517,1.24,0.6329113924050633
fc362aff0d889ec52d358307a70c32ed,Tommy Tremble,receptions,fanduel,1.5,-162.0,122.0,3.0,2026_01_CHI_CAR,2026-09-09T22:35:22Z,graded,0.5785341998584389,0.0785341998584389,0.06877106113747344,0.6172839506172839,1.22
b6cfdcbafa61ce220ba87dc2d9b80c77,Jonathan Taylor,receptions,fanduel,2.5,-162.0,122.0,3.0,2026_01_BAL_IND,2026-09-09T22:35:37Z,graded,0.5785341998584389,0.0785341998584389,0.06877106113747344,0.6172839506172839,1.22
7e09efed7e12c659b82740b67ce2f9a1,C.J. Stroud,pass_tds,fanduel,1.5,122.0,-162.0,2.0,2026_01_BUF_HOU,2026-09-09T22:35:15Z,graded,0.421465800141561,0.07853419985843901,0.06877106113747344,1.22,0.6172839506172839
c5d95f48a16849ab6bebc68fbbfcb74a,De'Von Achane,receptions,fanduel,4.5,122.0,-162.0,4.0,2026_01_MIA_LV,2026-09-09T22:35:17Z,graded,0.421465800141561,0.07853419985843901,0.06877106113747344,1.22,0.6172839506172839
e55c6fe19fce094ce214c8b0e5b504e9,Jerry Jeudy,receptions,draftkings,2.5,-159.0,124.0,2.0,2026_01_CLE_JAX,2026-09-09T22:35:14Z,graded,0.5789713245334547,0.07897132453345468,0.0603281853281854,0.6289308176100629,1.24
17885cb8dcade8f6c3bce14b2de805e8,Terry McLaurin,receptions,betonlineag,3.5,-161.0,123.0,2.0,2026_01_WAS_PHI,2026-09-09T22:34:52Z,graded,0.5790526264858151,0.07905262648581513,0.06528873082143538,0.6211180124223602,1.23
c1d3fcec25aaeb06ebd2244d33d338e0,Sam LaPorta,receptions,betonlineag,3.5,-161.0,123.0,5.0,2026_01_NO_DET,2026-09-09T22:35:16Z,graded,0.5790526264858151,0.07905262648581513,0.06528873082143538,0.6211180124223602,1.23
e55c6fe19fce094ce214c8b0e5b504e9,Harold Fannin,receptions,betonlineag,3.5,-161.0,124.0,2.0,2026_01_CLE_JAX,2026-09-09T22:34:34Z,graded,0.5801428479505822,0.08014284795058224,0.06328680897646421,0.6211180124223602,1.24
b6cfdcbafa61ce220ba87dc2d9b80c77,Lamar Jackson,interceptions,betonlineag,0.5,124.0,-161.0,0.0,2026_01_BAL_IND,2026-09-09T22:35:14Z,graded,0.41985715204941765,0.08014284795058235,0.06328680897646421,1.24,0.6211180124223602
7e09efed7e12c659b82740b67ce2f9a1,C.J. Stroud,pass_tds,betonlineag,1.5,124.0,-161.0,2.0,2026_01_BUF_HOU,2026-09-09T22:34:56Z,graded,0.41985715204941765,0.08014284795058235,0.06328680897646421,1.24,0.6211180124223602
b6cfdcbafa61ce220ba87dc2d9b80c77,Daniel Jones,pass_tds,betonlineag,1.5,124.0,-161.0,1.0,2026_01_BAL_IND,2026-09-09T22:35:14Z,graded,0.41985715204941765,0.08014284795058235,0.06328680897646421,1.24,0.6211180124223602
8c94552d022acec4a0458d70c19d3da9,Hunter Henry,receptions,betonlineag,3.5,124.0,-161.0,3.0,2026_01_NE_SEA,2026-09-09T22:34:52Z,graded,0.41985715204941765,0.08014284795058235,0.06328680897646421,1.24,0.6211180124223602
5ad8135dc2b5f27de0b777acd317855a,Courtland Sutton,receptions,betonlineag,4.5,124.0,-161.0,2.0,2026_01_DEN_KC,2026-09-09T22:34:52Z,graded,0.41985715204941765,0.08014284795058235,0.06328680897646421,1.24,0.6211180124223602
e55c6fe19fce094ce214c8b0e5b504e9,Bhayshul Tuten,receptions,draftkings,1.5,-160.0,125.0,1.0,2026_01_CLE_JAX,2026-09-09T22:35:14Z,graded,0.5806451612903226,0.08064516129032262,0.05982905982905984,0.625,1.25
c1d3fcec25aaeb06ebd2244d33d338e0,Sam LaPorta,receptions,draftkings,3.5,-160.0,125.0,5.0,2026_01_NO_DET,2026-09-09T22:34:52Z,graded,0.5806451612903226,0.08064516129032262,0.05982905982905984,0.625,1.25
c1d3fcec25aaeb06ebd2244d33d338e0,Jared Goff,interceptions,betrivers,0.5,123.0,-165.0,0.0,2026_01_NO_DET,2026-09-09T22:35:14Z,graded,0.4186744608578877,0.08132553914211232,0.07107200270750491,1.23,0.6060606060606061
fc362aff0d889ec52d358307a70c32ed,Bryce Young,pass_tds,betrivers,1.5,123.0,-165.0,3.0,2026_01_CHI_CAR,2026-09-09T22:35:35Z,graded,0.4186744608578877,0.08132553914211232,0.07107200270750491,1.23,0.6060606060606061
e55c6fe19fce094ce214c8b0e5b504e9,Deshaun Watson,interceptions,draftkings,0.5,-161.0,126.0,1.0,2026_01_CLE_JAX,2026-09-09T22:35:14Z,graded,0.5823064366418077,0.0823064366418077,0.05933611365408753,0.6211180124223602,1.26
acc580d74344ea3b31bbcdd057fe6a9c,Matthew Stafford,pass_tds,draftkings,1.5,-161.0,126.0,0.0,2026_01_SF_LA,2026-09-09T22:34:50Z,graded,0.5823064366418077,0.0823064366418077,0.05933611365408753,0.6211180124223602,1.26
ed6d24ff979f9c71979fead577b0b3f7,Mike Gesicki,receptions,draftkings,2.5,126.0,-161.0,5.0,2026_01_TB_CIN,2026-09-09T22:35:35Z,graded,0.4176935633581922,0.08230643664180781,0.05933611365408753,1.26,0.6211180124223602
95c01d1bb797d6df14824b106c5a9130,Tua Tagovailoa,interceptions,betrivers,0.5,-167.0,123.0,,2026_01_ATL_PIT,2026-09-09T22:35:39Z,no matching game/player result,0.5824275503980232,0.08242755039802319,0.07389865806755003,0.5988023952095808,1.23
8c94552d022acec4a0458d70c19d3da9,George Holani,receptions,betonlineag,1.5,-164.0,125.0,0.0,2026_01_NE_SEA,2026-09-09T22:34:52Z,graded,0.5829383886255923,0.08293838862559233,0.06565656565656575,0.6097560975609756,1.25
e55c6fe19fce094ce214c8b0e5b504e9,Brian Thomas,receptions,betonlineag,2.5,-164.0,125.0,3.0,2026_01_CLE_JAX,2026-09-09T22:34:34Z,graded,0.5829383886255923,0.08293838862559233,0.06565656565656575,0.6097560975609756,1.25
cb77efed7e711d25a72c1a2a0a1af119,Tucker Kraft,receptions,betonlineag,3.5,-164.0,125.0,3.0,2026_01_GB_MIN,2026-09-09T22:35:17Z,graded,0.5829383886255923,0.08293838862559233,0.06565656565656575,0.6097560975609756,1.25
8c94552d022acec4a0458d70c19d3da9,Jadarian Price,receptions,fanduel,1.5,124.0,-166.0,2.0,2026_01_NE_SEA,2026-09-09T22:35:38Z,graded,0.4170324846356453,0.0829675153643547,0.07048872180451138,1.24,0.6024096385542169
17885cb8dcade8f6c3bce14b2de805e8,Makai Lemon,receptions,fanduel,2.5,124.0,-166.0,3.0,2026_01_WAS_PHI,2026-09-09T22:35:16Z,graded,0.4170324846356453,0.0829675153643547,0.07048872180451138,1.24,0.6024096385542169
1edfa5ceaa1ad2cb57df1c1b908731f6,Omarion Hampton,receptions,fanduel,2.5,124.0,-166.0,0.0,2026_01_ARI_LAC,2026-09-09T22:35:40Z,graded,0.4170324846356453,0.0829675153643547,0.07048872180451138,1.24,0.6024096385542169
ed6d24ff979f9c71979fead577b0b3f7,Mike Gesicki,receptions,fanduel,2.5,124.0,-166.0,5.0,2026_01_TB_CIN,2026-09-09T22:35:37Z,graded,0.4170324846356453,0.0829675153643547,0.07048872180451138,1.24,0.6024096385542169
ed6d24ff979f9c71979fead577b0b3f7,Cade Otton,receptions,fanduel,3.5,124.0,-166.0,3.0,2026_01_TB_CIN,2026-09-09T22:35:37Z,graded,0.4170324846356453,0.0829675153643547,0.07048872180451138,1.24,0.6024096385542169
5ad8135dc2b5f27de0b777acd317855a,Courtland Sutton,receptions,fanduel,4.5,124.0,-166.0,2.0,2026_01_DEN_KC,2026-09-09T22:35:38Z,graded,0.4170324846356453,0.0829675153643547,0.07048872180451138,1.24,0.6024096385542169
b6cfdcbafa61ce220ba87dc2d9b80c77,Josh Downs,receptions,fanduel,4.5,124.0,-166.0,2.0,2026_01_BAL_IND,2026-09-09T22:35:37Z,graded,0.4170324846356453,0.0829675153643547,0.07048872180451138,1.24,0.6024096385542169
e55c6fe19fce094ce214c8b0e5b504e9,Harold Fannin,receptions,fanduel,4.5,124.0,-166.0,2.0,2026_01_CLE_JAX,2026-09-09T22:35:42Z,graded,0.4170324846356453,0.0829675153643547,0.07048872180451138,1.24,0.6024096385542169
ed6d24ff979f9c71979fead577b0b3f7,Emeka Egbuka,receptions,fanduel,4.5,124.0,-166.0,5.0,2026_01_TB_CIN,2026-09-09T22:35:37Z,graded,0.4170324846356453,0.0829675153643547,0.07048872180451138,1.24,0.6024096385542169
3e646c7479c57f5d9752d8c7dfe7059b,George Pickens,receptions,fanduel,5.5,124.0,-166.0,3.0,2026_01_DAL_NYG,2026-09-09T22:35:15Z,graded,0.4170324846356453,0.0829675153643547,0.07048872180451138,1.24,0.6024096385542169
5ad8135dc2b5f27de0b777acd317855a,Patrick Mahomes,interceptions,betmgm,0.5,125.0,-165.0,1.0,2026_01_DEN_KC,2026-09-09T22:34:49Z,graded,0.4165029469548134,0.08349705304518662,0.06708595387840655,1.25,0.6060606060606061
acc580d74344ea3b31bbcdd057fe6a9c,Matthew Stafford,rush_yds,bovada,0.5,125.0,-165.0,-1.0,2026_01_SF_LA,2026-09-09T22:35:39Z,graded,0.4165029469548134,0.08349705304518662,0.06708595387840655,1.25,0.6060606060606061
b6cfdcbafa61ce220ba87dc2d9b80c77,Lamar Jackson,interceptions,bovada,0.5,125.0,-165.0,0.0,2026_01_BAL_IND,2026-09-09T22:35:16Z,graded,0.4165029469548134,0.08349705304518662,0.06708595387840655,1.25,0.6060606060606061
fc362aff0d889ec52d358307a70c32ed,Bryce Young,interceptions,betmgm,0.5,125.0,-165.0,1.0,2026_01_CHI_CAR,2026-09-09T22:34:49Z,graded,0.4165029469548134,0.08349705304518662,0.06708595387840655,1.25,0.6060606060606061
3e646c7479c57f5d9752d8c7dfe7059b,Jaxson Dart,pass_tds,betmgm,1.5,125.0,-165.0,3.0,2026_01_DAL_NYG,2026-09-09T22:34:51Z,graded,0.4165029469548134,0.08349705304518662,0.06708595387840655,1.25,0.6060606060606061
7e09efed7e12c659b82740b67ce2f9a1,Josh Allen,pass_tds,betmgm,1.5,125.0,-165.0,2.0,2026_01_BUF_HOU,2026-09-09T22:35:10Z,graded,0.4165029469548134,0.08349705304518662,0.06708595387840655,1.25,0.6060606060606061
8c94552d022acec4a0458d70c19d3da9,Drake Maye,pass_tds,fanatics,1.5,125.0,-165.0,1.0,2026_01_NE_SEA,2026-09-09T22:34:41Z,graded,0.4165029469548134,0.08349705304518662,0.06708595387840655,1.25,0.6060606060606061
8c94552d022acec4a0458d70c19d3da9,Jadarian Price,receptions,betmgm,1.5,125.0,-165.0,2.0,2026_01_NE_SEA,2026-09-09T22:35:11Z,graded,0.4165029469548134,0.08349705304518662,0.06708595387840655,1.25,0.6060606060606061
ed6d24ff979f9c71979fead577b0b3f7,Samaje Perine,receptions,bovada,1.5,125.0,-165.0,3.0,2026_01_TB_CIN,2026-09-09T22:34:55Z,graded,0.4165029469548134,0.08349705304518662,0.06708595387840655,1.25,0.6060606060606061
17885cb8dcade8f6c3bce14b2de805e8,Makai Lemon,receptions,betmgm,2.5,125.0,-165.0,3.0,2026_01_WAS_PHI,2026-09-09T22:34:50Z,graded,0.4165029469548134,0.08349705304518662,0.06708595387840655,1.25,0.6060606060606061
ed6d24ff979f9c71979fead577b0b3f7,Mike Gesicki,receptions,bovada,2.5,125.0,-165.0,5.0,2026_01_TB_CIN,2026-09-09T22:34:55Z,graded,0.4165029469548134,0.08349705304518662,0.06708595387840655,1.25,0.6060606060606061
acc580d74344ea3b31bbcdd057fe6a9c,De'Zhaun Stribling,receptions,bovada,3.5,125.0,-165.0,,2026_01_SF_LA,2026-09-09T22:35:39Z,no matching game/player result,0.4165029469548134,0.08349705304518662,0.06708595387840655,1.25,0.6060606060606061
1edfa5ceaa1ad2cb57df1c1b908731f6,Marvin Harrison,receptions,betmgm,4.5,125.0,-165.0,1.0,2026_01_ARI_LAC,2026-09-09T22:35:11Z,graded,0.4165029469548134,0.08349705304518662,0.06708595387840655,1.25,0.6060606060606061
5ad8135dc2b5f27de0b777acd317855a,Travis Kelce,receptions,bovada,4.5,125.0,-165.0,3.0,2026_01_DEN_KC,2026-09-09T22:34:54Z,graded,0.4165029469548134,0.08349705304518662,0.06708595387840655,1.25,0.6060606060606061
95c01d1bb797d6df14824b106c5a9130,Michael Pittman,receptions,betmgm,4.5,125.0,-165.0,3.0,2026_01_ATL_PIT,2026-09-09T22:34:49Z,graded,0.4165029469548134,0.08349705304518662,0.06708595387840655,1.25,0.6060606060606061
ed6d24ff979f9c71979fead577b0b3f7,Emeka Egbuka,receptions,bovada,4.5,125.0,-165.0,5.0,2026_01_TB_CIN,2026-09-09T22:34:55Z,graded,0.4165029469548134,0.08349705304518662,0.06708595387840655,1.25,0.6060606060606061
acc580d74344ea3b31bbcdd057fe6a9c,Puka Nacua,receptions,bovada,7.5,125.0,-165.0,5.0,2026_01_SF_LA,2026-09-09T22:35:39Z,graded,0.4165029469548134,0.08349705304518662,0.06708595387840655,1.25,0.6060606060606061
e55c6fe19fce094ce214c8b0e5b504e9,Deshaun Watson,interceptions,bovada,0.5,-165.0,125.0,1.0,2026_01_CLE_JAX,2026-09-09T22:34:58Z,graded,0.5834970530451867,0.08349705304518673,0.06708595387840655,0.6060606060606061,1.25
e55c6fe19fce094ce214c8b0e5b504e9,Deshaun Watson,pass_tds,betmgm,0.5,-165.0,125.0,1.0,2026_01_CLE_JAX,2026-09-09T22:35:12Z,graded,0.5834970530451867,0.08349705304518673,0.06708595387840655,0.6060606060606061,1.25
95c01d1bb797d6df14824b106c5a9130,Jahan Dotson,receptions,betmgm,1.5,-165.0,125.0,1.0,2026_01_ATL_PIT,2026-09-09T22:34:49Z,graded,0.5834970530451867,0.08349705304518673,0.06708595387840655,0.6060606060606061,1.25
acc580d74344ea3b31bbcdd057fe6a9c,Kyren Williams,receptions,betmgm,1.5,-165.0,125.0,3.0,2026_01_SF_LA,2026-09-09T22:35:34Z,graded,0.5834970530451867,0.08349705304518673,0.06708595387840655,0.6060606060606061,1.25
acc580d74344ea3b31bbcdd057fe6a9c,Matthew Stafford,pass_tds,betmgm,1.5,-165.0,125.0,0.0,2026_01_SF_LA,2026-09-09T22:35:34Z,graded,0.5834970530451867,0.08349705304518673,0.06708595387840655,0.6060606060606061,1.25
acc580d74344ea3b31bbcdd057fe6a9c,Terrance Ferguson,receptions,betmgm,1.5,-165.0,125.0,0.0,2026_01_SF_LA,2026-09-09T22:35:34Z,graded,0.5834970530451867,0.08349705304518673,0.06708595387840655,0.6060606060606061,1.25
e55c6fe19fce094ce214c8b0e5b504e9,Bhayshul Tuten,receptions,bovada,1.5,-165.0,125.0,1.0,2026_01_CLE_JAX,2026-09-09T22:34:58Z,graded,0.5834970530451867,0.08349705304518673,0.06708595387840655,0.6060606060606061,1.25
5ad8135dc2b5f27de0b777acd317855a,Evan Engram,receptions,betmgm,2.5,-165.0,125.0,4.0,2026_01_DEN_KC,2026-09-09T22:34:49Z,graded,0.5834970530451867,0.08349705304518673,0.06708595387840655,0.6060606060606061,1.25
acc580d74344ea3b31bbcdd057fe6a9c,Deebo Samuel,receptions,betmgm,2.5,-165.0,125.0,6.0,2026_01_SF_LA,2026-09-09T22:35:34Z,graded,0.5834970530451867,0.08349705304518673,0.06708595387840655,0.6060606060606061,1.25
e55c6fe19fce094ce214c8b0e5b504e9,Jerry Jeudy,receptions,bovada,2.5,-165.0,125.0,2.0,2026_01_CLE_JAX,2026-09-09T22:34:58Z,graded,0.5834970530451867,0.08349705304518673,0.06708595387840655,0.6060606060606061,1.25
c1d3fcec25aaeb06ebd2244d33d338e0,Jameson Williams,receptions,betmgm,3.5,-165.0,125.0,4.0,2026_01_NO_DET,2026-09-09T22:34:50Z,graded,0.5834970530451867,0.08349705304518673,0.06708595387840655,0.6060606060606061,1.25
c1d3fcec25aaeb06ebd2244d33d338e0,Sam LaPorta,receptions,bovada,3.5,-165.0,125.0,5.0,2026_01_NO_DET,2026-09-09T22:34:55Z,graded,0.5834970530451867,0.08349705304518673,0.06708595387840655,0.6060606060606061,1.25
b6cfdcbafa61ce220ba87dc2d9b80c77,Lamar Jackson,interceptions,draftkings,0.5,127.0,-162.0,0.0,2026_01_BAL_IND,2026-09-09T22:34:04Z,graded,0.41604471686727856,0.08395528313272144,0.05884924504825628,1.27,0.6172839506172839
ed6d24ff979f9c71979fead577b0b3f7,Joe Burrow,interceptions,betonlineag,0.5,126.0,-164.0,1.0,2026_01_TB_CIN,2026-09-09T22:34:50Z,graded,0.41598386486827177,0.08401613513172823,0.06368999731831604,1.26,0.6097560975609756
c1d3fcec25aaeb06ebd2244d33d338e0,Tyler Shough,pass_tds,betonlineag,1.5,126.0,-164.0,3.0,2026_01_NO_DET,2026-09-09T22:35:16Z,graded,0.41598386486827177,0.08401613513172823,0.06368999731831604,1.26,0.6097560975609756
ed6d24ff979f9c71979fead577b0b3f7,Mike Gesicki,receptions,betonlineag,2.5,126.0,-164.0,5.0,2026_01_TB_CIN,2026-09-09T22:34:50Z,graded,0.41598386486827177,0.08401613513172823,0.06368999731831604,1.26,0.6097560975609756
acc580d74344ea3b31bbcdd057fe6a9c,Matthew Stafford,rush_yds,draftkings,0.5,128.0,-161.0,-1.0,2026_01_SF_LA,2026-09-09T22:34:50Z,graded,0.41555215896064196,0.08444784103935804,0.0554547287759628,1.28,0.6211180124223602
acc580d74344ea3b31bbcdd057fe6a9c,De'Zhaun Stribling,receptions,draftkings,3.5,127.0,-163.0,,2026_01_SF_LA,2026-09-09T22:34:50Z,no matching game/player result,0.4154752689530971,0.08452473104690289,0.060300497479104154,1.27,0.6134969325153374
5ad8135dc2b5f27de0b777acd317855a,Travis Kelce,receptions,draftkings,4.5,127.0,-163.0,3.0,2026_01_DEN_KC,2026-09-09T22:35:38Z,graded,0.4154752689530971,0.08452473104690289,0.060300497479104154,1.27,0.6134969325153374
b6cfdcbafa61ce220ba87dc2d9b80c77,Lamar Jackson,interceptions,betrivers,0.5,125.0,-167.0,0.0,2026_01_BAL_IND,2026-09-09T22:35:12Z,graded,0.41540256709451573,0.08459743290548427,0.06991260923845188,1.25,0.5988023952095808
ed6d24ff979f9c71979fead577b0b3f7,Samaje Perine,receptions,draftkings,1.5,128.0,-163.0,3.0,2026_01_TB_CIN,2026-09-09T22:35:35Z,graded,0.4144081684104374,0.08559183158956257,0.05836835434594079,1.28,0.6134969325153374
c1d3fcec25aaeb06ebd2244d33d338e0,Jared Goff,interceptions,draftkings,0.5,128.0,-164.0,0.0,2026_01_NO_DET,2026-09-09T22:34:52Z,graded,0.41384499623777277,0.08615500376222723,0.05980861244019131,1.28,0.6097560975609756
ed6d24ff979f9c71979fead577b0b3f7,Emeka Egbuka,receptions,draftkings,4.5,128.0,-164.0,5.0,2026_01_TB_CIN,2026-09-09T22:35:35Z,graded,0.41384499623777277,0.08615500376222723,0.05980861244019131,1.28,0.6097560975609756
e55c6fe19fce094ce214c8b0e5b504e9,Harold Fannin,receptions,draftkings,3.5,-164.0,128.0,2.0,2026_01_CLE_JAX,2026-09-09T22:35:14Z,graded,0.5861550037622273,0.08615500376222729,0.05980861244019131,0.6097560975609756,1.28
ed6d24ff979f9c71979fead577b0b3f7,Emeka Egbuka,receptions,fanatics,4.5,125.0,-170.0,5.0,2026_01_TB_CIN,2026-09-09T22:35:02Z,graded,0.41379310344827586,0.08620689655172414,0.07407407407407396,1.25,0.5882352941176471
3e646c7479c57f5d9752d8c7dfe7059b,George Pickens,receptions,betonlineag,4.5,-167.0,127.0,3.0,2026_01_DAL_NYG,2026-09-09T22:35:13Z,graded,0.5867448807441689,0.08674488074416886,0.06599679915524082,0.5988023952095808,1.27
7e09efed7e12c659b82740b67ce2f9a1,Kayshon Boutte,receptions,draftkings,1.5,-165.0,129.0,1.0,2026_01_BUF_HOU,2026-09-09T22:35:20Z,graded,0.587773197479972,0.08777319747997203,0.05932273214138584,0.6060606060606061,1.29
acc580d74344ea3b31bbcdd057fe6a9c,Terrance Ferguson,receptions,draftkings,1.5,-165.0,129.0,0.0,2026_01_SF_LA,2026-09-09T22:34:50Z,graded,0.587773197479972,0.08777319747997203,0.05932273214138584,0.6060606060606061,1.29
8c94552d022acec4a0458d70c19d3da9,AJ Barner,receptions,draftkings,2.5,-165.0,129.0,2.0,2026_01_NE_SEA,2026-09-09T22:35:35Z,graded,0.587773197479972,0.08777319747997203,0.05932273214138584,0.6060606060606061,1.29
acc580d74344ea3b31bbcdd057fe6a9c,De'Zhaun Stribling,receptions,betonlineag,3.5,128.0,-167.0,,2026_01_SF_LA,2026-09-09T22:35:41Z,no matching game/player result,0.4121896998888477,0.08781030011115232,0.06406465602207767,1.28,0.5988023952095808
ed6d24ff979f9c71979fead577b0b3f7,Cade Otton,receptions,betonlineag,3.5,128.0,-167.0,3.0,2026_01_TB_CIN,2026-09-09T22:34:50Z,graded,0.4121896998888477,0.08781030011115232,0.06406465602207767,1.28,0.5988023952095808
ed6d24ff979f9c71979fead577b0b3f7,Kenny Gainwell,receptions,betonlineag,3.5,128.0,-167.0,1.0,2026_01_TB_CIN,2026-09-09T22:34:50Z,graded,0.4121896998888477,0.08781030011115232,0.06406465602207767,1.28,0.5988023952095808
ed6d24ff979f9c71979fead577b0b3f7,Emeka Egbuka,receptions,betonlineag,4.5,128.0,-167.0,5.0,2026_01_TB_CIN,2026-09-09T22:34:50Z,graded,0.4121896998888477,0.08781030011115232,0.06406465602207767,1.28,0.5988023952095808
8c94552d022acec4a0458d70c19d3da9,Hunter Henry,receptions,draftkings,3.5,130.0,-166.0,3.0,2026_01_NE_SEA,2026-09-09T22:35:35Z,graded,0.4106205619018215,0.0893794380981785,0.05884275907159209,1.3,0.6024096385542169
cb77efed7e711d25a72c1a2a0a1af119,Christian Watson,receptions,draftkings,4.5,130.0,-166.0,6.0,2026_01_GB_MIN,2026-09-09T22:35:37Z,graded,0.4106205619018215,0.0893794380981785,0.05884275907159209,1.3,0.6024096385542169
7e09efed7e12c659b82740b67ce2f9a1,Kayshon Boutte,receptions,betonlineag,1.5,-169.0,129.0,1.0,2026_01_BUF_HOU,2026-09-09T22:34:56Z,graded,0.589945275224463,0.08994527522446305,0.06493401081151284,0.591715976331361,1.29
e55c6fe19fce094ce214c8b0e5b504e9,Bhayshul Tuten,receptions,betonlineag,1.5,-169.0,129.0,1.0,2026_01_CLE_JAX,2026-09-09T22:34:34Z,graded,0.589945275224463,0.08994527522446305,0.06493401081151284,0.591715976331361,1.29
1edfa5ceaa1ad2cb57df1c1b908731f6,Charlie Kolar,receptions,fanduel,1.5,-172.0,128.0,,2026_01_ARI_LAC,2026-09-09T22:35:40Z,no offensive usage evidence,0.5904601300891351,0.09046013008913512,0.07094943240454077,0.5813953488372093,1.28
7e09efed7e12c659b82740b67ce2f9a1,Kayshon Boutte,receptions,fanduel,1.5,-172.0,128.0,1.0,2026_01_BUF_HOU,2026-09-09T22:35:15Z,graded,0.5904601300891351,0.09046013008913512,0.07094943240454077,0.5813953488372093,1.28
95c01d1bb797d6df14824b106c5a9130,Darnell Washington,receptions,fanduel,1.5,-172.0,128.0,2.0,2026_01_ATL_PIT,2026-09-09T22:35:14Z,graded,0.5904601300891351,0.09046013008913512,0.07094943240454077,0.5813953488372093,1.28
95c01d1bb797d6df14824b106c5a9130,Jahan Dotson,receptions,fanduel,1.5,-172.0,128.0,1.0,2026_01_ATL_PIT,2026-09-09T22:35:14Z,graded,0.5904601300891351,0.09046013008913512,0.07094943240454077,0.5813953488372093,1.28
e55c6fe19fce094ce214c8b0e5b504e9,Bhayshul Tuten,receptions,fanduel,1.5,-172.0,128.0,1.0,2026_01_CLE_JAX,2026-09-09T22:35:42Z,graded,0.5904601300891351,0.09046013008913512,0.07094943240454077,0.5813953488372093,1.28
e55c6fe19fce094ce214c8b0e5b504e9,Brian Thomas,receptions,fanduel,2.5,-172.0,128.0,3.0,2026_01_CLE_JAX,2026-09-09T22:35:42Z,graded,0.5904601300891351,0.09046013008913512,0.07094943240454077,0.5813953488372093,1.28
17885cb8dcade8f6c3bce14b2de805e8,Terry McLaurin,receptions,fanduel,3.5,-172.0,128.0,2.0,2026_01_WAS_PHI,2026-09-09T22:35:16Z,graded,0.5904601300891351,0.09046013008913512,0.07094943240454077,0.5813953488372093,1.28
1edfa5ceaa1ad2cb57df1c1b908731f6,Marvin Harrison,receptions,fanduel,3.5,-172.0,128.0,1.0,2026_01_ARI_LAC,2026-09-09T22:35:40Z,graded,0.5904601300891351,0.09046013008913512,0.07094943240454077,0.5813953488372093,1.28
c1d3fcec25aaeb06ebd2244d33d338e0,Sam LaPorta,receptions,fanduel,3.5,-172.0,128.0,5.0,2026_01_NO_DET,2026-09-09T22:35:40Z,graded,0.5904601300891351,0.09046013008913512,0.07094943240454077,0.5813953488372093,1.28
cb77efed7e711d25a72c1a2a0a1af119,Tucker Kraft,receptions,fanduel,3.5,-172.0,128.0,3.0,2026_01_GB_MIN,2026-09-09T22:35:38Z,graded,0.5904601300891351,0.09046013008913512,0.07094943240454077,0.5813953488372093,1.28
b6cfdcbafa61ce220ba87dc2d9b80c77,Zay Flowers,receptions,fanduel,4.5,-172.0,128.0,5.0,2026_01_BAL_IND,2026-09-09T22:35:37Z,graded,0.5904601300891351,0.09046013008913512,0.07094943240454077,0.5813953488372093,1.28
c1d3fcec25aaeb06ebd2244d33d338e0,Tyler Shough,pass_tds,fanduel,1.5,128.0,-172.0,3.0,2026_01_NO_DET,2026-09-09T22:35:40Z,graded,0.40953986991086483,0.09046013008913517,0.07094943240454077,1.28,0.5813953488372093
c5d95f48a16849ab6bebc68fbbfcb74a,Jalen Nailor,receptions,fanduel,3.5,128.0,-172.0,3.0,2026_01_MIA_LV,2026-09-09T22:35:17Z,graded,0.40953986991086483,0.09046013008913517,0.07094943240454077,1.28,0.5813953488372093
95c01d1bb797d6df14824b106c5a9130,Tua Tagovailoa,interceptions,betonlineag,0.5,-169.0,130.0,,2026_01_ATL_PIT,2026-09-09T22:35:15Z,no matching game/player result,0.5909989356849628,0.09099893568496276,0.06303539679974146,0.591715976331361,1.3
acc580d74344ea3b31bbcdd057fe6a9c,Terrance Ferguson,receptions,betonlineag,1.5,-169.0,130.0,0.0,2026_01_SF_LA,2026-09-09T22:35:41Z,graded,0.5909989356849628,0.09099893568496276,0.06303539679974146,0.591715976331361,1.3
e55c6fe19fce094ce214c8b0e5b504e9,Jerry Jeudy,receptions,betonlineag,2.5,-169.0,130.0,2.0,2026_01_CLE_JAX,2026-09-09T22:34:34Z,graded,0.5909989356849628,0.09099893568496276,0.06303539679974146,0.591715976331361,1.3
c1d3fcec25aaeb06ebd2244d33d338e0,Jared Goff,interceptions,betonlineag,0.5,130.0,-169.0,0.0,2026_01_NO_DET,2026-09-09T22:35:16Z,graded,0.4090010643150372,0.09099893568496281,0.06303539679974146,1.3,0.591715976331361
3e646c7479c57f5d9752d8c7dfe7059b,Jaxson Dart,pass_tds,betonlineag,1.5,130.0,-169.0,3.0,2026_01_DAL_NYG,2026-09-09T22:35:13Z,graded,0.4090010643150372,0.09099893568496281,0.06303539679974146,1.3,0.591715976331361
17885cb8dcade8f6c3bce14b2de805e8,Rachaad White,receptions,betonlineag,2.5,130.0,-169.0,2.0,2026_01_WAS_PHI,2026-09-09T22:34:52Z,graded,0.4090010643150372,0.09099893568496281,0.06303539679974146,1.3,0.591715976331361
1edfa5ceaa1ad2cb57df1c1b908731f6,Omarion Hampton,receptions,betonlineag,2.5,130.0,-169.0,0.0,2026_01_ARI_LAC,2026-09-09T22:35:12Z,graded,0.4090010643150372,0.09099893568496281,0.06303539679974146,1.3,0.591715976331361
acc580d74344ea3b31bbcdd057fe6a9c,Colby Parkinson,receptions,betonlineag,2.5,130.0,-169.0,1.0,2026_01_SF_LA,2026-09-09T22:35:41Z,graded,0.4090010643150372,0.09099893568496281,0.06303539679974146,1.3,0.591715976331361
c5d95f48a16849ab6bebc68fbbfcb74a,Jalen Nailor,receptions,betonlineag,3.5,130.0,-169.0,3.0,2026_01_MIA_LV,2026-09-09T22:35:35Z,graded,0.4090010643150372,0.09099893568496281,0.06303539679974146,1.3,0.591715976331361
95c01d1bb797d6df14824b106c5a9130,Tua Tagovailoa,interceptions,draftkings,0.5,-168.0,131.0,,2026_01_ATL_PIT,2026-09-09T22:33:37Z,no matching game/player result,0.591513230093891,0.09151323009389101,0.059766104542223975,0.5952380952380952,1.31
3e646c7479c57f5d9752d8c7dfe7059b,Jaxson Dart,pass_tds,draftkings,1.5,131.0,-168.0,3.0,2026_01_DAL_NYG,2026-09-09T22:35:13Z,graded,0.408486769906109,0.09151323009389101,0.059766104542223975,1.31,0.5952380952380952
c5d95f48a16849ab6bebc68fbbfcb74a,Jalen Nailor,receptions,draftkings,3.5,131.0,-168.0,3.0,2026_01_MIA_LV,2026-09-09T22:35:37Z,graded,0.408486769906109,0.09151323009389101,0.059766104542223975,1.31,0.5952380952380952
95c01d1bb797d6df14824b106c5a9130,Tua Tagovailoa,interceptions,bovada,0.5,-170.0,130.0,,2026_01_ATL_PIT,2026-09-09T22:34:53Z,no matching game/player result,0.5915279878971256,0.09152798789712557,0.06441223832528187,0.5882352941176471,1.3
7e09efed7e12c659b82740b67ce2f9a1,Kayshon Boutte,receptions,bovada,1.5,-170.0,130.0,1.0,2026_01_BUF_HOU,2026-09-09T22:35:38Z,graded,0.5915279878971256,0.09152798789712557,0.06441223832528187,0.5882352941176471,1.3
8c94552d022acec4a0458d70c19d3da9,George Holani,receptions,bovada,1.5,-170.0,130.0,0.0,2026_01_NE_SEA,2026-09-09T22:34:55Z,graded,0.5915279878971256,0.09152798789712557,0.06441223832528187,0.5882352941176471,1.3
acc580d74344ea3b31bbcdd057fe6a9c,Terrance Ferguson,receptions,bovada,1.5,-170.0,130.0,0.0,2026_01_SF_LA,2026-09-09T22:35:39Z,graded,0.5915279878971256,0.09152798789712557,0.06441223832528187,0.5882352941176471,1.3
8c94552d022acec4a0458d70c19d3da9,AJ Barner,receptions,bovada,2.5,-170.0,130.0,2.0,2026_01_NE_SEA,2026-09-09T22:34:55Z,graded,0.5915279878971256,0.09152798789712557,0.06441223832528187,0.5882352941176471,1.3
e55c6fe19fce094ce214c8b0e5b504e9,Brian Thomas,receptions,bovada,2.5,-170.0,130.0,3.0,2026_01_CLE_JAX,2026-09-09T22:34:58Z,graded,0.5915279878971256,0.09152798789712557,0.06441223832528187,0.5882352941176471,1.3
e55c6fe19fce094ce214c8b0e5b504e9,Harold Fannin,receptions,bovada,3.5,-170.0,130.0,2.0,2026_01_CLE_JAX,2026-09-09T22:34:58Z,graded,0.5915279878971256,0.09152798789712557,0.06441223832528187,0.5882352941176471,1.3
c1d3fcec25aaeb06ebd2244d33d338e0,Jared Goff,interceptions,bovada,0.5,130.0,-170.0,0.0,2026_01_NO_DET,2026-09-09T22:34:55Z,graded,0.40847201210287437,0.09152798789712563,0.06441223832528187,1.3,0.5882352941176471
3e646c7479c57f5d9752d8c7dfe7059b,Jaxson Dart,pass_tds,bovada,1.5,130.0,-170.0,3.0,2026_01_DAL_NYG,2026-09-09T22:34:54Z,graded,0.40847201210287437,0.09152798789712563,0.06441223832528187,1.3,0.5882352941176471
3e646c7479c57f5d9752d8c7dfe7059b,Jaxson Dart,pass_tds,fanatics,1.5,130.0,-170.0,3.0,2026_01_DAL_NYG,2026-09-09T22:35:24Z,graded,0.40847201210287437,0.09152798789712563,0.06441223832528187,1.3,0.5882352941176471
8c94552d022acec4a0458d70c19d3da9,Drake Maye,pass_tds,bovada,1.5,130.0,-170.0,1.0,2026_01_NE_SEA,2026-09-09T22:34:55Z,graded,0.40847201210287437,0.09152798789712563,0.06441223832528187,1.3,0.5882352941176471
8c94552d022acec4a0458d70c19d3da9,Drake Maye,pass_tds,fanduel,1.5,130.0,-170.0,1.0,2026_01_NE_SEA,2026-09-09T22:35:38Z,graded,0.40847201210287437,0.09152798789712563,0.06441223832528187,1.3,0.5882352941176471
17885cb8dcade8f6c3bce14b2de805e8,Rachaad White,receptions,bovada,2.5,130.0,-170.0,2.0,2026_01_WAS_PHI,2026-09-09T22:34:54Z,graded,0.40847201210287437,0.09152798789712563,0.06441223832528187,1.3,0.5882352941176471
1edfa5ceaa1ad2cb57df1c1b908731f6,Omarion Hampton,receptions,bovada,2.5,130.0,-170.0,0.0,2026_01_ARI_LAC,2026-09-09T22:34:07Z,graded,0.40847201210287437,0.09152798789712563,0.06441223832528187,1.3,0.5882352941176471
8c94552d022acec4a0458d70c19d3da9,Hunter Henry,receptions,bovada,3.5,130.0,-170.0,3.0,2026_01_NE_SEA,2026-09-09T22:34:55Z,graded,0.40847201210287437,0.09152798789712563,0.06441223832528187,1.3,0.5882352941176471
c5d95f48a16849ab6bebc68fbbfcb74a,Jalen Nailor,receptions,bovada,3.5,130.0,-170.0,3.0,2026_01_MIA_LV,2026-09-09T22:35:16Z,graded,0.40847201210287437,0.09152798789712563,0.06441223832528187,1.3,0.5882352941176471
ed6d24ff979f9c71979fead577b0b3f7,Cade Otton,receptions,bovada,3.5,130.0,-170.0,3.0,2026_01_TB_CIN,2026-09-09T22:34:55Z,graded,0.40847201210287437,0.09152798789712563,0.06441223832528187,1.3,0.5882352941176471
cb77efed7e711d25a72c1a2a0a1af119,Christian Watson,receptions,bovada,4.5,130.0,-170.0,6.0,2026_01_GB_MIN,2026-09-09T22:34:56Z,graded,0.40847201210287437,0.09152798789712563,0.06441223832528187,1.3,0.5882352941176471
8c94552d022acec4a0458d70c19d3da9,George Holani,receptions,draftkings,1.5,-169.0,132.0,0.0,2026_01_NE_SEA,2026-09-09T22:35:35Z,graded,0.593090094996067,0.09309009499606702,0.05928727086270991,0.591715976331361,1.32
8c94552d022acec4a0458d70c19d3da9,Drake Maye,pass_tds,draftkings,1.5,132.0,-169.0,1.0,2026_01_NE_SEA,2026-09-09T22:35:35Z,graded,0.4069099050039329,0.09309009499606707,0.05928727086270991,1.32,0.591715976331361
95c01d1bb797d6df14824b106c5a9130,Aaron Rodgers,pass_tds,draftkings,1.5,132.0,-169.0,1.0,2026_01_ATL_PIT,2026-09-09T22:33:37Z,graded,0.4069099050039329,0.09309009499606707,0.05928727086270991,1.32,0.591715976331361
5ad8135dc2b5f27de0b777acd317855a,Noah Gray,receptions,fanduel,1.5,130.0,-174.0,1.0,2026_01_DEN_KC,2026-09-09T22:35:38Z,graded,0.4064075941857016,0.0935924058142984,0.06981910504601707,1.3,0.5747126436781609
e55c6fe19fce094ce214c8b0e5b504e9,Jerry Jeudy,receptions,fanduel,2.5,-174.0,130.0,2.0,2026_01_CLE_JAX,2026-09-09T22:35:42Z,graded,0.5935924058142985,0.09359240581429851,0.06981910504601707,0.5747126436781609,1.3
e55c6fe19fce094ce214c8b0e5b504e9,Brian Thomas,receptions,draftkings,2.5,-170.0,132.0,3.0,2026_01_CLE_JAX,2026-09-09T22:35:14Z,graded,0.5936183022275737,0.09361830222757372,0.06066411238825031,0.5882352941176471,1.32
1edfa5ceaa1ad2cb57df1c1b908731f6,Omarion Hampton,receptions,draftkings,2.5,132.0,-170.0,0.0,2026_01_ARI_LAC,2026-09-09T22:35:12Z,graded,0.4063816977724262,0.09361830222757378,0.06066411238825031,1.32,0.5882352941176471
b6cfdcbafa61ce220ba87dc2d9b80c77,Justice Hill,receptions,betmgm,1.5,-175.0,130.0,1.0,2026_01_BAL_IND,2026-09-09T22:34:24Z,graded,0.5940959409594095,0.09409594095940954,0.07114624505928857,0.5714285714285714,1.3
b6cfdcbafa61ce220ba87dc2d9b80c77,Jonathan Taylor,receptions,betmgm,2.5,-175.0,130.0,3.0,2026_01_BAL_IND,2026-09-09T22:34:24Z,graded,0.5940959409594095,0.09409594095940954,0.07114624505928857,0.5714285714285714,1.3
ed6d24ff979f9c71979fead577b0b3f7,Jalen McMillan,receptions,betmgm,2.5,-175.0,130.0,,2026_01_TB_CIN,2026-09-09T22:34:52Z,no matching game/player result,0.5940959409594095,0.09409594095940954,0.07114624505928857,0.5714285714285714,1.3
c1d3fcec25aaeb06ebd2244d33d338e0,Juwan Johnson,receptions,betmgm,3.5,-175.0,130.0,3.0,2026_01_NO_DET,2026-09-09T22:34:50Z,graded,0.5940959409594095,0.09409594095940954,0.07114624505928857,0.5714285714285714,1.3
7dddb296a42e7a41a774b24bd1709ce1,Cam Ward,interceptions,betmgm,0.5,130.0,-175.0,0.0,2026_01_NYJ_TEN,2026-09-09T22:34:03Z,graded,0.4059040590405904,0.0940959409594096,0.07114624505928857,1.3,0.5714285714285714
b6cfdcbafa61ce220ba87dc2d9b80c77,Lamar Jackson,interceptions,betmgm,0.5,130.0,-175.0,0.0,2026_01_BAL_IND,2026-09-09T22:34:24Z,graded,0.4059040590405904,0.0940959409594096,0.07114624505928857,1.3,0.5714285714285714
b6cfdcbafa61ce220ba87dc2d9b80c77,Daniel Jones,pass_tds,betmgm,1.5,130.0,-175.0,1.0,2026_01_BAL_IND,2026-09-09T22:34:24Z,graded,0.4059040590405904,0.0940959409594096,0.07114624505928857,1.3,0.5714285714285714
acc580d74344ea3b31bbcdd057fe6a9c,Colby Parkinson,receptions,betmgm,2.5,130.0,-175.0,1.0,2026_01_SF_LA,2026-09-09T22:35:34Z,graded,0.4059040590405904,0.0940959409594096,0.07114624505928857,1.3,0.5714285714285714
acc580d74344ea3b31bbcdd057fe6a9c,De'Zhaun Stribling,receptions,betmgm,3.5,130.0,-175.0,,2026_01_SF_LA,2026-09-09T22:35:34Z,no matching game/player result,0.4059040590405904,0.0940959409594096,0.07114624505928857,1.3,0.5714285714285714
e55c6fe19fce094ce214c8b0e5b504e9,Jerry Jeudy,receptions,betmgm,3.5,130.0,-175.0,2.0,2026_01_CLE_JAX,2026-09-09T22:35:12Z,graded,0.4059040590405904,0.0940959409594096,0.07114624505928857,1.3,0.5714285714285714
17885cb8dcade8f6c3bce14b2de805e8,Rachaad White,receptions,draftkings,2.5,133.0,-170.0,2.0,2026_01_WAS_PHI,2026-09-09T22:33:41Z,graded,0.40534454286143223,0.09465545713856777,0.05881417898585273,1.33,0.5882352941176471
8c94552d022acec4a0458d70c19d3da9,Drake Maye,pass_tds,betonlineag,1.5,132.0,-172.0,1.0,2026_01_NE_SEA,2026-09-09T22:34:52Z,graded,0.4053409632808775,0.09465903671912251,0.06338742393509111,1.32,0.5813953488372093
ed6d24ff979f9c71979fead577b0b3f7,Samaje Perine,receptions,betonlineag,1.5,132.0,-172.0,3.0,2026_01_TB_CIN,2026-09-09T22:34:50Z,graded,0.4053409632808775,0.09465903671912251,0.06338742393509111,1.32,0.5813953488372093
3e646c7479c57f5d9752d8c7dfe7059b,Malik Nabers,receptions,betonlineag,5.5,132.0,-172.0,6.0,2026_01_DAL_NYG,2026-09-09T22:35:13Z,graded,0.4053409632808775,0.09465903671912251,0.06338742393509111,1.32,0.5813953488372093
e55c6fe19fce094ce214c8b0e5b504e9,Deshaun Watson,interceptions,betrivers,0.5,-177.0,130.0,1.0,2026_01_CLE_JAX,2026-09-09T22:35:14Z,graded,0.5950884373629587,0.09508843736295869,0.07377177837074234,0.5649717514124294,1.3
e55c6fe19fce094ce214c8b0e5b504e9,Deshaun Watson,interceptions,betonlineag,0.5,-172.0,133.0,1.0,2026_01_CLE_JAX,2026-09-09T22:34:34Z,graded,0.5956953445508056,0.09569534455080564,0.06153749053269375,0.5813953488372093,1.33
1edfa5ceaa1ad2cb57df1c1b908731f6,Charlie Kolar,receptions,betonlineag,1.5,-172.0,133.0,,2026_01_ARI_LAC,2026-09-09T22:35:12Z,no offensive usage evidence,0.5956953445508056,0.09569534455080564,0.06153749053269375,0.5813953488372093,1.33
ed6d24ff979f9c71979fead577b0b3f7,Cade Otton,receptions,draftkings,3.5,134.0,-172.0,3.0,2026_01_TB_CIN,2026-09-09T22:35:35Z,graded,0.40327363302099395,0.09672636697900605,0.05970336852689795,1.34,0.5813953488372093
cb77efed7e711d25a72c1a2a0a1af119,Christian Watson,receptions,fanduel,3.5,-178.0,132.0,6.0,2026_01_GB_MIN,2026-09-09T22:35:38Z,graded,0.5976612249623713,0.09766122496237128,0.07132225254279323,0.5617977528089888,1.32
7e09efed7e12c659b82740b67ce2f9a1,C.J. Stroud,pass_tds,betrivers,1.5,133.0,-177.0,2.0,2026_01_BUF_HOU,2026-09-09T22:35:35Z,graded,0.40179283735367927,0.09820716264632073,0.06817371903131342,1.33,0.5649717514124294
c1d3fcec25aaeb06ebd2244d33d338e0,Tyler Shough,pass_tds,betrivers,1.5,133.0,-177.0,3.0,2026_01_NO_DET,2026-09-09T22:35:14Z,graded,0.40179283735367927,0.09820716264632073,0.06817371903131342,1.33,0.5649717514124294
5ad8135dc2b5f27de0b777acd317855a,Noah Gray,receptions,betonlineag,1.5,134.0,-175.0,1.0,2026_01_DEN_KC,2026-09-09T22:34:52Z,graded,0.4017531044558072,0.0982468955441928,0.06371406371406363,1.34,0.5714285714285714
95c01d1bb797d6df14824b106c5a9130,Darnell Washington,receptions,betonlineag,1.5,-175.0,134.0,2.0,2026_01_ATL_PIT,2026-09-09T22:35:15Z,graded,0.5982468955441929,0.09824689554419286,0.06371406371406363,0.5714285714285714,1.34
ed6d24ff979f9c71979fead577b0b3f7,Kenny Gainwell,receptions,draftkings,3.5,135.0,-173.0,1.0,2026_01_TB_CIN,2026-09-09T22:35:35Z,graded,0.4017364432344934,0.09826355676550658,0.05923154859325064,1.35,0.5780346820809249
95c01d1bb797d6df14824b106c5a9130,Aaron Rodgers,pass_tds,betrivers,1.5,132.0,-180.0,1.0,2026_01_ATL_PIT,2026-09-09T22:35:39Z,graded,0.4013761467889908,0.0986238532110092,0.07389162561576357,1.32,0.5555555555555556
8c94552d022acec4a0458d70c19d3da9,DeMario Douglas,receptions,betonlineag,2.5,135.0,-175.0,5.0,2026_01_NE_SEA,2026-09-09T22:34:52Z,graded,0.4007285974499089,0.09927140255009109,0.061895551257253434,1.35,0.5714285714285714
5ad8135dc2b5f27de0b777acd317855a,Bo Nix,pass_tds,draftkings,1.5,136.0,-174.0,1.0,2026_01_DEN_KC,2026-09-09T22:35:38Z,graded,0.4002103295162421,0.09978967048375792,0.05876530990968698,1.36,0.5747126436781609
3e646c7479c57f5d9752d8c7dfe7059b,Jaxson Dart,pass_tds,fanduel,1.5,134.0,-180.0,3.0,2026_01_DAL_NYG,2026-09-09T22:35:15Z,graded,0.3993154592127781,0.10068454078722189,0.07020757020757018,1.34,0.5555555555555556
17885cb8dcade8f6c3bce14b2de805e8,Rachaad White,receptions,fanduel,2.5,134.0,-180.0,2.0,2026_01_WAS_PHI,2026-09-09T22:35:16Z,graded,0.3993154592127781,0.10068454078722189,0.07020757020757018,1.34,0.5555555555555556
1edfa5ceaa1ad2cb57df1c1b908731f6,Kendrick Bourne,receptions,fanduel,2.5,134.0,-180.0,8.0,2026_01_ARI_LAC,2026-09-09T22:35:40Z,graded,0.3993154592127781,0.10068454078722189,0.07020757020757018,1.34,0.5555555555555556
3e646c7479c57f5d9752d8c7dfe7059b,Malachi Fields,receptions,fanduel,2.5,134.0,-180.0,2.0,2026_01_DAL_NYG,2026-09-09T22:35:15Z,graded,0.3993154592127781,0.10068454078722189,0.07020757020757018,1.34,0.5555555555555556
7e09efed7e12c659b82740b67ce2f9a1,Xavier Hutchinson,receptions,fanduel,2.5,134.0,-180.0,3.0,2026_01_BUF_HOU,2026-09-09T22:35:15Z,graded,0.3993154592127781,0.10068454078722189,0.07020757020757018,1.34,0.5555555555555556
cb77efed7e711d25a72c1a2a0a1af119,Jauan Jennings,receptions,fanduel,2.5,134.0,-180.0,0.0,2026_01_GB_MIN,2026-09-09T22:35:38Z,graded,0.3993154592127781,0.10068454078722189,0.07020757020757018,1.34,0.5555555555555556
acc580d74344ea3b31bbcdd057fe6a9c,De'Zhaun Stribling,receptions,fanduel,3.5,134.0,-180.0,,2026_01_SF_LA,2026-09-09T22:35:37Z,no matching game/player result,0.3993154592127781,0.10068454078722189,0.07020757020757018,1.34,0.5555555555555556
5ad8135dc2b5f27de0b777acd317855a,Noah Gray,receptions,draftkings,1.5,137.0,-175.0,1.0,2026_01_DEN_KC,2026-09-09T22:35:38Z,graded,0.3986951794128307,0.10130482058716928,0.05830456463367861,1.37,0.5714285714285714
1edfa5ceaa1ad2cb57df1c1b908731f6,Charlie Kolar,receptions,bovada,1.5,-180.0,135.0,,2026_01_ARI_LAC,2026-09-09T22:34:07Z,no offensive usage evidence,0.6017069701280228,0.10170697012802277,0.06838905775075999,0.5555555555555556,1.35
5ad8135dc2b5f27de0b777acd317855a,Bo Nix,pass_tds,bovada,1.5,135.0,-180.0,1.0,2026_01_DEN_KC,2026-09-09T22:34:54Z,graded,0.3982930298719772,0.10170697012802282,0.06838905775075999,1.35,0.5555555555555556
5ad8135dc2b5f27de0b777acd317855a,Bo Nix,pass_tds,fanatics,1.5,135.0,-180.0,1.0,2026_01_DEN_KC,2026-09-09T22:35:46Z,graded,0.3982930298719772,0.10170697012802282,0.06838905775075999,1.35,0.5555555555555556
5ad8135dc2b5f27de0b777acd317855a,Noah Gray,receptions,bovada,1.5,135.0,-180.0,1.0,2026_01_DEN_KC,2026-09-09T22:34:54Z,graded,0.3982930298719772,0.10170697012802282,0.06838905775075999,1.35,0.5555555555555556
7e09efed7e12c659b82740b67ce2f9a1,Josh Allen,pass_tds,fanatics,1.5,135.0,-180.0,2.0,2026_01_BUF_HOU,2026-09-09T22:34:44Z,graded,0.3982930298719772,0.10170697012802282,0.06838905775075999,1.35,0.5555555555555556
b6cfdcbafa61ce220ba87dc2d9b80c77,Daniel Jones,pass_tds,betrivers,1.5,135.0,-180.0,1.0,2026_01_BAL_IND,2026-09-09T22:35:12Z,graded,0.3982930298719772,0.10170697012802282,0.06838905775075999,1.35,0.5555555555555556
8c94552d022acec4a0458d70c19d3da9,DeMario Douglas,receptions,bovada,2.5,135.0,-180.0,5.0,2026_01_NE_SEA,2026-09-09T22:34:55Z,graded,0.3982930298719772,0.10170697012802282,0.06838905775075999,1.35,0.5555555555555556
ed6d24ff979f9c71979fead577b0b3f7,Kenny Gainwell,receptions,bovada,3.5,135.0,-180.0,1.0,2026_01_TB_CIN,2026-09-09T22:34:55Z,graded,0.3982930298719772,0.10170697012802282,0.06838905775075999,1.35,0.5555555555555556
1edfa5ceaa1ad2cb57df1c1b908731f6,Charlie Kolar,receptions,draftkings,1.5,-176.0,137.0,,2026_01_ARI_LAC,2026-09-09T22:35:12Z,no offensive usage evidence,0.6018005540166205,0.10180055401662047,0.05962208769033195,0.5681818181818182,1.37
e55c6fe19fce094ce214c8b0e5b504e9,Deshaun Watson,pass_tds,betrivers,0.5,-182.0,135.0,1.0,2026_01_CLE_JAX,2026-09-09T22:35:14Z,graded,0.6026490066225165,0.10264900662251653,0.07092198581560294,0.5494505494505495,1.35
8c94552d022acec4a0458d70c19d3da9,DeMario Douglas,receptions,draftkings,2.5,138.0,-177.0,5.0,2026_01_NE_SEA,2026-09-09T22:35:35Z,graded,0.3967003694898748,0.1032996305101252,0.05915723690198105,1.38,0.5649717514124294
b6cfdcbafa61ce220ba87dc2d9b80c77,Daniel Jones,pass_tds,fanduel,1.5,136.0,-182.0,1.0,2026_01_BAL_IND,2026-09-09T22:35:37Z,graded,0.39633460760062966,0.10366539239937034,0.06911888448130776,1.36,0.5494505494505495
ed6d24ff979f9c71979fead577b0b3f7,Joe Burrow,interceptions,betmgm,0.5,135.0,-185.0,1.0,2026_01_TB_CIN,2026-09-09T22:34:52Z,graded,0.3959708232025009,0.10402917679749912,0.07465472191116085,1.35,0.5405405405405406
1edfa5ceaa1ad2cb57df1c1b908731f6,Justin Herbert,pass_tds,betmgm,1.5,-185.0,135.0,1.0,2026_01_ARI_LAC,2026-09-09T22:35:11Z,graded,0.6040291767974991,0.10402917679749912,0.07465472191116085,0.5405405405405406,1.35
fc362aff0d889ec52d358307a70c32ed,Xavier Legette,receptions,betmgm,1.5,-185.0,135.0,0.0,2026_01_CHI_CAR,2026-09-09T22:34:49Z,graded,0.6040291767974991,0.10402917679749912,0.07465472191116085,0.5405405405405406,1.35
17885cb8dcade8f6c3bce14b2de805e8,Chig Okonkwo,receptions,betmgm,2.5,-185.0,135.0,2.0,2026_01_WAS_PHI,2026-09-09T22:34:50Z,graded,0.6040291767974991,0.10402917679749912,0.07465472191116085,0.5405405405405406,1.35
e55c6fe19fce094ce214c8b0e5b504e9,Deshaun Watson,pass_tds,betonlineag,0.5,-182.0,138.0,1.0,2026_01_CLE_JAX,2026-09-09T22:34:34Z,graded,0.6056826444432015,0.10568264444320152,0.06555813814887657,0.5494505494505495,1.38
3e646c7479c57f5d9752d8c7dfe7059b,Jaxson Dart,pass_tds,betrivers,1.5,138.0,-182.0,3.0,2026_01_DAL_NYG,2026-09-09T22:35:36Z,graded,0.3943173555567985,0.10568264444320152,0.06555813814887657,1.38,0.5494505494505495
5ad8135dc2b5f27de0b777acd317855a,Bo Nix,pass_tds,betonlineag,1.5,139.0,-182.0,1.0,2026_01_DEN_KC,2026-09-09T22:34:52Z,graded,0.3933164104995955,0.10668358950040452,0.06380011276299014,1.39,0.5494505494505495
1edfa5ceaa1ad2cb57df1c1b908731f6,Kendrick Bourne,receptions,betonlineag,2.5,139.0,-182.0,8.0,2026_01_ARI_LAC,2026-09-09T22:35:12Z,graded,0.3933164104995955,0.10668358950040452,0.06380011276299014,1.39,0.5494505494505495
ed6d24ff979f9c71979fead577b0b3f7,Bucky Irving,receptions,betonlineag,2.5,139.0,-182.0,7.0,2026_01_TB_CIN,2026-09-09T22:34:50Z,graded,0.3933164104995955,0.10668358950040452,0.06380011276299014,1.39,0.5494505494505495
fc362aff0d889ec52d358307a70c32ed,Xavier Legette,receptions,draftkings,2.5,140.0,-180.0,0.0,2026_01_CHI_CAR,2026-09-09T22:35:34Z,graded,0.39325842696629215,0.10674157303370785,0.059523809523809534,1.4,0.5555555555555556
95c01d1bb797d6df14824b106c5a9130,Darnell Washington,receptions,draftkings,1.5,-180.0,140.0,2.0,2026_01_ATL_PIT,2026-09-09T22:33:37Z,graded,0.6067415730337079,0.1067415730337079,0.059523809523809534,0.5555555555555556,1.4
1edfa5ceaa1ad2cb57df1c1b908731f6,Kendrick Bourne,receptions,draftkings,2.5,141.0,-181.0,8.0,2026_01_ARI_LAC,2026-09-09T22:35:12Z,graded,0.39179598722828735,0.10820401277171265,0.05906587321510326,1.41,0.5524861878453039
e55c6fe19fce094ce214c8b0e5b504e9,Deshaun Watson,pass_tds,bovada,0.5,-185.0,140.0,1.0,2026_01_CLE_JAX,2026-09-09T22:34:58Z,graded,0.6090534979423868,0.10905349794238683,0.06578947368421062,0.5405405405405406,1.4
95c01d1bb797d6df14824b106c5a9130,Darnell Washington,receptions,bovada,1.5,-185.0,140.0,2.0,2026_01_ATL_PIT,2026-09-09T22:34:53Z,graded,0.6090534979423868,0.10905349794238683,0.06578947368421062,0.5405405405405406,1.4
b6cfdcbafa61ce220ba87dc2d9b80c77,Justice Hill,receptions,betonlineag,1.5,-185.0,140.0,1.0,2026_01_BAL_IND,2026-09-09T22:35:14Z,graded,0.6090534979423868,0.10905349794238683,0.06578947368421062,0.5405405405405406,1.4
1edfa5ceaa1ad2cb57df1c1b908731f6,Kendrick Bourne,receptions,bovada,2.5,140.0,-185.0,8.0,2026_01_ARI_LAC,2026-09-09T22:34:07Z,graded,0.39094650205761317,0.10905349794238683,0.06578947368421062,1.4,0.5405405405405406
cb77efed7e711d25a72c1a2a0a1af119,Jauan Jennings,receptions,bovada,2.5,140.0,-185.0,0.0,2026_01_GB_MIN,2026-09-09T22:34:56Z,graded,0.39094650205761317,0.10905349794238683,0.06578947368421062,1.4,0.5405405405405406
fc362aff0d889ec52d358307a70c32ed,Xavier Legette,receptions,bovada,2.5,140.0,-185.0,0.0,2026_01_CHI_CAR,2026-09-09T22:34:07Z,graded,0.39094650205761317,0.10905349794238683,0.06578947368421062,1.4,0.5405405405405406
95c01d1bb797d6df14824b106c5a9130,Michael Pittman,receptions,betonlineag,3.5,-185.0,140.0,3.0,2026_01_ATL_PIT,2026-09-09T22:35:15Z,graded,0.6090534979423868,0.10905349794238683,0.06578947368421062,0.5405405405405406,1.4
cb77efed7e711d25a72c1a2a0a1af119,Christian Watson,receptions,betonlineag,3.5,-185.0,140.0,6.0,2026_01_GB_MIN,2026-09-09T22:35:17Z,graded,0.6090534979423868,0.10905349794238683,0.06578947368421062,0.5405405405405406,1.4
5ad8135dc2b5f27de0b777acd317855a,Bo Nix,pass_tds,betmgm,1.5,138.0,-190.0,1.0,2026_01_DEN_KC,2026-09-09T22:34:49Z,graded,0.3907302613850714,0.10926973861492861,0.07534048101999424,1.38,0.5263157894736842
e55c6fe19fce094ce214c8b0e5b504e9,Deshaun Watson,pass_tds,draftkings,0.5,-182.0,142.0,1.0,2026_01_CLE_JAX,2026-09-09T22:35:14Z,graded,0.6096561652178727,0.10965616521787269,0.058613211417853694,0.5494505494505495,1.42
3e646c7479c57f5d9752d8c7dfe7059b,Malachi Fields,receptions,betonlineag,2.5,141.0,-185.0,2.0,2026_01_DAL_NYG,2026-09-09T22:35:13Z,graded,0.3899568995005815,0.11004310049941851,0.06406056635364354,1.41,0.5405405405405406
7e09efed7e12c659b82740b67ce2f9a1,Xavier Hutchinson,receptions,betonlineag,2.5,141.0,-185.0,3.0,2026_01_BUF_HOU,2026-09-09T22:34:56Z,graded,0.3899568995005815,0.11004310049941851,0.06406056635364354,1.41,0.5405405405405406
e55c6fe19fce094ce214c8b0e5b504e9,Deshaun Watson,pass_tds,fanduel,0.5,-188.0,140.0,1.0,2026_01_CLE_JAX,2026-09-09T22:35:42Z,graded,0.6103896103896104,0.11038961038961037,0.06944444444444442,0.5319148936170213,1.4
5ad8135dc2b5f27de0b777acd317855a,Bo Nix,pass_tds,fanduel,1.5,140.0,-188.0,1.0,2026_01_DEN_KC,2026-09-09T22:35:38Z,graded,0.38961038961038963,0.11038961038961037,0.06944444444444442,1.4,0.5319148936170213
7e09efed7e12c659b82740b67ce2f9a1,Josh Allen,pass_tds,fanduel,1.5,140.0,-188.0,2.0,2026_01_BUF_HOU,2026-09-09T22:35:15Z,graded,0.38961038961038963,0.11038961038961037,0.06944444444444442,1.4,0.5319148936170213
ed6d24ff979f9c71979fead577b0b3f7,Samaje Perine,receptions,fanduel,1.5,140.0,-188.0,3.0,2026_01_TB_CIN,2026-09-09T22:35:37Z,graded,0.38961038961038963,0.11038961038961037,0.06944444444444442,1.4,0.5319148936170213
7dddb296a42e7a41a774b24bd1709ce1,Calvin Ridley,receptions,fanduel,2.5,140.0,-188.0,,2026_01_NYJ_TEN,2026-09-09T22:35:39Z,no matching game/player result,0.38961038961038963,0.11038961038961037,0.06944444444444442,1.4,0.5319148936170213
95c01d1bb797d6df14824b106c5a9130,Michael Pittman,receptions,fanduel,3.5,-188.0,140.0,3.0,2026_01_ATL_PIT,2026-09-09T22:35:14Z,graded,0.6103896103896104,0.11038961038961037,0.06944444444444442,0.5319148936170213,1.4
95c01d1bb797d6df14824b106c5a9130,Darnell Washington,receptions,betmgm,1.5,-190.0,140.0,2.0,2026_01_ATL_PIT,2026-09-09T22:34:49Z,graded,0.6112600536193029,0.11126005361930291,0.07183908045977017,0.5263157894736842,1.4
ed6d24ff979f9c71979fead577b0b3f7,Bucky Irving,receptions,betmgm,1.5,-190.0,140.0,7.0,2026_01_TB_CIN,2026-09-09T22:34:52Z,graded,0.6112600536193029,0.11126005361930291,0.07183908045977017,0.5263157894736842,1.4
7dddb296a42e7a41a774b24bd1709ce1,Calvin Ridley,receptions,betmgm,2.5,140.0,-190.0,,2026_01_NYJ_TEN,2026-09-09T22:34:03Z,no matching game/player result,0.38873994638069703,0.11126005361930297,0.07183908045977017,1.4,0.5263157894736842
cb77efed7e711d25a72c1a2a0a1af119,Jauan Jennings,receptions,draftkings,2.5,143.0,-184.0,0.0,2026_01_GB_MIN,2026-09-09T22:35:37Z,graded,0.3884451252872306,0.11155487471276943,0.05940995768851787,1.43,0.5434782608695652
c1d3fcec25aaeb06ebd2244d33d338e0,Jared Goff,rush_yds,fanduel,0.5,142.0,-188.0,2.0,2026_01_NO_DET,2026-09-09T22:35:40Z,graded,0.38763863465058684,0.11236136534941316,0.06600091827364563,1.42,0.5319148936170213
ed6d24ff979f9c71979fead577b0b3f7,Samaje Perine,rush_attempts,fanatics,5.5,140.0,-195.0,5.0,2026_01_TB_CIN,2026-09-09T22:35:02Z,graded,0.38663171690694625,0.11336828309305375,0.07768361581920913,1.4,0.5128205128205128
c5d95f48a16849ab6bebc68fbbfcb74a,Kirk Cousins,pass_tds,fanduel,1.5,142.0,-192.0,3.0,2026_01_MIA_LV,2026-09-09T22:35:17Z,graded,0.3859166842884331,0.11408331571156688,0.07075738707121015,1.42,0.5208333333333334
8c94552d022acec4a0458d70c19d3da9,DeMario Douglas,receptions,fanduel,1.5,-192.0,142.0,5.0,2026_01_NE_SEA,2026-09-09T22:35:38Z,graded,0.6140833157115669,0.11408331571156693,0.07075738707121015,0.5208333333333334,1.42
cb77efed7e711d25a72c1a2a0a1af119,Jauan Jennings,receptions,betonlineag,2.5,144.0,-189.0,0.0,2026_01_GB_MIN,2026-09-09T22:35:17Z,graded,0.3852511464220966,0.11474885357790338,0.06381530432809579,1.44,0.5291005291005291
7e09efed7e12c659b82740b67ce2f9a1,Josh Allen,pass_tds,draftkings,1.5,145.0,-187.0,2.0,2026_01_BUF_HOU,2026-09-09T22:35:20Z,graded,0.3851573508689526,0.11484264913104741,0.059731209556993514,1.45,0.5347593582887701
8c94552d022acec4a0458d70c19d3da9,Mack Hollins,receptions,draftkings,1.5,146.0,-187.0,4.0,2026_01_NE_SEA,2026-09-09T22:35:35Z,graded,0.38419319429198684,0.11580680570801316,0.058072009291521454,1.46,0.5347593582887701
b6cfdcbafa61ce220ba87dc2d9b80c77,Rashod Bateman,receptions,draftkings,1.5,-187.0,146.0,0.0,2026_01_BAL_IND,2026-09-09T22:34:04Z,graded,0.6158068057080132,0.11580680570801316,0.058072009291521454,0.5347593582887701,1.46
e55c6fe19fce094ce214c8b0e5b504e9,Deshaun Watson,pass_tds,fanatics,0.5,-190.0,145.0,1.0,2026_01_CLE_JAX,2026-09-09T22:35:03Z,graded,0.6161482461945731,0.11614824619457309,0.06333567909922588,0.5263157894736842,1.45
3e646c7479c57f5d9752d8c7dfe7059b,Javonte Williams,receptions,bovada,1.5,-190.0,145.0,5.0,2026_01_DAL_NYG,2026-09-09T22:34:54Z,graded,0.6161482461945731,0.11614824619457309,0.06333567909922588,0.5263157894736842,1.45
7e09efed7e12c659b82740b67ce2f9a1,Josh Allen,pass_tds,bovada,1.5,145.0,-190.0,2.0,2026_01_BUF_HOU,2026-09-09T22:35:38Z,graded,0.3838517538054269,0.11614824619457309,0.06333567909922588,1.45,0.5263157894736842
b6cfdcbafa61ce220ba87dc2d9b80c77,Rashod Bateman,receptions,bovada,1.5,-190.0,145.0,0.0,2026_01_BAL_IND,2026-09-09T22:35:16Z,graded,0.6161482461945731,0.11614824619457309,0.06333567909922588,0.5263157894736842,1.45
3e646c7479c57f5d9752d8c7dfe7059b,Malachi Fields,receptions,bovada,2.5,145.0,-190.0,2.0,2026_01_DAL_NYG,2026-09-09T22:34:54Z,graded,0.3838517538054269,0.11614824619457309,0.06333567909922588,1.45,0.5263157894736842
7dddb296a42e7a41a774b24bd1709ce1,Calvin Ridley,receptions,bovada,2.5,145.0,-190.0,,2026_01_NYJ_TEN,2026-09-09T22:34:30Z,no matching game/player result,0.3838517538054269,0.11614824619457309,0.06333567909922588,1.45,0.5263157894736842
3e646c7479c57f5d9752d8c7dfe7059b,Malachi Fields,receptions,draftkings,2.5,146.0,-188.0,2.0,2026_01_DAL_NYG,2026-09-09T22:35:13Z,graded,0.383754397185801,0.11624560281419899,0.0592818428184283,1.46,0.5319148936170213
b6cfdcbafa61ce220ba87dc2d9b80c77,Justice Hill,receptions,fanduel,2.5,144.0,-194.0,1.0,2026_01_BAL_IND,2026-09-09T22:35:37Z,graded,0.3831317764804004,0.11686822351959958,0.06970001115200164,1.44,0.5154639175257731
ed6d24ff979f9c71979fead577b0b3f7,Bucky Irving,receptions,fanduel,2.5,144.0,-194.0,7.0,2026_01_TB_CIN,2026-09-09T22:35:37Z,graded,0.3831317764804004,0.11686822351959958,0.06970001115200164,1.44,0.5154639175257731
c1d3fcec25aaeb06ebd2244d33d338e0,Jared Goff,pass_tds,fanduel,1.5,-194.0,144.0,2.0,2026_01_NO_DET,2026-09-09T22:35:40Z,graded,0.6168682235195997,0.11686822351959969,0.06970001115200164,0.5154639175257731,1.44
7e09efed7e12c659b82740b67ce2f9a1,Josh Allen,pass_tds,betonlineag,1.5,146.0,-192.0,2.0,2026_01_BUF_HOU,2026-09-09T22:34:56Z,graded,0.38203893657106974,0.11796106342893026,0.06403831161599283,1.46,0.5208333333333334
7dddb296a42e7a41a774b24bd1709ce1,Calvin Ridley,receptions,betonlineag,2.5,146.0,-192.0,,2026_01_NYJ_TEN,2026-09-09T22:34:56Z,no matching game/player result,0.38203893657106974,0.11796106342893026,0.06403831161599283,1.46,0.5208333333333334
fc362aff0d889ec52d358307a70c32ed,D'Andre Swift,receptions,betonlineag,2.5,146.0,-192.0,1.0,2026_01_CHI_CAR,2026-09-09T22:34:54Z,graded,0.38203893657106974,0.11796106342893026,0.06403831161599283,1.46,0.5208333333333334
b6cfdcbafa61ce220ba87dc2d9b80c77,Rashod Bateman,receptions,betonlineag,1.5,-192.0,146.0,0.0,2026_01_BAL_IND,2026-09-09T22:35:14Z,graded,0.6179610634289303,0.11796106342893031,0.06403831161599283,0.5208333333333334,1.46
ed6d24ff979f9c71979fead577b0b3f7,Joe Burrow,pass_tds,betrivers,1.5,-195.0,145.0,1.0,2026_01_TB_CIN,2026-09-09T22:35:36Z,graded,0.6182465221611129,0.11824652216111287,0.06918021445866485,0.5128205128205128,1.45
3e646c7479c57f5d9752d8c7dfe7059b,Javonte Williams,receptions,draftkings,1.5,-190.0,148.0,5.0,2026_01_DAL_NYG,2026-09-09T22:35:13Z,graded,0.6190225959012087,0.11902259590120867,0.05839822024471619,0.5263157894736842,1.48
7dddb296a42e7a41a774b24bd1709ce1,Calvin Ridley,receptions,draftkings,2.5,148.0,-191.0,,2026_01_NYJ_TEN,2026-09-09T22:34:59Z,no matching game/player result,0.3805513417377203,0.11944865826227968,0.05958319476776408,1.48,0.5235602094240838
5ad8135dc2b5f27de0b777acd317855a,Bo Nix,pass_tds,betrivers,1.5,145.0,-200.0,1.0,2026_01_DEN_KC,2026-09-09T22:35:12Z,graded,0.37974683544303806,0.12025316455696194,0.07482993197278898,1.45,0.5
8c94552d022acec4a0458d70c19d3da9,Drake Maye,pass_tds,betrivers,1.5,145.0,-200.0,1.0,2026_01_NE_SEA,2026-09-09T22:35:15Z,graded,0.37974683544303806,0.12025316455696194,0.07482993197278898,1.45,0.5
b6cfdcbafa61ce220ba87dc2d9b80c77,Rashod Bateman,receptions,betmgm,2.5,145.0,-200.0,0.0,2026_01_BAL_IND,2026-09-09T22:34:24Z,graded,0.37974683544303806,0.12025316455696194,0.07482993197278898,1.45,0.5
ed6d24ff979f9c71979fead577b0b3f7,Cade Otton,receptions,betmgm,2.5,-200.0,145.0,3.0,2026_01_TB_CIN,2026-09-09T22:34:52Z,graded,0.6202531645569621,0.12025316455696211,0.07482993197278898,0.5,1.45
ed6d24ff979f9c71979fead577b0b3f7,Bucky Irving,receptions,draftkings,1.5,-191.0,149.0,7.0,2026_01_TB_CIN,2026-09-09T22:35:35Z,graded,0.6203968222909247,0.12039682229092474,0.057963814018962445,0.5235602094240838,1.49
b6cfdcbafa61ce220ba87dc2d9b80c77,Justice Hill,receptions,draftkings,1.5,-192.0,149.0,1.0,2026_01_BAL_IND,2026-09-09T22:34:04Z,graded,0.6208186162476625,0.12081861624766255,0.05914067227815378,0.5208333333333334,1.49
c1d3fcec25aaeb06ebd2244d33d338e0,Jared Goff,pass_tds,draftkings,1.5,-192.0,150.0,2.0,2026_01_NO_DET,2026-09-09T22:34:52Z,graded,0.6217616580310881,0.12176165803108807,0.05753424657534234,0.5208333333333334,1.5
c5d95f48a16849ab6bebc68fbbfcb74a,Kirk Cousins,pass_tds,betonlineag,1.5,149.0,-196.0,3.0,2026_01_MIA_LV,2026-09-09T22:35:35Z,graded,0.3775317585837457,0.12246824141625429,0.06376858786497341,1.49,0.5102040816326531
8c94552d022acec4a0458d70c19d3da9,Hunter Henry,receptions,fanduel,3.5,148.0,-200.0,3.0,2026_01_NE_SEA,2026-09-09T22:35:38Z,graded,0.3768844221105528,0.12311557788944721,0.06989247311827951,1.48,0.5
7e09efed7e12c659b82740b67ce2f9a1,Xavier Hutchinson,receptions,draftkings,2.5,152.0,-195.0,3.0,2026_01_BUF_HOU,2026-09-09T22:35:20Z,graded,0.3751271617497457,0.1248728382502543,0.057842345977939136,1.52,0.5128205128205128
1edfa5ceaa1ad2cb57df1c1b908731f6,Justin Herbert,interceptions,betrivers,0.5,150.0,-200.0,1.0,2026_01_ARI_LAC,2026-09-09T22:35:36Z,graded,0.375,0.125,0.06666666666666665,1.5,0.5
3e646c7479c57f5d9752d8c7dfe7059b,Malachi Fields,receptions,betmgm,1.5,-200.0,150.0,2.0,2026_01_DAL_NYG,2026-09-09T22:34:51Z,graded,0.625,0.125,0.06666666666666665,0.5,1.5
8c94552d022acec4a0458d70c19d3da9,DeMario Douglas,receptions,betmgm,1.5,-200.0,150.0,5.0,2026_01_NE_SEA,2026-09-09T22:35:11Z,graded,0.625,0.125,0.06666666666666665,0.5,1.5
b6cfdcbafa61ce220ba87dc2d9b80c77,Justice Hill,receptions,bovada,1.5,-200.0,150.0,1.0,2026_01_BAL_IND,2026-09-09T22:35:16Z,graded,0.625,0.125,0.06666666666666665,0.5,1.5
c1d3fcec25aaeb06ebd2244d33d338e0,Jared Goff,pass_tds,bovada,1.5,-200.0,150.0,2.0,2026_01_NO_DET,2026-09-09T22:34:55Z,graded,0.625,0.125,0.06666666666666665,0.5,1.5
c5d95f48a16849ab6bebc68fbbfcb74a,Kirk Cousins,pass_tds,betmgm,1.5,150.0,-200.0,3.0,2026_01_MIA_LV,2026-09-09T22:34:49Z,graded,0.375,0.125,0.06666666666666665,1.5,0.5
ed6d24ff979f9c71979fead577b0b3f7,Bucky Irving,receptions,bovada,1.5,-200.0,150.0,7.0,2026_01_TB_CIN,2026-09-09T22:34:55Z,graded,0.625,0.125,0.06666666666666665,0.5,1.5
7e09efed7e12c659b82740b67ce2f9a1,Xavier Hutchinson,receptions,bovada,2.5,150.0,-200.0,3.0,2026_01_BUF_HOU,2026-09-09T22:35:38Z,graded,0.375,0.125,0.06666666666666665,1.5,0.5
95c01d1bb797d6df14824b106c5a9130,Aaron Rodgers,interceptions,betonlineag,0.5,152.0,-200.0,0.0,2026_01_ATL_PIT,2026-09-09T22:35:15Z,graded,0.3731343283582089,0.12686567164179108,0.06349206349206349,1.52,0.5
8c94552d022acec4a0458d70c19d3da9,Mack Hollins,receptions,betonlineag,1.5,152.0,-200.0,4.0,2026_01_NE_SEA,2026-09-09T22:34:52Z,graded,0.3731343283582089,0.12686567164179108,0.06349206349206349,1.52,0.5
c1d3fcec25aaeb06ebd2244d33d338e0,Jared Goff,pass_tds,betrivers,1.5,-205.0,150.0,2.0,2026_01_NO_DET,2026-09-09T22:35:14Z,graded,0.6269113149847094,0.12691131498470942,0.0721311475409836,0.4878048780487805,1.5
c5d95f48a16849ab6bebc68fbbfcb74a,Kirk Cousins,pass_tds,betrivers,1.5,150.0,-205.0,3.0,2026_01_MIA_LV,2026-09-09T22:35:35Z,graded,0.3730886850152905,0.12691131498470948,0.0721311475409836,1.5,0.4878048780487805
acc580d74344ea3b31bbcdd057fe6a9c,Kyle Juszczyk,receptions,betmgm,0.5,-210.0,150.0,,2026_01_SF_LA,2026-09-09T22:35:34Z,no matching game/player result,0.6287425149700598,0.12874251497005984,0.07741935483870965,0.47619047619047616,1.5
b6cfdcbafa61ce220ba87dc2d9b80c77,Rashod Bateman,receptions,fanduel,1.5,-205.0,152.0,0.0,2026_01_BAL_IND,2026-09-09T22:35:37Z,graded,0.6287731256085686,0.12877312560856857,0.06895654436638043,0.4878048780487805,1.52
acc580d74344ea3b31bbcdd057fe6a9c,Demarcus Robinson,receptions,draftkings,1.5,156.0,-200.0,2.0,2026_01_SF_LA,2026-09-09T22:34:50Z,graded,0.3694581280788178,0.13054187192118222,0.05729166666666652,1.56,0.5
acc580d74344ea3b31bbcdd057fe6a9c,Matthew Stafford,rush_yds,fanduel,0.5,154.0,-205.0,-1.0,2026_01_SF_LA,2026-09-09T22:35:37Z,graded,0.36938355334867384,0.13061644665132616,0.06583193494255846,1.54,0.4878048780487805
1edfa5ceaa1ad2cb57df1c1b908731f6,Jacoby Brissett,pass_tds,betonlineag,1.5,155.0,-204.0,1.0,2026_01_ARI_LAC,2026-09-09T22:35:12Z,graded,0.36884251395292406,0.13115748604707594,0.06320949432404532,1.55,0.49019607843137253
fc362aff0d889ec52d358307a70c32ed,Xavier Legette,receptions,betonlineag,1.5,-204.0,156.0,0.0,2026_01_CHI_CAR,2026-09-09T22:34:54Z,graded,0.6320681642137878,0.13206816421378775,0.061677631578947345,0.49019607843137253,1.56
1edfa5ceaa1ad2cb57df1c1b908731f6,Jacoby Brissett,pass_tds,draftkings,1.5,157.0,-202.0,1.0,2026_01_ARI_LAC,2026-09-09T22:35:12Z,graded,0.36778137710987163,0.13221862289012837,0.057979230551189254,1.57,0.49504950495049505
c5d95f48a16849ab6bebc68fbbfcb74a,Kirk Cousins,pass_tds,draftkings,1.5,157.0,-202.0,3.0,2026_01_MIA_LV,2026-09-09T22:35:37Z,graded,0.36778137710987163,0.13221862289012837,0.057979230551189254,1.57,0.49504950495049505
1edfa5ceaa1ad2cb57df1c1b908731f6,Jacoby Brissett,pass_tds,fanduel,1.5,154.0,-210.0,1.0,2026_01_ARI_LAC,2026-09-09T22:35:40Z,graded,0.3675598766895898,0.13244012331041022,0.07112014224028451,1.54,0.47619047619047616
3e646c7479c57f5d9752d8c7dfe7059b,Javonte Williams,receptions,fanduel,2.5,154.0,-210.0,5.0,2026_01_DAL_NYG,2026-09-09T22:35:15Z,graded,0.3675598766895898,0.13244012331041022,0.07112014224028451,1.54,0.47619047619047616
1edfa5ceaa1ad2cb57df1c1b908731f6,Justin Herbert,pass_tds,bovada,1.5,-210.0,155.0,1.0,2026_01_ARI_LAC,2026-09-09T22:34:07Z,graded,0.6333530455351862,0.13335304553518623,0.06957621758380772,0.47619047619047616,1.55
95c01d1bb797d6df14824b106c5a9130,Aaron Rodgers,interceptions,betrivers,0.5,155.0,-210.0,0.0,2026_01_ATL_PIT,2026-09-09T22:35:39Z,graded,0.3666469544648137,0.1333530455351863,0.06957621758380772,1.55,0.47619047619047616
1edfa5ceaa1ad2cb57df1c1b908731f6,Jacoby Brissett,pass_tds,betmgm,1.5,155.0,-210.0,1.0,2026_01_ARI_LAC,2026-09-09T22:35:11Z,graded,0.3666469544648137,0.1333530455351863,0.06957621758380772,1.55,0.47619047619047616
1edfa5ceaa1ad2cb57df1c1b908731f6,Jacoby Brissett,pass_tds,bovada,1.5,155.0,-210.0,1.0,2026_01_ARI_LAC,2026-09-09T22:34:07Z,graded,0.3666469544648137,0.1333530455351863,0.06957621758380772,1.55,0.47619047619047616
5ad8135dc2b5f27de0b777acd317855a,Noah Gray,receptions,betmgm,1.5,155.0,-210.0,1.0,2026_01_DEN_KC,2026-09-09T22:34:49Z,graded,0.3666469544648137,0.1333530455351863,0.06957621758380772,1.55,0.47619047619047616
acc580d74344ea3b31bbcdd057fe6a9c,Demarcus Robinson,receptions,bovada,1.5,155.0,-210.0,2.0,2026_01_SF_LA,2026-09-09T22:35:39Z,graded,0.3666469544648137,0.1333530455351863,0.06957621758380772,1.55,0.47619047619047616
c5d95f48a16849ab6bebc68fbbfcb74a,Kirk Cousins,pass_tds,bovada,1.5,155.0,-210.0,3.0,2026_01_MIA_LV,2026-09-09T22:35:16Z,graded,0.3666469544648137,0.1333530455351863,0.06957621758380772,1.55,0.47619047619047616
17885cb8dcade8f6c3bce14b2de805e8,Stefon Diggs,receptions,betmgm,4.5,155.0,-210.0,4.0,2026_01_WAS_PHI,2026-09-09T22:34:50Z,graded,0.3666469544648137,0.1333530455351863,0.06957621758380772,1.55,0.47619047619047616
1edfa5ceaa1ad2cb57df1c1b908731f6,Justin Herbert,pass_tds,draftkings,1.5,-204.0,158.0,1.0,2026_01_ARI_LAC,2026-09-09T22:35:12Z,graded,0.6338760959630022,0.1338760959630022,0.05864953080375357,0.49019607843137253,1.58
c1d3fcec25aaeb06ebd2244d33d338e0,Jared Goff,pass_tds,betonlineag,1.5,-208.0,158.0,2.0,2026_01_NO_DET,2026-09-09T22:35:16Z,graded,0.6353476037128244,0.1353476037128244,0.06292157454948155,0.4807692307692308,1.58
3e646c7479c57f5d9752d8c7dfe7059b,Javonte Williams,receptions,betonlineag,2.5,158.0,-208.0,5.0,2026_01_DAL_NYG,2026-09-09T22:35:13Z,graded,0.3646523962871756,0.1353476037128244,0.06292157454948155,1.58,0.4807692307692308
acc580d74344ea3b31bbcdd057fe6a9c,Kyle Juszczyk,receptions,draftkings,1.5,160.0,-206.0,,2026_01_SF_LA,2026-09-09T22:34:50Z,no matching game/player result,0.36359315589353614,0.13640684410646386,0.0578179989944696,1.6,0.4854368932038835
8c94552d022acec4a0458d70c19d3da9,Elijah Arroyo,receptions,fanduel,0.5,-215.0,158.0,,2026_01_NE_SEA,2026-09-09T22:35:38Z,no matching game/player result,0.6378061400482925,0.1378061400482925,0.07013658176448878,0.46511627906976744,1.58
1edfa5ceaa1ad2cb57df1c1b908731f6,Justin Herbert,pass_tds,betonlineag,1.5,-213.0,160.0,1.0,2026_01_ARI_LAC,2026-09-09T22:35:12Z,graded,0.6389017074296262,0.13890170742962615,0.06512656672401085,0.4694835680751174,1.6
95c01d1bb797d6df14824b106c5a9130,Aaron Rodgers,interceptions,draftkings,0.5,162.0,-208.0,0.0,2026_01_ATL_PIT,2026-09-09T22:33:37Z,graded,0.3610954792721816,0.1389045207278184,0.057004064637652396,1.62,0.4807692307692308
1edfa5ceaa1ad2cb57df1c1b908731f6,Justin Herbert,interceptions,bovada,0.5,160.0,-215.0,1.0,2026_01_ARI_LAC,2026-09-09T22:34:07Z,graded,0.36041189931350115,0.13958810068649885,0.06715506715506714,1.6,0.46511627906976744
95c01d1bb797d6df14824b106c5a9130,Aaron Rodgers,interceptions,bovada,0.5,160.0,-215.0,0.0,2026_01_ATL_PIT,2026-09-09T22:34:53Z,graded,0.36041189931350115,0.13958810068649885,0.06715506715506714,1.6,0.46511627906976744
1edfa5ceaa1ad2cb57df1c1b908731f6,Jacoby Brissett,pass_tds,betrivers,1.5,160.0,-215.0,1.0,2026_01_ARI_LAC,2026-09-09T22:35:36Z,graded,0.36041189931350115,0.13958810068649885,0.06715506715506714,1.6,0.46511627906976744
7e09efed7e12c659b82740b67ce2f9a1,Josh Allen,pass_tds,betrivers,1.5,160.0,-215.0,2.0,2026_01_BUF_HOU,2026-09-09T22:35:35Z,graded,0.36041189931350115,0.13958810068649885,0.06715506715506714,1.6,0.46511627906976744
acc580d74344ea3b31bbcdd057fe6a9c,Kyle Juszczyk,receptions,bovada,1.5,160.0,-215.0,,2026_01_SF_LA,2026-09-09T22:35:39Z,no matching game/player result,0.36041189931350115,0.13958810068649885,0.06715506715506714,1.6,0.46511627906976744
ed6d24ff979f9c71979fead577b0b3f7,Joe Burrow,pass_tds,fanatics,1.5,-215.0,160.0,1.0,2026_01_TB_CIN,2026-09-09T22:35:02Z,graded,0.6395881006864989,0.13958810068649885,0.06715506715506714,0.46511627906976744,1.6
1edfa5ceaa1ad2cb57df1c1b908731f6,Justin Herbert,pass_tds,fanatics,2.5,160.0,-215.0,1.0,2026_01_ARI_LAC,2026-09-09T22:35:00Z,graded,0.36041189931350115,0.13958810068649885,0.06715506715506714,1.6,0.46511627906976744
1edfa5ceaa1ad2cb57df1c1b908731f6,Justin Herbert,interceptions,draftkings,0.5,162.0,-210.0,1.0,2026_01_ARI_LAC,2026-09-09T22:35:12Z,graded,0.3603813066728668,0.13961869332713323,0.05909874415168681,1.62,0.47619047619047616
1edfa5ceaa1ad2cb57df1c1b908731f6,Justin Herbert,interceptions,betonlineag,0.5,161.0,-213.0,1.0,2026_01_ARI_LAC,2026-09-09T22:35:12Z,graded,0.3602131356956257,0.13978686430437431,0.06365294456073345,1.61,0.4694835680751174
acc580d74344ea3b31bbcdd057fe6a9c,Demarcus Robinson,receptions,betonlineag,1.5,161.0,-213.0,2.0,2026_01_SF_LA,2026-09-09T22:35:41Z,graded,0.3602131356956257,0.13978686430437431,0.06365294456073345,1.61,0.4694835680751174
acc580d74344ea3b31bbcdd057fe6a9c,Kyle Juszczyk,receptions,betonlineag,1.5,161.0,-213.0,,2026_01_SF_LA,2026-09-09T22:35:41Z,no matching game/player result,0.3602131356956257,0.13978686430437431,0.06365294456073345,1.61,0.4694835680751174
c1d3fcec25aaeb06ebd2244d33d338e0,Jared Goff,interceptions,betmgm,0.5,160.0,-220.0,0.0,2026_01_NO_DET,2026-09-09T22:34:50Z,graded,0.3587443946188341,0.14125560538116588,0.07211538461538458,1.6,0.45454545454545453
c5d95f48a16849ab6bebc68fbbfcb74a,Malik Willis,pass_tds,betrivers,0.5,-220.0,160.0,0.0,2026_01_MIA_LV,2026-09-09T22:35:35Z,graded,0.641255605381166,0.141255605381166,0.07211538461538458,0.45454545454545453,1.6
c5d95f48a16849ab6bebc68fbbfcb74a,Malik Willis,pass_tds,fanduel,0.5,-220.0,162.0,0.0,2026_01_MIA_LV,2026-09-09T22:35:17Z,graded,0.64301651048639,0.14301651048638997,0.06917938931297707,0.45454545454545453,1.62
8c94552d022acec4a0458d70c19d3da9,Mack Hollins,receptions,fanduel,1.5,162.0,-220.0,4.0,2026_01_NE_SEA,2026-09-09T22:35:38Z,graded,0.35698348951361003,0.14301651048638997,0.06917938931297707,1.62,0.45454545454545453
acc580d74344ea3b31bbcdd057fe6a9c,Demarcus Robinson,receptions,fanduel,1.5,162.0,-220.0,2.0,2026_01_SF_LA,2026-09-09T22:35:37Z,graded,0.35698348951361003,0.14301651048638997,0.06917938931297707,1.62,0.45454545454545453
acc580d74344ea3b31bbcdd057fe6a9c,Kyle Juszczyk,receptions,fanduel,1.5,162.0,-220.0,,2026_01_SF_LA,2026-09-09T22:35:37Z,no matching game/player result,0.35698348951361003,0.14301651048638997,0.06917938931297707,1.62,0.45454545454545453
ed6d24ff979f9c71979fead577b0b3f7,Joe Burrow,pass_tds,fanduel,2.5,162.0,-220.0,1.0,2026_01_TB_CIN,2026-09-09T22:35:37Z,graded,0.35698348951361003,0.14301651048638997,0.06917938931297707,1.62,0.45454545454545453
ed6d24ff979f9c71979fead577b0b3f7,Joe Burrow,pass_tds,betonlineag,2.5,165.0,-217.0,1.0,2026_01_TB_CIN,2026-09-09T22:34:50Z,graded,0.3553612465668965,0.1446387534331035,0.06190107731682648,1.65,0.4608294930875576
95c01d1bb797d6df14824b106c5a9130,Aaron Rodgers,interceptions,betmgm,0.5,165.0,-220.0,0.0,2026_01_ATL_PIT,2026-09-09T22:34:49Z,graded,0.35437430786268,0.14562569213732002,0.06485849056603765,1.65,0.45454545454545453
c5d95f48a16849ab6bebc68fbbfcb74a,Malik Willis,pass_tds,bovada,0.5,-220.0,165.0,0.0,2026_01_MIA_LV,2026-09-09T22:35:16Z,graded,0.6456256921373201,0.14562569213732013,0.06485849056603765,0.45454545454545453,1.65
fc362aff0d889ec52d358307a70c32ed,Xavier Legette,receptions,fanduel,1.5,-225.0,164.0,0.0,2026_01_CHI_CAR,2026-09-09T22:35:22Z,graded,0.646354733405876,0.14635473340587601,0.07109557109557096,0.4444444444444444,1.64
8c94552d022acec4a0458d70c19d3da9,Elijah Arroyo,receptions,betmgm,1.5,165.0,-225.0,,2026_01_NE_SEA,2026-09-09T22:35:11Z,no matching game/player result,0.35278154681139756,0.14721845318860244,0.06966618287373016,1.65,0.4444444444444444
ed6d24ff979f9c71979fead577b0b3f7,Joe Burrow,pass_tds,betmgm,2.5,165.0,-225.0,1.0,2026_01_TB_CIN,2026-09-09T22:34:52Z,graded,0.35278154681139756,0.14721845318860244,0.06966618287373016,1.65,0.4444444444444444
c5d95f48a16849ab6bebc68fbbfcb74a,Malik Willis,pass_tds,betonlineag,0.5,-222.0,168.0,0.0,2026_01_MIA_LV,2026-09-09T22:35:35Z,graded,0.6488396440411794,0.14883964404117944,0.06257532214702888,0.45045045045045046,1.68
95c01d1bb797d6df14824b106c5a9130,DK Metcalf,receptions,fanatics,4.5,165.0,-235.0,4.0,2026_01_ATL_PIT,2026-09-09T22:35:46Z,graded,0.34977812581571394,0.15022187418428606,0.07885102787947051,1.65,0.425531914893617
1edfa5ceaa1ad2cb57df1c1b908731f6,Justin Herbert,pass_tds,fanduel,1.5,-230.0,168.0,1.0,2026_01_ARI_LAC,2026-09-09T22:35:40Z,graded,0.6513102282333052,0.1513102282333052,0.07010402532790594,0.43478260869565216,1.68
b6cfdcbafa61ce220ba87dc2d9b80c77,Derrick Henry,receptions,betonlineag,0.5,-227.0,170.0,1.0,2026_01_BAL_IND,2026-09-09T22:35:14Z,graded,0.6520906479412704,0.15209064794127036,0.06455997281685355,0.44052863436123346,1.7
c5d95f48a16849ab6bebc68fbbfcb74a,Malik Willis,pass_tds,draftkings,0.5,-222.0,172.0,0.0,2026_01_MIA_LV,2026-09-09T22:35:37Z,graded,0.6522077248768685,0.1522077248768685,0.057088052612349394,0.45045045045045046,1.72
ed6d24ff979f9c71979fead577b0b3f7,Joe Burrow,pass_tds,draftkings,1.5,-222.0,172.0,1.0,2026_01_TB_CIN,2026-09-09T22:35:35Z,graded,0.6522077248768685,0.1522077248768685,0.057088052612349394,0.45045045045045046,1.72
17885cb8dcade8f6c3bce14b2de805e8,Jayden Daniels,pass_tds,fanatics,0.5,-230.0,170.0,2.0,2026_01_WAS_PHI,2026-09-09T22:35:01Z,graded,0.6529968454258674,0.15299684542586744,0.06734006734006748,0.43478260869565216,1.7
c5d95f48a16849ab6bebc68fbbfcb74a,Malik Willis,pass_tds,fanatics,0.5,-230.0,170.0,0.0,2026_01_MIA_LV,2026-09-09T22:35:03Z,graded,0.6529968454258674,0.15299684542586744,0.06734006734006748,0.43478260869565216,1.7
ed6d24ff979f9c71979fead577b0b3f7,Joe Burrow,pass_tds,bovada,1.5,-230.0,170.0,1.0,2026_01_TB_CIN,2026-09-09T22:34:55Z,graded,0.6529968454258674,0.15299684542586744,0.06734006734006748,0.43478260869565216,1.7
7dddb296a42e7a41a774b24bd1709ce1,Cam Ward,pass_tds,fanatics,1.5,170.0,-230.0,1.0,2026_01_NYJ_TEN,2026-09-09T22:35:24Z,graded,0.34700315457413244,0.15299684542586756,0.06734006734006748,1.7,0.43478260869565216
1edfa5ceaa1ad2cb57df1c1b908731f6,Justin Herbert,pass_tds,betrivers,2.5,170.0,-235.0,1.0,2026_01_ARI_LAC,2026-09-09T22:35:36Z,graded,0.34553893759669935,0.15446106240330065,0.0718629076838031,1.7,0.425531914893617
b6cfdcbafa61ce220ba87dc2d9b80c77,Derrick Henry,receptions,fanduel,1.5,172.0,-235.0,1.0,2026_01_BAL_IND,2026-09-09T22:35:37Z,graded,0.3438718948881133,0.15612810511188668,0.0691395961369623,1.72,0.425531914893617
b6cfdcbafa61ce220ba87dc2d9b80c77,Derrick Henry,receptions,betmgm,1.5,175.0,-235.0,1.0,2026_01_BAL_IND,2026-09-09T22:34:24Z,graded,0.3414012738853503,0.1585987261146497,0.06512890094979662,1.75,0.425531914893617
95c01d1bb797d6df14824b106c5a9130,Tua Tagovailoa,pass_tds,betrivers,0.5,-245.0,175.0,,2026_01_ATL_PIT,2026-09-09T22:35:39Z,no matching game/player result,0.6613496932515337,0.1613496932515337,0.07378129117259569,0.40816326530612246,1.75
5ad8135dc2b5f27de0b777acd317855a,Adam Trautman,receptions,betonlineag,1.5,178.0,-238.0,2.0,2026_01_DEN_KC,2026-09-09T22:34:52Z,graded,0.33812172382057537,0.16187827617942463,0.06385424205014689,1.78,0.42016806722689076
7dddb296a42e7a41a774b24bd1709ce1,Cam Ward,pass_tds,betonlineag,1.5,178.0,-238.0,1.0,2026_01_NYJ_TEN,2026-09-09T22:34:56Z,graded,0.33812172382057537,0.16187827617942463,0.06385424205014689,1.78,0.42016806722689076
7dddb296a42e7a41a774b24bd1709ce1,Cam Ward,pass_tds,draftkings,1.5,180.0,-234.0,1.0,2026_01_NYJ_TEN,2026-09-09T22:34:59Z,graded,0.33764658309745255,0.16235341690254745,0.05774165953806665,1.8,0.42735042735042733
7dddb296a42e7a41a774b24bd1709ce1,Geno Smith,pass_tds,fanduel,0.5,-245.0,178.0,0.0,2026_01_NYJ_TEN,2026-09-09T22:35:39Z,graded,0.6637754604814345,0.16377546048143454,0.06985715775205925,0.40816326530612246,1.78
7dddb296a42e7a41a774b24bd1709ce1,Geno Smith,pass_tds,betrivers,0.5,-245.0,180.0,0.0,2026_01_NYJ_TEN,2026-09-09T22:35:12Z,graded,0.6653734238603297,0.16537342386032972,0.06728778467908914,0.40816326530612246,1.8
b6cfdcbafa61ce220ba87dc2d9b80c77,Derrick Henry,receptions,bovada,0.5,-245.0,180.0,1.0,2026_01_BAL_IND,2026-09-09T22:35:16Z,graded,0.6653734238603297,0.16537342386032972,0.06728778467908914,0.40816326530612246,1.8
5ad8135dc2b5f27de0b777acd317855a,Adam Trautman,receptions,bovada,1.5,180.0,-245.0,2.0,2026_01_DEN_KC,2026-09-09T22:34:54Z,graded,0.3346265761396702,0.16537342386032983,0.06728778467908914,1.8,0.40816326530612246
7dddb296a42e7a41a774b24bd1709ce1,Cam Ward,pass_tds,bovada,1.5,180.0,-245.0,1.0,2026_01_NYJ_TEN,2026-09-09T22:34:30Z,graded,0.3346265761396702,0.16537342386032983,0.06728778467908914,1.8,0.40816326530612246
b6cfdcbafa61ce220ba87dc2d9b80c77,Derrick Henry,receptions,draftkings,0.5,-237.0,183.0,1.0,2026_01_BAL_IND,2026-09-09T22:34:04Z,graded,0.6655783906084091,0.16557839060840907,0.05662098541485361,0.4219409282700422,1.83
5ad8135dc2b5f27de0b777acd317855a,Adam Trautman,receptions,draftkings,1.5,183.0,-237.0,2.0,2026_01_DEN_KC,2026-09-09T22:35:38Z,graded,0.3344216093915908,0.16557839060840918,0.05662098541485361,1.83,0.4219409282700422
8c94552d022acec4a0458d70c19d3da9,Elijah Arroyo,receptions,draftkings,0.5,-238.0,183.0,,2026_01_NE_SEA,2026-09-09T22:35:35Z,no matching game/player result,0.6658560215117543,0.16585602151175427,0.057498902293683596,0.42016806722689076,1.83
1edfa5ceaa1ad2cb57df1c1b908731f6,Justin Herbert,interceptions,betmgm,0.5,180.0,-250.0,1.0,2026_01_ARI_LAC,2026-09-09T22:35:11Z,graded,0.33333333333333337,0.16666666666666663,0.0714285714285714,1.8,0.4
17885cb8dcade8f6c3bce14b2de805e8,Jayden Daniels,pass_tds,betmgm,1.5,180.0,-250.0,2.0,2026_01_WAS_PHI,2026-09-09T22:34:50Z,graded,0.33333333333333337,0.16666666666666663,0.0714285714285714,1.8,0.4
5ad8135dc2b5f27de0b777acd317855a,Adam Trautman,receptions,betmgm,1.5,180.0,-250.0,2.0,2026_01_DEN_KC,2026-09-09T22:34:49Z,graded,0.33333333333333337,0.16666666666666663,0.0714285714285714,1.8,0.4
95c01d1bb797d6df14824b106c5a9130,Tua Tagovailoa,pass_tds,betmgm,1.5,180.0,-250.0,,2026_01_ATL_PIT,2026-09-09T22:34:49Z,no matching game/player result,0.33333333333333337,0.16666666666666663,0.0714285714285714,1.8,0.4
7dddb296a42e7a41a774b24bd1709ce1,Cam Ward,pass_tds,fanduel,1.5,182.0,-250.0,1.0,2026_01_NYJ_TEN,2026-09-09T22:35:39Z,graded,0.3317535545023697,0.1682464454976303,0.06889564336372844,1.82,0.4
17885cb8dcade8f6c3bce14b2de805e8,Jayden Daniels,pass_tds,fanduel,0.5,-250.0,182.0,2.0,2026_01_WAS_PHI,2026-09-09T22:35:16Z,graded,0.6682464454976303,0.16824644549763035,0.06889564336372844,0.4,1.82
8c94552d022acec4a0458d70c19d3da9,Elijah Arroyo,receptions,bovada,0.5,-250.0,185.0,,2026_01_NE_SEA,2026-09-09T22:34:55Z,no matching game/player result,0.6705882352941177,0.1705882352941177,0.06516290726817031,0.4,1.85
17885cb8dcade8f6c3bce14b2de805e8,Jayden Daniels,pass_tds,betrivers,0.5,-265.0,185.0,2.0,2026_01_WAS_PHI,2026-09-09T22:35:12Z,graded,0.6741798705646062,0.17417987056460615,0.07690459024273011,0.37735849056603776,1.85
5ad8135dc2b5f27de0b777acd317855a,Adam Trautman,receptions,fanduel,1.5,188.0,-260.0,2.0,2026_01_DEN_KC,2026-09-09T22:35:38Z,graded,0.3246753246753247,0.17532467532467533,0.06944444444444442,1.88,0.38461538461538464
17885cb8dcade8f6c3bce14b2de805e8,Jayden Daniels,pass_tds,betonlineag,0.5,-256.0,190.0,2.0,2026_01_WAS_PHI,2026-09-09T22:34:52Z,graded,0.6758922068463219,0.1758922068463219,0.06392870980240217,0.390625,1.9
95c01d1bb797d6df14824b106c5a9130,Tua Tagovailoa,pass_tds,betonlineag,1.5,190.0,-256.0,,2026_01_ATL_PIT,2026-09-09T22:35:15Z,no matching game/player result,0.3241077931536781,0.1758922068463219,0.06392870980240217,1.9,0.390625
17885cb8dcade8f6c3bce14b2de805e8,Jayden Daniels,pass_tds,draftkings,0.5,-250.0,192.0,2.0,2026_01_WAS_PHI,2026-09-09T22:33:41Z,graded,0.6759259259259259,0.17592592592592593,0.05675146771037176,0.4,1.92
17885cb8dcade8f6c3bce14b2de805e8,Jayden Daniels,pass_tds,bovada,0.5,-260.0,190.0,2.0,2026_01_WAS_PHI,2026-09-09T22:34:54Z,graded,0.6768402154398564,0.1768402154398564,0.06704980842911867,0.38461538461538464,1.9
7dddb296a42e7a41a774b24bd1709ce1,Cam Ward,pass_tds,betmgm,1.5,190.0,-275.0,1.0,2026_01_NYJ_TEN,2026-09-09T22:34:03Z,graded,0.3198294243070363,0.18017057569296369,0.07816091954022975,1.9,0.36363636363636365
7dddb296a42e7a41a774b24bd1709ce1,Geno Smith,pass_tds,betmgm,1.5,190.0,-275.0,0.0,2026_01_NYJ_TEN,2026-09-09T22:34:03Z,graded,0.3198294243070363,0.18017057569296369,0.07816091954022975,1.9,0.36363636363636365
7dddb296a42e7a41a774b24bd1709ce1,Geno Smith,pass_tds,betonlineag,1.5,195.0,-263.0,0.0,2026_01_NYJ_TEN,2026-09-09T22:34:56Z,graded,0.3187425912104316,0.18125740878956842,0.06350095718354565,1.95,0.38022813688212925
95c01d1bb797d6df14824b106c5a9130,Tua Tagovailoa,pass_tds,fanduel,1.5,194.0,-270.0,,2026_01_ATL_PIT,2026-09-09T22:35:14Z,no matching game/player result,0.31792404193160334,0.18207595806839666,0.06986578415149847,1.94,0.37037037037037035
95c01d1bb797d6df14824b106c5a9130,Tua Tagovailoa,pass_tds,draftkings,0.5,-258.0,198.0,,2026_01_ATL_PIT,2026-09-09T22:33:37Z,no matching game/player result,0.6822973980334387,0.1822973980334387,0.05624086086011015,0.3875968992248062,1.98
7dddb296a42e7a41a774b24bd1709ce1,Cam Ward,pass_tds,betrivers,1.5,200.0,-278.0,1.0,2026_01_NYJ_TEN,2026-09-09T22:35:12Z,graded,0.3118811881188118,0.18811881188118817,0.06878306878306883,2.0,0.3597122302158273
7dddb296a42e7a41a774b24bd1709ce1,Geno Smith,pass_tds,draftkings,1.5,206.0,-268.0,0.0,2026_01_NYJ_TEN,2026-09-09T22:34:59Z,graded,0.3097434516194196,0.19025654838058043,0.0550582551861325,2.06,0.373134328358209
7dddb296a42e7a41a774b24bd1709ce1,Geno Smith,pass_tds,bovada,1.5,205.0,-280.0,0.0,2026_01_NYJ_TEN,2026-09-09T22:34:30Z,graded,0.3079416531604538,0.1920583468395462,0.06471095772217428,2.05,0.35714285714285715
