game_id,game,player,bookmaker,book_label,market_std,market_label,name,point,price,mu,model_prob,push_prob,mkt_prob,prob_devig,consensus_prob,consensus_line,book_count,edge_bps,ev_per_100,model_status,last_update,commence_time,kick_et,home_team,away_team,projection_diagnostics,player_position
259b5df9aa0d10257f56de78523495e0,Tampa Bay Buccaneers @ Dallas Cowboys,Dak Prescott,draftkings,DraftKings,pass_attempts,Passing attempts,over,33.5,-121,35.9317886758,0.5625,0.0,0.5475113122,0.5155112508,0.5203045685,33.5,3,149.8868778281,2.7376033058,Calibration fitted; not prospectively validated,2026-10-07T16:50:50Z,2026-10-09T00:15:00Z,Thu 8:15 PM ET,Dallas Cowboys,Tampa Bay Buccaneers,"{""version"":""nfl-projection-trace-1"",""current_sample"":[{""season"":2026,""week"":1,""opponent_team"":""NYG"",""attempts"":34,""completions"":22,""passing_yards"":175},{""season"":2026,""week"":2,""opponent_team"":""WAS"",""attempts"":31,""completions"":26,""passing_yards"":279},{""season"":2026,""week"":3,""opponent_team"":""BAL"",""attempts"":40,""completions"":25,""passing_yards"":276},{""season"":2026,""week"":4,""opponent_team"":""HOU"",""attempts"":45,""completions"":32,""passing_yards"":335}],""recent_mean_weight"":0.5,""yards_per_completion_recent_weight"":0.5,""career_baselines"":{""attempts"":{""mean"":33.100175,""games"":79,""position_pool_mean"":27.838228},""yards_per_completion"":{""mean"":11.049595,""games"":79,""position_pool_mean"":10.96096}},""attempts"":37.52792,""completion_rate"":0.699949,""yards_per_completion"":10.79289,""limitations"":[""Appearance totals do not distinguish partial games from normal starter workloads."",""Completion rate uses recent games without career shrinkage."",""Variance omits completion-rate uncertainty and dependence among components.""],""mean_stages"":{""before_adjustments"":37.52792,""after_defense"":35.931789,""after_venue"":35.931789,""final"":35.931789},""sigma"":8.267169,""opponent"":{""team"":""TB"",""kind"":""pass"",""rating"":1.141773,""rank"":8,""of"":32,""allowed"":214.25,""league"":234.585938,""games"":4,""season"":2026},""home"":true,""versus"":{""team"":""TB"",""values"":[58.0,29.0,33.0],""home"":[false,true,false],""since"":""2021 Wk 1"",""note"":""History only, not a model input. In our backtests, results against one opponent did not predict the next meeting beyond a player\u2019s overall form.""}}",QB
259b5df9aa0d10257f56de78523495e0,Tampa Bay Buccaneers @ Dallas Cowboys,Dak Prescott,draftkings,DraftKings,pass_completions,Passing completions,under,22.5,105,25.150402918,0.5,0.0,0.487804878,0.4599960684,0.4599960684,22.5,3,121.9512195122,2.5,Calibration fitted; not prospectively validated,2026-10-07T16:50:50Z,2026-10-09T00:15:00Z,Thu 8:15 PM ET,Dallas Cowboys,Tampa Bay Buccaneers,"{""version"":""nfl-projection-trace-1"",""current_sample"":[{""season"":2026,""week"":1,""opponent_team"":""NYG"",""attempts"":34,""completions"":22,""passing_yards"":175},{""season"":2026,""week"":2,""opponent_team"":""WAS"",""attempts"":31,""completions"":26,""passing_yards"":279},{""season"":2026,""week"":3,""opponent_team"":""BAL"",""attempts"":40,""completions"":25,""passing_yards"":276},{""season"":2026,""week"":4,""opponent_team"":""HOU"",""attempts"":45,""completions"":32,""passing_yards"":335}],""recent_mean_weight"":0.5,""yards_per_completion_recent_weight"":0.5,""career_baselines"":{""attempts"":{""mean"":33.100175,""games"":79,""position_pool_mean"":27.838228},""yards_per_completion"":{""mean"":11.049595,""games"":79,""position_pool_mean"":10.96096}},""attempts"":37.52792,""completion_rate"":0.699949,""yards_per_completion"":10.79289,""limitations"":[""Appearance totals do not distinguish partial games from normal starter workloads."",""Completion rate uses recent games without career shrinkage."",""Variance omits completion-rate uncertainty and dependence among components.""],""mean_stages"":{""before_adjustments"":26.267613,""after_defense"":25.150403,""after_venue"":25.150403,""final"":25.150403},""sigma"":5.786593,""opponent"":{""team"":""TB"",""kind"":""pass"",""rating"":1.141773,""rank"":8,""of"":32,""allowed"":214.25,""league"":234.585938,""games"":4,""season"":2026},""home"":true,""versus"":{""team"":""TB"",""values"":[42.0,14.0,25.0],""home"":[false,true,false],""since"":""2021 Wk 1"",""note"":""History only, not a model input. In our backtests, results against one opponent did not predict the next meeting beyond a player\u2019s overall form.""}}",QB
259b5df9aa0d10257f56de78523495e0,Tampa Bay Buccaneers @ Dallas Cowboys,Jalon Daniels,draftkings,DraftKings,pass_completions,Passing completions,under,17.5,-116,12.9136787111,0.5420638538,0.0,0.537037037,0.506234414,0.5081779357,17.5,4,50.2681674843,0.9360279463,Calibration fitted; not prospectively validated,2026-10-07T16:50:50Z,2026-10-09T00:15:00Z,Thu 8:15 PM ET,Dallas Cowboys,Tampa Bay Buccaneers,"{""version"":""nfl-projection-trace-1"",""current_sample"":[{""season"":2026,""week"":3,""opponent_team"":""MIN"",""attempts"":3,""completions"":0,""passing_yards"":0},{""season"":2026,""week"":4,""opponent_team"":""GB"",""attempts"":27,""completions"":19,""passing_yards"":148}],""recent_mean_weight"":0.333333,""yards_per_completion_recent_weight"":0.2,""career_baselines"":{""attempts"":{""mean"":27.838228,""games"":0,""position_pool_mean"":27.838228},""yards_per_completion"":{""mean"":10.96096,""games"":0,""position_pool_mean"":10.96096}},""attempts"":25.273105,""completion_rate"":0.502646,""yards_per_completion"":10.326663,""limitations"":[""Appearance totals do not distinguish partial games from normal starter workloads."",""Completion rate uses recent games without career shrinkage."",""Variance omits completion-rate uncertainty and dependence among components.""],""mean_stages"":{""before_adjustments"":12.703412,""after_defense"":12.913679,""after_venue"":12.913679,""final"":12.913679},""sigma"":6.471447,""opponent"":{""team"":""DAL"",""kind"":""pass"",""rating"":0.944827,""rank"":20,""of"":32,""allowed"":242.5,""league"":234.585938,""games"":4,""season"":2026},""home"":false,""versus"":null}",QB
259b5df9aa0d10257f56de78523495e0,Tampa Bay Buccaneers @ Dallas Cowboys,Dak Prescott,draftkings,DraftKings,pass_tds,Passing touchdowns,under,1.5,169,2.092,0.5,0.0,0.3717472119,0.3516065545,0.3493048545,2.5,2,1282.5278810409,34.5,Calibration fitted; not prospectively validated,2026-10-07T16:50:50Z,2026-10-09T00:15:00Z,Thu 8:15 PM ET,Dallas Cowboys,Tampa Bay Buccaneers,,QB
259b5df9aa0d10257f56de78523495e0,Tampa Bay Buccaneers @ Dallas Cowboys,Jalon Daniels,draftkings,DraftKings,pass_tds,Passing touchdowns,under,0.5,184,0.477,0.5,0.0,0.3521126761,0.3330844207,0.3330844207,0.5,7,1478.8732394366,42.0,Calibration fitted; not prospectively validated,2026-10-07T16:50:50Z,2026-10-09T00:15:00Z,Thu 8:15 PM ET,Dallas Cowboys,Tampa Bay Buccaneers,,QB
259b5df9aa0d10257f56de78523495e0,Tampa Bay Buccaneers @ Dallas Cowboys,Jalon Daniels,fanduel,FanDuel,pass_tds,Passing touchdowns,under,0.5,182,0.477,0.5,0.0,0.3546099291,0.3317535545,0.3330844207,0.5,7,1453.9007092199,41.0,Calibration fitted; not prospectively validated,2026-10-07T16:51:22Z,2026-10-09T00:15:00Z,Thu 8:15 PM ET,Dallas Cowboys,Tampa Bay Buccaneers,,QB
259b5df9aa0d10257f56de78523495e0,Tampa Bay Buccaneers @ Dallas Cowboys,Dak Prescott,fanduel,FanDuel,pass_tds,Passing touchdowns,over,2.5,154,2.092,0.5,0.0,0.3937007874,0.3675598767,0.3594787652,2.5,4,1062.9921259843,27.0,Calibration fitted; not prospectively validated,2026-10-07T16:51:22Z,2026-10-09T00:15:00Z,Thu 8:15 PM ET,Dallas Cowboys,Tampa Bay Buccaneers,,QB
259b5df9aa0d10257f56de78523495e0,Tampa Bay Buccaneers @ Dallas Cowboys,Dak Prescott,betonlineag,BetOnline.ag,pass_attempts,Passing attempts,over,33.5,-128,35.9317886758,0.5625,0.0,0.5614035088,0.5276888998,0.5203045685,33.5,3,10.9649122807,0.1953125,Calibration fitted; not prospectively validated,2026-10-07T16:51:24Z,2026-10-09T00:15:00Z,Thu 8:15 PM ET,Dallas Cowboys,Tampa Bay Buccaneers,"{""version"":""nfl-projection-trace-1"",""current_sample"":[{""season"":2026,""week"":1,""opponent_team"":""NYG"",""attempts"":34,""completions"":22,""passing_yards"":175},{""season"":2026,""week"":2,""opponent_team"":""WAS"",""attempts"":31,""completions"":26,""passing_yards"":279},{""season"":2026,""week"":3,""opponent_team"":""BAL"",""attempts"":40,""completions"":25,""passing_yards"":276},{""season"":2026,""week"":4,""opponent_team"":""HOU"",""attempts"":45,""completions"":32,""passing_yards"":335}],""recent_mean_weight"":0.5,""yards_per_completion_recent_weight"":0.5,""career_baselines"":{""attempts"":{""mean"":33.100175,""games"":79,""position_pool_mean"":27.838228},""yards_per_completion"":{""mean"":11.049595,""games"":79,""position_pool_mean"":10.96096}},""attempts"":37.52792,""completion_rate"":0.699949,""yards_per_completion"":10.79289,""limitations"":[""Appearance totals do not distinguish partial games from normal starter workloads."",""Completion rate uses recent games without career shrinkage."",""Variance omits completion-rate uncertainty and dependence among components.""],""mean_stages"":{""before_adjustments"":37.52792,""after_defense"":35.931789,""after_venue"":35.931789,""final"":35.931789},""sigma"":8.267169,""opponent"":{""team"":""TB"",""kind"":""pass"",""rating"":1.141773,""rank"":8,""of"":32,""allowed"":214.25,""league"":234.585938,""games"":4,""season"":2026},""home"":true,""versus"":{""team"":""TB"",""values"":[58.0,29.0,33.0],""home"":[false,true,false],""since"":""2021 Wk 1"",""note"":""History only, not a model input. In our backtests, results against one opponent did not predict the next meeting beyond a player\u2019s overall form.""}}",QB
259b5df9aa0d10257f56de78523495e0,Tampa Bay Buccaneers @ Dallas Cowboys,Jalon Daniels,betonlineag,BetOnline.ag,pass_completions,Passing completions,under,17.5,-111,12.9136787111,0.5420638538,0.0,0.5260663507,0.4948402543,0.5081779357,17.5,4,159.9750307457,3.0409668007,Calibration fitted; not prospectively validated,2026-10-07T16:51:24Z,2026-10-09T00:15:00Z,Thu 8:15 PM ET,Dallas Cowboys,Tampa Bay Buccaneers,"{""version"":""nfl-projection-trace-1"",""current_sample"":[{""season"":2026,""week"":3,""opponent_team"":""MIN"",""attempts"":3,""completions"":0,""passing_yards"":0},{""season"":2026,""week"":4,""opponent_team"":""GB"",""attempts"":27,""completions"":19,""passing_yards"":148}],""recent_mean_weight"":0.333333,""yards_per_completion_recent_weight"":0.2,""career_baselines"":{""attempts"":{""mean"":27.838228,""games"":0,""position_pool_mean"":27.838228},""yards_per_completion"":{""mean"":10.96096,""games"":0,""position_pool_mean"":10.96096}},""attempts"":25.273105,""completion_rate"":0.502646,""yards_per_completion"":10.326663,""limitations"":[""Appearance totals do not distinguish partial games from normal starter workloads."",""Completion rate uses recent games without career shrinkage."",""Variance omits completion-rate uncertainty and dependence among components.""],""mean_stages"":{""before_adjustments"":12.703412,""after_defense"":12.913679,""after_venue"":12.913679,""final"":12.913679},""sigma"":6.471447,""opponent"":{""team"":""DAL"",""kind"":""pass"",""rating"":0.944827,""rank"":20,""of"":32,""allowed"":242.5,""league"":234.585938,""games"":4,""season"":2026},""home"":false,""versus"":null}",QB
259b5df9aa0d10257f56de78523495e0,Tampa Bay Buccaneers @ Dallas Cowboys,Dak Prescott,betonlineag,BetOnline.ag,pass_completions,Passing completions,under,22.5,104,25.150402918,0.5,0.0,0.4901960784,0.4604231975,0.4599960684,22.5,3,98.0392156863,2.0,Calibration fitted; not prospectively validated,2026-10-07T16:51:24Z,2026-10-09T00:15:00Z,Thu 8:15 PM ET,Dallas Cowboys,Tampa Bay Buccaneers,"{""version"":""nfl-projection-trace-1"",""current_sample"":[{""season"":2026,""week"":1,""opponent_team"":""NYG"",""attempts"":34,""completions"":22,""passing_yards"":175},{""season"":2026,""week"":2,""opponent_team"":""WAS"",""attempts"":31,""completions"":26,""passing_yards"":279},{""season"":2026,""week"":3,""opponent_team"":""BAL"",""attempts"":40,""completions"":25,""passing_yards"":276},{""season"":2026,""week"":4,""opponent_team"":""HOU"",""attempts"":45,""completions"":32,""passing_yards"":335}],""recent_mean_weight"":0.5,""yards_per_completion_recent_weight"":0.5,""career_baselines"":{""attempts"":{""mean"":33.100175,""games"":79,""position_pool_mean"":27.838228},""yards_per_completion"":{""mean"":11.049595,""games"":79,""position_pool_mean"":10.96096}},""attempts"":37.52792,""completion_rate"":0.699949,""yards_per_completion"":10.79289,""limitations"":[""Appearance totals do not distinguish partial games from normal starter workloads."",""Completion rate uses recent games without career shrinkage."",""Variance omits completion-rate uncertainty and dependence among components.""],""mean_stages"":{""before_adjustments"":26.267613,""after_defense"":25.150403,""after_venue"":25.150403,""final"":25.150403},""sigma"":5.786593,""opponent"":{""team"":""TB"",""kind"":""pass"",""rating"":1.141773,""rank"":8,""of"":32,""allowed"":214.25,""league"":234.585938,""games"":4,""season"":2026},""home"":true,""versus"":{""team"":""TB"",""values"":[42.0,14.0,25.0],""home"":[false,true,false],""since"":""2021 Wk 1"",""note"":""History only, not a model input. In our backtests, results against one opponent did not predict the next meeting beyond a player\u2019s overall form.""}}",QB
259b5df9aa0d10257f56de78523495e0,Tampa Bay Buccaneers @ Dallas Cowboys,Jalon Daniels,betonlineag,BetOnline.ag,pass_tds,Passing touchdowns,under,0.5,184,0.477,0.5,0.0,0.3521126761,0.3301886792,0.3330844207,0.5,7,1478.8732394366,42.0,Calibration fitted; not prospectively validated,2026-10-07T16:51:24Z,2026-10-09T00:15:00Z,Thu 8:15 PM ET,Dallas Cowboys,Tampa Bay Buccaneers,,QB
259b5df9aa0d10257f56de78523495e0,Tampa Bay Buccaneers @ Dallas Cowboys,Dak Prescott,betonlineag,BetOnline.ag,pass_tds,Passing touchdowns,over,2.5,161,2.092,0.5,0.0,0.3831417625,0.3602131357,0.3594787652,2.5,4,1168.5823754789,30.5,Calibration fitted; not prospectively validated,2026-10-07T16:51:24Z,2026-10-09T00:15:00Z,Thu 8:15 PM ET,Dallas Cowboys,Tampa Bay Buccaneers,,QB
259b5df9aa0d10257f56de78523495e0,Tampa Bay Buccaneers @ Dallas Cowboys,Dak Prescott,betrivers,BetRivers,pass_tds,Passing touchdowns,over,2.5,165,2.092,0.5,0.0,0.3773584906,0.3527815468,0.3594787652,2.5,4,1226.4150943396,32.5,Calibration fitted; not prospectively validated,2026-10-07T16:51:22Z,2026-10-09T00:15:00Z,Thu 8:15 PM ET,Dallas Cowboys,Tampa Bay Buccaneers,,QB
259b5df9aa0d10257f56de78523495e0,Tampa Bay Buccaneers @ Dallas Cowboys,Jalon Daniels,betrivers,BetRivers,pass_tds,Passing touchdowns,under,0.5,175,0.477,0.5,0.0,0.3636363636,0.34,0.3330844207,0.5,7,1363.6363636364,37.5,Calibration fitted; not prospectively validated,2026-10-07T16:51:22Z,2026-10-09T00:15:00Z,Thu 8:15 PM ET,Dallas Cowboys,Tampa Bay Buccaneers,,QB
259b5df9aa0d10257f56de78523495e0,Tampa Bay Buccaneers @ Dallas Cowboys,Jalon Daniels,betmgm,BetMGM,pass_tds,Passing touchdowns,under,0.5,175,0.477,0.5,0.0,0.3636363636,0.3414012739,0.3330844207,0.5,7,1363.6363636364,37.5,Calibration fitted; not prospectively validated,2026-10-07T16:51:44Z,2026-10-09T00:15:00Z,Thu 8:15 PM ET,Dallas Cowboys,Tampa Bay Buccaneers,,QB
259b5df9aa0d10257f56de78523495e0,Tampa Bay Buccaneers @ Dallas Cowboys,Dak Prescott,betmgm,BetMGM,pass_tds,Passing touchdowns,over,2.5,160,2.092,0.5,0.0,0.3846153846,0.3587443946,0.3594787652,2.5,4,1153.8461538462,30.0,Calibration fitted; not prospectively validated,2026-10-07T16:51:44Z,2026-10-09T00:15:00Z,Thu 8:15 PM ET,Dallas Cowboys,Tampa Bay Buccaneers,,QB
259b5df9aa0d10257f56de78523495e0,Tampa Bay Buccaneers @ Dallas Cowboys,Jalon Daniels,fanatics,Fanatics,pass_tds,Passing touchdowns,under,0.5,175,0.477,0.5,0.0,0.3636363636,0.3414012739,0.3330844207,0.5,7,1363.6363636364,37.5,Calibration fitted; not prospectively validated,2026-10-07T16:51:01Z,2026-10-09T00:15:00Z,Thu 8:15 PM ET,Dallas Cowboys,Tampa Bay Buccaneers,,QB
259b5df9aa0d10257f56de78523495e0,Tampa Bay Buccaneers @ Dallas Cowboys,Dak Prescott,bovada,Bovada,pass_attempts,Passing attempts,over,33.5,-125,35.9317886758,0.5625,0.0,0.5555555556,0.5203045685,0.5203045685,33.5,3,69.4444444444,1.25,Calibration fitted; not prospectively validated,2026-10-07T16:49:47Z,2026-10-09T00:15:00Z,Thu 8:15 PM ET,Dallas Cowboys,Tampa Bay Buccaneers,"{""version"":""nfl-projection-trace-1"",""current_sample"":[{""season"":2026,""week"":1,""opponent_team"":""NYG"",""attempts"":34,""completions"":22,""passing_yards"":175},{""season"":2026,""week"":2,""opponent_team"":""WAS"",""attempts"":31,""completions"":26,""passing_yards"":279},{""season"":2026,""week"":3,""opponent_team"":""BAL"",""attempts"":40,""completions"":25,""passing_yards"":276},{""season"":2026,""week"":4,""opponent_team"":""HOU"",""attempts"":45,""completions"":32,""passing_yards"":335}],""recent_mean_weight"":0.5,""yards_per_completion_recent_weight"":0.5,""career_baselines"":{""attempts"":{""mean"":33.100175,""games"":79,""position_pool_mean"":27.838228},""yards_per_completion"":{""mean"":11.049595,""games"":79,""position_pool_mean"":10.96096}},""attempts"":37.52792,""completion_rate"":0.699949,""yards_per_completion"":10.79289,""limitations"":[""Appearance totals do not distinguish partial games from normal starter workloads."",""Completion rate uses recent games without career shrinkage."",""Variance omits completion-rate uncertainty and dependence among components.""],""mean_stages"":{""before_adjustments"":37.52792,""after_defense"":35.931789,""after_venue"":35.931789,""final"":35.931789},""sigma"":8.267169,""opponent"":{""team"":""TB"",""kind"":""pass"",""rating"":1.141773,""rank"":8,""of"":32,""allowed"":214.25,""league"":234.585938,""games"":4,""season"":2026},""home"":true,""versus"":{""team"":""TB"",""values"":[58.0,29.0,33.0],""home"":[false,true,false],""since"":""2021 Wk 1"",""note"":""History only, not a model input. In our backtests, results against one opponent did not predict the next meeting beyond a player\u2019s overall form.""}}",QB
259b5df9aa0d10257f56de78523495e0,Tampa Bay Buccaneers @ Dallas Cowboys,Dak Prescott,bovada,Bovada,pass_completions,Passing completions,under,22.5,105,25.150402918,0.5,0.0,0.487804878,0.4592085979,0.4599960684,22.5,3,121.9512195122,2.5,Calibration fitted; not prospectively validated,2026-10-07T16:49:47Z,2026-10-09T00:15:00Z,Thu 8:15 PM ET,Dallas Cowboys,Tampa Bay Buccaneers,"{""version"":""nfl-projection-trace-1"",""current_sample"":[{""season"":2026,""week"":1,""opponent_team"":""NYG"",""attempts"":34,""completions"":22,""passing_yards"":175},{""season"":2026,""week"":2,""opponent_team"":""WAS"",""attempts"":31,""completions"":26,""passing_yards"":279},{""season"":2026,""week"":3,""opponent_team"":""BAL"",""attempts"":40,""completions"":25,""passing_yards"":276},{""season"":2026,""week"":4,""opponent_team"":""HOU"",""attempts"":45,""completions"":32,""passing_yards"":335}],""recent_mean_weight"":0.5,""yards_per_completion_recent_weight"":0.5,""career_baselines"":{""attempts"":{""mean"":33.100175,""games"":79,""position_pool_mean"":27.838228},""yards_per_completion"":{""mean"":11.049595,""games"":79,""position_pool_mean"":10.96096}},""attempts"":37.52792,""completion_rate"":0.699949,""yards_per_completion"":10.79289,""limitations"":[""Appearance totals do not distinguish partial games from normal starter workloads."",""Completion rate uses recent games without career shrinkage."",""Variance omits completion-rate uncertainty and dependence among components.""],""mean_stages"":{""before_adjustments"":26.267613,""after_defense"":25.150403,""after_venue"":25.150403,""final"":25.150403},""sigma"":5.786593,""opponent"":{""team"":""TB"",""kind"":""pass"",""rating"":1.141773,""rank"":8,""of"":32,""allowed"":214.25,""league"":234.585938,""games"":4,""season"":2026},""home"":true,""versus"":{""team"":""TB"",""values"":[42.0,14.0,25.0],""home"":[false,true,false],""since"":""2021 Wk 1"",""note"":""History only, not a model input. In our backtests, results against one opponent did not predict the next meeting beyond a player\u2019s overall form.""}}",QB
259b5df9aa0d10257f56de78523495e0,Tampa Bay Buccaneers @ Dallas Cowboys,Dak Prescott,bovada,Bovada,pass_tds,Passing touchdowns,under,1.5,170,2.092,0.5,0.0,0.3703703704,0.3470031546,0.3493048545,2.5,2,1296.2962962963,35.0,Calibration fitted; not prospectively validated,2026-10-07T16:49:47Z,2026-10-09T00:15:00Z,Thu 8:15 PM ET,Dallas Cowboys,Tampa Bay Buccaneers,,QB
259b5df9aa0d10257f56de78523495e0,Tampa Bay Buccaneers @ Dallas Cowboys,Jalon Daniels,bovada,Bovada,pass_tds,Passing touchdowns,under,0.5,185,0.477,0.5,0.0,0.350877193,0.3294117647,0.3330844207,0.5,7,1491.2280701754,42.5,Calibration fitted; not prospectively validated,2026-10-07T16:49:47Z,2026-10-09T00:15:00Z,Thu 8:15 PM ET,Dallas Cowboys,Tampa Bay Buccaneers,,QB
259b5df9aa0d10257f56de78523495e0,Tampa Bay Buccaneers @ Dallas Cowboys,CeeDee Lamb,draftkings,DraftKings,receptions,Receptions,over,6.5,107,9.5431810521,0.5789473684,0.0,0.4830917874,0.4560210233,0.4557144965,6.5,4,958.5558098144,19.8421052632,Calibration fitted; not prospectively validated,2026-10-07T16:50:50Z,2026-10-09T00:15:00Z,Thu 8:15 PM ET,Dallas Cowboys,Tampa Bay Buccaneers,"{""version"":""nfl-projection-trace-1"",""family"":""receive"",""current_sample"":[{""season"":2026,""week"":1,""opponent_team"":""NYG"",""targets"":8,""receptions"":5,""receiving_yards"":44},{""season"":2026,""week"":2,""opponent_team"":""WAS"",""targets"":9,""receptions"":8,""receiving_yards"":153},{""season"":2026,""week"":3,""opponent_team"":""BAL"",""targets"":8,""receptions"":7,""receiving_yards"":112},{""season"":2026,""week"":4,""opponent_team"":""HOU"",""targets"":21,""receptions"":17,""receiving_yards"":189}],""recent_mean_weight"":0.5,""targets"":11.979951,""catch_rate"":0.826198,""yards_per_reception"":13.099518,""mean_stages"":{""before_adjustments"":9.897815,""after_defense"":9.476843,""after_venue"":9.543181,""final"":9.543181},""sigma"":3.640663,""opponent"":{""team"":""TB"",""kind"":""pass"",""rating"":1.141773,""rank"":8,""of"":32,""allowed"":214.25,""league"":234.585938,""games"":4,""season"":2026},""home"":true,""versus"":{""team"":""TB"",""values"":[7.0,2.0,4.0,7.0],""home"":[false,true,false,true],""since"":""2021 Wk 1"",""note"":""History only, not a model input. In our backtests, results against one opponent did not predict the next meeting beyond a player\u2019s overall form.""}}",WR
259b5df9aa0d10257f56de78523495e0,Tampa Bay Buccaneers @ Dallas Cowboys,George Pickens,draftkings,DraftKings,receptions,Receptions,under,4.5,-113,3.6765304794,0.5475728155,0.0,0.5305164319,0.5,0.5,4.5,5,170.563836091,3.2150528396,Calibration fitted; not prospectively validated,2026-10-07T16:50:50Z,2026-10-09T00:15:00Z,Thu 8:15 PM ET,Dallas Cowboys,Tampa Bay Buccaneers,"{""version"":""nfl-projection-trace-1"",""family"":""receive"",""current_sample"":[{""season"":2026,""week"":1,""opponent_team"":""NYG"",""targets"":6,""receptions"":3,""receiving_yards"":28},{""season"":2026,""week"":2,""opponent_team"":""WAS"",""targets"":8,""receptions"":6,""receiving_yards"":40},{""season"":2026,""week"":3,""opponent_team"":""BAL"",""targets"":11,""receptions"":7,""receiving_yards"":82},{""season"":2026,""week"":4,""opponent_team"":""HOU"",""targets"":3,""receptions"":2,""receiving_yards"":75}],""recent_mean_weight"":0.5,""targets"":5.77012,""catch_rate"":0.660845,""yards_per_reception"":18.0,""mean_stages"":{""before_adjustments"":3.813154,""after_defense"":3.650974,""after_venue"":3.67653,""final"":3.67653},""sigma"":2.085448,""opponent"":{""team"":""TB"",""kind"":""pass"",""rating"":1.141773,""rank"":8,""of"":32,""allowed"":214.25,""league"":234.585938,""games"":4,""season"":2026},""home"":true,""versus"":{""team"":""TB"",""values"":[3.0],""home"":[true],""since"":""2022 Wk 6"",""note"":""History only, not a model input. In our backtests, results against one opponent did not predict the next meeting beyond a player\u2019s overall form.""}}",WR
259b5df9aa0d10257f56de78523495e0,Tampa Bay Buccaneers @ Dallas Cowboys,Jake Ferguson,draftkings,DraftKings,receptions,Receptions,under,3.5,-117,3.1758499856,0.5420560748,0.0,0.5391705069,0.5083149711,0.5101214575,3.5,5,28.8556785391,0.5351865165,Calibration fitted; not prospectively validated,2026-10-07T16:50:50Z,2026-10-09T00:15:00Z,Thu 8:15 PM ET,Dallas Cowboys,Tampa Bay Buccaneers,"{""version"":""nfl-projection-trace-1"",""family"":""receive"",""current_sample"":[{""season"":2026,""week"":1,""opponent_team"":""NYG"",""targets"":2,""receptions"":2,""receiving_yards"":6},{""season"":2026,""week"":2,""opponent_team"":""WAS"",""targets"":4,""receptions"":4,""receiving_yards"":43},{""season"":2026,""week"":3,""opponent_team"":""BAL"",""targets"":5,""receptions"":3,""receiving_yards"":23},{""season"":2026,""week"":4,""opponent_team"":""HOU"",""targets"":4,""receptions"":3,""receiving_yards"":11}],""recent_mean_weight"":0.5,""targets"":4.406294,""catch_rate"":0.747537,""yards_per_reception"":7.387549,""mean_stages"":{""before_adjustments"":3.293868,""after_defense"":3.153774,""after_venue"":3.17585,""final"":3.17585},""sigma"":1.650714,""opponent"":{""team"":""TB"",""kind"":""pass"",""rating"":1.141773,""rank"":8,""of"":32,""allowed"":214.25,""league"":234.585938,""games"":4,""season"":2026},""home"":true,""versus"":{""team"":""TB"",""values"":[1.0,6.0],""home"":[false,true],""since"":""2022 playoffs"",""note"":""History only, not a model input. In our backtests, results against one opponent did not predict the next meeting beyond a player\u2019s overall form.""}}",TE
259b5df9aa0d10257f56de78523495e0,Tampa Bay Buccaneers @ Dallas Cowboys,Chris Godwin,draftkings,DraftKings,receptions,Receptions,over,3.5,-106,5.3027223207,0.5475728155,0.0,0.5145631068,0.4854288093,0.4898785425,3.5,5,330.0970873786,6.4150943396,Calibration fitted; not prospectively validated,2026-10-07T16:50:50Z,2026-10-09T00:15:00Z,Thu 8:15 PM ET,Dallas Cowboys,Tampa Bay Buccaneers,"{""version"":""nfl-projection-trace-1"",""family"":""receive"",""current_sample"":[{""season"":2026,""week"":1,""opponent_team"":""CIN"",""targets"":4,""receptions"":4,""receiving_yards"":40},{""season"":2026,""week"":2,""opponent_team"":""CLE"",""targets"":3,""receptions"":3,""receiving_yards"":46},{""season"":2026,""week"":3,""opponent_team"":""MIN"",""targets"":4,""receptions"":3,""receiving_yards"":25},{""season"":2026,""week"":4,""opponent_team"":""GB"",""targets"":7,""receptions"":6,""receiving_yards"":31}],""recent_mean_weight"":0.5,""targets"":6.176856,""catch_rate"":0.850457,""yards_per_reception"":9.456595,""mean_stages"":{""before_adjustments"":5.253153,""after_defense"":5.340103,""after_venue"":5.302722,""final"":5.302722},""sigma"":2.275392,""opponent"":{""team"":""DAL"",""kind"":""pass"",""rating"":0.944827,""rank"":20,""of"":32,""allowed"":242.5,""league"":234.585938,""games"":4,""season"":2026},""home"":false,""versus"":{""team"":""DAL"",""values"":[9.0,3.0,10.0],""home"":[true,false,true],""since"":""2021 Wk 1"",""note"":""History only, not a model input. In our backtests, results against one opponent did not predict the next meeting beyond a player\u2019s overall form.""}}",WR
259b5df9aa0d10257f56de78523495e0,Tampa Bay Buccaneers @ Dallas Cowboys,Ryan Flournoy,draftkings,DraftKings,receptions,Receptions,over,3.5,125,3.0262702346,0.4524271845,0.0,0.4444444444,0.4193548387,0.4212856418,3.5,4,79.8274002158,1.7961165049,Calibration fitted; not prospectively validated,2026-10-07T16:50:50Z,2026-10-09T00:15:00Z,Thu 8:15 PM ET,Dallas Cowboys,Tampa Bay Buccaneers,"{""version"":""nfl-projection-trace-1"",""family"":""receive"",""current_sample"":[{""season"":2026,""week"":1,""opponent_team"":""NYG"",""targets"":4,""receptions"":2,""receiving_yards"":22},{""season"":2026,""week"":2,""opponent_team"":""WAS"",""targets"":6,""receptions"":5,""receiving_yards"":23},{""season"":2026,""week"":3,""opponent_team"":""BAL"",""targets"":8,""receptions"":2,""receiving_yards"":22},{""season"":2026,""week"":4,""opponent_team"":""HOU"",""targets"":5,""receptions"":4,""receiving_yards"":37}],""recent_mean_weight"":0.5,""targets"":4.784697,""catch_rate"":0.655993,""yards_per_reception"":10.541043,""mean_stages"":{""before_adjustments"":3.13873,""after_defense"":3.005234,""after_venue"":3.02627,""final"":3.02627},""sigma"":1.786169,""opponent"":{""team"":""TB"",""kind"":""pass"",""rating"":1.141773,""rank"":8,""of"":32,""allowed"":214.25,""league"":234.585938,""games"":4,""season"":2026},""home"":true,""versus"":{""team"":""TB"",""values"":[3.0],""home"":[true],""since"":""2024 Wk 16"",""note"":""History only, not a model input. In our backtests, results against one opponent did not predict the next meeting beyond a player\u2019s overall form.""}}",WR
259b5df9aa0d10257f56de78523495e0,Tampa Bay Buccaneers @ Dallas Cowboys,Emeka Egbuka,draftkings,DraftKings,receptions,Receptions,over,3.5,136,2.8668936736,0.4524271845,0.0,0.4237288136,0.3997093023,0.3997093023,3.5,3,286.983709067,6.772815534,Calibration fitted; not prospectively validated,2026-10-07T16:50:50Z,2026-10-09T00:15:00Z,Thu 8:15 PM ET,Dallas Cowboys,Tampa Bay Buccaneers,"{""version"":""nfl-projection-trace-1"",""family"":""receive"",""current_sample"":[{""season"":2026,""week"":1,""opponent_team"":""CIN"",""targets"":6,""receptions"":5,""receiving_yards"":63},{""season"":2026,""week"":2,""opponent_team"":""CLE"",""targets"":5,""receptions"":3,""receiving_yards"":16},{""season"":2026,""week"":3,""opponent_team"":""MIN"",""targets"":9,""receptions"":5,""receiving_yards"":62},{""season"":2026,""week"":4,""opponent_team"":""GB"",""targets"":4,""receptions"":2,""receiving_yards"":13}],""recent_mean_weight"":0.5,""targets"":5.292047,""catch_rate"":0.536672,""yards_per_reception"":10.694178,""mean_stages"":{""before_adjustments"":2.840094,""after_defense"":2.887103,""after_venue"":2.866894,""final"":2.866894},""sigma"":1.580539,""opponent"":{""team"":""DAL"",""kind"":""pass"",""rating"":0.944827,""rank"":20,""of"":32,""allowed"":242.5,""league"":234.585938,""games"":4,""season"":2026},""home"":false,""versus"":null}",WR
259b5df9aa0d10257f56de78523495e0,Tampa Bay Buccaneers @ Dallas Cowboys,Bucky Irving,draftkings,DraftKings,receptions,Receptions,over,2.5,123,1.4360553972,0.4524271845,0.0,0.4484304933,0.4233170266,0.4307128807,2.5,5,39.9669119248,0.8912621359,Calibration fitted; not prospectively validated,2026-10-07T16:50:50Z,2026-10-09T00:15:00Z,Thu 8:15 PM ET,Dallas Cowboys,Tampa Bay Buccaneers,"{""version"":""nfl-projection-trace-1"",""family"":""receive"",""current_sample"":[{""season"":2026,""week"":1,""opponent_team"":""CIN"",""targets"":7,""receptions"":7,""receiving_yards"":48},{""season"":2026,""week"":2,""opponent_team"":""CLE"",""targets"":4,""receptions"":4,""receiving_yards"":1},{""season"":2026,""week"":3,""opponent_team"":""MIN"",""targets"":4,""receptions"":2,""receiving_yards"":12},{""season"":2026,""week"":4,""opponent_team"":""GB"",""targets"":0,""receptions"":0,""receiving_yards"":0}],""recent_mean_weight"":0.5,""targets"":2.093684,""catch_rate"":0.679487,""yards_per_reception"":6.431502,""mean_stages"":{""before_adjustments"":1.422631,""after_defense"":1.446179,""after_venue"":1.436055,""final"":1.436055},""sigma"":1.405516,""opponent"":{""team"":""DAL"",""kind"":""pass"",""rating"":0.944827,""rank"":20,""of"":32,""allowed"":242.5,""league"":234.585938,""games"":4,""season"":2026},""home"":false,""versus"":{""team"":""DAL"",""values"":[3.0],""home"":[false],""since"":""2024 Wk 16"",""note"":""History only, not a model input. In our backtests, results against one opponent did not predict the next meeting beyond a player\u2019s overall form.""}}",RB
259b5df9aa0d10257f56de78523495e0,Tampa Bay Buccaneers @ Dallas Cowboys,Kenny Gainwell,draftkings,DraftKings,receptions,Receptions,under,1.5,129,2.3123286235,0.4524271845,0.0,0.4366812227,0.4122268025,0.409005941,1.5,4,157.459617586,3.6058252427,Calibration fitted; not prospectively validated,2026-10-07T16:50:50Z,2026-10-09T00:15:00Z,Thu 8:15 PM ET,Dallas Cowboys,Tampa Bay Buccaneers,"{""version"":""nfl-projection-trace-1"",""family"":""receive"",""current_sample"":[{""season"":2026,""week"":1,""opponent_team"":""CIN"",""targets"":1,""receptions"":1,""receiving_yards"":3},{""season"":2026,""week"":2,""opponent_team"":""CLE"",""targets"":4,""receptions"":3,""receiving_yards"":5},{""season"":2026,""week"":3,""opponent_team"":""MIN"",""targets"":5,""receptions"":2,""receiving_yards"":14},{""season"":2026,""week"":4,""opponent_team"":""GB"",""targets"":2,""receptions"":2,""receiving_yards"":22}],""recent_mean_weight"":0.5,""targets"":2.767945,""catch_rate"":0.827586,""yards_per_reception"":7.782949,""mean_stages"":{""before_adjustments"":2.290713,""after_defense"":2.328629,""after_venue"":2.312329,""final"":2.312329},""sigma"":1.660346,""opponent"":{""team"":""DAL"",""kind"":""pass"",""rating"":0.944827,""rank"":20,""of"":32,""allowed"":242.5,""league"":234.585938,""games"":4,""season"":2026},""home"":false,""versus"":{""team"":""DAL"",""values"":[3.0,4.0,0.0,4.0,1.0,0.0,1.0,1.0],""home"":[false,true,true,false,true,false,false,true],""since"":""2021 Wk 3"",""note"":""History only, not a model input. In our backtests, results against one opponent did not predict the next meeting beyond a player\u2019s overall form.""}}",RB
259b5df9aa0d10257f56de78523495e0,Tampa Bay Buccaneers @ Dallas Cowboys,Tez Johnson,draftkings,DraftKings,receptions,Receptions,over,1.5,132,2.3168649486,0.5475728155,0.0,0.4310344828,0.406909905,0.405904059,1.5,5,1165.3833277536,27.0368932039,Calibration fitted; not prospectively validated,2026-10-07T16:50:50Z,2026-10-09T00:15:00Z,Thu 8:15 PM ET,Dallas Cowboys,Tampa Bay Buccaneers,"{""version"":""nfl-projection-trace-1"",""family"":""receive"",""current_sample"":[{""season"":2026,""week"":1,""opponent_team"":""CIN"",""targets"":1,""receptions"":0,""receiving_yards"":0},{""season"":2026,""week"":2,""opponent_team"":""CLE"",""targets"":4,""receptions"":1,""receiving_yards"":49},{""season"":2026,""week"":3,""opponent_team"":""MIN"",""targets"":2,""receptions"":1,""receiving_yards"":8},{""season"":2026,""week"":4,""opponent_team"":""GB"",""targets"":2,""receptions"":2,""receiving_yards"":17}],""recent_mean_weight"":0.5,""targets"":3.005981,""catch_rate"":0.763547,""yards_per_reception"":12.534439,""mean_stages"":{""before_adjustments"":2.295207,""after_defense"":2.333197,""after_venue"":2.316865,""final"":2.316865},""sigma"":1.807071,""opponent"":{""team"":""DAL"",""kind"":""pass"",""rating"":0.944827,""rank"":20,""of"":32,""allowed"":242.5,""league"":234.585938,""games"":4,""season"":2026},""home"":false,""versus"":null}",WR
259b5df9aa0d10257f56de78523495e0,Tampa Bay Buccaneers @ Dallas Cowboys,Javonte Williams,draftkings,DraftKings,rush_attempts,Rushing attempts,under,17.5,-110,13.085739081,0.5945945946,0.0,0.5238095238,0.4947698745,0.4969046636,17.5,3,707.8507078507,13.5135135135,Calibration fitted; not prospectively validated,2026-10-07T16:50:50Z,2026-10-09T00:15:00Z,Thu 8:15 PM ET,Dallas Cowboys,Tampa Bay Buccaneers,"{""version"":""nfl-projection-trace-1"",""family"":""rush"",""current_sample"":[{""season"":2026,""week"":1,""opponent_team"":""NYG"",""carries"":12,""rushing_yards"":41},{""season"":2026,""week"":2,""opponent_team"":""WAS"",""carries"":12,""rushing_yards"":30},{""season"":2026,""week"":3,""opponent_team"":""BAL"",""carries"":19,""rushing_yards"":98},{""season"":2026,""week"":4,""opponent_team"":""HOU"",""carries"":19,""rushing_yards"":62}],""recent_mean_weight"":0.5,""carries"":14.378648,""yards_per_carry"":3.871476,""mean_stages"":{""before_adjustments"":14.378648,""after_defense"":12.867,""after_venue"":13.085739,""final"":13.085739},""sigma"":4.786939,""opponent"":{""team"":""TB"",""kind"":""rush"",""rating"":1.350438,""rank"":3,""of"":32,""allowed"":78.5,""league"":111.390625,""games"":4,""season"":2026},""home"":true,""versus"":{""team"":""TB"",""values"":[5.0],""home"":[false],""since"":""2024 Wk 3"",""note"":""History only, not a model input. In our backtests, results against one opponent did not predict the next meeting beyond a player\u2019s overall form.""}}",RB
259b5df9aa0d10257f56de78523495e0,Tampa Bay Buccaneers @ Dallas Cowboys,Javonte Williams,draftkings,DraftKings,rush_yds,Rushing yards,under,73.5,-110,51.009830611,0.5647668394,0.0,0.5238095238,0.4957877001,0.4969864995,73.5,5,409.5731556871,7.8191238813,Calibration fitted; not prospectively validated,2026-10-07T16:50:50Z,2026-10-09T00:15:00Z,Thu 8:15 PM ET,Dallas Cowboys,Tampa Bay Buccaneers,"{""version"":""nfl-projection-trace-1"",""family"":""rush"",""current_sample"":[{""season"":2026,""week"":1,""opponent_team"":""NYG"",""carries"":12,""rushing_yards"":41},{""season"":2026,""week"":2,""opponent_team"":""WAS"",""carries"":12,""rushing_yards"":30},{""season"":2026,""week"":3,""opponent_team"":""BAL"",""carries"":19,""rushing_yards"":98},{""season"":2026,""week"":4,""opponent_team"":""HOU"",""carries"":19,""rushing_yards"":62}],""recent_mean_weight"":0.5,""carries"":14.378648,""yards_per_carry"":3.871476,""mean_stages"":{""before_adjustments"":55.666596,""after_defense"":49.814288,""after_venue"":51.009831,""final"":51.009831},""sigma"":30.606081,""opponent"":{""team"":""TB"",""kind"":""rush"",""rating"":1.350438,""rank"":3,""of"":32,""allowed"":78.5,""league"":111.390625,""games"":4,""season"":2026},""home"":true,""versus"":{""team"":""TB"",""values"":[12.0],""home"":[false],""since"":""2024 Wk 3"",""note"":""History only, not a model input. In our backtests, results against one opponent did not predict the next meeting beyond a player\u2019s overall form.""}}",RB
259b5df9aa0d10257f56de78523495e0,Tampa Bay Buccaneers @ Dallas Cowboys,Tez Johnson,fanduel,FanDuel,receptions,Receptions,over,1.5,144,2.3168649486,0.5475728155,0.0,0.4098360656,0.3831317765,0.405904059,1.5,5,1377.3674996021,33.6077669903,Calibration fitted; not prospectively validated,2026-10-07T16:51:22Z,2026-10-09T00:15:00Z,Thu 8:15 PM ET,Dallas Cowboys,Tampa Bay Buccaneers,"{""version"":""nfl-projection-trace-1"",""family"":""receive"",""current_sample"":[{""season"":2026,""week"":1,""opponent_team"":""CIN"",""targets"":1,""receptions"":0,""receiving_yards"":0},{""season"":2026,""week"":2,""opponent_team"":""CLE"",""targets"":4,""receptions"":1,""receiving_yards"":49},{""season"":2026,""week"":3,""opponent_team"":""MIN"",""targets"":2,""receptions"":1,""receiving_yards"":8},{""season"":2026,""week"":4,""opponent_team"":""GB"",""targets"":2,""receptions"":2,""receiving_yards"":17}],""recent_mean_weight"":0.5,""targets"":3.005981,""catch_rate"":0.763547,""yards_per_reception"":12.534439,""mean_stages"":{""before_adjustments"":2.295207,""after_defense"":2.333197,""after_venue"":2.316865,""final"":2.316865},""sigma"":1.807071,""opponent"":{""team"":""DAL"",""kind"":""pass"",""rating"":0.944827,""rank"":20,""of"":32,""allowed"":242.5,""league"":234.585938,""games"":4,""season"":2026},""home"":false,""versus"":null}",WR
259b5df9aa0d10257f56de78523495e0,Tampa Bay Buccaneers @ Dallas Cowboys,Emeka Egbuka,fanduel,FanDuel,receptions,Receptions,under,2.5,140,2.8668936736,0.4579439252,0.0,0.4166666667,0.3896103896,0.3977572243,3.5,2,412.7725856698,9.9065420561,Calibration fitted; not prospectively validated,2026-10-07T16:51:22Z,2026-10-09T00:15:00Z,Thu 8:15 PM ET,Dallas Cowboys,Tampa Bay Buccaneers,"{""version"":""nfl-projection-trace-1"",""family"":""receive"",""current_sample"":[{""season"":2026,""week"":1,""opponent_team"":""CIN"",""targets"":6,""receptions"":5,""receiving_yards"":63},{""season"":2026,""week"":2,""opponent_team"":""CLE"",""targets"":5,""receptions"":3,""receiving_yards"":16},{""season"":2026,""week"":3,""opponent_team"":""MIN"",""targets"":9,""receptions"":5,""receiving_yards"":62},{""season"":2026,""week"":4,""opponent_team"":""GB"",""targets"":4,""receptions"":2,""receiving_yards"":13}],""recent_mean_weight"":0.5,""targets"":5.292047,""catch_rate"":0.536672,""yards_per_reception"":10.694178,""mean_stages"":{""before_adjustments"":2.840094,""after_defense"":2.887103,""after_venue"":2.866894,""final"":2.866894},""sigma"":1.580539,""opponent"":{""team"":""DAL"",""kind"":""pass"",""rating"":0.944827,""rank"":20,""of"":32,""allowed"":242.5,""league"":234.585938,""games"":4,""season"":2026},""home"":false,""versus"":null}",WR
259b5df9aa0d10257f56de78523495e0,Tampa Bay Buccaneers @ Dallas Cowboys,Kenny Gainwell,fanduel,FanDuel,receptions,Receptions,under,1.5,128,2.3123286235,0.4524271845,0.0,0.4385964912,0.4095398699,0.409005941,1.5,4,138.3069323795,3.1533980583,Calibration fitted; not prospectively validated,2026-10-07T16:51:22Z,2026-10-09T00:15:00Z,Thu 8:15 PM ET,Dallas Cowboys,Tampa Bay Buccaneers,"{""version"":""nfl-projection-trace-1"",""family"":""receive"",""current_sample"":[{""season"":2026,""week"":1,""opponent_team"":""CIN"",""targets"":1,""receptions"":1,""receiving_yards"":3},{""season"":2026,""week"":2,""opponent_team"":""CLE"",""targets"":4,""receptions"":3,""receiving_yards"":5},{""season"":2026,""week"":3,""opponent_team"":""MIN"",""targets"":5,""receptions"":2,""receiving_yards"":14},{""season"":2026,""week"":4,""opponent_team"":""GB"",""targets"":2,""receptions"":2,""receiving_yards"":22}],""recent_mean_weight"":0.5,""targets"":2.767945,""catch_rate"":0.827586,""yards_per_reception"":7.782949,""mean_stages"":{""before_adjustments"":2.290713,""after_defense"":2.328629,""after_venue"":2.312329,""final"":2.312329},""sigma"":1.660346,""opponent"":{""team"":""DAL"",""kind"":""pass"",""rating"":0.944827,""rank"":20,""of"":32,""allowed"":242.5,""league"":234.585938,""games"":4,""season"":2026},""home"":false,""versus"":{""team"":""DAL"",""values"":[3.0,4.0,0.0,4.0,1.0,0.0,1.0,1.0],""home"":[false,true,true,false,true,false,false,true],""since"":""2021 Wk 3"",""note"":""History only, not a model input. In our backtests, results against one opponent did not predict the next meeting beyond a player\u2019s overall form.""}}",RB
259b5df9aa0d10257f56de78523495e0,Tampa Bay Buccaneers @ Dallas Cowboys,Jake Ferguson,fanduel,FanDuel,receptions,Receptions,under,3.5,-114,3.1758499856,0.5420560748,0.0,0.5327102804,0.5,0.5101214575,3.5,5,93.4579439252,1.7543859649,Calibration fitted; not prospectively validated,2026-10-07T16:51:22Z,2026-10-09T00:15:00Z,Thu 8:15 PM ET,Dallas Cowboys,Tampa Bay Buccaneers,"{""version"":""nfl-projection-trace-1"",""family"":""receive"",""current_sample"":[{""season"":2026,""week"":1,""opponent_team"":""NYG"",""targets"":2,""receptions"":2,""receiving_yards"":6},{""season"":2026,""week"":2,""opponent_team"":""WAS"",""targets"":4,""receptions"":4,""receiving_yards"":43},{""season"":2026,""week"":3,""opponent_team"":""BAL"",""targets"":5,""receptions"":3,""receiving_yards"":23},{""season"":2026,""week"":4,""opponent_team"":""HOU"",""targets"":4,""receptions"":3,""receiving_yards"":11}],""recent_mean_weight"":0.5,""targets"":4.406294,""catch_rate"":0.747537,""yards_per_reception"":7.387549,""mean_stages"":{""before_adjustments"":3.293868,""after_defense"":3.153774,""after_venue"":3.17585,""final"":3.17585},""sigma"":1.650714,""opponent"":{""team"":""TB"",""kind"":""pass"",""rating"":1.141773,""rank"":8,""of"":32,""allowed"":214.25,""league"":234.585938,""games"":4,""season"":2026},""home"":true,""versus"":{""team"":""TB"",""values"":[1.0,6.0],""home"":[false,true],""since"":""2022 playoffs"",""note"":""History only, not a model input. In our backtests, results against one opponent did not predict the next meeting beyond a player\u2019s overall form.""}}",TE
259b5df9aa0d10257f56de78523495e0,Tampa Bay Buccaneers @ Dallas Cowboys,Ted Hurst,fanduel,FanDuel,receptions,Receptions,under,1.5,128,2.1469714552,0.4524271845,0.0,0.4385964912,0.4095398699,0.4248366013,1.5,5,138.3069323795,3.1533980583,Calibration fitted; not prospectively validated,2026-10-07T16:51:22Z,2026-10-09T00:15:00Z,Thu 8:15 PM ET,Dallas Cowboys,Tampa Bay Buccaneers,"{""version"":""nfl-projection-trace-1"",""family"":""receive"",""current_sample"":[{""season"":2026,""week"":1,""opponent_team"":""CIN"",""targets"":3,""receptions"":3,""receiving_yards"":36},{""season"":2026,""week"":2,""opponent_team"":""CLE"",""targets"":7,""receptions"":2,""receiving_yards"":27},{""season"":2026,""week"":3,""opponent_team"":""MIN"",""targets"":3,""receptions"":1,""receiving_yards"":40},{""season"":2026,""week"":4,""opponent_team"":""GB"",""targets"":3,""receptions"":2,""receiving_yards"":25}],""recent_mean_weight"":0.5,""targets"":3.796894,""catch_rate"":0.560169,""yards_per_reception"":16.017158,""mean_stages"":{""before_adjustments"":2.126902,""after_defense"":2.162106,""after_venue"":2.146971,""final"":2.146971},""sigma"":1.564202,""opponent"":{""team"":""DAL"",""kind"":""pass"",""rating"":0.944827,""rank"":20,""of"":32,""allowed"":242.5,""league"":234.585938,""games"":4,""season"":2026},""home"":false,""versus"":null}",WR
259b5df9aa0d10257f56de78523495e0,Tampa Bay Buccaneers @ Dallas Cowboys,Chris Godwin,fanduel,FanDuel,receptions,Receptions,over,3.5,-110,5.3027223207,0.5475728155,0.0,0.5238095238,0.4898785425,0.4898785425,3.5,5,237.6329172446,4.5366284201,Calibration fitted; not prospectively validated,2026-10-07T16:51:22Z,2026-10-09T00:15:00Z,Thu 8:15 PM ET,Dallas Cowboys,Tampa Bay Buccaneers,"{""version"":""nfl-projection-trace-1"",""family"":""receive"",""current_sample"":[{""season"":2026,""week"":1,""opponent_team"":""CIN"",""targets"":4,""receptions"":4,""receiving_yards"":40},{""season"":2026,""week"":2,""opponent_team"":""CLE"",""targets"":3,""receptions"":3,""receiving_yards"":46},{""season"":2026,""week"":3,""opponent_team"":""MIN"",""targets"":4,""receptions"":3,""receiving_yards"":25},{""season"":2026,""week"":4,""opponent_team"":""GB"",""targets"":7,""receptions"":6,""receiving_yards"":31}],""recent_mean_weight"":0.5,""targets"":6.176856,""catch_rate"":0.850457,""yards_per_reception"":9.456595,""mean_stages"":{""before_adjustments"":5.253153,""after_defense"":5.340103,""after_venue"":5.302722,""final"":5.302722},""sigma"":2.275392,""opponent"":{""team"":""DAL"",""kind"":""pass"",""rating"":0.944827,""rank"":20,""of"":32,""allowed"":242.5,""league"":234.585938,""games"":4,""season"":2026},""home"":false,""versus"":{""team"":""DAL"",""values"":[9.0,3.0,10.0],""home"":[true,false,true],""since"":""2021 Wk 1"",""note"":""History only, not a model input. In our backtests, results against one opponent did not predict the next meeting beyond a player\u2019s overall form.""}}",WR
259b5df9aa0d10257f56de78523495e0,Tampa Bay Buccaneers @ Dallas Cowboys,Javonte Williams,fanduel,FanDuel,rush_yds,Rushing yards,under,73.5,-114,51.009830611,0.5647668394,0.0,0.5327102804,0.5,0.4969864995,73.5,5,320.5655900441,6.0176347605,Calibration fitted; not prospectively validated,2026-10-07T16:51:22Z,2026-10-09T00:15:00Z,Thu 8:15 PM ET,Dallas Cowboys,Tampa Bay Buccaneers,"{""version"":""nfl-projection-trace-1"",""family"":""rush"",""current_sample"":[{""season"":2026,""week"":1,""opponent_team"":""NYG"",""carries"":12,""rushing_yards"":41},{""season"":2026,""week"":2,""opponent_team"":""WAS"",""carries"":12,""rushing_yards"":30},{""season"":2026,""week"":3,""opponent_team"":""BAL"",""carries"":19,""rushing_yards"":98},{""season"":2026,""week"":4,""opponent_team"":""HOU"",""carries"":19,""rushing_yards"":62}],""recent_mean_weight"":0.5,""carries"":14.378648,""yards_per_carry"":3.871476,""mean_stages"":{""before_adjustments"":55.666596,""after_defense"":49.814288,""after_venue"":51.009831,""final"":51.009831},""sigma"":30.606081,""opponent"":{""team"":""TB"",""kind"":""rush"",""rating"":1.350438,""rank"":3,""of"":32,""allowed"":78.5,""league"":111.390625,""games"":4,""season"":2026},""home"":true,""versus"":{""team"":""TB"",""values"":[12.0],""home"":[false],""since"":""2024 Wk 3"",""note"":""History only, not a model input. In our backtests, results against one opponent did not predict the next meeting beyond a player\u2019s overall form.""}}",RB
259b5df9aa0d10257f56de78523495e0,Tampa Bay Buccaneers @ Dallas Cowboys,Chris Godwin,betonlineag,BetOnline.ag,receptions,Receptions,over,3.5,-111,5.3027223207,0.5475728155,0.0,0.5260663507,0.4948402543,0.4898785425,3.5,5,215.0646482308,4.0881658357,Calibration fitted; not prospectively validated,2026-10-07T16:51:24Z,2026-10-09T00:15:00Z,Thu 8:15 PM ET,Dallas Cowboys,Tampa Bay Buccaneers,"{""version"":""nfl-projection-trace-1"",""family"":""receive"",""current_sample"":[{""season"":2026,""week"":1,""opponent_team"":""CIN"",""targets"":4,""receptions"":4,""receiving_yards"":40},{""season"":2026,""week"":2,""opponent_team"":""CLE"",""targets"":3,""receptions"":3,""receiving_yards"":46},{""season"":2026,""week"":3,""opponent_team"":""MIN"",""targets"":4,""receptions"":3,""receiving_yards"":25},{""season"":2026,""week"":4,""opponent_team"":""GB"",""targets"":7,""receptions"":6,""receiving_yards"":31}],""recent_mean_weight"":0.5,""targets"":6.176856,""catch_rate"":0.850457,""yards_per_reception"":9.456595,""mean_stages"":{""before_adjustments"":5.253153,""after_defense"":5.340103,""after_venue"":5.302722,""final"":5.302722},""sigma"":2.275392,""opponent"":{""team"":""DAL"",""kind"":""pass"",""rating"":0.944827,""rank"":20,""of"":32,""allowed"":242.5,""league"":234.585938,""games"":4,""season"":2026},""home"":false,""versus"":{""team"":""DAL"",""values"":[9.0,3.0,10.0],""home"":[true,false,true],""since"":""2021 Wk 1"",""note"":""History only, not a model input. In our backtests, results against one opponent did not predict the next meeting beyond a player\u2019s overall form.""}}",WR
259b5df9aa0d10257f56de78523495e0,Tampa Bay Buccaneers @ Dallas Cowboys,CeeDee Lamb,betonlineag,BetOnline.ag,receptions,Receptions,over,6.5,110,9.5431810521,0.5789473684,0.0,0.4761904762,0.4472667035,0.4557144965,6.5,4,1027.5689223058,21.5789473684,Calibration fitted; not prospectively validated,2026-10-07T16:51:24Z,2026-10-09T00:15:00Z,Thu 8:15 PM ET,Dallas Cowboys,Tampa Bay Buccaneers,"{""version"":""nfl-projection-trace-1"",""family"":""receive"",""current_sample"":[{""season"":2026,""week"":1,""opponent_team"":""NYG"",""targets"":8,""receptions"":5,""receiving_yards"":44},{""season"":2026,""week"":2,""opponent_team"":""WAS"",""targets"":9,""receptions"":8,""receiving_yards"":153},{""season"":2026,""week"":3,""opponent_team"":""BAL"",""targets"":8,""receptions"":7,""receiving_yards"":112},{""season"":2026,""week"":4,""opponent_team"":""HOU"",""targets"":21,""receptions"":17,""receiving_yards"":189}],""recent_mean_weight"":0.5,""targets"":11.979951,""catch_rate"":0.826198,""yards_per_reception"":13.099518,""mean_stages"":{""before_adjustments"":9.897815,""after_defense"":9.476843,""after_venue"":9.543181,""final"":9.543181},""sigma"":3.640663,""opponent"":{""team"":""TB"",""kind"":""pass"",""rating"":1.141773,""rank"":8,""of"":32,""allowed"":214.25,""league"":234.585938,""games"":4,""season"":2026},""home"":true,""versus"":{""team"":""TB"",""values"":[7.0,2.0,4.0,7.0],""home"":[false,true,false,true],""since"":""2021 Wk 1"",""note"":""History only, not a model input. In our backtests, results against one opponent did not predict the next meeting beyond a player\u2019s overall form.""}}",WR
259b5df9aa0d10257f56de78523495e0,Tampa Bay Buccaneers @ Dallas Cowboys,Ryan Flournoy,betonlineag,BetOnline.ag,receptions,Receptions,over,3.5,122,3.0262702346,0.4524271845,0.0,0.4504504505,0.423216445,0.4212856418,3.5,4,19.7673401557,0.4388349515,Calibration fitted; not prospectively validated,2026-10-07T16:51:24Z,2026-10-09T00:15:00Z,Thu 8:15 PM ET,Dallas Cowboys,Tampa Bay Buccaneers,"{""version"":""nfl-projection-trace-1"",""family"":""receive"",""current_sample"":[{""season"":2026,""week"":1,""opponent_team"":""NYG"",""targets"":4,""receptions"":2,""receiving_yards"":22},{""season"":2026,""week"":2,""opponent_team"":""WAS"",""targets"":6,""receptions"":5,""receiving_yards"":23},{""season"":2026,""week"":3,""opponent_team"":""BAL"",""targets"":8,""receptions"":2,""receiving_yards"":22},{""season"":2026,""week"":4,""opponent_team"":""HOU"",""targets"":5,""receptions"":4,""receiving_yards"":37}],""recent_mean_weight"":0.5,""targets"":4.784697,""catch_rate"":0.655993,""yards_per_reception"":10.541043,""mean_stages"":{""before_adjustments"":3.13873,""after_defense"":3.005234,""after_venue"":3.02627,""final"":3.02627},""sigma"":1.786169,""opponent"":{""team"":""TB"",""kind"":""pass"",""rating"":1.141773,""rank"":8,""of"":32,""allowed"":214.25,""league"":234.585938,""games"":4,""season"":2026},""home"":true,""versus"":{""team"":""TB"",""values"":[3.0],""home"":[true],""since"":""2024 Wk 16"",""note"":""History only, not a model input. In our backtests, results against one opponent did not predict the next meeting beyond a player\u2019s overall form.""}}",WR
259b5df9aa0d10257f56de78523495e0,Tampa Bay Buccaneers @ Dallas Cowboys,Kenny Gainwell,betonlineag,BetOnline.ag,receptions,Receptions,under,1.5,134,2.3123286235,0.4524271845,0.0,0.4273504274,0.4017531045,0.409005941,1.5,4,250.7675711559,5.867961165,Calibration fitted; not prospectively validated,2026-10-07T16:51:24Z,2026-10-09T00:15:00Z,Thu 8:15 PM ET,Dallas Cowboys,Tampa Bay Buccaneers,"{""version"":""nfl-projection-trace-1"",""family"":""receive"",""current_sample"":[{""season"":2026,""week"":1,""opponent_team"":""CIN"",""targets"":1,""receptions"":1,""receiving_yards"":3},{""season"":2026,""week"":2,""opponent_team"":""CLE"",""targets"":4,""receptions"":3,""receiving_yards"":5},{""season"":2026,""week"":3,""opponent_team"":""MIN"",""targets"":5,""receptions"":2,""receiving_yards"":14},{""season"":2026,""week"":4,""opponent_team"":""GB"",""targets"":2,""receptions"":2,""receiving_yards"":22}],""recent_mean_weight"":0.5,""targets"":2.767945,""catch_rate"":0.827586,""yards_per_reception"":7.782949,""mean_stages"":{""before_adjustments"":2.290713,""after_defense"":2.328629,""after_venue"":2.312329,""final"":2.312329},""sigma"":1.660346,""opponent"":{""team"":""DAL"",""kind"":""pass"",""rating"":0.944827,""rank"":20,""of"":32,""allowed"":242.5,""league"":234.585938,""games"":4,""season"":2026},""home"":false,""versus"":{""team"":""DAL"",""values"":[3.0,4.0,0.0,4.0,1.0,0.0,1.0,1.0],""home"":[false,true,true,false,true,false,false,true],""since"":""2021 Wk 3"",""note"":""History only, not a model input. In our backtests, results against one opponent did not predict the next meeting beyond a player\u2019s overall form.""}}",RB
259b5df9aa0d10257f56de78523495e0,Tampa Bay Buccaneers @ Dallas Cowboys,George Pickens,betonlineag,BetOnline.ag,receptions,Receptions,under,4.5,-115,3.6765304794,0.5475728155,0.0,0.5348837209,0.5030953364,0.5,4.5,5,126.8909460375,2.3723089911,Calibration fitted; not prospectively validated,2026-10-07T16:51:24Z,2026-10-09T00:15:00Z,Thu 8:15 PM ET,Dallas Cowboys,Tampa Bay Buccaneers,"{""version"":""nfl-projection-trace-1"",""family"":""receive"",""current_sample"":[{""season"":2026,""week"":1,""opponent_team"":""NYG"",""targets"":6,""receptions"":3,""receiving_yards"":28},{""season"":2026,""week"":2,""opponent_team"":""WAS"",""targets"":8,""receptions"":6,""receiving_yards"":40},{""season"":2026,""week"":3,""opponent_team"":""BAL"",""targets"":11,""receptions"":7,""receiving_yards"":82},{""season"":2026,""week"":4,""opponent_team"":""HOU"",""targets"":3,""receptions"":2,""receiving_yards"":75}],""recent_mean_weight"":0.5,""targets"":5.77012,""catch_rate"":0.660845,""yards_per_reception"":18.0,""mean_stages"":{""before_adjustments"":3.813154,""after_defense"":3.650974,""after_venue"":3.67653,""final"":3.67653},""sigma"":2.085448,""opponent"":{""team"":""TB"",""kind"":""pass"",""rating"":1.141773,""rank"":8,""of"":32,""allowed"":214.25,""league"":234.585938,""games"":4,""season"":2026},""home"":true,""versus"":{""team"":""TB"",""values"":[3.0],""home"":[true],""since"":""2022 Wk 6"",""note"":""History only, not a model input. In our backtests, results against one opponent did not predict the next meeting beyond a player\u2019s overall form.""}}",WR
259b5df9aa0d10257f56de78523495e0,Tampa Bay Buccaneers @ Dallas Cowboys,Ted Hurst,betonlineag,BetOnline.ag,receptions,Receptions,under,1.5,128,2.1469714552,0.4524271845,0.0,0.4385964912,0.4121896999,0.4248366013,1.5,5,138.3069323795,3.1533980583,Calibration fitted; not prospectively validated,2026-10-07T16:51:24Z,2026-10-09T00:15:00Z,Thu 8:15 PM ET,Dallas Cowboys,Tampa Bay Buccaneers,"{""version"":""nfl-projection-trace-1"",""family"":""receive"",""current_sample"":[{""season"":2026,""week"":1,""opponent_team"":""CIN"",""targets"":3,""receptions"":3,""receiving_yards"":36},{""season"":2026,""week"":2,""opponent_team"":""CLE"",""targets"":7,""receptions"":2,""receiving_yards"":27},{""season"":2026,""week"":3,""opponent_team"":""MIN"",""targets"":3,""receptions"":1,""receiving_yards"":40},{""season"":2026,""week"":4,""opponent_team"":""GB"",""targets"":3,""receptions"":2,""receiving_yards"":25}],""recent_mean_weight"":0.5,""targets"":3.796894,""catch_rate"":0.560169,""yards_per_reception"":16.017158,""mean_stages"":{""before_adjustments"":2.126902,""after_defense"":2.162106,""after_venue"":2.146971,""final"":2.146971},""sigma"":1.564202,""opponent"":{""team"":""DAL"",""kind"":""pass"",""rating"":0.944827,""rank"":20,""of"":32,""allowed"":242.5,""league"":234.585938,""games"":4,""season"":2026},""home"":false,""versus"":null}",WR
259b5df9aa0d10257f56de78523495e0,Tampa Bay Buccaneers @ Dallas Cowboys,Tez Johnson,betonlineag,BetOnline.ag,receptions,Receptions,over,1.5,134,2.3168649486,0.5475728155,0.0,0.4273504274,0.4017531045,0.405904059,1.5,5,1202.2238818355,28.132038835,Calibration fitted; not prospectively validated,2026-10-07T16:51:24Z,2026-10-09T00:15:00Z,Thu 8:15 PM ET,Dallas Cowboys,Tampa Bay Buccaneers,"{""version"":""nfl-projection-trace-1"",""family"":""receive"",""current_sample"":[{""season"":2026,""week"":1,""opponent_team"":""CIN"",""targets"":1,""receptions"":0,""receiving_yards"":0},{""season"":2026,""week"":2,""opponent_team"":""CLE"",""targets"":4,""receptions"":1,""receiving_yards"":49},{""season"":2026,""week"":3,""opponent_team"":""MIN"",""targets"":2,""receptions"":1,""receiving_yards"":8},{""season"":2026,""week"":4,""opponent_team"":""GB"",""targets"":2,""receptions"":2,""receiving_yards"":17}],""recent_mean_weight"":0.5,""targets"":3.005981,""catch_rate"":0.763547,""yards_per_reception"":12.534439,""mean_stages"":{""before_adjustments"":2.295207,""after_defense"":2.333197,""after_venue"":2.316865,""final"":2.316865},""sigma"":1.807071,""opponent"":{""team"":""DAL"",""kind"":""pass"",""rating"":0.944827,""rank"":20,""of"":32,""allowed"":242.5,""league"":234.585938,""games"":4,""season"":2026},""home"":false,""versus"":null}",WR
259b5df9aa0d10257f56de78523495e0,Tampa Bay Buccaneers @ Dallas Cowboys,Emeka Egbuka,betonlineag,BetOnline.ag,receptions,Receptions,over,3.5,122,2.8668936736,0.4524271845,0.0,0.4504504505,0.423216445,0.3997093023,3.5,3,19.7673401557,0.4388349515,Calibration fitted; not prospectively validated,2026-10-07T16:51:24Z,2026-10-09T00:15:00Z,Thu 8:15 PM ET,Dallas Cowboys,Tampa Bay Buccaneers,"{""version"":""nfl-projection-trace-1"",""family"":""receive"",""current_sample"":[{""season"":2026,""week"":1,""opponent_team"":""CIN"",""targets"":6,""receptions"":5,""receiving_yards"":63},{""season"":2026,""week"":2,""opponent_team"":""CLE"",""targets"":5,""receptions"":3,""receiving_yards"":16},{""season"":2026,""week"":3,""opponent_team"":""MIN"",""targets"":9,""receptions"":5,""receiving_yards"":62},{""season"":2026,""week"":4,""opponent_team"":""GB"",""targets"":4,""receptions"":2,""receiving_yards"":13}],""recent_mean_weight"":0.5,""targets"":5.292047,""catch_rate"":0.536672,""yards_per_reception"":10.694178,""mean_stages"":{""before_adjustments"":2.840094,""after_defense"":2.887103,""after_venue"":2.866894,""final"":2.866894},""sigma"":1.580539,""opponent"":{""team"":""DAL"",""kind"":""pass"",""rating"":0.944827,""rank"":20,""of"":32,""allowed"":242.5,""league"":234.585938,""games"":4,""season"":2026},""home"":false,""versus"":null}",WR
259b5df9aa0d10257f56de78523495e0,Tampa Bay Buccaneers @ Dallas Cowboys,Javonte Williams,betonlineag,BetOnline.ag,rush_attempts,Rushing attempts,under,17.5,-112,13.085739081,0.5945945946,0.0,0.5283018868,0.4969046636,0.4969046636,17.5,3,662.9270780214,12.5482625483,Calibration fitted; not prospectively validated,2026-10-07T16:51:24Z,2026-10-09T00:15:00Z,Thu 8:15 PM ET,Dallas Cowboys,Tampa Bay Buccaneers,"{""version"":""nfl-projection-trace-1"",""family"":""rush"",""current_sample"":[{""season"":2026,""week"":1,""opponent_team"":""NYG"",""carries"":12,""rushing_yards"":41},{""season"":2026,""week"":2,""opponent_team"":""WAS"",""carries"":12,""rushing_yards"":30},{""season"":2026,""week"":3,""opponent_team"":""BAL"",""carries"":19,""rushing_yards"":98},{""season"":2026,""week"":4,""opponent_team"":""HOU"",""carries"":19,""rushing_yards"":62}],""recent_mean_weight"":0.5,""carries"":14.378648,""yards_per_carry"":3.871476,""mean_stages"":{""before_adjustments"":14.378648,""after_defense"":12.867,""after_venue"":13.085739,""final"":13.085739},""sigma"":4.786939,""opponent"":{""team"":""TB"",""kind"":""rush"",""rating"":1.350438,""rank"":3,""of"":32,""allowed"":78.5,""league"":111.390625,""games"":4,""season"":2026},""home"":true,""versus"":{""team"":""TB"",""values"":[5.0],""home"":[false],""since"":""2024 Wk 3"",""note"":""History only, not a model input. In our backtests, results against one opponent did not predict the next meeting beyond a player\u2019s overall form.""}}",RB
259b5df9aa0d10257f56de78523495e0,Tampa Bay Buccaneers @ Dallas Cowboys,Javonte Williams,betonlineag,BetOnline.ag,rush_yds,Rushing yards,under,73.5,-109,51.009830611,0.5647668394,0.0,0.5215311005,0.4897419064,0.4969864995,73.5,5,432.3573889977,8.2901554404,Calibration fitted; not prospectively validated,2026-10-07T16:51:24Z,2026-10-09T00:15:00Z,Thu 8:15 PM ET,Dallas Cowboys,Tampa Bay Buccaneers,"{""version"":""nfl-projection-trace-1"",""family"":""rush"",""current_sample"":[{""season"":2026,""week"":1,""opponent_team"":""NYG"",""carries"":12,""rushing_yards"":41},{""season"":2026,""week"":2,""opponent_team"":""WAS"",""carries"":12,""rushing_yards"":30},{""season"":2026,""week"":3,""opponent_team"":""BAL"",""carries"":19,""rushing_yards"":98},{""season"":2026,""week"":4,""opponent_team"":""HOU"",""carries"":19,""rushing_yards"":62}],""recent_mean_weight"":0.5,""carries"":14.378648,""yards_per_carry"":3.871476,""mean_stages"":{""before_adjustments"":55.666596,""after_defense"":49.814288,""after_venue"":51.009831,""final"":51.009831},""sigma"":30.606081,""opponent"":{""team"":""TB"",""kind"":""rush"",""rating"":1.350438,""rank"":3,""of"":32,""allowed"":78.5,""league"":111.390625,""games"":4,""season"":2026},""home"":true,""versus"":{""team"":""TB"",""values"":[12.0],""home"":[false],""since"":""2024 Wk 3"",""note"":""History only, not a model input. In our backtests, results against one opponent did not predict the next meeting beyond a player\u2019s overall form.""}}",RB
259b5df9aa0d10257f56de78523495e0,Tampa Bay Buccaneers @ Dallas Cowboys,Ryan Flournoy,betrivers,BetRivers,receptions,Receptions,over,3.5,128,3.0262702346,0.4524271845,0.0,0.4385964912,,0.4212856418,3.5,4,138.3069323795,3.1533980583,Calibration fitted; not prospectively validated,2026-10-07T16:51:22Z,2026-10-09T00:15:00Z,Thu 8:15 PM ET,Dallas Cowboys,Tampa Bay Buccaneers,"{""version"":""nfl-projection-trace-1"",""family"":""receive"",""current_sample"":[{""season"":2026,""week"":1,""opponent_team"":""NYG"",""targets"":4,""receptions"":2,""receiving_yards"":22},{""season"":2026,""week"":2,""opponent_team"":""WAS"",""targets"":6,""receptions"":5,""receiving_yards"":23},{""season"":2026,""week"":3,""opponent_team"":""BAL"",""targets"":8,""receptions"":2,""receiving_yards"":22},{""season"":2026,""week"":4,""opponent_team"":""HOU"",""targets"":5,""receptions"":4,""receiving_yards"":37}],""recent_mean_weight"":0.5,""targets"":4.784697,""catch_rate"":0.655993,""yards_per_reception"":10.541043,""mean_stages"":{""before_adjustments"":3.13873,""after_defense"":3.005234,""after_venue"":3.02627,""final"":3.02627},""sigma"":1.786169,""opponent"":{""team"":""TB"",""kind"":""pass"",""rating"":1.141773,""rank"":8,""of"":32,""allowed"":214.25,""league"":234.585938,""games"":4,""season"":2026},""home"":true,""versus"":{""team"":""TB"",""values"":[3.0],""home"":[true],""since"":""2024 Wk 16"",""note"":""History only, not a model input. In our backtests, results against one opponent did not predict the next meeting beyond a player\u2019s overall form.""}}",WR
259b5df9aa0d10257f56de78523495e0,Tampa Bay Buccaneers @ Dallas Cowboys,Emeka Egbuka,betrivers,BetRivers,receptions,Receptions,over,3.5,130,2.8668936736,0.4524271845,0.0,0.4347826087,,0.3997093023,3.5,3,176.4457577037,4.0582524272,Calibration fitted; not prospectively validated,2026-10-07T16:51:22Z,2026-10-09T00:15:00Z,Thu 8:15 PM ET,Dallas Cowboys,Tampa Bay Buccaneers,"{""version"":""nfl-projection-trace-1"",""family"":""receive"",""current_sample"":[{""season"":2026,""week"":1,""opponent_team"":""CIN"",""targets"":6,""receptions"":5,""receiving_yards"":63},{""season"":2026,""week"":2,""opponent_team"":""CLE"",""targets"":5,""receptions"":3,""receiving_yards"":16},{""season"":2026,""week"":3,""opponent_team"":""MIN"",""targets"":9,""receptions"":5,""receiving_yards"":62},{""season"":2026,""week"":4,""opponent_team"":""GB"",""targets"":4,""receptions"":2,""receiving_yards"":13}],""recent_mean_weight"":0.5,""targets"":5.292047,""catch_rate"":0.536672,""yards_per_reception"":10.694178,""mean_stages"":{""before_adjustments"":2.840094,""after_defense"":2.887103,""after_venue"":2.866894,""final"":2.866894},""sigma"":1.580539,""opponent"":{""team"":""DAL"",""kind"":""pass"",""rating"":0.944827,""rank"":20,""of"":32,""allowed"":242.5,""league"":234.585938,""games"":4,""season"":2026},""home"":false,""versus"":null}",WR
259b5df9aa0d10257f56de78523495e0,Tampa Bay Buccaneers @ Dallas Cowboys,Chris Godwin,betrivers,BetRivers,receptions,Receptions,over,3.5,102,5.3027223207,0.5475728155,0.0,0.495049505,,0.4898785425,3.5,5,525.2331058349,10.6097087379,Calibration fitted; not prospectively validated,2026-10-07T16:51:22Z,2026-10-09T00:15:00Z,Thu 8:15 PM ET,Dallas Cowboys,Tampa Bay Buccaneers,"{""version"":""nfl-projection-trace-1"",""family"":""receive"",""current_sample"":[{""season"":2026,""week"":1,""opponent_team"":""CIN"",""targets"":4,""receptions"":4,""receiving_yards"":40},{""season"":2026,""week"":2,""opponent_team"":""CLE"",""targets"":3,""receptions"":3,""receiving_yards"":46},{""season"":2026,""week"":3,""opponent_team"":""MIN"",""targets"":4,""receptions"":3,""receiving_yards"":25},{""season"":2026,""week"":4,""opponent_team"":""GB"",""targets"":7,""receptions"":6,""receiving_yards"":31}],""recent_mean_weight"":0.5,""targets"":6.176856,""catch_rate"":0.850457,""yards_per_reception"":9.456595,""mean_stages"":{""before_adjustments"":5.253153,""after_defense"":5.340103,""after_venue"":5.302722,""final"":5.302722},""sigma"":2.275392,""opponent"":{""team"":""DAL"",""kind"":""pass"",""rating"":0.944827,""rank"":20,""of"":32,""allowed"":242.5,""league"":234.585938,""games"":4,""season"":2026},""home"":false,""versus"":{""team"":""DAL"",""values"":[9.0,3.0,10.0],""home"":[true,false,true],""since"":""2021 Wk 1"",""note"":""History only, not a model input. In our backtests, results against one opponent did not predict the next meeting beyond a player\u2019s overall form.""}}",WR
259b5df9aa0d10257f56de78523495e0,Tampa Bay Buccaneers @ Dallas Cowboys,CeeDee Lamb,betrivers,BetRivers,receptions,Receptions,over,6.5,112,9.5431810521,0.5789473684,0.0,0.4716981132,,0.4557144965,6.5,4,1072.4925521351,22.7368421053,Calibration fitted; not prospectively validated,2026-10-07T16:51:22Z,2026-10-09T00:15:00Z,Thu 8:15 PM ET,Dallas Cowboys,Tampa Bay Buccaneers,"{""version"":""nfl-projection-trace-1"",""family"":""receive"",""current_sample"":[{""season"":2026,""week"":1,""opponent_team"":""NYG"",""targets"":8,""receptions"":5,""receiving_yards"":44},{""season"":2026,""week"":2,""opponent_team"":""WAS"",""targets"":9,""receptions"":8,""receiving_yards"":153},{""season"":2026,""week"":3,""opponent_team"":""BAL"",""targets"":8,""receptions"":7,""receiving_yards"":112},{""season"":2026,""week"":4,""opponent_team"":""HOU"",""targets"":21,""receptions"":17,""receiving_yards"":189}],""recent_mean_weight"":0.5,""targets"":11.979951,""catch_rate"":0.826198,""yards_per_reception"":13.099518,""mean_stages"":{""before_adjustments"":9.897815,""after_defense"":9.476843,""after_venue"":9.543181,""final"":9.543181},""sigma"":3.640663,""opponent"":{""team"":""TB"",""kind"":""pass"",""rating"":1.141773,""rank"":8,""of"":32,""allowed"":214.25,""league"":234.585938,""games"":4,""season"":2026},""home"":true,""versus"":{""team"":""TB"",""values"":[7.0,2.0,4.0,7.0],""home"":[false,true,false,true],""since"":""2021 Wk 1"",""note"":""History only, not a model input. In our backtests, results against one opponent did not predict the next meeting beyond a player\u2019s overall form.""}}",WR
259b5df9aa0d10257f56de78523495e0,Tampa Bay Buccaneers @ Dallas Cowboys,Bucky Irving,betrivers,BetRivers,receptions,Receptions,over,2.5,130,1.4360553972,0.4524271845,0.0,0.4347826087,,0.4307128807,2.5,5,176.4457577037,4.0582524272,Calibration fitted; not prospectively validated,2026-10-07T16:51:22Z,2026-10-09T00:15:00Z,Thu 8:15 PM ET,Dallas Cowboys,Tampa Bay Buccaneers,"{""version"":""nfl-projection-trace-1"",""family"":""receive"",""current_sample"":[{""season"":2026,""week"":1,""opponent_team"":""CIN"",""targets"":7,""receptions"":7,""receiving_yards"":48},{""season"":2026,""week"":2,""opponent_team"":""CLE"",""targets"":4,""receptions"":4,""receiving_yards"":1},{""season"":2026,""week"":3,""opponent_team"":""MIN"",""targets"":4,""receptions"":2,""receiving_yards"":12},{""season"":2026,""week"":4,""opponent_team"":""GB"",""targets"":0,""receptions"":0,""receiving_yards"":0}],""recent_mean_weight"":0.5,""targets"":2.093684,""catch_rate"":0.679487,""yards_per_reception"":6.431502,""mean_stages"":{""before_adjustments"":1.422631,""after_defense"":1.446179,""after_venue"":1.436055,""final"":1.436055},""sigma"":1.405516,""opponent"":{""team"":""DAL"",""kind"":""pass"",""rating"":0.944827,""rank"":20,""of"":32,""allowed"":242.5,""league"":234.585938,""games"":4,""season"":2026},""home"":false,""versus"":{""team"":""DAL"",""values"":[3.0],""home"":[false],""since"":""2024 Wk 16"",""note"":""History only, not a model input. In our backtests, results against one opponent did not predict the next meeting beyond a player\u2019s overall form.""}}",RB
259b5df9aa0d10257f56de78523495e0,Tampa Bay Buccaneers @ Dallas Cowboys,Tez Johnson,betrivers,BetRivers,receptions,Receptions,over,1.5,133,2.3168649486,0.5475728155,0.0,0.4291845494,,0.405904059,1.5,5,1183.8826617776,27.5844660194,Calibration fitted; not prospectively validated,2026-10-07T16:51:22Z,2026-10-09T00:15:00Z,Thu 8:15 PM ET,Dallas Cowboys,Tampa Bay Buccaneers,"{""version"":""nfl-projection-trace-1"",""family"":""receive"",""current_sample"":[{""season"":2026,""week"":1,""opponent_team"":""CIN"",""targets"":1,""receptions"":0,""receiving_yards"":0},{""season"":2026,""week"":2,""opponent_team"":""CLE"",""targets"":4,""receptions"":1,""receiving_yards"":49},{""season"":2026,""week"":3,""opponent_team"":""MIN"",""targets"":2,""receptions"":1,""receiving_yards"":8},{""season"":2026,""week"":4,""opponent_team"":""GB"",""targets"":2,""receptions"":2,""receiving_yards"":17}],""recent_mean_weight"":0.5,""targets"":3.005981,""catch_rate"":0.763547,""yards_per_reception"":12.534439,""mean_stages"":{""before_adjustments"":2.295207,""after_defense"":2.333197,""after_venue"":2.316865,""final"":2.316865},""sigma"":1.807071,""opponent"":{""team"":""DAL"",""kind"":""pass"",""rating"":0.944827,""rank"":20,""of"":32,""allowed"":242.5,""league"":234.585938,""games"":4,""season"":2026},""home"":false,""versus"":null}",WR
259b5df9aa0d10257f56de78523495e0,Tampa Bay Buccaneers @ Dallas Cowboys,Javonte Williams,betrivers,BetRivers,rush_yds,Rushing yards,under,73.5,-114,51.009830611,0.5647668394,0.0,0.5327102804,0.4969864995,0.4969864995,73.5,5,320.5655900441,6.0176347605,Calibration fitted; not prospectively validated,2026-10-07T16:51:22Z,2026-10-09T00:15:00Z,Thu 8:15 PM ET,Dallas Cowboys,Tampa Bay Buccaneers,"{""version"":""nfl-projection-trace-1"",""family"":""rush"",""current_sample"":[{""season"":2026,""week"":1,""opponent_team"":""NYG"",""carries"":12,""rushing_yards"":41},{""season"":2026,""week"":2,""opponent_team"":""WAS"",""carries"":12,""rushing_yards"":30},{""season"":2026,""week"":3,""opponent_team"":""BAL"",""carries"":19,""rushing_yards"":98},{""season"":2026,""week"":4,""opponent_team"":""HOU"",""carries"":19,""rushing_yards"":62}],""recent_mean_weight"":0.5,""carries"":14.378648,""yards_per_carry"":3.871476,""mean_stages"":{""before_adjustments"":55.666596,""after_defense"":49.814288,""after_venue"":51.009831,""final"":51.009831},""sigma"":30.606081,""opponent"":{""team"":""TB"",""kind"":""rush"",""rating"":1.350438,""rank"":3,""of"":32,""allowed"":78.5,""league"":111.390625,""games"":4,""season"":2026},""home"":true,""versus"":{""team"":""TB"",""values"":[12.0],""home"":[false],""since"":""2024 Wk 3"",""note"":""History only, not a model input. In our backtests, results against one opponent did not predict the next meeting beyond a player\u2019s overall form.""}}",RB
259b5df9aa0d10257f56de78523495e0,Tampa Bay Buccaneers @ Dallas Cowboys,CeeDee Lamb,betmgm,BetMGM,receptions,Receptions,over,6.5,105,9.5431810521,0.5789473684,0.0,0.487804878,0.4554079696,0.4557144965,6.5,4,911.4249037227,18.6842105263,Calibration fitted; not prospectively validated,2026-10-07T16:51:44Z,2026-10-09T00:15:00Z,Thu 8:15 PM ET,Dallas Cowboys,Tampa Bay Buccaneers,"{""version"":""nfl-projection-trace-1"",""family"":""receive"",""current_sample"":[{""season"":2026,""week"":1,""opponent_team"":""NYG"",""targets"":8,""receptions"":5,""receiving_yards"":44},{""season"":2026,""week"":2,""opponent_team"":""WAS"",""targets"":9,""receptions"":8,""receiving_yards"":153},{""season"":2026,""week"":3,""opponent_team"":""BAL"",""targets"":8,""receptions"":7,""receiving_yards"":112},{""season"":2026,""week"":4,""opponent_team"":""HOU"",""targets"":21,""receptions"":17,""receiving_yards"":189}],""recent_mean_weight"":0.5,""targets"":11.979951,""catch_rate"":0.826198,""yards_per_reception"":13.099518,""mean_stages"":{""before_adjustments"":9.897815,""after_defense"":9.476843,""after_venue"":9.543181,""final"":9.543181},""sigma"":3.640663,""opponent"":{""team"":""TB"",""kind"":""pass"",""rating"":1.141773,""rank"":8,""of"":32,""allowed"":214.25,""league"":234.585938,""games"":4,""season"":2026},""home"":true,""versus"":{""team"":""TB"",""values"":[7.0,2.0,4.0,7.0],""home"":[false,true,false,true],""since"":""2021 Wk 1"",""note"":""History only, not a model input. In our backtests, results against one opponent did not predict the next meeting beyond a player\u2019s overall form.""}}",WR
259b5df9aa0d10257f56de78523495e0,Tampa Bay Buccaneers @ Dallas Cowboys,George Pickens,betmgm,BetMGM,receptions,Receptions,under,4.5,100,3.6765304794,0.5475728155,0.0,0.5,0.4653465347,0.5,4.5,5,475.7281553398,9.5145631068,Calibration fitted; not prospectively validated,2026-10-07T16:51:44Z,2026-10-09T00:15:00Z,Thu 8:15 PM ET,Dallas Cowboys,Tampa Bay Buccaneers,"{""version"":""nfl-projection-trace-1"",""family"":""receive"",""current_sample"":[{""season"":2026,""week"":1,""opponent_team"":""NYG"",""targets"":6,""receptions"":3,""receiving_yards"":28},{""season"":2026,""week"":2,""opponent_team"":""WAS"",""targets"":8,""receptions"":6,""receiving_yards"":40},{""season"":2026,""week"":3,""opponent_team"":""BAL"",""targets"":11,""receptions"":7,""receiving_yards"":82},{""season"":2026,""week"":4,""opponent_team"":""HOU"",""targets"":3,""receptions"":2,""receiving_yards"":75}],""recent_mean_weight"":0.5,""targets"":5.77012,""catch_rate"":0.660845,""yards_per_reception"":18.0,""mean_stages"":{""before_adjustments"":3.813154,""after_defense"":3.650974,""after_venue"":3.67653,""final"":3.67653},""sigma"":2.085448,""opponent"":{""team"":""TB"",""kind"":""pass"",""rating"":1.141773,""rank"":8,""of"":32,""allowed"":214.25,""league"":234.585938,""games"":4,""season"":2026},""home"":true,""versus"":{""team"":""TB"",""values"":[3.0],""home"":[true],""since"":""2022 Wk 6"",""note"":""History only, not a model input. In our backtests, results against one opponent did not predict the next meeting beyond a player\u2019s overall form.""}}",WR
259b5df9aa0d10257f56de78523495e0,Tampa Bay Buccaneers @ Dallas Cowboys,Tez Johnson,betmgm,BetMGM,receptions,Receptions,over,1.5,130,2.3168649486,0.5475728155,0.0,0.4347826087,0.405904059,0.405904059,1.5,5,1127.9020683833,25.9417475728,Calibration fitted; not prospectively validated,2026-10-07T16:51:44Z,2026-10-09T00:15:00Z,Thu 8:15 PM ET,Dallas Cowboys,Tampa Bay Buccaneers,"{""version"":""nfl-projection-trace-1"",""family"":""receive"",""current_sample"":[{""season"":2026,""week"":1,""opponent_team"":""CIN"",""targets"":1,""receptions"":0,""receiving_yards"":0},{""season"":2026,""week"":2,""opponent_team"":""CLE"",""targets"":4,""receptions"":1,""receiving_yards"":49},{""season"":2026,""week"":3,""opponent_team"":""MIN"",""targets"":2,""receptions"":1,""receiving_yards"":8},{""season"":2026,""week"":4,""opponent_team"":""GB"",""targets"":2,""receptions"":2,""receiving_yards"":17}],""recent_mean_weight"":0.5,""targets"":3.005981,""catch_rate"":0.763547,""yards_per_reception"":12.534439,""mean_stages"":{""before_adjustments"":2.295207,""after_defense"":2.333197,""after_venue"":2.316865,""final"":2.316865},""sigma"":1.807071,""opponent"":{""team"":""DAL"",""kind"":""pass"",""rating"":0.944827,""rank"":20,""of"":32,""allowed"":242.5,""league"":234.585938,""games"":4,""season"":2026},""home"":false,""versus"":null}",WR
259b5df9aa0d10257f56de78523495e0,Tampa Bay Buccaneers @ Dallas Cowboys,Chris Godwin,betmgm,BetMGM,receptions,Receptions,over,3.5,-110,5.3027223207,0.5475728155,0.0,0.5238095238,0.4898785425,0.4898785425,3.5,5,237.6329172446,4.5366284201,Calibration fitted; not prospectively validated,2026-10-07T16:51:44Z,2026-10-09T00:15:00Z,Thu 8:15 PM ET,Dallas Cowboys,Tampa Bay Buccaneers,"{""version"":""nfl-projection-trace-1"",""family"":""receive"",""current_sample"":[{""season"":2026,""week"":1,""opponent_team"":""CIN"",""targets"":4,""receptions"":4,""receiving_yards"":40},{""season"":2026,""week"":2,""opponent_team"":""CLE"",""targets"":3,""receptions"":3,""receiving_yards"":46},{""season"":2026,""week"":3,""opponent_team"":""MIN"",""targets"":4,""receptions"":3,""receiving_yards"":25},{""season"":2026,""week"":4,""opponent_team"":""GB"",""targets"":7,""receptions"":6,""receiving_yards"":31}],""recent_mean_weight"":0.5,""targets"":6.176856,""catch_rate"":0.850457,""yards_per_reception"":9.456595,""mean_stages"":{""before_adjustments"":5.253153,""after_defense"":5.340103,""after_venue"":5.302722,""final"":5.302722},""sigma"":2.275392,""opponent"":{""team"":""DAL"",""kind"":""pass"",""rating"":0.944827,""rank"":20,""of"":32,""allowed"":242.5,""league"":234.585938,""games"":4,""season"":2026},""home"":false,""versus"":{""team"":""DAL"",""values"":[9.0,3.0,10.0],""home"":[true,false,true],""since"":""2021 Wk 1"",""note"":""History only, not a model input. In our backtests, results against one opponent did not predict the next meeting beyond a player\u2019s overall form.""}}",WR
259b5df9aa0d10257f56de78523495e0,Tampa Bay Buccaneers @ Dallas Cowboys,Emeka Egbuka,betmgm,BetMGM,receptions,Receptions,under,2.5,130,2.8668936736,0.4579439252,0.0,0.4347826087,0.405904059,0.3977572243,3.5,2,231.6131653799,5.3271028037,Calibration fitted; not prospectively validated,2026-10-07T16:51:44Z,2026-10-09T00:15:00Z,Thu 8:15 PM ET,Dallas Cowboys,Tampa Bay Buccaneers,"{""version"":""nfl-projection-trace-1"",""family"":""receive"",""current_sample"":[{""season"":2026,""week"":1,""opponent_team"":""CIN"",""targets"":6,""receptions"":5,""receiving_yards"":63},{""season"":2026,""week"":2,""opponent_team"":""CLE"",""targets"":5,""receptions"":3,""receiving_yards"":16},{""season"":2026,""week"":3,""opponent_team"":""MIN"",""targets"":9,""receptions"":5,""receiving_yards"":62},{""season"":2026,""week"":4,""opponent_team"":""GB"",""targets"":4,""receptions"":2,""receiving_yards"":13}],""recent_mean_weight"":0.5,""targets"":5.292047,""catch_rate"":0.536672,""yards_per_reception"":10.694178,""mean_stages"":{""before_adjustments"":2.840094,""after_defense"":2.887103,""after_venue"":2.866894,""final"":2.866894},""sigma"":1.580539,""opponent"":{""team"":""DAL"",""kind"":""pass"",""rating"":0.944827,""rank"":20,""of"":32,""allowed"":242.5,""league"":234.585938,""games"":4,""season"":2026},""home"":false,""versus"":null}",WR
259b5df9aa0d10257f56de78523495e0,Tampa Bay Buccaneers @ Dallas Cowboys,Javonte Williams,betmgm,BetMGM,rush_yds,Rushing yards,under,70.5,-110,51.009830611,0.5647668394,0.0,0.5238095238,0.4898785425,0.4898785425,73.5,1,409.5731556871,7.8191238813,Calibration fitted; not prospectively validated,2026-10-07T16:51:44Z,2026-10-09T00:15:00Z,Thu 8:15 PM ET,Dallas Cowboys,Tampa Bay Buccaneers,"{""version"":""nfl-projection-trace-1"",""family"":""rush"",""current_sample"":[{""season"":2026,""week"":1,""opponent_team"":""NYG"",""carries"":12,""rushing_yards"":41},{""season"":2026,""week"":2,""opponent_team"":""WAS"",""carries"":12,""rushing_yards"":30},{""season"":2026,""week"":3,""opponent_team"":""BAL"",""carries"":19,""rushing_yards"":98},{""season"":2026,""week"":4,""opponent_team"":""HOU"",""carries"":19,""rushing_yards"":62}],""recent_mean_weight"":0.5,""carries"":14.378648,""yards_per_carry"":3.871476,""mean_stages"":{""before_adjustments"":55.666596,""after_defense"":49.814288,""after_venue"":51.009831,""final"":51.009831},""sigma"":30.606081,""opponent"":{""team"":""TB"",""kind"":""rush"",""rating"":1.350438,""rank"":3,""of"":32,""allowed"":78.5,""league"":111.390625,""games"":4,""season"":2026},""home"":true,""versus"":{""team"":""TB"",""values"":[12.0],""home"":[false],""since"":""2024 Wk 3"",""note"":""History only, not a model input. In our backtests, results against one opponent did not predict the next meeting beyond a player\u2019s overall form.""}}",RB
259b5df9aa0d10257f56de78523495e0,Tampa Bay Buccaneers @ Dallas Cowboys,Javonte Williams,fanatics,Fanatics,rush_attempts,Rushing attempts,under,17.5,-115,13.085739081,0.5945945946,0.0,0.5348837209,0.5,0.4969046636,17.5,3,597.1087366436,11.1633372503,Calibration fitted; not prospectively validated,2026-10-07T16:51:01Z,2026-10-09T00:15:00Z,Thu 8:15 PM ET,Dallas Cowboys,Tampa Bay Buccaneers,"{""version"":""nfl-projection-trace-1"",""family"":""rush"",""current_sample"":[{""season"":2026,""week"":1,""opponent_team"":""NYG"",""carries"":12,""rushing_yards"":41},{""season"":2026,""week"":2,""opponent_team"":""WAS"",""carries"":12,""rushing_yards"":30},{""season"":2026,""week"":3,""opponent_team"":""BAL"",""carries"":19,""rushing_yards"":98},{""season"":2026,""week"":4,""opponent_team"":""HOU"",""carries"":19,""rushing_yards"":62}],""recent_mean_weight"":0.5,""carries"":14.378648,""yards_per_carry"":3.871476,""mean_stages"":{""before_adjustments"":14.378648,""after_defense"":12.867,""after_venue"":13.085739,""final"":13.085739},""sigma"":4.786939,""opponent"":{""team"":""TB"",""kind"":""rush"",""rating"":1.350438,""rank"":3,""of"":32,""allowed"":78.5,""league"":111.390625,""games"":4,""season"":2026},""home"":true,""versus"":{""team"":""TB"",""values"":[5.0],""home"":[false],""since"":""2024 Wk 3"",""note"":""History only, not a model input. In our backtests, results against one opponent did not predict the next meeting beyond a player\u2019s overall form.""}}",RB
259b5df9aa0d10257f56de78523495e0,Tampa Bay Buccaneers @ Dallas Cowboys,CeeDee Lamb,bovada,Bovada,receptions,Receptions,over,6.5,105,9.5431810521,0.5789473684,0.0,0.487804878,0.4592085979,0.4557144965,6.5,4,911.4249037227,18.6842105263,Calibration fitted; not prospectively validated,2026-10-07T16:49:47Z,2026-10-09T00:15:00Z,Thu 8:15 PM ET,Dallas Cowboys,Tampa Bay Buccaneers,"{""version"":""nfl-projection-trace-1"",""family"":""receive"",""current_sample"":[{""season"":2026,""week"":1,""opponent_team"":""NYG"",""targets"":8,""receptions"":5,""receiving_yards"":44},{""season"":2026,""week"":2,""opponent_team"":""WAS"",""targets"":9,""receptions"":8,""receiving_yards"":153},{""season"":2026,""week"":3,""opponent_team"":""BAL"",""targets"":8,""receptions"":7,""receiving_yards"":112},{""season"":2026,""week"":4,""opponent_team"":""HOU"",""targets"":21,""receptions"":17,""receiving_yards"":189}],""recent_mean_weight"":0.5,""targets"":11.979951,""catch_rate"":0.826198,""yards_per_reception"":13.099518,""mean_stages"":{""before_adjustments"":9.897815,""after_defense"":9.476843,""after_venue"":9.543181,""final"":9.543181},""sigma"":3.640663,""opponent"":{""team"":""TB"",""kind"":""pass"",""rating"":1.141773,""rank"":8,""of"":32,""allowed"":214.25,""league"":234.585938,""games"":4,""season"":2026},""home"":true,""versus"":{""team"":""TB"",""values"":[7.0,2.0,4.0,7.0],""home"":[false,true,false,true],""since"":""2021 Wk 1"",""note"":""History only, not a model input. In our backtests, results against one opponent did not predict the next meeting beyond a player\u2019s overall form.""}}",WR
259b5df9aa0d10257f56de78523495e0,Tampa Bay Buccaneers @ Dallas Cowboys,Chris Godwin,bovada,Bovada,receptions,Receptions,over,3.5,-110,5.3027223207,0.5475728155,0.0,0.5238095238,0.4898785425,0.4898785425,3.5,5,237.6329172446,4.5366284201,Calibration fitted; not prospectively validated,2026-10-07T16:49:47Z,2026-10-09T00:15:00Z,Thu 8:15 PM ET,Dallas Cowboys,Tampa Bay Buccaneers,"{""version"":""nfl-projection-trace-1"",""family"":""receive"",""current_sample"":[{""season"":2026,""week"":1,""opponent_team"":""CIN"",""targets"":4,""receptions"":4,""receiving_yards"":40},{""season"":2026,""week"":2,""opponent_team"":""CLE"",""targets"":3,""receptions"":3,""receiving_yards"":46},{""season"":2026,""week"":3,""opponent_team"":""MIN"",""targets"":4,""receptions"":3,""receiving_yards"":25},{""season"":2026,""week"":4,""opponent_team"":""GB"",""targets"":7,""receptions"":6,""receiving_yards"":31}],""recent_mean_weight"":0.5,""targets"":6.176856,""catch_rate"":0.850457,""yards_per_reception"":9.456595,""mean_stages"":{""before_adjustments"":5.253153,""after_defense"":5.340103,""after_venue"":5.302722,""final"":5.302722},""sigma"":2.275392,""opponent"":{""team"":""DAL"",""kind"":""pass"",""rating"":0.944827,""rank"":20,""of"":32,""allowed"":242.5,""league"":234.585938,""games"":4,""season"":2026},""home"":false,""versus"":{""team"":""DAL"",""values"":[9.0,3.0,10.0],""home"":[true,false,true],""since"":""2021 Wk 1"",""note"":""History only, not a model input. In our backtests, results against one opponent did not predict the next meeting beyond a player\u2019s overall form.""}}",WR
259b5df9aa0d10257f56de78523495e0,Tampa Bay Buccaneers @ Dallas Cowboys,Emeka Egbuka,bovada,Bovada,receptions,Receptions,over,3.5,135,2.8668936736,0.4524271845,0.0,0.4255319149,0.3982930299,0.3997093023,3.5,3,268.952695724,6.3203883495,Calibration fitted; not prospectively validated,2026-10-07T16:49:47Z,2026-10-09T00:15:00Z,Thu 8:15 PM ET,Dallas Cowboys,Tampa Bay Buccaneers,"{""version"":""nfl-projection-trace-1"",""family"":""receive"",""current_sample"":[{""season"":2026,""week"":1,""opponent_team"":""CIN"",""targets"":6,""receptions"":5,""receiving_yards"":63},{""season"":2026,""week"":2,""opponent_team"":""CLE"",""targets"":5,""receptions"":3,""receiving_yards"":16},{""season"":2026,""week"":3,""opponent_team"":""MIN"",""targets"":9,""receptions"":5,""receiving_yards"":62},{""season"":2026,""week"":4,""opponent_team"":""GB"",""targets"":4,""receptions"":2,""receiving_yards"":13}],""recent_mean_weight"":0.5,""targets"":5.292047,""catch_rate"":0.536672,""yards_per_reception"":10.694178,""mean_stages"":{""before_adjustments"":2.840094,""after_defense"":2.887103,""after_venue"":2.866894,""final"":2.866894},""sigma"":1.580539,""opponent"":{""team"":""DAL"",""kind"":""pass"",""rating"":0.944827,""rank"":20,""of"":32,""allowed"":242.5,""league"":234.585938,""games"":4,""season"":2026},""home"":false,""versus"":null}",WR
259b5df9aa0d10257f56de78523495e0,Tampa Bay Buccaneers @ Dallas Cowboys,George Pickens,bovada,Bovada,receptions,Receptions,under,4.5,-115,3.6765304794,0.5475728155,0.0,0.5348837209,0.5,0.5,4.5,5,126.8909460375,2.3723089911,Calibration fitted; not prospectively validated,2026-10-07T16:49:47Z,2026-10-09T00:15:00Z,Thu 8:15 PM ET,Dallas Cowboys,Tampa Bay Buccaneers,"{""version"":""nfl-projection-trace-1"",""family"":""receive"",""current_sample"":[{""season"":2026,""week"":1,""opponent_team"":""NYG"",""targets"":6,""receptions"":3,""receiving_yards"":28},{""season"":2026,""week"":2,""opponent_team"":""WAS"",""targets"":8,""receptions"":6,""receiving_yards"":40},{""season"":2026,""week"":3,""opponent_team"":""BAL"",""targets"":11,""receptions"":7,""receiving_yards"":82},{""season"":2026,""week"":4,""opponent_team"":""HOU"",""targets"":3,""receptions"":2,""receiving_yards"":75}],""recent_mean_weight"":0.5,""targets"":5.77012,""catch_rate"":0.660845,""yards_per_reception"":18.0,""mean_stages"":{""before_adjustments"":3.813154,""after_defense"":3.650974,""after_venue"":3.67653,""final"":3.67653},""sigma"":2.085448,""opponent"":{""team"":""TB"",""kind"":""pass"",""rating"":1.141773,""rank"":8,""of"":32,""allowed"":214.25,""league"":234.585938,""games"":4,""season"":2026},""home"":true,""versus"":{""team"":""TB"",""values"":[3.0],""home"":[true],""since"":""2022 Wk 6"",""note"":""History only, not a model input. In our backtests, results against one opponent did not predict the next meeting beyond a player\u2019s overall form.""}}",WR
259b5df9aa0d10257f56de78523495e0,Tampa Bay Buccaneers @ Dallas Cowboys,Kenny Gainwell,bovada,Bovada,receptions,Receptions,under,1.5,130,2.3123286235,0.4524271845,0.0,0.4347826087,0.4084720121,0.409005941,1.5,4,176.4457577037,4.0582524272,Calibration fitted; not prospectively validated,2026-10-07T16:49:47Z,2026-10-09T00:15:00Z,Thu 8:15 PM ET,Dallas Cowboys,Tampa Bay Buccaneers,"{""version"":""nfl-projection-trace-1"",""family"":""receive"",""current_sample"":[{""season"":2026,""week"":1,""opponent_team"":""CIN"",""targets"":1,""receptions"":1,""receiving_yards"":3},{""season"":2026,""week"":2,""opponent_team"":""CLE"",""targets"":4,""receptions"":3,""receiving_yards"":5},{""season"":2026,""week"":3,""opponent_team"":""MIN"",""targets"":5,""receptions"":2,""receiving_yards"":14},{""season"":2026,""week"":4,""opponent_team"":""GB"",""targets"":2,""receptions"":2,""receiving_yards"":22}],""recent_mean_weight"":0.5,""targets"":2.767945,""catch_rate"":0.827586,""yards_per_reception"":7.782949,""mean_stages"":{""before_adjustments"":2.290713,""after_defense"":2.328629,""after_venue"":2.312329,""final"":2.312329},""sigma"":1.660346,""opponent"":{""team"":""DAL"",""kind"":""pass"",""rating"":0.944827,""rank"":20,""of"":32,""allowed"":242.5,""league"":234.585938,""games"":4,""season"":2026},""home"":false,""versus"":{""team"":""DAL"",""values"":[3.0,4.0,0.0,4.0,1.0,0.0,1.0,1.0],""home"":[false,true,true,false,true,false,false,true],""since"":""2021 Wk 3"",""note"":""History only, not a model input. In our backtests, results against one opponent did not predict the next meeting beyond a player\u2019s overall form.""}}",RB
259b5df9aa0d10257f56de78523495e0,Tampa Bay Buccaneers @ Dallas Cowboys,Ryan Flournoy,bovada,Bovada,receptions,Receptions,over,3.5,125,3.0262702346,0.4524271845,0.0,0.4444444444,0.416502947,0.4212856418,3.5,4,79.8274002158,1.7961165049,Calibration fitted; not prospectively validated,2026-10-07T16:49:47Z,2026-10-09T00:15:00Z,Thu 8:15 PM ET,Dallas Cowboys,Tampa Bay Buccaneers,"{""version"":""nfl-projection-trace-1"",""family"":""receive"",""current_sample"":[{""season"":2026,""week"":1,""opponent_team"":""NYG"",""targets"":4,""receptions"":2,""receiving_yards"":22},{""season"":2026,""week"":2,""opponent_team"":""WAS"",""targets"":6,""receptions"":5,""receiving_yards"":23},{""season"":2026,""week"":3,""opponent_team"":""BAL"",""targets"":8,""receptions"":2,""receiving_yards"":22},{""season"":2026,""week"":4,""opponent_team"":""HOU"",""targets"":5,""receptions"":4,""receiving_yards"":37}],""recent_mean_weight"":0.5,""targets"":4.784697,""catch_rate"":0.655993,""yards_per_reception"":10.541043,""mean_stages"":{""before_adjustments"":3.13873,""after_defense"":3.005234,""after_venue"":3.02627,""final"":3.02627},""sigma"":1.786169,""opponent"":{""team"":""TB"",""kind"":""pass"",""rating"":1.141773,""rank"":8,""of"":32,""allowed"":214.25,""league"":234.585938,""games"":4,""season"":2026},""home"":true,""versus"":{""team"":""TB"",""values"":[3.0],""home"":[true],""since"":""2024 Wk 16"",""note"":""History only, not a model input. In our backtests, results against one opponent did not predict the next meeting beyond a player\u2019s overall form.""}}",WR
259b5df9aa0d10257f56de78523495e0,Tampa Bay Buccaneers @ Dallas Cowboys,Tez Johnson,bovada,Bovada,receptions,Receptions,over,1.5,130,2.3168649486,0.5475728155,0.0,0.4347826087,0.4084720121,0.405904059,1.5,5,1127.9020683833,25.9417475728,Calibration fitted; not prospectively validated,2026-10-07T16:49:47Z,2026-10-09T00:15:00Z,Thu 8:15 PM ET,Dallas Cowboys,Tampa Bay Buccaneers,"{""version"":""nfl-projection-trace-1"",""family"":""receive"",""current_sample"":[{""season"":2026,""week"":1,""opponent_team"":""CIN"",""targets"":1,""receptions"":0,""receiving_yards"":0},{""season"":2026,""week"":2,""opponent_team"":""CLE"",""targets"":4,""receptions"":1,""receiving_yards"":49},{""season"":2026,""week"":3,""opponent_team"":""MIN"",""targets"":2,""receptions"":1,""receiving_yards"":8},{""season"":2026,""week"":4,""opponent_team"":""GB"",""targets"":2,""receptions"":2,""receiving_yards"":17}],""recent_mean_weight"":0.5,""targets"":3.005981,""catch_rate"":0.763547,""yards_per_reception"":12.534439,""mean_stages"":{""before_adjustments"":2.295207,""after_defense"":2.333197,""after_venue"":2.316865,""final"":2.316865},""sigma"":1.807071,""opponent"":{""team"":""DAL"",""kind"":""pass"",""rating"":0.944827,""rank"":20,""of"":32,""allowed"":242.5,""league"":234.585938,""games"":4,""season"":2026},""home"":false,""versus"":null}",WR
259b5df9aa0d10257f56de78523495e0,Tampa Bay Buccaneers @ Dallas Cowboys,Javonte Williams,bovada,Bovada,rush_yds,Rushing yards,under,73.5,-115,51.009830611,0.5647668394,0.0,0.5348837209,0.5,0.4969864995,73.5,5,298.8311844801,5.5868438838,Calibration fitted; not prospectively validated,2026-10-07T16:49:47Z,2026-10-09T00:15:00Z,Thu 8:15 PM ET,Dallas Cowboys,Tampa Bay Buccaneers,"{""version"":""nfl-projection-trace-1"",""family"":""rush"",""current_sample"":[{""season"":2026,""week"":1,""opponent_team"":""NYG"",""carries"":12,""rushing_yards"":41},{""season"":2026,""week"":2,""opponent_team"":""WAS"",""carries"":12,""rushing_yards"":30},{""season"":2026,""week"":3,""opponent_team"":""BAL"",""carries"":19,""rushing_yards"":98},{""season"":2026,""week"":4,""opponent_team"":""HOU"",""carries"":19,""rushing_yards"":62}],""recent_mean_weight"":0.5,""carries"":14.378648,""yards_per_carry"":3.871476,""mean_stages"":{""before_adjustments"":55.666596,""after_defense"":49.814288,""after_venue"":51.009831,""final"":51.009831},""sigma"":30.606081,""opponent"":{""team"":""TB"",""kind"":""rush"",""rating"":1.350438,""rank"":3,""of"":32,""allowed"":78.5,""league"":111.390625,""games"":4,""season"":2026},""home"":true,""versus"":{""team"":""TB"",""values"":[12.0],""home"":[false],""since"":""2024 Wk 3"",""note"":""History only, not a model input. In our backtests, results against one opponent did not predict the next meeting beyond a player\u2019s overall form.""}}",RB
21b26266f3d78af02eb672e606275d95,Philadelphia Eagles @ Jacksonville Jaguars,Trevor Lawrence,draftkings,DraftKings,pass_attempts,Passing attempts,under,31.5,-122,27.8596233845,0.6363636364,0.0,0.5495495495,0.5187593797,0.5187593797,31.5,3,868.1408681409,15.7973174367,Calibration fitted; not prospectively validated,2026-10-07T16:51:17Z,2026-10-11T13:30:00Z,Sun 9:30 AM ET,Jacksonville Jaguars,Philadelphia Eagles,"{""version"":""nfl-projection-trace-1"",""current_sample"":[{""season"":2026,""week"":1,""opponent_team"":""CLE"",""attempts"":23,""completions"":18,""passing_yards"":245},{""season"":2026,""week"":2,""opponent_team"":""DEN"",""attempts"":29,""completions"":17,""passing_yards"":189},{""season"":2026,""week"":3,""opponent_team"":""NE"",""attempts"":29,""completions"":19,""passing_yards"":182},{""season"":2026,""week"":4,""opponent_team"":""CIN"",""attempts"":23,""completions"":18,""passing_yards"":227}],""recent_mean_weight"":0.5,""yards_per_completion_recent_weight"":0.5,""career_baselines"":{""attempts"":{""mean"":31.45846,""games"":80,""position_pool_mean"":27.838228},""yards_per_completion"":{""mean"":11.170149,""games"":80,""position_pool_mean"":10.96096}},""attempts"":28.263713,""completion_rate"":0.731871,""yards_per_completion"":11.463345,""limitations"":[""Appearance totals do not distinguish partial games from normal starter workloads."",""Completion rate uses recent games without career shrinkage."",""Variance omits completion-rate uncertainty and dependence among components.""],""mean_stages"":{""before_adjustments"":28.263713,""after_defense"":27.859623,""after_venue"":27.859623,""final"":27.859623},""sigma"":7.345039,""opponent"":{""team"":""PHI"",""kind"":""pass"",""rating"":1.047657,""rank"":15,""of"":32,""allowed"":227.75,""league"":234.585938,""games"":4,""season"":2026},""home"":true,""versus"":{""team"":""PHI"",""values"":[23.0,31.0],""home"":[false,false],""since"":""2022 Wk 4"",""note"":""History only, not a model input. In our backtests, results against one opponent did not predict the next meeting beyond a player\u2019s overall form.""}}",QB
21b26266f3d78af02eb672e606275d95,Philadelphia Eagles @ Jacksonville Jaguars,Jalen Hurts,draftkings,DraftKings,pass_tds,Passing touchdowns,under,0.5,164,1.6695,0.4666666667,0.0,0.3787878788,0.3582784203,0.3587443946,0.5,5,878.7878787879,23.2,Calibration fitted; not prospectively validated,2026-10-07T16:51:17Z,2026-10-11T13:30:00Z,Sun 9:30 AM ET,Jacksonville Jaguars,Philadelphia Eagles,,QB
21b26266f3d78af02eb672e606275d95,Philadelphia Eagles @ Jacksonville Jaguars,Jalen Hurts,fanduel,FanDuel,pass_tds,Passing touchdowns,under,0.5,158,1.6695,0.4666666667,0.0,0.3875968992,0.36219386,0.3587443946,0.5,5,790.6976744186,20.4,Calibration fitted; not prospectively validated,2026-10-07T16:51:36Z,2026-10-11T13:30:00Z,Sun 9:30 AM ET,Jacksonville Jaguars,Philadelphia Eagles,,QB
21b26266f3d78af02eb672e606275d95,Philadelphia Eagles @ Jacksonville Jaguars,Trevor Lawrence,bovada,Bovada,pass_attempts,Passing attempts,under,31.5,-125,27.8596233845,0.6363636364,0.0,0.5555555556,0.5203045685,0.5187593797,31.5,3,808.0808080808,14.5454545455,Calibration fitted; not prospectively validated,2026-10-07T16:50:11Z,2026-10-11T13:30:00Z,Sun 9:30 AM ET,Jacksonville Jaguars,Philadelphia Eagles,"{""version"":""nfl-projection-trace-1"",""current_sample"":[{""season"":2026,""week"":1,""opponent_team"":""CLE"",""attempts"":23,""completions"":18,""passing_yards"":245},{""season"":2026,""week"":2,""opponent_team"":""DEN"",""attempts"":29,""completions"":17,""passing_yards"":189},{""season"":2026,""week"":3,""opponent_team"":""NE"",""attempts"":29,""completions"":19,""passing_yards"":182},{""season"":2026,""week"":4,""opponent_team"":""CIN"",""attempts"":23,""completions"":18,""passing_yards"":227}],""recent_mean_weight"":0.5,""yards_per_completion_recent_weight"":0.5,""career_baselines"":{""attempts"":{""mean"":31.45846,""games"":80,""position_pool_mean"":27.838228},""yards_per_completion"":{""mean"":11.170149,""games"":80,""position_pool_mean"":10.96096}},""attempts"":28.263713,""completion_rate"":0.731871,""yards_per_completion"":11.463345,""limitations"":[""Appearance totals do not distinguish partial games from normal starter workloads."",""Completion rate uses recent games without career shrinkage."",""Variance omits completion-rate uncertainty and dependence among components.""],""mean_stages"":{""before_adjustments"":28.263713,""after_defense"":27.859623,""after_venue"":27.859623,""final"":27.859623},""sigma"":7.345039,""opponent"":{""team"":""PHI"",""kind"":""pass"",""rating"":1.047657,""rank"":15,""of"":32,""allowed"":227.75,""league"":234.585938,""games"":4,""season"":2026},""home"":true,""versus"":{""team"":""PHI"",""values"":[23.0,31.0],""home"":[false,false],""since"":""2022 Wk 4"",""note"":""History only, not a model input. In our backtests, results against one opponent did not predict the next meeting beyond a player\u2019s overall form.""}}",QB
21b26266f3d78af02eb672e606275d95,Philadelphia Eagles @ Jacksonville Jaguars,Jalen Hurts,bovada,Bovada,pass_tds,Passing touchdowns,under,0.5,160,1.6695,0.4666666667,0.0,0.3846153846,0.3604118993,0.3587443946,0.5,5,820.5128205128,21.3333333333,Calibration fitted; not prospectively validated,2026-10-07T16:50:11Z,2026-10-11T13:30:00Z,Sun 9:30 AM ET,Jacksonville Jaguars,Philadelphia Eagles,,QB
21b26266f3d78af02eb672e606275d95,Philadelphia Eagles @ Jacksonville Jaguars,Trevor Lawrence,betonlineag,BetOnline.ag,pass_attempts,Passing attempts,under,31.5,-123,27.8596233845,0.6363636364,0.0,0.5515695067,0.5185070944,0.5187593797,31.5,3,847.9412963718,15.3732446415,Calibration fitted; not prospectively validated,2026-10-07T16:51:00Z,2026-10-11T13:30:00Z,Sun 9:30 AM ET,Jacksonville Jaguars,Philadelphia Eagles,"{""version"":""nfl-projection-trace-1"",""current_sample"":[{""season"":2026,""week"":1,""opponent_team"":""CLE"",""attempts"":23,""completions"":18,""passing_yards"":245},{""season"":2026,""week"":2,""opponent_team"":""DEN"",""attempts"":29,""completions"":17,""passing_yards"":189},{""season"":2026,""week"":3,""opponent_team"":""NE"",""attempts"":29,""completions"":19,""passing_yards"":182},{""season"":2026,""week"":4,""opponent_team"":""CIN"",""attempts"":23,""completions"":18,""passing_yards"":227}],""recent_mean_weight"":0.5,""yards_per_completion_recent_weight"":0.5,""career_baselines"":{""attempts"":{""mean"":31.45846,""games"":80,""position_pool_mean"":27.838228},""yards_per_completion"":{""mean"":11.170149,""games"":80,""position_pool_mean"":10.96096}},""attempts"":28.263713,""completion_rate"":0.731871,""yards_per_completion"":11.463345,""limitations"":[""Appearance totals do not distinguish partial games from normal starter workloads."",""Completion rate uses recent games without career shrinkage."",""Variance omits completion-rate uncertainty and dependence among components.""],""mean_stages"":{""before_adjustments"":28.263713,""after_defense"":27.859623,""after_venue"":27.859623,""final"":27.859623},""sigma"":7.345039,""opponent"":{""team"":""PHI"",""kind"":""pass"",""rating"":1.047657,""rank"":15,""of"":32,""allowed"":227.75,""league"":234.585938,""games"":4,""season"":2026},""home"":true,""versus"":{""team"":""PHI"",""values"":[23.0,31.0],""home"":[false,false],""since"":""2022 Wk 4"",""note"":""History only, not a model input. In our backtests, results against one opponent did not predict the next meeting beyond a player\u2019s overall form.""}}",QB
21b26266f3d78af02eb672e606275d95,Philadelphia Eagles @ Jacksonville Jaguars,Jalen Hurts,betonlineag,BetOnline.ag,pass_tds,Passing touchdowns,under,0.5,164,1.6695,0.4666666667,0.0,0.3787878788,0.356227806,0.3587443946,0.5,5,878.7878787879,23.2,Calibration fitted; not prospectively validated,2026-10-07T16:51:00Z,2026-10-11T13:30:00Z,Sun 9:30 AM ET,Jacksonville Jaguars,Philadelphia Eagles,,QB
21b26266f3d78af02eb672e606275d95,Philadelphia Eagles @ Jacksonville Jaguars,Trevor Lawrence,betrivers,BetRivers,pass_completions,Passing completions,over,19.5,104,20.3896369961,0.5,0.0,0.4901960784,,0.4844887492,19.5,3,98.0392156863,2.0,Calibration fitted; not prospectively validated,2026-10-07T16:51:31Z,2026-10-11T13:30:00Z,Sun 9:30 AM ET,Jacksonville Jaguars,Philadelphia Eagles,"{""version"":""nfl-projection-trace-1"",""current_sample"":[{""season"":2026,""week"":1,""opponent_team"":""CLE"",""attempts"":23,""completions"":18,""passing_yards"":245},{""season"":2026,""week"":2,""opponent_team"":""DEN"",""attempts"":29,""completions"":17,""passing_yards"":189},{""season"":2026,""week"":3,""opponent_team"":""NE"",""attempts"":29,""completions"":19,""passing_yards"":182},{""season"":2026,""week"":4,""opponent_team"":""CIN"",""attempts"":23,""completions"":18,""passing_yards"":227}],""recent_mean_weight"":0.5,""yards_per_completion_recent_weight"":0.5,""career_baselines"":{""attempts"":{""mean"":31.45846,""games"":80,""position_pool_mean"":27.838228},""yards_per_completion"":{""mean"":11.170149,""games"":80,""position_pool_mean"":10.96096}},""attempts"":28.263713,""completion_rate"":0.731871,""yards_per_completion"":11.463345,""limitations"":[""Appearance totals do not distinguish partial games from normal starter workloads."",""Completion rate uses recent games without career shrinkage."",""Variance omits completion-rate uncertainty and dependence among components.""],""mean_stages"":{""before_adjustments"":20.685378,""after_defense"":20.389637,""after_venue"":20.389637,""final"":20.389637},""sigma"":5.375618,""opponent"":{""team"":""PHI"",""kind"":""pass"",""rating"":1.047657,""rank"":15,""of"":32,""allowed"":227.75,""league"":234.585938,""games"":4,""season"":2026},""home"":true,""versus"":{""team"":""PHI"",""values"":[11.0,16.0],""home"":[false,false],""since"":""2022 Wk 4"",""note"":""History only, not a model input. In our backtests, results against one opponent did not predict the next meeting beyond a player\u2019s overall form.""}}",QB
21b26266f3d78af02eb672e606275d95,Philadelphia Eagles @ Jacksonville Jaguars,Trevor Lawrence,betrivers,BetRivers,pass_tds,Passing touchdowns,over,1.5,105,2.092,0.5,0.0,0.487804878,0.4546740874,0.4897419064,1.5,5,121.9512195122,2.5,Calibration fitted; not prospectively validated,2026-10-07T16:51:31Z,2026-10-11T13:30:00Z,Sun 9:30 AM ET,Jacksonville Jaguars,Philadelphia Eagles,,QB
21b26266f3d78af02eb672e606275d95,Philadelphia Eagles @ Jacksonville Jaguars,Jalen Hurts,betrivers,BetRivers,pass_tds,Passing touchdowns,under,0.5,160,1.6695,0.4666666667,0.0,0.3846153846,0.3587443946,0.3587443946,0.5,5,820.5128205128,21.3333333333,Calibration fitted; not prospectively validated,2026-10-07T16:51:31Z,2026-10-11T13:30:00Z,Sun 9:30 AM ET,Jacksonville Jaguars,Philadelphia Eagles,,QB
21b26266f3d78af02eb672e606275d95,Philadelphia Eagles @ Jacksonville Jaguars,Parker Washington,draftkings,DraftKings,receptions,Receptions,under,4.5,104,2.2450203644,0.5789473684,0.0,0.4901960784,0.4628151931,0.467328755,4.5,4,887.5128998968,18.1052631579,Calibration fitted; not prospectively validated,2026-10-07T16:51:17Z,2026-10-11T13:30:00Z,Sun 9:30 AM ET,Jacksonville Jaguars,Philadelphia Eagles,"{""version"":""nfl-projection-trace-1"",""family"":""receive"",""current_sample"":[{""season"":2026,""week"":1,""opponent_team"":""CLE"",""targets"":6,""receptions"":5,""receiving_yards"":83},{""season"":2026,""week"":2,""opponent_team"":""DEN"",""targets"":12,""receptions"":7,""receiving_yards"":98},{""season"":2026,""week"":3,""opponent_team"":""NE"",""targets"":5,""receptions"":3,""receiving_yards"":40},{""season"":2026,""week"":4,""opponent_team"":""CIN"",""targets"":3,""receptions"":1,""receiving_yards"":7}],""recent_mean_weight"":0.5,""targets"":4.523502,""catch_rate"":0.5,""yards_per_reception"":11.162639,""mean_stages"":{""before_adjustments"":2.261751,""after_defense"":2.229414,""after_venue"":2.24502,""final"":2.24502},""sigma"":1.648402,""opponent"":{""team"":""PHI"",""kind"":""pass"",""rating"":1.047657,""rank"":15,""of"":32,""allowed"":227.75,""league"":234.585938,""games"":4,""season"":2026},""home"":true,""versus"":{""team"":""PHI"",""values"":[3.0],""home"":[false],""since"":""2024 Wk 9"",""note"":""History only, not a model input. In our backtests, results against one opponent did not predict the next meeting beyond a player\u2019s overall form.""}}",WR
21b26266f3d78af02eb672e606275d95,Philadelphia Eagles @ Jacksonville Jaguars,Brenton Strange,draftkings,DraftKings,receptions,Receptions,over,3.5,106,4.0312065929,0.5475728155,0.0,0.4854368932,0.4580003898,0.4586044939,3.5,4,621.359223301,12.8,Calibration fitted; not prospectively validated,2026-10-07T16:51:17Z,2026-10-11T13:30:00Z,Sun 9:30 AM ET,Jacksonville Jaguars,Philadelphia Eagles,"{""version"":""nfl-projection-trace-1"",""family"":""receive"",""current_sample"":[{""season"":2026,""week"":1,""opponent_team"":""CLE"",""targets"":3,""receptions"":2,""receiving_yards"":23},{""season"":2026,""week"":2,""opponent_team"":""DEN"",""targets"":2,""receptions"":2,""receiving_yards"":17},{""season"":2026,""week"":3,""opponent_team"":""NE"",""targets"":5,""receptions"":3,""receiving_yards"":32},{""season"":2026,""week"":4,""opponent_team"":""CIN"",""targets"":8,""receptions"":7,""receiving_yards"":95}],""recent_mean_weight"":0.5,""targets"":5.005414,""catch_rate"":0.811371,""yards_per_reception"":11.585686,""mean_stages"":{""before_adjustments"":4.061248,""after_defense"":4.003184,""after_venue"":4.031207,""final"":4.031207},""sigma"":1.995511,""opponent"":{""team"":""PHI"",""kind"":""pass"",""rating"":1.047657,""rank"":15,""of"":32,""allowed"":227.75,""league"":234.585938,""games"":4,""season"":2026},""home"":true,""versus"":null}",TE
21b26266f3d78af02eb672e606275d95,Philadelphia Eagles @ Jacksonville Jaguars,Brian Thomas,draftkings,DraftKings,receptions,Receptions,over,2.5,141,3.6348706299,0.5475728155,0.0,0.4149377593,0.3922667414,0.3916066217,2.5,4,1326.3505619788,31.9650485437,Calibration fitted; not prospectively validated,2026-10-07T16:51:17Z,2026-10-11T13:30:00Z,Sun 9:30 AM ET,Jacksonville Jaguars,Philadelphia Eagles,"{""version"":""nfl-projection-trace-1"",""family"":""receive"",""current_sample"":[{""season"":2026,""week"":1,""opponent_team"":""CLE"",""targets"":3,""receptions"":3,""receiving_yards"":40},{""season"":2026,""week"":2,""opponent_team"":""DEN"",""targets"":8,""receptions"":3,""receiving_yards"":40},{""season"":2026,""week"":3,""opponent_team"":""NE"",""targets"":1,""receptions"":1,""receiving_yards"":8},{""season"":2026,""week"":4,""opponent_team"":""CIN"",""targets"":2,""receptions"":2,""receiving_yards"":17}],""recent_mean_weight"":0.5,""targets"":3.902245,""catch_rate"":0.938424,""yards_per_reception"":11.471875,""mean_stages"":{""before_adjustments"":3.661959,""after_defense"":3.609603,""after_venue"":3.634871,""final"":3.634871},""sigma"":2.699248,""opponent"":{""team"":""PHI"",""kind"":""pass"",""rating"":1.047657,""rank"":15,""of"":32,""allowed"":227.75,""league"":234.585938,""games"":4,""season"":2026},""home"":true,""versus"":{""team"":""PHI"",""values"":[2.0],""home"":[false],""since"":""2024 Wk 9"",""note"":""History only, not a model input. In our backtests, results against one opponent did not predict the next meeting beyond a player\u2019s overall form.""}}",WR
21b26266f3d78af02eb672e606275d95,Philadelphia Eagles @ Jacksonville Jaguars,Bhayshul Tuten,draftkings,DraftKings,receptions,Receptions,over,1.5,-112,1.7346060902,0.5420560748,0.0,0.5283018868,0.4989542374,0.5,1.5,4,137.541879739,2.6034712951,Calibration fitted; not prospectively validated,2026-10-07T16:51:17Z,2026-10-11T13:30:00Z,Sun 9:30 AM ET,Jacksonville Jaguars,Philadelphia Eagles,"{""version"":""nfl-projection-trace-1"",""family"":""receive"",""current_sample"":[{""season"":2026,""week"":1,""opponent_team"":""CLE"",""targets"":1,""receptions"":1,""receiving_yards"":22},{""season"":2026,""week"":2,""opponent_team"":""DEN"",""targets"":2,""receptions"":2,""receiving_yards"":-3},{""season"":2026,""week"":3,""opponent_team"":""NE"",""targets"":2,""receptions"":2,""receiving_yards"":17},{""season"":2026,""week"":4,""opponent_team"":""CIN"",""targets"":2,""receptions"":2,""receiving_yards"":18}],""recent_mean_weight"":0.5,""targets"":1.839508,""catch_rate"":0.95,""yards_per_reception"":7.801981,""mean_stages"":{""before_adjustments"":1.747533,""after_defense"":1.722548,""after_venue"":1.734606,""final"":1.734606},""sigma"":1.222156,""opponent"":{""team"":""PHI"",""kind"":""pass"",""rating"":1.047657,""rank"":15,""of"":32,""allowed"":227.75,""league"":234.585938,""games"":4,""season"":2026},""home"":true,""versus"":null}",RB
21b26266f3d78af02eb672e606275d95,Philadelphia Eagles @ Jacksonville Jaguars,Josh Cameron,draftkings,DraftKings,receptions,Receptions,over,1.5,122,2.5971867219,0.5475728155,0.0,0.4504504505,0.4256384577,0.4252375295,1.5,4,971.2236508353,21.5611650485,Calibration fitted; not prospectively validated,2026-10-07T16:51:17Z,2026-10-11T13:30:00Z,Sun 9:30 AM ET,Jacksonville Jaguars,Philadelphia Eagles,"{""version"":""nfl-projection-trace-1"",""family"":""receive"",""current_sample"":[{""season"":2026,""week"":1,""opponent_team"":""CLE"",""targets"":2,""receptions"":2,""receiving_yards"":20},{""season"":2026,""week"":2,""opponent_team"":""DEN"",""targets"":0,""receptions"":0,""receiving_yards"":0},{""season"":2026,""week"":3,""opponent_team"":""NE"",""targets"":2,""receptions"":1,""receiving_yards"":12},{""season"":2026,""week"":4,""opponent_team"":""CIN"",""targets"":2,""receptions"":2,""receiving_yards"":42}],""recent_mean_weight"":0.5,""targets"":3.001327,""catch_rate"":0.871795,""yards_per_reception"":14.774386,""mean_stages"":{""before_adjustments"":2.616542,""after_defense"":2.579133,""after_venue"":2.597187,""final"":2.597187},""sigma"":2.261171,""opponent"":{""team"":""PHI"",""kind"":""pass"",""rating"":1.047657,""rank"":15,""of"":32,""allowed"":227.75,""league"":234.585938,""games"":4,""season"":2026},""home"":true,""versus"":null}",WR
21b26266f3d78af02eb672e606275d95,Philadelphia Eagles @ Jacksonville Jaguars,Bhayshul Tuten,draftkings,DraftKings,rush_attempts,Rushing attempts,under,14.5,-106,12.1176106119,0.55,0.0,0.5145631068,0.4844887492,0.4871153278,14.5,2,354.3689320388,6.8867924528,Calibration fitted; not prospectively validated,2026-10-07T16:51:17Z,2026-10-11T13:30:00Z,Sun 9:30 AM ET,Jacksonville Jaguars,Philadelphia Eagles,"{""version"":""nfl-projection-trace-1"",""family"":""rush"",""current_sample"":[{""season"":2026,""week"":1,""opponent_team"":""CLE"",""carries"":15,""rushing_yards"":66},{""season"":2026,""week"":2,""opponent_team"":""DEN"",""carries"":13,""rushing_yards"":65},{""season"":2026,""week"":3,""opponent_team"":""NE"",""carries"":15,""rushing_yards"":73},{""season"":2026,""week"":4,""opponent_team"":""CIN"",""carries"":17,""rushing_yards"":73}],""recent_mean_weight"":0.5,""carries"":11.524247,""yards_per_carry"":4.342257,""mean_stages"":{""before_adjustments"":11.524247,""after_defense"":11.915055,""after_venue"":12.117611,""final"":12.117611},""sigma"":4.411981,""opponent"":{""team"":""PHI"",""kind"":""rush"",""rating"":0.886961,""rank"":23,""of"":32,""allowed"":122.0,""league"":111.390625,""games"":4,""season"":2026},""home"":true,""versus"":null}",RB
21b26266f3d78af02eb672e606275d95,Philadelphia Eagles @ Jacksonville Jaguars,Jalen Hurts,draftkings,DraftKings,rush_attempts,Rushing attempts,over,6.5,115,5.6446210666,0.4915254237,0.0,0.4651162791,0.4386821774,0.4380115023,6.5,2,264.0914465905,5.6779661017,Calibration fitted; not prospectively validated,2026-10-07T16:51:17Z,2026-10-11T13:30:00Z,Sun 9:30 AM ET,Jacksonville Jaguars,Philadelphia Eagles,"{""version"":""nfl-projection-trace-1"",""family"":""rush"",""current_sample"":[{""season"":2026,""week"":1,""opponent_team"":""WAS"",""carries"":7,""rushing_yards"":46},{""season"":2026,""week"":2,""opponent_team"":""TEN"",""carries"":5,""rushing_yards"":16},{""season"":2026,""week"":3,""opponent_team"":""CHI"",""carries"":4,""rushing_yards"":25},{""season"":2026,""week"":4,""opponent_team"":""LA"",""carries"":5,""rushing_yards"":18}],""recent_mean_weight"":0.5,""carries"":6.515765,""yards_per_carry"":4.318078,""mean_stages"":{""before_adjustments"":6.515765,""after_defense"":5.742239,""after_venue"":5.644621,""final"":5.644621},""sigma"":3.440147,""opponent"":{""team"":""JAX"",""kind"":""rush"",""rating"":1.39572,""rank"":2,""of"":32,""allowed"":74.25,""league"":111.390625,""games"":4,""season"":2026},""home"":false,""versus"":{""team"":""JAX"",""values"":[16.0,13.0],""home"":[true,true],""since"":""2022 Wk 4"",""note"":""History only, not a model input. In our backtests, results against one opponent did not predict the next meeting beyond a player\u2019s overall form.""}}",QB
21b26266f3d78af02eb672e606275d95,Philadelphia Eagles @ Jacksonville Jaguars,Bhayshul Tuten,draftkings,DraftKings,rush_yds,Rushing yards,under,66.5,-113,52.9799475156,0.5647668394,0.0,0.5305164319,0.5021058838,0.5,66.5,3,342.5040745336,6.4560502545,Calibration fitted; not prospectively validated,2026-10-07T16:51:17Z,2026-10-11T13:30:00Z,Sun 9:30 AM ET,Jacksonville Jaguars,Philadelphia Eagles,"{""version"":""nfl-projection-trace-1"",""family"":""rush"",""current_sample"":[{""season"":2026,""week"":1,""opponent_team"":""CLE"",""carries"":15,""rushing_yards"":66},{""season"":2026,""week"":2,""opponent_team"":""DEN"",""carries"":13,""rushing_yards"":65},{""season"":2026,""week"":3,""opponent_team"":""NE"",""carries"":15,""rushing_yards"":73},{""season"":2026,""week"":4,""opponent_team"":""CIN"",""carries"":17,""rushing_yards"":73}],""recent_mean_weight"":0.5,""carries"":11.524247,""yards_per_carry"":4.342257,""mean_stages"":{""before_adjustments"":50.041244,""after_defense"":51.73823,""after_venue"":52.979948,""final"":52.979948},""sigma"":28.970918,""opponent"":{""team"":""PHI"",""kind"":""rush"",""rating"":0.886961,""rank"":23,""of"":32,""allowed"":122.0,""league"":111.390625,""games"":4,""season"":2026},""home"":true,""versus"":null}",RB
21b26266f3d78af02eb672e606275d95,Philadelphia Eagles @ Jacksonville Jaguars,Brian Thomas,fanduel,FanDuel,receptions,Receptions,over,2.5,134,3.6348706299,0.5475728155,0.0,0.4273504274,0.3993154592,0.3916066217,2.5,4,1202.2238818355,28.132038835,Calibration fitted; not prospectively validated,2026-10-07T16:51:36Z,2026-10-11T13:30:00Z,Sun 9:30 AM ET,Jacksonville Jaguars,Philadelphia Eagles,"{""version"":""nfl-projection-trace-1"",""family"":""receive"",""current_sample"":[{""season"":2026,""week"":1,""opponent_team"":""CLE"",""targets"":3,""receptions"":3,""receiving_yards"":40},{""season"":2026,""week"":2,""opponent_team"":""DEN"",""targets"":8,""receptions"":3,""receiving_yards"":40},{""season"":2026,""week"":3,""opponent_team"":""NE"",""targets"":1,""receptions"":1,""receiving_yards"":8},{""season"":2026,""week"":4,""opponent_team"":""CIN"",""targets"":2,""receptions"":2,""receiving_yards"":17}],""recent_mean_weight"":0.5,""targets"":3.902245,""catch_rate"":0.938424,""yards_per_reception"":11.471875,""mean_stages"":{""before_adjustments"":3.661959,""after_defense"":3.609603,""after_venue"":3.634871,""final"":3.634871},""sigma"":2.699248,""opponent"":{""team"":""PHI"",""kind"":""pass"",""rating"":1.047657,""rank"":15,""of"":32,""allowed"":227.75,""league"":234.585938,""games"":4,""season"":2026},""home"":true,""versus"":{""team"":""PHI"",""values"":[2.0],""home"":[false],""since"":""2024 Wk 9"",""note"":""History only, not a model input. In our backtests, results against one opponent did not predict the next meeting beyond a player\u2019s overall form.""}}",WR
21b26266f3d78af02eb672e606275d95,Philadelphia Eagles @ Jacksonville Jaguars,Bhayshul Tuten,fanduel,FanDuel,receptions,Receptions,over,1.5,-114,1.7346060902,0.5420560748,0.0,0.5327102804,0.5,0.5,1.5,4,93.4579439252,1.7543859649,Calibration fitted; not prospectively validated,2026-10-07T16:51:36Z,2026-10-11T13:30:00Z,Sun 9:30 AM ET,Jacksonville Jaguars,Philadelphia Eagles,"{""version"":""nfl-projection-trace-1"",""family"":""receive"",""current_sample"":[{""season"":2026,""week"":1,""opponent_team"":""CLE"",""targets"":1,""receptions"":1,""receiving_yards"":22},{""season"":2026,""week"":2,""opponent_team"":""DEN"",""targets"":2,""receptions"":2,""receiving_yards"":-3},{""season"":2026,""week"":3,""opponent_team"":""NE"",""targets"":2,""receptions"":2,""receiving_yards"":17},{""season"":2026,""week"":4,""opponent_team"":""CIN"",""targets"":2,""receptions"":2,""receiving_yards"":18}],""recent_mean_weight"":0.5,""targets"":1.839508,""catch_rate"":0.95,""yards_per_reception"":7.801981,""mean_stages"":{""before_adjustments"":1.747533,""after_defense"":1.722548,""after_venue"":1.734606,""final"":1.734606},""sigma"":1.222156,""opponent"":{""team"":""PHI"",""kind"":""pass"",""rating"":1.047657,""rank"":15,""of"":32,""allowed"":227.75,""league"":234.585938,""games"":4,""season"":2026},""home"":true,""versus"":null}",RB
21b26266f3d78af02eb672e606275d95,Philadelphia Eagles @ Jacksonville Jaguars,Josh Cameron,fanduel,FanDuel,receptions,Receptions,over,1.5,114,2.5971867219,0.5475728155,0.0,0.4672897196,0.4365299335,0.4252375295,1.5,4,802.8309590781,17.1805825243,Calibration fitted; not prospectively validated,2026-10-07T16:51:36Z,2026-10-11T13:30:00Z,Sun 9:30 AM ET,Jacksonville Jaguars,Philadelphia Eagles,"{""version"":""nfl-projection-trace-1"",""family"":""receive"",""current_sample"":[{""season"":2026,""week"":1,""opponent_team"":""CLE"",""targets"":2,""receptions"":2,""receiving_yards"":20},{""season"":2026,""week"":2,""opponent_team"":""DEN"",""targets"":0,""receptions"":0,""receiving_yards"":0},{""season"":2026,""week"":3,""opponent_team"":""NE"",""targets"":2,""receptions"":1,""receiving_yards"":12},{""season"":2026,""week"":4,""opponent_team"":""CIN"",""targets"":2,""receptions"":2,""receiving_yards"":42}],""recent_mean_weight"":0.5,""targets"":3.001327,""catch_rate"":0.871795,""yards_per_reception"":14.774386,""mean_stages"":{""before_adjustments"":2.616542,""after_defense"":2.579133,""after_venue"":2.597187,""final"":2.597187},""sigma"":2.261171,""opponent"":{""team"":""PHI"",""kind"":""pass"",""rating"":1.047657,""rank"":15,""of"":32,""allowed"":227.75,""league"":234.585938,""games"":4,""season"":2026},""home"":true,""versus"":null}",WR
21b26266f3d78af02eb672e606275d95,Philadelphia Eagles @ Jacksonville Jaguars,Brenton Strange,fanduel,FanDuel,receptions,Receptions,over,3.5,112,4.0312065929,0.5475728155,0.0,0.4716981132,0.4414696668,0.4586044939,3.5,4,758.7470232643,16.0854368932,Calibration fitted; not prospectively validated,2026-10-07T16:51:36Z,2026-10-11T13:30:00Z,Sun 9:30 AM ET,Jacksonville Jaguars,Philadelphia Eagles,"{""version"":""nfl-projection-trace-1"",""family"":""receive"",""current_sample"":[{""season"":2026,""week"":1,""opponent_team"":""CLE"",""targets"":3,""receptions"":2,""receiving_yards"":23},{""season"":2026,""week"":2,""opponent_team"":""DEN"",""targets"":2,""receptions"":2,""receiving_yards"":17},{""season"":2026,""week"":3,""opponent_team"":""NE"",""targets"":5,""receptions"":3,""receiving_yards"":32},{""season"":2026,""week"":4,""opponent_team"":""CIN"",""targets"":8,""receptions"":7,""receiving_yards"":95}],""recent_mean_weight"":0.5,""targets"":5.005414,""catch_rate"":0.811371,""yards_per_reception"":11.585686,""mean_stages"":{""before_adjustments"":4.061248,""after_defense"":4.003184,""after_venue"":4.031207,""final"":4.031207},""sigma"":1.995511,""opponent"":{""team"":""PHI"",""kind"":""pass"",""rating"":1.047657,""rank"":15,""of"":32,""allowed"":227.75,""league"":234.585938,""games"":4,""season"":2026},""home"":true,""versus"":null}",TE
21b26266f3d78af02eb672e606275d95,Philadelphia Eagles @ Jacksonville Jaguars,Parker Washington,fanduel,FanDuel,receptions,Receptions,under,4.5,-102,2.2450203644,0.5789473684,0.0,0.504950495,0.471842317,0.467328755,4.5,4,739.9687337155,14.6542827657,Calibration fitted; not prospectively validated,2026-10-07T16:51:36Z,2026-10-11T13:30:00Z,Sun 9:30 AM ET,Jacksonville Jaguars,Philadelphia Eagles,"{""version"":""nfl-projection-trace-1"",""family"":""receive"",""current_sample"":[{""season"":2026,""week"":1,""opponent_team"":""CLE"",""targets"":6,""receptions"":5,""receiving_yards"":83},{""season"":2026,""week"":2,""opponent_team"":""DEN"",""targets"":12,""receptions"":7,""receiving_yards"":98},{""season"":2026,""week"":3,""opponent_team"":""NE"",""targets"":5,""receptions"":3,""receiving_yards"":40},{""season"":2026,""week"":4,""opponent_team"":""CIN"",""targets"":3,""receptions"":1,""receiving_yards"":7}],""recent_mean_weight"":0.5,""targets"":4.523502,""catch_rate"":0.5,""yards_per_reception"":11.162639,""mean_stages"":{""before_adjustments"":2.261751,""after_defense"":2.229414,""after_venue"":2.24502,""final"":2.24502},""sigma"":1.648402,""opponent"":{""team"":""PHI"",""kind"":""pass"",""rating"":1.047657,""rank"":15,""of"":32,""allowed"":227.75,""league"":234.585938,""games"":4,""season"":2026},""home"":true,""versus"":{""team"":""PHI"",""values"":[3.0],""home"":[false],""since"":""2024 Wk 9"",""note"":""History only, not a model input. In our backtests, results against one opponent did not predict the next meeting beyond a player\u2019s overall form.""}}",WR
21b26266f3d78af02eb672e606275d95,Philadelphia Eagles @ Jacksonville Jaguars,Bhayshul Tuten,fanduel,FanDuel,rush_yds,Rushing yards,under,65.5,-114,52.9799475156,0.5647668394,0.0,0.5327102804,0.5,0.5,66.5,1,320.5655900441,6.0176347605,Calibration fitted; not prospectively validated,2026-10-07T16:51:36Z,2026-10-11T13:30:00Z,Sun 9:30 AM ET,Jacksonville Jaguars,Philadelphia Eagles,"{""version"":""nfl-projection-trace-1"",""family"":""rush"",""current_sample"":[{""season"":2026,""week"":1,""opponent_team"":""CLE"",""carries"":15,""rushing_yards"":66},{""season"":2026,""week"":2,""opponent_team"":""DEN"",""carries"":13,""rushing_yards"":65},{""season"":2026,""week"":3,""opponent_team"":""NE"",""carries"":15,""rushing_yards"":73},{""season"":2026,""week"":4,""opponent_team"":""CIN"",""carries"":17,""rushing_yards"":73}],""recent_mean_weight"":0.5,""carries"":11.524247,""yards_per_carry"":4.342257,""mean_stages"":{""before_adjustments"":50.041244,""after_defense"":51.73823,""after_venue"":52.979948,""final"":52.979948},""sigma"":28.970918,""opponent"":{""team"":""PHI"",""kind"":""rush"",""rating"":0.886961,""rank"":23,""of"":32,""allowed"":122.0,""league"":111.390625,""games"":4,""season"":2026},""home"":true,""versus"":null}",RB
21b26266f3d78af02eb672e606275d95,Philadelphia Eagles @ Jacksonville Jaguars,Bhayshul Tuten,bovada,Bovada,receptions,Receptions,over,1.5,-115,1.7346060902,0.5420560748,0.0,0.5348837209,0.5,0.5,1.5,4,71.7235383612,1.3409183259,Calibration fitted; not prospectively validated,2026-10-07T16:50:11Z,2026-10-11T13:30:00Z,Sun 9:30 AM ET,Jacksonville Jaguars,Philadelphia Eagles,"{""version"":""nfl-projection-trace-1"",""family"":""receive"",""current_sample"":[{""season"":2026,""week"":1,""opponent_team"":""CLE"",""targets"":1,""receptions"":1,""receiving_yards"":22},{""season"":2026,""week"":2,""opponent_team"":""DEN"",""targets"":2,""receptions"":2,""receiving_yards"":-3},{""season"":2026,""week"":3,""opponent_team"":""NE"",""targets"":2,""receptions"":2,""receiving_yards"":17},{""season"":2026,""week"":4,""opponent_team"":""CIN"",""targets"":2,""receptions"":2,""receiving_yards"":18}],""recent_mean_weight"":0.5,""targets"":1.839508,""catch_rate"":0.95,""yards_per_reception"":7.801981,""mean_stages"":{""before_adjustments"":1.747533,""after_defense"":1.722548,""after_venue"":1.734606,""final"":1.734606},""sigma"":1.222156,""opponent"":{""team"":""PHI"",""kind"":""pass"",""rating"":1.047657,""rank"":15,""of"":32,""allowed"":227.75,""league"":234.585938,""games"":4,""season"":2026},""home"":true,""versus"":null}",RB
21b26266f3d78af02eb672e606275d95,Philadelphia Eagles @ Jacksonville Jaguars,Brenton Strange,bovada,Bovada,receptions,Receptions,over,3.5,105,4.0312065929,0.5475728155,0.0,0.487804878,0.4592085979,0.4586044939,3.5,4,597.679374852,12.2524271845,Calibration fitted; not prospectively validated,2026-10-07T16:50:11Z,2026-10-11T13:30:00Z,Sun 9:30 AM ET,Jacksonville Jaguars,Philadelphia Eagles,"{""version"":""nfl-projection-trace-1"",""family"":""receive"",""current_sample"":[{""season"":2026,""week"":1,""opponent_team"":""CLE"",""targets"":3,""receptions"":2,""receiving_yards"":23},{""season"":2026,""week"":2,""opponent_team"":""DEN"",""targets"":2,""receptions"":2,""receiving_yards"":17},{""season"":2026,""week"":3,""opponent_team"":""NE"",""targets"":5,""receptions"":3,""receiving_yards"":32},{""season"":2026,""week"":4,""opponent_team"":""CIN"",""targets"":8,""receptions"":7,""receiving_yards"":95}],""recent_mean_weight"":0.5,""targets"":5.005414,""catch_rate"":0.811371,""yards_per_reception"":11.585686,""mean_stages"":{""before_adjustments"":4.061248,""after_defense"":4.003184,""after_venue"":4.031207,""final"":4.031207},""sigma"":1.995511,""opponent"":{""team"":""PHI"",""kind"":""pass"",""rating"":1.047657,""rank"":15,""of"":32,""allowed"":227.75,""league"":234.585938,""games"":4,""season"":2026},""home"":true,""versus"":null}",TE
21b26266f3d78af02eb672e606275d95,Philadelphia Eagles @ Jacksonville Jaguars,Brian Thomas,bovada,Bovada,receptions,Receptions,over,2.5,140,3.6348706299,0.5475728155,0.0,0.4166666667,0.3909465021,0.3916066217,2.5,4,1309.0614886731,31.4174757282,Calibration fitted; not prospectively validated,2026-10-07T16:50:11Z,2026-10-11T13:30:00Z,Sun 9:30 AM ET,Jacksonville Jaguars,Philadelphia Eagles,"{""version"":""nfl-projection-trace-1"",""family"":""receive"",""current_sample"":[{""season"":2026,""week"":1,""opponent_team"":""CLE"",""targets"":3,""receptions"":3,""receiving_yards"":40},{""season"":2026,""week"":2,""opponent_team"":""DEN"",""targets"":8,""receptions"":3,""receiving_yards"":40},{""season"":2026,""week"":3,""opponent_team"":""NE"",""targets"":1,""receptions"":1,""receiving_yards"":8},{""season"":2026,""week"":4,""opponent_team"":""CIN"",""targets"":2,""receptions"":2,""receiving_yards"":17}],""recent_mean_weight"":0.5,""targets"":3.902245,""catch_rate"":0.938424,""yards_per_reception"":11.471875,""mean_stages"":{""before_adjustments"":3.661959,""after_defense"":3.609603,""after_venue"":3.634871,""final"":3.634871},""sigma"":2.699248,""opponent"":{""team"":""PHI"",""kind"":""pass"",""rating"":1.047657,""rank"":15,""of"":32,""allowed"":227.75,""league"":234.585938,""games"":4,""season"":2026},""home"":true,""versus"":{""team"":""PHI"",""values"":[2.0],""home"":[false],""since"":""2024 Wk 9"",""note"":""History only, not a model input. In our backtests, results against one opponent did not predict the next meeting beyond a player\u2019s overall form.""}}",WR
21b26266f3d78af02eb672e606275d95,Philadelphia Eagles @ Jacksonville Jaguars,Josh Cameron,bovada,Bovada,receptions,Receptions,over,1.5,120,2.5971867219,0.5475728155,0.0,0.4545454545,0.4248366013,0.4252375295,1.5,4,930.2736098853,20.4660194175,Calibration fitted; not prospectively validated,2026-10-07T16:50:11Z,2026-10-11T13:30:00Z,Sun 9:30 AM ET,Jacksonville Jaguars,Philadelphia Eagles,"{""version"":""nfl-projection-trace-1"",""family"":""receive"",""current_sample"":[{""season"":2026,""week"":1,""opponent_team"":""CLE"",""targets"":2,""receptions"":2,""receiving_yards"":20},{""season"":2026,""week"":2,""opponent_team"":""DEN"",""targets"":0,""receptions"":0,""receiving_yards"":0},{""season"":2026,""week"":3,""opponent_team"":""NE"",""targets"":2,""receptions"":1,""receiving_yards"":12},{""season"":2026,""week"":4,""opponent_team"":""CIN"",""targets"":2,""receptions"":2,""receiving_yards"":42}],""recent_mean_weight"":0.5,""targets"":3.001327,""catch_rate"":0.871795,""yards_per_reception"":14.774386,""mean_stages"":{""before_adjustments"":2.616542,""after_defense"":2.579133,""after_venue"":2.597187,""final"":2.597187},""sigma"":2.261171,""opponent"":{""team"":""PHI"",""kind"":""pass"",""rating"":1.047657,""rank"":15,""of"":32,""allowed"":227.75,""league"":234.585938,""games"":4,""season"":2026},""home"":true,""versus"":null}",WR
21b26266f3d78af02eb672e606275d95,Philadelphia Eagles @ Jacksonville Jaguars,Parker Washington,bovada,Bovada,receptions,Receptions,under,4.5,105,2.2450203644,0.5789473684,0.0,0.487804878,0.4592085979,0.467328755,4.5,4,911.4249037227,18.6842105263,Calibration fitted; not prospectively validated,2026-10-07T16:50:11Z,2026-10-11T13:30:00Z,Sun 9:30 AM ET,Jacksonville Jaguars,Philadelphia Eagles,"{""version"":""nfl-projection-trace-1"",""family"":""receive"",""current_sample"":[{""season"":2026,""week"":1,""opponent_team"":""CLE"",""targets"":6,""receptions"":5,""receiving_yards"":83},{""season"":2026,""week"":2,""opponent_team"":""DEN"",""targets"":12,""receptions"":7,""receiving_yards"":98},{""season"":2026,""week"":3,""opponent_team"":""NE"",""targets"":5,""receptions"":3,""receiving_yards"":40},{""season"":2026,""week"":4,""opponent_team"":""CIN"",""targets"":3,""receptions"":1,""receiving_yards"":7}],""recent_mean_weight"":0.5,""targets"":4.523502,""catch_rate"":0.5,""yards_per_reception"":11.162639,""mean_stages"":{""before_adjustments"":2.261751,""after_defense"":2.229414,""after_venue"":2.24502,""final"":2.24502},""sigma"":1.648402,""opponent"":{""team"":""PHI"",""kind"":""pass"",""rating"":1.047657,""rank"":15,""of"":32,""allowed"":227.75,""league"":234.585938,""games"":4,""season"":2026},""home"":true,""versus"":{""team"":""PHI"",""values"":[3.0],""home"":[false],""since"":""2024 Wk 9"",""note"":""History only, not a model input. In our backtests, results against one opponent did not predict the next meeting beyond a player\u2019s overall form.""}}",WR
21b26266f3d78af02eb672e606275d95,Philadelphia Eagles @ Jacksonville Jaguars,Bhayshul Tuten,bovada,Bovada,rush_yds,Rushing yards,under,66.5,-115,52.9799475156,0.5647668394,0.0,0.5348837209,0.5,0.5,66.5,3,298.8311844801,5.5868438838,Calibration fitted; not prospectively validated,2026-10-07T16:50:11Z,2026-10-11T13:30:00Z,Sun 9:30 AM ET,Jacksonville Jaguars,Philadelphia Eagles,"{""version"":""nfl-projection-trace-1"",""family"":""rush"",""current_sample"":[{""season"":2026,""week"":1,""opponent_team"":""CLE"",""carries"":15,""rushing_yards"":66},{""season"":2026,""week"":2,""opponent_team"":""DEN"",""carries"":13,""rushing_yards"":65},{""season"":2026,""week"":3,""opponent_team"":""NE"",""carries"":15,""rushing_yards"":73},{""season"":2026,""week"":4,""opponent_team"":""CIN"",""carries"":17,""rushing_yards"":73}],""recent_mean_weight"":0.5,""carries"":11.524247,""yards_per_carry"":4.342257,""mean_stages"":{""before_adjustments"":50.041244,""after_defense"":51.73823,""after_venue"":52.979948,""final"":52.979948},""sigma"":28.970918,""opponent"":{""team"":""PHI"",""kind"":""rush"",""rating"":0.886961,""rank"":23,""of"":32,""allowed"":122.0,""league"":111.390625,""games"":4,""season"":2026},""home"":true,""versus"":null}",RB
21b26266f3d78af02eb672e606275d95,Philadelphia Eagles @ Jacksonville Jaguars,Parker Washington,betonlineag,BetOnline.ag,receptions,Receptions,under,4.5,-102,2.2450203644,0.5789473684,0.0,0.504950495,0.4743894444,0.467328755,4.5,4,739.9687337155,14.6542827657,Calibration fitted; not prospectively validated,2026-10-07T16:51:00Z,2026-10-11T13:30:00Z,Sun 9:30 AM ET,Jacksonville Jaguars,Philadelphia Eagles,"{""version"":""nfl-projection-trace-1"",""family"":""receive"",""current_sample"":[{""season"":2026,""week"":1,""opponent_team"":""CLE"",""targets"":6,""receptions"":5,""receiving_yards"":83},{""season"":2026,""week"":2,""opponent_team"":""DEN"",""targets"":12,""receptions"":7,""receiving_yards"":98},{""season"":2026,""week"":3,""opponent_team"":""NE"",""targets"":5,""receptions"":3,""receiving_yards"":40},{""season"":2026,""week"":4,""opponent_team"":""CIN"",""targets"":3,""receptions"":1,""receiving_yards"":7}],""recent_mean_weight"":0.5,""targets"":4.523502,""catch_rate"":0.5,""yards_per_reception"":11.162639,""mean_stages"":{""before_adjustments"":2.261751,""after_defense"":2.229414,""after_venue"":2.24502,""final"":2.24502},""sigma"":1.648402,""opponent"":{""team"":""PHI"",""kind"":""pass"",""rating"":1.047657,""rank"":15,""of"":32,""allowed"":227.75,""league"":234.585938,""games"":4,""season"":2026},""home"":true,""versus"":{""team"":""PHI"",""values"":[3.0],""home"":[false],""since"":""2024 Wk 9"",""note"":""History only, not a model input. In our backtests, results against one opponent did not predict the next meeting beyond a player\u2019s overall form.""}}",WR
21b26266f3d78af02eb672e606275d95,Philadelphia Eagles @ Jacksonville Jaguars,Brenton Strange,betonlineag,BetOnline.ag,receptions,Receptions,over,3.5,102,4.0312065929,0.5475728155,0.0,0.495049505,0.4652655222,0.4586044939,3.5,4,525.2331058349,10.6097087379,Calibration fitted; not prospectively validated,2026-10-07T16:51:00Z,2026-10-11T13:30:00Z,Sun 9:30 AM ET,Jacksonville Jaguars,Philadelphia Eagles,"{""version"":""nfl-projection-trace-1"",""family"":""receive"",""current_sample"":[{""season"":2026,""week"":1,""opponent_team"":""CLE"",""targets"":3,""receptions"":2,""receiving_yards"":23},{""season"":2026,""week"":2,""opponent_team"":""DEN"",""targets"":2,""receptions"":2,""receiving_yards"":17},{""season"":2026,""week"":3,""opponent_team"":""NE"",""targets"":5,""receptions"":3,""receiving_yards"":32},{""season"":2026,""week"":4,""opponent_team"":""CIN"",""targets"":8,""receptions"":7,""receiving_yards"":95}],""recent_mean_weight"":0.5,""targets"":5.005414,""catch_rate"":0.811371,""yards_per_reception"":11.585686,""mean_stages"":{""before_adjustments"":4.061248,""after_defense"":4.003184,""after_venue"":4.031207,""final"":4.031207},""sigma"":1.995511,""opponent"":{""team"":""PHI"",""kind"":""pass"",""rating"":1.047657,""rank"":15,""of"":32,""allowed"":227.75,""league"":234.585938,""games"":4,""season"":2026},""home"":true,""versus"":null}",TE
21b26266f3d78af02eb672e606275d95,Philadelphia Eagles @ Jacksonville Jaguars,Bhayshul Tuten,betonlineag,BetOnline.ag,receptions,Receptions,over,1.5,-115,1.7346060902,0.5420560748,0.0,0.5348837209,0.5030953364,0.5,1.5,4,71.7235383612,1.3409183259,Calibration fitted; not prospectively validated,2026-10-07T16:51:00Z,2026-10-11T13:30:00Z,Sun 9:30 AM ET,Jacksonville Jaguars,Philadelphia Eagles,"{""version"":""nfl-projection-trace-1"",""family"":""receive"",""current_sample"":[{""season"":2026,""week"":1,""opponent_team"":""CLE"",""targets"":1,""receptions"":1,""receiving_yards"":22},{""season"":2026,""week"":2,""opponent_team"":""DEN"",""targets"":2,""receptions"":2,""receiving_yards"":-3},{""season"":2026,""week"":3,""opponent_team"":""NE"",""targets"":2,""receptions"":2,""receiving_yards"":17},{""season"":2026,""week"":4,""opponent_team"":""CIN"",""targets"":2,""receptions"":2,""receiving_yards"":18}],""recent_mean_weight"":0.5,""targets"":1.839508,""catch_rate"":0.95,""yards_per_reception"":7.801981,""mean_stages"":{""before_adjustments"":1.747533,""after_defense"":1.722548,""after_venue"":1.734606,""final"":1.734606},""sigma"":1.222156,""opponent"":{""team"":""PHI"",""kind"":""pass"",""rating"":1.047657,""rank"":15,""of"":32,""allowed"":227.75,""league"":234.585938,""games"":4,""season"":2026},""home"":true,""versus"":null}",RB
21b26266f3d78af02eb672e606275d95,Philadelphia Eagles @ Jacksonville Jaguars,Brian Thomas,betonlineag,BetOnline.ag,receptions,Receptions,over,2.5,141,3.6348706299,0.5475728155,0.0,0.4149377593,0.3899568995,0.3916066217,2.5,4,1326.3505619788,31.9650485437,Calibration fitted; not prospectively validated,2026-10-07T16:51:00Z,2026-10-11T13:30:00Z,Sun 9:30 AM ET,Jacksonville Jaguars,Philadelphia Eagles,"{""version"":""nfl-projection-trace-1"",""family"":""receive"",""current_sample"":[{""season"":2026,""week"":1,""opponent_team"":""CLE"",""targets"":3,""receptions"":3,""receiving_yards"":40},{""season"":2026,""week"":2,""opponent_team"":""DEN"",""targets"":8,""receptions"":3,""receiving_yards"":40},{""season"":2026,""week"":3,""opponent_team"":""NE"",""targets"":1,""receptions"":1,""receiving_yards"":8},{""season"":2026,""week"":4,""opponent_team"":""CIN"",""targets"":2,""receptions"":2,""receiving_yards"":17}],""recent_mean_weight"":0.5,""targets"":3.902245,""catch_rate"":0.938424,""yards_per_reception"":11.471875,""mean_stages"":{""before_adjustments"":3.661959,""after_defense"":3.609603,""after_venue"":3.634871,""final"":3.634871},""sigma"":2.699248,""opponent"":{""team"":""PHI"",""kind"":""pass"",""rating"":1.047657,""rank"":15,""of"":32,""allowed"":227.75,""league"":234.585938,""games"":4,""season"":2026},""home"":true,""versus"":{""team"":""PHI"",""values"":[2.0],""home"":[false],""since"":""2024 Wk 9"",""note"":""History only, not a model input. In our backtests, results against one opponent did not predict the next meeting beyond a player\u2019s overall form.""}}",WR
21b26266f3d78af02eb672e606275d95,Philadelphia Eagles @ Jacksonville Jaguars,Josh Cameron,betonlineag,BetOnline.ag,receptions,Receptions,over,1.5,130,2.5971867219,0.5475728155,0.0,0.4347826087,0.4090010643,0.4252375295,1.5,4,1127.9020683833,25.9417475728,Calibration fitted; not prospectively validated,2026-10-07T16:51:00Z,2026-10-11T13:30:00Z,Sun 9:30 AM ET,Jacksonville Jaguars,Philadelphia Eagles,"{""version"":""nfl-projection-trace-1"",""family"":""receive"",""current_sample"":[{""season"":2026,""week"":1,""opponent_team"":""CLE"",""targets"":2,""receptions"":2,""receiving_yards"":20},{""season"":2026,""week"":2,""opponent_team"":""DEN"",""targets"":0,""receptions"":0,""receiving_yards"":0},{""season"":2026,""week"":3,""opponent_team"":""NE"",""targets"":2,""receptions"":1,""receiving_yards"":12},{""season"":2026,""week"":4,""opponent_team"":""CIN"",""targets"":2,""receptions"":2,""receiving_yards"":42}],""recent_mean_weight"":0.5,""targets"":3.001327,""catch_rate"":0.871795,""yards_per_reception"":14.774386,""mean_stages"":{""before_adjustments"":2.616542,""after_defense"":2.579133,""after_venue"":2.597187,""final"":2.597187},""sigma"":2.261171,""opponent"":{""team"":""PHI"",""kind"":""pass"",""rating"":1.047657,""rank"":15,""of"":32,""allowed"":227.75,""league"":234.585938,""games"":4,""season"":2026},""home"":true,""versus"":null}",WR
21b26266f3d78af02eb672e606275d95,Philadelphia Eagles @ Jacksonville Jaguars,Bhayshul Tuten,betonlineag,BetOnline.ag,rush_attempts,Rushing attempts,under,14.5,-109,12.1176106119,0.55,0.0,0.5215311005,0.4897419064,0.4871153278,14.5,2,284.6889952153,5.4587155963,Calibration fitted; not prospectively validated,2026-10-07T16:51:00Z,2026-10-11T13:30:00Z,Sun 9:30 AM ET,Jacksonville Jaguars,Philadelphia Eagles,"{""version"":""nfl-projection-trace-1"",""family"":""rush"",""current_sample"":[{""season"":2026,""week"":1,""opponent_team"":""CLE"",""carries"":15,""rushing_yards"":66},{""season"":2026,""week"":2,""opponent_team"":""DEN"",""carries"":13,""rushing_yards"":65},{""season"":2026,""week"":3,""opponent_team"":""NE"",""carries"":15,""rushing_yards"":73},{""season"":2026,""week"":4,""opponent_team"":""CIN"",""carries"":17,""rushing_yards"":73}],""recent_mean_weight"":0.5,""carries"":11.524247,""yards_per_carry"":4.342257,""mean_stages"":{""before_adjustments"":11.524247,""after_defense"":11.915055,""after_venue"":12.117611,""final"":12.117611},""sigma"":4.411981,""opponent"":{""team"":""PHI"",""kind"":""rush"",""rating"":0.886961,""rank"":23,""of"":32,""allowed"":122.0,""league"":111.390625,""games"":4,""season"":2026},""home"":true,""versus"":null}",RB
21b26266f3d78af02eb672e606275d95,Philadelphia Eagles @ Jacksonville Jaguars,Jalen Hurts,betonlineag,BetOnline.ag,rush_attempts,Rushing attempts,over,6.5,115,5.6446210666,0.4915254237,0.0,0.4651162791,0.4373408273,0.4380115023,6.5,2,264.0914465905,5.6779661017,Calibration fitted; not prospectively validated,2026-10-07T16:51:00Z,2026-10-11T13:30:00Z,Sun 9:30 AM ET,Jacksonville Jaguars,Philadelphia Eagles,"{""version"":""nfl-projection-trace-1"",""family"":""rush"",""current_sample"":[{""season"":2026,""week"":1,""opponent_team"":""WAS"",""carries"":7,""rushing_yards"":46},{""season"":2026,""week"":2,""opponent_team"":""TEN"",""carries"":5,""rushing_yards"":16},{""season"":2026,""week"":3,""opponent_team"":""CHI"",""carries"":4,""rushing_yards"":25},{""season"":2026,""week"":4,""opponent_team"":""LA"",""carries"":5,""rushing_yards"":18}],""recent_mean_weight"":0.5,""carries"":6.515765,""yards_per_carry"":4.318078,""mean_stages"":{""before_adjustments"":6.515765,""after_defense"":5.742239,""after_venue"":5.644621,""final"":5.644621},""sigma"":3.440147,""opponent"":{""team"":""JAX"",""kind"":""rush"",""rating"":1.39572,""rank"":2,""of"":32,""allowed"":74.25,""league"":111.390625,""games"":4,""season"":2026},""home"":false,""versus"":{""team"":""JAX"",""values"":[16.0,13.0],""home"":[true,true],""since"":""2022 Wk 4"",""note"":""History only, not a model input. In our backtests, results against one opponent did not predict the next meeting beyond a player\u2019s overall form.""}}",QB
21b26266f3d78af02eb672e606275d95,Philadelphia Eagles @ Jacksonville Jaguars,Bhayshul Tuten,betonlineag,BetOnline.ag,rush_yds,Rushing yards,under,67.5,-114,52.9799475156,0.5647668394,0.0,0.5327102804,0.5,0.5,66.5,1,320.5655900441,6.0176347605,Calibration fitted; not prospectively validated,2026-10-07T16:51:00Z,2026-10-11T13:30:00Z,Sun 9:30 AM ET,Jacksonville Jaguars,Philadelphia Eagles,"{""version"":""nfl-projection-trace-1"",""family"":""rush"",""current_sample"":[{""season"":2026,""week"":1,""opponent_team"":""CLE"",""carries"":15,""rushing_yards"":66},{""season"":2026,""week"":2,""opponent_team"":""DEN"",""carries"":13,""rushing_yards"":65},{""season"":2026,""week"":3,""opponent_team"":""NE"",""carries"":15,""rushing_yards"":73},{""season"":2026,""week"":4,""opponent_team"":""CIN"",""carries"":17,""rushing_yards"":73}],""recent_mean_weight"":0.5,""carries"":11.524247,""yards_per_carry"":4.342257,""mean_stages"":{""before_adjustments"":50.041244,""after_defense"":51.73823,""after_venue"":52.979948,""final"":52.979948},""sigma"":28.970918,""opponent"":{""team"":""PHI"",""kind"":""rush"",""rating"":0.886961,""rank"":23,""of"":32,""allowed"":122.0,""league"":111.390625,""games"":4,""season"":2026},""home"":true,""versus"":null}",RB
21b26266f3d78af02eb672e606275d95,Philadelphia Eagles @ Jacksonville Jaguars,Brenton Strange,betrivers,BetRivers,receptions,Receptions,over,3.5,102,4.0312065929,0.5475728155,0.0,0.495049505,,0.4586044939,3.5,4,525.2331058349,10.6097087379,Calibration fitted; not prospectively validated,2026-10-07T16:51:31Z,2026-10-11T13:30:00Z,Sun 9:30 AM ET,Jacksonville Jaguars,Philadelphia Eagles,"{""version"":""nfl-projection-trace-1"",""family"":""receive"",""current_sample"":[{""season"":2026,""week"":1,""opponent_team"":""CLE"",""targets"":3,""receptions"":2,""receiving_yards"":23},{""season"":2026,""week"":2,""opponent_team"":""DEN"",""targets"":2,""receptions"":2,""receiving_yards"":17},{""season"":2026,""week"":3,""opponent_team"":""NE"",""targets"":5,""receptions"":3,""receiving_yards"":32},{""season"":2026,""week"":4,""opponent_team"":""CIN"",""targets"":8,""receptions"":7,""receiving_yards"":95}],""recent_mean_weight"":0.5,""targets"":5.005414,""catch_rate"":0.811371,""yards_per_reception"":11.585686,""mean_stages"":{""before_adjustments"":4.061248,""after_defense"":4.003184,""after_venue"":4.031207,""final"":4.031207},""sigma"":1.995511,""opponent"":{""team"":""PHI"",""kind"":""pass"",""rating"":1.047657,""rank"":15,""of"":32,""allowed"":227.75,""league"":234.585938,""games"":4,""season"":2026},""home"":true,""versus"":null}",TE
21b26266f3d78af02eb672e606275d95,Philadelphia Eagles @ Jacksonville Jaguars,Josh Cameron,betrivers,BetRivers,receptions,Receptions,over,1.5,114,2.5971867219,0.5475728155,0.0,0.4672897196,,0.4252375295,1.5,4,802.8309590781,17.1805825243,Calibration fitted; not prospectively validated,2026-10-07T16:51:31Z,2026-10-11T13:30:00Z,Sun 9:30 AM ET,Jacksonville Jaguars,Philadelphia Eagles,"{""version"":""nfl-projection-trace-1"",""family"":""receive"",""current_sample"":[{""season"":2026,""week"":1,""opponent_team"":""CLE"",""targets"":2,""receptions"":2,""receiving_yards"":20},{""season"":2026,""week"":2,""opponent_team"":""DEN"",""targets"":0,""receptions"":0,""receiving_yards"":0},{""season"":2026,""week"":3,""opponent_team"":""NE"",""targets"":2,""receptions"":1,""receiving_yards"":12},{""season"":2026,""week"":4,""opponent_team"":""CIN"",""targets"":2,""receptions"":2,""receiving_yards"":42}],""recent_mean_weight"":0.5,""targets"":3.001327,""catch_rate"":0.871795,""yards_per_reception"":14.774386,""mean_stages"":{""before_adjustments"":2.616542,""after_defense"":2.579133,""after_venue"":2.597187,""final"":2.597187},""sigma"":2.261171,""opponent"":{""team"":""PHI"",""kind"":""pass"",""rating"":1.047657,""rank"":15,""of"":32,""allowed"":227.75,""league"":234.585938,""games"":4,""season"":2026},""home"":true,""versus"":null}",WR
21b26266f3d78af02eb672e606275d95,Philadelphia Eagles @ Jacksonville Jaguars,Bhayshul Tuten,betrivers,BetRivers,receptions,Receptions,over,1.5,-106,1.7346060902,0.5420560748,0.0,0.5145631068,,0.5,1.5,4,274.9296797024,5.3429730206,Calibration fitted; not prospectively validated,2026-10-07T16:51:31Z,2026-10-11T13:30:00Z,Sun 9:30 AM ET,Jacksonville Jaguars,Philadelphia Eagles,"{""version"":""nfl-projection-trace-1"",""family"":""receive"",""current_sample"":[{""season"":2026,""week"":1,""opponent_team"":""CLE"",""targets"":1,""receptions"":1,""receiving_yards"":22},{""season"":2026,""week"":2,""opponent_team"":""DEN"",""targets"":2,""receptions"":2,""receiving_yards"":-3},{""season"":2026,""week"":3,""opponent_team"":""NE"",""targets"":2,""receptions"":2,""receiving_yards"":17},{""season"":2026,""week"":4,""opponent_team"":""CIN"",""targets"":2,""receptions"":2,""receiving_yards"":18}],""recent_mean_weight"":0.5,""targets"":1.839508,""catch_rate"":0.95,""yards_per_reception"":7.801981,""mean_stages"":{""before_adjustments"":1.747533,""after_defense"":1.722548,""after_venue"":1.734606,""final"":1.734606},""sigma"":1.222156,""opponent"":{""team"":""PHI"",""kind"":""pass"",""rating"":1.047657,""rank"":15,""of"":32,""allowed"":227.75,""league"":234.585938,""games"":4,""season"":2026},""home"":true,""versus"":null}",RB
21b26266f3d78af02eb672e606275d95,Philadelphia Eagles @ Jacksonville Jaguars,Brian Thomas,betrivers,BetRivers,receptions,Receptions,over,2.5,145,3.6348706299,0.5475728155,0.0,0.4081632653,,0.3916066217,2.5,4,1394.0955022786,34.1553398058,Calibration fitted; not prospectively validated,2026-10-07T16:51:31Z,2026-10-11T13:30:00Z,Sun 9:30 AM ET,Jacksonville Jaguars,Philadelphia Eagles,"{""version"":""nfl-projection-trace-1"",""family"":""receive"",""current_sample"":[{""season"":2026,""week"":1,""opponent_team"":""CLE"",""targets"":3,""receptions"":3,""receiving_yards"":40},{""season"":2026,""week"":2,""opponent_team"":""DEN"",""targets"":8,""receptions"":3,""receiving_yards"":40},{""season"":2026,""week"":3,""opponent_team"":""NE"",""targets"":1,""receptions"":1,""receiving_yards"":8},{""season"":2026,""week"":4,""opponent_team"":""CIN"",""targets"":2,""receptions"":2,""receiving_yards"":17}],""recent_mean_weight"":0.5,""targets"":3.902245,""catch_rate"":0.938424,""yards_per_reception"":11.471875,""mean_stages"":{""before_adjustments"":3.661959,""after_defense"":3.609603,""after_venue"":3.634871,""final"":3.634871},""sigma"":2.699248,""opponent"":{""team"":""PHI"",""kind"":""pass"",""rating"":1.047657,""rank"":15,""of"":32,""allowed"":227.75,""league"":234.585938,""games"":4,""season"":2026},""home"":true,""versus"":{""team"":""PHI"",""values"":[2.0],""home"":[false],""since"":""2024 Wk 9"",""note"":""History only, not a model input. In our backtests, results against one opponent did not predict the next meeting beyond a player\u2019s overall form.""}}",WR
21b26266f3d78af02eb672e606275d95,Philadelphia Eagles @ Jacksonville Jaguars,Bhayshul Tuten,betrivers,BetRivers,rush_yds,Rushing yards,under,66.5,-113,52.9799475156,0.5647668394,0.0,0.5305164319,0.4949766919,0.5,66.5,3,342.5040745336,6.4560502545,Calibration fitted; not prospectively validated,2026-10-07T16:51:31Z,2026-10-11T13:30:00Z,Sun 9:30 AM ET,Jacksonville Jaguars,Philadelphia Eagles,"{""version"":""nfl-projection-trace-1"",""family"":""rush"",""current_sample"":[{""season"":2026,""week"":1,""opponent_team"":""CLE"",""carries"":15,""rushing_yards"":66},{""season"":2026,""week"":2,""opponent_team"":""DEN"",""carries"":13,""rushing_yards"":65},{""season"":2026,""week"":3,""opponent_team"":""NE"",""carries"":15,""rushing_yards"":73},{""season"":2026,""week"":4,""opponent_team"":""CIN"",""carries"":17,""rushing_yards"":73}],""recent_mean_weight"":0.5,""carries"":11.524247,""yards_per_carry"":4.342257,""mean_stages"":{""before_adjustments"":50.041244,""after_defense"":51.73823,""after_venue"":52.979948,""final"":52.979948},""sigma"":28.970918,""opponent"":{""team"":""PHI"",""kind"":""rush"",""rating"":0.886961,""rank"":23,""of"":32,""allowed"":122.0,""league"":111.390625,""games"":4,""season"":2026},""home"":true,""versus"":null}",RB
2caea57b1e5cfbba1334cfbfd46f6771,Chicago Bears @ Green Bay Packers,Jordan Love,draftkings,DraftKings,pass_attempts,Passing attempts,under,33.5,-124,29.4681876427,0.6363636364,0.0,0.5535714286,0.5217643645,0.5203045685,33.5,3,827.9220779221,14.9560117302,Calibration fitted; not prospectively validated,2026-10-07T16:51:03Z,2026-10-11T17:00:00Z,Sun 1:00 PM ET,Green Bay Packers,Chicago Bears,"{""version"":""nfl-projection-trace-1"",""current_sample"":[{""season"":2026,""week"":1,""opponent_team"":""MIN"",""attempts"":42,""completions"":21,""passing_yards"":387},{""season"":2026,""week"":2,""opponent_team"":""NYJ"",""attempts"":29,""completions"":16,""passing_yards"":145},{""season"":2026,""week"":3,""opponent_team"":""ATL"",""attempts"":53,""completions"":28,""passing_yards"":312},{""season"":2026,""week"":4,""opponent_team"":""TB"",""attempts"":30,""completions"":22,""passing_yards"":197}],""recent_mean_weight"":0.5,""yards_per_completion_recent_weight"":0.5,""career_baselines"":{""attempts"":{""mean"":28.363761,""games"":61,""position_pool_mean"":27.838228},""yards_per_completion"":{""mean"":11.550797,""games"":59,""position_pool_mean"":10.96096}},""attempts"":32.201585,""completion_rate"":0.655745,""yards_per_completion"":10.714166,""limitations"":[""Appearance totals do not distinguish partial games from normal starter workloads."",""Completion rate uses recent games without career shrinkage."",""Variance omits completion-rate uncertainty and dependence among components.""],""mean_stages"":{""before_adjustments"":32.201585,""after_defense"":29.468188,""after_venue"":29.468188,""final"":29.468188},""sigma"":11.137618,""opponent"":{""team"":""CHI"",""kind"":""pass"",""rating"":1.282946,""rank"":3,""of"":32,""allowed"":194.0,""league"":234.585938,""games"":4,""season"":2026},""home"":true,""versus"":{""team"":""CHI"",""values"":[27.0,32.0,17.0,12.0,25.0,13.0,46.0],""home"":[false,true,false,true,true,false,false],""since"":""2023 Wk 1"",""note"":""History only, not a model input. In our backtests, results against one opponent did not predict the next meeting beyond a player\u2019s overall form.""}}",QB
2caea57b1e5cfbba1334cfbfd46f6771,Chicago Bears @ Green Bay Packers,Tyson Bagent,draftkings,DraftKings,pass_attempts,Passing attempts,under,31.5,-118,23.3013637016,0.6363636364,0.0,0.5412844037,0.5103976044,0.5113564377,31.5,4,950.7923269391,17.5654853621,Calibration fitted; not prospectively validated,2026-10-07T16:51:03Z,2026-10-11T17:00:00Z,Sun 1:00 PM ET,Green Bay Packers,Chicago Bears,"{""version"":""nfl-projection-trace-1"",""current_sample"":[{""season"":2026,""week"":2,""opponent_team"":""MIN"",""attempts"":9,""completions"":5,""passing_yards"":54},{""season"":2026,""week"":4,""opponent_team"":""NYJ"",""attempts"":34,""completions"":25,""passing_yards"":268}],""recent_mean_weight"":0.333333,""yards_per_completion_recent_weight"":0.333333,""career_baselines"":{""attempts"":{""mean"":24.206454,""games"":11,""position_pool_mean"":27.838228},""yards_per_completion"":{""mean"":10.909116,""games"":9,""position_pool_mean"":10.96096}},""attempts"":25.090017,""completion_rate"":0.68394,""yards_per_completion"":10.853697,""limitations"":[""Appearance totals do not distinguish partial games from normal starter workloads."",""Completion rate uses recent games without career shrinkage."",""Variance omits completion-rate uncertainty and dependence among components.""],""mean_stages"":{""before_adjustments"":25.090017,""after_defense"":23.301364,""after_venue"":23.301364,""final"":23.301364},""sigma"":13.077211,""opponent"":{""team"":""GB"",""kind"":""pass"",""rating"":1.237631,""rank"":4,""of"":32,""allowed"":200.5,""league"":234.585938,""games"":4,""season"":2026},""home"":false,""versus"":null}",QB
2caea57b1e5cfbba1334cfbfd46f6771,Chicago Bears @ Green Bay Packers,Jordan Love,draftkings,DraftKings,pass_completions,Passing completions,under,20.5,101,19.3236179781,0.5,0.0,0.4975124378,0.4689835958,0.4754403304,20.5,4,24.8756218905,0.5,Calibration fitted; not prospectively validated,2026-10-07T16:51:03Z,2026-10-11T17:00:00Z,Sun 1:00 PM ET,Green Bay Packers,Chicago Bears,"{""version"":""nfl-projection-trace-1"",""current_sample"":[{""season"":2026,""week"":1,""opponent_team"":""MIN"",""attempts"":42,""completions"":21,""passing_yards"":387},{""season"":2026,""week"":2,""opponent_team"":""NYJ"",""attempts"":29,""completions"":16,""passing_yards"":145},{""season"":2026,""week"":3,""opponent_team"":""ATL"",""attempts"":53,""completions"":28,""passing_yards"":312},{""season"":2026,""week"":4,""opponent_team"":""TB"",""attempts"":30,""completions"":22,""passing_yards"":197}],""recent_mean_weight"":0.5,""yards_per_completion_recent_weight"":0.5,""career_baselines"":{""attempts"":{""mean"":28.363761,""games"":61,""position_pool_mean"":27.838228},""yards_per_completion"":{""mean"":11.550797,""games"":59,""position_pool_mean"":10.96096}},""attempts"":32.201585,""completion_rate"":0.655745,""yards_per_completion"":10.714166,""limitations"":[""Appearance totals do not distinguish partial games from normal starter workloads."",""Completion rate uses recent games without career shrinkage."",""Variance omits completion-rate uncertainty and dependence among components.""],""mean_stages"":{""before_adjustments"":21.11603,""after_defense"":19.323618,""after_venue"":19.323618,""final"":19.323618},""sigma"":7.303438,""opponent"":{""team"":""CHI"",""kind"":""pass"",""rating"":1.282946,""rank"":3,""of"":32,""allowed"":194.0,""league"":234.585938,""games"":4,""season"":2026},""home"":true,""versus"":{""team"":""CHI"",""values"":[15.0,27.0,13.0,7.0,17.0,8.0,24.0],""home"":[false,true,false,true,true,false,false],""since"":""2023 Wk 1"",""note"":""History only, not a model input. In our backtests, results against one opponent did not predict the next meeting beyond a player\u2019s overall form.""}}",QB
2caea57b1e5cfbba1334cfbfd46f6771,Chicago Bears @ Green Bay Packers,Tyson Bagent,draftkings,DraftKings,pass_tds,Passing touchdowns,under,1.5,-136,0.00954,0.75,0.0,0.5762711864,0.5427774334,0.5417844177,1.5,6,1737.2881355932,30.1470588235,Calibration fitted; not prospectively validated,2026-10-07T16:51:03Z,2026-10-11T17:00:00Z,Sun 1:00 PM ET,Green Bay Packers,Chicago Bears,,QB
2caea57b1e5cfbba1334cfbfd46f6771,Chicago Bears @ Green Bay Packers,Jordan Love,draftkings,DraftKings,pass_tds,Passing touchdowns,over,1.5,110,2.092,0.5,0.0,0.4761904762,0.4487060138,0.4377933173,1.5,6,238.0952380952,5.0,Calibration fitted; not prospectively validated,2026-10-07T16:51:03Z,2026-10-11T17:00:00Z,Sun 1:00 PM ET,Green Bay Packers,Chicago Bears,,QB
2caea57b1e5cfbba1334cfbfd46f6771,Chicago Bears @ Green Bay Packers,Tyson Bagent,fanduel,FanDuel,pass_tds,Passing touchdowns,under,1.5,-132,0.00954,0.75,0.0,0.5689655172,0.5322580645,0.5417844177,1.5,6,1810.3448275862,31.8181818182,Calibration fitted; not prospectively validated,2026-10-07T16:51:36Z,2026-10-11T17:00:00Z,Sun 1:00 PM ET,Green Bay Packers,Chicago Bears,,QB
2caea57b1e5cfbba1334cfbfd46f6771,Chicago Bears @ Green Bay Packers,Jordan Love,fanduel,FanDuel,pass_tds,Passing touchdowns,over,1.5,116,2.092,0.5,0.0,0.462962963,0.4329742261,0.4377933173,1.5,6,370.3703703704,8.0,Calibration fitted; not prospectively validated,2026-10-07T16:51:36Z,2026-10-11T17:00:00Z,Sun 1:00 PM ET,Green Bay Packers,Chicago Bears,,QB
2caea57b1e5cfbba1334cfbfd46f6771,Chicago Bears @ Green Bay Packers,Jordan Love,betonlineag,BetOnline.ag,pass_attempts,Passing attempts,under,33.5,-114,29.4681876427,0.6363636364,0.0,0.5327102804,0.5,0.5203045685,33.5,3,1036.533559898,19.4577352472,Calibration fitted; not prospectively validated,2026-10-07T16:50:30Z,2026-10-11T17:00:00Z,Sun 1:00 PM ET,Green Bay Packers,Chicago Bears,"{""version"":""nfl-projection-trace-1"",""current_sample"":[{""season"":2026,""week"":1,""opponent_team"":""MIN"",""attempts"":42,""completions"":21,""passing_yards"":387},{""season"":2026,""week"":2,""opponent_team"":""NYJ"",""attempts"":29,""completions"":16,""passing_yards"":145},{""season"":2026,""week"":3,""opponent_team"":""ATL"",""attempts"":53,""completions"":28,""passing_yards"":312},{""season"":2026,""week"":4,""opponent_team"":""TB"",""attempts"":30,""completions"":22,""passing_yards"":197}],""recent_mean_weight"":0.5,""yards_per_completion_recent_weight"":0.5,""career_baselines"":{""attempts"":{""mean"":28.363761,""games"":61,""position_pool_mean"":27.838228},""yards_per_completion"":{""mean"":11.550797,""games"":59,""position_pool_mean"":10.96096}},""attempts"":32.201585,""completion_rate"":0.655745,""yards_per_completion"":10.714166,""limitations"":[""Appearance totals do not distinguish partial games from normal starter workloads."",""Completion rate uses recent games without career shrinkage."",""Variance omits completion-rate uncertainty and dependence among components.""],""mean_stages"":{""before_adjustments"":32.201585,""after_defense"":29.468188,""after_venue"":29.468188,""final"":29.468188},""sigma"":11.137618,""opponent"":{""team"":""CHI"",""kind"":""pass"",""rating"":1.282946,""rank"":3,""of"":32,""allowed"":194.0,""league"":234.585938,""games"":4,""season"":2026},""home"":true,""versus"":{""team"":""CHI"",""values"":[27.0,32.0,17.0,12.0,25.0,13.0,46.0],""home"":[false,true,false,true,true,false,false],""since"":""2023 Wk 1"",""note"":""History only, not a model input. In our backtests, results against one opponent did not predict the next meeting beyond a player\u2019s overall form.""}}",QB
2caea57b1e5cfbba1334cfbfd46f6771,Chicago Bears @ Green Bay Packers,Tyson Bagent,betonlineag,BetOnline.ag,pass_attempts,Passing attempts,under,31.5,-120,23.3013637016,0.6363636364,0.0,0.5454545455,0.5123152709,0.5113564377,31.5,4,909.0909090909,16.6666666667,Calibration fitted; not prospectively validated,2026-10-07T16:50:30Z,2026-10-11T17:00:00Z,Sun 1:00 PM ET,Green Bay Packers,Chicago Bears,"{""version"":""nfl-projection-trace-1"",""current_sample"":[{""season"":2026,""week"":2,""opponent_team"":""MIN"",""attempts"":9,""completions"":5,""passing_yards"":54},{""season"":2026,""week"":4,""opponent_team"":""NYJ"",""attempts"":34,""completions"":25,""passing_yards"":268}],""recent_mean_weight"":0.333333,""yards_per_completion_recent_weight"":0.333333,""career_baselines"":{""attempts"":{""mean"":24.206454,""games"":11,""position_pool_mean"":27.838228},""yards_per_completion"":{""mean"":10.909116,""games"":9,""position_pool_mean"":10.96096}},""attempts"":25.090017,""completion_rate"":0.68394,""yards_per_completion"":10.853697,""limitations"":[""Appearance totals do not distinguish partial games from normal starter workloads."",""Completion rate uses recent games without career shrinkage."",""Variance omits completion-rate uncertainty and dependence among components.""],""mean_stages"":{""before_adjustments"":25.090017,""after_defense"":23.301364,""after_venue"":23.301364,""final"":23.301364},""sigma"":13.077211,""opponent"":{""team"":""GB"",""kind"":""pass"",""rating"":1.237631,""rank"":4,""of"":32,""allowed"":200.5,""league"":234.585938,""games"":4,""season"":2026},""home"":false,""versus"":null}",QB
2caea57b1e5cfbba1334cfbfd46f6771,Chicago Bears @ Green Bay Packers,Jordan Love,betonlineag,BetOnline.ag,pass_tds,Passing touchdowns,over,1.5,117,2.092,0.5,0.0,0.4608294931,0.4331087584,0.4377933173,1.5,6,391.7050691244,8.5,Calibration fitted; not prospectively validated,2026-10-07T16:50:30Z,2026-10-11T17:00:00Z,Sun 1:00 PM ET,Green Bay Packers,Chicago Bears,,QB
2caea57b1e5cfbba1334cfbfd46f6771,Chicago Bears @ Green Bay Packers,Tyson Bagent,betonlineag,BetOnline.ag,pass_tds,Passing touchdowns,under,1.5,-135,0.00954,0.75,0.0,0.5744680851,0.5395768025,0.5417844177,1.5,6,1755.3191489362,30.5555555556,Calibration fitted; not prospectively validated,2026-10-07T16:50:30Z,2026-10-11T17:00:00Z,Sun 1:00 PM ET,Green Bay Packers,Chicago Bears,,QB
2caea57b1e5cfbba1334cfbfd46f6771,Chicago Bears @ Green Bay Packers,Tyson Bagent,betrivers,BetRivers,pass_tds,Passing touchdowns,under,1.5,-141,0.00954,0.75,0.0,0.5850622407,0.5465321943,0.5417844177,1.5,6,1649.377593361,28.1914893617,Calibration fitted; not prospectively validated,2026-10-07T16:51:45Z,2026-10-11T17:00:00Z,Sun 1:00 PM ET,Green Bay Packers,Chicago Bears,,QB
2caea57b1e5cfbba1334cfbfd46f6771,Chicago Bears @ Green Bay Packers,Jordan Love,betrivers,BetRivers,pass_tds,Passing touchdowns,over,1.5,117,2.092,0.5,0.0,0.4608294931,0.4299887902,0.4377933173,1.5,6,391.7050691244,8.5,Calibration fitted; not prospectively validated,2026-10-07T16:51:45Z,2026-10-11T17:00:00Z,Sun 1:00 PM ET,Green Bay Packers,Chicago Bears,,QB
2caea57b1e5cfbba1334cfbfd46f6771,Chicago Bears @ Green Bay Packers,Jordan Love,betmgm,BetMGM,pass_attempts,Passing attempts,under,34.5,-150,29.4681876427,0.6363636364,0.0,0.6,0.5575221239,0.5575221239,33.5,1,363.6363636364,6.0606060606,Calibration fitted; not prospectively validated,2026-10-07T16:51:44Z,2026-10-11T17:00:00Z,Sun 1:00 PM ET,Green Bay Packers,Chicago Bears,"{""version"":""nfl-projection-trace-1"",""current_sample"":[{""season"":2026,""week"":1,""opponent_team"":""MIN"",""attempts"":42,""completions"":21,""passing_yards"":387},{""season"":2026,""week"":2,""opponent_team"":""NYJ"",""attempts"":29,""completions"":16,""passing_yards"":145},{""season"":2026,""week"":3,""opponent_team"":""ATL"",""attempts"":53,""completions"":28,""passing_yards"":312},{""season"":2026,""week"":4,""opponent_team"":""TB"",""attempts"":30,""completions"":22,""passing_yards"":197}],""recent_mean_weight"":0.5,""yards_per_completion_recent_weight"":0.5,""career_baselines"":{""attempts"":{""mean"":28.363761,""games"":61,""position_pool_mean"":27.838228},""yards_per_completion"":{""mean"":11.550797,""games"":59,""position_pool_mean"":10.96096}},""attempts"":32.201585,""completion_rate"":0.655745,""yards_per_completion"":10.714166,""limitations"":[""Appearance totals do not distinguish partial games from normal starter workloads."",""Completion rate uses recent games without career shrinkage."",""Variance omits completion-rate uncertainty and dependence among components.""],""mean_stages"":{""before_adjustments"":32.201585,""after_defense"":29.468188,""after_venue"":29.468188,""final"":29.468188},""sigma"":11.137618,""opponent"":{""team"":""CHI"",""kind"":""pass"",""rating"":1.282946,""rank"":3,""of"":32,""allowed"":194.0,""league"":234.585938,""games"":4,""season"":2026},""home"":true,""versus"":{""team"":""CHI"",""values"":[27.0,32.0,17.0,12.0,25.0,13.0,46.0],""home"":[false,true,false,true,true,false,false],""since"":""2023 Wk 1"",""note"":""History only, not a model input. In our backtests, results against one opponent did not predict the next meeting beyond a player\u2019s overall form.""}}",QB
2caea57b1e5cfbba1334cfbfd46f6771,Chicago Bears @ Green Bay Packers,Tyson Bagent,betmgm,BetMGM,pass_attempts,Passing attempts,under,31.5,-125,23.3013637016,0.6363636364,0.0,0.5555555556,0.5203045685,0.5113564377,31.5,4,808.0808080808,14.5454545455,Calibration fitted; not prospectively validated,2026-10-07T16:51:44Z,2026-10-11T17:00:00Z,Sun 1:00 PM ET,Green Bay Packers,Chicago Bears,"{""version"":""nfl-projection-trace-1"",""current_sample"":[{""season"":2026,""week"":2,""opponent_team"":""MIN"",""attempts"":9,""completions"":5,""passing_yards"":54},{""season"":2026,""week"":4,""opponent_team"":""NYJ"",""attempts"":34,""completions"":25,""passing_yards"":268}],""recent_mean_weight"":0.333333,""yards_per_completion_recent_weight"":0.333333,""career_baselines"":{""attempts"":{""mean"":24.206454,""games"":11,""position_pool_mean"":27.838228},""yards_per_completion"":{""mean"":10.909116,""games"":9,""position_pool_mean"":10.96096}},""attempts"":25.090017,""completion_rate"":0.68394,""yards_per_completion"":10.853697,""limitations"":[""Appearance totals do not distinguish partial games from normal starter workloads."",""Completion rate uses recent games without career shrinkage."",""Variance omits completion-rate uncertainty and dependence among components.""],""mean_stages"":{""before_adjustments"":25.090017,""after_defense"":23.301364,""after_venue"":23.301364,""final"":23.301364},""sigma"":13.077211,""opponent"":{""team"":""GB"",""kind"":""pass"",""rating"":1.237631,""rank"":4,""of"":32,""allowed"":200.5,""league"":234.585938,""games"":4,""season"":2026},""home"":false,""versus"":null}",QB
2caea57b1e5cfbba1334cfbfd46f6771,Chicago Bears @ Green Bay Packers,Jordan Love,betmgm,BetMGM,pass_tds,Passing touchdowns,over,1.5,110,2.092,0.5,0.0,0.4761904762,0.4424778761,0.4377933173,1.5,6,238.0952380952,5.0,Calibration fitted; not prospectively validated,2026-10-07T16:51:44Z,2026-10-11T17:00:00Z,Sun 1:00 PM ET,Green Bay Packers,Chicago Bears,,QB
2caea57b1e5cfbba1334cfbfd46f6771,Chicago Bears @ Green Bay Packers,Tyson Bagent,betmgm,BetMGM,pass_tds,Passing touchdowns,under,1.5,-150,0.00954,0.75,0.0,0.6,0.5575221239,0.5417844177,1.5,6,1500.0,25.0,Calibration fitted; not prospectively validated,2026-10-07T16:51:44Z,2026-10-11T17:00:00Z,Sun 1:00 PM ET,Green Bay Packers,Chicago Bears,,QB
2caea57b1e5cfbba1334cfbfd46f6771,Chicago Bears @ Green Bay Packers,Jordan Love,bovada,Bovada,pass_attempts,Passing attempts,under,33.5,-125,29.4681876427,0.6363636364,0.0,0.5555555556,0.5203045685,0.5203045685,33.5,3,808.0808080808,14.5454545455,Calibration fitted; not prospectively validated,2026-10-07T16:49:45Z,2026-10-11T17:00:00Z,Sun 1:00 PM ET,Green Bay Packers,Chicago Bears,"{""version"":""nfl-projection-trace-1"",""current_sample"":[{""season"":2026,""week"":1,""opponent_team"":""MIN"",""attempts"":42,""completions"":21,""passing_yards"":387},{""season"":2026,""week"":2,""opponent_team"":""NYJ"",""attempts"":29,""completions"":16,""passing_yards"":145},{""season"":2026,""week"":3,""opponent_team"":""ATL"",""attempts"":53,""completions"":28,""passing_yards"":312},{""season"":2026,""week"":4,""opponent_team"":""TB"",""attempts"":30,""completions"":22,""passing_yards"":197}],""recent_mean_weight"":0.5,""yards_per_completion_recent_weight"":0.5,""career_baselines"":{""attempts"":{""mean"":28.363761,""games"":61,""position_pool_mean"":27.838228},""yards_per_completion"":{""mean"":11.550797,""games"":59,""position_pool_mean"":10.96096}},""attempts"":32.201585,""completion_rate"":0.655745,""yards_per_completion"":10.714166,""limitations"":[""Appearance totals do not distinguish partial games from normal starter workloads."",""Completion rate uses recent games without career shrinkage."",""Variance omits completion-rate uncertainty and dependence among components.""],""mean_stages"":{""before_adjustments"":32.201585,""after_defense"":29.468188,""after_venue"":29.468188,""final"":29.468188},""sigma"":11.137618,""opponent"":{""team"":""CHI"",""kind"":""pass"",""rating"":1.282946,""rank"":3,""of"":32,""allowed"":194.0,""league"":234.585938,""games"":4,""season"":2026},""home"":true,""versus"":{""team"":""CHI"",""values"":[27.0,32.0,17.0,12.0,25.0,13.0,46.0],""home"":[false,true,false,true,true,false,false],""since"":""2023 Wk 1"",""note"":""History only, not a model input. In our backtests, results against one opponent did not predict the next meeting beyond a player\u2019s overall form.""}}",QB
2caea57b1e5cfbba1334cfbfd46f6771,Chicago Bears @ Green Bay Packers,Tyson Bagent,bovada,Bovada,pass_attempts,Passing attempts,under,31.5,-120,23.3013637016,0.6363636364,0.0,0.5454545455,0.5101214575,0.5113564377,31.5,4,909.0909090909,16.6666666667,Calibration fitted; not prospectively validated,2026-10-07T16:49:45Z,2026-10-11T17:00:00Z,Sun 1:00 PM ET,Green Bay Packers,Chicago Bears,"{""version"":""nfl-projection-trace-1"",""current_sample"":[{""season"":2026,""week"":2,""opponent_team"":""MIN"",""attempts"":9,""completions"":5,""passing_yards"":54},{""season"":2026,""week"":4,""opponent_team"":""NYJ"",""attempts"":34,""completions"":25,""passing_yards"":268}],""recent_mean_weight"":0.333333,""yards_per_completion_recent_weight"":0.333333,""career_baselines"":{""attempts"":{""mean"":24.206454,""games"":11,""position_pool_mean"":27.838228},""yards_per_completion"":{""mean"":10.909116,""games"":9,""position_pool_mean"":10.96096}},""attempts"":25.090017,""completion_rate"":0.68394,""yards_per_completion"":10.853697,""limitations"":[""Appearance totals do not distinguish partial games from normal starter workloads."",""Completion rate uses recent games without career shrinkage."",""Variance omits completion-rate uncertainty and dependence among components.""],""mean_stages"":{""before_adjustments"":25.090017,""after_defense"":23.301364,""after_venue"":23.301364,""final"":23.301364},""sigma"":13.077211,""opponent"":{""team"":""GB"",""kind"":""pass"",""rating"":1.237631,""rank"":4,""of"":32,""allowed"":200.5,""league"":234.585938,""games"":4,""season"":2026},""home"":false,""versus"":null}",QB
2caea57b1e5cfbba1334cfbfd46f6771,Chicago Bears @ Green Bay Packers,Jordan Love,bovada,Bovada,pass_tds,Passing touchdowns,over,1.5,110,2.092,0.5,0.0,0.4761904762,0.4458598726,0.4377933173,1.5,6,238.0952380952,5.0,Calibration fitted; not prospectively validated,2026-10-07T16:49:45Z,2026-10-11T17:00:00Z,Sun 1:00 PM ET,Green Bay Packers,Chicago Bears,,QB
2caea57b1e5cfbba1334cfbfd46f6771,Chicago Bears @ Green Bay Packers,Tyson Bagent,bovada,Bovada,pass_tds,Passing touchdowns,under,1.5,-135,0.00954,0.75,0.0,0.5744680851,0.5407914021,0.5417844177,1.5,6,1755.3191489362,30.5555555556,Calibration fitted; not prospectively validated,2026-10-07T16:49:45Z,2026-10-11T17:00:00Z,Sun 1:00 PM ET,Green Bay Packers,Chicago Bears,,QB
2caea57b1e5cfbba1334cfbfd46f6771,Chicago Bears @ Green Bay Packers,Luther Burden,draftkings,DraftKings,receptions,Receptions,under,4.5,-105,3.4516114705,0.5475728155,0.0,0.512195122,0.4824089404,0.4886245973,4.5,4,353.7769358276,6.907073509,Calibration fitted; not prospectively validated,2026-10-07T16:51:03Z,2026-10-11T17:00:00Z,Sun 1:00 PM ET,Green Bay Packers,Chicago Bears,"{""version"":""nfl-projection-trace-1"",""family"":""receive"",""current_sample"":[{""season"":2026,""week"":1,""opponent_team"":""CAR"",""targets"":5,""receptions"":5,""receiving_yards"":63},{""season"":2026,""week"":2,""opponent_team"":""MIN"",""targets"":7,""receptions"":3,""receiving_yards"":32},{""season"":2026,""week"":3,""opponent_team"":""PHI"",""targets"":11,""receptions"":7,""receiving_yards"":61},{""season"":2026,""week"":4,""opponent_team"":""NYJ"",""targets"":6,""receptions"":4,""receiving_yards"":63}],""recent_mean_weight"":0.5,""targets"":5.768022,""catch_rate"":0.648881,""yards_per_reception"":12.888602,""mean_stages"":{""before_adjustments"":3.742762,""after_defense"":3.475943,""after_venue"":3.451611,""final"":3.451611},""sigma"":1.855927,""opponent"":{""team"":""GB"",""kind"":""pass"",""rating"":1.237631,""rank"":4,""of"":32,""allowed"":200.5,""league"":234.585938,""games"":4,""season"":2026},""home"":false,""versus"":{""team"":""GB"",""values"":[4.0,3.0],""home"":[false,true],""since"":""2025 Wk 14"",""note"":""History only, not a model input. In our backtests, results against one opponent did not predict the next meeting beyond a player\u2019s overall form.""}}",WR
2caea57b1e5cfbba1334cfbfd46f6771,Chicago Bears @ Green Bay Packers,Matthew Golden,draftkings,DraftKings,receptions,Receptions,under,4.5,-114,2.8279859026,0.5789473684,0.0,0.5327102804,0.5020774472,0.5010387236,4.5,4,462.3708804722,8.6795937211,Calibration fitted; not prospectively validated,2026-10-07T16:51:03Z,2026-10-11T17:00:00Z,Sun 1:00 PM ET,Green Bay Packers,Chicago Bears,"{""version"":""nfl-projection-trace-1"",""family"":""receive"",""current_sample"":[{""season"":2026,""week"":1,""opponent_team"":""MIN"",""targets"":12,""receptions"":6,""receiving_yards"":95},{""season"":2026,""week"":2,""opponent_team"":""NYJ"",""targets"":6,""receptions"":4,""receiving_yards"":58},{""season"":2026,""week"":3,""opponent_team"":""ATL"",""targets"":12,""receptions"":5,""receiving_yards"":100},{""season"":2026,""week"":4,""opponent_team"":""TB"",""targets"":7,""receptions"":3,""receiving_yards"":21}],""recent_mean_weight"":0.5,""targets"":6.137642,""catch_rate"":0.5,""yards_per_reception"":12.057646,""mean_stages"":{""before_adjustments"":3.068821,""after_defense"":2.808328,""after_venue"":2.827986,""final"":2.827986},""sigma"":1.387058,""opponent"":{""team"":""CHI"",""kind"":""pass"",""rating"":1.282946,""rank"":3,""of"":32,""allowed"":194.0,""league"":234.585938,""games"":4,""season"":2026},""home"":true,""versus"":{""team"":""CHI"",""values"":[0.0,0.0,4.0],""home"":[true,false,false],""since"":""2025 Wk 14"",""note"":""History only, not a model input. In our backtests, results against one opponent did not predict the next meeting beyond a player\u2019s overall form.""}}",WR
2caea57b1e5cfbba1334cfbfd46f6771,Chicago Bears @ Green Bay Packers,Tucker Kraft,draftkings,DraftKings,receptions,Receptions,under,4.5,-121,3.5598333414,0.5475728155,0.0,0.5475113122,0.5155112508,0.5101897756,4.5,4,0.6150331679,0.0112332504,Calibration fitted; not prospectively validated,2026-10-07T16:51:03Z,2026-10-11T17:00:00Z,Sun 1:00 PM ET,Green Bay Packers,Chicago Bears,"{""version"":""nfl-projection-trace-1"",""family"":""receive"",""current_sample"":[{""season"":2026,""week"":1,""opponent_team"":""MIN"",""targets"":6,""receptions"":3,""receiving_yards"":65},{""season"":2026,""week"":2,""opponent_team"":""NYJ"",""targets"":3,""receptions"":2,""receiving_yards"":15},{""season"":2026,""week"":3,""opponent_team"":""ATL"",""targets"":8,""receptions"":4,""receiving_yards"":26},{""season"":2026,""week"":4,""opponent_team"":""TB"",""targets"":7,""receptions"":6,""receiving_yards"":42}],""recent_mean_weight"":0.5,""targets"":5.246239,""catch_rate"":0.736336,""yards_per_reception"":9.544045,""mean_stages"":{""before_adjustments"":3.862994,""after_defense"":3.535088,""after_venue"":3.559833,""final"":3.559833},""sigma"":1.62759,""opponent"":{""team"":""CHI"",""kind"":""pass"",""rating"":1.282946,""rank"":3,""of"":32,""allowed"":194.0,""league"":234.585938,""games"":4,""season"":2026},""home"":true,""versus"":{""team"":""CHI"",""values"":[3.0,0.0,4.0],""home"":[true,false,true],""since"":""2023 Wk 18"",""note"":""History only, not a model input. In our backtests, results against one opponent did not predict the next meeting beyond a player\u2019s overall form.""}}",TE
2caea57b1e5cfbba1334cfbfd46f6771,Chicago Bears @ Green Bay Packers,Colston Loveland,draftkings,DraftKings,receptions,Receptions,under,3.5,122,3.4707017397,0.5,0.0,0.4504504505,0.4250232435,0.4273071432,3.5,4,495.4954954955,11.0,Calibration fitted; not prospectively validated,2026-10-07T16:51:03Z,2026-10-11T17:00:00Z,Sun 1:00 PM ET,Green Bay Packers,Chicago Bears,"{""version"":""nfl-projection-trace-1"",""family"":""receive"",""current_sample"":[{""season"":2026,""week"":1,""opponent_team"":""CAR"",""targets"":2,""receptions"":0,""receiving_yards"":0},{""season"":2026,""week"":2,""opponent_team"":""MIN"",""targets"":3,""receptions"":1,""receiving_yards"":3},{""season"":2026,""week"":3,""opponent_team"":""PHI"",""targets"":4,""receptions"":4,""receiving_yards"":31},{""season"":2026,""week"":4,""opponent_team"":""NYJ"",""targets"":9,""receptions"":6,""receiving_yards"":57}],""recent_mean_weight"":0.5,""targets"":5.457021,""catch_rate"":0.689655,""yards_per_reception"":9.896563,""mean_stages"":{""before_adjustments"":3.763463,""after_defense"":3.495168,""after_venue"":3.470702,""final"":3.470702},""sigma"":2.029948,""opponent"":{""team"":""GB"",""kind"":""pass"",""rating"":1.237631,""rank"":4,""of"":32,""allowed"":200.5,""league"":234.585938,""games"":4,""season"":2026},""home"":false,""versus"":{""team"":""GB"",""values"":[4.0,3.0,8.0],""home"":[false,true,true],""since"":""2025 Wk 14"",""note"":""History only, not a model input. In our backtests, results against one opponent did not predict the next meeting beyond a player\u2019s overall form.""}}",TE
2caea57b1e5cfbba1334cfbfd46f6771,Chicago Bears @ Green Bay Packers,Rome Odunze,draftkings,DraftKings,receptions,Receptions,under,2.5,130,4.0064183407,0.4524271845,0.0,0.4347826087,0.4100752573,0.4032049324,3.0,2,176.4457577037,4.0582524272,Calibration fitted; not prospectively validated,2026-10-07T16:51:03Z,2026-10-11T17:00:00Z,Sun 1:00 PM ET,Green Bay Packers,Chicago Bears,"{""version"":""nfl-projection-trace-1"",""family"":""receive"",""current_sample"":[{""season"":2026,""week"":1,""opponent_team"":""CAR"",""targets"":3,""receptions"":2,""receiving_yards"":52},{""season"":2026,""week"":2,""opponent_team"":""MIN"",""targets"":4,""receptions"":3,""receiving_yards"":43},{""season"":2026,""week"":3,""opponent_team"":""PHI"",""targets"":6,""receptions"":3,""receiving_yards"":44},{""season"":2026,""week"":4,""opponent_team"":""NYJ"",""targets"":7,""receptions"":6,""receiving_yards"":94}],""recent_mean_weight"":0.5,""targets"":5.783899,""catch_rate"":0.751114,""yards_per_reception"":14.664361,""mean_stages"":{""before_adjustments"":4.344369,""after_defense"":4.034661,""after_venue"":4.006418,""final"":4.006418},""sigma"":1.834355,""opponent"":{""team"":""GB"",""kind"":""pass"",""rating"":1.237631,""rank"":4,""of"":32,""allowed"":200.5,""league"":234.585938,""games"":4,""season"":2026},""home"":false,""versus"":{""team"":""GB"",""values"":[6.0,2.0,2.0],""home"":[true,false,true],""since"":""2024 Wk 11"",""note"":""History only, not a model input. In our backtests, results against one opponent did not predict the next meeting beyond a player\u2019s overall form.""}}",WR
2caea57b1e5cfbba1334cfbfd46f6771,Chicago Bears @ Green Bay Packers,D'Andre Swift,draftkings,DraftKings,receptions,Receptions,over,2.5,148,2.3530347533,0.4591194969,0.0,0.4032258065,0.3805513417,0.3775317586,2.5,3,558.9369040373,13.8616352201,Calibration fitted; not prospectively validated,2026-10-07T16:51:03Z,2026-10-11T17:00:00Z,Sun 1:00 PM ET,Green Bay Packers,Chicago Bears,"{""version"":""nfl-projection-trace-1"",""family"":""receive"",""current_sample"":[{""season"":2026,""week"":1,""opponent_team"":""CAR"",""targets"":1,""receptions"":1,""receiving_yards"":10},{""season"":2026,""week"":2,""opponent_team"":""MIN"",""targets"":5,""receptions"":5,""receiving_yards"":54},{""season"":2026,""week"":3,""opponent_team"":""PHI"",""targets"":3,""receptions"":2,""receiving_yards"":4},{""season"":2026,""week"":4,""opponent_team"":""NYJ"",""targets"":2,""receptions"":2,""receiving_yards"":16}],""recent_mean_weight"":0.5,""targets"":2.77974,""catch_rate"":0.917898,""yards_per_reception"":7.547941,""mean_stages"":{""before_adjustments"":2.551518,""after_defense"":2.369622,""after_venue"":2.353035,""final"":2.353035},""sigma"":1.660991,""opponent"":{""team"":""GB"",""kind"":""pass"",""rating"":1.237631,""rank"":4,""of"":32,""allowed"":200.5,""league"":234.585938,""games"":4,""season"":2026},""home"":false,""versus"":{""team"":""GB"",""values"":[5.0,4.0,4.0,4.0,3.0,7.0,2.0,0.0,3.0,2.0,2.0],""home"":[false,true,false,true,true,false,true,false,false,true,true],""since"":""2020 Wk 2"",""note"":""History only, not a model input. In our backtests, results against one opponent did not predict the next meeting beyond a player\u2019s overall form.""}}",RB
2caea57b1e5cfbba1334cfbfd46f6771,Chicago Bears @ Green Bay Packers,Tucker Kraft,fanduel,FanDuel,receptions,Receptions,under,4.5,-114,3.5598333414,0.5475728155,0.0,0.5327102804,0.5,0.5101897756,4.5,4,148.6253516015,2.7899846704,Calibration fitted; not prospectively validated,2026-10-07T16:51:36Z,2026-10-11T17:00:00Z,Sun 1:00 PM ET,Green Bay Packers,Chicago Bears,"{""version"":""nfl-projection-trace-1"",""family"":""receive"",""current_sample"":[{""season"":2026,""week"":1,""opponent_team"":""MIN"",""targets"":6,""receptions"":3,""receiving_yards"":65},{""season"":2026,""week"":2,""opponent_team"":""NYJ"",""targets"":3,""receptions"":2,""receiving_yards"":15},{""season"":2026,""week"":3,""opponent_team"":""ATL"",""targets"":8,""receptions"":4,""receiving_yards"":26},{""season"":2026,""week"":4,""opponent_team"":""TB"",""targets"":7,""receptions"":6,""receiving_yards"":42}],""recent_mean_weight"":0.5,""targets"":5.246239,""catch_rate"":0.736336,""yards_per_reception"":9.544045,""mean_stages"":{""before_adjustments"":3.862994,""after_defense"":3.535088,""after_venue"":3.559833,""final"":3.559833},""sigma"":1.62759,""opponent"":{""team"":""CHI"",""kind"":""pass"",""rating"":1.282946,""rank"":3,""of"":32,""allowed"":194.0,""league"":234.585938,""games"":4,""season"":2026},""home"":true,""versus"":{""team"":""CHI"",""values"":[3.0,0.0,4.0],""home"":[true,false,true],""since"":""2023 Wk 18"",""note"":""History only, not a model input. In our backtests, results against one opponent did not predict the next meeting beyond a player\u2019s overall form.""}}",TE
2caea57b1e5cfbba1334cfbfd46f6771,Chicago Bears @ Green Bay Packers,Matthew Golden,fanduel,FanDuel,receptions,Receptions,under,4.5,-114,2.8279859026,0.5789473684,0.0,0.5327102804,0.5,0.5010387236,4.5,4,462.3708804722,8.6795937211,Calibration fitted; not prospectively validated,2026-10-07T16:51:36Z,2026-10-11T17:00:00Z,Sun 1:00 PM ET,Green Bay Packers,Chicago Bears,"{""version"":""nfl-projection-trace-1"",""family"":""receive"",""current_sample"":[{""season"":2026,""week"":1,""opponent_team"":""MIN"",""targets"":12,""receptions"":6,""receiving_yards"":95},{""season"":2026,""week"":2,""opponent_team"":""NYJ"",""targets"":6,""receptions"":4,""receiving_yards"":58},{""season"":2026,""week"":3,""opponent_team"":""ATL"",""targets"":12,""receptions"":5,""receiving_yards"":100},{""season"":2026,""week"":4,""opponent_team"":""TB"",""targets"":7,""receptions"":3,""receiving_yards"":21}],""recent_mean_weight"":0.5,""targets"":6.137642,""catch_rate"":0.5,""yards_per_reception"":12.057646,""mean_stages"":{""before_adjustments"":3.068821,""after_defense"":2.808328,""after_venue"":2.827986,""final"":2.827986},""sigma"":1.387058,""opponent"":{""team"":""CHI"",""kind"":""pass"",""rating"":1.282946,""rank"":3,""of"":32,""allowed"":194.0,""league"":234.585938,""games"":4,""season"":2026},""home"":true,""versus"":{""team"":""CHI"",""values"":[0.0,0.0,4.0],""home"":[true,false,false],""since"":""2025 Wk 14"",""note"":""History only, not a model input. In our backtests, results against one opponent did not predict the next meeting beyond a player\u2019s overall form.""}}",WR
2caea57b1e5cfbba1334cfbfd46f6771,Chicago Bears @ Green Bay Packers,D'Andre Swift,fanduel,FanDuel,receptions,Receptions,over,2.5,148,2.3530347533,0.4591194969,0.0,0.4032258065,0.3768844221,0.3775317586,2.5,3,558.9369040373,13.8616352201,Calibration fitted; not prospectively validated,2026-10-07T16:51:36Z,2026-10-11T17:00:00Z,Sun 1:00 PM ET,Green Bay Packers,Chicago Bears,"{""version"":""nfl-projection-trace-1"",""family"":""receive"",""current_sample"":[{""season"":2026,""week"":1,""opponent_team"":""CAR"",""targets"":1,""receptions"":1,""receiving_yards"":10},{""season"":2026,""week"":2,""opponent_team"":""MIN"",""targets"":5,""receptions"":5,""receiving_yards"":54},{""season"":2026,""week"":3,""opponent_team"":""PHI"",""targets"":3,""receptions"":2,""receiving_yards"":4},{""season"":2026,""week"":4,""opponent_team"":""NYJ"",""targets"":2,""receptions"":2,""receiving_yards"":16}],""recent_mean_weight"":0.5,""targets"":2.77974,""catch_rate"":0.917898,""yards_per_reception"":7.547941,""mean_stages"":{""before_adjustments"":2.551518,""after_defense"":2.369622,""after_venue"":2.353035,""final"":2.353035},""sigma"":1.660991,""opponent"":{""team"":""GB"",""kind"":""pass"",""rating"":1.237631,""rank"":4,""of"":32,""allowed"":200.5,""league"":234.585938,""games"":4,""season"":2026},""home"":false,""versus"":{""team"":""GB"",""values"":[5.0,4.0,4.0,4.0,3.0,7.0,2.0,0.0,3.0,2.0,2.0],""home"":[false,true,false,true,true,false,true,false,false,true,true],""since"":""2020 Wk 2"",""note"":""History only, not a model input. In our backtests, results against one opponent did not predict the next meeting beyond a player\u2019s overall form.""}}",RB
2caea57b1e5cfbba1334cfbfd46f6771,Chicago Bears @ Green Bay Packers,Colston Loveland,fanduel,FanDuel,receptions,Receptions,under,3.5,120,3.4707017397,0.5,0.0,0.4545454545,0.4248366013,0.4273071432,3.5,4,454.5454545455,10.0,Calibration fitted; not prospectively validated,2026-10-07T16:51:36Z,2026-10-11T17:00:00Z,Sun 1:00 PM ET,Green Bay Packers,Chicago Bears,"{""version"":""nfl-projection-trace-1"",""family"":""receive"",""current_sample"":[{""season"":2026,""week"":1,""opponent_team"":""CAR"",""targets"":2,""receptions"":0,""receiving_yards"":0},{""season"":2026,""week"":2,""opponent_team"":""MIN"",""targets"":3,""receptions"":1,""receiving_yards"":3},{""season"":2026,""week"":3,""opponent_team"":""PHI"",""targets"":4,""receptions"":4,""receiving_yards"":31},{""season"":2026,""week"":4,""opponent_team"":""NYJ"",""targets"":9,""receptions"":6,""receiving_yards"":57}],""recent_mean_weight"":0.5,""targets"":5.457021,""catch_rate"":0.689655,""yards_per_reception"":9.896563,""mean_stages"":{""before_adjustments"":3.763463,""after_defense"":3.495168,""after_venue"":3.470702,""final"":3.470702},""sigma"":2.029948,""opponent"":{""team"":""GB"",""kind"":""pass"",""rating"":1.237631,""rank"":4,""of"":32,""allowed"":200.5,""league"":234.585938,""games"":4,""season"":2026},""home"":false,""versus"":{""team"":""GB"",""values"":[4.0,3.0,8.0],""home"":[false,true,true],""since"":""2025 Wk 14"",""note"":""History only, not a model input. In our backtests, results against one opponent did not predict the next meeting beyond a player\u2019s overall form.""}}",TE
2caea57b1e5cfbba1334cfbfd46f6771,Chicago Bears @ Green Bay Packers,Luther Burden,fanduel,FanDuel,receptions,Receptions,under,4.5,-104,3.4516114705,0.5475728155,0.0,0.5098039216,0.4759152216,0.4886245973,4.5,4,377.6889396535,7.4085138163,Calibration fitted; not prospectively validated,2026-10-07T16:51:36Z,2026-10-11T17:00:00Z,Sun 1:00 PM ET,Green Bay Packers,Chicago Bears,"{""version"":""nfl-projection-trace-1"",""family"":""receive"",""current_sample"":[{""season"":2026,""week"":1,""opponent_team"":""CAR"",""targets"":5,""receptions"":5,""receiving_yards"":63},{""season"":2026,""week"":2,""opponent_team"":""MIN"",""targets"":7,""receptions"":3,""receiving_yards"":32},{""season"":2026,""week"":3,""opponent_team"":""PHI"",""targets"":11,""receptions"":7,""receiving_yards"":61},{""season"":2026,""week"":4,""opponent_team"":""NYJ"",""targets"":6,""receptions"":4,""receiving_yards"":63}],""recent_mean_weight"":0.5,""targets"":5.768022,""catch_rate"":0.648881,""yards_per_reception"":12.888602,""mean_stages"":{""before_adjustments"":3.742762,""after_defense"":3.475943,""after_venue"":3.451611,""final"":3.451611},""sigma"":1.855927,""opponent"":{""team"":""GB"",""kind"":""pass"",""rating"":1.237631,""rank"":4,""of"":32,""allowed"":200.5,""league"":234.585938,""games"":4,""season"":2026},""home"":false,""versus"":{""team"":""GB"",""values"":[4.0,3.0],""home"":[false,true],""since"":""2025 Wk 14"",""note"":""History only, not a model input. In our backtests, results against one opponent did not predict the next meeting beyond a player\u2019s overall form.""}}",WR
2caea57b1e5cfbba1334cfbfd46f6771,Chicago Bears @ Green Bay Packers,Rome Odunze,fanduel,FanDuel,receptions,Receptions,under,2.5,136,4.0064183407,0.4524271845,0.0,0.4237288136,0.3963346076,0.4032049324,3.0,2,286.983709067,6.772815534,Calibration fitted; not prospectively validated,2026-10-07T16:51:36Z,2026-10-11T17:00:00Z,Sun 1:00 PM ET,Green Bay Packers,Chicago Bears,"{""version"":""nfl-projection-trace-1"",""family"":""receive"",""current_sample"":[{""season"":2026,""week"":1,""opponent_team"":""CAR"",""targets"":3,""receptions"":2,""receiving_yards"":52},{""season"":2026,""week"":2,""opponent_team"":""MIN"",""targets"":4,""receptions"":3,""receiving_yards"":43},{""season"":2026,""week"":3,""opponent_team"":""PHI"",""targets"":6,""receptions"":3,""receiving_yards"":44},{""season"":2026,""week"":4,""opponent_team"":""NYJ"",""targets"":7,""receptions"":6,""receiving_yards"":94}],""recent_mean_weight"":0.5,""targets"":5.783899,""catch_rate"":0.751114,""yards_per_reception"":14.664361,""mean_stages"":{""before_adjustments"":4.344369,""after_defense"":4.034661,""after_venue"":4.006418,""final"":4.006418},""sigma"":1.834355,""opponent"":{""team"":""GB"",""kind"":""pass"",""rating"":1.237631,""rank"":4,""of"":32,""allowed"":200.5,""league"":234.585938,""games"":4,""season"":2026},""home"":false,""versus"":{""team"":""GB"",""values"":[6.0,2.0,2.0],""home"":[true,false,true],""since"":""2024 Wk 11"",""note"":""History only, not a model input. In our backtests, results against one opponent did not predict the next meeting beyond a player\u2019s overall form.""}}",WR
2caea57b1e5cfbba1334cfbfd46f6771,Chicago Bears @ Green Bay Packers,Kyle Monangai,fanduel,FanDuel,rush_yds,Rushing yards,over,51.5,-114,71.0856687751,0.5647668394,0.0,0.5327102804,0.5,0.5,51.5,1,320.5655900441,6.0176347605,Calibration fitted; not prospectively validated,2026-10-07T16:51:36Z,2026-10-11T17:00:00Z,Sun 1:00 PM ET,Green Bay Packers,Chicago Bears,"{""version"":""nfl-projection-trace-1"",""family"":""rush"",""current_sample"":[{""season"":2026,""week"":1,""opponent_team"":""CAR"",""carries"":10,""rushing_yards"":100},{""season"":2026,""week"":2,""opponent_team"":""MIN"",""carries"":10,""rushing_yards"":47},{""season"":2026,""week"":3,""opponent_team"":""PHI"",""carries"":10,""rushing_yards"":31},{""season"":2026,""week"":4,""opponent_team"":""NYJ"",""carries"":30,""rushing_yards"":146}],""recent_mean_weight"":0.5,""carries"":15.3592,""yards_per_carry"":4.354276,""mean_stages"":{""before_adjustments"":66.878202,""after_defense"":72.833677,""after_venue"":71.085669,""final"":71.085669},""sigma"":44.806615,""opponent"":{""team"":""GB"",""kind"":""rush"",""rating"":0.703168,""rank"":28,""of"":32,""allowed"":139.25,""league"":111.390625,""games"":4,""season"":2026},""home"":false,""versus"":{""team"":""GB"",""values"":[57.0,50.0,27.0],""home"":[false,true,true],""since"":""2025 Wk 14"",""note"":""History only, not a model input. In our backtests, results against one opponent did not predict the next meeting beyond a player\u2019s overall form.""}}",RB
2caea57b1e5cfbba1334cfbfd46f6771,Chicago Bears @ Green Bay Packers,Matthew Golden,betonlineag,BetOnline.ag,receptions,Receptions,under,4.5,-114,2.8279859026,0.5789473684,0.0,0.5327102804,0.5,0.5010387236,4.5,4,462.3708804722,8.6795937211,Calibration fitted; not prospectively validated,2026-10-07T16:50:30Z,2026-10-11T17:00:00Z,Sun 1:00 PM ET,Green Bay Packers,Chicago Bears,"{""version"":""nfl-projection-trace-1"",""family"":""receive"",""current_sample"":[{""season"":2026,""week"":1,""opponent_team"":""MIN"",""targets"":12,""receptions"":6,""receiving_yards"":95},{""season"":2026,""week"":2,""opponent_team"":""NYJ"",""targets"":6,""receptions"":4,""receiving_yards"":58},{""season"":2026,""week"":3,""opponent_team"":""ATL"",""targets"":12,""receptions"":5,""receiving_yards"":100},{""season"":2026,""week"":4,""opponent_team"":""TB"",""targets"":7,""receptions"":3,""receiving_yards"":21}],""recent_mean_weight"":0.5,""targets"":6.137642,""catch_rate"":0.5,""yards_per_reception"":12.057646,""mean_stages"":{""before_adjustments"":3.068821,""after_defense"":2.808328,""after_venue"":2.827986,""final"":2.827986},""sigma"":1.387058,""opponent"":{""team"":""CHI"",""kind"":""pass"",""rating"":1.282946,""rank"":3,""of"":32,""allowed"":194.0,""league"":234.585938,""games"":4,""season"":2026},""home"":true,""versus"":{""team"":""CHI"",""values"":[0.0,0.0,4.0],""home"":[true,false,false],""since"":""2025 Wk 14"",""note"":""History only, not a model input. In our backtests, results against one opponent did not predict the next meeting beyond a player\u2019s overall form.""}}",WR
2caea57b1e5cfbba1334cfbfd46f6771,Chicago Bears @ Green Bay Packers,Tucker Kraft,betonlineag,BetOnline.ag,receptions,Receptions,under,4.5,-119,3.5598333414,0.5475728155,0.0,0.5433789954,0.5102580936,0.5101897756,4.5,4,41.9382010019,0.7718038672,Calibration fitted; not prospectively validated,2026-10-07T16:50:30Z,2026-10-11T17:00:00Z,Sun 1:00 PM ET,Green Bay Packers,Chicago Bears,"{""version"":""nfl-projection-trace-1"",""family"":""receive"",""current_sample"":[{""season"":2026,""week"":1,""opponent_team"":""MIN"",""targets"":6,""receptions"":3,""receiving_yards"":65},{""season"":2026,""week"":2,""opponent_team"":""NYJ"",""targets"":3,""receptions"":2,""receiving_yards"":15},{""season"":2026,""week"":3,""opponent_team"":""ATL"",""targets"":8,""receptions"":4,""receiving_yards"":26},{""season"":2026,""week"":4,""opponent_team"":""TB"",""targets"":7,""receptions"":6,""receiving_yards"":42}],""recent_mean_weight"":0.5,""targets"":5.246239,""catch_rate"":0.736336,""yards_per_reception"":9.544045,""mean_stages"":{""before_adjustments"":3.862994,""after_defense"":3.535088,""after_venue"":3.559833,""final"":3.559833},""sigma"":1.62759,""opponent"":{""team"":""CHI"",""kind"":""pass"",""rating"":1.282946,""rank"":3,""of"":32,""allowed"":194.0,""league"":234.585938,""games"":4,""season"":2026},""home"":true,""versus"":{""team"":""CHI"",""values"":[3.0,0.0,4.0],""home"":[true,false,true],""since"":""2023 Wk 18"",""note"":""History only, not a model input. In our backtests, results against one opponent did not predict the next meeting beyond a player\u2019s overall form.""}}",TE
2caea57b1e5cfbba1334cfbfd46f6771,Chicago Bears @ Green Bay Packers,Luther Burden,betonlineag,BetOnline.ag,receptions,Receptions,under,4.5,-111,3.4516114705,0.5475728155,0.0,0.5260663507,0.4948402543,0.4886245973,4.5,4,215.0646482308,4.0881658357,Calibration fitted; not prospectively validated,2026-10-07T16:50:30Z,2026-10-11T17:00:00Z,Sun 1:00 PM ET,Green Bay Packers,Chicago Bears,"{""version"":""nfl-projection-trace-1"",""family"":""receive"",""current_sample"":[{""season"":2026,""week"":1,""opponent_team"":""CAR"",""targets"":5,""receptions"":5,""receiving_yards"":63},{""season"":2026,""week"":2,""opponent_team"":""MIN"",""targets"":7,""receptions"":3,""receiving_yards"":32},{""season"":2026,""week"":3,""opponent_team"":""PHI"",""targets"":11,""receptions"":7,""receiving_yards"":61},{""season"":2026,""week"":4,""opponent_team"":""NYJ"",""targets"":6,""receptions"":4,""receiving_yards"":63}],""recent_mean_weight"":0.5,""targets"":5.768022,""catch_rate"":0.648881,""yards_per_reception"":12.888602,""mean_stages"":{""before_adjustments"":3.742762,""after_defense"":3.475943,""after_venue"":3.451611,""final"":3.451611},""sigma"":1.855927,""opponent"":{""team"":""GB"",""kind"":""pass"",""rating"":1.237631,""rank"":4,""of"":32,""allowed"":200.5,""league"":234.585938,""games"":4,""season"":2026},""home"":false,""versus"":{""team"":""GB"",""values"":[4.0,3.0],""home"":[false,true],""since"":""2025 Wk 14"",""note"":""History only, not a model input. In our backtests, results against one opponent did not predict the next meeting beyond a player\u2019s overall form.""}}",WR
2caea57b1e5cfbba1334cfbfd46f6771,Chicago Bears @ Green Bay Packers,D'Andre Swift,betonlineag,BetOnline.ag,receptions,Receptions,over,2.5,149,2.3530347533,0.4591194969,0.0,0.4016064257,0.3775317586,0.3775317586,2.5,3,575.1307115253,14.320754717,Calibration fitted; not prospectively validated,2026-10-07T16:50:30Z,2026-10-11T17:00:00Z,Sun 1:00 PM ET,Green Bay Packers,Chicago Bears,"{""version"":""nfl-projection-trace-1"",""family"":""receive"",""current_sample"":[{""season"":2026,""week"":1,""opponent_team"":""CAR"",""targets"":1,""receptions"":1,""receiving_yards"":10},{""season"":2026,""week"":2,""opponent_team"":""MIN"",""targets"":5,""receptions"":5,""receiving_yards"":54},{""season"":2026,""week"":3,""opponent_team"":""PHI"",""targets"":3,""receptions"":2,""receiving_yards"":4},{""season"":2026,""week"":4,""opponent_team"":""NYJ"",""targets"":2,""receptions"":2,""receiving_yards"":16}],""recent_mean_weight"":0.5,""targets"":2.77974,""catch_rate"":0.917898,""yards_per_reception"":7.547941,""mean_stages"":{""before_adjustments"":2.551518,""after_defense"":2.369622,""after_venue"":2.353035,""final"":2.353035},""sigma"":1.660991,""opponent"":{""team"":""GB"",""kind"":""pass"",""rating"":1.237631,""rank"":4,""of"":32,""allowed"":200.5,""league"":234.585938,""games"":4,""season"":2026},""home"":false,""versus"":{""team"":""GB"",""values"":[5.0,4.0,4.0,4.0,3.0,7.0,2.0,0.0,3.0,2.0,2.0],""home"":[false,true,false,true,true,false,true,false,false,true,true],""since"":""2020 Wk 2"",""note"":""History only, not a model input. In our backtests, results against one opponent did not predict the next meeting beyond a player\u2019s overall form.""}}",RB
2caea57b1e5cfbba1334cfbfd46f6771,Chicago Bears @ Green Bay Packers,Colston Loveland,betonlineag,BetOnline.ag,receptions,Receptions,under,3.5,119,3.4707017397,0.5,0.0,0.4566210046,0.4295910429,0.4273071432,3.5,4,433.7899543379,9.5,Calibration fitted; not prospectively validated,2026-10-07T16:50:30Z,2026-10-11T17:00:00Z,Sun 1:00 PM ET,Green Bay Packers,Chicago Bears,"{""version"":""nfl-projection-trace-1"",""family"":""receive"",""current_sample"":[{""season"":2026,""week"":1,""opponent_team"":""CAR"",""targets"":2,""receptions"":0,""receiving_yards"":0},{""season"":2026,""week"":2,""opponent_team"":""MIN"",""targets"":3,""receptions"":1,""receiving_yards"":3},{""season"":2026,""week"":3,""opponent_team"":""PHI"",""targets"":4,""receptions"":4,""receiving_yards"":31},{""season"":2026,""week"":4,""opponent_team"":""NYJ"",""targets"":9,""receptions"":6,""receiving_yards"":57}],""recent_mean_weight"":0.5,""targets"":5.457021,""catch_rate"":0.689655,""yards_per_reception"":9.896563,""mean_stages"":{""before_adjustments"":3.763463,""after_defense"":3.495168,""after_venue"":3.470702,""final"":3.470702},""sigma"":2.029948,""opponent"":{""team"":""GB"",""kind"":""pass"",""rating"":1.237631,""rank"":4,""of"":32,""allowed"":200.5,""league"":234.585938,""games"":4,""season"":2026},""home"":false,""versus"":{""team"":""GB"",""values"":[4.0,3.0,8.0],""home"":[false,true,true],""since"":""2025 Wk 14"",""note"":""History only, not a model input. In our backtests, results against one opponent did not predict the next meeting beyond a player\u2019s overall form.""}}",TE
2caea57b1e5cfbba1334cfbfd46f6771,Chicago Bears @ Green Bay Packers,Rome Odunze,betonlineag,BetOnline.ag,receptions,Receptions,over,3.5,128,4.0064183407,0.5475728155,0.0,0.4385964912,0.4121896999,0.4040802615,3.0,2,1089.7632430591,24.8466019417,Calibration fitted; not prospectively validated,2026-10-07T16:50:30Z,2026-10-11T17:00:00Z,Sun 1:00 PM ET,Green Bay Packers,Chicago Bears,"{""version"":""nfl-projection-trace-1"",""family"":""receive"",""current_sample"":[{""season"":2026,""week"":1,""opponent_team"":""CAR"",""targets"":3,""receptions"":2,""receiving_yards"":52},{""season"":2026,""week"":2,""opponent_team"":""MIN"",""targets"":4,""receptions"":3,""receiving_yards"":43},{""season"":2026,""week"":3,""opponent_team"":""PHI"",""targets"":6,""receptions"":3,""receiving_yards"":44},{""season"":2026,""week"":4,""opponent_team"":""NYJ"",""targets"":7,""receptions"":6,""receiving_yards"":94}],""recent_mean_weight"":0.5,""targets"":5.783899,""catch_rate"":0.751114,""yards_per_reception"":14.664361,""mean_stages"":{""before_adjustments"":4.344369,""after_defense"":4.034661,""after_venue"":4.006418,""final"":4.006418},""sigma"":1.834355,""opponent"":{""team"":""GB"",""kind"":""pass"",""rating"":1.237631,""rank"":4,""of"":32,""allowed"":200.5,""league"":234.585938,""games"":4,""season"":2026},""home"":false,""versus"":{""team"":""GB"",""values"":[6.0,2.0,2.0],""home"":[true,false,true],""since"":""2024 Wk 11"",""note"":""History only, not a model input. In our backtests, results against one opponent did not predict the next meeting beyond a player\u2019s overall form.""}}",WR
2caea57b1e5cfbba1334cfbfd46f6771,Chicago Bears @ Green Bay Packers,Rome Odunze,betmgm,BetMGM,receptions,Receptions,over,3.5,135,4.0064183407,0.5475728155,0.0,0.4255319149,0.3959708232,0.4040802615,3.0,2,1220.4090064036,28.6796116505,Calibration fitted; not prospectively validated,2026-10-07T16:51:44Z,2026-10-11T17:00:00Z,Sun 1:00 PM ET,Green Bay Packers,Chicago Bears,"{""version"":""nfl-projection-trace-1"",""family"":""receive"",""current_sample"":[{""season"":2026,""week"":1,""opponent_team"":""CAR"",""targets"":3,""receptions"":2,""receiving_yards"":52},{""season"":2026,""week"":2,""opponent_team"":""MIN"",""targets"":4,""receptions"":3,""receiving_yards"":43},{""season"":2026,""week"":3,""opponent_team"":""PHI"",""targets"":6,""receptions"":3,""receiving_yards"":44},{""season"":2026,""week"":4,""opponent_team"":""NYJ"",""targets"":7,""receptions"":6,""receiving_yards"":94}],""recent_mean_weight"":0.5,""targets"":5.783899,""catch_rate"":0.751114,""yards_per_reception"":14.664361,""mean_stages"":{""before_adjustments"":4.344369,""after_defense"":4.034661,""after_venue"":4.006418,""final"":4.006418},""sigma"":1.834355,""opponent"":{""team"":""GB"",""kind"":""pass"",""rating"":1.237631,""rank"":4,""of"":32,""allowed"":200.5,""league"":234.585938,""games"":4,""season"":2026},""home"":false,""versus"":{""team"":""GB"",""values"":[6.0,2.0,2.0],""home"":[true,false,true],""since"":""2024 Wk 11"",""note"":""History only, not a model input. In our backtests, results against one opponent did not predict the next meeting beyond a player\u2019s overall form.""}}",WR
2caea57b1e5cfbba1334cfbfd46f6771,Chicago Bears @ Green Bay Packers,Colston Loveland,betmgm,BetMGM,receptions,Receptions,under,3.5,115,3.4707017397,0.5,0.0,0.4651162791,0.4334891628,0.4273071432,3.5,4,348.8372093023,7.5,Calibration fitted; not prospectively validated,2026-10-07T16:51:44Z,2026-10-11T17:00:00Z,Sun 1:00 PM ET,Green Bay Packers,Chicago Bears,"{""version"":""nfl-projection-trace-1"",""family"":""receive"",""current_sample"":[{""season"":2026,""week"":1,""opponent_team"":""CAR"",""targets"":2,""receptions"":0,""receiving_yards"":0},{""season"":2026,""week"":2,""opponent_team"":""MIN"",""targets"":3,""receptions"":1,""receiving_yards"":3},{""season"":2026,""week"":3,""opponent_team"":""PHI"",""targets"":4,""receptions"":4,""receiving_yards"":31},{""season"":2026,""week"":4,""opponent_team"":""NYJ"",""targets"":9,""receptions"":6,""receiving_yards"":57}],""recent_mean_weight"":0.5,""targets"":5.457021,""catch_rate"":0.689655,""yards_per_reception"":9.896563,""mean_stages"":{""before_adjustments"":3.763463,""after_defense"":3.495168,""after_venue"":3.470702,""final"":3.470702},""sigma"":2.029948,""opponent"":{""team"":""GB"",""kind"":""pass"",""rating"":1.237631,""rank"":4,""of"":32,""allowed"":200.5,""league"":234.585938,""games"":4,""season"":2026},""home"":false,""versus"":{""team"":""GB"",""values"":[4.0,3.0,8.0],""home"":[false,true,true],""since"":""2025 Wk 14"",""note"":""History only, not a model input. In our backtests, results against one opponent did not predict the next meeting beyond a player\u2019s overall form.""}}",TE
2caea57b1e5cfbba1334cfbfd46f6771,Chicago Bears @ Green Bay Packers,Luther Burden,betmgm,BetMGM,receptions,Receptions,under,4.5,-118,3.4516114705,0.5475728155,0.0,0.5412844037,0.5071288903,0.4886245973,4.5,4,62.8841186426,1.1617574461,Calibration fitted; not prospectively validated,2026-10-07T16:51:44Z,2026-10-11T17:00:00Z,Sun 1:00 PM ET,Green Bay Packers,Chicago Bears,"{""version"":""nfl-projection-trace-1"",""family"":""receive"",""current_sample"":[{""season"":2026,""week"":1,""opponent_team"":""CAR"",""targets"":5,""receptions"":5,""receiving_yards"":63},{""season"":2026,""week"":2,""opponent_team"":""MIN"",""targets"":7,""receptions"":3,""receiving_yards"":32},{""season"":2026,""week"":3,""opponent_team"":""PHI"",""targets"":11,""receptions"":7,""receiving_yards"":61},{""season"":2026,""week"":4,""opponent_team"":""NYJ"",""targets"":6,""receptions"":4,""receiving_yards"":63}],""recent_mean_weight"":0.5,""targets"":5.768022,""catch_rate"":0.648881,""yards_per_reception"":12.888602,""mean_stages"":{""before_adjustments"":3.742762,""after_defense"":3.475943,""after_venue"":3.451611,""final"":3.451611},""sigma"":1.855927,""opponent"":{""team"":""GB"",""kind"":""pass"",""rating"":1.237631,""rank"":4,""of"":32,""allowed"":200.5,""league"":234.585938,""games"":4,""season"":2026},""home"":false,""versus"":{""team"":""GB"",""values"":[4.0,3.0],""home"":[false,true],""since"":""2025 Wk 14"",""note"":""History only, not a model input. In our backtests, results against one opponent did not predict the next meeting beyond a player\u2019s overall form.""}}",WR
2caea57b1e5cfbba1334cfbfd46f6771,Chicago Bears @ Green Bay Packers,Tucker Kraft,betmgm,BetMGM,receptions,Receptions,under,4.5,-120,3.5598333414,0.5475728155,0.0,0.5454545455,0.5101214575,0.5101897756,4.5,4,21.1827007944,0.3883495146,Calibration fitted; not prospectively validated,2026-10-07T16:51:44Z,2026-10-11T17:00:00Z,Sun 1:00 PM ET,Green Bay Packers,Chicago Bears,"{""version"":""nfl-projection-trace-1"",""family"":""receive"",""current_sample"":[{""season"":2026,""week"":1,""opponent_team"":""MIN"",""targets"":6,""receptions"":3,""receiving_yards"":65},{""season"":2026,""week"":2,""opponent_team"":""NYJ"",""targets"":3,""receptions"":2,""receiving_yards"":15},{""season"":2026,""week"":3,""opponent_team"":""ATL"",""targets"":8,""receptions"":4,""receiving_yards"":26},{""season"":2026,""week"":4,""opponent_team"":""TB"",""targets"":7,""receptions"":6,""receiving_yards"":42}],""recent_mean_weight"":0.5,""targets"":5.246239,""catch_rate"":0.736336,""yards_per_reception"":9.544045,""mean_stages"":{""before_adjustments"":3.862994,""after_defense"":3.535088,""after_venue"":3.559833,""final"":3.559833},""sigma"":1.62759,""opponent"":{""team"":""CHI"",""kind"":""pass"",""rating"":1.282946,""rank"":3,""of"":32,""allowed"":194.0,""league"":234.585938,""games"":4,""season"":2026},""home"":true,""versus"":{""team"":""CHI"",""values"":[3.0,0.0,4.0],""home"":[true,false,true],""since"":""2023 Wk 18"",""note"":""History only, not a model input. In our backtests, results against one opponent did not predict the next meeting beyond a player\u2019s overall form.""}}",TE
2caea57b1e5cfbba1334cfbfd46f6771,Chicago Bears @ Green Bay Packers,Matthew Golden,betmgm,BetMGM,receptions,Receptions,under,4.5,-135,2.8279859026,0.5789473684,0.0,0.5744680851,0.5346534653,0.5010387236,4.5,4,44.7928331467,0.7797270955,Calibration fitted; not prospectively validated,2026-10-07T16:51:44Z,2026-10-11T17:00:00Z,Sun 1:00 PM ET,Green Bay Packers,Chicago Bears,"{""version"":""nfl-projection-trace-1"",""family"":""receive"",""current_sample"":[{""season"":2026,""week"":1,""opponent_team"":""MIN"",""targets"":12,""receptions"":6,""receiving_yards"":95},{""season"":2026,""week"":2,""opponent_team"":""NYJ"",""targets"":6,""receptions"":4,""receiving_yards"":58},{""season"":2026,""week"":3,""opponent_team"":""ATL"",""targets"":12,""receptions"":5,""receiving_yards"":100},{""season"":2026,""week"":4,""opponent_team"":""TB"",""targets"":7,""receptions"":3,""receiving_yards"":21}],""recent_mean_weight"":0.5,""targets"":6.137642,""catch_rate"":0.5,""yards_per_reception"":12.057646,""mean_stages"":{""before_adjustments"":3.068821,""after_defense"":2.808328,""after_venue"":2.827986,""final"":2.827986},""sigma"":1.387058,""opponent"":{""team"":""CHI"",""kind"":""pass"",""rating"":1.282946,""rank"":3,""of"":32,""allowed"":194.0,""league"":234.585938,""games"":4,""season"":2026},""home"":true,""versus"":{""team"":""CHI"",""values"":[0.0,0.0,4.0],""home"":[true,false,false],""since"":""2025 Wk 14"",""note"":""History only, not a model input. In our backtests, results against one opponent did not predict the next meeting beyond a player\u2019s overall form.""}}",WR
9db4ed15fe34fca1fb62f040cd244591,Cleveland Browns @ New York Jets,Deshaun Watson,draftkings,DraftKings,pass_attempts,Passing attempts,under,31.5,-123,28.5055481732,0.6363636364,0.0,0.5515695067,0.5196752547,0.5196752547,31.0,1,847.9412963718,15.3732446415,Calibration fitted; not prospectively validated,2026-10-07T16:51:16Z,2026-10-11T17:00:00Z,Sun 1:00 PM ET,New York Jets,Cleveland Browns,"{""version"":""nfl-projection-trace-1"",""current_sample"":[{""season"":2026,""week"":1,""opponent_team"":""JAX"",""attempts"":22,""completions"":16,""passing_yards"":205},{""season"":2026,""week"":2,""opponent_team"":""TB"",""attempts"":30,""completions"":24,""passing_yards"":238},{""season"":2026,""week"":3,""opponent_team"":""CAR"",""attempts"":30,""completions"":16,""passing_yards"":144},{""season"":2026,""week"":4,""opponent_team"":""PIT"",""attempts"":33,""completions"":24,""passing_yards"":268}],""recent_mean_weight"":0.5,""yards_per_completion_recent_weight"":0.5,""career_baselines"":{""attempts"":{""mean"":29.17182,""games"":35,""position_pool_mean"":27.838228},""yards_per_completion"":{""mean"":10.704069,""games"":35,""position_pool_mean"":10.96096}},""attempts"":30.35192,""completion_rate"":0.68667,""yards_per_completion"":10.639391,""limitations"":[""Appearance totals do not distinguish partial games from normal starter workloads."",""Completion rate uses recent games without career shrinkage."",""Variance omits completion-rate uncertainty and dependence among components.""],""mean_stages"":{""before_adjustments"":30.35192,""after_defense"":28.505548,""after_venue"":28.505548,""final"":28.505548},""sigma"":8.2086,""opponent"":{""team"":""NYJ"",""kind"":""pass"",""rating"":1.202774,""rank"":5,""of"":32,""allowed"":205.5,""league"":234.585938,""games"":4,""season"":2026},""home"":false,""versus"":null}",QB
9db4ed15fe34fca1fb62f040cd244591,Cleveland Browns @ New York Jets,Geno Smith,draftkings,DraftKings,pass_tds,Passing touchdowns,over,1.5,139,1.3075,0.5,0.0,0.4184100418,0.3952119644,0.3859166843,1.5,5,815.89958159,19.5,Calibration fitted; not prospectively validated,2026-10-07T16:51:16Z,2026-10-11T17:00:00Z,Sun 1:00 PM ET,New York Jets,Cleveland Browns,,QB
9db4ed15fe34fca1fb62f040cd244591,Cleveland Browns @ New York Jets,Deshaun Watson,draftkings,DraftKings,pass_tds,Passing touchdowns,over,1.5,150,1.431,0.5,0.0,0.4,0.378238342,0.3750093752,1.5,4,1000.0,25.0,Calibration fitted; not prospectively validated,2026-10-07T16:51:16Z,2026-10-11T17:00:00Z,Sun 1:00 PM ET,New York Jets,Cleveland Browns,,QB
9db4ed15fe34fca1fb62f040cd244591,Cleveland Browns @ New York Jets,Deshaun Watson,fanduel,FanDuel,pass_tds,Passing touchdowns,over,1.5,148,1.431,0.5,0.0,0.4032258065,0.3768844221,0.3750093752,1.5,4,967.7419354839,24.0,Calibration fitted; not prospectively validated,2026-10-07T16:51:23Z,2026-10-11T17:00:00Z,Sun 1:00 PM ET,New York Jets,Cleveland Browns,,QB
9db4ed15fe34fca1fb62f040cd244591,Cleveland Browns @ New York Jets,Geno Smith,fanduel,FanDuel,pass_tds,Passing touchdowns,over,1.5,142,1.3075,0.5,0.0,0.4132231405,0.3859166843,0.3859166843,1.5,5,867.7685950413,21.0,Calibration fitted; not prospectively validated,2026-10-07T16:51:23Z,2026-10-11T17:00:00Z,Sun 1:00 PM ET,New York Jets,Cleveland Browns,,QB
9db4ed15fe34fca1fb62f040cd244591,Cleveland Browns @ New York Jets,Geno Smith,betonlineag,BetOnline.ag,pass_tds,Passing touchdowns,over,1.5,146,1.3075,0.5,0.0,0.406504065,0.3820389366,0.3859166843,1.5,5,934.9593495935,23.0,Calibration fitted; not prospectively validated,2026-10-07T16:50:41Z,2026-10-11T17:00:00Z,Sun 1:00 PM ET,New York Jets,Cleveland Browns,,QB
9db4ed15fe34fca1fb62f040cd244591,Cleveland Browns @ New York Jets,Deshaun Watson,betonlineag,BetOnline.ag,pass_tds,Passing touchdowns,over,1.5,152,1.431,0.5,0.0,0.3968253968,0.3731343284,0.3750093752,1.5,4,1031.746031746,26.0,Calibration fitted; not prospectively validated,2026-10-07T16:50:41Z,2026-10-11T17:00:00Z,Sun 1:00 PM ET,New York Jets,Cleveland Browns,,QB
9db4ed15fe34fca1fb62f040cd244591,Cleveland Browns @ New York Jets,Geno Smith,betrivers,BetRivers,pass_tds,Passing touchdowns,over,1.5,150,1.3075,0.5,0.0,0.4,0.375,0.3859166843,1.5,5,1000.0,25.0,Calibration fitted; not prospectively validated,2026-10-07T16:51:00Z,2026-10-11T17:00:00Z,Sun 1:00 PM ET,New York Jets,Cleveland Browns,,QB
9db4ed15fe34fca1fb62f040cd244591,Cleveland Browns @ New York Jets,Deshaun Watson,betrivers,BetRivers,pass_tds,Passing touchdowns,over,1.5,155,1.431,0.5,0.0,0.3921568627,0.3649000869,0.3750093752,1.5,4,1078.431372549,27.5,Calibration fitted; not prospectively validated,2026-10-07T16:51:00Z,2026-10-11T17:00:00Z,Sun 1:00 PM ET,New York Jets,Cleveland Browns,,QB
9db4ed15fe34fca1fb62f040cd244591,Cleveland Browns @ New York Jets,Geno Smith,bovada,Bovada,pass_tds,Passing touchdowns,over,1.5,135,1.3075,0.5,0.0,0.4255319149,0.3982930299,0.3859166843,1.5,5,744.6808510638,17.5,Calibration fitted; not prospectively validated,2026-10-07T16:50:53Z,2026-10-11T17:00:00Z,Sun 1:00 PM ET,New York Jets,Cleveland Browns,,QB
9db4ed15fe34fca1fb62f040cd244591,Cleveland Browns @ New York Jets,Harold Fannin,draftkings,DraftKings,receptions,Receptions,over,4.5,123,3.1715982399,0.4524271845,0.0,0.4484304933,0.4233170266,0.4240768139,4.5,4,39.9669119248,0.8912621359,Calibration fitted; not prospectively validated,2026-10-07T16:51:16Z,2026-10-11T17:00:00Z,Sun 1:00 PM ET,New York Jets,Cleveland Browns,"{""version"":""nfl-projection-trace-1"",""family"":""receive"",""current_sample"":[{""season"":2026,""week"":1,""opponent_team"":""JAX"",""targets"":3,""receptions"":2,""receiving_yards"":21},{""season"":2026,""week"":2,""opponent_team"":""TB"",""targets"":6,""receptions"":5,""receiving_yards"":54},{""season"":2026,""week"":3,""opponent_team"":""CAR"",""targets"":9,""receptions"":7,""receiving_yards"":51},{""season"":2026,""week"":4,""opponent_team"":""PIT"",""targets"":5,""receptions"":3,""receiving_yards"":27}],""recent_mean_weight"":0.5,""targets"":5.080399,""catch_rate"":0.669403,""yards_per_reception"":9.535472,""mean_stages"":{""before_adjustments"":3.400836,""after_defense"":3.193956,""after_venue"":3.171598,""final"":3.171598},""sigma"":1.671363,""opponent"":{""team"":""NYJ"",""kind"":""pass"",""rating"":1.202774,""rank"":5,""of"":32,""allowed"":205.5,""league"":234.585938,""games"":4,""season"":2026},""home"":false,""versus"":{""team"":""NYJ"",""values"":[4.0],""home"":[false],""since"":""2025 Wk 10"",""note"":""History only, not a model input. In our backtests, results against one opponent did not predict the next meeting beyond a player\u2019s overall form.""}}",TE
9db4ed15fe34fca1fb62f040cd244591,Cleveland Browns @ New York Jets,Braelon Allen,draftkings,DraftKings,rush_attempts,Rushing attempts,under,17.5,-118,8.8460509046,0.5945945946,0.0,0.5412844037,0.5103976044,0.5093005249,17.5,2,533.1019092487,9.8488318827,Calibration fitted; not prospectively validated,2026-10-07T16:51:16Z,2026-10-11T17:00:00Z,Sun 1:00 PM ET,New York Jets,Cleveland Browns,"{""version"":""nfl-projection-trace-1"",""family"":""rush"",""current_sample"":[{""season"":2026,""week"":1,""opponent_team"":""TEN"",""carries"":10,""rushing_yards"":40},{""season"":2026,""week"":2,""opponent_team"":""GB"",""carries"":5,""rushing_yards"":7},{""season"":2026,""week"":3,""opponent_team"":""DET"",""carries"":4,""rushing_yards"":14},{""season"":2026,""week"":4,""opponent_team"":""CHI"",""carries"":14,""rushing_yards"":59}],""recent_mean_weight"":0.5,""carries"":8.646791,""yards_per_carry"":3.876388,""mean_stages"":{""before_adjustments"":8.646791,""after_defense"":8.698182,""after_venue"":8.846051,""final"":8.846051},""sigma"":5.290839,""opponent"":{""team"":""CLE"",""kind"":""rush"",""rating"":0.980189,""rank"":18,""of"":32,""allowed"":113.25,""league"":111.390625,""games"":4,""season"":2026},""home"":true,""versus"":null}",RB
9db4ed15fe34fca1fb62f040cd244591,Cleveland Browns @ New York Jets,Deshaun Watson,draftkings,DraftKings,rush_attempts,Rushing attempts,under,5.5,105,7.3237173128,0.4915254237,0.0,0.487804878,0.4599960684,0.4596023332,5.5,2,37.2054568003,0.7627118644,Calibration fitted; not prospectively validated,2026-10-07T16:51:16Z,2026-10-11T17:00:00Z,Sun 1:00 PM ET,New York Jets,Cleveland Browns,"{""version"":""nfl-projection-trace-1"",""family"":""rush"",""current_sample"":[{""season"":2026,""week"":1,""opponent_team"":""JAX"",""carries"":6,""rushing_yards"":38},{""season"":2026,""week"":2,""opponent_team"":""TB"",""carries"":7,""rushing_yards"":22},{""season"":2026,""week"":3,""opponent_team"":""CAR"",""carries"":11,""rushing_yards"":45},{""season"":2026,""week"":4,""opponent_team"":""PIT"",""carries"":7,""rushing_yards"":22}],""recent_mean_weight"":0.5,""carries"":7.172743,""yards_per_carry"":4.021856,""mean_stages"":{""before_adjustments"":7.172743,""after_defense"":7.450374,""after_venue"":7.323717,""final"":7.323717},""sigma"":3.74505,""opponent"":{""team"":""NYJ"",""kind"":""rush"",""rating"":0.870979,""rank"":25,""of"":32,""allowed"":123.5,""league"":111.390625,""games"":4,""season"":2026},""home"":false,""versus"":null}",QB
9db4ed15fe34fca1fb62f040cd244591,Cleveland Browns @ New York Jets,Braelon Allen,draftkings,DraftKings,rush_yds,Rushing yards,under,68.5,-110,34.5267467762,0.7058823529,0.0,0.5238095238,0.4957877001,0.49789385,69.5,2,1820.7282913165,34.7593582888,Calibration fitted; not prospectively validated,2026-10-07T16:51:16Z,2026-10-11T17:00:00Z,Sun 1:00 PM ET,New York Jets,Cleveland Browns,"{""version"":""nfl-projection-trace-1"",""family"":""rush"",""current_sample"":[{""season"":2026,""week"":1,""opponent_team"":""TEN"",""carries"":10,""rushing_yards"":40},{""season"":2026,""week"":2,""opponent_team"":""GB"",""carries"":5,""rushing_yards"":7},{""season"":2026,""week"":3,""opponent_team"":""DET"",""carries"":4,""rushing_yards"":14},{""season"":2026,""week"":4,""opponent_team"":""CHI"",""carries"":14,""rushing_yards"":59}],""recent_mean_weight"":0.5,""carries"":8.646791,""yards_per_carry"":3.876388,""mean_stages"":{""before_adjustments"":33.518317,""after_defense"":33.717526,""after_venue"":34.526747,""final"":34.526747},""sigma"":25.837801,""opponent"":{""team"":""CLE"",""kind"":""rush"",""rating"":0.980189,""rank"":18,""of"":32,""allowed"":113.25,""league"":111.390625,""games"":4,""season"":2026},""home"":true,""versus"":null}",RB
9db4ed15fe34fca1fb62f040cd244591,Cleveland Browns @ New York Jets,KC Concepcion,fanduel,FanDuel,receptions,Receptions,over,4.5,124,3.2221591119,0.4524271845,0.0,0.4464285714,0.4170324846,0.4378187225,4.5,4,59.9861303745,1.3436893204,Calibration fitted; not prospectively validated,2026-10-07T16:51:23Z,2026-10-11T17:00:00Z,Sun 1:00 PM ET,New York Jets,Cleveland Browns,"{""version"":""nfl-projection-trace-1"",""family"":""receive"",""current_sample"":[{""season"":2026,""week"":1,""opponent_team"":""JAX"",""targets"":5,""receptions"":4,""receiving_yards"":43},{""season"":2026,""week"":2,""opponent_team"":""TB"",""targets"":6,""receptions"":6,""receiving_yards"":28},{""season"":2026,""week"":3,""opponent_team"":""CAR"",""targets"":9,""receptions"":2,""receiving_yards"":9},{""season"":2026,""week"":4,""opponent_team"":""PIT"",""targets"":8,""receptions"":5,""receiving_yards"":64}],""recent_mean_weight"":0.5,""targets"":6.065367,""catch_rate"":0.569636,""yards_per_reception"":11.277831,""mean_stages"":{""before_adjustments"":3.455051,""after_defense"":3.244873,""after_venue"":3.222159,""final"":3.222159},""sigma"":1.553245,""opponent"":{""team"":""NYJ"",""kind"":""pass"",""rating"":1.202774,""rank"":5,""of"":32,""allowed"":205.5,""league"":234.585938,""games"":4,""season"":2026},""home"":false,""versus"":null}",WR
9db4ed15fe34fca1fb62f040cd244591,Cleveland Browns @ New York Jets,Braelon Allen,fanduel,FanDuel,rush_yds,Rushing yards,under,69.5,-114,34.5267467762,0.7058823529,0.0,0.5327102804,0.5,0.5,69.5,2,1731.7207256734,32.5077399381,Calibration fitted; not prospectively validated,2026-10-07T16:51:23Z,2026-10-11T17:00:00Z,Sun 1:00 PM ET,New York Jets,Cleveland Browns,"{""version"":""nfl-projection-trace-1"",""family"":""rush"",""current_sample"":[{""season"":2026,""week"":1,""opponent_team"":""TEN"",""carries"":10,""rushing_yards"":40},{""season"":2026,""week"":2,""opponent_team"":""GB"",""carries"":5,""rushing_yards"":7},{""season"":2026,""week"":3,""opponent_team"":""DET"",""carries"":4,""rushing_yards"":14},{""season"":2026,""week"":4,""opponent_team"":""CHI"",""carries"":14,""rushing_yards"":59}],""recent_mean_weight"":0.5,""carries"":8.646791,""yards_per_carry"":3.876388,""mean_stages"":{""before_adjustments"":33.518317,""after_defense"":33.717526,""after_venue"":34.526747,""final"":34.526747},""sigma"":25.837801,""opponent"":{""team"":""CLE"",""kind"":""rush"",""rating"":0.980189,""rank"":18,""of"":32,""allowed"":113.25,""league"":111.390625,""games"":4,""season"":2026},""home"":true,""versus"":null}",RB
9db4ed15fe34fca1fb62f040cd244591,Cleveland Browns @ New York Jets,Harold Fannin,betonlineag,BetOnline.ag,receptions,Receptions,over,4.5,122,3.1715982399,0.4524271845,0.0,0.4504504505,0.423216445,0.4240768139,4.5,4,19.7673401557,0.4388349515,Calibration fitted; not prospectively validated,2026-10-07T16:50:41Z,2026-10-11T17:00:00Z,Sun 1:00 PM ET,New York Jets,Cleveland Browns,"{""version"":""nfl-projection-trace-1"",""family"":""receive"",""current_sample"":[{""season"":2026,""week"":1,""opponent_team"":""JAX"",""targets"":3,""receptions"":2,""receiving_yards"":21},{""season"":2026,""week"":2,""opponent_team"":""TB"",""targets"":6,""receptions"":5,""receiving_yards"":54},{""season"":2026,""week"":3,""opponent_team"":""CAR"",""targets"":9,""receptions"":7,""receiving_yards"":51},{""season"":2026,""week"":4,""opponent_team"":""PIT"",""targets"":5,""receptions"":3,""receiving_yards"":27}],""recent_mean_weight"":0.5,""targets"":5.080399,""catch_rate"":0.669403,""yards_per_reception"":9.535472,""mean_stages"":{""before_adjustments"":3.400836,""after_defense"":3.193956,""after_venue"":3.171598,""final"":3.171598},""sigma"":1.671363,""opponent"":{""team"":""NYJ"",""kind"":""pass"",""rating"":1.202774,""rank"":5,""of"":32,""allowed"":205.5,""league"":234.585938,""games"":4,""season"":2026},""home"":false,""versus"":{""team"":""NYJ"",""values"":[4.0],""home"":[false],""since"":""2025 Wk 10"",""note"":""History only, not a model input. In our backtests, results against one opponent did not predict the next meeting beyond a player\u2019s overall form.""}}",TE
9db4ed15fe34fca1fb62f040cd244591,Cleveland Browns @ New York Jets,Deshaun Watson,betonlineag,BetOnline.ag,rush_attempts,Rushing attempts,under,5.5,105,7.3237173128,0.4915254237,0.0,0.487804878,0.4592085979,0.4596023332,5.5,2,37.2054568003,0.7627118644,Calibration fitted; not prospectively validated,2026-10-07T16:50:41Z,2026-10-11T17:00:00Z,Sun 1:00 PM ET,New York Jets,Cleveland Browns,"{""version"":""nfl-projection-trace-1"",""family"":""rush"",""current_sample"":[{""season"":2026,""week"":1,""opponent_team"":""JAX"",""carries"":6,""rushing_yards"":38},{""season"":2026,""week"":2,""opponent_team"":""TB"",""carries"":7,""rushing_yards"":22},{""season"":2026,""week"":3,""opponent_team"":""CAR"",""carries"":11,""rushing_yards"":45},{""season"":2026,""week"":4,""opponent_team"":""PIT"",""carries"":7,""rushing_yards"":22}],""recent_mean_weight"":0.5,""carries"":7.172743,""yards_per_carry"":4.021856,""mean_stages"":{""before_adjustments"":7.172743,""after_defense"":7.450374,""after_venue"":7.323717,""final"":7.323717},""sigma"":3.74505,""opponent"":{""team"":""NYJ"",""kind"":""rush"",""rating"":0.870979,""rank"":25,""of"":32,""allowed"":123.5,""league"":111.390625,""games"":4,""season"":2026},""home"":false,""versus"":null}",QB
9db4ed15fe34fca1fb62f040cd244591,Cleveland Browns @ New York Jets,Braelon Allen,betonlineag,BetOnline.ag,rush_attempts,Rushing attempts,under,17.5,-118,8.8460509046,0.5945945946,0.0,0.5412844037,0.5082034454,0.5093005249,17.5,2,533.1019092487,9.8488318827,Calibration fitted; not prospectively validated,2026-10-07T16:50:41Z,2026-10-11T17:00:00Z,Sun 1:00 PM ET,New York Jets,Cleveland Browns,"{""version"":""nfl-projection-trace-1"",""family"":""rush"",""current_sample"":[{""season"":2026,""week"":1,""opponent_team"":""TEN"",""carries"":10,""rushing_yards"":40},{""season"":2026,""week"":2,""opponent_team"":""GB"",""carries"":5,""rushing_yards"":7},{""season"":2026,""week"":3,""opponent_team"":""DET"",""carries"":4,""rushing_yards"":14},{""season"":2026,""week"":4,""opponent_team"":""CHI"",""carries"":14,""rushing_yards"":59}],""recent_mean_weight"":0.5,""carries"":8.646791,""yards_per_carry"":3.876388,""mean_stages"":{""before_adjustments"":8.646791,""after_defense"":8.698182,""after_venue"":8.846051,""final"":8.846051},""sigma"":5.290839,""opponent"":{""team"":""CLE"",""kind"":""rush"",""rating"":0.980189,""rank"":18,""of"":32,""allowed"":113.25,""league"":111.390625,""games"":4,""season"":2026},""home"":true,""versus"":null}",RB
9db4ed15fe34fca1fb62f040cd244591,Cleveland Browns @ New York Jets,Braelon Allen,betonlineag,BetOnline.ag,rush_yds,Rushing yards,under,69.5,-114,34.5267467762,0.7058823529,0.0,0.5327102804,0.5,0.5,69.5,2,1731.7207256734,32.5077399381,Calibration fitted; not prospectively validated,2026-10-07T16:50:41Z,2026-10-11T17:00:00Z,Sun 1:00 PM ET,New York Jets,Cleveland Browns,"{""version"":""nfl-projection-trace-1"",""family"":""rush"",""current_sample"":[{""season"":2026,""week"":1,""opponent_team"":""TEN"",""carries"":10,""rushing_yards"":40},{""season"":2026,""week"":2,""opponent_team"":""GB"",""carries"":5,""rushing_yards"":7},{""season"":2026,""week"":3,""opponent_team"":""DET"",""carries"":4,""rushing_yards"":14},{""season"":2026,""week"":4,""opponent_team"":""CHI"",""carries"":14,""rushing_yards"":59}],""recent_mean_weight"":0.5,""carries"":8.646791,""yards_per_carry"":3.876388,""mean_stages"":{""before_adjustments"":33.518317,""after_defense"":33.717526,""after_venue"":34.526747,""final"":34.526747},""sigma"":25.837801,""opponent"":{""team"":""CLE"",""kind"":""rush"",""rating"":0.980189,""rank"":18,""of"":32,""allowed"":113.25,""league"":111.390625,""games"":4,""season"":2026},""home"":true,""versus"":null}",RB
9db4ed15fe34fca1fb62f040cd244591,Cleveland Browns @ New York Jets,Braelon Allen,betrivers,BetRivers,rush_yds,Rushing yards,under,71.5,-117,34.5267467762,0.7058823529,0.0,0.5391705069,0.5030135005,0.5030135005,69.5,1,1667.1184602873,30.9200603318,Calibration fitted; not prospectively validated,2026-10-07T16:51:00Z,2026-10-11T17:00:00Z,Sun 1:00 PM ET,New York Jets,Cleveland Browns,"{""version"":""nfl-projection-trace-1"",""family"":""rush"",""current_sample"":[{""season"":2026,""week"":1,""opponent_team"":""TEN"",""carries"":10,""rushing_yards"":40},{""season"":2026,""week"":2,""opponent_team"":""GB"",""carries"":5,""rushing_yards"":7},{""season"":2026,""week"":3,""opponent_team"":""DET"",""carries"":4,""rushing_yards"":14},{""season"":2026,""week"":4,""opponent_team"":""CHI"",""carries"":14,""rushing_yards"":59}],""recent_mean_weight"":0.5,""carries"":8.646791,""yards_per_carry"":3.876388,""mean_stages"":{""before_adjustments"":33.518317,""after_defense"":33.717526,""after_venue"":34.526747,""final"":34.526747},""sigma"":25.837801,""opponent"":{""team"":""CLE"",""kind"":""rush"",""rating"":0.980189,""rank"":18,""of"":32,""allowed"":113.25,""league"":111.390625,""games"":4,""season"":2026},""home"":true,""versus"":null}",RB
9db4ed15fe34fca1fb62f040cd244591,Cleveland Browns @ New York Jets,Braelon Allen,bovada,Bovada,rush_yds,Rushing yards,under,68.5,-115,34.5267467762,0.7058823529,0.0,0.5348837209,0.5,0.49789385,69.5,2,1709.9863201094,31.9693094629,Calibration fitted; not prospectively validated,2026-10-07T16:50:53Z,2026-10-11T17:00:00Z,Sun 1:00 PM ET,New York Jets,Cleveland Browns,"{""version"":""nfl-projection-trace-1"",""family"":""rush"",""current_sample"":[{""season"":2026,""week"":1,""opponent_team"":""TEN"",""carries"":10,""rushing_yards"":40},{""season"":2026,""week"":2,""opponent_team"":""GB"",""carries"":5,""rushing_yards"":7},{""season"":2026,""week"":3,""opponent_team"":""DET"",""carries"":4,""rushing_yards"":14},{""season"":2026,""week"":4,""opponent_team"":""CHI"",""carries"":14,""rushing_yards"":59}],""recent_mean_weight"":0.5,""carries"":8.646791,""yards_per_carry"":3.876388,""mean_stages"":{""before_adjustments"":33.518317,""after_defense"":33.717526,""after_venue"":34.526747,""final"":34.526747},""sigma"":25.837801,""opponent"":{""team"":""CLE"",""kind"":""rush"",""rating"":0.980189,""rank"":18,""of"":32,""allowed"":113.25,""league"":111.390625,""games"":4,""season"":2026},""home"":true,""versus"":null}",RB
cc52bba56e74f5cddbe9011046181c3d,Houston Texans @ Tennessee Titans,C.J. Stroud,draftkings,DraftKings,pass_tds,Passing touchdowns,over,1.5,116,1.1925,0.5,0.0,0.462962963,0.4361992853,0.4361992853,1.5,3,370.3703703704,8.0,Calibration fitted; not prospectively validated,2026-10-07T16:51:19Z,2026-10-11T17:00:00Z,Sun 1:00 PM ET,Tennessee Titans,Houston Texans,,QB
cc52bba56e74f5cddbe9011046181c3d,Houston Texans @ Tennessee Titans,Cam Ward,draftkings,DraftKings,pass_tds,Passing touchdowns,under,0.5,132,0.7845,0.5,0.0,0.4310344828,0.406909905,0.4092633684,0.5,4,689.6551724138,16.0,Calibration fitted; not prospectively validated,2026-10-07T16:51:19Z,2026-10-11T17:00:00Z,Sun 1:00 PM ET,Tennessee Titans,Houston Texans,,QB
cc52bba56e74f5cddbe9011046181c3d,Houston Texans @ Tennessee Titans,C.J. Stroud,betonlineag,BetOnline.ag,pass_tds,Passing touchdowns,over,1.5,120,1.1925,0.5,0.0,0.4545454545,0.4272363151,0.4361992853,1.5,3,454.5454545455,10.0,Calibration fitted; not prospectively validated,2026-10-07T16:50:54Z,2026-10-11T17:00:00Z,Sun 1:00 PM ET,Tennessee Titans,Houston Texans,,QB
cc52bba56e74f5cddbe9011046181c3d,Houston Texans @ Tennessee Titans,Cam Ward,betonlineag,BetOnline.ag,pass_tds,Passing touchdowns,under,0.5,129,0.7845,0.5,0.0,0.4366812227,0.4100547248,0.4092633684,0.5,4,633.1877729258,14.5,Calibration fitted; not prospectively validated,2026-10-07T16:50:54Z,2026-10-11T17:00:00Z,Sun 1:00 PM ET,Tennessee Titans,Houston Texans,,QB
cc52bba56e74f5cddbe9011046181c3d,Houston Texans @ Tennessee Titans,Cam Ward,betmgm,BetMGM,pass_tds,Passing touchdowns,under,0.5,120,0.7845,0.5,0.0,0.4545454545,0.4248366013,0.4092633684,0.5,4,454.5454545455,10.0,Calibration fitted; not prospectively validated,2026-10-07T16:50:49Z,2026-10-11T17:00:00Z,Sun 1:00 PM ET,Tennessee Titans,Houston Texans,,QB
cc52bba56e74f5cddbe9011046181c3d,Houston Texans @ Tennessee Titans,C.J. Stroud,bovada,Bovada,pass_tds,Passing touchdowns,over,1.5,115,1.1925,0.5,0.0,0.4651162791,0.4366812227,0.4361992853,1.5,3,348.8372093023,7.5,Calibration fitted; not prospectively validated,2026-10-07T16:51:34Z,2026-10-11T17:00:00Z,Sun 1:00 PM ET,Tennessee Titans,Houston Texans,,QB
cc52bba56e74f5cddbe9011046181c3d,Houston Texans @ Tennessee Titans,Cam Ward,bovada,Bovada,pass_tds,Passing touchdowns,under,0.5,130,0.7845,0.5,0.0,0.4347826087,0.4084720121,0.4092633684,0.5,4,652.1739130435,15.0,Calibration fitted; not prospectively validated,2026-10-07T16:51:34Z,2026-10-11T17:00:00Z,Sun 1:00 PM ET,Tennessee Titans,Houston Texans,,QB
cc52bba56e74f5cddbe9011046181c3d,Houston Texans @ Tennessee Titans,Nico Collins,draftkings,DraftKings,receptions,Receptions,over,5.5,-106,5.5835342143,0.5408805031,0.0,0.5145631068,0.4854288093,0.4898102244,5.5,4,263.1739634854,5.1145128753,Calibration fitted; not prospectively validated,2026-10-07T16:51:19Z,2026-10-11T17:00:00Z,Sun 1:00 PM ET,Tennessee Titans,Houston Texans,"{""version"":""nfl-projection-trace-1"",""family"":""receive"",""current_sample"":[{""season"":2026,""week"":1,""opponent_team"":""BUF"",""targets"":10,""receptions"":7,""receiving_yards"":75},{""season"":2026,""week"":4,""opponent_team"":""DAL"",""targets"":8,""receptions"":7,""receiving_yards"":118}],""recent_mean_weight"":0.333333,""targets"":7.022514,""catch_rate"":0.825,""yards_per_reception"":14.709366,""mean_stages"":{""before_adjustments"":5.793574,""after_defense"":5.622894,""after_venue"":5.583534,""final"":5.583534},""sigma"":2.340072,""opponent"":{""team"":""TEN"",""kind"":""pass"",""rating"":1.098201,""rank"":11,""of"":32,""allowed"":220.5,""league"":234.585938,""games"":4,""season"":2026},""home"":false,""versus"":{""team"":""TEN"",""values"":[1.0,3.0,7.0,5.0,5.0,4.0,9.0],""home"":[false,true,true,true,false,true,false],""since"":""2021 Wk 11"",""note"":""History only, not a model input. In our backtests, results against one opponent did not predict the next meeting beyond a player\u2019s overall form.""}}",WR
cc52bba56e74f5cddbe9011046181c3d,Houston Texans @ Tennessee Titans,Carnell Tate,draftkings,DraftKings,receptions,Receptions,over,4.5,-118,5.6762629072,0.5475728155,0.0,0.5412844037,0.5103976044,0.4989030933,4.5,4,62.8841186426,1.1617574461,Calibration fitted; not prospectively validated,2026-10-07T16:51:19Z,2026-10-11T17:00:00Z,Sun 1:00 PM ET,Tennessee Titans,Houston Texans,"{""version"":""nfl-projection-trace-1"",""family"":""receive"",""current_sample"":[{""season"":2026,""week"":1,""opponent_team"":""NYJ"",""targets"":6,""receptions"":4,""receiving_yards"":38},{""season"":2026,""week"":2,""opponent_team"":""PHI"",""targets"":5,""receptions"":3,""receiving_yards"":27},{""season"":2026,""week"":3,""opponent_team"":""NYG"",""targets"":9,""receptions"":6,""receiving_yards"":58},{""season"":2026,""week"":4,""opponent_team"":""BAL"",""targets"":12,""receptions"":9,""receiving_yards"":145}],""recent_mean_weight"":0.5,""targets"":7.267337,""catch_rate"":0.711412,""yards_per_reception"":13.122385,""mean_stages"":{""before_adjustments"":5.170072,""after_defense"":5.636805,""after_venue"":5.676263,""final"":5.676263},""sigma"":2.269542,""opponent"":{""team"":""HOU"",""kind"":""pass"",""rating"":0.69908,""rank"":30,""of"":32,""allowed"":277.75,""league"":234.585938,""games"":4,""season"":2026},""home"":true,""versus"":null}",WR
cc52bba56e74f5cddbe9011046181c3d,Houston Texans @ Tennessee Titans,Carnell Tate,betonlineag,BetOnline.ag,receptions,Receptions,over,4.5,-108,5.6762629072,0.5475728155,0.0,0.5192307692,0.4876847291,0.4989030933,4.5,4,283.4204630321,5.4584681769,Calibration fitted; not prospectively validated,2026-10-07T16:50:54Z,2026-10-11T17:00:00Z,Sun 1:00 PM ET,Tennessee Titans,Houston Texans,"{""version"":""nfl-projection-trace-1"",""family"":""receive"",""current_sample"":[{""season"":2026,""week"":1,""opponent_team"":""NYJ"",""targets"":6,""receptions"":4,""receiving_yards"":38},{""season"":2026,""week"":2,""opponent_team"":""PHI"",""targets"":5,""receptions"":3,""receiving_yards"":27},{""season"":2026,""week"":3,""opponent_team"":""NYG"",""targets"":9,""receptions"":6,""receiving_yards"":58},{""season"":2026,""week"":4,""opponent_team"":""BAL"",""targets"":12,""receptions"":9,""receiving_yards"":145}],""recent_mean_weight"":0.5,""targets"":7.267337,""catch_rate"":0.711412,""yards_per_reception"":13.122385,""mean_stages"":{""before_adjustments"":5.170072,""after_defense"":5.636805,""after_venue"":5.676263,""final"":5.676263},""sigma"":2.269542,""opponent"":{""team"":""HOU"",""kind"":""pass"",""rating"":0.69908,""rank"":30,""of"":32,""allowed"":277.75,""league"":234.585938,""games"":4,""season"":2026},""home"":true,""versus"":null}",WR
cc52bba56e74f5cddbe9011046181c3d,Houston Texans @ Tennessee Titans,Nico Collins,betonlineag,BetOnline.ag,receptions,Receptions,over,5.5,-109,5.5835342143,0.5408805031,0.0,0.5215311005,0.4897419064,0.4898102244,5.5,4,193.4940266619,3.7101148231,Calibration fitted; not prospectively validated,2026-10-07T16:50:54Z,2026-10-11T17:00:00Z,Sun 1:00 PM ET,Tennessee Titans,Houston Texans,"{""version"":""nfl-projection-trace-1"",""family"":""receive"",""current_sample"":[{""season"":2026,""week"":1,""opponent_team"":""BUF"",""targets"":10,""receptions"":7,""receiving_yards"":75},{""season"":2026,""week"":4,""opponent_team"":""DAL"",""targets"":8,""receptions"":7,""receiving_yards"":118}],""recent_mean_weight"":0.333333,""targets"":7.022514,""catch_rate"":0.825,""yards_per_reception"":14.709366,""mean_stages"":{""before_adjustments"":5.793574,""after_defense"":5.622894,""after_venue"":5.583534,""final"":5.583534},""sigma"":2.340072,""opponent"":{""team"":""TEN"",""kind"":""pass"",""rating"":1.098201,""rank"":11,""of"":32,""allowed"":220.5,""league"":234.585938,""games"":4,""season"":2026},""home"":false,""versus"":{""team"":""TEN"",""values"":[1.0,3.0,7.0,5.0,5.0,4.0,9.0],""home"":[false,true,true,true,false,true,false],""since"":""2021 Wk 11"",""note"":""History only, not a model input. In our backtests, results against one opponent did not predict the next meeting beyond a player\u2019s overall form.""}}",WR
cc52bba56e74f5cddbe9011046181c3d,Houston Texans @ Tennessee Titans,Carnell Tate,betmgm,BetMGM,receptions,Receptions,over,4.5,-105,5.6762629072,0.5475728155,0.0,0.512195122,0.4796954315,0.4989030933,4.5,4,353.7769358276,6.907073509,Calibration fitted; not prospectively validated,2026-10-07T16:50:49Z,2026-10-11T17:00:00Z,Sun 1:00 PM ET,Tennessee Titans,Houston Texans,"{""version"":""nfl-projection-trace-1"",""family"":""receive"",""current_sample"":[{""season"":2026,""week"":1,""opponent_team"":""NYJ"",""targets"":6,""receptions"":4,""receiving_yards"":38},{""season"":2026,""week"":2,""opponent_team"":""PHI"",""targets"":5,""receptions"":3,""receiving_yards"":27},{""season"":2026,""week"":3,""opponent_team"":""NYG"",""targets"":9,""receptions"":6,""receiving_yards"":58},{""season"":2026,""week"":4,""opponent_team"":""BAL"",""targets"":12,""receptions"":9,""receiving_yards"":145}],""recent_mean_weight"":0.5,""targets"":7.267337,""catch_rate"":0.711412,""yards_per_reception"":13.122385,""mean_stages"":{""before_adjustments"":5.170072,""after_defense"":5.636805,""after_venue"":5.676263,""final"":5.676263},""sigma"":2.269542,""opponent"":{""team"":""HOU"",""kind"":""pass"",""rating"":0.69908,""rank"":30,""of"":32,""allowed"":277.75,""league"":234.585938,""games"":4,""season"":2026},""home"":true,""versus"":null}",WR
cc52bba56e74f5cddbe9011046181c3d,Houston Texans @ Tennessee Titans,Carnell Tate,bovada,Bovada,receptions,Receptions,over,4.5,-120,5.6762629072,0.5475728155,0.0,0.5454545455,0.5101214575,0.4989030933,4.5,4,21.1827007944,0.3883495146,Calibration fitted; not prospectively validated,2026-10-07T16:51:34Z,2026-10-11T17:00:00Z,Sun 1:00 PM ET,Tennessee Titans,Houston Texans,"{""version"":""nfl-projection-trace-1"",""family"":""receive"",""current_sample"":[{""season"":2026,""week"":1,""opponent_team"":""NYJ"",""targets"":6,""receptions"":4,""receiving_yards"":38},{""season"":2026,""week"":2,""opponent_team"":""PHI"",""targets"":5,""receptions"":3,""receiving_yards"":27},{""season"":2026,""week"":3,""opponent_team"":""NYG"",""targets"":9,""receptions"":6,""receiving_yards"":58},{""season"":2026,""week"":4,""opponent_team"":""BAL"",""targets"":12,""receptions"":9,""receiving_yards"":145}],""recent_mean_weight"":0.5,""targets"":7.267337,""catch_rate"":0.711412,""yards_per_reception"":13.122385,""mean_stages"":{""before_adjustments"":5.170072,""after_defense"":5.636805,""after_venue"":5.676263,""final"":5.676263},""sigma"":2.269542,""opponent"":{""team"":""HOU"",""kind"":""pass"",""rating"":0.69908,""rank"":30,""of"":32,""allowed"":277.75,""league"":234.585938,""games"":4,""season"":2026},""home"":true,""versus"":null}",WR
cc52bba56e74f5cddbe9011046181c3d,Houston Texans @ Tennessee Titans,Nico Collins,bovada,Bovada,receptions,Receptions,over,5.5,-110,5.5835342143,0.5408805031,0.0,0.5238095238,0.4898785425,0.4898102244,5.5,4,170.7097933513,3.2590051458,Calibration fitted; not prospectively validated,2026-10-07T16:51:34Z,2026-10-11T17:00:00Z,Sun 1:00 PM ET,Tennessee Titans,Houston Texans,"{""version"":""nfl-projection-trace-1"",""family"":""receive"",""current_sample"":[{""season"":2026,""week"":1,""opponent_team"":""BUF"",""targets"":10,""receptions"":7,""receiving_yards"":75},{""season"":2026,""week"":4,""opponent_team"":""DAL"",""targets"":8,""receptions"":7,""receiving_yards"":118}],""recent_mean_weight"":0.333333,""targets"":7.022514,""catch_rate"":0.825,""yards_per_reception"":14.709366,""mean_stages"":{""before_adjustments"":5.793574,""after_defense"":5.622894,""after_venue"":5.583534,""final"":5.583534},""sigma"":2.340072,""opponent"":{""team"":""TEN"",""kind"":""pass"",""rating"":1.098201,""rank"":11,""of"":32,""allowed"":220.5,""league"":234.585938,""games"":4,""season"":2026},""home"":false,""versus"":{""team"":""TEN"",""values"":[1.0,3.0,7.0,5.0,5.0,4.0,9.0],""home"":[false,true,true,true,false,true,false],""since"":""2021 Wk 11"",""note"":""History only, not a model input. In our backtests, results against one opponent did not predict the next meeting beyond a player\u2019s overall form.""}}",WR
448d7cf18c6db4c811ed82ded1b72867,Indianapolis Colts @ Pittsburgh Steelers,Daniel Jones,draftkings,DraftKings,pass_tds,Passing touchdowns,over,1.5,174,0.7155,0.4666666667,0.0,0.3649635036,0.3455041802,0.3487757657,1.5,4,1017.0316301703,27.8666666667,Calibration fitted; not prospectively validated,2026-10-07T16:50:41Z,2026-10-11T17:00:00Z,Sun 1:00 PM ET,Pittsburgh Steelers,Indianapolis Colts,,QB
448d7cf18c6db4c811ed82ded1b72867,Indianapolis Colts @ Pittsburgh Steelers,Daniel Jones,fanduel,FanDuel,pass_tds,Passing touchdowns,over,1.5,162,0.7155,0.4666666667,0.0,0.3816793893,0.3569834895,0.3487757657,1.5,4,849.8727735369,22.2666666667,Calibration fitted; not prospectively validated,2026-10-07T16:51:32Z,2026-10-11T17:00:00Z,Sun 1:00 PM ET,Pittsburgh Steelers,Indianapolis Colts,,QB
448d7cf18c6db4c811ed82ded1b72867,Indianapolis Colts @ Pittsburgh Steelers,Daniel Jones,betonlineag,BetOnline.ag,pass_tds,Passing touchdowns,over,1.5,167,0.7155,0.4666666667,0.0,0.3745318352,0.3520125937,0.3487757657,1.5,4,921.3483146067,24.6,Calibration fitted; not prospectively validated,2026-10-07T16:51:46Z,2026-10-11T17:00:00Z,Sun 1:00 PM ET,Pittsburgh Steelers,Indianapolis Colts,,QB
448d7cf18c6db4c811ed82ded1b72867,Indianapolis Colts @ Pittsburgh Steelers,Daniel Jones,betrivers,BetRivers,pass_completions,Passing completions,over,20.5,104,18.8310664927,0.5,0.0,0.4901960784,,,20.5,0,98.0392156863,2.0,Calibration fitted; not prospectively validated,2026-10-07T16:51:45Z,2026-10-11T17:00:00Z,Sun 1:00 PM ET,Pittsburgh Steelers,Indianapolis Colts,"{""version"":""nfl-projection-trace-1"",""current_sample"":[{""season"":2026,""week"":1,""opponent_team"":""BAL"",""attempts"":31,""completions"":19,""passing_yards"":166},{""season"":2026,""week"":2,""opponent_team"":""KC"",""attempts"":31,""completions"":22,""passing_yards"":210},{""season"":2026,""week"":3,""opponent_team"":""HOU"",""attempts"":36,""completions"":24,""passing_yards"":235},{""season"":2026,""week"":4,""opponent_team"":""WAS"",""attempts"":34,""completions"":19,""passing_yards"":143}],""recent_mean_weight"":0.5,""yards_per_completion_recent_weight"":0.5,""career_baselines"":{""attempts"":{""mean"":29.688552,""games"":72,""position_pool_mean"":27.838228},""yards_per_completion"":{""mean"":10.717532,""games"":72,""position_pool_mean"":10.96096}},""attempts"":31.883685,""completion_rate"":0.60238,""yards_per_completion"":9.524226,""limitations"":[""Appearance totals do not distinguish partial games from normal starter workloads."",""Completion rate uses recent games without career shrinkage."",""Variance omits completion-rate uncertainty and dependence among components.""],""mean_stages"":{""before_adjustments"":19.20608,""after_defense"":18.831066,""after_venue"":18.831066,""final"":18.831066},""sigma"":4.421199,""opponent"":{""team"":""PIT"",""kind"":""pass"",""rating"":1.065086,""rank"":13,""of"":32,""allowed"":225.25,""league"":234.585938,""games"":4,""season"":2026},""home"":false,""versus"":{""team"":""PIT"",""values"":[26.0,24.0,31.0],""home"":[true,false,false],""since"":""2020 Wk 1"",""note"":""History only, not a model input. In our backtests, results against one opponent did not predict the next meeting beyond a player\u2019s overall form.""}}",QB
448d7cf18c6db4c811ed82ded1b72867,Indianapolis Colts @ Pittsburgh Steelers,Daniel Jones,betrivers,BetRivers,pass_tds,Passing touchdowns,over,1.5,170,0.7155,0.4666666667,0.0,0.3703703704,0.3455389376,0.3487757657,1.5,4,962.962962963,26.0,Calibration fitted; not prospectively validated,2026-10-07T16:51:45Z,2026-10-11T17:00:00Z,Sun 1:00 PM ET,Pittsburgh Steelers,Indianapolis Colts,,QB
448d7cf18c6db4c811ed82ded1b72867,Indianapolis Colts @ Pittsburgh Steelers,DK Metcalf,draftkings,DraftKings,receptions,Receptions,under,3.5,128,4.3580546408,0.4524271845,0.0,0.4385964912,0.4138449962,0.4170616114,3.5,3,138.3069323795,3.1533980583,Calibration fitted; not prospectively validated,2026-10-07T16:50:41Z,2026-10-11T17:00:00Z,Sun 1:00 PM ET,Pittsburgh Steelers,Indianapolis Colts,"{""version"":""nfl-projection-trace-1"",""family"":""receive"",""current_sample"":[{""season"":2026,""week"":1,""opponent_team"":""ATL"",""targets"":10,""receptions"":4,""receiving_yards"":40},{""season"":2026,""week"":2,""opponent_team"":""NE"",""targets"":9,""receptions"":4,""receiving_yards"":27},{""season"":2026,""week"":3,""opponent_team"":""CIN"",""targets"":5,""receptions"":3,""receiving_yards"":31},{""season"":2026,""week"":4,""opponent_team"":""CLE"",""targets"":9,""receptions"":5,""receiving_yards"":115}],""recent_mean_weight"":0.5,""targets"":7.24552,""catch_rate"":0.549425,""yards_per_reception"":16.020369,""mean_stages"":{""before_adjustments"":3.980872,""after_defense"":4.32776,""after_venue"":4.358055,""final"":4.358055},""sigma"":1.425602,""opponent"":{""team"":""IND"",""kind"":""pass"",""rating"":0.709537,""rank"":28,""of"":32,""allowed"":276.25,""league"":234.585938,""games"":4,""season"":2026},""home"":true,""versus"":{""team"":""IND"",""values"":[4.0,2.0],""home"":[false,true],""since"":""2021 Wk 1"",""note"":""History only, not a model input. In our backtests, results against one opponent did not predict the next meeting beyond a player\u2019s overall form.""}}",WR
448d7cf18c6db4c811ed82ded1b72867,Indianapolis Colts @ Pittsburgh Steelers,Roman Wilson,draftkings,DraftKings,receptions,Receptions,over,2.5,-116,2.8748957245,0.5475728155,0.0,0.537037037,0.506234414,0.5102580936,2.5,3,105.3577849694,1.9618346167,Calibration fitted; not prospectively validated,2026-10-07T16:50:41Z,2026-10-11T17:00:00Z,Sun 1:00 PM ET,Pittsburgh Steelers,Indianapolis Colts,"{""version"":""nfl-projection-trace-1"",""family"":""receive"",""current_sample"":[{""season"":2026,""week"":1,""opponent_team"":""ATL"",""targets"":6,""receptions"":3,""receiving_yards"":26},{""season"":2026,""week"":2,""opponent_team"":""NE"",""targets"":6,""receptions"":5,""receiving_yards"":28},{""season"":2026,""week"":3,""opponent_team"":""CIN"",""targets"":6,""receptions"":3,""receiving_yards"":60},{""season"":2026,""week"":4,""opponent_team"":""CLE"",""targets"":6,""receptions"":3,""receiving_yards"":74}],""recent_mean_weight"":0.5,""targets"":4.928449,""catch_rate"":0.532841,""yards_per_reception"":16.799679,""mean_stages"":{""before_adjustments"":2.626078,""after_defense"":2.854911,""after_venue"":2.874896,""final"":2.874896},""sigma"":1.117105,""opponent"":{""team"":""IND"",""kind"":""pass"",""rating"":0.709537,""rank"":28,""of"":32,""allowed"":276.25,""league"":234.585938,""games"":4,""season"":2026},""home"":true,""versus"":{""team"":""IND"",""values"":[1.0],""home"":[true],""since"":""2025 Wk 9"",""note"":""History only, not a model input. In our backtests, results against one opponent did not predict the next meeting beyond a player\u2019s overall form.""}}",WR
448d7cf18c6db4c811ed82ded1b72867,Indianapolis Colts @ Pittsburgh Steelers,Jonathan Taylor,draftkings,DraftKings,receptions,Receptions,under,2.5,-115,1.5476848223,0.5789473684,0.0,0.5348837209,0.5041554124,0.5051597457,2.5,3,440.6364749082,8.23798627,Calibration fitted; not prospectively validated,2026-10-07T16:50:41Z,2026-10-11T17:00:00Z,Sun 1:00 PM ET,Pittsburgh Steelers,Indianapolis Colts,"{""version"":""nfl-projection-trace-1"",""family"":""receive"",""current_sample"":[{""season"":2026,""week"":1,""opponent_team"":""BAL"",""targets"":4,""receptions"":3,""receiving_yards"":23},{""season"":2026,""week"":2,""opponent_team"":""KC"",""targets"":4,""receptions"":4,""receiving_yards"":40},{""season"":2026,""week"":3,""opponent_team"":""HOU"",""targets"":3,""receptions"":2,""receiving_yards"":4},{""season"":2026,""week"":4,""opponent_team"":""WAS"",""targets"":4,""receptions"":1,""receiving_yards"":2}],""recent_mean_weight"":0.5,""targets"":3.179268,""catch_rate"":0.5,""yards_per_reception"":6.0,""mean_stages"":{""before_adjustments"":1.589634,""after_defense"":1.558595,""after_venue"":1.547685,""final"":1.547685},""sigma"":0.715564,""opponent"":{""team"":""PIT"",""kind"":""pass"",""rating"":1.065086,""rank"":13,""of"":32,""allowed"":225.25,""league"":234.585938,""games"":4,""season"":2026},""home"":false,""versus"":{""team"":""PIT"",""values"":[0.0,3.0,3.0,2.0],""home"":[false,true,true,false],""since"":""2020 Wk 16"",""note"":""History only, not a model input. In our backtests, results against one opponent did not predict the next meeting beyond a player\u2019s overall form.""}}",RB
448d7cf18c6db4c811ed82ded1b72867,Indianapolis Colts @ Pittsburgh Steelers,Darnell Washington,draftkings,DraftKings,receptions,Receptions,over,2.5,131,2.5188618389,0.5,0.0,0.4329004329,0.4084867699,0.4170324846,2.5,3,670.9956709957,15.5,Calibration fitted; not prospectively validated,2026-10-07T16:50:41Z,2026-10-11T17:00:00Z,Sun 1:00 PM ET,Pittsburgh Steelers,Indianapolis Colts,"{""version"":""nfl-projection-trace-1"",""family"":""receive"",""current_sample"":[{""season"":2026,""week"":1,""opponent_team"":""ATL"",""targets"":2,""receptions"":2,""receiving_yards"":18},{""season"":2026,""week"":2,""opponent_team"":""NE"",""targets"":2,""receptions"":1,""receiving_yards"":7},{""season"":2026,""week"":3,""opponent_team"":""CIN"",""targets"":4,""receptions"":3,""receiving_yards"":67},{""season"":2026,""week"":4,""opponent_team"":""CLE"",""targets"":5,""receptions"":3,""receiving_yards"":27}],""recent_mean_weight"":0.5,""targets"":3.579113,""catch_rate"":0.642857,""yards_per_reception"":11.303885,""mean_stages"":{""before_adjustments"":2.300858,""after_defense"":2.501352,""after_venue"":2.518862,""final"":2.518862},""sigma"":1.173093,""opponent"":{""team"":""IND"",""kind"":""pass"",""rating"":0.709537,""rank"":28,""of"":32,""allowed"":276.25,""league"":234.585938,""games"":4,""season"":2026},""home"":true,""versus"":{""team"":""IND"",""values"":[2.0,4.0],""home"":[false,true],""since"":""2024 Wk 4"",""note"":""History only, not a model input. In our backtests, results against one opponent did not predict the next meeting beyond a player\u2019s overall form.""}}",TE
448d7cf18c6db4c811ed82ded1b72867,Indianapolis Colts @ Pittsburgh Steelers,Jonathan Taylor,fanduel,FanDuel,receptions,Receptions,under,2.5,-120,1.5476848223,0.5789473684,0.0,0.5454545455,0.5101214575,0.5051597457,2.5,3,334.9282296651,6.1403508772,Calibration fitted; not prospectively validated,2026-10-07T16:51:32Z,2026-10-11T17:00:00Z,Sun 1:00 PM ET,Pittsburgh Steelers,Indianapolis Colts,"{""version"":""nfl-projection-trace-1"",""family"":""receive"",""current_sample"":[{""season"":2026,""week"":1,""opponent_team"":""BAL"",""targets"":4,""receptions"":3,""receiving_yards"":23},{""season"":2026,""week"":2,""opponent_team"":""KC"",""targets"":4,""receptions"":4,""receiving_yards"":40},{""season"":2026,""week"":3,""opponent_team"":""HOU"",""targets"":3,""receptions"":2,""receiving_yards"":4},{""season"":2026,""week"":4,""opponent_team"":""WAS"",""targets"":4,""receptions"":1,""receiving_yards"":2}],""recent_mean_weight"":0.5,""targets"":3.179268,""catch_rate"":0.5,""yards_per_reception"":6.0,""mean_stages"":{""before_adjustments"":1.589634,""after_defense"":1.558595,""after_venue"":1.547685,""final"":1.547685},""sigma"":0.715564,""opponent"":{""team"":""PIT"",""kind"":""pass"",""rating"":1.065086,""rank"":13,""of"":32,""allowed"":225.25,""league"":234.585938,""games"":4,""season"":2026},""home"":false,""versus"":{""team"":""PIT"",""values"":[0.0,3.0,3.0,2.0],""home"":[false,true,true,false],""since"":""2020 Wk 16"",""note"":""History only, not a model input. In our backtests, results against one opponent did not predict the next meeting beyond a player\u2019s overall form.""}}",RB
448d7cf18c6db4c811ed82ded1b72867,Indianapolis Colts @ Pittsburgh Steelers,DK Metcalf,fanduel,FanDuel,receptions,Receptions,under,3.5,122,4.3580546408,0.4524271845,0.0,0.4504504505,0.4214658001,0.4170616114,3.5,3,19.7673401557,0.4388349515,Calibration fitted; not prospectively validated,2026-10-07T16:51:32Z,2026-10-11T17:00:00Z,Sun 1:00 PM ET,Pittsburgh Steelers,Indianapolis Colts,"{""version"":""nfl-projection-trace-1"",""family"":""receive"",""current_sample"":[{""season"":2026,""week"":1,""opponent_team"":""ATL"",""targets"":10,""receptions"":4,""receiving_yards"":40},{""season"":2026,""week"":2,""opponent_team"":""NE"",""targets"":9,""receptions"":4,""receiving_yards"":27},{""season"":2026,""week"":3,""opponent_team"":""CIN"",""targets"":5,""receptions"":3,""receiving_yards"":31},{""season"":2026,""week"":4,""opponent_team"":""CLE"",""targets"":9,""receptions"":5,""receiving_yards"":115}],""recent_mean_weight"":0.5,""targets"":7.24552,""catch_rate"":0.549425,""yards_per_reception"":16.020369,""mean_stages"":{""before_adjustments"":3.980872,""after_defense"":4.32776,""after_venue"":4.358055,""final"":4.358055},""sigma"":1.425602,""opponent"":{""team"":""IND"",""kind"":""pass"",""rating"":0.709537,""rank"":28,""of"":32,""allowed"":276.25,""league"":234.585938,""games"":4,""season"":2026},""home"":true,""versus"":{""team"":""IND"",""values"":[4.0,2.0],""home"":[false,true],""since"":""2021 Wk 1"",""note"":""History only, not a model input. In our backtests, results against one opponent did not predict the next meeting beyond a player\u2019s overall form.""}}",WR
448d7cf18c6db4c811ed82ded1b72867,Indianapolis Colts @ Pittsburgh Steelers,Josh Downs,fanduel,FanDuel,receptions,Receptions,under,4.5,128,3.7494714244,0.5475728155,0.0,0.4385964912,0.4095398699,0.4213243142,5.0,2,1089.7632430591,24.8466019417,Calibration fitted; not prospectively validated,2026-10-07T16:51:32Z,2026-10-11T17:00:00Z,Sun 1:00 PM ET,Pittsburgh Steelers,Indianapolis Colts,"{""version"":""nfl-projection-trace-1"",""family"":""receive"",""current_sample"":[{""season"":2026,""week"":1,""opponent_team"":""BAL"",""targets"":4,""receptions"":2,""receiving_yards"":37},{""season"":2026,""week"":2,""opponent_team"":""KC"",""targets"":9,""receptions"":7,""receiving_yards"":72},{""season"":2026,""week"":3,""opponent_team"":""HOU"",""targets"":11,""receptions"":5,""receiving_yards"":77},{""season"":2026,""week"":4,""opponent_team"":""WAS"",""targets"":4,""receptions"":3,""receiving_yards"":16}],""recent_mean_weight"":0.5,""targets"":5.746943,""catch_rate"":0.670112,""yards_per_reception"":10.303026,""mean_stages"":{""before_adjustments"":3.851098,""after_defense"":3.775903,""after_venue"":3.749471,""final"":3.749471},""sigma"":2.135542,""opponent"":{""team"":""PIT"",""kind"":""pass"",""rating"":1.065086,""rank"":13,""of"":32,""allowed"":225.25,""league"":234.585938,""games"":4,""season"":2026},""home"":false,""versus"":{""team"":""PIT"",""values"":[3.0,8.0,6.0],""home"":[true,true,false],""since"":""2023 Wk 15"",""note"":""History only, not a model input. In our backtests, results against one opponent did not predict the next meeting beyond a player\u2019s overall form.""}}",WR
448d7cf18c6db4c811ed82ded1b72867,Indianapolis Colts @ Pittsburgh Steelers,Darnell Washington,fanduel,FanDuel,receptions,Receptions,over,2.5,124,2.5188618389,0.5,0.0,0.4464285714,0.4170324846,0.4170324846,2.5,3,535.7142857143,12.0,Calibration fitted; not prospectively validated,2026-10-07T16:51:32Z,2026-10-11T17:00:00Z,Sun 1:00 PM ET,Pittsburgh Steelers,Indianapolis Colts,"{""version"":""nfl-projection-trace-1"",""family"":""receive"",""current_sample"":[{""season"":2026,""week"":1,""opponent_team"":""ATL"",""targets"":2,""receptions"":2,""receiving_yards"":18},{""season"":2026,""week"":2,""opponent_team"":""NE"",""targets"":2,""receptions"":1,""receiving_yards"":7},{""season"":2026,""week"":3,""opponent_team"":""CIN"",""targets"":4,""receptions"":3,""receiving_yards"":67},{""season"":2026,""week"":4,""opponent_team"":""CLE"",""targets"":5,""receptions"":3,""receiving_yards"":27}],""recent_mean_weight"":0.5,""targets"":3.579113,""catch_rate"":0.642857,""yards_per_reception"":11.303885,""mean_stages"":{""before_adjustments"":2.300858,""after_defense"":2.501352,""after_venue"":2.518862,""final"":2.518862},""sigma"":1.173093,""opponent"":{""team"":""IND"",""kind"":""pass"",""rating"":0.709537,""rank"":28,""of"":32,""allowed"":276.25,""league"":234.585938,""games"":4,""season"":2026},""home"":true,""versus"":{""team"":""IND"",""values"":[2.0,4.0],""home"":[false,true],""since"":""2024 Wk 4"",""note"":""History only, not a model input. In our backtests, results against one opponent did not predict the next meeting beyond a player\u2019s overall form.""}}",TE
448d7cf18c6db4c811ed82ded1b72867,Indianapolis Colts @ Pittsburgh Steelers,Pat Freiermuth,fanduel,FanDuel,receptions,Receptions,over,3.5,124,2.9474120677,0.4524271845,0.0,0.4464285714,0.4170324846,0.4331087584,3.5,3,59.9861303745,1.3436893204,Calibration fitted; not prospectively validated,2026-10-07T16:51:32Z,2026-10-11T17:00:00Z,Sun 1:00 PM ET,Pittsburgh Steelers,Indianapolis Colts,"{""version"":""nfl-projection-trace-1"",""family"":""receive"",""current_sample"":[{""season"":2026,""week"":1,""opponent_team"":""ATL"",""targets"":5,""receptions"":5,""receiving_yards"":46},{""season"":2026,""week"":2,""opponent_team"":""NE"",""targets"":5,""receptions"":4,""receiving_yards"":32},{""season"":2026,""week"":3,""opponent_team"":""CIN"",""targets"":4,""receptions"":2,""receiving_yards"":30},{""season"":2026,""week"":4,""opponent_team"":""CLE"",""targets"":5,""receptions"":3,""receiving_yards"":17}],""recent_mean_weight"":0.5,""targets"":4.407586,""catch_rate"":0.610837,""yards_per_reception"":9.388666,""mean_stages"":{""before_adjustments"":2.692318,""after_defense"":2.926924,""after_venue"":2.947412,""final"":2.947412},""sigma"":1.116921,""opponent"":{""team"":""IND"",""kind"":""pass"",""rating"":0.709537,""rank"":28,""of"":32,""allowed"":276.25,""league"":234.585938,""games"":4,""season"":2026},""home"":true,""versus"":{""team"":""IND"",""values"":[3.0,3.0,5.0,3.0],""home"":[false,false,false,true],""since"":""2022 Wk 12"",""note"":""History only, not a model input. In our backtests, results against one opponent did not predict the next meeting beyond a player\u2019s overall form.""}}",TE
448d7cf18c6db4c811ed82ded1b72867,Indianapolis Colts @ Pittsburgh Steelers,Michael Pittman,fanduel,FanDuel,receptions,Receptions,over,2.5,-108,3.1638956333,0.5475728155,0.0,0.5192307692,0.4858161777,0.5082034454,2.5,3,283.4204630321,5.4584681769,Calibration fitted; not prospectively validated,2026-10-07T16:51:32Z,2026-10-11T17:00:00Z,Sun 1:00 PM ET,Pittsburgh Steelers,Indianapolis Colts,"{""version"":""nfl-projection-trace-1"",""family"":""receive"",""current_sample"":[{""season"":2026,""week"":1,""opponent_team"":""ATL"",""targets"":3,""receptions"":3,""receiving_yards"":58},{""season"":2026,""week"":3,""opponent_team"":""CIN"",""targets"":5,""receptions"":2,""receiving_yards"":16},{""season"":2026,""week"":4,""opponent_team"":""CLE"",""targets"":4,""receptions"":2,""receiving_yards"":15}],""recent_mean_weight"":0.428571,""targets"":5.498173,""catch_rate"":0.525641,""yards_per_reception"":10.361132,""mean_stages"":{""before_adjustments"":2.890066,""after_defense"":3.141902,""after_venue"":3.163896,""final"":3.163896},""sigma"":1.362235,""opponent"":{""team"":""IND"",""kind"":""pass"",""rating"":0.709537,""rank"":28,""of"":32,""allowed"":276.25,""league"":234.585938,""games"":4,""season"":2026},""home"":true,""versus"":null}",WR
448d7cf18c6db4c811ed82ded1b72867,Indianapolis Colts @ Pittsburgh Steelers,Josh Downs,betonlineag,BetOnline.ag,receptions,Receptions,under,4.5,117,3.7494714244,0.5475728155,0.0,0.4608294931,0.4331087584,0.4213243142,5.0,2,867.4332244642,18.8233009709,Calibration fitted; not prospectively validated,2026-10-07T16:51:46Z,2026-10-11T17:00:00Z,Sun 1:00 PM ET,Pittsburgh Steelers,Indianapolis Colts,"{""version"":""nfl-projection-trace-1"",""family"":""receive"",""current_sample"":[{""season"":2026,""week"":1,""opponent_team"":""BAL"",""targets"":4,""receptions"":2,""receiving_yards"":37},{""season"":2026,""week"":2,""opponent_team"":""KC"",""targets"":9,""receptions"":7,""receiving_yards"":72},{""season"":2026,""week"":3,""opponent_team"":""HOU"",""targets"":11,""receptions"":5,""receiving_yards"":77},{""season"":2026,""week"":4,""opponent_team"":""WAS"",""targets"":4,""receptions"":3,""receiving_yards"":16}],""recent_mean_weight"":0.5,""targets"":5.746943,""catch_rate"":0.670112,""yards_per_reception"":10.303026,""mean_stages"":{""before_adjustments"":3.851098,""after_defense"":3.775903,""after_venue"":3.749471,""final"":3.749471},""sigma"":2.135542,""opponent"":{""team"":""PIT"",""kind"":""pass"",""rating"":1.065086,""rank"":13,""of"":32,""allowed"":225.25,""league"":234.585938,""games"":4,""season"":2026},""home"":false,""versus"":{""team"":""PIT"",""values"":[3.0,8.0,6.0],""home"":[true,true,false],""since"":""2023 Wk 15"",""note"":""History only, not a model input. In our backtests, results against one opponent did not predict the next meeting beyond a player\u2019s overall form.""}}",WR
448d7cf18c6db4c811ed82ded1b72867,Indianapolis Colts @ Pittsburgh Steelers,Roman Wilson,betonlineag,BetOnline.ag,receptions,Receptions,over,2.5,-119,2.8748957245,0.5475728155,0.0,0.5433789954,0.5102580936,0.5102580936,2.5,3,41.9382010019,0.7718038672,Calibration fitted; not prospectively validated,2026-10-07T16:51:46Z,2026-10-11T17:00:00Z,Sun 1:00 PM ET,Pittsburgh Steelers,Indianapolis Colts,"{""version"":""nfl-projection-trace-1"",""family"":""receive"",""current_sample"":[{""season"":2026,""week"":1,""opponent_team"":""ATL"",""targets"":6,""receptions"":3,""receiving_yards"":26},{""season"":2026,""week"":2,""opponent_team"":""NE"",""targets"":6,""receptions"":5,""receiving_yards"":28},{""season"":2026,""week"":3,""opponent_team"":""CIN"",""targets"":6,""receptions"":3,""receiving_yards"":60},{""season"":2026,""week"":4,""opponent_team"":""CLE"",""targets"":6,""receptions"":3,""receiving_yards"":74}],""recent_mean_weight"":0.5,""targets"":4.928449,""catch_rate"":0.532841,""yards_per_reception"":16.799679,""mean_stages"":{""before_adjustments"":2.626078,""after_defense"":2.854911,""after_venue"":2.874896,""final"":2.874896},""sigma"":1.117105,""opponent"":{""team"":""IND"",""kind"":""pass"",""rating"":0.709537,""rank"":28,""of"":32,""allowed"":276.25,""league"":234.585938,""games"":4,""season"":2026},""home"":true,""versus"":{""team"":""IND"",""values"":[1.0],""home"":[true],""since"":""2025 Wk 9"",""note"":""History only, not a model input. In our backtests, results against one opponent did not predict the next meeting beyond a player\u2019s overall form.""}}",WR
448d7cf18c6db4c811ed82ded1b72867,Indianapolis Colts @ Pittsburgh Steelers,Darnell Washington,betonlineag,BetOnline.ag,receptions,Receptions,over,2.5,120,2.5188618389,0.5,0.0,0.4545454545,0.4272363151,0.4170324846,2.5,3,454.5454545455,10.0,Calibration fitted; not prospectively validated,2026-10-07T16:51:46Z,2026-10-11T17:00:00Z,Sun 1:00 PM ET,Pittsburgh Steelers,Indianapolis Colts,"{""version"":""nfl-projection-trace-1"",""family"":""receive"",""current_sample"":[{""season"":2026,""week"":1,""opponent_team"":""ATL"",""targets"":2,""receptions"":2,""receiving_yards"":18},{""season"":2026,""week"":2,""opponent_team"":""NE"",""targets"":2,""receptions"":1,""receiving_yards"":7},{""season"":2026,""week"":3,""opponent_team"":""CIN"",""targets"":4,""receptions"":3,""receiving_yards"":67},{""season"":2026,""week"":4,""opponent_team"":""CLE"",""targets"":5,""receptions"":3,""receiving_yards"":27}],""recent_mean_weight"":0.5,""targets"":3.579113,""catch_rate"":0.642857,""yards_per_reception"":11.303885,""mean_stages"":{""before_adjustments"":2.300858,""after_defense"":2.501352,""after_venue"":2.518862,""final"":2.518862},""sigma"":1.173093,""opponent"":{""team"":""IND"",""kind"":""pass"",""rating"":0.709537,""rank"":28,""of"":32,""allowed"":276.25,""league"":234.585938,""games"":4,""season"":2026},""home"":true,""versus"":{""team"":""IND"",""values"":[2.0,4.0],""home"":[false,true],""since"":""2024 Wk 4"",""note"":""History only, not a model input. In our backtests, results against one opponent did not predict the next meeting beyond a player\u2019s overall form.""}}",TE
448d7cf18c6db4c811ed82ded1b72867,Indianapolis Colts @ Pittsburgh Steelers,Michael Pittman,betonlineag,BetOnline.ag,receptions,Receptions,over,2.5,-118,3.1638956333,0.5475728155,0.0,0.5412844037,0.5082034454,0.5082034454,2.5,3,62.8841186426,1.1617574461,Calibration fitted; not prospectively validated,2026-10-07T16:51:46Z,2026-10-11T17:00:00Z,Sun 1:00 PM ET,Pittsburgh Steelers,Indianapolis Colts,"{""version"":""nfl-projection-trace-1"",""family"":""receive"",""current_sample"":[{""season"":2026,""week"":1,""opponent_team"":""ATL"",""targets"":3,""receptions"":3,""receiving_yards"":58},{""season"":2026,""week"":3,""opponent_team"":""CIN"",""targets"":5,""receptions"":2,""receiving_yards"":16},{""season"":2026,""week"":4,""opponent_team"":""CLE"",""targets"":4,""receptions"":2,""receiving_yards"":15}],""recent_mean_weight"":0.428571,""targets"":5.498173,""catch_rate"":0.525641,""yards_per_reception"":10.361132,""mean_stages"":{""before_adjustments"":2.890066,""after_defense"":3.141902,""after_venue"":3.163896,""final"":3.163896},""sigma"":1.362235,""opponent"":{""team"":""IND"",""kind"":""pass"",""rating"":0.709537,""rank"":28,""of"":32,""allowed"":276.25,""league"":234.585938,""games"":4,""season"":2026},""home"":true,""versus"":null}",WR
448d7cf18c6db4c811ed82ded1b72867,Indianapolis Colts @ Pittsburgh Steelers,Jonathan Taylor,betonlineag,BetOnline.ag,receptions,Receptions,under,2.5,-116,1.5476848223,0.5789473684,0.0,0.537037037,0.5051597457,0.5051597457,2.5,3,419.1033138402,7.8039927405,Calibration fitted; not prospectively validated,2026-10-07T16:51:46Z,2026-10-11T17:00:00Z,Sun 1:00 PM ET,Pittsburgh Steelers,Indianapolis Colts,"{""version"":""nfl-projection-trace-1"",""family"":""receive"",""current_sample"":[{""season"":2026,""week"":1,""opponent_team"":""BAL"",""targets"":4,""receptions"":3,""receiving_yards"":23},{""season"":2026,""week"":2,""opponent_team"":""KC"",""targets"":4,""receptions"":4,""receiving_yards"":40},{""season"":2026,""week"":3,""opponent_team"":""HOU"",""targets"":3,""receptions"":2,""receiving_yards"":4},{""season"":2026,""week"":4,""opponent_team"":""WAS"",""targets"":4,""receptions"":1,""receiving_yards"":2}],""recent_mean_weight"":0.5,""targets"":3.179268,""catch_rate"":0.5,""yards_per_reception"":6.0,""mean_stages"":{""before_adjustments"":1.589634,""after_defense"":1.558595,""after_venue"":1.547685,""final"":1.547685},""sigma"":0.715564,""opponent"":{""team"":""PIT"",""kind"":""pass"",""rating"":1.065086,""rank"":13,""of"":32,""allowed"":225.25,""league"":234.585938,""games"":4,""season"":2026},""home"":false,""versus"":{""team"":""PIT"",""values"":[0.0,3.0,3.0,2.0],""home"":[false,true,true,false],""since"":""2020 Wk 16"",""note"":""History only, not a model input. In our backtests, results against one opponent did not predict the next meeting beyond a player\u2019s overall form.""}}",RB
448d7cf18c6db4c811ed82ded1b72867,Indianapolis Colts @ Pittsburgh Steelers,DK Metcalf,betonlineag,BetOnline.ag,receptions,Receptions,under,3.5,125,4.3580546408,0.4524271845,0.0,0.4444444444,0.4170616114,0.4170616114,3.5,3,79.8274002158,1.7961165049,Calibration fitted; not prospectively validated,2026-10-07T16:51:46Z,2026-10-11T17:00:00Z,Sun 1:00 PM ET,Pittsburgh Steelers,Indianapolis Colts,"{""version"":""nfl-projection-trace-1"",""family"":""receive"",""current_sample"":[{""season"":2026,""week"":1,""opponent_team"":""ATL"",""targets"":10,""receptions"":4,""receiving_yards"":40},{""season"":2026,""week"":2,""opponent_team"":""NE"",""targets"":9,""receptions"":4,""receiving_yards"":27},{""season"":2026,""week"":3,""opponent_team"":""CIN"",""targets"":5,""receptions"":3,""receiving_yards"":31},{""season"":2026,""week"":4,""opponent_team"":""CLE"",""targets"":9,""receptions"":5,""receiving_yards"":115}],""recent_mean_weight"":0.5,""targets"":7.24552,""catch_rate"":0.549425,""yards_per_reception"":16.020369,""mean_stages"":{""before_adjustments"":3.980872,""after_defense"":4.32776,""after_venue"":4.358055,""final"":4.358055},""sigma"":1.425602,""opponent"":{""team"":""IND"",""kind"":""pass"",""rating"":0.709537,""rank"":28,""of"":32,""allowed"":276.25,""league"":234.585938,""games"":4,""season"":2026},""home"":true,""versus"":{""team"":""IND"",""values"":[4.0,2.0],""home"":[false,true],""since"":""2021 Wk 1"",""note"":""History only, not a model input. In our backtests, results against one opponent did not predict the next meeting beyond a player\u2019s overall form.""}}",WR
448d7cf18c6db4c811ed82ded1b72867,Indianapolis Colts @ Pittsburgh Steelers,Darnell Washington,betrivers,BetRivers,receptions,Receptions,over,2.5,130,2.5188618389,0.5,0.0,0.4347826087,,0.4170324846,2.5,3,652.1739130435,15.0,Calibration fitted; not prospectively validated,2026-10-07T16:51:45Z,2026-10-11T17:00:00Z,Sun 1:00 PM ET,Pittsburgh Steelers,Indianapolis Colts,"{""version"":""nfl-projection-trace-1"",""family"":""receive"",""current_sample"":[{""season"":2026,""week"":1,""opponent_team"":""ATL"",""targets"":2,""receptions"":2,""receiving_yards"":18},{""season"":2026,""week"":2,""opponent_team"":""NE"",""targets"":2,""receptions"":1,""receiving_yards"":7},{""season"":2026,""week"":3,""opponent_team"":""CIN"",""targets"":4,""receptions"":3,""receiving_yards"":67},{""season"":2026,""week"":4,""opponent_team"":""CLE"",""targets"":5,""receptions"":3,""receiving_yards"":27}],""recent_mean_weight"":0.5,""targets"":3.579113,""catch_rate"":0.642857,""yards_per_reception"":11.303885,""mean_stages"":{""before_adjustments"":2.300858,""after_defense"":2.501352,""after_venue"":2.518862,""final"":2.518862},""sigma"":1.173093,""opponent"":{""team"":""IND"",""kind"":""pass"",""rating"":0.709537,""rank"":28,""of"":32,""allowed"":276.25,""league"":234.585938,""games"":4,""season"":2026},""home"":true,""versus"":{""team"":""IND"",""values"":[2.0,4.0],""home"":[false,true],""since"":""2024 Wk 4"",""note"":""History only, not a model input. In our backtests, results against one opponent did not predict the next meeting beyond a player\u2019s overall form.""}}",TE
448d7cf18c6db4c811ed82ded1b72867,Indianapolis Colts @ Pittsburgh Steelers,Roman Wilson,betrivers,BetRivers,receptions,Receptions,over,2.5,-110,2.8748957245,0.5475728155,0.0,0.5238095238,,0.5102580936,2.5,3,237.6329172446,4.5366284201,Calibration fitted; not prospectively validated,2026-10-07T16:51:45Z,2026-10-11T17:00:00Z,Sun 1:00 PM ET,Pittsburgh Steelers,Indianapolis Colts,"{""version"":""nfl-projection-trace-1"",""family"":""receive"",""current_sample"":[{""season"":2026,""week"":1,""opponent_team"":""ATL"",""targets"":6,""receptions"":3,""receiving_yards"":26},{""season"":2026,""week"":2,""opponent_team"":""NE"",""targets"":6,""receptions"":5,""receiving_yards"":28},{""season"":2026,""week"":3,""opponent_team"":""CIN"",""targets"":6,""receptions"":3,""receiving_yards"":60},{""season"":2026,""week"":4,""opponent_team"":""CLE"",""targets"":6,""receptions"":3,""receiving_yards"":74}],""recent_mean_weight"":0.5,""targets"":4.928449,""catch_rate"":0.532841,""yards_per_reception"":16.799679,""mean_stages"":{""before_adjustments"":2.626078,""after_defense"":2.854911,""after_venue"":2.874896,""final"":2.874896},""sigma"":1.117105,""opponent"":{""team"":""IND"",""kind"":""pass"",""rating"":0.709537,""rank"":28,""of"":32,""allowed"":276.25,""league"":234.585938,""games"":4,""season"":2026},""home"":true,""versus"":{""team"":""IND"",""values"":[1.0],""home"":[true],""since"":""2025 Wk 9"",""note"":""History only, not a model input. In our backtests, results against one opponent did not predict the next meeting beyond a player\u2019s overall form.""}}",WR
448d7cf18c6db4c811ed82ded1b72867,Indianapolis Colts @ Pittsburgh Steelers,Michael Pittman,betrivers,BetRivers,receptions,Receptions,over,2.5,-105,3.1638956333,0.5475728155,0.0,0.512195122,,0.5082034454,2.5,3,353.7769358276,6.907073509,Calibration fitted; not prospectively validated,2026-10-07T16:51:45Z,2026-10-11T17:00:00Z,Sun 1:00 PM ET,Pittsburgh Steelers,Indianapolis Colts,"{""version"":""nfl-projection-trace-1"",""family"":""receive"",""current_sample"":[{""season"":2026,""week"":1,""opponent_team"":""ATL"",""targets"":3,""receptions"":3,""receiving_yards"":58},{""season"":2026,""week"":3,""opponent_team"":""CIN"",""targets"":5,""receptions"":2,""receiving_yards"":16},{""season"":2026,""week"":4,""opponent_team"":""CLE"",""targets"":4,""receptions"":2,""receiving_yards"":15}],""recent_mean_weight"":0.428571,""targets"":5.498173,""catch_rate"":0.525641,""yards_per_reception"":10.361132,""mean_stages"":{""before_adjustments"":2.890066,""after_defense"":3.141902,""after_venue"":3.163896,""final"":3.163896},""sigma"":1.362235,""opponent"":{""team"":""IND"",""kind"":""pass"",""rating"":0.709537,""rank"":28,""of"":32,""allowed"":276.25,""league"":234.585938,""games"":4,""season"":2026},""home"":true,""versus"":null}",WR
448d7cf18c6db4c811ed82ded1b72867,Indianapolis Colts @ Pittsburgh Steelers,Pat Freiermuth,fanatics,Fanatics,recv_yds,Receiving yards,under,25.5,105,27.8646273575,0.5,0.0,0.487804878,0.4554079696,0.4554079696,26.5,1,121.9512195122,2.5,Calibration fitted; not prospectively validated,2026-10-07T16:51:14Z,2026-10-11T17:00:00Z,Sun 1:00 PM ET,Pittsburgh Steelers,Indianapolis Colts,"{""version"":""nfl-projection-trace-1"",""family"":""receive"",""current_sample"":[{""season"":2026,""week"":1,""opponent_team"":""ATL"",""targets"":5,""receptions"":5,""receiving_yards"":46},{""season"":2026,""week"":2,""opponent_team"":""NE"",""targets"":5,""receptions"":4,""receiving_yards"":32},{""season"":2026,""week"":3,""opponent_team"":""CIN"",""targets"":4,""receptions"":2,""receiving_yards"":30},{""season"":2026,""week"":4,""opponent_team"":""CLE"",""targets"":5,""receptions"":3,""receiving_yards"":17}],""recent_mean_weight"":0.5,""targets"":4.407586,""catch_rate"":0.610837,""yards_per_reception"":9.388666,""mean_stages"":{""before_adjustments"":25.277277,""after_defense"":27.479909,""after_venue"":27.864627,""final"":27.864627},""sigma"":17.226418,""opponent"":{""team"":""IND"",""kind"":""pass"",""rating"":0.709537,""rank"":28,""of"":32,""allowed"":276.25,""league"":234.585938,""games"":4,""season"":2026},""home"":true,""versus"":{""team"":""IND"",""values"":[39.0,16.0,57.0,27.0],""home"":[false,false,false,true],""since"":""2022 Wk 12"",""note"":""History only, not a model input. In our backtests, results against one opponent did not predict the next meeting beyond a player\u2019s overall form.""}}",TE
6b024bad1abb54f597225e4ab9b39d89,Las Vegas Raiders @ New England Patriots,Kirk Cousins,draftkings,DraftKings,pass_completions,Passing completions,over,22.5,105,22.1174301648,0.5,0.0,0.487804878,0.4607930387,0.4607930387,21.5,1,121.9512195122,2.5,Calibration fitted; not prospectively validated,2026-10-07T16:51:17Z,2026-10-11T17:00:00Z,Sun 1:00 PM ET,New England Patriots,Las Vegas Raiders,"{""version"":""nfl-projection-trace-1"",""current_sample"":[{""season"":2026,""week"":1,""opponent_team"":""MIA"",""attempts"":30,""completions"":21,""passing_yards"":160},{""season"":2026,""week"":2,""opponent_team"":""LAC"",""attempts"":29,""completions"":19,""passing_yards"":253},{""season"":2026,""week"":3,""opponent_team"":""NO"",""attempts"":33,""completions"":22,""passing_yards"":248},{""season"":2026,""week"":4,""opponent_team"":""KC"",""attempts"":52,""completions"":31,""passing_yards"":365}],""recent_mean_weight"":0.5,""yards_per_completion_recent_weight"":0.5,""career_baselines"":{""attempts"":{""mean"":31.362846,""games"":82,""position_pool_mean"":27.838228},""yards_per_completion"":{""mean"":10.942203,""games"":82,""position_pool_mean"":10.96096}},""attempts"":37.775019,""completion_rate"":0.623429,""yards_per_completion"":11.290507,""limitations"":[""Appearance totals do not distinguish partial games from normal starter workloads."",""Completion rate uses recent games without career shrinkage."",""Variance omits completion-rate uncertainty and dependence among components.""],""mean_stages"":{""before_adjustments"":23.550028,""after_defense"":22.11743,""after_venue"":22.11743,""final"":22.11743},""sigma"":6.717861,""opponent"":{""team"":""NE"",""kind"":""pass"",""rating"":1.202774,""rank"":5,""of"":32,""allowed"":205.5,""league"":234.585938,""games"":4,""season"":2026},""home"":false,""versus"":{""team"":""NE"",""values"":[30.0],""home"":[true],""since"":""2022 Wk 12"",""note"":""History only, not a model input. In our backtests, results against one opponent did not predict the next meeting beyond a player\u2019s overall form.""}}",QB
6b024bad1abb54f597225e4ab9b39d89,Las Vegas Raiders @ New England Patriots,Drake Maye,draftkings,DraftKings,pass_tds,Passing touchdowns,under,1.5,103,1.046,0.5178018576,0.0,0.4926108374,0.4648542048,0.5010179153,1.5,5,251.9102014672,5.1137770898,Calibration fitted; not prospectively validated,2026-10-07T16:51:17Z,2026-10-11T17:00:00Z,Sun 1:00 PM ET,New England Patriots,Las Vegas Raiders,,QB
6b024bad1abb54f597225e4ab9b39d89,Las Vegas Raiders @ New England Patriots,Kirk Cousins,draftkings,DraftKings,pass_tds,Passing touchdowns,over,1.5,121,2.6235,0.5178018576,0.0,0.4524886878,0.426742532,0.426742532,1.5,5,653.1316980233,14.4342105263,Calibration fitted; not prospectively validated,2026-10-07T16:51:17Z,2026-10-11T17:00:00Z,Sun 1:00 PM ET,New England Patriots,Las Vegas Raiders,,QB
6b024bad1abb54f597225e4ab9b39d89,Las Vegas Raiders @ New England Patriots,Kirk Cousins,fanduel,FanDuel,pass_tds,Passing touchdowns,over,1.5,116,2.6235,0.5178018576,0.0,0.462962963,0.4329742261,0.426742532,1.5,5,548.3889462218,11.8452012384,Calibration fitted; not prospectively validated,2026-10-07T16:51:22Z,2026-10-11T17:00:00Z,Sun 1:00 PM ET,New England Patriots,Las Vegas Raiders,,QB
6b024bad1abb54f597225e4ab9b39d89,Las Vegas Raiders @ New England Patriots,Kirk Cousins,betonlineag,BetOnline.ag,pass_tds,Passing touchdowns,over,1.5,120,2.6235,0.5178018576,0.0,0.4545454545,0.4272363151,0.426742532,1.5,5,632.5640303968,13.9164086687,Calibration fitted; not prospectively validated,2026-10-07T16:51:09Z,2026-10-11T17:00:00Z,Sun 1:00 PM ET,New England Patriots,Las Vegas Raiders,,QB
6b024bad1abb54f597225e4ab9b39d89,Las Vegas Raiders @ New England Patriots,Drake Maye,betrivers,BetRivers,pass_completions,Passing completions,over,19.5,105,17.5074116608,0.5,0.0,0.487804878,,0.5031375502,19.5,3,121.9512195122,2.5,Calibration fitted; not prospectively validated,2026-10-07T16:51:30Z,2026-10-11T17:00:00Z,Sun 1:00 PM ET,New England Patriots,Las Vegas Raiders,"{""version"":""nfl-projection-trace-1"",""current_sample"":[{""season"":2026,""week"":1,""opponent_team"":""SEA"",""attempts"":33,""completions"":23,""passing_yards"":178},{""season"":2026,""week"":2,""opponent_team"":""PIT"",""attempts"":22,""completions"":14,""passing_yards"":208},{""season"":2026,""week"":3,""opponent_team"":""JAX"",""attempts"":25,""completions"":14,""passing_yards"":199},{""season"":2026,""week"":4,""opponent_team"":""BUF"",""attempts"":37,""completions"":22,""passing_yards"":269}],""recent_mean_weight"":0.5,""yards_per_completion_recent_weight"":0.5,""career_baselines"":{""attempts"":{""mean"":27.979794,""games"":34,""position_pool_mean"":27.838228},""yards_per_completion"":{""mean"":11.289535,""games"":33,""position_pool_mean"":10.96096}},""attempts"":30.19433,""completion_rate"":0.594223,""yards_per_completion"":12.0,""limitations"":[""Appearance totals do not distinguish partial games from normal starter workloads."",""Completion rate uses recent games without career shrinkage."",""Variance omits completion-rate uncertainty and dependence among components.""],""mean_stages"":{""before_adjustments"":17.942178,""after_defense"":17.507412,""after_venue"":17.507412,""final"":17.507412},""sigma"":5.895364,""opponent"":{""team"":""LV"",""kind"":""pass"",""rating"":1.080772,""rank"":12,""of"":32,""allowed"":223.0,""league"":234.585938,""games"":4,""season"":2026},""home"":true,""versus"":{""team"":""LV"",""values"":[30.0],""home"":[true],""since"":""2025 Wk 1"",""note"":""History only, not a model input. In our backtests, results against one opponent did not predict the next meeting beyond a player\u2019s overall form.""}}",QB
6b024bad1abb54f597225e4ab9b39d89,Las Vegas Raiders @ New England Patriots,Kirk Cousins,betrivers,BetRivers,pass_tds,Passing touchdowns,over,1.5,128,2.6235,0.5178018576,0.0,0.4385964912,0.4121896999,0.426742532,1.5,5,792.0536635707,18.0588235294,Calibration fitted; not prospectively validated,2026-10-07T16:51:30Z,2026-10-11T17:00:00Z,Sun 1:00 PM ET,New England Patriots,Las Vegas Raiders,,QB
6b024bad1abb54f597225e4ab9b39d89,Las Vegas Raiders @ New England Patriots,Drake Maye,bovada,Bovada,pass_tds,Passing touchdowns,under,1.5,-105,1.046,0.5178018576,0.0,0.512195122,0.4796954315,0.5010179153,1.5,5,56.0673563392,1.0946483857,Calibration fitted; not prospectively validated,2026-10-07T16:51:01Z,2026-10-11T17:00:00Z,Sun 1:00 PM ET,New England Patriots,Las Vegas Raiders,,QB
6b024bad1abb54f597225e4ab9b39d89,Las Vegas Raiders @ New England Patriots,Kirk Cousins,bovada,Bovada,pass_tds,Passing touchdowns,over,1.5,120,2.6235,0.5178018576,0.0,0.4545454545,0.4248366013,0.426742532,1.5,5,632.5640303968,13.9164086687,Calibration fitted; not prospectively validated,2026-10-07T16:51:01Z,2026-10-11T17:00:00Z,Sun 1:00 PM ET,New England Patriots,Las Vegas Raiders,,QB
6b024bad1abb54f597225e4ab9b39d89,Las Vegas Raiders @ New England Patriots,Brock Bowers,draftkings,DraftKings,receptions,Receptions,under,6.5,100,4.1740333565,0.5789473684,0.0,0.5,0.4710743802,0.4714583486,6.5,2,789.4736842105,15.7894736842,Calibration fitted; not prospectively validated,2026-10-07T16:51:17Z,2026-10-11T17:00:00Z,Sun 1:00 PM ET,New England Patriots,Las Vegas Raiders,"{""version"":""nfl-projection-trace-1"",""family"":""receive"",""current_sample"":[{""season"":2026,""week"":3,""opponent_team"":""NO"",""targets"":13,""receptions"":10,""receiving_yards"":116},{""season"":2026,""week"":4,""opponent_team"":""KC"",""targets"":11,""receptions"":6,""receiving_yards"":86}],""recent_mean_weight"":0.333333,""targets"":7.344592,""catch_rate"":0.609391,""yards_per_reception"":11.711382,""mean_stages"":{""before_adjustments"":4.475725,""after_defense"":4.203458,""after_venue"":4.174033,""final"":4.174033},""sigma"":1.620711,""opponent"":{""team"":""NE"",""kind"":""pass"",""rating"":1.202774,""rank"":5,""of"":32,""allowed"":205.5,""league"":234.585938,""games"":4,""season"":2026},""home"":false,""versus"":{""team"":""NE"",""values"":[5.0],""home"":[false],""since"":""2025 Wk 1"",""note"":""History only, not a model input. In our backtests, results against one opponent did not predict the next meeting beyond a player\u2019s overall form.""}}",TE
6b024bad1abb54f597225e4ab9b39d89,Las Vegas Raiders @ New England Patriots,Michael Mayer,draftkings,DraftKings,receptions,Receptions,over,3.5,-114,4.2724194839,0.5475728155,0.0,0.5327102804,0.5020774472,0.5010387236,3.5,2,148.6253516015,2.7899846704,Calibration fitted; not prospectively validated,2026-10-07T16:51:17Z,2026-10-11T17:00:00Z,Sun 1:00 PM ET,New England Patriots,Las Vegas Raiders,"{""version"":""nfl-projection-trace-1"",""family"":""receive"",""current_sample"":[{""season"":2026,""week"":1,""opponent_team"":""MIA"",""targets"":7,""receptions"":6,""receiving_yards"":32},{""season"":2026,""week"":2,""opponent_team"":""LAC"",""targets"":4,""receptions"":3,""receiving_yards"":23},{""season"":2026,""week"":3,""opponent_team"":""NO"",""targets"":3,""receptions"":3,""receiving_yards"":32},{""season"":2026,""week"":4,""opponent_team"":""KC"",""targets"":10,""receptions"":8,""receiving_yards"":82}],""recent_mean_weight"":0.5,""targets"":5.411403,""catch_rate"":0.846587,""yards_per_reception"":9.849837,""mean_stages"":{""before_adjustments"":4.581223,""after_defense"":4.302537,""after_venue"":4.272419,""final"":4.272419},""sigma"":2.368758,""opponent"":{""team"":""NE"",""kind"":""pass"",""rating"":1.202774,""rank"":5,""of"":32,""allowed"":205.5,""league"":234.585938,""games"":4,""season"":2026},""home"":false,""versus"":{""team"":""NE"",""values"":[5.0,4.0],""home"":[true,false],""since"":""2023 Wk 6"",""note"":""History only, not a model input. In our backtests, results against one opponent did not predict the next meeting beyond a player\u2019s overall form.""}}",TE
6b024bad1abb54f597225e4ab9b39d89,Las Vegas Raiders @ New England Patriots,Tre Tucker,draftkings,DraftKings,receptions,Receptions,under,3.5,-117,3.3631252528,0.5408805031,0.0,0.5391705069,0.5083149711,0.5071919572,3.5,2,17.0999623221,0.3171531473,Calibration fitted; not prospectively validated,2026-10-07T16:51:17Z,2026-10-11T17:00:00Z,Sun 1:00 PM ET,New England Patriots,Las Vegas Raiders,"{""version"":""nfl-projection-trace-1"",""family"":""receive"",""current_sample"":[{""season"":2026,""week"":1,""opponent_team"":""MIA"",""targets"":4,""receptions"":2,""receiving_yards"":27},{""season"":2026,""week"":2,""opponent_team"":""LAC"",""targets"":7,""receptions"":5,""receiving_yards"":119},{""season"":2026,""week"":3,""opponent_team"":""NO"",""targets"":4,""receptions"":4,""receiving_yards"":43},{""season"":2026,""week"":4,""opponent_team"":""KC"",""targets"":8,""receptions"":4,""receiving_yards"":44}],""recent_mean_weight"":0.5,""targets"":5.597399,""catch_rate"":0.644265,""yards_per_reception"":12.571611,""mean_stages"":{""before_adjustments"":3.606206,""after_defense"":3.386833,""after_venue"":3.363125,""final"":3.363125},""sigma"":1.662373,""opponent"":{""team"":""NE"",""kind"":""pass"",""rating"":1.202774,""rank"":5,""of"":32,""allowed"":205.5,""league"":234.585938,""games"":4,""season"":2026},""home"":false,""versus"":{""team"":""NE"",""values"":[2.0,2.0],""home"":[true,false],""since"":""2023 Wk 6"",""note"":""History only, not a model input. In our backtests, results against one opponent did not predict the next meeting beyond a player\u2019s overall form.""}}",WR
6b024bad1abb54f597225e4ab9b39d89,Las Vegas Raiders @ New England Patriots,Ashton Jeanty,draftkings,DraftKings,receptions,Receptions,over,3.5,110,3.4913150889,0.5,0.0,0.4761904762,0.4494382022,0.4606402596,3.5,2,238.0952380952,5.0,Calibration fitted; not prospectively validated,2026-10-07T16:51:17Z,2026-10-11T17:00:00Z,Sun 1:00 PM ET,New England Patriots,Las Vegas Raiders,"{""version"":""nfl-projection-trace-1"",""family"":""receive"",""current_sample"":[{""season"":2026,""week"":1,""opponent_team"":""MIA"",""targets"":6,""receptions"":6,""receiving_yards"":45},{""season"":2026,""week"":2,""opponent_team"":""LAC"",""targets"":7,""receptions"":4,""receiving_yards"":15},{""season"":2026,""week"":3,""opponent_team"":""NO"",""targets"":3,""receptions"":3,""receiving_yards"":37},{""season"":2026,""week"":4,""opponent_team"":""KC"",""targets"":8,""receptions"":6,""receiving_yards"":68}],""recent_mean_weight"":0.5,""targets"":4.657249,""catch_rate"":0.803835,""yards_per_reception"":9.183867,""mean_stages"":{""before_adjustments"":3.743661,""after_defense"":3.515927,""after_venue"":3.491315,""final"":3.491315},""sigma"":1.794156,""opponent"":{""team"":""NE"",""kind"":""pass"",""rating"":1.202774,""rank"":5,""of"":32,""allowed"":205.5,""league"":234.585938,""games"":4,""season"":2026},""home"":false,""versus"":{""team"":""NE"",""values"":[2.0],""home"":[false],""since"":""2025 Wk 1"",""note"":""History only, not a model input. In our backtests, results against one opponent did not predict the next meeting beyond a player\u2019s overall form.""}}",RB
6b024bad1abb54f597225e4ab9b39d89,Las Vegas Raiders @ New England Patriots,Brock Bowers,fanduel,FanDuel,receptions,Receptions,under,6.5,-102,4.1740333565,0.5789473684,0.0,0.504950495,0.471842317,0.4714583486,6.5,2,739.9687337155,14.6542827657,Calibration fitted; not prospectively validated,2026-10-07T16:51:22Z,2026-10-11T17:00:00Z,Sun 1:00 PM ET,New England Patriots,Las Vegas Raiders,"{""version"":""nfl-projection-trace-1"",""family"":""receive"",""current_sample"":[{""season"":2026,""week"":3,""opponent_team"":""NO"",""targets"":13,""receptions"":10,""receiving_yards"":116},{""season"":2026,""week"":4,""opponent_team"":""KC"",""targets"":11,""receptions"":6,""receiving_yards"":86}],""recent_mean_weight"":0.333333,""targets"":7.344592,""catch_rate"":0.609391,""yards_per_reception"":11.711382,""mean_stages"":{""before_adjustments"":4.475725,""after_defense"":4.203458,""after_venue"":4.174033,""final"":4.174033},""sigma"":1.620711,""opponent"":{""team"":""NE"",""kind"":""pass"",""rating"":1.202774,""rank"":5,""of"":32,""allowed"":205.5,""league"":234.585938,""games"":4,""season"":2026},""home"":false,""versus"":{""team"":""NE"",""values"":[5.0],""home"":[false],""since"":""2025 Wk 1"",""note"":""History only, not a model input. In our backtests, results against one opponent did not predict the next meeting beyond a player\u2019s overall form.""}}",TE
6b024bad1abb54f597225e4ab9b39d89,Las Vegas Raiders @ New England Patriots,Michael Mayer,fanduel,FanDuel,receptions,Receptions,over,3.5,-114,4.2724194839,0.5475728155,0.0,0.5327102804,0.5,0.5010387236,3.5,2,148.6253516015,2.7899846704,Calibration fitted; not prospectively validated,2026-10-07T16:51:22Z,2026-10-11T17:00:00Z,Sun 1:00 PM ET,New England Patriots,Las Vegas Raiders,"{""version"":""nfl-projection-trace-1"",""family"":""receive"",""current_sample"":[{""season"":2026,""week"":1,""opponent_team"":""MIA"",""targets"":7,""receptions"":6,""receiving_yards"":32},{""season"":2026,""week"":2,""opponent_team"":""LAC"",""targets"":4,""receptions"":3,""receiving_yards"":23},{""season"":2026,""week"":3,""opponent_team"":""NO"",""targets"":3,""receptions"":3,""receiving_yards"":32},{""season"":2026,""week"":4,""opponent_team"":""KC"",""targets"":10,""receptions"":8,""receiving_yards"":82}],""recent_mean_weight"":0.5,""targets"":5.411403,""catch_rate"":0.846587,""yards_per_reception"":9.849837,""mean_stages"":{""before_adjustments"":4.581223,""after_defense"":4.302537,""after_venue"":4.272419,""final"":4.272419},""sigma"":2.368758,""opponent"":{""team"":""NE"",""kind"":""pass"",""rating"":1.202774,""rank"":5,""of"":32,""allowed"":205.5,""league"":234.585938,""games"":4,""season"":2026},""home"":false,""versus"":{""team"":""NE"",""values"":[5.0,4.0],""home"":[true,false],""since"":""2023 Wk 6"",""note"":""History only, not a model input. In our backtests, results against one opponent did not predict the next meeting beyond a player\u2019s overall form.""}}",TE
6b024bad1abb54f597225e4ab9b39d89,Las Vegas Raiders @ New England Patriots,Brock Bowers,fanatics,Fanatics,recv_yds,Receiving yards,under,70.5,-105,48.5391029693,0.5163043478,0.0,0.512195122,0.4796954315,0.4796954315,72.5,1,41.0922587487,0.8022774327,Calibration fitted; not prospectively validated,2026-10-07T16:51:16Z,2026-10-11T17:00:00Z,Sun 1:00 PM ET,New England Patriots,Las Vegas Raiders,"{""version"":""nfl-projection-trace-1"",""family"":""receive"",""current_sample"":[{""season"":2026,""week"":3,""opponent_team"":""NO"",""targets"":13,""receptions"":10,""receiving_yards"":116},{""season"":2026,""week"":4,""opponent_team"":""KC"",""targets"":11,""receptions"":6,""receiving_yards"":86}],""recent_mean_weight"":0.333333,""targets"":7.344592,""catch_rate"":0.609391,""yards_per_reception"":11.711382,""mean_stages"":{""before_adjustments"":52.416932,""after_defense"":49.228299,""after_venue"":48.539103,""final"":48.539103},""sigma"":28.726721,""opponent"":{""team"":""NE"",""kind"":""pass"",""rating"":1.202774,""rank"":5,""of"":32,""allowed"":205.5,""league"":234.585938,""games"":4,""season"":2026},""home"":false,""versus"":{""team"":""NE"",""values"":[103.0],""home"":[false],""since"":""2025 Wk 1"",""note"":""History only, not a model input. In our backtests, results against one opponent did not predict the next meeting beyond a player\u2019s overall form.""}}",TE
2cda9bf0fbe35a2735f0dd8aaafe9eff,Minnesota Vikings @ New Orleans Saints,Tyler Shough,draftkings,DraftKings,pass_tds,Passing touchdowns,over,1.5,140,2.3535,0.5178018576,0.0,0.4166666667,0.3937341236,0.3834114043,1.5,4,1011.3519091847,24.2724458204,Calibration fitted; not prospectively validated,2026-10-07T16:51:45Z,2026-10-11T17:00:00Z,Sun 1:00 PM ET,New Orleans Saints,Minnesota Vikings,,QB
2cda9bf0fbe35a2735f0dd8aaafe9eff,Minnesota Vikings @ New Orleans Saints,Kyler Murray,draftkings,DraftKings,pass_tds,Passing touchdowns,over,1.5,156,0.318,0.4421052632,0.0,0.390625,0.3694581281,0.3721806014,1.5,4,514.8026315789,13.1789473684,Calibration fitted; not prospectively validated,2026-10-07T16:51:45Z,2026-10-11T17:00:00Z,Sun 1:00 PM ET,New Orleans Saints,Minnesota Vikings,,QB
2cda9bf0fbe35a2735f0dd8aaafe9eff,Minnesota Vikings @ New Orleans Saints,Tyler Shough,fanduel,FanDuel,pass_tds,Passing touchdowns,over,1.5,152,2.3535,0.5178018576,0.0,0.3968253968,0.3712268744,0.3834114043,1.5,4,1209.7646075974,30.4860681115,Calibration fitted; not prospectively validated,2026-10-07T16:51:51Z,2026-10-11T17:00:00Z,Sun 1:00 PM ET,New Orleans Saints,Minnesota Vikings,,QB
2cda9bf0fbe35a2735f0dd8aaafe9eff,Minnesota Vikings @ New Orleans Saints,Kyler Murray,fanduel,FanDuel,pass_tds,Passing touchdowns,over,1.5,152,0.318,0.4421052632,0.0,0.3968253968,0.3712268744,0.3721806014,1.5,4,452.798663325,11.4105263158,Calibration fitted; not prospectively validated,2026-10-07T16:51:51Z,2026-10-11T17:00:00Z,Sun 1:00 PM ET,New Orleans Saints,Minnesota Vikings,,QB
2cda9bf0fbe35a2735f0dd8aaafe9eff,Minnesota Vikings @ New Orleans Saints,Kyler Murray,betonlineag,BetOnline.ag,pass_tds,Passing touchdowns,over,1.5,152,0.318,0.4421052632,0.0,0.3968253968,0.3731343284,0.3721806014,1.5,4,452.798663325,11.4105263158,Calibration fitted; not prospectively validated,2026-10-07T16:50:56Z,2026-10-11T17:00:00Z,Sun 1:00 PM ET,New Orleans Saints,Minnesota Vikings,,QB
2cda9bf0fbe35a2735f0dd8aaafe9eff,Minnesota Vikings @ New Orleans Saints,Tyler Shough,betonlineag,BetOnline.ag,pass_tds,Passing touchdowns,over,1.5,136,2.3535,0.5178018576,0.0,0.4237288136,0.3977531934,0.3834114043,1.5,4,940.7304402582,22.2012383901,Calibration fitted; not prospectively validated,2026-10-07T16:50:56Z,2026-10-11T17:00:00Z,Sun 1:00 PM ET,New Orleans Saints,Minnesota Vikings,,QB
2cda9bf0fbe35a2735f0dd8aaafe9eff,Minnesota Vikings @ New Orleans Saints,Kyler Murray,betrivers,BetRivers,pass_tds,Passing touchdowns,over,1.5,148,0.318,0.4421052632,0.0,0.4032258065,0.3768844221,0.3721806014,1.5,4,388.7945670628,9.6421052632,Calibration fitted; not prospectively validated,2026-10-07T16:50:49Z,2026-10-11T17:00:00Z,Sun 1:00 PM ET,New Orleans Saints,Minnesota Vikings,,QB
2cda9bf0fbe35a2735f0dd8aaafe9eff,Minnesota Vikings @ New Orleans Saints,Tyler Shough,betrivers,BetRivers,pass_tds,Passing touchdowns,over,1.5,150,2.3535,0.5178018576,0.0,0.4,0.373088685,0.3834114043,1.5,4,1178.0185758514,29.4504643963,Calibration fitted; not prospectively validated,2026-10-07T16:50:49Z,2026-10-11T17:00:00Z,Sun 1:00 PM ET,New Orleans Saints,Minnesota Vikings,,QB
2cda9bf0fbe35a2735f0dd8aaafe9eff,Minnesota Vikings @ New Orleans Saints,Chris Olave,draftkings,DraftKings,receptions,Receptions,under,6.5,-108,6.3272237243,0.5408805031,0.0,0.5192307692,0.4896023956,0.4896023956,6.5,3,216.4973391388,4.1695783834,Calibration fitted; not prospectively validated,2026-10-07T16:51:45Z,2026-10-11T17:00:00Z,Sun 1:00 PM ET,New Orleans Saints,Minnesota Vikings,"{""version"":""nfl-projection-trace-1"",""family"":""receive"",""current_sample"":[{""season"":2026,""week"":1,""opponent_team"":""DET"",""targets"":13,""receptions"":10,""receiving_yards"":182},{""season"":2026,""week"":2,""opponent_team"":""BAL"",""targets"":10,""receptions"":8,""receiving_yards"":86},{""season"":2026,""week"":3,""opponent_team"":""LV"",""targets"":13,""receptions"":9,""receiving_yards"":107},{""season"":2026,""week"":4,""opponent_team"":""ATL"",""targets"":12,""receptions"":8,""receiving_yards"":116}],""recent_mean_weight"":0.5,""targets"":9.385434,""catch_rate"":0.69016,""yards_per_reception"":13.05534,""mean_stages"":{""before_adjustments"":6.477455,""after_defense"":6.283241,""after_venue"":6.327224,""final"":6.327224},""sigma"":1.883467,""opponent"":{""team"":""MIN"",""kind"":""pass"",""rating"":1.099944,""rank"":10,""of"":32,""allowed"":220.25,""league"":234.585938,""games"":4,""season"":2026},""home"":true,""versus"":{""team"":""MIN"",""values"":[4.0,6.0],""home"":[true,false],""since"":""2022 Wk 4"",""note"":""History only, not a model input. In our backtests, results against one opponent did not predict the next meeting beyond a player\u2019s overall form.""}}",WR
2cda9bf0fbe35a2735f0dd8aaafe9eff,Minnesota Vikings @ New Orleans Saints,Juwan Johnson,draftkings,DraftKings,receptions,Receptions,over,4.5,109,4.710260416,0.5408805031,0.0,0.4784688995,0.451360692,0.451360692,4.5,3,624.1160362312,13.0440251572,Calibration fitted; not prospectively validated,2026-10-07T16:51:45Z,2026-10-11T17:00:00Z,Sun 1:00 PM ET,New Orleans Saints,Minnesota Vikings,"{""version"":""nfl-projection-trace-1"",""family"":""receive"",""current_sample"":[{""season"":2026,""week"":1,""opponent_team"":""DET"",""targets"":7,""receptions"":3,""receiving_yards"":54},{""season"":2026,""week"":2,""opponent_team"":""BAL"",""targets"":4,""receptions"":4,""receiving_yards"":66},{""season"":2026,""week"":3,""opponent_team"":""LV"",""targets"":8,""receptions"":8,""receiving_yards"":53},{""season"":2026,""week"":4,""opponent_team"":""ATL"",""targets"":8,""receptions"":6,""receiving_yards"":59}],""recent_mean_weight"":0.5,""targets"":5.855332,""catch_rate"":0.82354,""yards_per_reception"":10.515294,""mean_stages"":{""before_adjustments"":4.822099,""after_defense"":4.677518,""after_venue"":4.71026,""final"":4.71026},""sigma"":1.810188,""opponent"":{""team"":""MIN"",""kind"":""pass"",""rating"":1.099944,""rank"":10,""of"":32,""allowed"":220.25,""league"":234.585938,""games"":4,""season"":2026},""home"":true,""versus"":{""team"":""MIN"",""values"":[1.0,3.0,1.0],""home"":[true,true,false],""since"":""2020 Wk 16"",""note"":""History only, not a model input. In our backtests, results against one opponent did not predict the next meeting beyond a player\u2019s overall form.""}}",TE
2cda9bf0fbe35a2735f0dd8aaafe9eff,Minnesota Vikings @ New Orleans Saints,Aaron Jones,draftkings,DraftKings,receptions,Receptions,over,3.5,133,2.561538846,0.4524271845,0.0,0.4291845494,0.4053445429,0.4087671214,3.5,2,232.426351098,5.4155339806,Calibration fitted; not prospectively validated,2026-10-07T16:51:45Z,2026-10-11T17:00:00Z,Sun 1:00 PM ET,New Orleans Saints,Minnesota Vikings,"{""version"":""nfl-projection-trace-1"",""family"":""receive"",""current_sample"":[{""season"":2026,""week"":1,""opponent_team"":""GB"",""targets"":1,""receptions"":0,""receiving_yards"":0},{""season"":2026,""week"":2,""opponent_team"":""CHI"",""targets"":0,""receptions"":0,""receiving_yards"":0},{""season"":2026,""week"":3,""opponent_team"":""TB"",""targets"":6,""receptions"":5,""receiving_yards"":34},{""season"":2026,""week"":4,""opponent_team"":""MIA"",""targets"":8,""receptions"":4,""receiving_yards"":34}],""recent_mean_weight"":0.5,""targets"":4.896449,""catch_rate"":0.534188,""yards_per_reception"":7.769706,""mean_stages"":{""before_adjustments"":2.615624,""after_defense"":2.579596,""after_venue"":2.561539,""final"":2.561539},""sigma"":1.171628,""opponent"":{""team"":""NO"",""kind"":""pass"",""rating"":1.045914,""rank"":16,""of"":32,""allowed"":228.0,""league"":234.585938,""games"":4,""season"":2026},""home"":false,""versus"":{""team"":""NO"",""values"":[2.0,2.0],""home"":[false,false],""since"":""2020 Wk 3"",""note"":""History only, not a model input. In our backtests, results against one opponent did not predict the next meeting beyond a player\u2019s overall form.""}}",RB
2cda9bf0fbe35a2735f0dd8aaafe9eff,Minnesota Vikings @ New Orleans Saints,Kyler Murray,draftkings,DraftKings,rush_yds,Rushing yards,over,16.5,-116,30.112914758,0.5647668394,0.0,0.537037037,0.5084288604,0.5084288604,15.5,1,277.298023412,5.1634804359,Calibration fitted; not prospectively validated,2026-10-07T16:51:45Z,2026-10-11T17:00:00Z,Sun 1:00 PM ET,New Orleans Saints,Minnesota Vikings,"{""version"":""nfl-projection-trace-1"",""family"":""rush"",""current_sample"":[{""season"":2026,""week"":1,""opponent_team"":""GB"",""carries"":2,""rushing_yards"":9},{""season"":2026,""week"":3,""opponent_team"":""TB"",""carries"":2,""rushing_yards"":17},{""season"":2026,""week"":4,""opponent_team"":""MIA"",""carries"":6,""rushing_yards"":16}],""recent_mean_weight"":0.428571,""carries"":5.595349,""yards_per_carry"":4.939994,""mean_stages"":{""before_adjustments"":27.64099,""after_defense"":30.853396,""after_venue"":30.112915,""final"":30.112915},""sigma"":20.6735,""opponent"":{""team"":""NO"",""kind"":""rush"",""rating"":0.612604,""rank"":30,""of"":32,""allowed"":147.75,""league"":111.390625,""games"":4,""season"":2026},""home"":false,""versus"":{""team"":""NO"",""values"":[30.0,38.0],""home"":[true,false],""since"":""2022 Wk 7"",""note"":""History only, not a model input. In our backtests, results against one opponent did not predict the next meeting beyond a player\u2019s overall form.""}}",QB
2cda9bf0fbe35a2735f0dd8aaafe9eff,Minnesota Vikings @ New Orleans Saints,Chris Olave,fanduel,FanDuel,receptions,Receptions,under,6.5,-106,6.3272237243,0.5408805031,0.0,0.5145631068,0.4835607431,0.4896023956,6.5,3,263.1739634854,5.1145128753,Calibration fitted; not prospectively validated,2026-10-07T16:51:51Z,2026-10-11T17:00:00Z,Sun 1:00 PM ET,New Orleans Saints,Minnesota Vikings,"{""version"":""nfl-projection-trace-1"",""family"":""receive"",""current_sample"":[{""season"":2026,""week"":1,""opponent_team"":""DET"",""targets"":13,""receptions"":10,""receiving_yards"":182},{""season"":2026,""week"":2,""opponent_team"":""BAL"",""targets"":10,""receptions"":8,""receiving_yards"":86},{""season"":2026,""week"":3,""opponent_team"":""LV"",""targets"":13,""receptions"":9,""receiving_yards"":107},{""season"":2026,""week"":4,""opponent_team"":""ATL"",""targets"":12,""receptions"":8,""receiving_yards"":116}],""recent_mean_weight"":0.5,""targets"":9.385434,""catch_rate"":0.69016,""yards_per_reception"":13.05534,""mean_stages"":{""before_adjustments"":6.477455,""after_defense"":6.283241,""after_venue"":6.327224,""final"":6.327224},""sigma"":1.883467,""opponent"":{""team"":""MIN"",""kind"":""pass"",""rating"":1.099944,""rank"":10,""of"":32,""allowed"":220.25,""league"":234.585938,""games"":4,""season"":2026},""home"":true,""versus"":{""team"":""MIN"",""values"":[4.0,6.0],""home"":[true,false],""since"":""2022 Wk 4"",""note"":""History only, not a model input. In our backtests, results against one opponent did not predict the next meeting beyond a player\u2019s overall form.""}}",WR
2cda9bf0fbe35a2735f0dd8aaafe9eff,Minnesota Vikings @ New Orleans Saints,Aaron Jones,fanduel,FanDuel,receptions,Receptions,under,2.5,130,2.561538846,0.4591194969,0.0,0.4347826087,0.4064075942,0.4064075942,3.5,1,243.3688815969,5.5974842767,Calibration fitted; not prospectively validated,2026-10-07T16:51:51Z,2026-10-11T17:00:00Z,Sun 1:00 PM ET,New Orleans Saints,Minnesota Vikings,"{""version"":""nfl-projection-trace-1"",""family"":""receive"",""current_sample"":[{""season"":2026,""week"":1,""opponent_team"":""GB"",""targets"":1,""receptions"":0,""receiving_yards"":0},{""season"":2026,""week"":2,""opponent_team"":""CHI"",""targets"":0,""receptions"":0,""receiving_yards"":0},{""season"":2026,""week"":3,""opponent_team"":""TB"",""targets"":6,""receptions"":5,""receiving_yards"":34},{""season"":2026,""week"":4,""opponent_team"":""MIA"",""targets"":8,""receptions"":4,""receiving_yards"":34}],""recent_mean_weight"":0.5,""targets"":4.896449,""catch_rate"":0.534188,""yards_per_reception"":7.769706,""mean_stages"":{""before_adjustments"":2.615624,""after_defense"":2.579596,""after_venue"":2.561539,""final"":2.561539},""sigma"":1.171628,""opponent"":{""team"":""NO"",""kind"":""pass"",""rating"":1.045914,""rank"":16,""of"":32,""allowed"":228.0,""league"":234.585938,""games"":4,""season"":2026},""home"":false,""versus"":{""team"":""NO"",""values"":[2.0,2.0],""home"":[false,false],""since"":""2020 Wk 3"",""note"":""History only, not a model input. In our backtests, results against one opponent did not predict the next meeting beyond a player\u2019s overall form.""}}",RB
2cda9bf0fbe35a2735f0dd8aaafe9eff,Minnesota Vikings @ New Orleans Saints,Juwan Johnson,fanduel,FanDuel,receptions,Receptions,over,4.5,102,4.710260416,0.5408805031,0.0,0.495049505,0.4620927318,0.451360692,4.5,3,458.3099819416,9.2578616352,Calibration fitted; not prospectively validated,2026-10-07T16:51:51Z,2026-10-11T17:00:00Z,Sun 1:00 PM ET,New Orleans Saints,Minnesota Vikings,"{""version"":""nfl-projection-trace-1"",""family"":""receive"",""current_sample"":[{""season"":2026,""week"":1,""opponent_team"":""DET"",""targets"":7,""receptions"":3,""receiving_yards"":54},{""season"":2026,""week"":2,""opponent_team"":""BAL"",""targets"":4,""receptions"":4,""receiving_yards"":66},{""season"":2026,""week"":3,""opponent_team"":""LV"",""targets"":8,""receptions"":8,""receiving_yards"":53},{""season"":2026,""week"":4,""opponent_team"":""ATL"",""targets"":8,""receptions"":6,""receiving_yards"":59}],""recent_mean_weight"":0.5,""targets"":5.855332,""catch_rate"":0.82354,""yards_per_reception"":10.515294,""mean_stages"":{""before_adjustments"":4.822099,""after_defense"":4.677518,""after_venue"":4.71026,""final"":4.71026},""sigma"":1.810188,""opponent"":{""team"":""MIN"",""kind"":""pass"",""rating"":1.099944,""rank"":10,""of"":32,""allowed"":220.25,""league"":234.585938,""games"":4,""season"":2026},""home"":true,""versus"":{""team"":""MIN"",""values"":[1.0,3.0,1.0],""home"":[true,true,false],""since"":""2020 Wk 16"",""note"":""History only, not a model input. In our backtests, results against one opponent did not predict the next meeting beyond a player\u2019s overall form.""}}",TE
2cda9bf0fbe35a2735f0dd8aaafe9eff,Minnesota Vikings @ New Orleans Saints,Kyler Murray,fanduel,FanDuel,rush_yds,Rushing yards,over,15.5,-114,30.112914758,0.5647668394,0.0,0.5327102804,0.5,0.5025116541,15.5,4,320.5655900441,6.0176347605,Calibration fitted; not prospectively validated,2026-10-07T16:51:51Z,2026-10-11T17:00:00Z,Sun 1:00 PM ET,New Orleans Saints,Minnesota Vikings,"{""version"":""nfl-projection-trace-1"",""family"":""rush"",""current_sample"":[{""season"":2026,""week"":1,""opponent_team"":""GB"",""carries"":2,""rushing_yards"":9},{""season"":2026,""week"":3,""opponent_team"":""TB"",""carries"":2,""rushing_yards"":17},{""season"":2026,""week"":4,""opponent_team"":""MIA"",""carries"":6,""rushing_yards"":16}],""recent_mean_weight"":0.428571,""carries"":5.595349,""yards_per_carry"":4.939994,""mean_stages"":{""before_adjustments"":27.64099,""after_defense"":30.853396,""after_venue"":30.112915,""final"":30.112915},""sigma"":20.6735,""opponent"":{""team"":""NO"",""kind"":""rush"",""rating"":0.612604,""rank"":30,""of"":32,""allowed"":147.75,""league"":111.390625,""games"":4,""season"":2026},""home"":false,""versus"":{""team"":""NO"",""values"":[30.0,38.0],""home"":[true,false],""since"":""2022 Wk 7"",""note"":""History only, not a model input. In our backtests, results against one opponent did not predict the next meeting beyond a player\u2019s overall form.""}}",QB
2cda9bf0fbe35a2735f0dd8aaafe9eff,Minnesota Vikings @ New Orleans Saints,Chris Olave,betonlineag,BetOnline.ag,receptions,Receptions,under,6.5,-109,6.3272237243,0.5408805031,0.0,0.5215311005,0.4897419064,0.4896023956,6.5,3,193.4940266619,3.7101148231,Calibration fitted; not prospectively validated,2026-10-07T16:50:56Z,2026-10-11T17:00:00Z,Sun 1:00 PM ET,New Orleans Saints,Minnesota Vikings,"{""version"":""nfl-projection-trace-1"",""family"":""receive"",""current_sample"":[{""season"":2026,""week"":1,""opponent_team"":""DET"",""targets"":13,""receptions"":10,""receiving_yards"":182},{""season"":2026,""week"":2,""opponent_team"":""BAL"",""targets"":10,""receptions"":8,""receiving_yards"":86},{""season"":2026,""week"":3,""opponent_team"":""LV"",""targets"":13,""receptions"":9,""receiving_yards"":107},{""season"":2026,""week"":4,""opponent_team"":""ATL"",""targets"":12,""receptions"":8,""receiving_yards"":116}],""recent_mean_weight"":0.5,""targets"":9.385434,""catch_rate"":0.69016,""yards_per_reception"":13.05534,""mean_stages"":{""before_adjustments"":6.477455,""after_defense"":6.283241,""after_venue"":6.327224,""final"":6.327224},""sigma"":1.883467,""opponent"":{""team"":""MIN"",""kind"":""pass"",""rating"":1.099944,""rank"":10,""of"":32,""allowed"":220.25,""league"":234.585938,""games"":4,""season"":2026},""home"":true,""versus"":{""team"":""MIN"",""values"":[4.0,6.0],""home"":[true,false],""since"":""2022 Wk 4"",""note"":""History only, not a model input. In our backtests, results against one opponent did not predict the next meeting beyond a player\u2019s overall form.""}}",WR
2cda9bf0fbe35a2735f0dd8aaafe9eff,Minnesota Vikings @ New Orleans Saints,Juwan Johnson,betonlineag,BetOnline.ag,receptions,Receptions,over,4.5,109,4.710260416,0.5408805031,0.0,0.4784688995,0.4498870615,0.451360692,4.5,3,624.1160362312,13.0440251572,Calibration fitted; not prospectively validated,2026-10-07T16:50:56Z,2026-10-11T17:00:00Z,Sun 1:00 PM ET,New Orleans Saints,Minnesota Vikings,"{""version"":""nfl-projection-trace-1"",""family"":""receive"",""current_sample"":[{""season"":2026,""week"":1,""opponent_team"":""DET"",""targets"":7,""receptions"":3,""receiving_yards"":54},{""season"":2026,""week"":2,""opponent_team"":""BAL"",""targets"":4,""receptions"":4,""receiving_yards"":66},{""season"":2026,""week"":3,""opponent_team"":""LV"",""targets"":8,""receptions"":8,""receiving_yards"":53},{""season"":2026,""week"":4,""opponent_team"":""ATL"",""targets"":8,""receptions"":6,""receiving_yards"":59}],""recent_mean_weight"":0.5,""targets"":5.855332,""catch_rate"":0.82354,""yards_per_reception"":10.515294,""mean_stages"":{""before_adjustments"":4.822099,""after_defense"":4.677518,""after_venue"":4.71026,""final"":4.71026},""sigma"":1.810188,""opponent"":{""team"":""MIN"",""kind"":""pass"",""rating"":1.099944,""rank"":10,""of"":32,""allowed"":220.25,""league"":234.585938,""games"":4,""season"":2026},""home"":true,""versus"":{""team"":""MIN"",""values"":[1.0,3.0,1.0],""home"":[true,true,false],""since"":""2020 Wk 16"",""note"":""History only, not a model input. In our backtests, results against one opponent did not predict the next meeting beyond a player\u2019s overall form.""}}",TE
2cda9bf0fbe35a2735f0dd8aaafe9eff,Minnesota Vikings @ New Orleans Saints,Aaron Jones,betonlineag,BetOnline.ag,receptions,Receptions,over,3.5,128,2.561538846,0.4524271845,0.0,0.4385964912,0.4121896999,0.4087671214,3.5,2,138.3069323795,3.1533980583,Calibration fitted; not prospectively validated,2026-10-07T16:50:56Z,2026-10-11T17:00:00Z,Sun 1:00 PM ET,New Orleans Saints,Minnesota Vikings,"{""version"":""nfl-projection-trace-1"",""family"":""receive"",""current_sample"":[{""season"":2026,""week"":1,""opponent_team"":""GB"",""targets"":1,""receptions"":0,""receiving_yards"":0},{""season"":2026,""week"":2,""opponent_team"":""CHI"",""targets"":0,""receptions"":0,""receiving_yards"":0},{""season"":2026,""week"":3,""opponent_team"":""TB"",""targets"":6,""receptions"":5,""receiving_yards"":34},{""season"":2026,""week"":4,""opponent_team"":""MIA"",""targets"":8,""receptions"":4,""receiving_yards"":34}],""recent_mean_weight"":0.5,""targets"":4.896449,""catch_rate"":0.534188,""yards_per_reception"":7.769706,""mean_stages"":{""before_adjustments"":2.615624,""after_defense"":2.579596,""after_venue"":2.561539,""final"":2.561539},""sigma"":1.171628,""opponent"":{""team"":""NO"",""kind"":""pass"",""rating"":1.045914,""rank"":16,""of"":32,""allowed"":228.0,""league"":234.585938,""games"":4,""season"":2026},""home"":false,""versus"":{""team"":""NO"",""values"":[2.0,2.0],""home"":[false,false],""since"":""2020 Wk 3"",""note"":""History only, not a model input. In our backtests, results against one opponent did not predict the next meeting beyond a player\u2019s overall form.""}}",RB
2cda9bf0fbe35a2735f0dd8aaafe9eff,Minnesota Vikings @ New Orleans Saints,Kyler Murray,betonlineag,BetOnline.ag,rush_yds,Rushing yards,over,15.5,-114,30.112914758,0.5647668394,0.0,0.5327102804,0.5,0.5025116541,15.5,4,320.5655900441,6.0176347605,Calibration fitted; not prospectively validated,2026-10-07T16:50:56Z,2026-10-11T17:00:00Z,Sun 1:00 PM ET,New Orleans Saints,Minnesota Vikings,"{""version"":""nfl-projection-trace-1"",""family"":""rush"",""current_sample"":[{""season"":2026,""week"":1,""opponent_team"":""GB"",""carries"":2,""rushing_yards"":9},{""season"":2026,""week"":3,""opponent_team"":""TB"",""carries"":2,""rushing_yards"":17},{""season"":2026,""week"":4,""opponent_team"":""MIA"",""carries"":6,""rushing_yards"":16}],""recent_mean_weight"":0.428571,""carries"":5.595349,""yards_per_carry"":4.939994,""mean_stages"":{""before_adjustments"":27.64099,""after_defense"":30.853396,""after_venue"":30.112915,""final"":30.112915},""sigma"":20.6735,""opponent"":{""team"":""NO"",""kind"":""rush"",""rating"":0.612604,""rank"":30,""of"":32,""allowed"":147.75,""league"":111.390625,""games"":4,""season"":2026},""home"":false,""versus"":{""team"":""NO"",""values"":[30.0,38.0],""home"":[true,false],""since"":""2022 Wk 7"",""note"":""History only, not a model input. In our backtests, results against one opponent did not predict the next meeting beyond a player\u2019s overall form.""}}",QB
2cda9bf0fbe35a2735f0dd8aaafe9eff,Minnesota Vikings @ New Orleans Saints,Kyler Murray,betrivers,BetRivers,rush_yds,Rushing yards,over,15.5,-118,30.112914758,0.5647668394,0.0,0.5412844037,0.5050233081,0.5025116541,15.5,4,234.8243570851,4.3382804953,Calibration fitted; not prospectively validated,2026-10-07T16:50:49Z,2026-10-11T17:00:00Z,Sun 1:00 PM ET,New Orleans Saints,Minnesota Vikings,"{""version"":""nfl-projection-trace-1"",""family"":""rush"",""current_sample"":[{""season"":2026,""week"":1,""opponent_team"":""GB"",""carries"":2,""rushing_yards"":9},{""season"":2026,""week"":3,""opponent_team"":""TB"",""carries"":2,""rushing_yards"":17},{""season"":2026,""week"":4,""opponent_team"":""MIA"",""carries"":6,""rushing_yards"":16}],""recent_mean_weight"":0.428571,""carries"":5.595349,""yards_per_carry"":4.939994,""mean_stages"":{""before_adjustments"":27.64099,""after_defense"":30.853396,""after_venue"":30.112915,""final"":30.112915},""sigma"":20.6735,""opponent"":{""team"":""NO"",""kind"":""rush"",""rating"":0.612604,""rank"":30,""of"":32,""allowed"":147.75,""league"":111.390625,""games"":4,""season"":2026},""home"":false,""versus"":{""team"":""NO"",""values"":[30.0,38.0],""home"":[true,false],""since"":""2022 Wk 7"",""note"":""History only, not a model input. In our backtests, results against one opponent did not predict the next meeting beyond a player\u2019s overall form.""}}",QB
2cda9bf0fbe35a2735f0dd8aaafe9eff,Minnesota Vikings @ New Orleans Saints,Kyler Murray,fanatics,Fanatics,rush_yds,Rushing yards,over,15.5,-125,30.112914758,0.5647668394,0.0,0.5555555556,0.5203045685,0.5025116541,15.5,4,92.1128382268,1.6580310881,Calibration fitted; not prospectively validated,2026-10-07T16:51:26Z,2026-10-11T17:00:00Z,Sun 1:00 PM ET,New Orleans Saints,Minnesota Vikings,"{""version"":""nfl-projection-trace-1"",""family"":""rush"",""current_sample"":[{""season"":2026,""week"":1,""opponent_team"":""GB"",""carries"":2,""rushing_yards"":9},{""season"":2026,""week"":3,""opponent_team"":""TB"",""carries"":2,""rushing_yards"":17},{""season"":2026,""week"":4,""opponent_team"":""MIA"",""carries"":6,""rushing_yards"":16}],""recent_mean_weight"":0.428571,""carries"":5.595349,""yards_per_carry"":4.939994,""mean_stages"":{""before_adjustments"":27.64099,""after_defense"":30.853396,""after_venue"":30.112915,""final"":30.112915},""sigma"":20.6735,""opponent"":{""team"":""NO"",""kind"":""rush"",""rating"":0.612604,""rank"":30,""of"":32,""allowed"":147.75,""league"":111.390625,""games"":4,""season"":2026},""home"":false,""versus"":{""team"":""NO"",""values"":[30.0,38.0],""home"":[true,false],""since"":""2022 Wk 7"",""note"":""History only, not a model input. In our backtests, results against one opponent did not predict the next meeting beyond a player\u2019s overall form.""}}",QB
fbffd0b7722fd81d68d5d62472dc80e8,New York Giants @ Washington Commanders,Jameis Winston,fanduel,FanDuel,pass_tds,Passing touchdowns,over,1.5,142,0.954,0.4666666667,0.0,0.4132231405,0.3859166843,0.3859166843,1.5,1,534.435261708,12.9333333333,Calibration fitted; not prospectively validated,2026-10-07T16:51:22Z,2026-10-11T17:00:00Z,Sun 1:00 PM ET,Washington Commanders,New York Giants,,QB
fbffd0b7722fd81d68d5d62472dc80e8,New York Giants @ Washington Commanders,Jayden Daniels,fanduel,FanDuel,pass_tds,Passing touchdowns,over,1.5,104,1.569,0.5,0.0,0.4901960784,0.4581151832,0.4581151832,1.5,1,98.0392156863,2.0,Calibration fitted; not prospectively validated,2026-10-07T16:51:22Z,2026-10-11T17:00:00Z,Sun 1:00 PM ET,Washington Commanders,New York Giants,,QB
fbffd0b7722fd81d68d5d62472dc80e8,New York Giants @ Washington Commanders,Cam Skattebo,fanduel,FanDuel,receptions,Receptions,under,1.5,152,2.1175692035,0.4524271845,0.0,0.3968253968,0.3712268744,0.3712268744,1.5,1,556.0178764062,14.0116504854,Calibration fitted; not prospectively validated,2026-10-07T16:51:22Z,2026-10-11T17:00:00Z,Sun 1:00 PM ET,Washington Commanders,New York Giants,"{""version"":""nfl-projection-trace-1"",""family"":""receive"",""current_sample"":[{""season"":2026,""week"":1,""opponent_team"":""DAL"",""targets"":0,""receptions"":0,""receiving_yards"":0},{""season"":2026,""week"":2,""opponent_team"":""LA"",""targets"":4,""receptions"":4,""receiving_yards"":19},{""season"":2026,""week"":3,""opponent_team"":""TEN"",""targets"":4,""receptions"":3,""receiving_yards"":40},{""season"":2026,""week"":4,""opponent_team"":""ARI"",""targets"":1,""receptions"":1,""receiving_yards"":8}],""recent_mean_weight"":0.5,""targets"":2.187452,""catch_rate"":0.935897,""yards_per_reception"":8.198765,""mean_stages"":{""before_adjustments"":2.047231,""after_defense"":2.132497,""after_venue"":2.117569,""final"":2.117569},""sigma"":1.862714,""opponent"":{""team"":""WAS"",""kind"":""pass"",""rating"":0.861168,""rank"":25,""of"":32,""allowed"":254.5,""league"":234.585938,""games"":4,""season"":2026},""home"":false,""versus"":{""team"":""WAS"",""values"":[2.0],""home"":[false],""since"":""2025 Wk 1"",""note"":""History only, not a model input. In our backtests, results against one opponent did not predict the next meeting beyond a player\u2019s overall form.""}}",RB
fbffd0b7722fd81d68d5d62472dc80e8,New York Giants @ Washington Commanders,Malachi Fields,fanduel,FanDuel,receptions,Receptions,over,2.5,118,2.6738538264,0.5408805031,0.0,0.4587155963,0.4282584158,0.4282584158,2.5,1,821.6490681438,17.9119496855,Calibration fitted; not prospectively validated,2026-10-07T16:51:22Z,2026-10-11T17:00:00Z,Sun 1:00 PM ET,Washington Commanders,New York Giants,"{""version"":""nfl-projection-trace-1"",""family"":""receive"",""current_sample"":[{""season"":2026,""week"":1,""opponent_team"":""DAL"",""targets"":4,""receptions"":2,""receiving_yards"":25},{""season"":2026,""week"":2,""opponent_team"":""LA"",""targets"":6,""receptions"":2,""receiving_yards"":30},{""season"":2026,""week"":3,""opponent_team"":""TEN"",""targets"":2,""receptions"":2,""receiving_yards"":19},{""season"":2026,""week"":4,""opponent_team"":""ARI"",""targets"":3,""receptions"":2,""receiving_yards"":52}],""recent_mean_weight"":0.5,""targets"":3.644184,""catch_rate"":0.70936,""yards_per_reception"":16.501148,""mean_stages"":{""before_adjustments"":2.585037,""after_defense"":2.692703,""after_venue"":2.673854,""final"":2.673854},""sigma"":1.954095,""opponent"":{""team"":""WAS"",""kind"":""pass"",""rating"":0.861168,""rank"":25,""of"":32,""allowed"":254.5,""league"":234.585938,""games"":4,""season"":2026},""home"":false,""versus"":null}",WR
fbffd0b7722fd81d68d5d62472dc80e8,New York Giants @ Washington Commanders,Malik Nabers,fanduel,FanDuel,receptions,Receptions,over,5.5,120,5.1960650681,0.4591194969,0.0,0.4545454545,0.4248366013,0.4248366013,5.5,1,45.7404230989,1.0062893082,Calibration fitted; not prospectively validated,2026-10-07T16:51:22Z,2026-10-11T17:00:00Z,Sun 1:00 PM ET,Washington Commanders,New York Giants,"{""version"":""nfl-projection-trace-1"",""family"":""receive"",""current_sample"":[{""season"":2026,""week"":1,""opponent_team"":""DAL"",""targets"":9,""receptions"":6,""receiving_yards"":69},{""season"":2026,""week"":2,""opponent_team"":""LA"",""targets"":4,""receptions"":1,""receiving_yards"":1},{""season"":2026,""week"":3,""opponent_team"":""TEN"",""targets"":6,""receptions"":5,""receiving_yards"":26},{""season"":2026,""week"":4,""opponent_team"":""ARI"",""targets"":7,""receptions"":6,""receiving_yards"":112}],""recent_mean_weight"":0.5,""targets"":6.407854,""catch_rate"":0.783955,""yards_per_reception"":12.834607,""mean_stages"":{""before_adjustments"":5.023469,""after_defense"":5.232694,""after_venue"":5.196065,""final"":5.196065},""sigma"":2.136456,""opponent"":{""team"":""WAS"",""kind"":""pass"",""rating"":0.861168,""rank"":25,""of"":32,""allowed"":254.5,""league"":234.585938,""games"":4,""season"":2026},""home"":false,""versus"":{""team"":""WAS"",""values"":[10.0,9.0,5.0],""home"":[false,true,false],""since"":""2024 Wk 2"",""note"":""History only, not a model input. In our backtests, results against one opponent did not predict the next meeting beyond a player\u2019s overall form.""}}",WR
fbffd0b7722fd81d68d5d62472dc80e8,New York Giants @ Washington Commanders,Jayden Daniels,fanduel,FanDuel,rush_yds,Rushing yards,over,30.5,-114,46.633565999,0.5647668394,0.0,0.5327102804,0.5,0.5,30.5,1,320.5655900441,6.0176347605,Calibration fitted; not prospectively validated,2026-10-07T16:51:22Z,2026-10-11T17:00:00Z,Sun 1:00 PM ET,Washington Commanders,New York Giants,"{""version"":""nfl-projection-trace-1"",""family"":""rush"",""current_sample"":[{""season"":2026,""week"":1,""opponent_team"":""PHI"",""carries"":5,""rushing_yards"":31},{""season"":2026,""week"":2,""opponent_team"":""DAL"",""carries"":7,""rushing_yards"":69}],""recent_mean_weight"":0.333333,""carries"":7.569819,""yards_per_carry"":6.062399,""mean_stages"":{""before_adjustments"":45.891264,""after_defense"":45.540592,""after_venue"":46.633566,""final"":46.633566},""sigma"":31.970254,""opponent"":{""team"":""NYG"",""kind"":""rush"",""rating"":1.025471,""rank"":15,""of"":32,""allowed"":109.0,""league"":111.390625,""games"":4,""season"":2026},""home"":true,""versus"":{""team"":""NYG"",""values"":[44.0,35.0,68.0],""home"":[true,false,true],""since"":""2024 Wk 2"",""note"":""History only, not a model input. In our backtests, results against one opponent did not predict the next meeting beyond a player\u2019s overall form.""}}",QB
fbffd0b7722fd81d68d5d62472dc80e8,New York Giants @ Washington Commanders,Jameis Winston,fanduel,FanDuel,rush_yds,Rushing yards,over,2.5,-102,12.1847426768,0.5647668394,0.0,0.504950495,0.4735298909,0.4735298909,2.5,1,598.1634432873,11.8459819161,Calibration fitted; not prospectively validated,2026-10-07T16:51:22Z,2026-10-11T17:00:00Z,Sun 1:00 PM ET,Washington Commanders,New York Giants,"{""version"":""nfl-projection-trace-1"",""family"":""rush"",""current_sample"":[{""season"":2026,""week"":2,""opponent_team"":""LA"",""carries"":2,""rushing_yards"":1},{""season"":2026,""week"":3,""opponent_team"":""TEN"",""carries"":2,""rushing_yards"":14},{""season"":2026,""week"":4,""opponent_team"":""ARI"",""carries"":0,""rushing_yards"":0}],""recent_mean_weight"":0.428571,""carries"":3.257248,""yards_per_carry"":4.06527,""mean_stages"":{""before_adjustments"":13.241595,""after_defense"":12.484367,""after_venue"":12.184743,""final"":12.184743},""sigma"":16.095006,""opponent"":{""team"":""WAS"",""kind"":""rush"",""rating"":1.190618,""rank"":6,""of"":32,""allowed"":93.5,""league"":111.390625,""games"":4,""season"":2026},""home"":false,""versus"":{""team"":""WAS"",""values"":[26.0,-3.0,0.0],""home"":[false,false,true],""since"":""2021 Wk 5"",""note"":""History only, not a model input. In our backtests, results against one opponent did not predict the next meeting beyond a player\u2019s overall form.""}}",QB
fbffd0b7722fd81d68d5d62472dc80e8,New York Giants @ Washington Commanders,Cam Skattebo,fanduel,FanDuel,rush_yds,Rushing yards,under,59.5,-114,43.7647408669,0.5647668394,0.0,0.5327102804,0.5,0.5,59.5,1,320.5655900441,6.0176347605,Calibration fitted; not prospectively validated,2026-10-07T16:51:22Z,2026-10-11T17:00:00Z,Sun 1:00 PM ET,Washington Commanders,New York Giants,"{""version"":""nfl-projection-trace-1"",""family"":""rush"",""current_sample"":[{""season"":2026,""week"":1,""opponent_team"":""DAL"",""carries"":18,""rushing_yards"":81},{""season"":2026,""week"":2,""opponent_team"":""LA"",""carries"":12,""rushing_yards"":36},{""season"":2026,""week"":3,""opponent_team"":""TEN"",""carries"":20,""rushing_yards"":60},{""season"":2026,""week"":4,""opponent_team"":""ARI"",""carries"":18,""rushing_yards"":58}],""recent_mean_weight"":0.5,""carries"":13.188079,""yards_per_carry"":3.606341,""mean_stages"":{""before_adjustments"":47.560706,""after_defense"":44.840923,""after_venue"":43.764741,""final"":43.764741},""sigma"":30.805155,""opponent"":{""team"":""WAS"",""kind"":""rush"",""rating"":1.190618,""rank"":6,""of"":32,""allowed"":93.5,""league"":111.390625,""games"":4,""season"":2026},""home"":false,""versus"":{""team"":""WAS"",""values"":[-3.0],""home"":[false],""since"":""2025 Wk 1"",""note"":""History only, not a model input. In our backtests, results against one opponent did not predict the next meeting beyond a player\u2019s overall form.""}}",RB
fbffd0b7722fd81d68d5d62472dc80e8,New York Giants @ Washington Commanders,Jacory Croskey-Merritt,fanduel,FanDuel,rush_yds,Rushing yards,under,55.5,-114,32.5084525545,0.5647668394,0.0,0.5327102804,0.5,0.5,55.5,1,320.5655900441,6.0176347605,Calibration fitted; not prospectively validated,2026-10-07T16:51:22Z,2026-10-11T17:00:00Z,Sun 1:00 PM ET,Washington Commanders,New York Giants,"{""version"":""nfl-projection-trace-1"",""family"":""rush"",""current_sample"":[{""season"":2026,""week"":1,""opponent_team"":""PHI"",""carries"":16,""rushing_yards"":63},{""season"":2026,""week"":2,""opponent_team"":""DAL"",""carries"":12,""rushing_yards"":43},{""season"":2026,""week"":3,""opponent_team"":""SEA"",""carries"":19,""rushing_yards"":36},{""season"":2026,""week"":4,""opponent_team"":""IND"",""carries"":9,""rushing_yards"":15}],""recent_mean_weight"":0.5,""carries"":10.234651,""yards_per_carry"":3.125753,""mean_stages"":{""before_adjustments"":31.990991,""after_defense"":31.746536,""after_venue"":32.508453,""final"":32.508453},""sigma"":25.921809,""opponent"":{""team"":""NYG"",""kind"":""rush"",""rating"":1.025471,""rank"":15,""of"":32,""allowed"":109.0,""league"":111.390625,""games"":4,""season"":2026},""home"":true,""versus"":{""team"":""NYG"",""values"":[82.0,96.0],""home"":[true,false],""since"":""2025 Wk 1"",""note"":""History only, not a model input. In our backtests, results against one opponent did not predict the next meeting beyond a player\u2019s overall form.""}}",RB
d1d408fdfd272046fb517fe992a1c5a0,Denver Broncos @ Los Angeles Chargers,Justin Herbert,draftkings,DraftKings,pass_attempts,Passing attempts,over,30.5,-103,32.5454278749,0.5625,0.0,0.5073891626,0.4782356355,0.4796954315,30.5,3,551.1083743842,10.8616504854,Calibration fitted; not prospectively validated,2026-10-07T16:50:20Z,2026-10-11T20:05:00Z,Sun 4:05 PM ET,Los Angeles Chargers,Denver Broncos,"{""version"":""nfl-projection-trace-1"",""current_sample"":[{""season"":2026,""week"":1,""opponent_team"":""ARI"",""attempts"":27,""completions"":17,""passing_yards"":209},{""season"":2026,""week"":2,""opponent_team"":""LV"",""attempts"":27,""completions"":15,""passing_yards"":192},{""season"":2026,""week"":3,""opponent_team"":""BUF"",""attempts"":34,""completions"":20,""passing_yards"":226},{""season"":2026,""week"":4,""opponent_team"":""SEA"",""attempts"":31,""completions"":19,""passing_yards"":189}],""recent_mean_weight"":0.5,""yards_per_completion_recent_weight"":0.5,""career_baselines"":{""attempts"":{""mean"":32.483584,""games"":98,""position_pool_mean"":27.838228},""yards_per_completion"":{""mean"":11.02615,""games"":98,""position_pool_mean"":10.96096}},""attempts"":31.835388,""completion_rate"":0.601837,""yards_per_completion"":10.840105,""limitations"":[""Appearance totals do not distinguish partial games from normal starter workloads."",""Completion rate uses recent games without career shrinkage."",""Variance omits completion-rate uncertainty and dependence among components.""],""mean_stages"":{""before_adjustments"":31.835388,""after_defense"":32.545428,""after_venue"":32.545428,""final"":32.545428},""sigma"":7.551924,""opponent"":{""team"":""DEN"",""kind"":""pass"",""rating"":0.925655,""rank"":22,""of"":32,""allowed"":245.25,""league"":234.585938,""games"":4,""season"":2026},""home"":true,""versus"":{""team"":""DEN"",""values"":[43.0,33.0,44.0,31.0,57.0,37.0,17.0,34.0,31.0,47.0],""home"":[false,true,false,true,true,false,true,false,true,true],""since"":""2020 Wk 8"",""note"":""History only, not a model input. In our backtests, results against one opponent did not predict the next meeting beyond a player\u2019s overall form.""}}",QB
d1d408fdfd272046fb517fe992a1c5a0,Denver Broncos @ Los Angeles Chargers,Bo Nix,draftkings,DraftKings,pass_tds,Passing touchdowns,over,1.5,106,1.1925,0.5,0.0,0.4854368932,0.4580003898,0.4537429043,1.5,5,145.6310679612,3.0,Calibration fitted; not prospectively validated,2026-10-07T16:50:20Z,2026-10-11T20:05:00Z,Sun 4:05 PM ET,Los Angeles Chargers,Denver Broncos,,QB
d1d408fdfd272046fb517fe992a1c5a0,Denver Broncos @ Los Angeles Chargers,Justin Herbert,draftkings,DraftKings,pass_tds,Passing touchdowns,over,1.5,166,1.046,0.4821981424,0.0,0.3759398496,0.3555092614,0.3512506652,1.5,5,1062.582927908,28.2647058824,Calibration fitted; not prospectively validated,2026-10-07T16:50:20Z,2026-10-11T20:05:00Z,Sun 4:05 PM ET,Los Angeles Chargers,Denver Broncos,,QB
d1d408fdfd272046fb517fe992a1c5a0,Denver Broncos @ Los Angeles Chargers,Bo Nix,fanduel,FanDuel,pass_tds,Passing touchdowns,over,1.5,108,1.1925,0.5,0.0,0.4807692308,0.4489255225,0.4537429043,1.5,5,192.3076923077,4.0,Calibration fitted; not prospectively validated,2026-10-07T16:51:51Z,2026-10-11T20:05:00Z,Sun 4:05 PM ET,Los Angeles Chargers,Denver Broncos,,QB
d1d408fdfd272046fb517fe992a1c5a0,Denver Broncos @ Los Angeles Chargers,Justin Herbert,fanduel,FanDuel,pass_tds,Passing touchdowns,over,1.5,174,1.046,0.4821981424,0.0,0.3649635036,0.3408179631,0.3512506652,1.5,5,1172.3463876523,32.1222910217,Calibration fitted; not prospectively validated,2026-10-07T16:51:51Z,2026-10-11T20:05:00Z,Sun 4:05 PM ET,Los Angeles Chargers,Denver Broncos,,QB
d1d408fdfd272046fb517fe992a1c5a0,Denver Broncos @ Los Angeles Chargers,Justin Herbert,betonlineag,BetOnline.ag,pass_attempts,Passing attempts,over,30.5,-106,32.5454278749,0.5625,0.0,0.5145631068,0.4835607431,0.4796954315,30.5,3,479.3689320388,9.3160377358,Calibration fitted; not prospectively validated,2026-10-07T16:51:25Z,2026-10-11T20:05:00Z,Sun 4:05 PM ET,Los Angeles Chargers,Denver Broncos,"{""version"":""nfl-projection-trace-1"",""current_sample"":[{""season"":2026,""week"":1,""opponent_team"":""ARI"",""attempts"":27,""completions"":17,""passing_yards"":209},{""season"":2026,""week"":2,""opponent_team"":""LV"",""attempts"":27,""completions"":15,""passing_yards"":192},{""season"":2026,""week"":3,""opponent_team"":""BUF"",""attempts"":34,""completions"":20,""passing_yards"":226},{""season"":2026,""week"":4,""opponent_team"":""SEA"",""attempts"":31,""completions"":19,""passing_yards"":189}],""recent_mean_weight"":0.5,""yards_per_completion_recent_weight"":0.5,""career_baselines"":{""attempts"":{""mean"":32.483584,""games"":98,""position_pool_mean"":27.838228},""yards_per_completion"":{""mean"":11.02615,""games"":98,""position_pool_mean"":10.96096}},""attempts"":31.835388,""completion_rate"":0.601837,""yards_per_completion"":10.840105,""limitations"":[""Appearance totals do not distinguish partial games from normal starter workloads."",""Completion rate uses recent games without career shrinkage."",""Variance omits completion-rate uncertainty and dependence among components.""],""mean_stages"":{""before_adjustments"":31.835388,""after_defense"":32.545428,""after_venue"":32.545428,""final"":32.545428},""sigma"":7.551924,""opponent"":{""team"":""DEN"",""kind"":""pass"",""rating"":0.925655,""rank"":22,""of"":32,""allowed"":245.25,""league"":234.585938,""games"":4,""season"":2026},""home"":true,""versus"":{""team"":""DEN"",""values"":[43.0,33.0,44.0,31.0,57.0,37.0,17.0,34.0,31.0,47.0],""home"":[false,true,false,true,true,false,true,false,true,true],""since"":""2020 Wk 8"",""note"":""History only, not a model input. In our backtests, results against one opponent did not predict the next meeting beyond a player\u2019s overall form.""}}",QB
d1d408fdfd272046fb517fe992a1c5a0,Denver Broncos @ Los Angeles Chargers,Justin Herbert,betonlineag,BetOnline.ag,pass_tds,Passing touchdowns,over,1.5,171,1.046,0.4821981424,0.0,0.36900369,0.347071123,0.3512506652,1.5,5,1131.9445237796,30.6756965944,Calibration fitted; not prospectively validated,2026-10-07T16:51:25Z,2026-10-11T20:05:00Z,Sun 4:05 PM ET,Los Angeles Chargers,Denver Broncos,,QB
d1d408fdfd272046fb517fe992a1c5a0,Denver Broncos @ Los Angeles Chargers,Bo Nix,betonlineag,BetOnline.ag,pass_tds,Passing touchdowns,over,1.5,107,1.1925,0.5,0.0,0.4830917874,0.4537429043,0.4537429043,1.5,5,169.0821256039,3.5,Calibration fitted; not prospectively validated,2026-10-07T16:51:25Z,2026-10-11T20:05:00Z,Sun 4:05 PM ET,Los Angeles Chargers,Denver Broncos,,QB
d1d408fdfd272046fb517fe992a1c5a0,Denver Broncos @ Los Angeles Chargers,Bo Nix,betrivers,BetRivers,pass_tds,Passing touchdowns,over,1.5,110,1.1925,0.5,0.0,0.4761904762,0.4438081603,0.4537429043,1.5,5,238.0952380952,5.0,Calibration fitted; not prospectively validated,2026-10-07T16:50:50Z,2026-10-11T20:05:00Z,Sun 4:05 PM ET,Los Angeles Chargers,Denver Broncos,,QB
d1d408fdfd272046fb517fe992a1c5a0,Denver Broncos @ Los Angeles Chargers,Justin Herbert,betrivers,BetRivers,pass_tds,Passing touchdowns,over,1.5,165,1.046,0.4821981424,0.0,0.3773584906,0.3512506652,0.3512506652,1.5,5,1048.3965184882,27.7825077399,Calibration fitted; not prospectively validated,2026-10-07T16:50:50Z,2026-10-11T20:05:00Z,Sun 4:05 PM ET,Los Angeles Chargers,Denver Broncos,,QB
d1d408fdfd272046fb517fe992a1c5a0,Denver Broncos @ Los Angeles Chargers,Justin Herbert,bovada,Bovada,pass_attempts,Passing attempts,over,30.5,-105,32.5454278749,0.5625,0.0,0.512195122,0.4796954315,0.4796954315,30.5,3,503.0487804878,9.8214285714,Calibration fitted; not prospectively validated,2026-10-07T16:49:46Z,2026-10-11T20:05:00Z,Sun 4:05 PM ET,Los Angeles Chargers,Denver Broncos,"{""version"":""nfl-projection-trace-1"",""current_sample"":[{""season"":2026,""week"":1,""opponent_team"":""ARI"",""attempts"":27,""completions"":17,""passing_yards"":209},{""season"":2026,""week"":2,""opponent_team"":""LV"",""attempts"":27,""completions"":15,""passing_yards"":192},{""season"":2026,""week"":3,""opponent_team"":""BUF"",""attempts"":34,""completions"":20,""passing_yards"":226},{""season"":2026,""week"":4,""opponent_team"":""SEA"",""attempts"":31,""completions"":19,""passing_yards"":189}],""recent_mean_weight"":0.5,""yards_per_completion_recent_weight"":0.5,""career_baselines"":{""attempts"":{""mean"":32.483584,""games"":98,""position_pool_mean"":27.838228},""yards_per_completion"":{""mean"":11.02615,""games"":98,""position_pool_mean"":10.96096}},""attempts"":31.835388,""completion_rate"":0.601837,""yards_per_completion"":10.840105,""limitations"":[""Appearance totals do not distinguish partial games from normal starter workloads."",""Completion rate uses recent games without career shrinkage."",""Variance omits completion-rate uncertainty and dependence among components.""],""mean_stages"":{""before_adjustments"":31.835388,""after_defense"":32.545428,""after_venue"":32.545428,""final"":32.545428},""sigma"":7.551924,""opponent"":{""team"":""DEN"",""kind"":""pass"",""rating"":0.925655,""rank"":22,""of"":32,""allowed"":245.25,""league"":234.585938,""games"":4,""season"":2026},""home"":true,""versus"":{""team"":""DEN"",""values"":[43.0,33.0,44.0,31.0,57.0,37.0,17.0,34.0,31.0,47.0],""home"":[false,true,false,true,true,false,true,false,true,true],""since"":""2020 Wk 8"",""note"":""History only, not a model input. In our backtests, results against one opponent did not predict the next meeting beyond a player\u2019s overall form.""}}",QB
d1d408fdfd272046fb517fe992a1c5a0,Denver Broncos @ Los Angeles Chargers,Bo Nix,bovada,Bovada,pass_tds,Passing touchdowns,over,1.5,105,1.1925,0.5,0.0,0.487804878,0.4592085979,0.4537429043,1.5,5,121.9512195122,2.5,Calibration fitted; not prospectively validated,2026-10-07T16:49:46Z,2026-10-11T20:05:00Z,Sun 4:05 PM ET,Los Angeles Chargers,Denver Broncos,,QB
d1d408fdfd272046fb517fe992a1c5a0,Denver Broncos @ Los Angeles Chargers,Justin Herbert,bovada,Bovada,pass_tds,Passing touchdowns,over,1.5,165,1.046,0.4821981424,0.0,0.3773584906,0.3543743079,0.3512506652,1.5,5,1048.3965184882,27.7825077399,Calibration fitted; not prospectively validated,2026-10-07T16:49:46Z,2026-10-11T20:05:00Z,Sun 4:05 PM ET,Los Angeles Chargers,Denver Broncos,,QB
d1d408fdfd272046fb517fe992a1c5a0,Denver Broncos @ Los Angeles Chargers,RJ Harvey,draftkings,DraftKings,receptions,Receptions,over,4.5,126,4.7813936152,0.5408805031,0.0,0.4424778761,0.4176935634,0.4176935634,4.5,3,984.0262703846,22.2389937107,Calibration fitted; not prospectively validated,2026-10-07T16:50:20Z,2026-10-11T20:05:00Z,Sun 4:05 PM ET,Los Angeles Chargers,Denver Broncos,"{""version"":""nfl-projection-trace-1"",""family"":""receive"",""current_sample"":[{""season"":2026,""week"":1,""opponent_team"":""KC"",""targets"":4,""receptions"":4,""receiving_yards"":23},{""season"":2026,""week"":3,""opponent_team"":""LA"",""targets"":7,""receptions"":6,""receiving_yards"":41},{""season"":2026,""week"":4,""opponent_team"":""SF"",""targets"":10,""receptions"":10,""receiving_yards"":68}],""recent_mean_weight"":0.428571,""targets"":5.166708,""catch_rate"":0.95,""yards_per_reception"":6.994608,""mean_stages"":{""before_adjustments"":4.908373,""after_defense"":4.815099,""after_venue"":4.781394,""final"":4.781394},""sigma"":1.946966,""opponent"":{""team"":""LAC"",""kind"":""pass"",""rating"":1.063343,""rank"":14,""of"":32,""allowed"":225.5,""league"":234.585938,""games"":4,""season"":2026},""home"":false,""versus"":{""team"":""LAC"",""values"":[3.0,1.0],""home"":[false,true],""since"":""2025 Wk 3"",""note"":""History only, not a model input. In our backtests, results against one opponent did not predict the next meeting beyond a player\u2019s overall form.""}}",RB
d1d408fdfd272046fb517fe992a1c5a0,Denver Broncos @ Los Angeles Chargers,Evan Engram,draftkings,DraftKings,receptions,Receptions,over,2.5,128,2.2042920238,0.4524271845,0.0,0.4385964912,0.4138449962,0.4170324846,2.5,3,138.3069323795,3.1533980583,Calibration fitted; not prospectively validated,2026-10-07T16:50:20Z,2026-10-11T20:05:00Z,Sun 4:05 PM ET,Los Angeles Chargers,Denver Broncos,"{""version"":""nfl-projection-trace-1"",""family"":""receive"",""current_sample"":[{""season"":2026,""week"":1,""opponent_team"":""KC"",""targets"":5,""receptions"":4,""receiving_yards"":43},{""season"":2026,""week"":2,""opponent_team"":""JAX"",""targets"":1,""receptions"":1,""receiving_yards"":17},{""season"":2026,""week"":3,""opponent_team"":""LA"",""targets"":2,""receptions"":0,""receiving_yards"":0},{""season"":2026,""week"":4,""opponent_team"":""SF"",""targets"":5,""receptions"":1,""receiving_yards"":6}],""recent_mean_weight"":0.5,""targets"":4.525662,""catch_rate"":0.5,""yards_per_reception"":9.342873,""mean_stages"":{""before_adjustments"":2.262831,""after_defense"":2.219831,""after_venue"":2.204292,""final"":2.204292},""sigma"":1.213042,""opponent"":{""team"":""LAC"",""kind"":""pass"",""rating"":1.063343,""rank"":14,""of"":32,""allowed"":225.5,""league"":234.585938,""games"":4,""season"":2026},""home"":false,""versus"":{""team"":""LAC"",""values"":[1.0,1.0,7.0,3.0],""home"":[false,false,true,true],""since"":""2021 Wk 14"",""note"":""History only, not a model input. In our backtests, results against one opponent did not predict the next meeting beyond a player\u2019s overall form.""}}",TE
d1d408fdfd272046fb517fe992a1c5a0,Denver Broncos @ Los Angeles Chargers,Troy Franklin,draftkings,DraftKings,receptions,Receptions,over,1.5,-102,2.3410130389,0.5475728155,0.0,0.504950495,0.4761410788,0.4779182552,1.5,4,426.2232048448,8.4408909195,Calibration fitted; not prospectively validated,2026-10-07T16:50:20Z,2026-10-11T20:05:00Z,Sun 4:05 PM ET,Los Angeles Chargers,Denver Broncos,"{""version"":""nfl-projection-trace-1"",""family"":""receive"",""current_sample"":[{""season"":2026,""week"":1,""opponent_team"":""KC"",""targets"":1,""receptions"":0,""receiving_yards"":0},{""season"":2026,""week"":2,""opponent_team"":""JAX"",""targets"":2,""receptions"":1,""receiving_yards"":27},{""season"":2026,""week"":3,""opponent_team"":""LA"",""targets"":1,""receptions"":1,""receiving_yards"":21}],""recent_mean_weight"":0.428571,""targets"":3.124138,""catch_rate"":0.769231,""yards_per_reception"":15.351835,""mean_stages"":{""before_adjustments"":2.403183,""after_defense"":2.357516,""after_venue"":2.341013,""final"":2.341013},""sigma"":1.836896,""opponent"":{""team"":""LAC"",""kind"":""pass"",""rating"":1.063343,""rank"":14,""of"":32,""allowed"":225.5,""league"":234.585938,""games"":4,""season"":2026},""home"":false,""versus"":{""team"":""LAC"",""values"":[2.0,2.0,2.0,0.0],""home"":[true,false,false,true],""since"":""2024 Wk 6"",""note"":""History only, not a model input. In our backtests, results against one opponent did not predict the next meeting beyond a player\u2019s overall form.""}}",WR
d1d408fdfd272046fb517fe992a1c5a0,Denver Broncos @ Los Angeles Chargers,Marvin Mims,draftkings,DraftKings,receptions,Receptions,over,1.5,116,1.5258040336,0.5408805031,0.0,0.462962963,0.4368658399,0.4433764507,1.5,4,779.1754018169,16.8301886792,Calibration fitted; not prospectively validated,2026-10-07T16:50:20Z,2026-10-11T20:05:00Z,Sun 4:05 PM ET,Los Angeles Chargers,Denver Broncos,"{""version"":""nfl-projection-trace-1"",""family"":""receive"",""current_sample"":[{""season"":2026,""week"":1,""opponent_team"":""KC"",""targets"":0,""receptions"":0,""receiving_yards"":0},{""season"":2026,""week"":4,""opponent_team"":""SF"",""targets"":3,""receptions"":1,""receiving_yards"":10}],""recent_mean_weight"":0.333333,""targets"":3.132649,""catch_rate"":0.5,""yards_per_reception"":11.428154,""mean_stages"":{""before_adjustments"":1.566325,""after_defense"":1.53656,""after_venue"":1.525804,""final"":1.525804},""sigma"":1.224208,""opponent"":{""team"":""LAC"",""kind"":""pass"",""rating"":1.063343,""rank"":14,""of"":32,""allowed"":225.5,""league"":234.585938,""games"":4,""season"":2026},""home"":false,""versus"":{""team"":""LAC"",""values"":[2.0,0.0,3.0,1.0,2.0],""home"":[false,true,false,false,true],""since"":""2023 Wk 14"",""note"":""History only, not a model input. In our backtests, results against one opponent did not predict the next meeting beyond a player\u2019s overall form.""}}",WR
d1d408fdfd272046fb517fe992a1c5a0,Denver Broncos @ Los Angeles Chargers,Keaton Mitchell,draftkings,DraftKings,rush_yds,Rushing yards,over,28.5,-111,40.1687135041,0.5647668394,0.0,0.5260663507,0.4978941162,0.4989470581,29.5,2,387.0048866734,7.3565793773,Calibration fitted; not prospectively validated,2026-10-07T16:50:20Z,2026-10-11T20:05:00Z,Sun 4:05 PM ET,Los Angeles Chargers,Denver Broncos,"{""version"":""nfl-projection-trace-1"",""family"":""rush"",""current_sample"":[{""season"":2026,""week"":1,""opponent_team"":""ARI"",""carries"":4,""rushing_yards"":9},{""season"":2026,""week"":2,""opponent_team"":""LV"",""carries"":5,""rushing_yards"":24},{""season"":2026,""week"":3,""opponent_team"":""BUF"",""carries"":8,""rushing_yards"":52},{""season"":2026,""week"":4,""opponent_team"":""SEA"",""carries"":10,""rushing_yards"":39}],""recent_mean_weight"":0.5,""carries"":7.640144,""yards_per_carry"":4.666596,""mean_stages"":{""before_adjustments"":35.653465,""after_defense"":39.227259,""after_venue"":40.168714,""final"":40.168714},""sigma"":25.436855,""opponent"":{""team"":""DEN"",""kind"":""rush"",""rating"":0.665877,""rank"":29,""of"":32,""allowed"":142.75,""league"":111.390625,""games"":4,""season"":2026},""home"":true,""versus"":null}",RB
d1d408fdfd272046fb517fe992a1c5a0,Denver Broncos @ Los Angeles Chargers,Evan Engram,fanduel,FanDuel,receptions,Receptions,over,2.5,124,2.2042920238,0.4524271845,0.0,0.4464285714,0.4170324846,0.4170324846,2.5,3,59.9861303745,1.3436893204,Calibration fitted; not prospectively validated,2026-10-07T16:51:51Z,2026-10-11T20:05:00Z,Sun 4:05 PM ET,Los Angeles Chargers,Denver Broncos,"{""version"":""nfl-projection-trace-1"",""family"":""receive"",""current_sample"":[{""season"":2026,""week"":1,""opponent_team"":""KC"",""targets"":5,""receptions"":4,""receiving_yards"":43},{""season"":2026,""week"":2,""opponent_team"":""JAX"",""targets"":1,""receptions"":1,""receiving_yards"":17},{""season"":2026,""week"":3,""opponent_team"":""LA"",""targets"":2,""receptions"":0,""receiving_yards"":0},{""season"":2026,""week"":4,""opponent_team"":""SF"",""targets"":5,""receptions"":1,""receiving_yards"":6}],""recent_mean_weight"":0.5,""targets"":4.525662,""catch_rate"":0.5,""yards_per_reception"":9.342873,""mean_stages"":{""before_adjustments"":2.262831,""after_defense"":2.219831,""after_venue"":2.204292,""final"":2.204292},""sigma"":1.213042,""opponent"":{""team"":""LAC"",""kind"":""pass"",""rating"":1.063343,""rank"":14,""of"":32,""allowed"":225.5,""league"":234.585938,""games"":4,""season"":2026},""home"":false,""versus"":{""team"":""LAC"",""values"":[1.0,1.0,7.0,3.0],""home"":[false,false,true,true],""since"":""2021 Wk 14"",""note"":""History only, not a model input. In our backtests, results against one opponent did not predict the next meeting beyond a player\u2019s overall form.""}}",TE
d1d408fdfd272046fb517fe992a1c5a0,Denver Broncos @ Los Angeles Chargers,Marvin Mims,fanduel,FanDuel,receptions,Receptions,over,1.5,106,1.5258040336,0.5408805031,0.0,0.4854368932,0.4542013626,0.4433764507,1.5,4,554.4360994077,11.4213836478,Calibration fitted; not prospectively validated,2026-10-07T16:51:51Z,2026-10-11T20:05:00Z,Sun 4:05 PM ET,Los Angeles Chargers,Denver Broncos,"{""version"":""nfl-projection-trace-1"",""family"":""receive"",""current_sample"":[{""season"":2026,""week"":1,""opponent_team"":""KC"",""targets"":0,""receptions"":0,""receiving_yards"":0},{""season"":2026,""week"":4,""opponent_team"":""SF"",""targets"":3,""receptions"":1,""receiving_yards"":10}],""recent_mean_weight"":0.333333,""targets"":3.132649,""catch_rate"":0.5,""yards_per_reception"":11.428154,""mean_stages"":{""before_adjustments"":1.566325,""after_defense"":1.53656,""after_venue"":1.525804,""final"":1.525804},""sigma"":1.224208,""opponent"":{""team"":""LAC"",""kind"":""pass"",""rating"":1.063343,""rank"":14,""of"":32,""allowed"":225.5,""league"":234.585938,""games"":4,""season"":2026},""home"":false,""versus"":{""team"":""LAC"",""values"":[2.0,0.0,3.0,1.0,2.0],""home"":[false,true,false,false,true],""since"":""2023 Wk 14"",""note"":""History only, not a model input. In our backtests, results against one opponent did not predict the next meeting beyond a player\u2019s overall form.""}}",WR
d1d408fdfd272046fb517fe992a1c5a0,Denver Broncos @ Los Angeles Chargers,Troy Franklin,fanduel,FanDuel,receptions,Receptions,over,1.5,-114,2.3410130389,0.5475728155,0.0,0.5327102804,0.5,0.4779182552,1.5,4,148.6253516015,2.7899846704,Calibration fitted; not prospectively validated,2026-10-07T16:51:51Z,2026-10-11T20:05:00Z,Sun 4:05 PM ET,Los Angeles Chargers,Denver Broncos,"{""version"":""nfl-projection-trace-1"",""family"":""receive"",""current_sample"":[{""season"":2026,""week"":1,""opponent_team"":""KC"",""targets"":1,""receptions"":0,""receiving_yards"":0},{""season"":2026,""week"":2,""opponent_team"":""JAX"",""targets"":2,""receptions"":1,""receiving_yards"":27},{""season"":2026,""week"":3,""opponent_team"":""LA"",""targets"":1,""receptions"":1,""receiving_yards"":21}],""recent_mean_weight"":0.428571,""targets"":3.124138,""catch_rate"":0.769231,""yards_per_reception"":15.351835,""mean_stages"":{""before_adjustments"":2.403183,""after_defense"":2.357516,""after_venue"":2.341013,""final"":2.341013},""sigma"":1.836896,""opponent"":{""team"":""LAC"",""kind"":""pass"",""rating"":1.063343,""rank"":14,""of"":32,""allowed"":225.5,""league"":234.585938,""games"":4,""season"":2026},""home"":false,""versus"":{""team"":""LAC"",""values"":[2.0,2.0,2.0,0.0],""home"":[true,false,false,true],""since"":""2024 Wk 6"",""note"":""History only, not a model input. In our backtests, results against one opponent did not predict the next meeting beyond a player\u2019s overall form.""}}",WR
d1d408fdfd272046fb517fe992a1c5a0,Denver Broncos @ Los Angeles Chargers,RJ Harvey,fanduel,FanDuel,receptions,Receptions,under,3.5,130,4.7813936152,0.4524271845,0.0,0.4347826087,0.4064075942,0.4064075942,4.5,1,176.4457577037,4.0582524272,Calibration fitted; not prospectively validated,2026-10-07T16:51:51Z,2026-10-11T20:05:00Z,Sun 4:05 PM ET,Los Angeles Chargers,Denver Broncos,"{""version"":""nfl-projection-trace-1"",""family"":""receive"",""current_sample"":[{""season"":2026,""week"":1,""opponent_team"":""KC"",""targets"":4,""receptions"":4,""receiving_yards"":23},{""season"":2026,""week"":3,""opponent_team"":""LA"",""targets"":7,""receptions"":6,""receiving_yards"":41},{""season"":2026,""week"":4,""opponent_team"":""SF"",""targets"":10,""receptions"":10,""receiving_yards"":68}],""recent_mean_weight"":0.428571,""targets"":5.166708,""catch_rate"":0.95,""yards_per_reception"":6.994608,""mean_stages"":{""before_adjustments"":4.908373,""after_defense"":4.815099,""after_venue"":4.781394,""final"":4.781394},""sigma"":1.946966,""opponent"":{""team"":""LAC"",""kind"":""pass"",""rating"":1.063343,""rank"":14,""of"":32,""allowed"":225.5,""league"":234.585938,""games"":4,""season"":2026},""home"":false,""versus"":{""team"":""LAC"",""values"":[3.0,1.0],""home"":[false,true],""since"":""2025 Wk 3"",""note"":""History only, not a model input. In our backtests, results against one opponent did not predict the next meeting beyond a player\u2019s overall form.""}}",RB
d1d408fdfd272046fb517fe992a1c5a0,Denver Broncos @ Los Angeles Chargers,Jaylen Waddle,fanduel,FanDuel,receptions,Receptions,under,4.5,-114,4.0588979343,0.5475728155,0.0,0.5327102804,0.5,0.5308143245,4.5,4,148.6253516015,2.7899846704,Calibration fitted; not prospectively validated,2026-10-07T16:51:51Z,2026-10-11T20:05:00Z,Sun 4:05 PM ET,Los Angeles Chargers,Denver Broncos,"{""version"":""nfl-projection-trace-1"",""family"":""receive"",""current_sample"":[{""season"":2026,""week"":1,""opponent_team"":""KC"",""targets"":3,""receptions"":1,""receiving_yards"":2},{""season"":2026,""week"":2,""opponent_team"":""JAX"",""targets"":10,""receptions"":8,""receiving_yards"":138},{""season"":2026,""week"":3,""opponent_team"":""LA"",""targets"":7,""receptions"":2,""receiving_yards"":10},{""season"":2026,""week"":4,""opponent_team"":""SF"",""targets"":6,""receptions"":5,""receiving_yards"":35}],""recent_mean_weight"":0.5,""targets"":6.16864,""catch_rate"":0.675463,""yards_per_reception"":10.544852,""mean_stages"":{""before_adjustments"":4.16669,""after_defense"":4.087511,""after_venue"":4.058898,""final"":4.058898},""sigma"":1.67762,""opponent"":{""team"":""LAC"",""kind"":""pass"",""rating"":1.063343,""rank"":14,""of"":32,""allowed"":225.5,""league"":234.585938,""games"":4,""season"":2026},""home"":false,""versus"":{""team"":""LAC"",""values"":[2.0,4.0,6.0],""home"":[false,false,true],""since"":""2022 Wk 14"",""note"":""History only, not a model input. In our backtests, results against one opponent did not predict the next meeting beyond a player\u2019s overall form.""}}",WR
d1d408fdfd272046fb517fe992a1c5a0,Denver Broncos @ Los Angeles Chargers,Marvin Mims,betonlineag,BetOnline.ag,receptions,Receptions,over,1.5,109,1.5258040336,0.5408805031,0.0,0.4784688995,0.4498870615,0.4433764507,1.5,4,624.1160362312,13.0440251572,Calibration fitted; not prospectively validated,2026-10-07T16:51:25Z,2026-10-11T20:05:00Z,Sun 4:05 PM ET,Los Angeles Chargers,Denver Broncos,"{""version"":""nfl-projection-trace-1"",""family"":""receive"",""current_sample"":[{""season"":2026,""week"":1,""opponent_team"":""KC"",""targets"":0,""receptions"":0,""receiving_yards"":0},{""season"":2026,""week"":4,""opponent_team"":""SF"",""targets"":3,""receptions"":1,""receiving_yards"":10}],""recent_mean_weight"":0.333333,""targets"":3.132649,""catch_rate"":0.5,""yards_per_reception"":11.428154,""mean_stages"":{""before_adjustments"":1.566325,""after_defense"":1.53656,""after_venue"":1.525804,""final"":1.525804},""sigma"":1.224208,""opponent"":{""team"":""LAC"",""kind"":""pass"",""rating"":1.063343,""rank"":14,""of"":32,""allowed"":225.5,""league"":234.585938,""games"":4,""season"":2026},""home"":false,""versus"":{""team"":""LAC"",""values"":[2.0,0.0,3.0,1.0,2.0],""home"":[false,true,false,false,true],""since"":""2023 Wk 14"",""note"":""History only, not a model input. In our backtests, results against one opponent did not predict the next meeting beyond a player\u2019s overall form.""}}",WR
d1d408fdfd272046fb517fe992a1c5a0,Denver Broncos @ Los Angeles Chargers,Troy Franklin,betonlineag,BetOnline.ag,receptions,Receptions,over,1.5,-102,2.3410130389,0.5475728155,0.0,0.504950495,0.4743894444,0.4779182552,1.5,4,426.2232048448,8.4408909195,Calibration fitted; not prospectively validated,2026-10-07T16:51:25Z,2026-10-11T20:05:00Z,Sun 4:05 PM ET,Los Angeles Chargers,Denver Broncos,"{""version"":""nfl-projection-trace-1"",""family"":""receive"",""current_sample"":[{""season"":2026,""week"":1,""opponent_team"":""KC"",""targets"":1,""receptions"":0,""receiving_yards"":0},{""season"":2026,""week"":2,""opponent_team"":""JAX"",""targets"":2,""receptions"":1,""receiving_yards"":27},{""season"":2026,""week"":3,""opponent_team"":""LA"",""targets"":1,""receptions"":1,""receiving_yards"":21}],""recent_mean_weight"":0.428571,""targets"":3.124138,""catch_rate"":0.769231,""yards_per_reception"":15.351835,""mean_stages"":{""before_adjustments"":2.403183,""after_defense"":2.357516,""after_venue"":2.341013,""final"":2.341013},""sigma"":1.836896,""opponent"":{""team"":""LAC"",""kind"":""pass"",""rating"":1.063343,""rank"":14,""of"":32,""allowed"":225.5,""league"":234.585938,""games"":4,""season"":2026},""home"":false,""versus"":{""team"":""LAC"",""values"":[2.0,2.0,2.0,0.0],""home"":[true,false,false,true],""since"":""2024 Wk 6"",""note"":""History only, not a model input. In our backtests, results against one opponent did not predict the next meeting beyond a player\u2019s overall form.""}}",WR
d1d408fdfd272046fb517fe992a1c5a0,Denver Broncos @ Los Angeles Chargers,RJ Harvey,betonlineag,BetOnline.ag,receptions,Receptions,over,4.5,124,4.7813936152,0.5408805031,0.0,0.4464285714,0.419857152,0.4176935634,4.5,3,944.5193171608,21.1572327044,Calibration fitted; not prospectively validated,2026-10-07T16:51:25Z,2026-10-11T20:05:00Z,Sun 4:05 PM ET,Los Angeles Chargers,Denver Broncos,"{""version"":""nfl-projection-trace-1"",""family"":""receive"",""current_sample"":[{""season"":2026,""week"":1,""opponent_team"":""KC"",""targets"":4,""receptions"":4,""receiving_yards"":23},{""season"":2026,""week"":3,""opponent_team"":""LA"",""targets"":7,""receptions"":6,""receiving_yards"":41},{""season"":2026,""week"":4,""opponent_team"":""SF"",""targets"":10,""receptions"":10,""receiving_yards"":68}],""recent_mean_weight"":0.428571,""targets"":5.166708,""catch_rate"":0.95,""yards_per_reception"":6.994608,""mean_stages"":{""before_adjustments"":4.908373,""after_defense"":4.815099,""after_venue"":4.781394,""final"":4.781394},""sigma"":1.946966,""opponent"":{""team"":""LAC"",""kind"":""pass"",""rating"":1.063343,""rank"":14,""of"":32,""allowed"":225.5,""league"":234.585938,""games"":4,""season"":2026},""home"":false,""versus"":{""team"":""LAC"",""values"":[3.0,1.0],""home"":[false,true],""since"":""2025 Wk 3"",""note"":""History only, not a model input. In our backtests, results against one opponent did not predict the next meeting beyond a player\u2019s overall form.""}}",RB
d1d408fdfd272046fb517fe992a1c5a0,Denver Broncos @ Los Angeles Chargers,Evan Engram,betonlineag,BetOnline.ag,receptions,Receptions,over,2.5,124,2.2042920238,0.4524271845,0.0,0.4464285714,0.419857152,0.4170324846,2.5,3,59.9861303745,1.3436893204,Calibration fitted; not prospectively validated,2026-10-07T16:51:25Z,2026-10-11T20:05:00Z,Sun 4:05 PM ET,Los Angeles Chargers,Denver Broncos,"{""version"":""nfl-projection-trace-1"",""family"":""receive"",""current_sample"":[{""season"":2026,""week"":1,""opponent_team"":""KC"",""targets"":5,""receptions"":4,""receiving_yards"":43},{""season"":2026,""week"":2,""opponent_team"":""JAX"",""targets"":1,""receptions"":1,""receiving_yards"":17},{""season"":2026,""week"":3,""opponent_team"":""LA"",""targets"":2,""receptions"":0,""receiving_yards"":0},{""season"":2026,""week"":4,""opponent_team"":""SF"",""targets"":5,""receptions"":1,""receiving_yards"":6}],""recent_mean_weight"":0.5,""targets"":4.525662,""catch_rate"":0.5,""yards_per_reception"":9.342873,""mean_stages"":{""before_adjustments"":2.262831,""after_defense"":2.219831,""after_venue"":2.204292,""final"":2.204292},""sigma"":1.213042,""opponent"":{""team"":""LAC"",""kind"":""pass"",""rating"":1.063343,""rank"":14,""of"":32,""allowed"":225.5,""league"":234.585938,""games"":4,""season"":2026},""home"":false,""versus"":{""team"":""LAC"",""values"":[1.0,1.0,7.0,3.0],""home"":[false,false,true,true],""since"":""2021 Wk 14"",""note"":""History only, not a model input. In our backtests, results against one opponent did not predict the next meeting beyond a player\u2019s overall form.""}}",TE
d1d408fdfd272046fb517fe992a1c5a0,Denver Broncos @ Los Angeles Chargers,RJ Harvey,betrivers,BetRivers,receptions,Receptions,over,4.5,116,4.7813936152,0.5408805031,0.0,0.462962963,,0.4176935634,4.5,3,779.1754018169,16.8301886792,Calibration fitted; not prospectively validated,2026-10-07T16:50:50Z,2026-10-11T20:05:00Z,Sun 4:05 PM ET,Los Angeles Chargers,Denver Broncos,"{""version"":""nfl-projection-trace-1"",""family"":""receive"",""current_sample"":[{""season"":2026,""week"":1,""opponent_team"":""KC"",""targets"":4,""receptions"":4,""receiving_yards"":23},{""season"":2026,""week"":3,""opponent_team"":""LA"",""targets"":7,""receptions"":6,""receiving_yards"":41},{""season"":2026,""week"":4,""opponent_team"":""SF"",""targets"":10,""receptions"":10,""receiving_yards"":68}],""recent_mean_weight"":0.428571,""targets"":5.166708,""catch_rate"":0.95,""yards_per_reception"":6.994608,""mean_stages"":{""before_adjustments"":4.908373,""after_defense"":4.815099,""after_venue"":4.781394,""final"":4.781394},""sigma"":1.946966,""opponent"":{""team"":""LAC"",""kind"":""pass"",""rating"":1.063343,""rank"":14,""of"":32,""allowed"":225.5,""league"":234.585938,""games"":4,""season"":2026},""home"":false,""versus"":{""team"":""LAC"",""values"":[3.0,1.0],""home"":[false,true],""since"":""2025 Wk 3"",""note"":""History only, not a model input. In our backtests, results against one opponent did not predict the next meeting beyond a player\u2019s overall form.""}}",RB
d1d408fdfd272046fb517fe992a1c5a0,Denver Broncos @ Los Angeles Chargers,Marvin Mims,betrivers,BetRivers,receptions,Receptions,over,1.5,-105,1.5258040336,0.5408805031,0.0,0.512195122,,0.4433764507,1.5,4,286.8538119343,5.6004791854,Calibration fitted; not prospectively validated,2026-10-07T16:50:50Z,2026-10-11T20:05:00Z,Sun 4:05 PM ET,Los Angeles Chargers,Denver Broncos,"{""version"":""nfl-projection-trace-1"",""family"":""receive"",""current_sample"":[{""season"":2026,""week"":1,""opponent_team"":""KC"",""targets"":0,""receptions"":0,""receiving_yards"":0},{""season"":2026,""week"":4,""opponent_team"":""SF"",""targets"":3,""receptions"":1,""receiving_yards"":10}],""recent_mean_weight"":0.333333,""targets"":3.132649,""catch_rate"":0.5,""yards_per_reception"":11.428154,""mean_stages"":{""before_adjustments"":1.566325,""after_defense"":1.53656,""after_venue"":1.525804,""final"":1.525804},""sigma"":1.224208,""opponent"":{""team"":""LAC"",""kind"":""pass"",""rating"":1.063343,""rank"":14,""of"":32,""allowed"":225.5,""league"":234.585938,""games"":4,""season"":2026},""home"":false,""versus"":{""team"":""LAC"",""values"":[2.0,0.0,3.0,1.0,2.0],""home"":[false,true,false,false,true],""since"":""2023 Wk 14"",""note"":""History only, not a model input. In our backtests, results against one opponent did not predict the next meeting beyond a player\u2019s overall form.""}}",WR
d1d408fdfd272046fb517fe992a1c5a0,Denver Broncos @ Los Angeles Chargers,Troy Franklin,betrivers,BetRivers,receptions,Receptions,over,1.5,-110,2.3410130389,0.5475728155,0.0,0.5238095238,,0.4779182552,1.5,4,237.6329172446,4.5366284201,Calibration fitted; not prospectively validated,2026-10-07T16:50:50Z,2026-10-11T20:05:00Z,Sun 4:05 PM ET,Los Angeles Chargers,Denver Broncos,"{""version"":""nfl-projection-trace-1"",""family"":""receive"",""current_sample"":[{""season"":2026,""week"":1,""opponent_team"":""KC"",""targets"":1,""receptions"":0,""receiving_yards"":0},{""season"":2026,""week"":2,""opponent_team"":""JAX"",""targets"":2,""receptions"":1,""receiving_yards"":27},{""season"":2026,""week"":3,""opponent_team"":""LA"",""targets"":1,""receptions"":1,""receiving_yards"":21}],""recent_mean_weight"":0.428571,""targets"":3.124138,""catch_rate"":0.769231,""yards_per_reception"":15.351835,""mean_stages"":{""before_adjustments"":2.403183,""after_defense"":2.357516,""after_venue"":2.341013,""final"":2.341013},""sigma"":1.836896,""opponent"":{""team"":""LAC"",""kind"":""pass"",""rating"":1.063343,""rank"":14,""of"":32,""allowed"":225.5,""league"":234.585938,""games"":4,""season"":2026},""home"":false,""versus"":{""team"":""LAC"",""values"":[2.0,2.0,2.0,0.0],""home"":[true,false,false,true],""since"":""2024 Wk 6"",""note"":""History only, not a model input. In our backtests, results against one opponent did not predict the next meeting beyond a player\u2019s overall form.""}}",WR
d1d408fdfd272046fb517fe992a1c5a0,Denver Broncos @ Los Angeles Chargers,RJ Harvey,betrivers,BetRivers,rush_yds,Rushing yards,over,15.5,-120,26.231993149,0.5647668394,0.0,0.5454545455,0.5101214575,0.5101214575,17.5,1,193.1229392369,3.5405872193,Calibration fitted; not prospectively validated,2026-10-07T16:50:50Z,2026-10-11T20:05:00Z,Sun 4:05 PM ET,Los Angeles Chargers,Denver Broncos,"{""version"":""nfl-projection-trace-1"",""family"":""rush"",""current_sample"":[{""season"":2026,""week"":1,""opponent_team"":""KC"",""carries"":3,""rushing_yards"":18},{""season"":2026,""week"":3,""opponent_team"":""LA"",""carries"":2,""rushing_yards"":6},{""season"":2026,""week"":4,""opponent_team"":""SF"",""carries"":7,""rushing_yards"":25}],""recent_mean_weight"":0.428571,""carries"":6.834383,""yards_per_carry"":3.806576,""mean_stages"":{""before_adjustments"":26.015597,""after_defense"":26.877042,""after_venue"":26.231993,""final"":26.231993},""sigma"":24.45855,""opponent"":{""team"":""LAC"",""kind"":""rush"",""rating"":0.889624,""rank"":22,""of"":32,""allowed"":121.75,""league"":111.390625,""games"":4,""season"":2026},""home"":false,""versus"":{""team"":""LAC"",""values"":[2.0,28.0],""home"":[false,true],""since"":""2025 Wk 3"",""note"":""History only, not a model input. In our backtests, results against one opponent did not predict the next meeting beyond a player\u2019s overall form.""}}",RB
d1d408fdfd272046fb517fe992a1c5a0,Denver Broncos @ Los Angeles Chargers,Troy Franklin,fanatics,Fanatics,recv_yds,Receiving yards,under,15.5,105,35.6855015759,0.4985632184,0.0,0.487804878,0.4554079696,0.4554079696,17.5,1,107.5834034202,2.2054597701,Calibration fitted; not prospectively validated,2026-10-07T16:51:13Z,2026-10-11T20:05:00Z,Sun 4:05 PM ET,Los Angeles Chargers,Denver Broncos,"{""version"":""nfl-projection-trace-1"",""family"":""receive"",""current_sample"":[{""season"":2026,""week"":1,""opponent_team"":""KC"",""targets"":1,""receptions"":0,""receiving_yards"":0},{""season"":2026,""week"":2,""opponent_team"":""JAX"",""targets"":2,""receptions"":1,""receiving_yards"":27},{""season"":2026,""week"":3,""opponent_team"":""LA"",""targets"":1,""receptions"":1,""receiving_yards"":21}],""recent_mean_weight"":0.428571,""targets"":3.124138,""catch_rate"":0.769231,""yards_per_reception"":15.351835,""mean_stages"":{""before_adjustments"":36.893271,""after_defense"":36.192192,""after_venue"":35.685502,""final"":35.685502},""sigma"":31.672308,""opponent"":{""team"":""LAC"",""kind"":""pass"",""rating"":1.063343,""rank"":14,""of"":32,""allowed"":225.5,""league"":234.585938,""games"":4,""season"":2026},""home"":false,""versus"":{""team"":""LAC"",""values"":[31.0,25.0,8.0,0.0],""home"":[true,false,false,true],""since"":""2024 Wk 6"",""note"":""History only, not a model input. In our backtests, results against one opponent did not predict the next meeting beyond a player\u2019s overall form.""}}",WR
d1d408fdfd272046fb517fe992a1c5a0,Denver Broncos @ Los Angeles Chargers,Marvin Mims,bovada,Bovada,receptions,Receptions,over,1.5,115,1.5258040336,0.5408805031,0.0,0.4651162791,0.4366812227,0.4433764507,1.5,4,757.6422407489,16.2893081761,Calibration fitted; not prospectively validated,2026-10-07T16:49:46Z,2026-10-11T20:05:00Z,Sun 4:05 PM ET,Los Angeles Chargers,Denver Broncos,"{""version"":""nfl-projection-trace-1"",""family"":""receive"",""current_sample"":[{""season"":2026,""week"":1,""opponent_team"":""KC"",""targets"":0,""receptions"":0,""receiving_yards"":0},{""season"":2026,""week"":4,""opponent_team"":""SF"",""targets"":3,""receptions"":1,""receiving_yards"":10}],""recent_mean_weight"":0.333333,""targets"":3.132649,""catch_rate"":0.5,""yards_per_reception"":11.428154,""mean_stages"":{""before_adjustments"":1.566325,""after_defense"":1.53656,""after_venue"":1.525804,""final"":1.525804},""sigma"":1.224208,""opponent"":{""team"":""LAC"",""kind"":""pass"",""rating"":1.063343,""rank"":14,""of"":32,""allowed"":225.5,""league"":234.585938,""games"":4,""season"":2026},""home"":false,""versus"":{""team"":""LAC"",""values"":[2.0,0.0,3.0,1.0,2.0],""home"":[false,true,false,false,true],""since"":""2023 Wk 14"",""note"":""History only, not a model input. In our backtests, results against one opponent did not predict the next meeting beyond a player\u2019s overall form.""}}",WR
d1d408fdfd272046fb517fe992a1c5a0,Denver Broncos @ Los Angeles Chargers,RJ Harvey,bovada,Bovada,receptions,Receptions,over,4.5,125,4.7813936152,0.5408805031,0.0,0.4444444444,0.416502947,0.4176935634,4.5,3,964.3605870021,21.6981132075,Calibration fitted; not prospectively validated,2026-10-07T16:49:46Z,2026-10-11T20:05:00Z,Sun 4:05 PM ET,Los Angeles Chargers,Denver Broncos,"{""version"":""nfl-projection-trace-1"",""family"":""receive"",""current_sample"":[{""season"":2026,""week"":1,""opponent_team"":""KC"",""targets"":4,""receptions"":4,""receiving_yards"":23},{""season"":2026,""week"":3,""opponent_team"":""LA"",""targets"":7,""receptions"":6,""receiving_yards"":41},{""season"":2026,""week"":4,""opponent_team"":""SF"",""targets"":10,""receptions"":10,""receiving_yards"":68}],""recent_mean_weight"":0.428571,""targets"":5.166708,""catch_rate"":0.95,""yards_per_reception"":6.994608,""mean_stages"":{""before_adjustments"":4.908373,""after_defense"":4.815099,""after_venue"":4.781394,""final"":4.781394},""sigma"":1.946966,""opponent"":{""team"":""LAC"",""kind"":""pass"",""rating"":1.063343,""rank"":14,""of"":32,""allowed"":225.5,""league"":234.585938,""games"":4,""season"":2026},""home"":false,""versus"":{""team"":""LAC"",""values"":[3.0,1.0],""home"":[false,true],""since"":""2025 Wk 3"",""note"":""History only, not a model input. In our backtests, results against one opponent did not predict the next meeting beyond a player\u2019s overall form.""}}",RB
d1d408fdfd272046fb517fe992a1c5a0,Denver Broncos @ Los Angeles Chargers,Troy Franklin,bovada,Bovada,receptions,Receptions,over,1.5,-105,2.3410130389,0.5475728155,0.0,0.512195122,0.4796954315,0.4779182552,1.5,4,353.7769358276,6.907073509,Calibration fitted; not prospectively validated,2026-10-07T16:49:46Z,2026-10-11T20:05:00Z,Sun 4:05 PM ET,Los Angeles Chargers,Denver Broncos,"{""version"":""nfl-projection-trace-1"",""family"":""receive"",""current_sample"":[{""season"":2026,""week"":1,""opponent_team"":""KC"",""targets"":1,""receptions"":0,""receiving_yards"":0},{""season"":2026,""week"":2,""opponent_team"":""JAX"",""targets"":2,""receptions"":1,""receiving_yards"":27},{""season"":2026,""week"":3,""opponent_team"":""LA"",""targets"":1,""receptions"":1,""receiving_yards"":21}],""recent_mean_weight"":0.428571,""targets"":3.124138,""catch_rate"":0.769231,""yards_per_reception"":15.351835,""mean_stages"":{""before_adjustments"":2.403183,""after_defense"":2.357516,""after_venue"":2.341013,""final"":2.341013},""sigma"":1.836896,""opponent"":{""team"":""LAC"",""kind"":""pass"",""rating"":1.063343,""rank"":14,""of"":32,""allowed"":225.5,""league"":234.585938,""games"":4,""season"":2026},""home"":false,""versus"":{""team"":""LAC"",""values"":[2.0,2.0,2.0,0.0],""home"":[true,false,false,true],""since"":""2024 Wk 6"",""note"":""History only, not a model input. In our backtests, results against one opponent did not predict the next meeting beyond a player\u2019s overall form.""}}",WR
d1d408fdfd272046fb517fe992a1c5a0,Denver Broncos @ Los Angeles Chargers,Keaton Mitchell,bovada,Bovada,rush_yds,Rushing yards,over,28.5,-115,40.1687135041,0.5647668394,0.0,0.5348837209,0.5,0.4989470581,29.5,2,298.8311844801,5.5868438838,Calibration fitted; not prospectively validated,2026-10-07T16:49:46Z,2026-10-11T20:05:00Z,Sun 4:05 PM ET,Los Angeles Chargers,Denver Broncos,"{""version"":""nfl-projection-trace-1"",""family"":""rush"",""current_sample"":[{""season"":2026,""week"":1,""opponent_team"":""ARI"",""carries"":4,""rushing_yards"":9},{""season"":2026,""week"":2,""opponent_team"":""LV"",""carries"":5,""rushing_yards"":24},{""season"":2026,""week"":3,""opponent_team"":""BUF"",""carries"":8,""rushing_yards"":52},{""season"":2026,""week"":4,""opponent_team"":""SEA"",""carries"":10,""rushing_yards"":39}],""recent_mean_weight"":0.5,""carries"":7.640144,""yards_per_carry"":4.666596,""mean_stages"":{""before_adjustments"":35.653465,""after_defense"":39.227259,""after_venue"":40.168714,""final"":40.168714},""sigma"":25.436855,""opponent"":{""team"":""DEN"",""kind"":""rush"",""rating"":0.665877,""rank"":29,""of"":32,""allowed"":142.75,""league"":111.390625,""games"":4,""season"":2026},""home"":true,""versus"":null}",RB
f8e7f43f73aa983c5c99c189587f0118,Detroit Lions @ Arizona Cardinals,Jared Goff,draftkings,DraftKings,pass_tds,Passing touchdowns,over,2.5,145,2.1465,0.5,0.0,0.4081632653,0.3856006472,0.3762658793,2.5,6,918.3673469388,22.5,Calibration fitted; not prospectively validated,2026-10-07T16:51:01Z,2026-10-11T20:25:00Z,Sun 4:25 PM ET,Arizona Cardinals,Detroit Lions,,QB
f8e7f43f73aa983c5c99c189587f0118,Detroit Lions @ Arizona Cardinals,Jacoby Brissett,draftkings,DraftKings,pass_tds,Passing touchdowns,under,1.5,106,1.569,0.5,0.0,0.4854368932,0.4580003898,0.4598158977,1.5,6,145.6310679612,3.0,Calibration fitted; not prospectively validated,2026-10-07T16:51:01Z,2026-10-11T20:25:00Z,Sun 4:25 PM ET,Arizona Cardinals,Detroit Lions,,QB
f8e7f43f73aa983c5c99c189587f0118,Detroit Lions @ Arizona Cardinals,Jared Goff,fanduel,FanDuel,pass_tds,Passing touchdowns,over,2.5,154,2.1465,0.5,0.0,0.3937007874,0.3675598767,0.3762658793,2.5,6,1062.9921259843,27.0,Calibration fitted; not prospectively validated,2026-10-07T16:51:49Z,2026-10-11T20:25:00Z,Sun 4:25 PM ET,Arizona Cardinals,Detroit Lions,,QB
f8e7f43f73aa983c5c99c189587f0118,Detroit Lions @ Arizona Cardinals,Jacoby Brissett,betonlineag,BetOnline.ag,pass_tds,Passing touchdowns,under,1.5,104,1.569,0.5,0.0,0.4901960784,0.4604231975,0.4598158977,1.5,6,98.0392156863,2.0,Calibration fitted; not prospectively validated,2026-10-07T16:51:04Z,2026-10-11T20:25:00Z,Sun 4:25 PM ET,Arizona Cardinals,Detroit Lions,,QB
f8e7f43f73aa983c5c99c189587f0118,Detroit Lions @ Arizona Cardinals,Jared Goff,betonlineag,BetOnline.ag,pass_tds,Passing touchdowns,over,2.5,149,2.1465,0.5,0.0,0.4016064257,0.3775317586,0.3762658793,2.5,6,983.9357429719,24.5,Calibration fitted; not prospectively validated,2026-10-07T16:51:04Z,2026-10-11T20:25:00Z,Sun 4:25 PM ET,Arizona Cardinals,Detroit Lions,,QB
f8e7f43f73aa983c5c99c189587f0118,Detroit Lions @ Arizona Cardinals,Jared Goff,betrivers,BetRivers,pass_completions,Passing completions,over,24.5,102,26.5074611395,0.5,0.0,0.495049505,,,24.5,0,49.5049504951,1.0,Calibration fitted; not prospectively validated,2026-10-07T16:51:31Z,2026-10-11T20:25:00Z,Sun 4:25 PM ET,Arizona Cardinals,Detroit Lions,"{""version"":""nfl-projection-trace-1"",""current_sample"":[{""season"":2026,""week"":1,""opponent_team"":""NO"",""attempts"":39,""completions"":26,""passing_yards"":206},{""season"":2026,""week"":2,""opponent_team"":""BUF"",""attempts"":38,""completions"":26,""passing_yards"":327},{""season"":2026,""week"":3,""opponent_team"":""NYJ"",""attempts"":32,""completions"":25,""passing_yards"":269},{""season"":2026,""week"":4,""opponent_team"":""CAR"",""attempts"":52,""completions"":32,""passing_yards"":412}],""recent_mean_weight"":0.5,""yards_per_completion_recent_weight"":0.5,""career_baselines"":{""attempts"":{""mean"":32.398658,""games"":103,""position_pool_mean"":27.838228},""yards_per_completion"":{""mean"":11.394885,""games"":103,""position_pool_mean"":10.96096}},""attempts"":38.790462,""completion_rate"":0.66504,""yards_per_completion"":11.762216,""limitations"":[""Appearance totals do not distinguish partial games from normal starter workloads."",""Completion rate uses recent games without career shrinkage."",""Variance omits completion-rate uncertainty and dependence among components.""],""mean_stages"":{""before_adjustments"":25.797209,""after_defense"":26.507461,""after_venue"":26.507461,""final"":26.507461},""sigma"":6.34459,""opponent"":{""team"":""ARI"",""kind"":""pass"",""rating"":0.908226,""rank"":23,""of"":32,""allowed"":247.75,""league"":234.585938,""games"":4,""season"":2026},""home"":false,""versus"":{""team"":""ARI"",""values"":[37.0,21.0,18.0],""home"":[false,true,false],""since"":""2020 Wk 13"",""note"":""History only, not a model input. In our backtests, results against one opponent did not predict the next meeting beyond a player\u2019s overall form.""}}",QB
f8e7f43f73aa983c5c99c189587f0118,Detroit Lions @ Arizona Cardinals,Jared Goff,betrivers,BetRivers,pass_tds,Passing touchdowns,over,2.5,160,2.1465,0.5,0.0,0.3846153846,0.3587443946,0.3762658793,2.5,6,1153.8461538462,30.0,Calibration fitted; not prospectively validated,2026-10-07T16:51:31Z,2026-10-11T20:25:00Z,Sun 4:25 PM ET,Arizona Cardinals,Detroit Lions,,QB
f8e7f43f73aa983c5c99c189587f0118,Detroit Lions @ Arizona Cardinals,Jacoby Brissett,betmgm,BetMGM,pass_tds,Passing touchdowns,under,1.5,115,1.569,0.5,0.0,0.4651162791,0.4334891628,0.4598158977,1.5,6,348.8372093023,7.5,Calibration fitted; not prospectively validated,2026-10-07T16:51:32Z,2026-10-11T20:25:00Z,Sun 4:25 PM ET,Arizona Cardinals,Detroit Lions,,QB
f8e7f43f73aa983c5c99c189587f0118,Detroit Lions @ Arizona Cardinals,Jared Goff,betmgm,BetMGM,pass_tds,Passing touchdowns,over,2.5,150,2.1465,0.5,0.0,0.4,0.375,0.3762658793,2.5,6,1000.0,25.0,Calibration fitted; not prospectively validated,2026-10-07T16:51:32Z,2026-10-11T20:25:00Z,Sun 4:25 PM ET,Arizona Cardinals,Detroit Lions,,QB
f8e7f43f73aa983c5c99c189587f0118,Detroit Lions @ Arizona Cardinals,Jacoby Brissett,bovada,Bovada,pass_tds,Passing touchdowns,under,1.5,105,1.569,0.5,0.0,0.487804878,0.4592085979,0.4598158977,1.5,6,121.9512195122,2.5,Calibration fitted; not prospectively validated,2026-10-07T16:50:54Z,2026-10-11T20:25:00Z,Sun 4:25 PM ET,Arizona Cardinals,Detroit Lions,,QB
f8e7f43f73aa983c5c99c189587f0118,Detroit Lions @ Arizona Cardinals,Jared Goff,bovada,Bovada,pass_tds,Passing touchdowns,over,2.5,145,2.1465,0.5,0.0,0.4081632653,0.3838517538,0.3762658793,2.5,6,918.3673469388,22.5,Calibration fitted; not prospectively validated,2026-10-07T16:50:54Z,2026-10-11T20:25:00Z,Sun 4:25 PM ET,Arizona Cardinals,Detroit Lions,,QB
f8e7f43f73aa983c5c99c189587f0118,Detroit Lions @ Arizona Cardinals,Trey McBride,draftkings,DraftKings,receptions,Receptions,under,7.5,103,6.8647926167,0.5475728155,0.0,0.4926108374,0.4648542048,0.4579178181,7.5,4,549.6197809556,11.1572815534,Calibration fitted; not prospectively validated,2026-10-07T16:51:01Z,2026-10-11T20:25:00Z,Sun 4:25 PM ET,Arizona Cardinals,Detroit Lions,"{""version"":""nfl-projection-trace-1"",""family"":""receive"",""current_sample"":[{""season"":2026,""week"":1,""opponent_team"":""LAC"",""targets"":13,""receptions"":9,""receiving_yards"":95},{""season"":2026,""week"":2,""opponent_team"":""SEA"",""targets"":10,""receptions"":8,""receiving_yards"":41},{""season"":2026,""week"":3,""opponent_team"":""SF"",""targets"":11,""receptions"":9,""receiving_yards"":75},{""season"":2026,""week"":4,""opponent_team"":""NYG"",""targets"":12,""receptions"":7,""receiving_yards"":31}],""recent_mean_weight"":0.5,""targets"":8.889806,""catch_rate"":0.666819,""yards_per_reception"":7.815224,""mean_stages"":{""before_adjustments"":5.92789,""after_defense"":6.817073,""after_venue"":6.864793,""final"":6.864793},""sigma"":1.665142,""opponent"":{""team"":""DET"",""kind"":""pass"",""rating"":0.5,""rank"":32,""of"":32,""allowed"":327.0,""league"":234.585938,""games"":4,""season"":2026},""home"":true,""versus"":{""team"":""DET"",""values"":[3.0],""home"":[true],""since"":""2024 Wk 3"",""note"":""History only, not a model input. In our backtests, results against one opponent did not predict the next meeting beyond a player\u2019s overall form.""}}",TE
f8e7f43f73aa983c5c99c189587f0118,Detroit Lions @ Arizona Cardinals,Jahmyr Gibbs,draftkings,DraftKings,receptions,Receptions,under,4.5,-104,3.7914755578,0.5475728155,0.0,0.5098039216,0.4803247453,0.4800100884,4.5,4,377.6889396535,7.4085138163,Calibration fitted; not prospectively validated,2026-10-07T16:51:01Z,2026-10-11T20:25:00Z,Sun 4:25 PM ET,Arizona Cardinals,Detroit Lions,"{""version"":""nfl-projection-trace-1"",""family"":""receive"",""current_sample"":[{""season"":2026,""week"":1,""opponent_team"":""NO"",""targets"":5,""receptions"":5,""receiving_yards"":30},{""season"":2026,""week"":2,""opponent_team"":""BUF"",""targets"":8,""receptions"":6,""receiving_yards"":61},{""season"":2026,""week"":3,""opponent_team"":""NYJ"",""targets"":8,""receptions"":7,""receiving_yards"":65},{""season"":2026,""week"":4,""opponent_team"":""CAR"",""targets"":7,""receptions"":4,""receiving_yards"":31}],""recent_mean_weight"":0.5,""targets"":5.459073,""catch_rate"":0.680683,""yards_per_reception"":8.259435,""mean_stages"":{""before_adjustments"":3.715896,""after_defense"":3.818203,""after_venue"":3.791476,""final"":3.791476},""sigma"":1.369498,""opponent"":{""team"":""ARI"",""kind"":""pass"",""rating"":0.908226,""rank"":23,""of"":32,""allowed"":247.75,""league"":234.585938,""games"":4,""season"":2026},""home"":false,""versus"":{""team"":""ARI"",""values"":[0.0],""home"":[false],""since"":""2024 Wk 3"",""note"":""History only, not a model input. In our backtests, results against one opponent did not predict the next meeting beyond a player\u2019s overall form.""}}",RB
f8e7f43f73aa983c5c99c189587f0118,Detroit Lions @ Arizona Cardinals,Jeremiyah Love,draftkings,DraftKings,receptions,Receptions,over,2.5,-105,3.5755847456,0.5475728155,0.0,0.512195122,0.4833368048,0.4814929056,2.5,3,353.7769358276,6.907073509,Calibration fitted; not prospectively validated,2026-10-07T16:51:01Z,2026-10-11T20:25:00Z,Sun 4:25 PM ET,Arizona Cardinals,Detroit Lions,"{""version"":""nfl-projection-trace-1"",""family"":""receive"",""current_sample"":[{""season"":2026,""week"":1,""opponent_team"":""LAC"",""targets"":4,""receptions"":2,""receiving_yards"":9},{""season"":2026,""week"":2,""opponent_team"":""SEA"",""targets"":3,""receptions"":3,""receiving_yards"":16},{""season"":2026,""week"":3,""opponent_team"":""SF"",""targets"":5,""receptions"":5,""receiving_yards"":19},{""season"":2026,""week"":4,""opponent_team"":""NYG"",""targets"":1,""receptions"":1,""receiving_yards"":-8}],""recent_mean_weight"":0.5,""targets"":3.250096,""catch_rate"":0.95,""yards_per_reception"":6.0,""mean_stages"":{""before_adjustments"":3.087591,""after_defense"":3.55073,""after_venue"":3.575585,""final"":3.575585},""sigma"":2.8236,""opponent"":{""team"":""DET"",""kind"":""pass"",""rating"":0.5,""rank"":32,""of"":32,""allowed"":327.0,""league"":234.585938,""games"":4,""season"":2026},""home"":true,""versus"":null}",RB
f8e7f43f73aa983c5c99c189587f0118,Detroit Lions @ Arizona Cardinals,Kendrick Bourne,draftkings,DraftKings,receptions,Receptions,over,2.5,113,3.0992082158,0.5475728155,0.0,0.4694835681,0.4430563626,0.4422630147,2.5,4,780.8924745886,16.6330097087,Calibration fitted; not prospectively validated,2026-10-07T16:51:01Z,2026-10-11T20:25:00Z,Sun 4:25 PM ET,Arizona Cardinals,Detroit Lions,"{""version"":""nfl-projection-trace-1"",""family"":""receive"",""current_sample"":[{""season"":2026,""week"":1,""opponent_team"":""LAC"",""targets"":8,""receptions"":8,""receiving_yards"":75},{""season"":2026,""week"":2,""opponent_team"":""SEA"",""targets"":3,""receptions"":2,""receiving_yards"":11},{""season"":2026,""week"":3,""opponent_team"":""SF"",""targets"":3,""receptions"":2,""receiving_yards"":22}],""recent_mean_weight"":0.428571,""targets"":3.818523,""catch_rate"":0.700855,""yards_per_reception"":11.637425,""mean_stages"":{""before_adjustments"":2.67623,""after_defense"":3.077665,""after_venue"":3.099208,""final"":3.099208},""sigma"":1.795715,""opponent"":{""team"":""DET"",""kind"":""pass"",""rating"":0.5,""rank"":32,""of"":32,""allowed"":327.0,""league"":234.585938,""games"":4,""season"":2026},""home"":true,""versus"":{""team"":""DET"",""values"":[1.0],""home"":[true],""since"":""2022 Wk 5"",""note"":""History only, not a model input. In our backtests, results against one opponent did not predict the next meeting beyond a player\u2019s overall form.""}}",WR
f8e7f43f73aa983c5c99c189587f0118,Detroit Lions @ Arizona Cardinals,Isaac TeSlaa,draftkings,DraftKings,receptions,Receptions,over,2.5,129,2.9701825272,0.5475728155,0.0,0.4366812227,0.4122268025,0.4185317019,2.5,4,1108.9159282656,25.3941747573,Calibration fitted; not prospectively validated,2026-10-07T16:51:01Z,2026-10-11T20:25:00Z,Sun 4:25 PM ET,Arizona Cardinals,Detroit Lions,"{""version"":""nfl-projection-trace-1"",""family"":""receive"",""current_sample"":[{""season"":2026,""week"":1,""opponent_team"":""NO"",""targets"":1,""receptions"":0,""receiving_yards"":0},{""season"":2026,""week"":2,""opponent_team"":""BUF"",""targets"":5,""receptions"":2,""receiving_yards"":26},{""season"":2026,""week"":3,""opponent_team"":""NYJ"",""targets"":3,""receptions"":3,""receiving_yards"":66},{""season"":2026,""week"":4,""opponent_team"":""CAR"",""targets"":8,""receptions"":4,""receiving_yards"":95}],""recent_mean_weight"":0.5,""targets"":4.903966,""catch_rate"":0.593596,""yards_per_reception"":17.060293,""mean_stages"":{""before_adjustments"":2.910975,""after_defense"":2.99112,""after_venue"":2.970183,""final"":2.970183},""sigma"":1.697593,""opponent"":{""team"":""ARI"",""kind"":""pass"",""rating"":0.908226,""rank"":23,""of"":32,""allowed"":247.75,""league"":234.585938,""games"":4,""season"":2026},""home"":false,""versus"":null}",WR
f8e7f43f73aa983c5c99c189587f0118,Detroit Lions @ Arizona Cardinals,Jahmyr Gibbs,draftkings,DraftKings,rush_yds,Rushing yards,under,90.5,-111,58.6876468418,0.5647668394,0.0,0.5260663507,0.4968624498,0.4968835567,90.5,4,387.0048866734,7.3565793773,Calibration fitted; not prospectively validated,2026-10-07T16:51:01Z,2026-10-11T20:25:00Z,Sun 4:25 PM ET,Arizona Cardinals,Detroit Lions,"{""version"":""nfl-projection-trace-1"",""family"":""rush"",""current_sample"":[{""season"":2026,""week"":1,""opponent_team"":""NO"",""carries"":29,""rushing_yards"":156},{""season"":2026,""week"":2,""opponent_team"":""BUF"",""carries"":16,""rushing_yards"":52},{""season"":2026,""week"":3,""opponent_team"":""NYJ"",""carries"":20,""rushing_yards"":99},{""season"":2026,""week"":4,""opponent_team"":""CAR"",""carries"":15,""rushing_yards"":46}],""recent_mean_weight"":0.5,""carries"":14.010573,""yards_per_carry"":4.20961,""mean_stages"":{""before_adjustments"":58.979044,""after_defense"":60.130786,""after_venue"":58.687647,""final"":58.687647},""sigma"":34.468589,""opponent"":{""team"":""ARI"",""kind"":""rush"",""rating"":0.934907,""rank"":20,""of"":32,""allowed"":117.5,""league"":111.390625,""games"":4,""season"":2026},""home"":false,""versus"":{""team"":""ARI"",""values"":[83.0],""home"":[false],""since"":""2024 Wk 3"",""note"":""History only, not a model input. In our backtests, results against one opponent did not predict the next meeting beyond a player\u2019s overall form.""}}",RB
f8e7f43f73aa983c5c99c189587f0118,Detroit Lions @ Arizona Cardinals,Jacoby Brissett,draftkings,DraftKings,rush_yds,Rushing yards,over,6.5,-120,17.5520736004,0.5647668394,0.0,0.5454545455,0.5168918919,0.5041017227,6.5,4,193.1229392369,3.5405872193,Calibration fitted; not prospectively validated,2026-10-07T16:51:01Z,2026-10-11T20:25:00Z,Sun 4:25 PM ET,Arizona Cardinals,Detroit Lions,"{""version"":""nfl-projection-trace-1"",""family"":""rush"",""current_sample"":[{""season"":2026,""week"":1,""opponent_team"":""LAC"",""carries"":6,""rushing_yards"":14},{""season"":2026,""week"":2,""opponent_team"":""SEA"",""carries"":1,""rushing_yards"":7},{""season"":2026,""week"":3,""opponent_team"":""SF"",""carries"":4,""rushing_yards"":4},{""season"":2026,""week"":4,""opponent_team"":""NYG"",""carries"":4,""rushing_yards"":18}],""recent_mean_weight"":0.5,""carries"":4.191647,""yards_per_carry"":3.98283,""mean_stages"":{""before_adjustments"":16.694619,""after_defense"":17.140697,""after_venue"":17.552074,""final"":17.552074},""sigma"":14.621516,""opponent"":{""team"":""DET"",""kind"":""rush"",""rating"":0.910934,""rank"":21,""of"":32,""allowed"":119.75,""league"":111.390625,""games"":4,""season"":2026},""home"":true,""versus"":null}",QB
f8e7f43f73aa983c5c99c189587f0118,Detroit Lions @ Arizona Cardinals,Jared Goff,draftkings,DraftKings,rush_yds,Rushing yards,over,0.5,-117,5.9114898487,0.5647668394,0.0,0.5391705069,0.5105400734,0.5052700367,0.5,2,255.963324658,4.7473539702,Calibration fitted; not prospectively validated,2026-10-07T16:51:01Z,2026-10-11T20:25:00Z,Sun 4:25 PM ET,Arizona Cardinals,Detroit Lions,"{""version"":""nfl-projection-trace-1"",""family"":""rush"",""current_sample"":[{""season"":2026,""week"":1,""opponent_team"":""NO"",""carries"":2,""rushing_yards"":2},{""season"":2026,""week"":2,""opponent_team"":""BUF"",""carries"":3,""rushing_yards"":7},{""season"":2026,""week"":3,""opponent_team"":""NYJ"",""carries"":4,""rushing_yards"":6},{""season"":2026,""week"":4,""opponent_team"":""CAR"",""carries"":0,""rushing_yards"":0}],""recent_mean_weight"":0.5,""carries"":2.376337,""yards_per_carry"":2.5,""mean_stages"":{""before_adjustments"":5.940842,""after_defense"":6.056854,""after_venue"":5.91149,""final"":5.91149},""sigma"":8.077656,""opponent"":{""team"":""ARI"",""kind"":""rush"",""rating"":0.934907,""rank"":20,""of"":32,""allowed"":117.5,""league"":111.390625,""games"":4,""season"":2026},""home"":false,""versus"":{""team"":""ARI"",""values"":[1.0,0.0,6.0],""home"":[false,true,false],""since"":""2020 Wk 13"",""note"":""History only, not a model input. In our backtests, results against one opponent did not predict the next meeting beyond a player\u2019s overall form.""}}",QB
f8e7f43f73aa983c5c99c189587f0118,Detroit Lions @ Arizona Cardinals,Amon-Ra St. Brown,fanduel,FanDuel,receptions,Receptions,under,6.5,120,6.2287931224,0.5408805031,0.0,0.4545454545,0.4248366013,0.4248366013,7.5,1,863.350485992,18.9937106918,Calibration fitted; not prospectively validated,2026-10-07T16:51:49Z,2026-10-11T20:25:00Z,Sun 4:25 PM ET,Arizona Cardinals,Detroit Lions,"{""version"":""nfl-projection-trace-1"",""family"":""receive"",""current_sample"":[{""season"":2026,""week"":1,""opponent_team"":""NO"",""targets"":14,""receptions"":10,""receiving_yards"":67},{""season"":2026,""week"":2,""opponent_team"":""BUF"",""targets"":13,""receptions"":9,""receiving_yards"":142},{""season"":2026,""week"":3,""opponent_team"":""NYJ"",""targets"":8,""receptions"":4,""receiving_yards"":19},{""season"":2026,""week"":4,""opponent_team"":""CAR"",""targets"":11,""receptions"":8,""receiving_yards"":75}],""recent_mean_weight"":0.5,""targets"":9.147737,""catch_rate"":0.667338,""yards_per_reception"":10.36764,""mean_stages"":{""before_adjustments"":6.104629,""after_defense"":6.272702,""after_venue"":6.228793,""final"":6.228793},""sigma"":2.00134,""opponent"":{""team"":""ARI"",""kind"":""pass"",""rating"":0.908226,""rank"":23,""of"":32,""allowed"":247.75,""league"":234.585938,""games"":4,""season"":2026},""home"":false,""versus"":{""team"":""ARI"",""values"":[8.0,7.0],""home"":[true,false],""since"":""2021 Wk 15"",""note"":""History only, not a model input. In our backtests, results against one opponent did not predict the next meeting beyond a player\u2019s overall form.""}}",WR
f8e7f43f73aa983c5c99c189587f0118,Detroit Lions @ Arizona Cardinals,Isaac TeSlaa,fanduel,FanDuel,receptions,Receptions,over,2.5,118,2.9701825272,0.5475728155,0.0,0.4587155963,0.4282584158,0.4185317019,2.5,4,888.5721920371,19.3708737864,Calibration fitted; not prospectively validated,2026-10-07T16:51:49Z,2026-10-11T20:25:00Z,Sun 4:25 PM ET,Arizona Cardinals,Detroit Lions,"{""version"":""nfl-projection-trace-1"",""family"":""receive"",""current_sample"":[{""season"":2026,""week"":1,""opponent_team"":""NO"",""targets"":1,""receptions"":0,""receiving_yards"":0},{""season"":2026,""week"":2,""opponent_team"":""BUF"",""targets"":5,""receptions"":2,""receiving_yards"":26},{""season"":2026,""week"":3,""opponent_team"":""NYJ"",""targets"":3,""receptions"":3,""receiving_yards"":66},{""season"":2026,""week"":4,""opponent_team"":""CAR"",""targets"":8,""receptions"":4,""receiving_yards"":95}],""recent_mean_weight"":0.5,""targets"":4.903966,""catch_rate"":0.593596,""yards_per_reception"":17.060293,""mean_stages"":{""before_adjustments"":2.910975,""after_defense"":2.99112,""after_venue"":2.970183,""final"":2.970183},""sigma"":1.697593,""opponent"":{""team"":""ARI"",""kind"":""pass"",""rating"":0.908226,""rank"":23,""of"":32,""allowed"":247.75,""league"":234.585938,""games"":4,""season"":2026},""home"":false,""versus"":null}",WR
f8e7f43f73aa983c5c99c189587f0118,Detroit Lions @ Arizona Cardinals,Jahmyr Gibbs,fanduel,FanDuel,receptions,Receptions,under,4.5,102,3.7914755578,0.5475728155,0.0,0.495049505,0.4620927318,0.4800100884,4.5,4,525.2331058349,10.6097087379,Calibration fitted; not prospectively validated,2026-10-07T16:51:49Z,2026-10-11T20:25:00Z,Sun 4:25 PM ET,Arizona Cardinals,Detroit Lions,"{""version"":""nfl-projection-trace-1"",""family"":""receive"",""current_sample"":[{""season"":2026,""week"":1,""opponent_team"":""NO"",""targets"":5,""receptions"":5,""receiving_yards"":30},{""season"":2026,""week"":2,""opponent_team"":""BUF"",""targets"":8,""receptions"":6,""receiving_yards"":61},{""season"":2026,""week"":3,""opponent_team"":""NYJ"",""targets"":8,""receptions"":7,""receiving_yards"":65},{""season"":2026,""week"":4,""opponent_team"":""CAR"",""targets"":7,""receptions"":4,""receiving_yards"":31}],""recent_mean_weight"":0.5,""targets"":5.459073,""catch_rate"":0.680683,""yards_per_reception"":8.259435,""mean_stages"":{""before_adjustments"":3.715896,""after_defense"":3.818203,""after_venue"":3.791476,""final"":3.791476},""sigma"":1.369498,""opponent"":{""team"":""ARI"",""kind"":""pass"",""rating"":0.908226,""rank"":23,""of"":32,""allowed"":247.75,""league"":234.585938,""games"":4,""season"":2026},""home"":false,""versus"":{""team"":""ARI"",""values"":[0.0],""home"":[false],""since"":""2024 Wk 3"",""note"":""History only, not a model input. In our backtests, results against one opponent did not predict the next meeting beyond a player\u2019s overall form.""}}",RB
f8e7f43f73aa983c5c99c189587f0118,Detroit Lions @ Arizona Cardinals,Trey McBride,fanduel,FanDuel,receptions,Receptions,under,7.5,102,6.8647926167,0.5475728155,0.0,0.495049505,0.4620927318,0.4579178181,7.5,4,525.2331058349,10.6097087379,Calibration fitted; not prospectively validated,2026-10-07T16:51:49Z,2026-10-11T20:25:00Z,Sun 4:25 PM ET,Arizona Cardinals,Detroit Lions,"{""version"":""nfl-projection-trace-1"",""family"":""receive"",""current_sample"":[{""season"":2026,""week"":1,""opponent_team"":""LAC"",""targets"":13,""receptions"":9,""receiving_yards"":95},{""season"":2026,""week"":2,""opponent_team"":""SEA"",""targets"":10,""receptions"":8,""receiving_yards"":41},{""season"":2026,""week"":3,""opponent_team"":""SF"",""targets"":11,""receptions"":9,""receiving_yards"":75},{""season"":2026,""week"":4,""opponent_team"":""NYG"",""targets"":12,""receptions"":7,""receiving_yards"":31}],""recent_mean_weight"":0.5,""targets"":8.889806,""catch_rate"":0.666819,""yards_per_reception"":7.815224,""mean_stages"":{""before_adjustments"":5.92789,""after_defense"":6.817073,""after_venue"":6.864793,""final"":6.864793},""sigma"":1.665142,""opponent"":{""team"":""DET"",""kind"":""pass"",""rating"":0.5,""rank"":32,""of"":32,""allowed"":327.0,""league"":234.585938,""games"":4,""season"":2026},""home"":true,""versus"":{""team"":""DET"",""values"":[3.0],""home"":[true],""since"":""2024 Wk 3"",""note"":""History only, not a model input. In our backtests, results against one opponent did not predict the next meeting beyond a player\u2019s overall form.""}}",TE
f8e7f43f73aa983c5c99c189587f0118,Detroit Lions @ Arizona Cardinals,Jeremiyah Love,fanduel,FanDuel,receptions,Receptions,over,2.5,-102,3.5755847456,0.5475728155,0.0,0.504950495,0.471842317,0.4814929056,2.5,3,426.2232048448,8.4408909195,Calibration fitted; not prospectively validated,2026-10-07T16:51:49Z,2026-10-11T20:25:00Z,Sun 4:25 PM ET,Arizona Cardinals,Detroit Lions,"{""version"":""nfl-projection-trace-1"",""family"":""receive"",""current_sample"":[{""season"":2026,""week"":1,""opponent_team"":""LAC"",""targets"":4,""receptions"":2,""receiving_yards"":9},{""season"":2026,""week"":2,""opponent_team"":""SEA"",""targets"":3,""receptions"":3,""receiving_yards"":16},{""season"":2026,""week"":3,""opponent_team"":""SF"",""targets"":5,""receptions"":5,""receiving_yards"":19},{""season"":2026,""week"":4,""opponent_team"":""NYG"",""targets"":1,""receptions"":1,""receiving_yards"":-8}],""recent_mean_weight"":0.5,""targets"":3.250096,""catch_rate"":0.95,""yards_per_reception"":6.0,""mean_stages"":{""before_adjustments"":3.087591,""after_defense"":3.55073,""after_venue"":3.575585,""final"":3.575585},""sigma"":2.8236,""opponent"":{""team"":""DET"",""kind"":""pass"",""rating"":0.5,""rank"":32,""of"":32,""allowed"":327.0,""league"":234.585938,""games"":4,""season"":2026},""home"":true,""versus"":null}",RB
f8e7f43f73aa983c5c99c189587f0118,Detroit Lions @ Arizona Cardinals,Sam LaPorta,fanduel,FanDuel,receptions,Receptions,under,4.5,128,5.0402525465,0.4524271845,0.0,0.4385964912,0.4095398699,0.4295939572,4.5,4,138.3069323795,3.1533980583,Calibration fitted; not prospectively validated,2026-10-07T16:51:49Z,2026-10-11T20:25:00Z,Sun 4:25 PM ET,Arizona Cardinals,Detroit Lions,"{""version"":""nfl-projection-trace-1"",""family"":""receive"",""current_sample"":[{""season"":2026,""week"":1,""opponent_team"":""NO"",""targets"":8,""receptions"":5,""receiving_yards"":48},{""season"":2026,""week"":2,""opponent_team"":""BUF"",""targets"":7,""receptions"":6,""receiving_yards"":52},{""season"":2026,""week"":3,""opponent_team"":""NYJ"",""targets"":4,""receptions"":3,""receiving_yards"":44},{""season"":2026,""week"":4,""opponent_team"":""CAR"",""targets"":13,""receptions"":8,""receiving_yards"":84}],""recent_mean_weight"":0.5,""targets"":7.342793,""catch_rate"":0.672739,""yards_per_reception"":11.247734,""mean_stages"":{""before_adjustments"":4.93978,""after_defense"":5.075783,""after_venue"":5.040253,""final"":5.040253},""sigma"":2.108457,""opponent"":{""team"":""ARI"",""kind"":""pass"",""rating"":0.908226,""rank"":23,""of"":32,""allowed"":247.75,""league"":234.585938,""games"":4,""season"":2026},""home"":false,""versus"":{""team"":""ARI"",""values"":[2.0],""home"":[false],""since"":""2024 Wk 3"",""note"":""History only, not a model input. In our backtests, results against one opponent did not predict the next meeting beyond a player\u2019s overall form.""}}",TE
f8e7f43f73aa983c5c99c189587f0118,Detroit Lions @ Arizona Cardinals,Kendrick Bourne,fanduel,FanDuel,receptions,Receptions,over,2.5,112,3.0992082158,0.5475728155,0.0,0.4716981132,0.4414696668,0.4422630147,2.5,4,758.7470232643,16.0854368932,Calibration fitted; not prospectively validated,2026-10-07T16:51:49Z,2026-10-11T20:25:00Z,Sun 4:25 PM ET,Arizona Cardinals,Detroit Lions,"{""version"":""nfl-projection-trace-1"",""family"":""receive"",""current_sample"":[{""season"":2026,""week"":1,""opponent_team"":""LAC"",""targets"":8,""receptions"":8,""receiving_yards"":75},{""season"":2026,""week"":2,""opponent_team"":""SEA"",""targets"":3,""receptions"":2,""receiving_yards"":11},{""season"":2026,""week"":3,""opponent_team"":""SF"",""targets"":3,""receptions"":2,""receiving_yards"":22}],""recent_mean_weight"":0.428571,""targets"":3.818523,""catch_rate"":0.700855,""yards_per_reception"":11.637425,""mean_stages"":{""before_adjustments"":2.67623,""after_defense"":3.077665,""after_venue"":3.099208,""final"":3.099208},""sigma"":1.795715,""opponent"":{""team"":""DET"",""kind"":""pass"",""rating"":0.5,""rank"":32,""of"":32,""allowed"":327.0,""league"":234.585938,""games"":4,""season"":2026},""home"":true,""versus"":{""team"":""DET"",""values"":[1.0],""home"":[true],""since"":""2022 Wk 5"",""note"":""History only, not a model input. In our backtests, results against one opponent did not predict the next meeting beyond a player\u2019s overall form.""}}",WR
f8e7f43f73aa983c5c99c189587f0118,Detroit Lions @ Arizona Cardinals,Jared Goff,fanduel,FanDuel,rush_yds,Rushing yards,over,0.5,-114,5.9114898487,0.5647668394,0.0,0.5327102804,0.5,0.5052700367,0.5,2,320.5655900441,6.0176347605,Calibration fitted; not prospectively validated,2026-10-07T16:51:49Z,2026-10-11T20:25:00Z,Sun 4:25 PM ET,Arizona Cardinals,Detroit Lions,"{""version"":""nfl-projection-trace-1"",""family"":""rush"",""current_sample"":[{""season"":2026,""week"":1,""opponent_team"":""NO"",""carries"":2,""rushing_yards"":2},{""season"":2026,""week"":2,""opponent_team"":""BUF"",""carries"":3,""rushing_yards"":7},{""season"":2026,""week"":3,""opponent_team"":""NYJ"",""carries"":4,""rushing_yards"":6},{""season"":2026,""week"":4,""opponent_team"":""CAR"",""carries"":0,""rushing_yards"":0}],""recent_mean_weight"":0.5,""carries"":2.376337,""yards_per_carry"":2.5,""mean_stages"":{""before_adjustments"":5.940842,""after_defense"":6.056854,""after_venue"":5.91149,""final"":5.91149},""sigma"":8.077656,""opponent"":{""team"":""ARI"",""kind"":""rush"",""rating"":0.934907,""rank"":20,""of"":32,""allowed"":117.5,""league"":111.390625,""games"":4,""season"":2026},""home"":false,""versus"":{""team"":""ARI"",""values"":[1.0,0.0,6.0],""home"":[false,true,false],""since"":""2020 Wk 13"",""note"":""History only, not a model input. In our backtests, results against one opponent did not predict the next meeting beyond a player\u2019s overall form.""}}",QB
f8e7f43f73aa983c5c99c189587f0118,Detroit Lions @ Arizona Cardinals,Jacoby Brissett,fanduel,FanDuel,rush_yds,Rushing yards,over,6.5,-114,17.5520736004,0.5647668394,0.0,0.5327102804,0.5,0.5041017227,6.5,4,320.5655900441,6.0176347605,Calibration fitted; not prospectively validated,2026-10-07T16:51:49Z,2026-10-11T20:25:00Z,Sun 4:25 PM ET,Arizona Cardinals,Detroit Lions,"{""version"":""nfl-projection-trace-1"",""family"":""rush"",""current_sample"":[{""season"":2026,""week"":1,""opponent_team"":""LAC"",""carries"":6,""rushing_yards"":14},{""season"":2026,""week"":2,""opponent_team"":""SEA"",""carries"":1,""rushing_yards"":7},{""season"":2026,""week"":3,""opponent_team"":""SF"",""carries"":4,""rushing_yards"":4},{""season"":2026,""week"":4,""opponent_team"":""NYG"",""carries"":4,""rushing_yards"":18}],""recent_mean_weight"":0.5,""carries"":4.191647,""yards_per_carry"":3.98283,""mean_stages"":{""before_adjustments"":16.694619,""after_defense"":17.140697,""after_venue"":17.552074,""final"":17.552074},""sigma"":14.621516,""opponent"":{""team"":""DET"",""kind"":""rush"",""rating"":0.910934,""rank"":21,""of"":32,""allowed"":119.75,""league"":111.390625,""games"":4,""season"":2026},""home"":true,""versus"":null}",QB
f8e7f43f73aa983c5c99c189587f0118,Detroit Lions @ Arizona Cardinals,Jahmyr Gibbs,fanduel,FanDuel,rush_yds,Rushing yards,under,90.5,-114,58.6876468418,0.5647668394,0.0,0.5327102804,0.5,0.4968835567,90.5,4,320.5655900441,6.0176347605,Calibration fitted; not prospectively validated,2026-10-07T16:51:49Z,2026-10-11T20:25:00Z,Sun 4:25 PM ET,Arizona Cardinals,Detroit Lions,"{""version"":""nfl-projection-trace-1"",""family"":""rush"",""current_sample"":[{""season"":2026,""week"":1,""opponent_team"":""NO"",""carries"":29,""rushing_yards"":156},{""season"":2026,""week"":2,""opponent_team"":""BUF"",""carries"":16,""rushing_yards"":52},{""season"":2026,""week"":3,""opponent_team"":""NYJ"",""carries"":20,""rushing_yards"":99},{""season"":2026,""week"":4,""opponent_team"":""CAR"",""carries"":15,""rushing_yards"":46}],""recent_mean_weight"":0.5,""carries"":14.010573,""yards_per_carry"":4.20961,""mean_stages"":{""before_adjustments"":58.979044,""after_defense"":60.130786,""after_venue"":58.687647,""final"":58.687647},""sigma"":34.468589,""opponent"":{""team"":""ARI"",""kind"":""rush"",""rating"":0.934907,""rank"":20,""of"":32,""allowed"":117.5,""league"":111.390625,""games"":4,""season"":2026},""home"":false,""versus"":{""team"":""ARI"",""values"":[83.0],""home"":[false],""since"":""2024 Wk 3"",""note"":""History only, not a model input. In our backtests, results against one opponent did not predict the next meeting beyond a player\u2019s overall form.""}}",RB
f8e7f43f73aa983c5c99c189587f0118,Detroit Lions @ Arizona Cardinals,Jahmyr Gibbs,betonlineag,BetOnline.ag,receptions,Receptions,under,4.5,-105,3.7914755578,0.5475728155,0.0,0.512195122,0.4814929056,0.4800100884,4.5,4,353.7769358276,6.907073509,Calibration fitted; not prospectively validated,2026-10-07T16:51:04Z,2026-10-11T20:25:00Z,Sun 4:25 PM ET,Arizona Cardinals,Detroit Lions,"{""version"":""nfl-projection-trace-1"",""family"":""receive"",""current_sample"":[{""season"":2026,""week"":1,""opponent_team"":""NO"",""targets"":5,""receptions"":5,""receiving_yards"":30},{""season"":2026,""week"":2,""opponent_team"":""BUF"",""targets"":8,""receptions"":6,""receiving_yards"":61},{""season"":2026,""week"":3,""opponent_team"":""NYJ"",""targets"":8,""receptions"":7,""receiving_yards"":65},{""season"":2026,""week"":4,""opponent_team"":""CAR"",""targets"":7,""receptions"":4,""receiving_yards"":31}],""recent_mean_weight"":0.5,""targets"":5.459073,""catch_rate"":0.680683,""yards_per_reception"":8.259435,""mean_stages"":{""before_adjustments"":3.715896,""after_defense"":3.818203,""after_venue"":3.791476,""final"":3.791476},""sigma"":1.369498,""opponent"":{""team"":""ARI"",""kind"":""pass"",""rating"":0.908226,""rank"":23,""of"":32,""allowed"":247.75,""league"":234.585938,""games"":4,""season"":2026},""home"":false,""versus"":{""team"":""ARI"",""values"":[0.0],""home"":[false],""since"":""2024 Wk 3"",""note"":""History only, not a model input. In our backtests, results against one opponent did not predict the next meeting beyond a player\u2019s overall form.""}}",RB
f8e7f43f73aa983c5c99c189587f0118,Detroit Lions @ Arizona Cardinals,Kendrick Bourne,betonlineag,BetOnline.ag,receptions,Receptions,over,2.5,113,3.0992082158,0.5475728155,0.0,0.4694835681,0.4409848066,0.4422630147,2.5,4,780.8924745886,16.6330097087,Calibration fitted; not prospectively validated,2026-10-07T16:51:04Z,2026-10-11T20:25:00Z,Sun 4:25 PM ET,Arizona Cardinals,Detroit Lions,"{""version"":""nfl-projection-trace-1"",""family"":""receive"",""current_sample"":[{""season"":2026,""week"":1,""opponent_team"":""LAC"",""targets"":8,""receptions"":8,""receiving_yards"":75},{""season"":2026,""week"":2,""opponent_team"":""SEA"",""targets"":3,""receptions"":2,""receiving_yards"":11},{""season"":2026,""week"":3,""opponent_team"":""SF"",""targets"":3,""receptions"":2,""receiving_yards"":22}],""recent_mean_weight"":0.428571,""targets"":3.818523,""catch_rate"":0.700855,""yards_per_reception"":11.637425,""mean_stages"":{""before_adjustments"":2.67623,""after_defense"":3.077665,""after_venue"":3.099208,""final"":3.099208},""sigma"":1.795715,""opponent"":{""team"":""DET"",""kind"":""pass"",""rating"":0.5,""rank"":32,""of"":32,""allowed"":327.0,""league"":234.585938,""games"":4,""season"":2026},""home"":true,""versus"":{""team"":""DET"",""values"":[1.0],""home"":[true],""since"":""2022 Wk 5"",""note"":""History only, not a model input. In our backtests, results against one opponent did not predict the next meeting beyond a player\u2019s overall form.""}}",WR
f8e7f43f73aa983c5c99c189587f0118,Detroit Lions @ Arizona Cardinals,Trey McBride,betonlineag,BetOnline.ag,receptions,Receptions,under,7.5,107,6.8647926167,0.5475728155,0.0,0.4830917874,0.4537429043,0.4579178181,7.5,4,644.8102809437,13.3475728155,Calibration fitted; not prospectively validated,2026-10-07T16:51:04Z,2026-10-11T20:25:00Z,Sun 4:25 PM ET,Arizona Cardinals,Detroit Lions,"{""version"":""nfl-projection-trace-1"",""family"":""receive"",""current_sample"":[{""season"":2026,""week"":1,""opponent_team"":""LAC"",""targets"":13,""receptions"":9,""receiving_yards"":95},{""season"":2026,""week"":2,""opponent_team"":""SEA"",""targets"":10,""receptions"":8,""receiving_yards"":41},{""season"":2026,""week"":3,""opponent_team"":""SF"",""targets"":11,""receptions"":9,""receiving_yards"":75},{""season"":2026,""week"":4,""opponent_team"":""NYG"",""targets"":12,""receptions"":7,""receiving_yards"":31}],""recent_mean_weight"":0.5,""targets"":8.889806,""catch_rate"":0.666819,""yards_per_reception"":7.815224,""mean_stages"":{""before_adjustments"":5.92789,""after_defense"":6.817073,""after_venue"":6.864793,""final"":6.864793},""sigma"":1.665142,""opponent"":{""team"":""DET"",""kind"":""pass"",""rating"":0.5,""rank"":32,""of"":32,""allowed"":327.0,""league"":234.585938,""games"":4,""season"":2026},""home"":true,""versus"":{""team"":""DET"",""values"":[3.0],""home"":[true],""since"":""2024 Wk 3"",""note"":""History only, not a model input. In our backtests, results against one opponent did not predict the next meeting beyond a player\u2019s overall form.""}}",TE
f8e7f43f73aa983c5c99c189587f0118,Detroit Lions @ Arizona Cardinals,Isaac TeSlaa,betonlineag,BetOnline.ag,receptions,Receptions,over,2.5,128,2.9701825272,0.5475728155,0.0,0.4385964912,0.4121896999,0.4185317019,2.5,4,1089.7632430591,24.8466019417,Calibration fitted; not prospectively validated,2026-10-07T16:51:04Z,2026-10-11T20:25:00Z,Sun 4:25 PM ET,Arizona Cardinals,Detroit Lions,"{""version"":""nfl-projection-trace-1"",""family"":""receive"",""current_sample"":[{""season"":2026,""week"":1,""opponent_team"":""NO"",""targets"":1,""receptions"":0,""receiving_yards"":0},{""season"":2026,""week"":2,""opponent_team"":""BUF"",""targets"":5,""receptions"":2,""receiving_yards"":26},{""season"":2026,""week"":3,""opponent_team"":""NYJ"",""targets"":3,""receptions"":3,""receiving_yards"":66},{""season"":2026,""week"":4,""opponent_team"":""CAR"",""targets"":8,""receptions"":4,""receiving_yards"":95}],""recent_mean_weight"":0.5,""targets"":4.903966,""catch_rate"":0.593596,""yards_per_reception"":17.060293,""mean_stages"":{""before_adjustments"":2.910975,""after_defense"":2.99112,""after_venue"":2.970183,""final"":2.970183},""sigma"":1.697593,""opponent"":{""team"":""ARI"",""kind"":""pass"",""rating"":0.908226,""rank"":23,""of"":32,""allowed"":247.75,""league"":234.585938,""games"":4,""season"":2026},""home"":false,""versus"":null}",WR
f8e7f43f73aa983c5c99c189587f0118,Detroit Lions @ Arizona Cardinals,Michael Wilson,betonlineag,BetOnline.ag,receptions,Receptions,over,5.5,-112,5.7770378083,0.5408805031,0.0,0.5283018868,0.4969046636,0.5141838223,5.5,3,125.786163522,2.380952381,Calibration fitted; not prospectively validated,2026-10-07T16:51:04Z,2026-10-11T20:25:00Z,Sun 4:25 PM ET,Arizona Cardinals,Detroit Lions,"{""version"":""nfl-projection-trace-1"",""family"":""receive"",""current_sample"":[{""season"":2026,""week"":1,""opponent_team"":""LAC"",""targets"":7,""receptions"":5,""receiving_yards"":56},{""season"":2026,""week"":2,""opponent_team"":""SEA"",""targets"":7,""receptions"":2,""receiving_yards"":18},{""season"":2026,""week"":3,""opponent_team"":""SF"",""targets"":17,""receptions"":11,""receiving_yards"":89},{""season"":2026,""week"":4,""opponent_team"":""NYG"",""targets"":13,""receptions"":7,""receiving_yards"":95}],""recent_mean_weight"":0.5,""targets"":9.115953,""catch_rate"":0.547237,""yards_per_reception"":12.339495,""mean_stages"":{""before_adjustments"":4.988591,""after_defense"":5.73688,""after_venue"":5.777038,""final"":5.777038},""sigma"":1.913541,""opponent"":{""team"":""DET"",""kind"":""pass"",""rating"":0.5,""rank"":32,""of"":32,""allowed"":327.0,""league"":234.585938,""games"":4,""season"":2026},""home"":true,""versus"":{""team"":""DET"",""values"":[8.0],""home"":[true],""since"":""2024 Wk 3"",""note"":""History only, not a model input. In our backtests, results against one opponent did not predict the next meeting beyond a player\u2019s overall form.""}}",WR
f8e7f43f73aa983c5c99c189587f0118,Detroit Lions @ Arizona Cardinals,Jeremiyah Love,betonlineag,BetOnline.ag,receptions,Receptions,over,2.5,-105,3.5755847456,0.5475728155,0.0,0.512195122,0.4814929056,0.4814929056,2.5,3,353.7769358276,6.907073509,Calibration fitted; not prospectively validated,2026-10-07T16:51:04Z,2026-10-11T20:25:00Z,Sun 4:25 PM ET,Arizona Cardinals,Detroit Lions,"{""version"":""nfl-projection-trace-1"",""family"":""receive"",""current_sample"":[{""season"":2026,""week"":1,""opponent_team"":""LAC"",""targets"":4,""receptions"":2,""receiving_yards"":9},{""season"":2026,""week"":2,""opponent_team"":""SEA"",""targets"":3,""receptions"":3,""receiving_yards"":16},{""season"":2026,""week"":3,""opponent_team"":""SF"",""targets"":5,""receptions"":5,""receiving_yards"":19},{""season"":2026,""week"":4,""opponent_team"":""NYG"",""targets"":1,""receptions"":1,""receiving_yards"":-8}],""recent_mean_weight"":0.5,""targets"":3.250096,""catch_rate"":0.95,""yards_per_reception"":6.0,""mean_stages"":{""before_adjustments"":3.087591,""after_defense"":3.55073,""after_venue"":3.575585,""final"":3.575585},""sigma"":2.8236,""opponent"":{""team"":""DET"",""kind"":""pass"",""rating"":0.5,""rank"":32,""of"":32,""allowed"":327.0,""league"":234.585938,""games"":4,""season"":2026},""home"":true,""versus"":null}",RB
f8e7f43f73aa983c5c99c189587f0118,Detroit Lions @ Arizona Cardinals,Jacoby Brissett,betonlineag,BetOnline.ag,rush_yds,Rushing yards,over,6.5,-118,17.5520736004,0.5647668394,0.0,0.5412844037,0.5082034454,0.5041017227,6.5,4,234.8243570851,4.3382804953,Calibration fitted; not prospectively validated,2026-10-07T16:51:04Z,2026-10-11T20:25:00Z,Sun 4:25 PM ET,Arizona Cardinals,Detroit Lions,"{""version"":""nfl-projection-trace-1"",""family"":""rush"",""current_sample"":[{""season"":2026,""week"":1,""opponent_team"":""LAC"",""carries"":6,""rushing_yards"":14},{""season"":2026,""week"":2,""opponent_team"":""SEA"",""carries"":1,""rushing_yards"":7},{""season"":2026,""week"":3,""opponent_team"":""SF"",""carries"":4,""rushing_yards"":4},{""season"":2026,""week"":4,""opponent_team"":""NYG"",""carries"":4,""rushing_yards"":18}],""recent_mean_weight"":0.5,""carries"":4.191647,""yards_per_carry"":3.98283,""mean_stages"":{""before_adjustments"":16.694619,""after_defense"":17.140697,""after_venue"":17.552074,""final"":17.552074},""sigma"":14.621516,""opponent"":{""team"":""DET"",""kind"":""rush"",""rating"":0.910934,""rank"":21,""of"":32,""allowed"":119.75,""league"":111.390625,""games"":4,""season"":2026},""home"":true,""versus"":null}",QB
f8e7f43f73aa983c5c99c189587f0118,Detroit Lions @ Arizona Cardinals,Jahmyr Gibbs,betonlineag,BetOnline.ag,rush_yds,Rushing yards,under,90.5,-112,58.6876468418,0.5647668394,0.0,0.5283018868,0.4969046636,0.4968835567,90.5,4,364.6495258579,6.9022945966,Calibration fitted; not prospectively validated,2026-10-07T16:51:04Z,2026-10-11T20:25:00Z,Sun 4:25 PM ET,Arizona Cardinals,Detroit Lions,"{""version"":""nfl-projection-trace-1"",""family"":""rush"",""current_sample"":[{""season"":2026,""week"":1,""opponent_team"":""NO"",""carries"":29,""rushing_yards"":156},{""season"":2026,""week"":2,""opponent_team"":""BUF"",""carries"":16,""rushing_yards"":52},{""season"":2026,""week"":3,""opponent_team"":""NYJ"",""carries"":20,""rushing_yards"":99},{""season"":2026,""week"":4,""opponent_team"":""CAR"",""carries"":15,""rushing_yards"":46}],""recent_mean_weight"":0.5,""carries"":14.010573,""yards_per_carry"":4.20961,""mean_stages"":{""before_adjustments"":58.979044,""after_defense"":60.130786,""after_venue"":58.687647,""final"":58.687647},""sigma"":34.468589,""opponent"":{""team"":""ARI"",""kind"":""rush"",""rating"":0.934907,""rank"":20,""of"":32,""allowed"":117.5,""league"":111.390625,""games"":4,""season"":2026},""home"":false,""versus"":{""team"":""ARI"",""values"":[83.0],""home"":[false],""since"":""2024 Wk 3"",""note"":""History only, not a model input. In our backtests, results against one opponent did not predict the next meeting beyond a player\u2019s overall form.""}}",RB
f8e7f43f73aa983c5c99c189587f0118,Detroit Lions @ Arizona Cardinals,Jeremiyah Love,betrivers,BetRivers,receptions,Receptions,over,2.5,-113,3.5755847456,0.5475728155,0.0,0.5305164319,,0.4814929056,2.5,3,170.563836091,3.2150528396,Calibration fitted; not prospectively validated,2026-10-07T16:51:31Z,2026-10-11T20:25:00Z,Sun 4:25 PM ET,Arizona Cardinals,Detroit Lions,"{""version"":""nfl-projection-trace-1"",""family"":""receive"",""current_sample"":[{""season"":2026,""week"":1,""opponent_team"":""LAC"",""targets"":4,""receptions"":2,""receiving_yards"":9},{""season"":2026,""week"":2,""opponent_team"":""SEA"",""targets"":3,""receptions"":3,""receiving_yards"":16},{""season"":2026,""week"":3,""opponent_team"":""SF"",""targets"":5,""receptions"":5,""receiving_yards"":19},{""season"":2026,""week"":4,""opponent_team"":""NYG"",""targets"":1,""receptions"":1,""receiving_yards"":-8}],""recent_mean_weight"":0.5,""targets"":3.250096,""catch_rate"":0.95,""yards_per_reception"":6.0,""mean_stages"":{""before_adjustments"":3.087591,""after_defense"":3.55073,""after_venue"":3.575585,""final"":3.575585},""sigma"":2.8236,""opponent"":{""team"":""DET"",""kind"":""pass"",""rating"":0.5,""rank"":32,""of"":32,""allowed"":327.0,""league"":234.585938,""games"":4,""season"":2026},""home"":true,""versus"":null}",RB
f8e7f43f73aa983c5c99c189587f0118,Detroit Lions @ Arizona Cardinals,Jameson Williams,betrivers,BetRivers,receptions,Receptions,over,3.5,-110,4.5084567659,0.5475728155,0.0,0.5238095238,,0.5263824914,3.5,4,237.6329172446,4.5366284201,Calibration fitted; not prospectively validated,2026-10-07T16:51:31Z,2026-10-11T20:25:00Z,Sun 4:25 PM ET,Arizona Cardinals,Detroit Lions,"{""version"":""nfl-projection-trace-1"",""family"":""receive"",""current_sample"":[{""season"":2026,""week"":1,""opponent_team"":""NO"",""targets"":9,""receptions"":4,""receiving_yards"":45},{""season"":2026,""week"":2,""opponent_team"":""BUF"",""targets"":4,""receptions"":2,""receiving_yards"":33},{""season"":2026,""week"":3,""opponent_team"":""NYJ"",""targets"":4,""receptions"":4,""receiving_yards"":49},{""season"":2026,""week"":4,""opponent_team"":""CAR"",""targets"":8,""receptions"":6,""receiving_yards"":102}],""recent_mean_weight"":0.5,""targets"":5.702105,""catch_rate"":0.774904,""yards_per_reception"":15.424715,""mean_stages"":{""before_adjustments"":4.418585,""after_defense"":4.540238,""after_venue"":4.508457,""final"":4.508457},""sigma"":2.128773,""opponent"":{""team"":""ARI"",""kind"":""pass"",""rating"":0.908226,""rank"":23,""of"":32,""allowed"":247.75,""league"":234.585938,""games"":4,""season"":2026},""home"":false,""versus"":{""team"":""ARI"",""values"":[1.0],""home"":[false],""since"":""2024 Wk 3"",""note"":""History only, not a model input. In our backtests, results against one opponent did not predict the next meeting beyond a player\u2019s overall form.""}}",WR
f8e7f43f73aa983c5c99c189587f0118,Detroit Lions @ Arizona Cardinals,Isaac TeSlaa,betrivers,BetRivers,receptions,Receptions,over,2.5,133,2.9701825272,0.5475728155,0.0,0.4291845494,,0.4185317019,2.5,4,1183.8826617776,27.5844660194,Calibration fitted; not prospectively validated,2026-10-07T16:51:31Z,2026-10-11T20:25:00Z,Sun 4:25 PM ET,Arizona Cardinals,Detroit Lions,"{""version"":""nfl-projection-trace-1"",""family"":""receive"",""current_sample"":[{""season"":2026,""week"":1,""opponent_team"":""NO"",""targets"":1,""receptions"":0,""receiving_yards"":0},{""season"":2026,""week"":2,""opponent_team"":""BUF"",""targets"":5,""receptions"":2,""receiving_yards"":26},{""season"":2026,""week"":3,""opponent_team"":""NYJ"",""targets"":3,""receptions"":3,""receiving_yards"":66},{""season"":2026,""week"":4,""opponent_team"":""CAR"",""targets"":8,""receptions"":4,""receiving_yards"":95}],""recent_mean_weight"":0.5,""targets"":4.903966,""catch_rate"":0.593596,""yards_per_reception"":17.060293,""mean_stages"":{""before_adjustments"":2.910975,""after_defense"":2.99112,""after_venue"":2.970183,""final"":2.970183},""sigma"":1.697593,""opponent"":{""team"":""ARI"",""kind"":""pass"",""rating"":0.908226,""rank"":23,""of"":32,""allowed"":247.75,""league"":234.585938,""games"":4,""season"":2026},""home"":false,""versus"":null}",WR
f8e7f43f73aa983c5c99c189587f0118,Detroit Lions @ Arizona Cardinals,Kendrick Bourne,betrivers,BetRivers,receptions,Receptions,over,2.5,130,3.0992082158,0.5475728155,0.0,0.4347826087,,0.4422630147,2.5,4,1127.9020683833,25.9417475728,Calibration fitted; not prospectively validated,2026-10-07T16:51:31Z,2026-10-11T20:25:00Z,Sun 4:25 PM ET,Arizona Cardinals,Detroit Lions,"{""version"":""nfl-projection-trace-1"",""family"":""receive"",""current_sample"":[{""season"":2026,""week"":1,""opponent_team"":""LAC"",""targets"":8,""receptions"":8,""receiving_yards"":75},{""season"":2026,""week"":2,""opponent_team"":""SEA"",""targets"":3,""receptions"":2,""receiving_yards"":11},{""season"":2026,""week"":3,""opponent_team"":""SF"",""targets"":3,""receptions"":2,""receiving_yards"":22}],""recent_mean_weight"":0.428571,""targets"":3.818523,""catch_rate"":0.700855,""yards_per_reception"":11.637425,""mean_stages"":{""before_adjustments"":2.67623,""after_defense"":3.077665,""after_venue"":3.099208,""final"":3.099208},""sigma"":1.795715,""opponent"":{""team"":""DET"",""kind"":""pass"",""rating"":0.5,""rank"":32,""of"":32,""allowed"":327.0,""league"":234.585938,""games"":4,""season"":2026},""home"":true,""versus"":{""team"":""DET"",""values"":[1.0],""home"":[true],""since"":""2022 Wk 5"",""note"":""History only, not a model input. In our backtests, results against one opponent did not predict the next meeting beyond a player\u2019s overall form.""}}",WR
f8e7f43f73aa983c5c99c189587f0118,Detroit Lions @ Arizona Cardinals,Michael Wilson,betrivers,BetRivers,receptions,Receptions,over,5.5,-112,5.7770378083,0.5408805031,0.0,0.5283018868,,0.5141838223,5.5,3,125.786163522,2.380952381,Calibration fitted; not prospectively validated,2026-10-07T16:51:31Z,2026-10-11T20:25:00Z,Sun 4:25 PM ET,Arizona Cardinals,Detroit Lions,"{""version"":""nfl-projection-trace-1"",""family"":""receive"",""current_sample"":[{""season"":2026,""week"":1,""opponent_team"":""LAC"",""targets"":7,""receptions"":5,""receiving_yards"":56},{""season"":2026,""week"":2,""opponent_team"":""SEA"",""targets"":7,""receptions"":2,""receiving_yards"":18},{""season"":2026,""week"":3,""opponent_team"":""SF"",""targets"":17,""receptions"":11,""receiving_yards"":89},{""season"":2026,""week"":4,""opponent_team"":""NYG"",""targets"":13,""receptions"":7,""receiving_yards"":95}],""recent_mean_weight"":0.5,""targets"":9.115953,""catch_rate"":0.547237,""yards_per_reception"":12.339495,""mean_stages"":{""before_adjustments"":4.988591,""after_defense"":5.73688,""after_venue"":5.777038,""final"":5.777038},""sigma"":1.913541,""opponent"":{""team"":""DET"",""kind"":""pass"",""rating"":0.5,""rank"":32,""of"":32,""allowed"":327.0,""league"":234.585938,""games"":4,""season"":2026},""home"":true,""versus"":{""team"":""DET"",""values"":[8.0],""home"":[true],""since"":""2024 Wk 3"",""note"":""History only, not a model input. In our backtests, results against one opponent did not predict the next meeting beyond a player\u2019s overall form.""}}",WR
f8e7f43f73aa983c5c99c189587f0118,Detroit Lions @ Arizona Cardinals,Jahmyr Gibbs,betrivers,BetRivers,rush_yds,Rushing yards,under,90.5,-113,58.6876468418,0.5647668394,0.0,0.5305164319,0.4949766919,0.4968835567,90.5,4,342.5040745336,6.4560502545,Calibration fitted; not prospectively validated,2026-10-07T16:51:31Z,2026-10-11T20:25:00Z,Sun 4:25 PM ET,Arizona Cardinals,Detroit Lions,"{""version"":""nfl-projection-trace-1"",""family"":""rush"",""current_sample"":[{""season"":2026,""week"":1,""opponent_team"":""NO"",""carries"":29,""rushing_yards"":156},{""season"":2026,""week"":2,""opponent_team"":""BUF"",""carries"":16,""rushing_yards"":52},{""season"":2026,""week"":3,""opponent_team"":""NYJ"",""carries"":20,""rushing_yards"":99},{""season"":2026,""week"":4,""opponent_team"":""CAR"",""carries"":15,""rushing_yards"":46}],""recent_mean_weight"":0.5,""carries"":14.010573,""yards_per_carry"":4.20961,""mean_stages"":{""before_adjustments"":58.979044,""after_defense"":60.130786,""after_venue"":58.687647,""final"":58.687647},""sigma"":34.468589,""opponent"":{""team"":""ARI"",""kind"":""rush"",""rating"":0.934907,""rank"":20,""of"":32,""allowed"":117.5,""league"":111.390625,""games"":4,""season"":2026},""home"":false,""versus"":{""team"":""ARI"",""values"":[83.0],""home"":[false],""since"":""2024 Wk 3"",""note"":""History only, not a model input. In our backtests, results against one opponent did not predict the next meeting beyond a player\u2019s overall form.""}}",RB
f8e7f43f73aa983c5c99c189587f0118,Detroit Lions @ Arizona Cardinals,Jacoby Brissett,betrivers,BetRivers,rush_yds,Rushing yards,over,6.5,-114,17.5520736004,0.5647668394,0.0,0.5327102804,0.4969864995,0.5041017227,6.5,4,320.5655900441,6.0176347605,Calibration fitted; not prospectively validated,2026-10-07T16:51:31Z,2026-10-11T20:25:00Z,Sun 4:25 PM ET,Arizona Cardinals,Detroit Lions,"{""version"":""nfl-projection-trace-1"",""family"":""rush"",""current_sample"":[{""season"":2026,""week"":1,""opponent_team"":""LAC"",""carries"":6,""rushing_yards"":14},{""season"":2026,""week"":2,""opponent_team"":""SEA"",""carries"":1,""rushing_yards"":7},{""season"":2026,""week"":3,""opponent_team"":""SF"",""carries"":4,""rushing_yards"":4},{""season"":2026,""week"":4,""opponent_team"":""NYG"",""carries"":4,""rushing_yards"":18}],""recent_mean_weight"":0.5,""carries"":4.191647,""yards_per_carry"":3.98283,""mean_stages"":{""before_adjustments"":16.694619,""after_defense"":17.140697,""after_venue"":17.552074,""final"":17.552074},""sigma"":14.621516,""opponent"":{""team"":""DET"",""kind"":""rush"",""rating"":0.910934,""rank"":21,""of"":32,""allowed"":119.75,""league"":111.390625,""games"":4,""season"":2026},""home"":true,""versus"":null}",QB
f8e7f43f73aa983c5c99c189587f0118,Detroit Lions @ Arizona Cardinals,Jameson Williams,betmgm,BetMGM,receptions,Receptions,over,3.5,-115,4.5084567659,0.5475728155,0.0,0.5348837209,0.5,0.5263824914,3.5,4,126.8909460375,2.3723089911,Calibration fitted; not prospectively validated,2026-10-07T16:51:32Z,2026-10-11T20:25:00Z,Sun 4:25 PM ET,Arizona Cardinals,Detroit Lions,"{""version"":""nfl-projection-trace-1"",""family"":""receive"",""current_sample"":[{""season"":2026,""week"":1,""opponent_team"":""NO"",""targets"":9,""receptions"":4,""receiving_yards"":45},{""season"":2026,""week"":2,""opponent_team"":""BUF"",""targets"":4,""receptions"":2,""receiving_yards"":33},{""season"":2026,""week"":3,""opponent_team"":""NYJ"",""targets"":4,""receptions"":4,""receiving_yards"":49},{""season"":2026,""week"":4,""opponent_team"":""CAR"",""targets"":8,""receptions"":6,""receiving_yards"":102}],""recent_mean_weight"":0.5,""targets"":5.702105,""catch_rate"":0.774904,""yards_per_reception"":15.424715,""mean_stages"":{""before_adjustments"":4.418585,""after_defense"":4.540238,""after_venue"":4.508457,""final"":4.508457},""sigma"":2.128773,""opponent"":{""team"":""ARI"",""kind"":""pass"",""rating"":0.908226,""rank"":23,""of"":32,""allowed"":247.75,""league"":234.585938,""games"":4,""season"":2026},""home"":false,""versus"":{""team"":""ARI"",""values"":[1.0],""home"":[false],""since"":""2024 Wk 3"",""note"":""History only, not a model input. In our backtests, results against one opponent did not predict the next meeting beyond a player\u2019s overall form.""}}",WR
f8e7f43f73aa983c5c99c189587f0118,Detroit Lions @ Arizona Cardinals,Trey McBride,betmgm,BetMGM,receptions,Receptions,under,7.5,105,6.8647926167,0.5475728155,0.0,0.487804878,0.4518211157,0.4579178181,7.5,4,597.679374852,12.2524271845,Calibration fitted; not prospectively validated,2026-10-07T16:51:32Z,2026-10-11T20:25:00Z,Sun 4:25 PM ET,Arizona Cardinals,Detroit Lions,"{""version"":""nfl-projection-trace-1"",""family"":""receive"",""current_sample"":[{""season"":2026,""week"":1,""opponent_team"":""LAC"",""targets"":13,""receptions"":9,""receiving_yards"":95},{""season"":2026,""week"":2,""opponent_team"":""SEA"",""targets"":10,""receptions"":8,""receiving_yards"":41},{""season"":2026,""week"":3,""opponent_team"":""SF"",""targets"":11,""receptions"":9,""receiving_yards"":75},{""season"":2026,""week"":4,""opponent_team"":""NYG"",""targets"":12,""receptions"":7,""receiving_yards"":31}],""recent_mean_weight"":0.5,""targets"":8.889806,""catch_rate"":0.666819,""yards_per_reception"":7.815224,""mean_stages"":{""before_adjustments"":5.92789,""after_defense"":6.817073,""after_venue"":6.864793,""final"":6.864793},""sigma"":1.665142,""opponent"":{""team"":""DET"",""kind"":""pass"",""rating"":0.5,""rank"":32,""of"":32,""allowed"":327.0,""league"":234.585938,""games"":4,""season"":2026},""home"":true,""versus"":{""team"":""DET"",""values"":[3.0],""home"":[true],""since"":""2024 Wk 3"",""note"":""History only, not a model input. In our backtests, results against one opponent did not predict the next meeting beyond a player\u2019s overall form.""}}",TE
f8e7f43f73aa983c5c99c189587f0118,Detroit Lions @ Arizona Cardinals,Kendrick Bourne,betmgm,BetMGM,receptions,Receptions,over,2.5,100,3.0992082158,0.5475728155,0.0,0.5,0.4653465347,0.4422630147,2.5,4,475.7281553398,9.5145631068,Calibration fitted; not prospectively validated,2026-10-07T16:51:32Z,2026-10-11T20:25:00Z,Sun 4:25 PM ET,Arizona Cardinals,Detroit Lions,"{""version"":""nfl-projection-trace-1"",""family"":""receive"",""current_sample"":[{""season"":2026,""week"":1,""opponent_team"":""LAC"",""targets"":8,""receptions"":8,""receiving_yards"":75},{""season"":2026,""week"":2,""opponent_team"":""SEA"",""targets"":3,""receptions"":2,""receiving_yards"":11},{""season"":2026,""week"":3,""opponent_team"":""SF"",""targets"":3,""receptions"":2,""receiving_yards"":22}],""recent_mean_weight"":0.428571,""targets"":3.818523,""catch_rate"":0.700855,""yards_per_reception"":11.637425,""mean_stages"":{""before_adjustments"":2.67623,""after_defense"":3.077665,""after_venue"":3.099208,""final"":3.099208},""sigma"":1.795715,""opponent"":{""team"":""DET"",""kind"":""pass"",""rating"":0.5,""rank"":32,""of"":32,""allowed"":327.0,""league"":234.585938,""games"":4,""season"":2026},""home"":true,""versus"":{""team"":""DET"",""values"":[1.0],""home"":[true],""since"":""2022 Wk 5"",""note"":""History only, not a model input. In our backtests, results against one opponent did not predict the next meeting beyond a player\u2019s overall form.""}}",WR
f8e7f43f73aa983c5c99c189587f0118,Detroit Lions @ Arizona Cardinals,Isaac TeSlaa,betmgm,BetMGM,receptions,Receptions,over,2.5,120,2.9701825272,0.5475728155,0.0,0.4545454545,0.4248366013,0.4185317019,2.5,4,930.2736098853,20.4660194175,Calibration fitted; not prospectively validated,2026-10-07T16:51:32Z,2026-10-11T20:25:00Z,Sun 4:25 PM ET,Arizona Cardinals,Detroit Lions,"{""version"":""nfl-projection-trace-1"",""family"":""receive"",""current_sample"":[{""season"":2026,""week"":1,""opponent_team"":""NO"",""targets"":1,""receptions"":0,""receiving_yards"":0},{""season"":2026,""week"":2,""opponent_team"":""BUF"",""targets"":5,""receptions"":2,""receiving_yards"":26},{""season"":2026,""week"":3,""opponent_team"":""NYJ"",""targets"":3,""receptions"":3,""receiving_yards"":66},{""season"":2026,""week"":4,""opponent_team"":""CAR"",""targets"":8,""receptions"":4,""receiving_yards"":95}],""recent_mean_weight"":0.5,""targets"":4.903966,""catch_rate"":0.593596,""yards_per_reception"":17.060293,""mean_stages"":{""before_adjustments"":2.910975,""after_defense"":2.99112,""after_venue"":2.970183,""final"":2.970183},""sigma"":1.697593,""opponent"":{""team"":""ARI"",""kind"":""pass"",""rating"":0.908226,""rank"":23,""of"":32,""allowed"":247.75,""league"":234.585938,""games"":4,""season"":2026},""home"":false,""versus"":null}",WR
f8e7f43f73aa983c5c99c189587f0118,Detroit Lions @ Arizona Cardinals,Jahmyr Gibbs,betmgm,BetMGM,receptions,Receptions,under,4.5,-105,3.7914755578,0.5475728155,0.0,0.512195122,0.4796954315,0.4800100884,4.5,4,353.7769358276,6.907073509,Calibration fitted; not prospectively validated,2026-10-07T16:51:32Z,2026-10-11T20:25:00Z,Sun 4:25 PM ET,Arizona Cardinals,Detroit Lions,"{""version"":""nfl-projection-trace-1"",""family"":""receive"",""current_sample"":[{""season"":2026,""week"":1,""opponent_team"":""NO"",""targets"":5,""receptions"":5,""receiving_yards"":30},{""season"":2026,""week"":2,""opponent_team"":""BUF"",""targets"":8,""receptions"":6,""receiving_yards"":61},{""season"":2026,""week"":3,""opponent_team"":""NYJ"",""targets"":8,""receptions"":7,""receiving_yards"":65},{""season"":2026,""week"":4,""opponent_team"":""CAR"",""targets"":7,""receptions"":4,""receiving_yards"":31}],""recent_mean_weight"":0.5,""targets"":5.459073,""catch_rate"":0.680683,""yards_per_reception"":8.259435,""mean_stages"":{""before_adjustments"":3.715896,""after_defense"":3.818203,""after_venue"":3.791476,""final"":3.791476},""sigma"":1.369498,""opponent"":{""team"":""ARI"",""kind"":""pass"",""rating"":0.908226,""rank"":23,""of"":32,""allowed"":247.75,""league"":234.585938,""games"":4,""season"":2026},""home"":false,""versus"":{""team"":""ARI"",""values"":[0.0],""home"":[false],""since"":""2024 Wk 3"",""note"":""History only, not a model input. In our backtests, results against one opponent did not predict the next meeting beyond a player\u2019s overall form.""}}",RB
f8e7f43f73aa983c5c99c189587f0118,Detroit Lions @ Arizona Cardinals,Jahmyr Gibbs,betmgm,BetMGM,rush_yds,Rushing yards,under,91.5,-115,58.6876468418,0.5647668394,0.0,0.5348837209,0.5,0.5,90.5,1,298.8311844801,5.5868438838,Calibration fitted; not prospectively validated,2026-10-07T16:51:32Z,2026-10-11T20:25:00Z,Sun 4:25 PM ET,Arizona Cardinals,Detroit Lions,"{""version"":""nfl-projection-trace-1"",""family"":""rush"",""current_sample"":[{""season"":2026,""week"":1,""opponent_team"":""NO"",""carries"":29,""rushing_yards"":156},{""season"":2026,""week"":2,""opponent_team"":""BUF"",""carries"":16,""rushing_yards"":52},{""season"":2026,""week"":3,""opponent_team"":""NYJ"",""carries"":20,""rushing_yards"":99},{""season"":2026,""week"":4,""opponent_team"":""CAR"",""carries"":15,""rushing_yards"":46}],""recent_mean_weight"":0.5,""carries"":14.010573,""yards_per_carry"":4.20961,""mean_stages"":{""before_adjustments"":58.979044,""after_defense"":60.130786,""after_venue"":58.687647,""final"":58.687647},""sigma"":34.468589,""opponent"":{""team"":""ARI"",""kind"":""rush"",""rating"":0.934907,""rank"":20,""of"":32,""allowed"":117.5,""league"":111.390625,""games"":4,""season"":2026},""home"":false,""versus"":{""team"":""ARI"",""values"":[83.0],""home"":[false],""since"":""2024 Wk 3"",""note"":""History only, not a model input. In our backtests, results against one opponent did not predict the next meeting beyond a player\u2019s overall form.""}}",RB
f8e7f43f73aa983c5c99c189587f0118,Detroit Lions @ Arizona Cardinals,Amon-Ra St. Brown,fanatics,Fanatics,recv_yds,Receiving yards,under,75.5,100,64.1226513388,0.5010141988,0.0,0.5,0.4653465347,0.4653465347,80.5,1,10.1419878296,0.2028397566,Calibration fitted; not prospectively validated,2026-10-07T16:51:38Z,2026-10-11T20:25:00Z,Sun 4:25 PM ET,Arizona Cardinals,Detroit Lions,"{""version"":""nfl-projection-trace-1"",""family"":""receive"",""current_sample"":[{""season"":2026,""week"":1,""opponent_team"":""NO"",""targets"":14,""receptions"":10,""receiving_yards"":67},{""season"":2026,""week"":2,""opponent_team"":""BUF"",""targets"":13,""receptions"":9,""receiving_yards"":142},{""season"":2026,""week"":3,""opponent_team"":""NYJ"",""targets"":8,""receptions"":4,""receiving_yards"":19},{""season"":2026,""week"":4,""opponent_team"":""CAR"",""targets"":11,""receptions"":8,""receiving_yards"":75}],""recent_mean_weight"":0.5,""targets"":9.147737,""catch_rate"":0.667338,""yards_per_reception"":10.36764,""mean_stages"":{""before_adjustments"":63.29059,""after_defense"":65.033115,""after_venue"":64.122651,""final"":64.122651},""sigma"":34.406004,""opponent"":{""team"":""ARI"",""kind"":""pass"",""rating"":0.908226,""rank"":23,""of"":32,""allowed"":247.75,""league"":234.585938,""games"":4,""season"":2026},""home"":false,""versus"":{""team"":""ARI"",""values"":[90.0,75.0],""home"":[true,false],""since"":""2021 Wk 15"",""note"":""History only, not a model input. In our backtests, results against one opponent did not predict the next meeting beyond a player\u2019s overall form.""}}",WR
8e5d515b10d8a5ffb324640ed60bcc55,San Francisco 49ers @ Seattle Seahawks,Brock Purdy,draftkings,DraftKings,pass_attempts,Passing attempts,under,31.5,-107,24.1276514106,0.98,0.0,0.5169082126,0.4875171639,0.4897419064,31.5,3,4630.9178743961,89.5887850467,Calibration fitted; not prospectively validated,2026-10-07T16:51:22Z,2026-10-11T20:25:00Z,Sun 4:25 PM ET,Seattle Seahawks,San Francisco 49ers,"{""version"":""nfl-projection-trace-1"",""current_sample"":[{""season"":2026,""week"":1,""opponent_team"":""LA"",""attempts"":34,""completions"":25,""passing_yards"":205},{""season"":2026,""week"":2,""opponent_team"":""MIA"",""attempts"":22,""completions"":20,""passing_yards"":287},{""season"":2026,""week"":3,""opponent_team"":""ARI"",""attempts"":27,""completions"":15,""passing_yards"":297},{""season"":2026,""week"":4,""opponent_team"":""DEN"",""attempts"":30,""completions"":19,""passing_yards"":218}],""recent_mean_weight"":0.5,""yards_per_completion_recent_weight"":0.5,""career_baselines"":{""attempts"":{""mean"":28.367005,""games"":57,""position_pool_mean"":27.838228},""yards_per_completion"":{""mean"":11.844178,""games"":55,""position_pool_mean"":10.96096}},""attempts"":28.498773,""completion_rate"":0.645363,""yards_per_completion"":12.0,""limitations"":[""Appearance totals do not distinguish partial games from normal starter workloads."",""Completion rate uses recent games without career shrinkage."",""Variance omits completion-rate uncertainty and dependence among components.""],""mean_stages"":{""before_adjustments"":28.498773,""after_defense"":24.127651,""after_venue"":24.127651,""final"":24.127651},""sigma"":7.444218,""opponent"":{""team"":""SEA"",""kind"":""pass"",""rating"":1.511264,""rank"":2,""of"":32,""allowed"":161.25,""league"":234.585938,""games"":4,""season"":2026},""home"":false,""versus"":{""team"":""SEA"",""values"":[26.0,30.0,30.0,27.0,28.0,28.0,35.0,27.0,27.0],""home"":[false,true,false,true,false,true,false,true,false],""since"":""2022 Wk 15"",""note"":""History only, not a model input. In our backtests, results against one opponent did not predict the next meeting beyond a player\u2019s overall form.""}}",QB
8e5d515b10d8a5ffb324640ed60bcc55,San Francisco 49ers @ Seattle Seahawks,Sam Darnold,draftkings,DraftKings,pass_attempts,Passing attempts,under,30.5,-115,25.5795543069,0.6363636364,0.0,0.5348837209,0.5041554124,0.5082034454,30.5,3,1014.799154334,18.9723320158,Calibration fitted; not prospectively validated,2026-10-07T16:51:22Z,2026-10-11T20:25:00Z,Sun 4:25 PM ET,Seattle Seahawks,San Francisco 49ers,"{""version"":""nfl-projection-trace-1"",""current_sample"":[{""season"":2026,""week"":1,""opponent_team"":""NE"",""attempts"":2,""completions"":1,""passing_yards"":13},{""season"":2026,""week"":3,""opponent_team"":""WAS"",""attempts"":45,""completions"":31,""passing_yards"":379},{""season"":2026,""week"":4,""opponent_team"":""LAC"",""attempts"":22,""completions"":13,""passing_yards"":168}],""recent_mean_weight"":0.428571,""yards_per_completion_recent_weight"":0.428571,""career_baselines"":{""attempts"":{""mean"":27.317076,""games"":78,""position_pool_mean"":27.838228},""yards_per_completion"":{""mean"":11.515207,""games"":73,""position_pool_mean"":10.96096}},""attempts"":26.686681,""completion_rate"":0.606708,""yards_per_completion"":12.0,""limitations"":[""Appearance totals do not distinguish partial games from normal starter workloads."",""Completion rate uses recent games without career shrinkage."",""Variance omits completion-rate uncertainty and dependence among components.""],""mean_stages"":{""before_adjustments"":26.686681,""after_defense"":25.579554,""after_venue"":25.579554,""final"":25.579554},""sigma"":12.03447,""opponent"":{""team"":""SF"",""kind"":""pass"",""rating"":1.138287,""rank"":9,""of"":32,""allowed"":214.75,""league"":234.585938,""games"":4,""season"":2026},""home"":true,""versus"":{""team"":""SF"",""values"":[32.0,26.0,23.0,26.0,17.0],""home"":[true,true,true,false,true],""since"":""2020 Wk 2"",""note"":""History only, not a model input. In our backtests, results against one opponent did not predict the next meeting beyond a player\u2019s overall form.""}}",QB
8e5d515b10d8a5ffb324640ed60bcc55,San Francisco 49ers @ Seattle Seahawks,Brock Purdy,draftkings,DraftKings,pass_completions,Passing completions,under,20.5,102,15.5710847694,0.5428571429,0.0,0.495049505,0.466910272,0.4675280039,20.5,4,478.0763790665,9.6571428571,Calibration fitted; not prospectively validated,2026-10-07T16:51:22Z,2026-10-11T20:25:00Z,Sun 4:25 PM ET,Seattle Seahawks,San Francisco 49ers,"{""version"":""nfl-projection-trace-1"",""current_sample"":[{""season"":2026,""week"":1,""opponent_team"":""LA"",""attempts"":34,""completions"":25,""passing_yards"":205},{""season"":2026,""week"":2,""opponent_team"":""MIA"",""attempts"":22,""completions"":20,""passing_yards"":287},{""season"":2026,""week"":3,""opponent_team"":""ARI"",""attempts"":27,""completions"":15,""passing_yards"":297},{""season"":2026,""week"":4,""opponent_team"":""DEN"",""attempts"":30,""completions"":19,""passing_yards"":218}],""recent_mean_weight"":0.5,""yards_per_completion_recent_weight"":0.5,""career_baselines"":{""attempts"":{""mean"":28.367005,""games"":57,""position_pool_mean"":27.838228},""yards_per_completion"":{""mean"":11.844178,""games"":55,""position_pool_mean"":10.96096}},""attempts"":28.498773,""completion_rate"":0.645363,""yards_per_completion"":12.0,""limitations"":[""Appearance totals do not distinguish partial games from normal starter workloads."",""Completion rate uses recent games without career shrinkage."",""Variance omits completion-rate uncertainty and dependence among components.""],""mean_stages"":{""before_adjustments"":18.392043,""after_defense"":15.571085,""after_venue"":15.571085,""final"":15.571085},""sigma"":4.80422,""opponent"":{""team"":""SEA"",""kind"":""pass"",""rating"":1.511264,""rank"":2,""of"":32,""allowed"":161.25,""league"":234.585938,""games"":4,""season"":2026},""home"":false,""versus"":{""team"":""SEA"",""values"":[17.0,18.0,21.0,19.0,18.0,21.0,26.0,19.0,15.0],""home"":[false,true,false,true,false,true,false,true,false],""since"":""2022 Wk 15"",""note"":""History only, not a model input. In our backtests, results against one opponent did not predict the next meeting beyond a player\u2019s overall form.""}}",QB
8e5d515b10d8a5ffb324640ed60bcc55,San Francisco 49ers @ Seattle Seahawks,Brock Purdy,draftkings,DraftKings,pass_tds,Passing touchdowns,over,1.5,103,2.6235,0.5178018576,0.0,0.4926108374,0.4648542048,0.4673671449,1.5,6,251.9102014672,5.1137770898,Calibration fitted; not prospectively validated,2026-10-07T16:51:22Z,2026-10-11T20:25:00Z,Sun 4:25 PM ET,Seattle Seahawks,San Francisco 49ers,,QB
8e5d515b10d8a5ffb324640ed60bcc55,San Francisco 49ers @ Seattle Seahawks,Brock Purdy,fanduel,FanDuel,pass_tds,Passing touchdowns,over,1.5,-106,2.6235,0.5178018576,0.0,0.5145631068,0.4808467742,0.4673671449,1.5,6,32.3875078902,0.6294176062,Calibration fitted; not prospectively validated,2026-10-07T16:51:51Z,2026-10-11T20:25:00Z,Sun 4:25 PM ET,Seattle Seahawks,San Francisco 49ers,,QB
8e5d515b10d8a5ffb324640ed60bcc55,San Francisco 49ers @ Seattle Seahawks,Sam Darnold,betonlineag,BetOnline.ag,pass_attempts,Passing attempts,under,30.5,-118,25.5795543069,0.6363636364,0.0,0.5412844037,0.5082034454,0.5082034454,30.5,3,950.7923269391,17.5654853621,Calibration fitted; not prospectively validated,2026-10-07T16:50:37Z,2026-10-11T20:25:00Z,Sun 4:25 PM ET,Seattle Seahawks,San Francisco 49ers,"{""version"":""nfl-projection-trace-1"",""current_sample"":[{""season"":2026,""week"":1,""opponent_team"":""NE"",""attempts"":2,""completions"":1,""passing_yards"":13},{""season"":2026,""week"":3,""opponent_team"":""WAS"",""attempts"":45,""completions"":31,""passing_yards"":379},{""season"":2026,""week"":4,""opponent_team"":""LAC"",""attempts"":22,""completions"":13,""passing_yards"":168}],""recent_mean_weight"":0.428571,""yards_per_completion_recent_weight"":0.428571,""career_baselines"":{""attempts"":{""mean"":27.317076,""games"":78,""position_pool_mean"":27.838228},""yards_per_completion"":{""mean"":11.515207,""games"":73,""position_pool_mean"":10.96096}},""attempts"":26.686681,""completion_rate"":0.606708,""yards_per_completion"":12.0,""limitations"":[""Appearance totals do not distinguish partial games from normal starter workloads."",""Completion rate uses recent games without career shrinkage."",""Variance omits completion-rate uncertainty and dependence among components.""],""mean_stages"":{""before_adjustments"":26.686681,""after_defense"":25.579554,""after_venue"":25.579554,""final"":25.579554},""sigma"":12.03447,""opponent"":{""team"":""SF"",""kind"":""pass"",""rating"":1.138287,""rank"":9,""of"":32,""allowed"":214.75,""league"":234.585938,""games"":4,""season"":2026},""home"":true,""versus"":{""team"":""SF"",""values"":[32.0,26.0,23.0,26.0,17.0],""home"":[true,true,true,false,true],""since"":""2020 Wk 2"",""note"":""History only, not a model input. In our backtests, results against one opponent did not predict the next meeting beyond a player\u2019s overall form.""}}",QB
8e5d515b10d8a5ffb324640ed60bcc55,San Francisco 49ers @ Seattle Seahawks,Brock Purdy,betonlineag,BetOnline.ag,pass_attempts,Passing attempts,under,31.5,-109,24.1276514106,0.98,0.0,0.5215311005,0.4897419064,0.4897419064,31.5,3,4584.6889952153,87.9082568807,Calibration fitted; not prospectively validated,2026-10-07T16:50:37Z,2026-10-11T20:25:00Z,Sun 4:25 PM ET,Seattle Seahawks,San Francisco 49ers,"{""version"":""nfl-projection-trace-1"",""current_sample"":[{""season"":2026,""week"":1,""opponent_team"":""LA"",""attempts"":34,""completions"":25,""passing_yards"":205},{""season"":2026,""week"":2,""opponent_team"":""MIA"",""attempts"":22,""completions"":20,""passing_yards"":287},{""season"":2026,""week"":3,""opponent_team"":""ARI"",""attempts"":27,""completions"":15,""passing_yards"":297},{""season"":2026,""week"":4,""opponent_team"":""DEN"",""attempts"":30,""completions"":19,""passing_yards"":218}],""recent_mean_weight"":0.5,""yards_per_completion_recent_weight"":0.5,""career_baselines"":{""attempts"":{""mean"":28.367005,""games"":57,""position_pool_mean"":27.838228},""yards_per_completion"":{""mean"":11.844178,""games"":55,""position_pool_mean"":10.96096}},""attempts"":28.498773,""completion_rate"":0.645363,""yards_per_completion"":12.0,""limitations"":[""Appearance totals do not distinguish partial games from normal starter workloads."",""Completion rate uses recent games without career shrinkage."",""Variance omits completion-rate uncertainty and dependence among components.""],""mean_stages"":{""before_adjustments"":28.498773,""after_defense"":24.127651,""after_venue"":24.127651,""final"":24.127651},""sigma"":7.444218,""opponent"":{""team"":""SEA"",""kind"":""pass"",""rating"":1.511264,""rank"":2,""of"":32,""allowed"":161.25,""league"":234.585938,""games"":4,""season"":2026},""home"":false,""versus"":{""team"":""SEA"",""values"":[26.0,30.0,30.0,27.0,28.0,28.0,35.0,27.0,27.0],""home"":[false,true,false,true,false,true,false,true,false],""since"":""2022 Wk 15"",""note"":""History only, not a model input. In our backtests, results against one opponent did not predict the next meeting beyond a player\u2019s overall form.""}}",QB
8e5d515b10d8a5ffb324640ed60bcc55,San Francisco 49ers @ Seattle Seahawks,Brock Purdy,betonlineag,BetOnline.ag,pass_completions,Passing completions,under,20.5,101,15.5710847694,0.5428571429,0.0,0.4975124378,0.4681457358,0.4675280039,20.5,4,453.447050462,9.1142857143,Calibration fitted; not prospectively validated,2026-10-07T16:50:37Z,2026-10-11T20:25:00Z,Sun 4:25 PM ET,Seattle Seahawks,San Francisco 49ers,"{""version"":""nfl-projection-trace-1"",""current_sample"":[{""season"":2026,""week"":1,""opponent_team"":""LA"",""attempts"":34,""completions"":25,""passing_yards"":205},{""season"":2026,""week"":2,""opponent_team"":""MIA"",""attempts"":22,""completions"":20,""passing_yards"":287},{""season"":2026,""week"":3,""opponent_team"":""ARI"",""attempts"":27,""completions"":15,""passing_yards"":297},{""season"":2026,""week"":4,""opponent_team"":""DEN"",""attempts"":30,""completions"":19,""passing_yards"":218}],""recent_mean_weight"":0.5,""yards_per_completion_recent_weight"":0.5,""career_baselines"":{""attempts"":{""mean"":28.367005,""games"":57,""position_pool_mean"":27.838228},""yards_per_completion"":{""mean"":11.844178,""games"":55,""position_pool_mean"":10.96096}},""attempts"":28.498773,""completion_rate"":0.645363,""yards_per_completion"":12.0,""limitations"":[""Appearance totals do not distinguish partial games from normal starter workloads."",""Completion rate uses recent games without career shrinkage."",""Variance omits completion-rate uncertainty and dependence among components.""],""mean_stages"":{""before_adjustments"":18.392043,""after_defense"":15.571085,""after_venue"":15.571085,""final"":15.571085},""sigma"":4.80422,""opponent"":{""team"":""SEA"",""kind"":""pass"",""rating"":1.511264,""rank"":2,""of"":32,""allowed"":161.25,""league"":234.585938,""games"":4,""season"":2026},""home"":false,""versus"":{""team"":""SEA"",""values"":[17.0,18.0,21.0,19.0,18.0,21.0,26.0,19.0,15.0],""home"":[false,true,false,true,false,true,false,true,false],""since"":""2022 Wk 15"",""note"":""History only, not a model input. In our backtests, results against one opponent did not predict the next meeting beyond a player\u2019s overall form.""}}",QB
8e5d515b10d8a5ffb324640ed60bcc55,San Francisco 49ers @ Seattle Seahawks,Brock Purdy,betonlineag,BetOnline.ag,pass_tds,Passing touchdowns,over,1.5,100,2.6235,0.5178018576,0.0,0.5,0.4693877551,0.4673671449,1.5,6,178.0185758514,3.560371517,Calibration fitted; not prospectively validated,2026-10-07T16:50:37Z,2026-10-11T20:25:00Z,Sun 4:25 PM ET,Seattle Seahawks,San Francisco 49ers,,QB
8e5d515b10d8a5ffb324640ed60bcc55,San Francisco 49ers @ Seattle Seahawks,Brock Purdy,betmgm,BetMGM,pass_completions,Passing completions,under,20.5,100,15.5710847694,0.5428571429,0.0,0.5,0.4653465347,0.4675280039,20.5,4,428.5714285714,8.5714285714,Calibration fitted; not prospectively validated,2026-10-07T16:51:31Z,2026-10-11T20:25:00Z,Sun 4:25 PM ET,Seattle Seahawks,San Francisco 49ers,"{""version"":""nfl-projection-trace-1"",""current_sample"":[{""season"":2026,""week"":1,""opponent_team"":""LA"",""attempts"":34,""completions"":25,""passing_yards"":205},{""season"":2026,""week"":2,""opponent_team"":""MIA"",""attempts"":22,""completions"":20,""passing_yards"":287},{""season"":2026,""week"":3,""opponent_team"":""ARI"",""attempts"":27,""completions"":15,""passing_yards"":297},{""season"":2026,""week"":4,""opponent_team"":""DEN"",""attempts"":30,""completions"":19,""passing_yards"":218}],""recent_mean_weight"":0.5,""yards_per_completion_recent_weight"":0.5,""career_baselines"":{""attempts"":{""mean"":28.367005,""games"":57,""position_pool_mean"":27.838228},""yards_per_completion"":{""mean"":11.844178,""games"":55,""position_pool_mean"":10.96096}},""attempts"":28.498773,""completion_rate"":0.645363,""yards_per_completion"":12.0,""limitations"":[""Appearance totals do not distinguish partial games from normal starter workloads."",""Completion rate uses recent games without career shrinkage."",""Variance omits completion-rate uncertainty and dependence among components.""],""mean_stages"":{""before_adjustments"":18.392043,""after_defense"":15.571085,""after_venue"":15.571085,""final"":15.571085},""sigma"":4.80422,""opponent"":{""team"":""SEA"",""kind"":""pass"",""rating"":1.511264,""rank"":2,""of"":32,""allowed"":161.25,""league"":234.585938,""games"":4,""season"":2026},""home"":false,""versus"":{""team"":""SEA"",""values"":[17.0,18.0,21.0,19.0,18.0,21.0,26.0,19.0,15.0],""home"":[false,true,false,true,false,true,false,true,false],""since"":""2022 Wk 15"",""note"":""History only, not a model input. In our backtests, results against one opponent did not predict the next meeting beyond a player\u2019s overall form.""}}",QB
8e5d515b10d8a5ffb324640ed60bcc55,San Francisco 49ers @ Seattle Seahawks,Brock Purdy,betmgm,BetMGM,pass_tds,Passing touchdowns,over,1.5,100,2.6235,0.5178018576,0.0,0.5,0.4653465347,0.4673671449,1.5,6,178.0185758514,3.560371517,Calibration fitted; not prospectively validated,2026-10-07T16:51:31Z,2026-10-11T20:25:00Z,Sun 4:25 PM ET,Seattle Seahawks,San Francisco 49ers,,QB
8e5d515b10d8a5ffb324640ed60bcc55,San Francisco 49ers @ Seattle Seahawks,Brock Purdy,bovada,Bovada,pass_attempts,Passing attempts,under,31.5,-110,24.1276514106,0.98,0.0,0.5238095238,0.4898785425,0.4897419064,31.5,3,4561.9047619048,87.0909090909,Calibration fitted; not prospectively validated,2026-10-07T16:50:26Z,2026-10-11T20:25:00Z,Sun 4:25 PM ET,Seattle Seahawks,San Francisco 49ers,"{""version"":""nfl-projection-trace-1"",""current_sample"":[{""season"":2026,""week"":1,""opponent_team"":""LA"",""attempts"":34,""completions"":25,""passing_yards"":205},{""season"":2026,""week"":2,""opponent_team"":""MIA"",""attempts"":22,""completions"":20,""passing_yards"":287},{""season"":2026,""week"":3,""opponent_team"":""ARI"",""attempts"":27,""completions"":15,""passing_yards"":297},{""season"":2026,""week"":4,""opponent_team"":""DEN"",""attempts"":30,""completions"":19,""passing_yards"":218}],""recent_mean_weight"":0.5,""yards_per_completion_recent_weight"":0.5,""career_baselines"":{""attempts"":{""mean"":28.367005,""games"":57,""position_pool_mean"":27.838228},""yards_per_completion"":{""mean"":11.844178,""games"":55,""position_pool_mean"":10.96096}},""attempts"":28.498773,""completion_rate"":0.645363,""yards_per_completion"":12.0,""limitations"":[""Appearance totals do not distinguish partial games from normal starter workloads."",""Completion rate uses recent games without career shrinkage."",""Variance omits completion-rate uncertainty and dependence among components.""],""mean_stages"":{""before_adjustments"":28.498773,""after_defense"":24.127651,""after_venue"":24.127651,""final"":24.127651},""sigma"":7.444218,""opponent"":{""team"":""SEA"",""kind"":""pass"",""rating"":1.511264,""rank"":2,""of"":32,""allowed"":161.25,""league"":234.585938,""games"":4,""season"":2026},""home"":false,""versus"":{""team"":""SEA"",""values"":[26.0,30.0,30.0,27.0,28.0,28.0,35.0,27.0,27.0],""home"":[false,true,false,true,false,true,false,true,false],""since"":""2022 Wk 15"",""note"":""History only, not a model input. In our backtests, results against one opponent did not predict the next meeting beyond a player\u2019s overall form.""}}",QB
8e5d515b10d8a5ffb324640ed60bcc55,San Francisco 49ers @ Seattle Seahawks,Sam Darnold,bovada,Bovada,pass_attempts,Passing attempts,under,30.5,-120,25.5795543069,0.6363636364,0.0,0.5454545455,0.5101214575,0.5082034454,30.5,3,909.0909090909,16.6666666667,Calibration fitted; not prospectively validated,2026-10-07T16:50:26Z,2026-10-11T20:25:00Z,Sun 4:25 PM ET,Seattle Seahawks,San Francisco 49ers,"{""version"":""nfl-projection-trace-1"",""current_sample"":[{""season"":2026,""week"":1,""opponent_team"":""NE"",""attempts"":2,""completions"":1,""passing_yards"":13},{""season"":2026,""week"":3,""opponent_team"":""WAS"",""attempts"":45,""completions"":31,""passing_yards"":379},{""season"":2026,""week"":4,""opponent_team"":""LAC"",""attempts"":22,""completions"":13,""passing_yards"":168}],""recent_mean_weight"":0.428571,""yards_per_completion_recent_weight"":0.428571,""career_baselines"":{""attempts"":{""mean"":27.317076,""games"":78,""position_pool_mean"":27.838228},""yards_per_completion"":{""mean"":11.515207,""games"":73,""position_pool_mean"":10.96096}},""attempts"":26.686681,""completion_rate"":0.606708,""yards_per_completion"":12.0,""limitations"":[""Appearance totals do not distinguish partial games from normal starter workloads."",""Completion rate uses recent games without career shrinkage."",""Variance omits completion-rate uncertainty and dependence among components.""],""mean_stages"":{""before_adjustments"":26.686681,""after_defense"":25.579554,""after_venue"":25.579554,""final"":25.579554},""sigma"":12.03447,""opponent"":{""team"":""SF"",""kind"":""pass"",""rating"":1.138287,""rank"":9,""of"":32,""allowed"":214.75,""league"":234.585938,""games"":4,""season"":2026},""home"":true,""versus"":{""team"":""SF"",""values"":[32.0,26.0,23.0,26.0,17.0],""home"":[true,true,true,false,true],""since"":""2020 Wk 2"",""note"":""History only, not a model input. In our backtests, results against one opponent did not predict the next meeting beyond a player\u2019s overall form.""}}",QB
8e5d515b10d8a5ffb324640ed60bcc55,San Francisco 49ers @ Seattle Seahawks,Brock Purdy,bovada,Bovada,pass_completions,Passing completions,under,20.5,100,15.5710847694,0.5428571429,0.0,0.5,0.4693877551,0.4675280039,20.5,4,428.5714285714,8.5714285714,Calibration fitted; not prospectively validated,2026-10-07T16:50:26Z,2026-10-11T20:25:00Z,Sun 4:25 PM ET,Seattle Seahawks,San Francisco 49ers,"{""version"":""nfl-projection-trace-1"",""current_sample"":[{""season"":2026,""week"":1,""opponent_team"":""LA"",""attempts"":34,""completions"":25,""passing_yards"":205},{""season"":2026,""week"":2,""opponent_team"":""MIA"",""attempts"":22,""completions"":20,""passing_yards"":287},{""season"":2026,""week"":3,""opponent_team"":""ARI"",""attempts"":27,""completions"":15,""passing_yards"":297},{""season"":2026,""week"":4,""opponent_team"":""DEN"",""attempts"":30,""completions"":19,""passing_yards"":218}],""recent_mean_weight"":0.5,""yards_per_completion_recent_weight"":0.5,""career_baselines"":{""attempts"":{""mean"":28.367005,""games"":57,""position_pool_mean"":27.838228},""yards_per_completion"":{""mean"":11.844178,""games"":55,""position_pool_mean"":10.96096}},""attempts"":28.498773,""completion_rate"":0.645363,""yards_per_completion"":12.0,""limitations"":[""Appearance totals do not distinguish partial games from normal starter workloads."",""Completion rate uses recent games without career shrinkage."",""Variance omits completion-rate uncertainty and dependence among components.""],""mean_stages"":{""before_adjustments"":18.392043,""after_defense"":15.571085,""after_venue"":15.571085,""final"":15.571085},""sigma"":4.80422,""opponent"":{""team"":""SEA"",""kind"":""pass"",""rating"":1.511264,""rank"":2,""of"":32,""allowed"":161.25,""league"":234.585938,""games"":4,""season"":2026},""home"":false,""versus"":{""team"":""SEA"",""values"":[17.0,18.0,21.0,19.0,18.0,21.0,26.0,19.0,15.0],""home"":[false,true,false,true,false,true,false,true,false],""since"":""2022 Wk 15"",""note"":""History only, not a model input. In our backtests, results against one opponent did not predict the next meeting beyond a player\u2019s overall form.""}}",QB
8e5d515b10d8a5ffb324640ed60bcc55,San Francisco 49ers @ Seattle Seahawks,Brock Purdy,bovada,Bovada,pass_tds,Passing touchdowns,over,1.5,105,2.6235,0.5178018576,0.0,0.487804878,0.4592085979,0.4673671449,1.5,6,299.9697953636,6.149380805,Calibration fitted; not prospectively validated,2026-10-07T16:50:26Z,2026-10-11T20:25:00Z,Sun 4:25 PM ET,Seattle Seahawks,San Francisco 49ers,,QB
8e5d515b10d8a5ffb324640ed60bcc55,San Francisco 49ers @ Seattle Seahawks,Jaxon Smith-Njigba,draftkings,DraftKings,receptions,Receptions,under,6.5,-108,5.8249600964,0.5420560748,0.0,0.5192307692,0.4896023956,0.4855476506,6.5,4,228.2530553559,4.3959847698,Calibration fitted; not prospectively validated,2026-10-07T16:51:22Z,2026-10-11T20:25:00Z,Sun 4:25 PM ET,Seattle Seahawks,San Francisco 49ers,"{""version"":""nfl-projection-trace-1"",""family"":""receive"",""current_sample"":[{""season"":2026,""week"":1,""opponent_team"":""NE"",""targets"":11,""receptions"":8,""receiving_yards"":122},{""season"":2026,""week"":2,""opponent_team"":""ARI"",""targets"":11,""receptions"":9,""receiving_yards"":155},{""season"":2026,""week"":3,""opponent_team"":""WAS"",""targets"":14,""receptions"":10,""receiving_yards"":128},{""season"":2026,""week"":4,""opponent_team"":""LAC"",""targets"":6,""receptions"":5,""receiving_yards"":76}],""recent_mean_weight"":0.5,""targets"":7.559235,""catch_rate"":0.798339,""yards_per_reception"":13.686547,""mean_stages"":{""before_adjustments"":6.03483,""after_defense"":5.784469,""after_venue"":5.82496,""final"":5.82496},""sigma"":2.80911,""opponent"":{""team"":""SF"",""kind"":""pass"",""rating"":1.138287,""rank"":9,""of"":32,""allowed"":214.75,""league"":234.585938,""games"":4,""season"":2026},""home"":true,""versus"":{""team"":""SF"",""values"":[2.0,4.0,5.0,10.0,9.0,6.0,3.0],""home"":[true,false,true,false,true,false,true],""since"":""2023 Wk 12"",""note"":""History only, not a model input. In our backtests, results against one opponent did not predict the next meeting beyond a player\u2019s overall form.""}}",WR
8e5d515b10d8a5ffb324640ed60bcc55,San Francisco 49ers @ Seattle Seahawks,Christian McCaffrey,draftkings,DraftKings,receptions,Receptions,under,4.5,106,2.8819714247,0.5789473684,0.0,0.4854368932,0.4580003898,0.4723111002,4.5,5,935.1047521717,19.2631578947,Calibration fitted; not prospectively validated,2026-10-07T16:51:22Z,2026-10-11T20:25:00Z,Sun 4:25 PM ET,Seattle Seahawks,San Francisco 49ers,"{""version"":""nfl-projection-trace-1"",""family"":""receive"",""current_sample"":[{""season"":2026,""week"":1,""opponent_team"":""LA"",""targets"":8,""receptions"":5,""receiving_yards"":20},{""season"":2026,""week"":2,""opponent_team"":""MIA"",""targets"":4,""receptions"":4,""receiving_yards"":43},{""season"":2026,""week"":3,""opponent_team"":""ARI"",""targets"":5,""receptions"":4,""receiving_yards"":41},{""season"":2026,""week"":4,""opponent_team"":""DEN"",""targets"":5,""receptions"":3,""receiving_yards"":18}],""recent_mean_weight"":0.5,""targets"":4.970723,""catch_rate"":0.689655,""yards_per_reception"":7.915741,""mean_stages"":{""before_adjustments"":3.428085,""after_defense"":2.902287,""after_venue"":2.881971,""final"":2.881971},""sigma"":1.383383,""opponent"":{""team"":""SEA"",""kind"":""pass"",""rating"":1.511264,""rank"":2,""of"":32,""allowed"":161.25,""league"":234.585938,""games"":4,""season"":2026},""home"":false,""versus"":{""team"":""SEA"",""values"":[6.0,2.0,5.0,1.0,4.0,9.0,6.0,5.0],""home"":[false,true,false,true,true,false,true,false],""since"":""2022 Wk 15"",""note"":""History only, not a model input. In our backtests, results against one opponent did not predict the next meeting beyond a player\u2019s overall form.""}}",RB
8e5d515b10d8a5ffb324640ed60bcc55,San Francisco 49ers @ Seattle Seahawks,George Kittle,draftkings,DraftKings,receptions,Receptions,under,4.5,-109,3.4263624158,0.5475728155,0.0,0.5215311005,0.4916850289,0.4821339934,4.5,4,260.4171505551,4.9933196758,Calibration fitted; not prospectively validated,2026-10-07T16:51:22Z,2026-10-11T20:25:00Z,Sun 4:25 PM ET,Seattle Seahawks,San Francisco 49ers,"{""version"":""nfl-projection-trace-1"",""family"":""receive"",""current_sample"":[{""season"":2026,""week"":1,""opponent_team"":""LA"",""targets"":5,""receptions"":2,""receiving_yards"":12},{""season"":2026,""week"":2,""opponent_team"":""MIA"",""targets"":4,""receptions"":4,""receiving_yards"":80},{""season"":2026,""week"":3,""opponent_team"":""ARI"",""targets"":7,""receptions"":6,""receiving_yards"":82},{""season"":2026,""week"":4,""opponent_team"":""DEN"",""targets"":6,""receptions"":4,""receiving_yards"":70}],""recent_mean_weight"":0.5,""targets"":5.538196,""catch_rate"":0.735914,""yards_per_reception"":14.314023,""mean_stages"":{""before_adjustments"":4.075634,""after_defense"":3.450516,""after_venue"":3.426362,""final"":3.426362},""sigma"":1.553119,""opponent"":{""team"":""SEA"",""kind"":""pass"",""rating"":1.511264,""rank"":2,""of"":32,""allowed"":161.25,""league"":234.585938,""games"":4,""season"":2026},""home"":false,""versus"":{""team"":""SEA"",""values"":[2.0,7.0,4.0,9.0,4.0,2.0,3.0,3.0,5.0,4.0,5.0],""home"":[false,true,true,false,false,true,false,true,false,false,true],""since"":""2020 Wk 8"",""note"":""History only, not a model input. In our backtests, results against one opponent did not predict the next meeting beyond a player\u2019s overall form.""}}",TE
8e5d515b10d8a5ffb324640ed60bcc55,San Francisco 49ers @ Seattle Seahawks,Mike Evans,draftkings,DraftKings,receptions,Receptions,under,3.5,119,3.7036264812,0.4591194969,0.0,0.4566210046,0.4302208921,0.4204102331,3.5,4,24.9849228914,0.5471698113,Calibration fitted; not prospectively validated,2026-10-07T16:51:22Z,2026-10-11T20:25:00Z,Sun 4:25 PM ET,Seattle Seahawks,San Francisco 49ers,"{""version"":""nfl-projection-trace-1"",""family"":""receive"",""current_sample"":[{""season"":2026,""week"":1,""opponent_team"":""LA"",""targets"":7,""receptions"":6,""receiving_yards"":49},{""season"":2026,""week"":2,""opponent_team"":""MIA"",""targets"":3,""receptions"":3,""receiving_yards"":54},{""season"":2026,""week"":3,""opponent_team"":""ARI"",""targets"":6,""receptions"":3,""receiving_yards"":34},{""season"":2026,""week"":4,""opponent_team"":""DEN"",""targets"":8,""receptions"":5,""receiving_yards"":76}],""recent_mean_weight"":0.5,""targets"":6.880205,""catch_rate"":0.640306,""yards_per_reception"":13.999585,""mean_stages"":{""before_adjustments"":4.405438,""after_defense"":3.729735,""after_venue"":3.703626,""final"":3.703626},""sigma"":1.742594,""opponent"":{""team"":""SEA"",""kind"":""pass"",""rating"":1.511264,""rank"":2,""of"":32,""allowed"":161.25,""league"":234.585938,""games"":4,""season"":2026},""home"":false,""versus"":{""team"":""SEA"",""values"":[5.0],""home"":[true],""since"":""2022 Wk 10"",""note"":""History only, not a model input. In our backtests, results against one opponent did not predict the next meeting beyond a player\u2019s overall form.""}}",WR
8e5d515b10d8a5ffb324640ed60bcc55,San Francisco 49ers @ Seattle Seahawks,AJ Barner,draftkings,DraftKings,receptions,Receptions,under,2.5,103,1.8009533112,0.5475728155,0.0,0.4926108374,0.464037123,0.4545478297,2.5,4,549.6197809556,11.1572815534,Calibration fitted; not prospectively validated,2026-10-07T16:51:22Z,2026-10-11T20:25:00Z,Sun 4:25 PM ET,Seattle Seahawks,San Francisco 49ers,"{""version"":""nfl-projection-trace-1"",""family"":""receive"",""current_sample"":[{""season"":2026,""week"":1,""opponent_team"":""NE"",""targets"":2,""receptions"":2,""receiving_yards"":13},{""season"":2026,""week"":2,""opponent_team"":""ARI"",""targets"":1,""receptions"":1,""receiving_yards"":8},{""season"":2026,""week"":3,""opponent_team"":""WAS"",""targets"":9,""receptions"":5,""receiving_yards"":69},{""season"":2026,""week"":4,""opponent_team"":""LAC"",""targets"":3,""receptions"":1,""receiving_yards"":12}],""recent_mean_weight"":0.5,""targets"":3.731681,""catch_rate"":0.5,""yards_per_reception"":10.956886,""mean_stages"":{""before_adjustments"":1.865841,""after_defense"":1.788434,""after_venue"":1.800953,""final"":1.800953},""sigma"":1.320888,""opponent"":{""team"":""SF"",""kind"":""pass"",""rating"":1.138287,""rank"":9,""of"":32,""allowed"":214.75,""league"":234.585938,""games"":4,""season"":2026},""home"":true,""versus"":{""team"":""SF"",""values"":[1.0,2.0,1.0,2.0,0.0],""home"":[true,false,true,false,true],""since"":""2024 Wk 6"",""note"":""History only, not a model input. In our backtests, results against one opponent did not predict the next meeting beyond a player\u2019s overall form.""}}",TE
8e5d515b10d8a5ffb324640ed60bcc55,San Francisco 49ers @ Seattle Seahawks,Cooper Kupp,draftkings,DraftKings,receptions,Receptions,over,2.5,-107,2.8041829814,0.5420560748,0.0,0.5169082126,0.4875171639,0.4858161777,2.5,5,251.4786220597,4.8650537165,Calibration fitted; not prospectively validated,2026-10-07T16:51:22Z,2026-10-11T20:25:00Z,Sun 4:25 PM ET,Seattle Seahawks,San Francisco 49ers,"{""version"":""nfl-projection-trace-1"",""family"":""receive"",""current_sample"":[{""season"":2026,""week"":1,""opponent_team"":""NE"",""targets"":3,""receptions"":2,""receiving_yards"":35},{""season"":2026,""week"":2,""opponent_team"":""ARI"",""targets"":2,""receptions"":2,""receiving_yards"":20},{""season"":2026,""week"":3,""opponent_team"":""WAS"",""targets"":5,""receptions"":4,""receiving_yards"":46},{""season"":2026,""week"":4,""opponent_team"":""LAC"",""targets"":2,""receptions"":1,""receiving_yards"":13}],""recent_mean_weight"":0.5,""targets"":4.613499,""catch_rate"":0.629721,""yards_per_reception"":12.696785,""mean_stages"":{""before_adjustments"":2.905216,""after_defense"":2.78469,""after_venue"":2.804183,""final"":2.804183},""sigma"":1.944106,""opponent"":{""team"":""SF"",""kind"":""pass"",""rating"":1.138287,""rank"":9,""of"":32,""allowed"":214.75,""league"":234.585938,""games"":4,""season"":2026},""home"":true,""versus"":{""team"":""SF"",""values"":[3.0,2.0,11.0,7.0,11.0,14.0,8.0,0.0,2.0,2.0,5.0],""home"":[false,true,false,true,true,false,true,false,true,false,true],""since"":""2020 Wk 6"",""note"":""History only, not a model input. In our backtests, results against one opponent did not predict the next meeting beyond a player\u2019s overall form.""}}",WR
8e5d515b10d8a5ffb324640ed60bcc55,San Francisco 49ers @ Seattle Seahawks,Rashid Shaheed,draftkings,DraftKings,receptions,Receptions,under,1.5,140,1.8992644703,0.4524271845,0.0,0.4166666667,0.3937341236,0.4063825973,1.5,5,357.6051779935,8.5825242718,Calibration fitted; not prospectively validated,2026-10-07T16:51:22Z,2026-10-11T20:25:00Z,Sun 4:25 PM ET,Seattle Seahawks,San Francisco 49ers,"{""version"":""nfl-projection-trace-1"",""family"":""receive"",""current_sample"":[{""season"":2026,""week"":1,""opponent_team"":""NE"",""targets"":3,""receptions"":1,""receiving_yards"":4},{""season"":2026,""week"":2,""opponent_team"":""ARI"",""targets"":6,""receptions"":3,""receiving_yards"":35},{""season"":2026,""week"":3,""opponent_team"":""WAS"",""targets"":3,""receptions"":2,""receiving_yards"":14},{""season"":2026,""week"":4,""opponent_team"":""LAC"",""targets"":3,""receptions"":1,""receiving_yards"":20}],""recent_mean_weight"":0.5,""targets"":3.935388,""catch_rate"":0.5,""yards_per_reception"":14.730613,""mean_stages"":{""before_adjustments"":1.967694,""after_defense"":1.886062,""after_venue"":1.899264,""final"":1.899264},""sigma"":1.206731,""opponent"":{""team"":""SF"",""kind"":""pass"",""rating"":1.138287,""rank"":9,""of"":32,""allowed"":214.75,""league"":234.585938,""games"":4,""season"":2026},""home"":true,""versus"":{""team"":""SF"",""values"":[2.0,4.0,1.0,0.0],""home"":[false,true,false,true],""since"":""2022 Wk 12"",""note"":""History only, not a model input. In our backtests, results against one opponent did not predict the next meeting beyond a player\u2019s overall form.""}}",WR
8e5d515b10d8a5ffb324640ed60bcc55,San Francisco 49ers @ Seattle Seahawks,Brock Purdy,draftkings,DraftKings,rush_yds,Rushing yards,over,18.5,-118,32.9242053052,0.5647668394,0.0,0.5412844037,0.5126539565,0.5030544184,18.5,6,234.8243570851,4.3382804953,Calibration fitted; not prospectively validated,2026-10-07T16:51:22Z,2026-10-11T20:25:00Z,Sun 4:25 PM ET,Seattle Seahawks,San Francisco 49ers,"{""version"":""nfl-projection-trace-1"",""family"":""rush"",""current_sample"":[{""season"":2026,""week"":1,""opponent_team"":""LA"",""carries"":5,""rushing_yards"":29},{""season"":2026,""week"":2,""opponent_team"":""MIA"",""carries"":3,""rushing_yards"":30},{""season"":2026,""week"":3,""opponent_team"":""ARI"",""carries"":2,""rushing_yards"":34},{""season"":2026,""week"":4,""opponent_team"":""DEN"",""carries"":10,""rushing_yards"":29}],""recent_mean_weight"":0.5,""carries"":6.218877,""yards_per_carry"":5.592281,""mean_stages"":{""before_adjustments"":34.77771,""after_defense"":33.733817,""after_venue"":32.924205,""final"":32.924205},""sigma"":25.938035,""opponent"":{""team"":""SEA"",""kind"":""rush"",""rating"":1.100054,""rank"":11,""of"":32,""allowed"":102.0,""league"":111.390625,""games"":4,""season"":2026},""home"":false,""versus"":{""team"":""SEA"",""values"":[-2.0,16.0,1.0,7.0,19.0,40.0,17.0,21.0,37.0],""home"":[false,true,false,true,false,true,false,true,false],""since"":""2022 Wk 15"",""note"":""History only, not a model input. In our backtests, results against one opponent did not predict the next meeting beyond a player\u2019s overall form.""}}",QB
8e5d515b10d8a5ffb324640ed60bcc55,San Francisco 49ers @ Seattle Seahawks,Sam Darnold,draftkings,DraftKings,rush_yds,Rushing yards,over,4.5,-116,11.6917999202,0.5647668394,0.0,0.537037037,0.5084288604,0.5101897756,4.5,4,277.298023412,5.1634804359,Calibration fitted; not prospectively validated,2026-10-07T16:51:22Z,2026-10-11T20:25:00Z,Sun 4:25 PM ET,Seattle Seahawks,San Francisco 49ers,"{""version"":""nfl-projection-trace-1"",""family"":""rush"",""current_sample"":[{""season"":2026,""week"":1,""opponent_team"":""NE"",""carries"":0,""rushing_yards"":0},{""season"":2026,""week"":3,""opponent_team"":""WAS"",""carries"":1,""rushing_yards"":5},{""season"":2026,""week"":4,""opponent_team"":""LAC"",""carries"":3,""rushing_yards"":6}],""recent_mean_weight"":0.428571,""carries"":3.50969,""yards_per_carry"":3.378938,""mean_stages"":{""before_adjustments"":11.859024,""after_defense"":11.417773,""after_venue"":11.6918,""final"":11.6918},""sigma"":12.52577,""opponent"":{""team"":""SF"",""kind"":""rush"",""rating"":1.124027,""rank"":9,""of"":32,""allowed"":99.75,""league"":111.390625,""games"":4,""season"":2026},""home"":true,""versus"":{""team"":""SF"",""values"":[7.0,32.0,14.0,9.0,0.0],""home"":[true,true,true,false,true],""since"":""2020 Wk 2"",""note"":""History only, not a model input. In our backtests, results against one opponent did not predict the next meeting beyond a player\u2019s overall form.""}}",QB
8e5d515b10d8a5ffb324640ed60bcc55,San Francisco 49ers @ Seattle Seahawks,AJ Barner,fanduel,FanDuel,receptions,Receptions,under,2.5,114,1.8009533112,0.5475728155,0.0,0.4672897196,0.4365299335,0.4545478297,2.5,4,802.8309590781,17.1805825243,Calibration fitted; not prospectively validated,2026-10-07T16:51:51Z,2026-10-11T20:25:00Z,Sun 4:25 PM ET,Seattle Seahawks,San Francisco 49ers,"{""version"":""nfl-projection-trace-1"",""family"":""receive"",""current_sample"":[{""season"":2026,""week"":1,""opponent_team"":""NE"",""targets"":2,""receptions"":2,""receiving_yards"":13},{""season"":2026,""week"":2,""opponent_team"":""ARI"",""targets"":1,""receptions"":1,""receiving_yards"":8},{""season"":2026,""week"":3,""opponent_team"":""WAS"",""targets"":9,""receptions"":5,""receiving_yards"":69},{""season"":2026,""week"":4,""opponent_team"":""LAC"",""targets"":3,""receptions"":1,""receiving_yards"":12}],""recent_mean_weight"":0.5,""targets"":3.731681,""catch_rate"":0.5,""yards_per_reception"":10.956886,""mean_stages"":{""before_adjustments"":1.865841,""after_defense"":1.788434,""after_venue"":1.800953,""final"":1.800953},""sigma"":1.320888,""opponent"":{""team"":""SF"",""kind"":""pass"",""rating"":1.138287,""rank"":9,""of"":32,""allowed"":214.75,""league"":234.585938,""games"":4,""season"":2026},""home"":true,""versus"":{""team"":""SF"",""values"":[1.0,2.0,1.0,2.0,0.0],""home"":[true,false,true,false,true],""since"":""2024 Wk 6"",""note"":""History only, not a model input. In our backtests, results against one opponent did not predict the next meeting beyond a player\u2019s overall form.""}}",TE
8e5d515b10d8a5ffb324640ed60bcc55,San Francisco 49ers @ Seattle Seahawks,Cooper Kupp,fanduel,FanDuel,receptions,Receptions,over,2.5,-108,2.8041829814,0.5420560748,0.0,0.5192307692,0.4858161777,0.4858161777,2.5,5,228.2530553559,4.3959847698,Calibration fitted; not prospectively validated,2026-10-07T16:51:51Z,2026-10-11T20:25:00Z,Sun 4:25 PM ET,Seattle Seahawks,San Francisco 49ers,"{""version"":""nfl-projection-trace-1"",""family"":""receive"",""current_sample"":[{""season"":2026,""week"":1,""opponent_team"":""NE"",""targets"":3,""receptions"":2,""receiving_yards"":35},{""season"":2026,""week"":2,""opponent_team"":""ARI"",""targets"":2,""receptions"":2,""receiving_yards"":20},{""season"":2026,""week"":3,""opponent_team"":""WAS"",""targets"":5,""receptions"":4,""receiving_yards"":46},{""season"":2026,""week"":4,""opponent_team"":""LAC"",""targets"":2,""receptions"":1,""receiving_yards"":13}],""recent_mean_weight"":0.5,""targets"":4.613499,""catch_rate"":0.629721,""yards_per_reception"":12.696785,""mean_stages"":{""before_adjustments"":2.905216,""after_defense"":2.78469,""after_venue"":2.804183,""final"":2.804183},""sigma"":1.944106,""opponent"":{""team"":""SF"",""kind"":""pass"",""rating"":1.138287,""rank"":9,""of"":32,""allowed"":214.75,""league"":234.585938,""games"":4,""season"":2026},""home"":true,""versus"":{""team"":""SF"",""values"":[3.0,2.0,11.0,7.0,11.0,14.0,8.0,0.0,2.0,2.0,5.0],""home"":[false,true,false,true,true,false,true,false,true,false,true],""since"":""2020 Wk 6"",""note"":""History only, not a model input. In our backtests, results against one opponent did not predict the next meeting beyond a player\u2019s overall form.""}}",WR
8e5d515b10d8a5ffb324640ed60bcc55,San Francisco 49ers @ Seattle Seahawks,Christian McCaffrey,fanduel,FanDuel,receptions,Receptions,under,4.5,-106,2.8819714247,0.5789473684,0.0,0.5145631068,0.4808467742,0.4723111002,4.5,5,643.8426162494,12.5124131082,Calibration fitted; not prospectively validated,2026-10-07T16:51:51Z,2026-10-11T20:25:00Z,Sun 4:25 PM ET,Seattle Seahawks,San Francisco 49ers,"{""version"":""nfl-projection-trace-1"",""family"":""receive"",""current_sample"":[{""season"":2026,""week"":1,""opponent_team"":""LA"",""targets"":8,""receptions"":5,""receiving_yards"":20},{""season"":2026,""week"":2,""opponent_team"":""MIA"",""targets"":4,""receptions"":4,""receiving_yards"":43},{""season"":2026,""week"":3,""opponent_team"":""ARI"",""targets"":5,""receptions"":4,""receiving_yards"":41},{""season"":2026,""week"":4,""opponent_team"":""DEN"",""targets"":5,""receptions"":3,""receiving_yards"":18}],""recent_mean_weight"":0.5,""targets"":4.970723,""catch_rate"":0.689655,""yards_per_reception"":7.915741,""mean_stages"":{""before_adjustments"":3.428085,""after_defense"":2.902287,""after_venue"":2.881971,""final"":2.881971},""sigma"":1.383383,""opponent"":{""team"":""SEA"",""kind"":""pass"",""rating"":1.511264,""rank"":2,""of"":32,""allowed"":161.25,""league"":234.585938,""games"":4,""season"":2026},""home"":false,""versus"":{""team"":""SEA"",""values"":[6.0,2.0,5.0,1.0,4.0,9.0,6.0,5.0],""home"":[false,true,false,true,true,false,true,false],""since"":""2022 Wk 15"",""note"":""History only, not a model input. In our backtests, results against one opponent did not predict the next meeting beyond a player\u2019s overall form.""}}",RB
8e5d515b10d8a5ffb324640ed60bcc55,San Francisco 49ers @ Seattle Seahawks,George Kittle,fanduel,FanDuel,receptions,Receptions,under,4.5,104,3.4263624158,0.5475728155,0.0,0.4901960784,0.4581151832,0.4821339934,4.5,4,573.7673710261,11.7048543689,Calibration fitted; not prospectively validated,2026-10-07T16:51:51Z,2026-10-11T20:25:00Z,Sun 4:25 PM ET,Seattle Seahawks,San Francisco 49ers,"{""version"":""nfl-projection-trace-1"",""family"":""receive"",""current_sample"":[{""season"":2026,""week"":1,""opponent_team"":""LA"",""targets"":5,""receptions"":2,""receiving_yards"":12},{""season"":2026,""week"":2,""opponent_team"":""MIA"",""targets"":4,""receptions"":4,""receiving_yards"":80},{""season"":2026,""week"":3,""opponent_team"":""ARI"",""targets"":7,""receptions"":6,""receiving_yards"":82},{""season"":2026,""week"":4,""opponent_team"":""DEN"",""targets"":6,""receptions"":4,""receiving_yards"":70}],""recent_mean_weight"":0.5,""targets"":5.538196,""catch_rate"":0.735914,""yards_per_reception"":14.314023,""mean_stages"":{""before_adjustments"":4.075634,""after_defense"":3.450516,""after_venue"":3.426362,""final"":3.426362},""sigma"":1.553119,""opponent"":{""team"":""SEA"",""kind"":""pass"",""rating"":1.511264,""rank"":2,""of"":32,""allowed"":161.25,""league"":234.585938,""games"":4,""season"":2026},""home"":false,""versus"":{""team"":""SEA"",""values"":[2.0,7.0,4.0,9.0,4.0,2.0,3.0,3.0,5.0,4.0,5.0],""home"":[false,true,true,false,false,true,false,true,false,false,true],""since"":""2020 Wk 8"",""note"":""History only, not a model input. In our backtests, results against one opponent did not predict the next meeting beyond a player\u2019s overall form.""}}",TE
8e5d515b10d8a5ffb324640ed60bcc55,San Francisco 49ers @ Seattle Seahawks,Rashid Shaheed,fanduel,FanDuel,receptions,Receptions,under,1.5,128,1.8992644703,0.4524271845,0.0,0.4385964912,0.4095398699,0.4063825973,1.5,5,138.3069323795,3.1533980583,Calibration fitted; not prospectively validated,2026-10-07T16:51:51Z,2026-10-11T20:25:00Z,Sun 4:25 PM ET,Seattle Seahawks,San Francisco 49ers,"{""version"":""nfl-projection-trace-1"",""family"":""receive"",""current_sample"":[{""season"":2026,""week"":1,""opponent_team"":""NE"",""targets"":3,""receptions"":1,""receiving_yards"":4},{""season"":2026,""week"":2,""opponent_team"":""ARI"",""targets"":6,""receptions"":3,""receiving_yards"":35},{""season"":2026,""week"":3,""opponent_team"":""WAS"",""targets"":3,""receptions"":2,""receiving_yards"":14},{""season"":2026,""week"":4,""opponent_team"":""LAC"",""targets"":3,""receptions"":1,""receiving_yards"":20}],""recent_mean_weight"":0.5,""targets"":3.935388,""catch_rate"":0.5,""yards_per_reception"":14.730613,""mean_stages"":{""before_adjustments"":1.967694,""after_defense"":1.886062,""after_venue"":1.899264,""final"":1.899264},""sigma"":1.206731,""opponent"":{""team"":""SF"",""kind"":""pass"",""rating"":1.138287,""rank"":9,""of"":32,""allowed"":214.75,""league"":234.585938,""games"":4,""season"":2026},""home"":true,""versus"":{""team"":""SF"",""values"":[2.0,4.0,1.0,0.0],""home"":[false,true,false,true],""since"":""2022 Wk 12"",""note"":""History only, not a model input. In our backtests, results against one opponent did not predict the next meeting beyond a player\u2019s overall form.""}}",WR
8e5d515b10d8a5ffb324640ed60bcc55,San Francisco 49ers @ Seattle Seahawks,Mike Evans,fanduel,FanDuel,receptions,Receptions,under,3.5,134,3.7036264812,0.4591194969,0.0,0.4273504274,0.3993154592,0.4204102331,3.5,4,317.6906950492,7.4339622642,Calibration fitted; not prospectively validated,2026-10-07T16:51:51Z,2026-10-11T20:25:00Z,Sun 4:25 PM ET,Seattle Seahawks,San Francisco 49ers,"{""version"":""nfl-projection-trace-1"",""family"":""receive"",""current_sample"":[{""season"":2026,""week"":1,""opponent_team"":""LA"",""targets"":7,""receptions"":6,""receiving_yards"":49},{""season"":2026,""week"":2,""opponent_team"":""MIA"",""targets"":3,""receptions"":3,""receiving_yards"":54},{""season"":2026,""week"":3,""opponent_team"":""ARI"",""targets"":6,""receptions"":3,""receiving_yards"":34},{""season"":2026,""week"":4,""opponent_team"":""DEN"",""targets"":8,""receptions"":5,""receiving_yards"":76}],""recent_mean_weight"":0.5,""targets"":6.880205,""catch_rate"":0.640306,""yards_per_reception"":13.999585,""mean_stages"":{""before_adjustments"":4.405438,""after_defense"":3.729735,""after_venue"":3.703626,""final"":3.703626},""sigma"":1.742594,""opponent"":{""team"":""SEA"",""kind"":""pass"",""rating"":1.511264,""rank"":2,""of"":32,""allowed"":161.25,""league"":234.585938,""games"":4,""season"":2026},""home"":false,""versus"":{""team"":""SEA"",""values"":[5.0],""home"":[true],""since"":""2022 Wk 10"",""note"":""History only, not a model input. In our backtests, results against one opponent did not predict the next meeting beyond a player\u2019s overall form.""}}",WR
8e5d515b10d8a5ffb324640ed60bcc55,San Francisco 49ers @ Seattle Seahawks,Jaxon Smith-Njigba,fanduel,FanDuel,receptions,Receptions,under,6.5,-102,5.8249600964,0.5420560748,0.0,0.504950495,0.471842317,0.4855476506,6.5,4,371.0557971685,7.3483599047,Calibration fitted; not prospectively validated,2026-10-07T16:51:51Z,2026-10-11T20:25:00Z,Sun 4:25 PM ET,Seattle Seahawks,San Francisco 49ers,"{""version"":""nfl-projection-trace-1"",""family"":""receive"",""current_sample"":[{""season"":2026,""week"":1,""opponent_team"":""NE"",""targets"":11,""receptions"":8,""receiving_yards"":122},{""season"":2026,""week"":2,""opponent_team"":""ARI"",""targets"":11,""receptions"":9,""receiving_yards"":155},{""season"":2026,""week"":3,""opponent_team"":""WAS"",""targets"":14,""receptions"":10,""receiving_yards"":128},{""season"":2026,""week"":4,""opponent_team"":""LAC"",""targets"":6,""receptions"":5,""receiving_yards"":76}],""recent_mean_weight"":0.5,""targets"":7.559235,""catch_rate"":0.798339,""yards_per_reception"":13.686547,""mean_stages"":{""before_adjustments"":6.03483,""after_defense"":5.784469,""after_venue"":5.82496,""final"":5.82496},""sigma"":2.80911,""opponent"":{""team"":""SF"",""kind"":""pass"",""rating"":1.138287,""rank"":9,""of"":32,""allowed"":214.75,""league"":234.585938,""games"":4,""season"":2026},""home"":true,""versus"":{""team"":""SF"",""values"":[2.0,4.0,5.0,10.0,9.0,6.0,3.0],""home"":[true,false,true,false,true,false,true],""since"":""2023 Wk 12"",""note"":""History only, not a model input. In our backtests, results against one opponent did not predict the next meeting beyond a player\u2019s overall form.""}}",WR
8e5d515b10d8a5ffb324640ed60bcc55,San Francisco 49ers @ Seattle Seahawks,Brock Purdy,fanduel,FanDuel,rush_yds,Rushing yards,over,18.5,-114,32.9242053052,0.5647668394,0.0,0.5327102804,0.5,0.5030544184,18.5,6,320.5655900441,6.0176347605,Calibration fitted; not prospectively validated,2026-10-07T16:51:51Z,2026-10-11T20:25:00Z,Sun 4:25 PM ET,Seattle Seahawks,San Francisco 49ers,"{""version"":""nfl-projection-trace-1"",""family"":""rush"",""current_sample"":[{""season"":2026,""week"":1,""opponent_team"":""LA"",""carries"":5,""rushing_yards"":29},{""season"":2026,""week"":2,""opponent_team"":""MIA"",""carries"":3,""rushing_yards"":30},{""season"":2026,""week"":3,""opponent_team"":""ARI"",""carries"":2,""rushing_yards"":34},{""season"":2026,""week"":4,""opponent_team"":""DEN"",""carries"":10,""rushing_yards"":29}],""recent_mean_weight"":0.5,""carries"":6.218877,""yards_per_carry"":5.592281,""mean_stages"":{""before_adjustments"":34.77771,""after_defense"":33.733817,""after_venue"":32.924205,""final"":32.924205},""sigma"":25.938035,""opponent"":{""team"":""SEA"",""kind"":""rush"",""rating"":1.100054,""rank"":11,""of"":32,""allowed"":102.0,""league"":111.390625,""games"":4,""season"":2026},""home"":false,""versus"":{""team"":""SEA"",""values"":[-2.0,16.0,1.0,7.0,19.0,40.0,17.0,21.0,37.0],""home"":[false,true,false,true,false,true,false,true,false],""since"":""2022 Wk 15"",""note"":""History only, not a model input. In our backtests, results against one opponent did not predict the next meeting beyond a player\u2019s overall form.""}}",QB
8e5d515b10d8a5ffb324640ed60bcc55,San Francisco 49ers @ Seattle Seahawks,Sam Darnold,fanduel,FanDuel,rush_yds,Rushing yards,over,4.5,-120,11.6917999202,0.5647668394,0.0,0.5454545455,0.5123152709,0.5101897756,4.5,4,193.1229392369,3.5405872193,Calibration fitted; not prospectively validated,2026-10-07T16:51:51Z,2026-10-11T20:25:00Z,Sun 4:25 PM ET,Seattle Seahawks,San Francisco 49ers,"{""version"":""nfl-projection-trace-1"",""family"":""rush"",""current_sample"":[{""season"":2026,""week"":1,""opponent_team"":""NE"",""carries"":0,""rushing_yards"":0},{""season"":2026,""week"":3,""opponent_team"":""WAS"",""carries"":1,""rushing_yards"":5},{""season"":2026,""week"":4,""opponent_team"":""LAC"",""carries"":3,""rushing_yards"":6}],""recent_mean_weight"":0.428571,""carries"":3.50969,""yards_per_carry"":3.378938,""mean_stages"":{""before_adjustments"":11.859024,""after_defense"":11.417773,""after_venue"":11.6918,""final"":11.6918},""sigma"":12.52577,""opponent"":{""team"":""SF"",""kind"":""rush"",""rating"":1.124027,""rank"":9,""of"":32,""allowed"":99.75,""league"":111.390625,""games"":4,""season"":2026},""home"":true,""versus"":{""team"":""SF"",""values"":[7.0,32.0,14.0,9.0,0.0],""home"":[true,true,true,false,true],""since"":""2020 Wk 2"",""note"":""History only, not a model input. In our backtests, results against one opponent did not predict the next meeting beyond a player\u2019s overall form.""}}",QB
8e5d515b10d8a5ffb324640ed60bcc55,San Francisco 49ers @ Seattle Seahawks,Mike Evans,betonlineag,BetOnline.ag,receptions,Receptions,under,3.5,126,3.7036264812,0.4591194969,0.0,0.4424778761,0.4159838649,0.4204102331,3.5,4,166.4162074915,3.7610062893,Calibration fitted; not prospectively validated,2026-10-07T16:50:37Z,2026-10-11T20:25:00Z,Sun 4:25 PM ET,Seattle Seahawks,San Francisco 49ers,"{""version"":""nfl-projection-trace-1"",""family"":""receive"",""current_sample"":[{""season"":2026,""week"":1,""opponent_team"":""LA"",""targets"":7,""receptions"":6,""receiving_yards"":49},{""season"":2026,""week"":2,""opponent_team"":""MIA"",""targets"":3,""receptions"":3,""receiving_yards"":54},{""season"":2026,""week"":3,""opponent_team"":""ARI"",""targets"":6,""receptions"":3,""receiving_yards"":34},{""season"":2026,""week"":4,""opponent_team"":""DEN"",""targets"":8,""receptions"":5,""receiving_yards"":76}],""recent_mean_weight"":0.5,""targets"":6.880205,""catch_rate"":0.640306,""yards_per_reception"":13.999585,""mean_stages"":{""before_adjustments"":4.405438,""after_defense"":3.729735,""after_venue"":3.703626,""final"":3.703626},""sigma"":1.742594,""opponent"":{""team"":""SEA"",""kind"":""pass"",""rating"":1.511264,""rank"":2,""of"":32,""allowed"":161.25,""league"":234.585938,""games"":4,""season"":2026},""home"":false,""versus"":{""team"":""SEA"",""values"":[5.0],""home"":[true],""since"":""2022 Wk 10"",""note"":""History only, not a model input. In our backtests, results against one opponent did not predict the next meeting beyond a player\u2019s overall form.""}}",WR
8e5d515b10d8a5ffb324640ed60bcc55,San Francisco 49ers @ Seattle Seahawks,Rashid Shaheed,betonlineag,BetOnline.ag,receptions,Receptions,under,1.5,131,1.8992644703,0.4524271845,0.0,0.4329004329,0.4063825973,0.4063825973,1.5,5,195.2675156559,4.5106796117,Calibration fitted; not prospectively validated,2026-10-07T16:50:37Z,2026-10-11T20:25:00Z,Sun 4:25 PM ET,Seattle Seahawks,San Francisco 49ers,"{""version"":""nfl-projection-trace-1"",""family"":""receive"",""current_sample"":[{""season"":2026,""week"":1,""opponent_team"":""NE"",""targets"":3,""receptions"":1,""receiving_yards"":4},{""season"":2026,""week"":2,""opponent_team"":""ARI"",""targets"":6,""receptions"":3,""receiving_yards"":35},{""season"":2026,""week"":3,""opponent_team"":""WAS"",""targets"":3,""receptions"":2,""receiving_yards"":14},{""season"":2026,""week"":4,""opponent_team"":""LAC"",""targets"":3,""receptions"":1,""receiving_yards"":20}],""recent_mean_weight"":0.5,""targets"":3.935388,""catch_rate"":0.5,""yards_per_reception"":14.730613,""mean_stages"":{""before_adjustments"":1.967694,""after_defense"":1.886062,""after_venue"":1.899264,""final"":1.899264},""sigma"":1.206731,""opponent"":{""team"":""SF"",""kind"":""pass"",""rating"":1.138287,""rank"":9,""of"":32,""allowed"":214.75,""league"":234.585938,""games"":4,""season"":2026},""home"":true,""versus"":{""team"":""SF"",""values"":[2.0,4.0,1.0,0.0],""home"":[false,true,false,true],""since"":""2022 Wk 12"",""note"":""History only, not a model input. In our backtests, results against one opponent did not predict the next meeting beyond a player\u2019s overall form.""}}",WR
8e5d515b10d8a5ffb324640ed60bcc55,San Francisco 49ers @ Seattle Seahawks,AJ Barner,betonlineag,BetOnline.ag,receptions,Receptions,under,2.5,109,1.8009533112,0.5475728155,0.0,0.4784688995,0.4498870615,0.4545478297,2.5,4,691.0391601245,14.4427184466,Calibration fitted; not prospectively validated,2026-10-07T16:50:37Z,2026-10-11T20:25:00Z,Sun 4:25 PM ET,Seattle Seahawks,San Francisco 49ers,"{""version"":""nfl-projection-trace-1"",""family"":""receive"",""current_sample"":[{""season"":2026,""week"":1,""opponent_team"":""NE"",""targets"":2,""receptions"":2,""receiving_yards"":13},{""season"":2026,""week"":2,""opponent_team"":""ARI"",""targets"":1,""receptions"":1,""receiving_yards"":8},{""season"":2026,""week"":3,""opponent_team"":""WAS"",""targets"":9,""receptions"":5,""receiving_yards"":69},{""season"":2026,""week"":4,""opponent_team"":""LAC"",""targets"":3,""receptions"":1,""receiving_yards"":12}],""recent_mean_weight"":0.5,""targets"":3.731681,""catch_rate"":0.5,""yards_per_reception"":10.956886,""mean_stages"":{""before_adjustments"":1.865841,""after_defense"":1.788434,""after_venue"":1.800953,""final"":1.800953},""sigma"":1.320888,""opponent"":{""team"":""SF"",""kind"":""pass"",""rating"":1.138287,""rank"":9,""of"":32,""allowed"":214.75,""league"":234.585938,""games"":4,""season"":2026},""home"":true,""versus"":{""team"":""SF"",""values"":[1.0,2.0,1.0,2.0,0.0],""home"":[true,false,true,false,true],""since"":""2024 Wk 6"",""note"":""History only, not a model input. In our backtests, results against one opponent did not predict the next meeting beyond a player\u2019s overall form.""}}",TE
8e5d515b10d8a5ffb324640ed60bcc55,San Francisco 49ers @ Seattle Seahawks,Christian McCaffrey,betonlineag,BetOnline.ag,receptions,Receptions,under,4.5,-101,2.8819714247,0.5789473684,0.0,0.5024875622,0.4723111002,0.4723111002,4.5,5,764.59806232,15.216258468,Calibration fitted; not prospectively validated,2026-10-07T16:50:37Z,2026-10-11T20:25:00Z,Sun 4:25 PM ET,Seattle Seahawks,San Francisco 49ers,"{""version"":""nfl-projection-trace-1"",""family"":""receive"",""current_sample"":[{""season"":2026,""week"":1,""opponent_team"":""LA"",""targets"":8,""receptions"":5,""receiving_yards"":20},{""season"":2026,""week"":2,""opponent_team"":""MIA"",""targets"":4,""receptions"":4,""receiving_yards"":43},{""season"":2026,""week"":3,""opponent_team"":""ARI"",""targets"":5,""receptions"":4,""receiving_yards"":41},{""season"":2026,""week"":4,""opponent_team"":""DEN"",""targets"":5,""receptions"":3,""receiving_yards"":18}],""recent_mean_weight"":0.5,""targets"":4.970723,""catch_rate"":0.689655,""yards_per_reception"":7.915741,""mean_stages"":{""before_adjustments"":3.428085,""after_defense"":2.902287,""after_venue"":2.881971,""final"":2.881971},""sigma"":1.383383,""opponent"":{""team"":""SEA"",""kind"":""pass"",""rating"":1.511264,""rank"":2,""of"":32,""allowed"":161.25,""league"":234.585938,""games"":4,""season"":2026},""home"":false,""versus"":{""team"":""SEA"",""values"":[6.0,2.0,5.0,1.0,4.0,9.0,6.0,5.0],""home"":[false,true,false,true,true,false,true,false],""since"":""2022 Wk 15"",""note"":""History only, not a model input. In our backtests, results against one opponent did not predict the next meeting beyond a player\u2019s overall form.""}}",RB
8e5d515b10d8a5ffb324640ed60bcc55,San Francisco 49ers @ Seattle Seahawks,Jaxon Smith-Njigba,betonlineag,BetOnline.ag,receptions,Receptions,under,6.5,-105,5.8249600964,0.5420560748,0.0,0.512195122,0.4814929056,0.4855476506,6.5,4,298.6095281514,5.8299955496,Calibration fitted; not prospectively validated,2026-10-07T16:50:37Z,2026-10-11T20:25:00Z,Sun 4:25 PM ET,Seattle Seahawks,San Francisco 49ers,"{""version"":""nfl-projection-trace-1"",""family"":""receive"",""current_sample"":[{""season"":2026,""week"":1,""opponent_team"":""NE"",""targets"":11,""receptions"":8,""receiving_yards"":122},{""season"":2026,""week"":2,""opponent_team"":""ARI"",""targets"":11,""receptions"":9,""receiving_yards"":155},{""season"":2026,""week"":3,""opponent_team"":""WAS"",""targets"":14,""receptions"":10,""receiving_yards"":128},{""season"":2026,""week"":4,""opponent_team"":""LAC"",""targets"":6,""receptions"":5,""receiving_yards"":76}],""recent_mean_weight"":0.5,""targets"":7.559235,""catch_rate"":0.798339,""yards_per_reception"":13.686547,""mean_stages"":{""before_adjustments"":6.03483,""after_defense"":5.784469,""after_venue"":5.82496,""final"":5.82496},""sigma"":2.80911,""opponent"":{""team"":""SF"",""kind"":""pass"",""rating"":1.138287,""rank"":9,""of"":32,""allowed"":214.75,""league"":234.585938,""games"":4,""season"":2026},""home"":true,""versus"":{""team"":""SF"",""values"":[2.0,4.0,5.0,10.0,9.0,6.0,3.0],""home"":[true,false,true,false,true,false,true],""since"":""2023 Wk 12"",""note"":""History only, not a model input. In our backtests, results against one opponent did not predict the next meeting beyond a player\u2019s overall form.""}}",WR
8e5d515b10d8a5ffb324640ed60bcc55,San Francisco 49ers @ Seattle Seahawks,George Kittle,betonlineag,BetOnline.ag,receptions,Receptions,under,4.5,-102,3.4263624158,0.5475728155,0.0,0.504950495,0.4743894444,0.4821339934,4.5,4,426.2232048448,8.4408909195,Calibration fitted; not prospectively validated,2026-10-07T16:50:37Z,2026-10-11T20:25:00Z,Sun 4:25 PM ET,Seattle Seahawks,San Francisco 49ers,"{""version"":""nfl-projection-trace-1"",""family"":""receive"",""current_sample"":[{""season"":2026,""week"":1,""opponent_team"":""LA"",""targets"":5,""receptions"":2,""receiving_yards"":12},{""season"":2026,""week"":2,""opponent_team"":""MIA"",""targets"":4,""receptions"":4,""receiving_yards"":80},{""season"":2026,""week"":3,""opponent_team"":""ARI"",""targets"":7,""receptions"":6,""receiving_yards"":82},{""season"":2026,""week"":4,""opponent_team"":""DEN"",""targets"":6,""receptions"":4,""receiving_yards"":70}],""recent_mean_weight"":0.5,""targets"":5.538196,""catch_rate"":0.735914,""yards_per_reception"":14.314023,""mean_stages"":{""before_adjustments"":4.075634,""after_defense"":3.450516,""after_venue"":3.426362,""final"":3.426362},""sigma"":1.553119,""opponent"":{""team"":""SEA"",""kind"":""pass"",""rating"":1.511264,""rank"":2,""of"":32,""allowed"":161.25,""league"":234.585938,""games"":4,""season"":2026},""home"":false,""versus"":{""team"":""SEA"",""values"":[2.0,7.0,4.0,9.0,4.0,2.0,3.0,3.0,5.0,4.0,5.0],""home"":[false,true,true,false,false,true,false,true,false,false,true],""since"":""2020 Wk 8"",""note"":""History only, not a model input. In our backtests, results against one opponent did not predict the next meeting beyond a player\u2019s overall form.""}}",TE
8e5d515b10d8a5ffb324640ed60bcc55,San Francisco 49ers @ Seattle Seahawks,Cooper Kupp,betonlineag,BetOnline.ag,receptions,Receptions,over,2.5,103,2.8041829814,0.5420560748,0.0,0.4926108374,0.4632298853,0.4858161777,2.5,5,494.4523732793,10.0373831776,Calibration fitted; not prospectively validated,2026-10-07T16:50:37Z,2026-10-11T20:25:00Z,Sun 4:25 PM ET,Seattle Seahawks,San Francisco 49ers,"{""version"":""nfl-projection-trace-1"",""family"":""receive"",""current_sample"":[{""season"":2026,""week"":1,""opponent_team"":""NE"",""targets"":3,""receptions"":2,""receiving_yards"":35},{""season"":2026,""week"":2,""opponent_team"":""ARI"",""targets"":2,""receptions"":2,""receiving_yards"":20},{""season"":2026,""week"":3,""opponent_team"":""WAS"",""targets"":5,""receptions"":4,""receiving_yards"":46},{""season"":2026,""week"":4,""opponent_team"":""LAC"",""targets"":2,""receptions"":1,""receiving_yards"":13}],""recent_mean_weight"":0.5,""targets"":4.613499,""catch_rate"":0.629721,""yards_per_reception"":12.696785,""mean_stages"":{""before_adjustments"":2.905216,""after_defense"":2.78469,""after_venue"":2.804183,""final"":2.804183},""sigma"":1.944106,""opponent"":{""team"":""SF"",""kind"":""pass"",""rating"":1.138287,""rank"":9,""of"":32,""allowed"":214.75,""league"":234.585938,""games"":4,""season"":2026},""home"":true,""versus"":{""team"":""SF"",""values"":[3.0,2.0,11.0,7.0,11.0,14.0,8.0,0.0,2.0,2.0,5.0],""home"":[false,true,false,true,true,false,true,false,true,false,true],""since"":""2020 Wk 6"",""note"":""History only, not a model input. In our backtests, results against one opponent did not predict the next meeting beyond a player\u2019s overall form.""}}",WR
8e5d515b10d8a5ffb324640ed60bcc55,San Francisco 49ers @ Seattle Seahawks,Brock Purdy,betonlineag,BetOnline.ag,rush_yds,Rushing yards,over,18.5,-115,32.9242053052,0.5647668394,0.0,0.5348837209,0.5030953364,0.5030544184,18.5,6,298.8311844801,5.5868438838,Calibration fitted; not prospectively validated,2026-10-07T16:50:37Z,2026-10-11T20:25:00Z,Sun 4:25 PM ET,Seattle Seahawks,San Francisco 49ers,"{""version"":""nfl-projection-trace-1"",""family"":""rush"",""current_sample"":[{""season"":2026,""week"":1,""opponent_team"":""LA"",""carries"":5,""rushing_yards"":29},{""season"":2026,""week"":2,""opponent_team"":""MIA"",""carries"":3,""rushing_yards"":30},{""season"":2026,""week"":3,""opponent_team"":""ARI"",""carries"":2,""rushing_yards"":34},{""season"":2026,""week"":4,""opponent_team"":""DEN"",""carries"":10,""rushing_yards"":29}],""recent_mean_weight"":0.5,""carries"":6.218877,""yards_per_carry"":5.592281,""mean_stages"":{""before_adjustments"":34.77771,""after_defense"":33.733817,""after_venue"":32.924205,""final"":32.924205},""sigma"":25.938035,""opponent"":{""team"":""SEA"",""kind"":""rush"",""rating"":1.100054,""rank"":11,""of"":32,""allowed"":102.0,""league"":111.390625,""games"":4,""season"":2026},""home"":false,""versus"":{""team"":""SEA"",""values"":[-2.0,16.0,1.0,7.0,19.0,40.0,17.0,21.0,37.0],""home"":[false,true,false,true,false,true,false,true,false],""since"":""2022 Wk 15"",""note"":""History only, not a model input. In our backtests, results against one opponent did not predict the next meeting beyond a player\u2019s overall form.""}}",QB
8e5d515b10d8a5ffb324640ed60bcc55,San Francisco 49ers @ Seattle Seahawks,Sam Darnold,betonlineag,BetOnline.ag,rush_yds,Rushing yards,over,4.5,-119,11.6917999202,0.5647668394,0.0,0.5433789954,0.5102580936,0.5101897756,4.5,4,213.8784394445,3.9360822049,Calibration fitted; not prospectively validated,2026-10-07T16:50:37Z,2026-10-11T20:25:00Z,Sun 4:25 PM ET,Seattle Seahawks,San Francisco 49ers,"{""version"":""nfl-projection-trace-1"",""family"":""rush"",""current_sample"":[{""season"":2026,""week"":1,""opponent_team"":""NE"",""carries"":0,""rushing_yards"":0},{""season"":2026,""week"":3,""opponent_team"":""WAS"",""carries"":1,""rushing_yards"":5},{""season"":2026,""week"":4,""opponent_team"":""LAC"",""carries"":3,""rushing_yards"":6}],""recent_mean_weight"":0.428571,""carries"":3.50969,""yards_per_carry"":3.378938,""mean_stages"":{""before_adjustments"":11.859024,""after_defense"":11.417773,""after_venue"":11.6918,""final"":11.6918},""sigma"":12.52577,""opponent"":{""team"":""SF"",""kind"":""rush"",""rating"":1.124027,""rank"":9,""of"":32,""allowed"":99.75,""league"":111.390625,""games"":4,""season"":2026},""home"":true,""versus"":{""team"":""SF"",""values"":[7.0,32.0,14.0,9.0,0.0],""home"":[true,true,true,false,true],""since"":""2020 Wk 2"",""note"":""History only, not a model input. In our backtests, results against one opponent did not predict the next meeting beyond a player\u2019s overall form.""}}",QB
8e5d515b10d8a5ffb324640ed60bcc55,San Francisco 49ers @ Seattle Seahawks,Emanuel Wilson,betonlineag,BetOnline.ag,rush_yds,Rushing yards,under,60.5,-114,44.8356191122,0.5647668394,0.0,0.5327102804,0.5,0.5,60.5,2,320.5655900441,6.0176347605,Calibration fitted; not prospectively validated,2026-10-07T16:50:37Z,2026-10-11T20:25:00Z,Sun 4:25 PM ET,Seattle Seahawks,San Francisco 49ers,"{""version"":""nfl-projection-trace-1"",""family"":""rush"",""current_sample"":[{""season"":2026,""week"":1,""opponent_team"":""NE"",""carries"":2,""rushing_yards"":3},{""season"":2026,""week"":2,""opponent_team"":""ARI"",""carries"":21,""rushing_yards"":92},{""season"":2026,""week"":3,""opponent_team"":""WAS"",""carries"":9,""rushing_yards"":14},{""season"":2026,""week"":4,""opponent_team"":""LAC"",""carries"":21,""rushing_yards"":81}],""recent_mean_weight"":0.5,""carries"":12.098899,""yards_per_carry"":3.758763,""mean_stages"":{""before_adjustments"":45.47689,""after_defense"":43.784784,""after_venue"":44.835619,""final"":44.835619},""sigma"":33.53837,""opponent"":{""team"":""SF"",""kind"":""rush"",""rating"":1.124027,""rank"":9,""of"":32,""allowed"":99.75,""league"":111.390625,""games"":4,""season"":2026},""home"":true,""versus"":{""team"":""SF"",""values"":[16.0,41.0],""home"":[false,true],""since"":""2023 playoffs"",""note"":""History only, not a model input. In our backtests, results against one opponent did not predict the next meeting beyond a player\u2019s overall form.""}}",RB
8e5d515b10d8a5ffb324640ed60bcc55,San Francisco 49ers @ Seattle Seahawks,Cooper Kupp,betrivers,BetRivers,receptions,Receptions,over,2.5,100,2.8041829814,0.5420560748,0.0,0.5,,0.4858161777,2.5,5,420.5607476636,8.4112149533,Calibration fitted; not prospectively validated,2026-10-07T16:51:03Z,2026-10-11T20:25:00Z,Sun 4:25 PM ET,Seattle Seahawks,San Francisco 49ers,"{""version"":""nfl-projection-trace-1"",""family"":""receive"",""current_sample"":[{""season"":2026,""week"":1,""opponent_team"":""NE"",""targets"":3,""receptions"":2,""receiving_yards"":35},{""season"":2026,""week"":2,""opponent_team"":""ARI"",""targets"":2,""receptions"":2,""receiving_yards"":20},{""season"":2026,""week"":3,""opponent_team"":""WAS"",""targets"":5,""receptions"":4,""receiving_yards"":46},{""season"":2026,""week"":4,""opponent_team"":""LAC"",""targets"":2,""receptions"":1,""receiving_yards"":13}],""recent_mean_weight"":0.5,""targets"":4.613499,""catch_rate"":0.629721,""yards_per_reception"":12.696785,""mean_stages"":{""before_adjustments"":2.905216,""after_defense"":2.78469,""after_venue"":2.804183,""final"":2.804183},""sigma"":1.944106,""opponent"":{""team"":""SF"",""kind"":""pass"",""rating"":1.138287,""rank"":9,""of"":32,""allowed"":214.75,""league"":234.585938,""games"":4,""season"":2026},""home"":true,""versus"":{""team"":""SF"",""values"":[3.0,2.0,11.0,7.0,11.0,14.0,8.0,0.0,2.0,2.0,5.0],""home"":[false,true,false,true,true,false,true,false,true,false,true],""since"":""2020 Wk 6"",""note"":""History only, not a model input. In our backtests, results against one opponent did not predict the next meeting beyond a player\u2019s overall form.""}}",WR
8e5d515b10d8a5ffb324640ed60bcc55,San Francisco 49ers @ Seattle Seahawks,Brock Purdy,betrivers,BetRivers,rush_yds,Rushing yards,over,18.5,-117,32.9242053052,0.5647668394,0.0,0.5391705069,0.5030135005,0.5030544184,18.5,6,255.963324658,4.7473539702,Calibration fitted; not prospectively validated,2026-10-07T16:51:03Z,2026-10-11T20:25:00Z,Sun 4:25 PM ET,Seattle Seahawks,San Francisco 49ers,"{""version"":""nfl-projection-trace-1"",""family"":""rush"",""current_sample"":[{""season"":2026,""week"":1,""opponent_team"":""LA"",""carries"":5,""rushing_yards"":29},{""season"":2026,""week"":2,""opponent_team"":""MIA"",""carries"":3,""rushing_yards"":30},{""season"":2026,""week"":3,""opponent_team"":""ARI"",""carries"":2,""rushing_yards"":34},{""season"":2026,""week"":4,""opponent_team"":""DEN"",""carries"":10,""rushing_yards"":29}],""recent_mean_weight"":0.5,""carries"":6.218877,""yards_per_carry"":5.592281,""mean_stages"":{""before_adjustments"":34.77771,""after_defense"":33.733817,""after_venue"":32.924205,""final"":32.924205},""sigma"":25.938035,""opponent"":{""team"":""SEA"",""kind"":""rush"",""rating"":1.100054,""rank"":11,""of"":32,""allowed"":102.0,""league"":111.390625,""games"":4,""season"":2026},""home"":false,""versus"":{""team"":""SEA"",""values"":[-2.0,16.0,1.0,7.0,19.0,40.0,17.0,21.0,37.0],""home"":[false,true,false,true,false,true,false,true,false],""since"":""2022 Wk 15"",""note"":""History only, not a model input. In our backtests, results against one opponent did not predict the next meeting beyond a player\u2019s overall form.""}}",QB
8e5d515b10d8a5ffb324640ed60bcc55,San Francisco 49ers @ Seattle Seahawks,Christian McCaffrey,betmgm,BetMGM,receptions,Receptions,under,4.5,-105,2.8819714247,0.5789473684,0.0,0.512195122,0.4796954315,0.4723111002,4.5,5,667.5224646983,13.0325814536,Calibration fitted; not prospectively validated,2026-10-07T16:51:31Z,2026-10-11T20:25:00Z,Sun 4:25 PM ET,Seattle Seahawks,San Francisco 49ers,"{""version"":""nfl-projection-trace-1"",""family"":""receive"",""current_sample"":[{""season"":2026,""week"":1,""opponent_team"":""LA"",""targets"":8,""receptions"":5,""receiving_yards"":20},{""season"":2026,""week"":2,""opponent_team"":""MIA"",""targets"":4,""receptions"":4,""receiving_yards"":43},{""season"":2026,""week"":3,""opponent_team"":""ARI"",""targets"":5,""receptions"":4,""receiving_yards"":41},{""season"":2026,""week"":4,""opponent_team"":""DEN"",""targets"":5,""receptions"":3,""receiving_yards"":18}],""recent_mean_weight"":0.5,""targets"":4.970723,""catch_rate"":0.689655,""yards_per_reception"":7.915741,""mean_stages"":{""before_adjustments"":3.428085,""after_defense"":2.902287,""after_venue"":2.881971,""final"":2.881971},""sigma"":1.383383,""opponent"":{""team"":""SEA"",""kind"":""pass"",""rating"":1.511264,""rank"":2,""of"":32,""allowed"":161.25,""league"":234.585938,""games"":4,""season"":2026},""home"":false,""versus"":{""team"":""SEA"",""values"":[6.0,2.0,5.0,1.0,4.0,9.0,6.0,5.0],""home"":[false,true,false,true,true,false,true,false],""since"":""2022 Wk 15"",""note"":""History only, not a model input. In our backtests, results against one opponent did not predict the next meeting beyond a player\u2019s overall form.""}}",RB
8e5d515b10d8a5ffb324640ed60bcc55,San Francisco 49ers @ Seattle Seahawks,Cooper Kupp,betmgm,BetMGM,receptions,Receptions,over,2.5,-105,2.8041829814,0.5420560748,0.0,0.512195122,0.4796954315,0.4858161777,2.5,5,298.6095281514,5.8299955496,Calibration fitted; not prospectively validated,2026-10-07T16:51:31Z,2026-10-11T20:25:00Z,Sun 4:25 PM ET,Seattle Seahawks,San Francisco 49ers,"{""version"":""nfl-projection-trace-1"",""family"":""receive"",""current_sample"":[{""season"":2026,""week"":1,""opponent_team"":""NE"",""targets"":3,""receptions"":2,""receiving_yards"":35},{""season"":2026,""week"":2,""opponent_team"":""ARI"",""targets"":2,""receptions"":2,""receiving_yards"":20},{""season"":2026,""week"":3,""opponent_team"":""WAS"",""targets"":5,""receptions"":4,""receiving_yards"":46},{""season"":2026,""week"":4,""opponent_team"":""LAC"",""targets"":2,""receptions"":1,""receiving_yards"":13}],""recent_mean_weight"":0.5,""targets"":4.613499,""catch_rate"":0.629721,""yards_per_reception"":12.696785,""mean_stages"":{""before_adjustments"":2.905216,""after_defense"":2.78469,""after_venue"":2.804183,""final"":2.804183},""sigma"":1.944106,""opponent"":{""team"":""SF"",""kind"":""pass"",""rating"":1.138287,""rank"":9,""of"":32,""allowed"":214.75,""league"":234.585938,""games"":4,""season"":2026},""home"":true,""versus"":{""team"":""SF"",""values"":[3.0,2.0,11.0,7.0,11.0,14.0,8.0,0.0,2.0,2.0,5.0],""home"":[false,true,false,true,true,false,true,false,true,false,true],""since"":""2020 Wk 6"",""note"":""History only, not a model input. In our backtests, results against one opponent did not predict the next meeting beyond a player\u2019s overall form.""}}",WR
8e5d515b10d8a5ffb324640ed60bcc55,San Francisco 49ers @ Seattle Seahawks,Brock Purdy,betmgm,BetMGM,rush_yds,Rushing yards,over,18.5,-115,32.9242053052,0.5647668394,0.0,0.5348837209,0.5,0.5030544184,18.5,6,298.8311844801,5.5868438838,Calibration fitted; not prospectively validated,2026-10-07T16:51:31Z,2026-10-11T20:25:00Z,Sun 4:25 PM ET,Seattle Seahawks,San Francisco 49ers,"{""version"":""nfl-projection-trace-1"",""family"":""rush"",""current_sample"":[{""season"":2026,""week"":1,""opponent_team"":""LA"",""carries"":5,""rushing_yards"":29},{""season"":2026,""week"":2,""opponent_team"":""MIA"",""carries"":3,""rushing_yards"":30},{""season"":2026,""week"":3,""opponent_team"":""ARI"",""carries"":2,""rushing_yards"":34},{""season"":2026,""week"":4,""opponent_team"":""DEN"",""carries"":10,""rushing_yards"":29}],""recent_mean_weight"":0.5,""carries"":6.218877,""yards_per_carry"":5.592281,""mean_stages"":{""before_adjustments"":34.77771,""after_defense"":33.733817,""after_venue"":32.924205,""final"":32.924205},""sigma"":25.938035,""opponent"":{""team"":""SEA"",""kind"":""rush"",""rating"":1.100054,""rank"":11,""of"":32,""allowed"":102.0,""league"":111.390625,""games"":4,""season"":2026},""home"":false,""versus"":{""team"":""SEA"",""values"":[-2.0,16.0,1.0,7.0,19.0,40.0,17.0,21.0,37.0],""home"":[false,true,false,true,false,true,false,true,false],""since"":""2022 Wk 15"",""note"":""History only, not a model input. In our backtests, results against one opponent did not predict the next meeting beyond a player\u2019s overall form.""}}",QB
8e5d515b10d8a5ffb324640ed60bcc55,San Francisco 49ers @ Seattle Seahawks,Emanuel Wilson,betmgm,BetMGM,rush_yds,Rushing yards,under,60.5,-115,44.8356191122,0.5647668394,0.0,0.5348837209,0.5,0.5,60.5,2,298.8311844801,5.5868438838,Calibration fitted; not prospectively validated,2026-10-07T16:51:31Z,2026-10-11T20:25:00Z,Sun 4:25 PM ET,Seattle Seahawks,San Francisco 49ers,"{""version"":""nfl-projection-trace-1"",""family"":""rush"",""current_sample"":[{""season"":2026,""week"":1,""opponent_team"":""NE"",""carries"":2,""rushing_yards"":3},{""season"":2026,""week"":2,""opponent_team"":""ARI"",""carries"":21,""rushing_yards"":92},{""season"":2026,""week"":3,""opponent_team"":""WAS"",""carries"":9,""rushing_yards"":14},{""season"":2026,""week"":4,""opponent_team"":""LAC"",""carries"":21,""rushing_yards"":81}],""recent_mean_weight"":0.5,""carries"":12.098899,""yards_per_carry"":3.758763,""mean_stages"":{""before_adjustments"":45.47689,""after_defense"":43.784784,""after_venue"":44.835619,""final"":44.835619},""sigma"":33.53837,""opponent"":{""team"":""SF"",""kind"":""rush"",""rating"":1.124027,""rank"":9,""of"":32,""allowed"":99.75,""league"":111.390625,""games"":4,""season"":2026},""home"":true,""versus"":{""team"":""SF"",""values"":[16.0,41.0],""home"":[false,true],""since"":""2023 playoffs"",""note"":""History only, not a model input. In our backtests, results against one opponent did not predict the next meeting beyond a player\u2019s overall form.""}}",RB
8e5d515b10d8a5ffb324640ed60bcc55,San Francisco 49ers @ Seattle Seahawks,AJ Barner,bovada,Bovada,receptions,Receptions,under,2.5,105,1.8009533112,0.5475728155,0.0,0.487804878,0.4592085979,0.4545478297,2.5,4,597.679374852,12.2524271845,Calibration fitted; not prospectively validated,2026-10-07T16:50:26Z,2026-10-11T20:25:00Z,Sun 4:25 PM ET,Seattle Seahawks,San Francisco 49ers,"{""version"":""nfl-projection-trace-1"",""family"":""receive"",""current_sample"":[{""season"":2026,""week"":1,""opponent_team"":""NE"",""targets"":2,""receptions"":2,""receiving_yards"":13},{""season"":2026,""week"":2,""opponent_team"":""ARI"",""targets"":1,""receptions"":1,""receiving_yards"":8},{""season"":2026,""week"":3,""opponent_team"":""WAS"",""targets"":9,""receptions"":5,""receiving_yards"":69},{""season"":2026,""week"":4,""opponent_team"":""LAC"",""targets"":3,""receptions"":1,""receiving_yards"":12}],""recent_mean_weight"":0.5,""targets"":3.731681,""catch_rate"":0.5,""yards_per_reception"":10.956886,""mean_stages"":{""before_adjustments"":1.865841,""after_defense"":1.788434,""after_venue"":1.800953,""final"":1.800953},""sigma"":1.320888,""opponent"":{""team"":""SF"",""kind"":""pass"",""rating"":1.138287,""rank"":9,""of"":32,""allowed"":214.75,""league"":234.585938,""games"":4,""season"":2026},""home"":true,""versus"":{""team"":""SF"",""values"":[1.0,2.0,1.0,2.0,0.0],""home"":[true,false,true,false,true],""since"":""2024 Wk 6"",""note"":""History only, not a model input. In our backtests, results against one opponent did not predict the next meeting beyond a player\u2019s overall form.""}}",TE
8e5d515b10d8a5ffb324640ed60bcc55,San Francisco 49ers @ Seattle Seahawks,Christian McCaffrey,bovada,Bovada,receptions,Receptions,under,4.5,105,2.8819714247,0.5789473684,0.0,0.487804878,0.4592085979,0.4723111002,4.5,5,911.4249037227,18.6842105263,Calibration fitted; not prospectively validated,2026-10-07T16:50:26Z,2026-10-11T20:25:00Z,Sun 4:25 PM ET,Seattle Seahawks,San Francisco 49ers,"{""version"":""nfl-projection-trace-1"",""family"":""receive"",""current_sample"":[{""season"":2026,""week"":1,""opponent_team"":""LA"",""targets"":8,""receptions"":5,""receiving_yards"":20},{""season"":2026,""week"":2,""opponent_team"":""MIA"",""targets"":4,""receptions"":4,""receiving_yards"":43},{""season"":2026,""week"":3,""opponent_team"":""ARI"",""targets"":5,""receptions"":4,""receiving_yards"":41},{""season"":2026,""week"":4,""opponent_team"":""DEN"",""targets"":5,""receptions"":3,""receiving_yards"":18}],""recent_mean_weight"":0.5,""targets"":4.970723,""catch_rate"":0.689655,""yards_per_reception"":7.915741,""mean_stages"":{""before_adjustments"":3.428085,""after_defense"":2.902287,""after_venue"":2.881971,""final"":2.881971},""sigma"":1.383383,""opponent"":{""team"":""SEA"",""kind"":""pass"",""rating"":1.511264,""rank"":2,""of"":32,""allowed"":161.25,""league"":234.585938,""games"":4,""season"":2026},""home"":false,""versus"":{""team"":""SEA"",""values"":[6.0,2.0,5.0,1.0,4.0,9.0,6.0,5.0],""home"":[false,true,false,true,true,false,true,false],""since"":""2022 Wk 15"",""note"":""History only, not a model input. In our backtests, results against one opponent did not predict the next meeting beyond a player\u2019s overall form.""}}",RB
8e5d515b10d8a5ffb324640ed60bcc55,San Francisco 49ers @ Seattle Seahawks,Cooper Kupp,bovada,Bovada,receptions,Receptions,over,2.5,-110,2.8041829814,0.5420560748,0.0,0.5238095238,0.4898785425,0.4858161777,2.5,5,182.4655095683,3.4834324554,Calibration fitted; not prospectively validated,2026-10-07T16:50:26Z,2026-10-11T20:25:00Z,Sun 4:25 PM ET,Seattle Seahawks,San Francisco 49ers,"{""version"":""nfl-projection-trace-1"",""family"":""receive"",""current_sample"":[{""season"":2026,""week"":1,""opponent_team"":""NE"",""targets"":3,""receptions"":2,""receiving_yards"":35},{""season"":2026,""week"":2,""opponent_team"":""ARI"",""targets"":2,""receptions"":2,""receiving_yards"":20},{""season"":2026,""week"":3,""opponent_team"":""WAS"",""targets"":5,""receptions"":4,""receiving_yards"":46},{""season"":2026,""week"":4,""opponent_team"":""LAC"",""targets"":2,""receptions"":1,""receiving_yards"":13}],""recent_mean_weight"":0.5,""targets"":4.613499,""catch_rate"":0.629721,""yards_per_reception"":12.696785,""mean_stages"":{""before_adjustments"":2.905216,""after_defense"":2.78469,""after_venue"":2.804183,""final"":2.804183},""sigma"":1.944106,""opponent"":{""team"":""SF"",""kind"":""pass"",""rating"":1.138287,""rank"":9,""of"":32,""allowed"":214.75,""league"":234.585938,""games"":4,""season"":2026},""home"":true,""versus"":{""team"":""SF"",""values"":[3.0,2.0,11.0,7.0,11.0,14.0,8.0,0.0,2.0,2.0,5.0],""home"":[false,true,false,true,true,false,true,false,true,false,true],""since"":""2020 Wk 6"",""note"":""History only, not a model input. In our backtests, results against one opponent did not predict the next meeting beyond a player\u2019s overall form.""}}",WR
8e5d515b10d8a5ffb324640ed60bcc55,San Francisco 49ers @ Seattle Seahawks,George Kittle,bovada,Bovada,receptions,Receptions,under,4.5,-110,3.4263624158,0.5475728155,0.0,0.5238095238,0.4898785425,0.4821339934,4.5,4,237.6329172446,4.5366284201,Calibration fitted; not prospectively validated,2026-10-07T16:50:26Z,2026-10-11T20:25:00Z,Sun 4:25 PM ET,Seattle Seahawks,San Francisco 49ers,"{""version"":""nfl-projection-trace-1"",""family"":""receive"",""current_sample"":[{""season"":2026,""week"":1,""opponent_team"":""LA"",""targets"":5,""receptions"":2,""receiving_yards"":12},{""season"":2026,""week"":2,""opponent_team"":""MIA"",""targets"":4,""receptions"":4,""receiving_yards"":80},{""season"":2026,""week"":3,""opponent_team"":""ARI"",""targets"":7,""receptions"":6,""receiving_yards"":82},{""season"":2026,""week"":4,""opponent_team"":""DEN"",""targets"":6,""receptions"":4,""receiving_yards"":70}],""recent_mean_weight"":0.5,""targets"":5.538196,""catch_rate"":0.735914,""yards_per_reception"":14.314023,""mean_stages"":{""before_adjustments"":4.075634,""after_defense"":3.450516,""after_venue"":3.426362,""final"":3.426362},""sigma"":1.553119,""opponent"":{""team"":""SEA"",""kind"":""pass"",""rating"":1.511264,""rank"":2,""of"":32,""allowed"":161.25,""league"":234.585938,""games"":4,""season"":2026},""home"":false,""versus"":{""team"":""SEA"",""values"":[2.0,7.0,4.0,9.0,4.0,2.0,3.0,3.0,5.0,4.0,5.0],""home"":[false,true,true,false,false,true,false,true,false,false,true],""since"":""2020 Wk 8"",""note"":""History only, not a model input. In our backtests, results against one opponent did not predict the next meeting beyond a player\u2019s overall form.""}}",TE
8e5d515b10d8a5ffb324640ed60bcc55,San Francisco 49ers @ Seattle Seahawks,Jaxon Smith-Njigba,bovada,Bovada,receptions,Receptions,under,6.5,-110,5.8249600964,0.5420560748,0.0,0.5238095238,0.4898785425,0.4855476506,6.5,4,182.4655095683,3.4834324554,Calibration fitted; not prospectively validated,2026-10-07T16:50:26Z,2026-10-11T20:25:00Z,Sun 4:25 PM ET,Seattle Seahawks,San Francisco 49ers,"{""version"":""nfl-projection-trace-1"",""family"":""receive"",""current_sample"":[{""season"":2026,""week"":1,""opponent_team"":""NE"",""targets"":11,""receptions"":8,""receiving_yards"":122},{""season"":2026,""week"":2,""opponent_team"":""ARI"",""targets"":11,""receptions"":9,""receiving_yards"":155},{""season"":2026,""week"":3,""opponent_team"":""WAS"",""targets"":14,""receptions"":10,""receiving_yards"":128},{""season"":2026,""week"":4,""opponent_team"":""LAC"",""targets"":6,""receptions"":5,""receiving_yards"":76}],""recent_mean_weight"":0.5,""targets"":7.559235,""catch_rate"":0.798339,""yards_per_reception"":13.686547,""mean_stages"":{""before_adjustments"":6.03483,""after_defense"":5.784469,""after_venue"":5.82496,""final"":5.82496},""sigma"":2.80911,""opponent"":{""team"":""SF"",""kind"":""pass"",""rating"":1.138287,""rank"":9,""of"":32,""allowed"":214.75,""league"":234.585938,""games"":4,""season"":2026},""home"":true,""versus"":{""team"":""SF"",""values"":[2.0,4.0,5.0,10.0,9.0,6.0,3.0],""home"":[true,false,true,false,true,false,true],""since"":""2023 Wk 12"",""note"":""History only, not a model input. In our backtests, results against one opponent did not predict the next meeting beyond a player\u2019s overall form.""}}",WR
8e5d515b10d8a5ffb324640ed60bcc55,San Francisco 49ers @ Seattle Seahawks,Mike Evans,bovada,Bovada,receptions,Receptions,under,3.5,120,3.7036264812,0.4591194969,0.0,0.4545454545,0.4248366013,0.4204102331,3.5,4,45.7404230989,1.0062893082,Calibration fitted; not prospectively validated,2026-10-07T16:50:26Z,2026-10-11T20:25:00Z,Sun 4:25 PM ET,Seattle Seahawks,San Francisco 49ers,"{""version"":""nfl-projection-trace-1"",""family"":""receive"",""current_sample"":[{""season"":2026,""week"":1,""opponent_team"":""LA"",""targets"":7,""receptions"":6,""receiving_yards"":49},{""season"":2026,""week"":2,""opponent_team"":""MIA"",""targets"":3,""receptions"":3,""receiving_yards"":54},{""season"":2026,""week"":3,""opponent_team"":""ARI"",""targets"":6,""receptions"":3,""receiving_yards"":34},{""season"":2026,""week"":4,""opponent_team"":""DEN"",""targets"":8,""receptions"":5,""receiving_yards"":76}],""recent_mean_weight"":0.5,""targets"":6.880205,""catch_rate"":0.640306,""yards_per_reception"":13.999585,""mean_stages"":{""before_adjustments"":4.405438,""after_defense"":3.729735,""after_venue"":3.703626,""final"":3.703626},""sigma"":1.742594,""opponent"":{""team"":""SEA"",""kind"":""pass"",""rating"":1.511264,""rank"":2,""of"":32,""allowed"":161.25,""league"":234.585938,""games"":4,""season"":2026},""home"":false,""versus"":{""team"":""SEA"",""values"":[5.0],""home"":[true],""since"":""2022 Wk 10"",""note"":""History only, not a model input. In our backtests, results against one opponent did not predict the next meeting beyond a player\u2019s overall form.""}}",WR
8e5d515b10d8a5ffb324640ed60bcc55,San Francisco 49ers @ Seattle Seahawks,Rashid Shaheed,bovada,Bovada,receptions,Receptions,under,1.5,140,1.8992644703,0.4524271845,0.0,0.4166666667,0.3909465021,0.4063825973,1.5,5,357.6051779935,8.5825242718,Calibration fitted; not prospectively validated,2026-10-07T16:50:26Z,2026-10-11T20:25:00Z,Sun 4:25 PM ET,Seattle Seahawks,San Francisco 49ers,"{""version"":""nfl-projection-trace-1"",""family"":""receive"",""current_sample"":[{""season"":2026,""week"":1,""opponent_team"":""NE"",""targets"":3,""receptions"":1,""receiving_yards"":4},{""season"":2026,""week"":2,""opponent_team"":""ARI"",""targets"":6,""receptions"":3,""receiving_yards"":35},{""season"":2026,""week"":3,""opponent_team"":""WAS"",""targets"":3,""receptions"":2,""receiving_yards"":14},{""season"":2026,""week"":4,""opponent_team"":""LAC"",""targets"":3,""receptions"":1,""receiving_yards"":20}],""recent_mean_weight"":0.5,""targets"":3.935388,""catch_rate"":0.5,""yards_per_reception"":14.730613,""mean_stages"":{""before_adjustments"":1.967694,""after_defense"":1.886062,""after_venue"":1.899264,""final"":1.899264},""sigma"":1.206731,""opponent"":{""team"":""SF"",""kind"":""pass"",""rating"":1.138287,""rank"":9,""of"":32,""allowed"":214.75,""league"":234.585938,""games"":4,""season"":2026},""home"":true,""versus"":{""team"":""SF"",""values"":[2.0,4.0,1.0,0.0],""home"":[false,true,false,true],""since"":""2022 Wk 12"",""note"":""History only, not a model input. In our backtests, results against one opponent did not predict the next meeting beyond a player\u2019s overall form.""}}",WR
8e5d515b10d8a5ffb324640ed60bcc55,San Francisco 49ers @ Seattle Seahawks,Brock Purdy,bovada,Bovada,rush_yds,Rushing yards,over,18.5,-120,32.9242053052,0.5647668394,0.0,0.5454545455,0.5101214575,0.5030544184,18.5,6,193.1229392369,3.5405872193,Calibration fitted; not prospectively validated,2026-10-07T16:50:26Z,2026-10-11T20:25:00Z,Sun 4:25 PM ET,Seattle Seahawks,San Francisco 49ers,"{""version"":""nfl-projection-trace-1"",""family"":""rush"",""current_sample"":[{""season"":2026,""week"":1,""opponent_team"":""LA"",""carries"":5,""rushing_yards"":29},{""season"":2026,""week"":2,""opponent_team"":""MIA"",""carries"":3,""rushing_yards"":30},{""season"":2026,""week"":3,""opponent_team"":""ARI"",""carries"":2,""rushing_yards"":34},{""season"":2026,""week"":4,""opponent_team"":""DEN"",""carries"":10,""rushing_yards"":29}],""recent_mean_weight"":0.5,""carries"":6.218877,""yards_per_carry"":5.592281,""mean_stages"":{""before_adjustments"":34.77771,""after_defense"":33.733817,""after_venue"":32.924205,""final"":32.924205},""sigma"":25.938035,""opponent"":{""team"":""SEA"",""kind"":""rush"",""rating"":1.100054,""rank"":11,""of"":32,""allowed"":102.0,""league"":111.390625,""games"":4,""season"":2026},""home"":false,""versus"":{""team"":""SEA"",""values"":[-2.0,16.0,1.0,7.0,19.0,40.0,17.0,21.0,37.0],""home"":[false,true,false,true,false,true,false,true,false],""since"":""2022 Wk 15"",""note"":""History only, not a model input. In our backtests, results against one opponent did not predict the next meeting beyond a player\u2019s overall form.""}}",QB
8e5d515b10d8a5ffb324640ed60bcc55,San Francisco 49ers @ Seattle Seahawks,Sam Darnold,bovada,Bovada,rush_yds,Rushing yards,over,4.5,-120,11.6917999202,0.5647668394,0.0,0.5454545455,0.5101214575,0.5101897756,4.5,4,193.1229392369,3.5405872193,Calibration fitted; not prospectively validated,2026-10-07T16:50:26Z,2026-10-11T20:25:00Z,Sun 4:25 PM ET,Seattle Seahawks,San Francisco 49ers,"{""version"":""nfl-projection-trace-1"",""family"":""rush"",""current_sample"":[{""season"":2026,""week"":1,""opponent_team"":""NE"",""carries"":0,""rushing_yards"":0},{""season"":2026,""week"":3,""opponent_team"":""WAS"",""carries"":1,""rushing_yards"":5},{""season"":2026,""week"":4,""opponent_team"":""LAC"",""carries"":3,""rushing_yards"":6}],""recent_mean_weight"":0.428571,""carries"":3.50969,""yards_per_carry"":3.378938,""mean_stages"":{""before_adjustments"":11.859024,""after_defense"":11.417773,""after_venue"":11.6918,""final"":11.6918},""sigma"":12.52577,""opponent"":{""team"":""SF"",""kind"":""rush"",""rating"":1.124027,""rank"":9,""of"":32,""allowed"":99.75,""league"":111.390625,""games"":4,""season"":2026},""home"":true,""versus"":{""team"":""SF"",""values"":[7.0,32.0,14.0,9.0,0.0],""home"":[true,true,true,false,true],""since"":""2020 Wk 2"",""note"":""History only, not a model input. In our backtests, results against one opponent did not predict the next meeting beyond a player\u2019s overall form.""}}",QB
8e5d515b10d8a5ffb324640ed60bcc55,San Francisco 49ers @ Seattle Seahawks,Christian McCaffrey,fanatics,Fanatics,rush_yds,Rushing yards,under,50.5,105,53.2561840964,0.5,0.0,0.487804878,0.4554079696,0.4554079696,53.5,1,121.9512195122,2.5,Calibration fitted; not prospectively validated,2026-10-07T16:50:46Z,2026-10-11T20:25:00Z,Sun 4:25 PM ET,Seattle Seahawks,San Francisco 49ers,"{""version"":""nfl-projection-trace-1"",""family"":""rush"",""current_sample"":[{""season"":2026,""week"":1,""opponent_team"":""LA"",""carries"":10,""rushing_yards"":68},{""season"":2026,""week"":2,""opponent_team"":""MIA"",""carries"":10,""rushing_yards"":23},{""season"":2026,""week"":3,""opponent_team"":""ARI"",""carries"":15,""rushing_yards"":75},{""season"":2026,""week"":4,""opponent_team"":""DEN"",""carries"":15,""rushing_yards"":52}],""recent_mean_weight"":0.5,""carries"":13.816347,""yards_per_carry"":4.071575,""mean_stages"":{""before_adjustments"":56.2543,""after_defense"":54.565762,""after_venue"":53.256184,""final"":53.256184},""sigma"":28.987623,""opponent"":{""team"":""SEA"",""kind"":""rush"",""rating"":1.100054,""rank"":11,""of"":32,""allowed"":102.0,""league"":111.390625,""games"":4,""season"":2026},""home"":false,""versus"":{""team"":""SEA"",""values"":[108.0,119.0,114.0,145.0,79.0,69.0,23.0,35.0],""home"":[false,true,false,true,true,false,true,false],""since"":""2022 Wk 15"",""note"":""History only, not a model input. In our backtests, results against one opponent did not predict the next meeting beyond a player\u2019s overall form.""}}",RB
86457f91112732f21ad4bb7d37bd291c,Baltimore Ravens @ Atlanta Falcons,Michael Penix,draftkings,DraftKings,pass_attempts,Passing attempts,under,29.5,-109,25.3988982876,0.6363636364,0.0,0.5215311005,0.4916850289,0.4898785425,29.5,3,1148.3253588517,22.0183486239,Calibration fitted; not prospectively validated,2026-10-07T16:51:30Z,2026-10-12T00:20:00Z,Sun 8:20 PM ET,Atlanta Falcons,Baltimore Ravens,"{""version"":""nfl-projection-trace-1"",""current_sample"":[{""season"":2026,""week"":3,""opponent_team"":""GB"",""attempts"":25,""completions"":18,""passing_yards"":256},{""season"":2026,""week"":4,""opponent_team"":""NO"",""attempts"":20,""completions"":15,""passing_yards"":223}],""recent_mean_weight"":0.333333,""yards_per_completion_recent_weight"":0.333333,""career_baselines"":{""attempts"":{""mean"":27.834417,""games"":14,""position_pool_mean"":27.838228},""yards_per_completion"":{""mean"":11.306035,""games"":14,""position_pool_mean"":10.96096}},""attempts"":25.699135,""completion_rate"":0.741429,""yards_per_completion"":12.0,""limitations"":[""Appearance totals do not distinguish partial games from normal starter workloads."",""Completion rate uses recent games without career shrinkage."",""Variance omits completion-rate uncertainty and dependence among components.""],""mean_stages"":{""before_adjustments"":25.699135,""after_defense"":25.398898,""after_venue"":25.398898,""final"":25.398898},""sigma"":10.80871,""opponent"":{""team"":""BAL"",""kind"":""pass"",""rating"":1.038943,""rank"":17,""of"":32,""allowed"":229.0,""league"":234.585938,""games"":4,""season"":2026},""home"":true,""versus"":null}",QB
86457f91112732f21ad4bb7d37bd291c,Baltimore Ravens @ Atlanta Falcons,Michael Penix,draftkings,DraftKings,pass_tds,Passing touchdowns,over,1.5,123,1.046,0.4821981424,0.0,0.4484304933,0.4233170266,0.4307128807,1.5,5,337.6764914132,7.5301857585,Calibration fitted; not prospectively validated,2026-10-07T16:51:30Z,2026-10-12T00:20:00Z,Sun 8:20 PM ET,Atlanta Falcons,Baltimore Ravens,,QB
86457f91112732f21ad4bb7d37bd291c,Baltimore Ravens @ Atlanta Falcons,Tyler Huntley,draftkings,DraftKings,pass_tds,Passing touchdowns,under,1.5,-254,0.00954,0.75,0.0,0.7175141243,0.679144385,0.6764758022,1.5,5,324.8587570621,4.5275590551,Calibration fitted; not prospectively validated,2026-10-07T16:51:30Z,2026-10-12T00:20:00Z,Sun 8:20 PM ET,Atlanta Falcons,Baltimore Ravens,,QB
86457f91112732f21ad4bb7d37bd291c,Baltimore Ravens @ Atlanta Falcons,Tyler Huntley,fanduel,FanDuel,pass_tds,Passing touchdowns,under,1.5,-250,0.00954,0.75,0.0,0.7142857143,0.6682464455,0.6764758022,1.5,5,357.1428571429,5.0,Calibration fitted; not prospectively validated,2026-10-07T16:51:51Z,2026-10-12T00:20:00Z,Sun 8:20 PM ET,Atlanta Falcons,Baltimore Ravens,,QB
86457f91112732f21ad4bb7d37bd291c,Baltimore Ravens @ Atlanta Falcons,Michael Penix,fanduel,FanDuel,pass_tds,Passing touchdowns,over,1.5,116,1.046,0.4821981424,0.0,0.462962963,0.4329742261,0.4307128807,1.5,5,192.351794519,4.1547987616,Calibration fitted; not prospectively validated,2026-10-07T16:51:51Z,2026-10-12T00:20:00Z,Sun 8:20 PM ET,Atlanta Falcons,Baltimore Ravens,,QB
86457f91112732f21ad4bb7d37bd291c,Baltimore Ravens @ Atlanta Falcons,Michael Penix,betonlineag,BetOnline.ag,pass_attempts,Passing attempts,under,29.5,-109,25.3988982876,0.6363636364,0.0,0.5215311005,0.4897419064,0.4898785425,29.5,3,1148.3253588517,22.0183486239,Calibration fitted; not prospectively validated,2026-10-07T16:51:42Z,2026-10-12T00:20:00Z,Sun 8:20 PM ET,Atlanta Falcons,Baltimore Ravens,"{""version"":""nfl-projection-trace-1"",""current_sample"":[{""season"":2026,""week"":3,""opponent_team"":""GB"",""attempts"":25,""completions"":18,""passing_yards"":256},{""season"":2026,""week"":4,""opponent_team"":""NO"",""attempts"":20,""completions"":15,""passing_yards"":223}],""recent_mean_weight"":0.333333,""yards_per_completion_recent_weight"":0.333333,""career_baselines"":{""attempts"":{""mean"":27.834417,""games"":14,""position_pool_mean"":27.838228},""yards_per_completion"":{""mean"":11.306035,""games"":14,""position_pool_mean"":10.96096}},""attempts"":25.699135,""completion_rate"":0.741429,""yards_per_completion"":12.0,""limitations"":[""Appearance totals do not distinguish partial games from normal starter workloads."",""Completion rate uses recent games without career shrinkage."",""Variance omits completion-rate uncertainty and dependence among components.""],""mean_stages"":{""before_adjustments"":25.699135,""after_defense"":25.398898,""after_venue"":25.398898,""final"":25.398898},""sigma"":10.80871,""opponent"":{""team"":""BAL"",""kind"":""pass"",""rating"":1.038943,""rank"":17,""of"":32,""allowed"":229.0,""league"":234.585938,""games"":4,""season"":2026},""home"":true,""versus"":null}",QB
86457f91112732f21ad4bb7d37bd291c,Baltimore Ravens @ Atlanta Falcons,Michael Penix,betonlineag,BetOnline.ag,pass_tds,Passing touchdowns,over,1.5,118,1.046,0.4821981424,0.0,0.4587155963,0.4307128807,0.4307128807,1.5,5,234.8254608459,5.1191950464,Calibration fitted; not prospectively validated,2026-10-07T16:51:42Z,2026-10-12T00:20:00Z,Sun 8:20 PM ET,Atlanta Falcons,Baltimore Ravens,,QB
86457f91112732f21ad4bb7d37bd291c,Baltimore Ravens @ Atlanta Falcons,Tyler Huntley,betonlineag,BetOnline.ag,pass_tds,Passing touchdowns,under,1.5,-256,0.00954,0.75,0.0,0.7191011236,0.6758922068,0.6764758022,1.5,5,308.9887640449,4.296875,Calibration fitted; not prospectively validated,2026-10-07T16:51:42Z,2026-10-12T00:20:00Z,Sun 8:20 PM ET,Atlanta Falcons,Baltimore Ravens,,QB
86457f91112732f21ad4bb7d37bd291c,Baltimore Ravens @ Atlanta Falcons,Tyler Huntley,betrivers,BetRivers,pass_tds,Passing touchdowns,under,1.5,-265,0.00954,0.75,0.0,0.7260273973,0.6764758022,0.6764758022,1.5,5,239.7260273973,3.3018867925,Calibration fitted; not prospectively validated,2026-10-07T16:51:01Z,2026-10-12T00:20:00Z,Sun 8:20 PM ET,Atlanta Falcons,Baltimore Ravens,,QB
86457f91112732f21ad4bb7d37bd291c,Baltimore Ravens @ Atlanta Falcons,Michael Penix,betrivers,BetRivers,pass_tds,Passing touchdowns,over,1.5,108,1.046,0.4821981424,0.0,0.4807692308,0.4496336319,0.4307128807,1.5,5,14.2891164563,0.2972136223,Calibration fitted; not prospectively validated,2026-10-07T16:51:01Z,2026-10-12T00:20:00Z,Sun 8:20 PM ET,Atlanta Falcons,Baltimore Ravens,,QB
86457f91112732f21ad4bb7d37bd291c,Baltimore Ravens @ Atlanta Falcons,Michael Penix,bovada,Bovada,pass_attempts,Passing attempts,under,29.5,-110,25.3988982876,0.6363636364,0.0,0.5238095238,0.4898785425,0.4898785425,29.5,3,1125.5411255411,21.4876033058,Calibration fitted; not prospectively validated,2026-10-07T16:50:56Z,2026-10-12T00:20:00Z,Sun 8:20 PM ET,Atlanta Falcons,Baltimore Ravens,"{""version"":""nfl-projection-trace-1"",""current_sample"":[{""season"":2026,""week"":3,""opponent_team"":""GB"",""attempts"":25,""completions"":18,""passing_yards"":256},{""season"":2026,""week"":4,""opponent_team"":""NO"",""attempts"":20,""completions"":15,""passing_yards"":223}],""recent_mean_weight"":0.333333,""yards_per_completion_recent_weight"":0.333333,""career_baselines"":{""attempts"":{""mean"":27.834417,""games"":14,""position_pool_mean"":27.838228},""yards_per_completion"":{""mean"":11.306035,""games"":14,""position_pool_mean"":10.96096}},""attempts"":25.699135,""completion_rate"":0.741429,""yards_per_completion"":12.0,""limitations"":[""Appearance totals do not distinguish partial games from normal starter workloads."",""Completion rate uses recent games without career shrinkage."",""Variance omits completion-rate uncertainty and dependence among components.""],""mean_stages"":{""before_adjustments"":25.699135,""after_defense"":25.398898,""after_venue"":25.398898,""final"":25.398898},""sigma"":10.80871,""opponent"":{""team"":""BAL"",""kind"":""pass"",""rating"":1.038943,""rank"":17,""of"":32,""allowed"":229.0,""league"":234.585938,""games"":4,""season"":2026},""home"":true,""versus"":null}",QB
86457f91112732f21ad4bb7d37bd291c,Baltimore Ravens @ Atlanta Falcons,Michael Penix,bovada,Bovada,pass_tds,Passing touchdowns,over,1.5,120,1.046,0.4821981424,0.0,0.4545454545,0.4248366013,0.4307128807,1.5,5,276.5268786941,6.0835913313,Calibration fitted; not prospectively validated,2026-10-07T16:50:56Z,2026-10-12T00:20:00Z,Sun 8:20 PM ET,Atlanta Falcons,Baltimore Ravens,,QB
86457f91112732f21ad4bb7d37bd291c,Baltimore Ravens @ Atlanta Falcons,Tyler Huntley,bovada,Bovada,pass_tds,Passing touchdowns,under,1.5,-260,0.00954,0.75,0.0,0.7222222222,0.6768402154,0.6764758022,1.5,5,277.7777777778,3.8461538462,Calibration fitted; not prospectively validated,2026-10-07T16:50:56Z,2026-10-12T00:20:00Z,Sun 8:20 PM ET,Atlanta Falcons,Baltimore Ravens,,QB
86457f91112732f21ad4bb7d37bd291c,Baltimore Ravens @ Atlanta Falcons,Zay Flowers,draftkings,DraftKings,receptions,Receptions,over,5.5,112,6.0733985088,0.5475728155,0.0,0.4716981132,0.4449245642,0.4511568921,5.5,4,758.7470232643,16.0854368932,Calibration fitted; not prospectively validated,2026-10-07T16:51:30Z,2026-10-12T00:20:00Z,Sun 8:20 PM ET,Atlanta Falcons,Baltimore Ravens,"{""version"":""nfl-projection-trace-1"",""family"":""receive"",""current_sample"":[{""season"":2026,""week"":1,""opponent_team"":""IND"",""targets"":6,""receptions"":5,""receiving_yards"":150},{""season"":2026,""week"":3,""opponent_team"":""DAL"",""targets"":6,""receptions"":5,""receiving_yards"":84},{""season"":2026,""week"":4,""opponent_team"":""TEN"",""targets"":10,""receptions"":8,""receiving_yards"":118}],""recent_mean_weight"":0.428571,""targets"":6.925497,""catch_rate"":0.811966,""yards_per_reception"":14.863325,""mean_stages"":{""before_adjustments"":5.623267,""after_defense"":6.116212,""after_venue"":6.073399,""final"":6.073399},""sigma"":2.308223,""opponent"":{""team"":""ATL"",""kind"":""pass"",""rating"":0.707794,""rank"":29,""of"":32,""allowed"":276.5,""league"":234.585938,""games"":4,""season"":2026},""home"":false,""versus"":null}",WR
86457f91112732f21ad4bb7d37bd291c,Baltimore Ravens @ Atlanta Falcons,Bijan Robinson,draftkings,DraftKings,receptions,Receptions,under,3.5,100,2.0822325098,0.5789473684,0.0,0.5,0.4710743802,0.4693877551,3.5,4,789.4736842105,15.7894736842,Calibration fitted; not prospectively validated,2026-10-07T16:51:30Z,2026-10-12T00:20:00Z,Sun 8:20 PM ET,Atlanta Falcons,Baltimore Ravens,"{""version"":""nfl-projection-trace-1"",""family"":""receive"",""current_sample"":[{""season"":2026,""week"":1,""opponent_team"":""PIT"",""targets"":10,""receptions"":8,""receiving_yards"":90},{""season"":2026,""week"":2,""opponent_team"":""CAR"",""targets"":4,""receptions"":3,""receiving_yards"":9},{""season"":2026,""week"":3,""opponent_team"":""GB"",""targets"":2,""receptions"":2,""receiving_yards"":19},{""season"":2026,""week"":4,""opponent_team"":""NO"",""targets"":2,""receptions"":1,""receiving_yards"":2}],""recent_mean_weight"":0.5,""targets"":3.171895,""catch_rate"":0.659606,""yards_per_reception"":6.147844,""mean_stages"":{""before_adjustments"":2.092201,""after_defense"":2.067758,""after_venue"":2.082233,""final"":2.082233},""sigma"":1.423357,""opponent"":{""team"":""BAL"",""kind"":""pass"",""rating"":1.038943,""rank"":17,""of"":32,""allowed"":229.0,""league"":234.585938,""games"":4,""season"":2026},""home"":true,""versus"":null}",RB
86457f91112732f21ad4bb7d37bd291c,Baltimore Ravens @ Atlanta Falcons,Kyle Pitts,draftkings,DraftKings,receptions,Receptions,over,2.5,112,2.9095574463,0.5475728155,0.0,0.4716981132,0.4449245642,0.4539763022,2.5,4,758.7470232643,16.0854368932,Calibration fitted; not prospectively validated,2026-10-07T16:51:30Z,2026-10-12T00:20:00Z,Sun 8:20 PM ET,Atlanta Falcons,Baltimore Ravens,"{""version"":""nfl-projection-trace-1"",""family"":""receive"",""current_sample"":[{""season"":2026,""week"":1,""opponent_team"":""PIT"",""targets"":1,""receptions"":0,""receiving_yards"":0},{""season"":2026,""week"":2,""opponent_team"":""CAR"",""targets"":3,""receptions"":1,""receiving_yards"":15},{""season"":2026,""week"":3,""opponent_team"":""GB"",""targets"":2,""receptions"":1,""receiving_yards"":5},{""season"":2026,""week"":4,""opponent_team"":""NO"",""targets"":3,""receptions"":3,""receiving_yards"":47}],""recent_mean_weight"":0.5,""targets"":3.788092,""catch_rate"":0.771757,""yards_per_reception"":12.080819,""mean_stages"":{""before_adjustments"":2.923487,""after_defense"":2.889332,""after_venue"":2.909557,""final"":2.909557},""sigma"":1.475896,""opponent"":{""team"":""BAL"",""kind"":""pass"",""rating"":1.038943,""rank"":17,""of"":32,""allowed"":229.0,""league"":234.585938,""games"":4,""season"":2026},""home"":true,""versus"":null}",TE
86457f91112732f21ad4bb7d37bd291c,Baltimore Ravens @ Atlanta Falcons,Rashod Bateman,draftkings,DraftKings,receptions,Receptions,under,1.5,148,3.1971598647,0.4524271845,0.0,0.4032258065,0.3805513417,0.3805513417,1.5,3,492.0137801441,12.2019417476,Calibration fitted; not prospectively validated,2026-10-07T16:51:30Z,2026-10-12T00:20:00Z,Sun 8:20 PM ET,Atlanta Falcons,Baltimore Ravens,"{""version"":""nfl-projection-trace-1"",""family"":""receive"",""current_sample"":[{""season"":2026,""week"":1,""opponent_team"":""IND"",""targets"":1,""receptions"":0,""receiving_yards"":0},{""season"":2026,""week"":2,""opponent_team"":""NO"",""targets"":9,""receptions"":7,""receiving_yards"":88},{""season"":2026,""week"":3,""opponent_team"":""DAL"",""targets"":3,""receptions"":2,""receiving_yards"":37},{""season"":2026,""week"":4,""opponent_team"":""TEN"",""targets"":2,""receptions"":2,""receiving_yards"":46}],""recent_mean_weight"":0.5,""targets"":3.455775,""catch_rate"":0.856596,""yards_per_reception"":16.569082,""mean_stages"":{""before_adjustments"":2.960202,""after_defense"":3.219698,""after_venue"":3.19716,""final"":3.19716},""sigma"":2.072463,""opponent"":{""team"":""ATL"",""kind"":""pass"",""rating"":0.707794,""rank"":29,""of"":32,""allowed"":276.5,""league"":234.585938,""games"":4,""season"":2026},""home"":false,""versus"":null}",WR
86457f91112732f21ad4bb7d37bd291c,Baltimore Ravens @ Atlanta Falcons,Derrick Henry,draftkings,DraftKings,rush_attempts,Rushing attempts,under,20.5,-120,15.30387743,0.5945945946,0.0,0.5454545455,0.5145711907,0.5134432308,20.5,2,491.4004914005,9.009009009,Calibration fitted; not prospectively validated,2026-10-07T16:51:30Z,2026-10-12T00:20:00Z,Sun 8:20 PM ET,Atlanta Falcons,Baltimore Ravens,"{""version"":""nfl-projection-trace-1"",""family"":""rush"",""current_sample"":[{""season"":2026,""week"":1,""opponent_team"":""IND"",""carries"":24,""rushing_yards"":144},{""season"":2026,""week"":2,""opponent_team"":""NO"",""carries"":16,""rushing_yards"":68},{""season"":2026,""week"":3,""opponent_team"":""DAL"",""carries"":26,""rushing_yards"":89},{""season"":2026,""week"":4,""opponent_team"":""TEN"",""carries"":23,""rushing_yards"":73}],""recent_mean_weight"":0.5,""carries"":19.50511,""yards_per_carry"":4.099539,""mean_stages"":{""before_adjustments"":19.50511,""after_defense"":15.568543,""after_venue"":15.303877,""final"":15.303877},""sigma"":5.172438,""opponent"":{""team"":""ATL"",""kind"":""rush"",""rating"":1.672741,""rank"":1,""of"":32,""allowed"":48.25,""league"":111.390625,""games"":4,""season"":2026},""home"":false,""versus"":{""team"":""ATL"",""values"":[22.0],""home"":[true],""since"":""2023 Wk 8"",""note"":""History only, not a model input. In our backtests, results against one opponent did not predict the next meeting beyond a player\u2019s overall form.""}}",RB
86457f91112732f21ad4bb7d37bd291c,Baltimore Ravens @ Atlanta Falcons,Bijan Robinson,draftkings,DraftKings,rush_attempts,Rushing attempts,under,18.5,101,16.4951313927,0.506993007,0.0,0.4975124378,0.4689835958,0.4581251496,18.5,2,94.8056918206,1.9055944056,Calibration fitted; not prospectively validated,2026-10-07T16:51:30Z,2026-10-12T00:20:00Z,Sun 8:20 PM ET,Atlanta Falcons,Baltimore Ravens,"{""version"":""nfl-projection-trace-1"",""family"":""rush"",""current_sample"":[{""season"":2026,""week"":1,""opponent_team"":""PIT"",""carries"":21,""rushing_yards"":83},{""season"":2026,""week"":2,""opponent_team"":""CAR"",""carries"":16,""rushing_yards"":72},{""season"":2026,""week"":3,""opponent_team"":""GB"",""carries"":29,""rushing_yards"":194},{""season"":2026,""week"":4,""opponent_team"":""NO"",""carries"":19,""rushing_yards"":145}],""recent_mean_weight"":0.5,""carries"":16.832246,""yards_per_carry"":5.689561,""mean_stages"":{""before_adjustments"":16.832246,""after_defense"":16.219402,""after_venue"":16.495131,""final"":16.495131},""sigma"":5.472866,""opponent"":{""team"":""BAL"",""kind"":""rush"",""rating"":1.121363,""rank"":10,""of"":32,""allowed"":100.0,""league"":111.390625,""games"":4,""season"":2026},""home"":true,""versus"":null}",RB
86457f91112732f21ad4bb7d37bd291c,Baltimore Ravens @ Atlanta Falcons,Brian Robinson,draftkings,DraftKings,rush_attempts,Rushing attempts,under,8.5,111,10.5632392485,0.4915254237,0.0,0.4739336493,0.446807725,0.45809774,8.5,2,175.9177443971,3.7118644068,Calibration fitted; not prospectively validated,2026-10-07T16:51:30Z,2026-10-12T00:20:00Z,Sun 8:20 PM ET,Atlanta Falcons,Baltimore Ravens,"{""version"":""nfl-projection-trace-1"",""family"":""rush"",""current_sample"":[{""season"":2026,""week"":1,""opponent_team"":""PIT"",""carries"":9,""rushing_yards"":31},{""season"":2026,""week"":2,""opponent_team"":""CAR"",""carries"":11,""rushing_yards"":51},{""season"":2026,""week"":3,""opponent_team"":""GB"",""carries"":10,""rushing_yards"":50},{""season"":2026,""week"":4,""opponent_team"":""NO"",""carries"":14,""rushing_yards"":62}],""recent_mean_weight"":0.5,""carries"":10.779122,""yards_per_carry"":4.362974,""mean_stages"":{""before_adjustments"":10.779122,""after_defense"":10.386666,""after_venue"":10.563239,""final"":10.563239},""sigma"":4.911277,""opponent"":{""team"":""BAL"",""kind"":""rush"",""rating"":1.121363,""rank"":10,""of"":32,""allowed"":100.0,""league"":111.390625,""games"":4,""season"":2026},""home"":true,""versus"":null}",RB
86457f91112732f21ad4bb7d37bd291c,Baltimore Ravens @ Atlanta Falcons,Derrick Henry,draftkings,DraftKings,rush_yds,Rushing yards,under,86.5,-111,62.2920818969,0.5647668394,0.0,0.5260663507,0.4978941162,0.5,86.5,4,387.0048866734,7.3565793773,Calibration fitted; not prospectively validated,2026-10-07T16:51:30Z,2026-10-12T00:20:00Z,Sun 8:20 PM ET,Atlanta Falcons,Baltimore Ravens,"{""version"":""nfl-projection-trace-1"",""family"":""rush"",""current_sample"":[{""season"":2026,""week"":1,""opponent_team"":""IND"",""carries"":24,""rushing_yards"":144},{""season"":2026,""week"":2,""opponent_team"":""NO"",""carries"":16,""rushing_yards"":68},{""season"":2026,""week"":3,""opponent_team"":""DAL"",""carries"":26,""rushing_yards"":89},{""season"":2026,""week"":4,""opponent_team"":""TEN"",""carries"":23,""rushing_yards"":73}],""recent_mean_weight"":0.5,""carries"":19.50511,""yards_per_carry"":4.099539,""mean_stages"":{""before_adjustments"":79.961969,""after_defense"":63.823854,""after_venue"":62.292082,""final"":62.292082},""sigma"":38.64376,""opponent"":{""team"":""ATL"",""kind"":""rush"",""rating"":1.672741,""rank"":1,""of"":32,""allowed"":48.25,""league"":111.390625,""games"":4,""season"":2026},""home"":false,""versus"":{""team"":""ATL"",""values"":[101.0],""home"":[true],""since"":""2023 Wk 8"",""note"":""History only, not a model input. In our backtests, results against one opponent did not predict the next meeting beyond a player\u2019s overall form.""}}",RB
86457f91112732f21ad4bb7d37bd291c,Baltimore Ravens @ Atlanta Falcons,Kyle Pitts,fanduel,FanDuel,receptions,Receptions,over,2.5,102,2.9095574463,0.5475728155,0.0,0.495049505,0.4620927318,0.4539763022,2.5,4,525.2331058349,10.6097087379,Calibration fitted; not prospectively validated,2026-10-07T16:51:51Z,2026-10-12T00:20:00Z,Sun 8:20 PM ET,Atlanta Falcons,Baltimore Ravens,"{""version"":""nfl-projection-trace-1"",""family"":""receive"",""current_sample"":[{""season"":2026,""week"":1,""opponent_team"":""PIT"",""targets"":1,""receptions"":0,""receiving_yards"":0},{""season"":2026,""week"":2,""opponent_team"":""CAR"",""targets"":3,""receptions"":1,""receiving_yards"":15},{""season"":2026,""week"":3,""opponent_team"":""GB"",""targets"":2,""receptions"":1,""receiving_yards"":5},{""season"":2026,""week"":4,""opponent_team"":""NO"",""targets"":3,""receptions"":3,""receiving_yards"":47}],""recent_mean_weight"":0.5,""targets"":3.788092,""catch_rate"":0.771757,""yards_per_reception"":12.080819,""mean_stages"":{""before_adjustments"":2.923487,""after_defense"":2.889332,""after_venue"":2.909557,""final"":2.909557},""sigma"":1.475896,""opponent"":{""team"":""BAL"",""kind"":""pass"",""rating"":1.038943,""rank"":17,""of"":32,""allowed"":229.0,""league"":234.585938,""games"":4,""season"":2026},""home"":true,""versus"":null}",TE
86457f91112732f21ad4bb7d37bd291c,Baltimore Ravens @ Atlanta Falcons,Bijan Robinson,fanduel,FanDuel,receptions,Receptions,under,3.5,102,2.0822325098,0.5789473684,0.0,0.495049505,0.4620927318,0.4693877551,3.5,4,838.9786347056,16.9473684211,Calibration fitted; not prospectively validated,2026-10-07T16:51:51Z,2026-10-12T00:20:00Z,Sun 8:20 PM ET,Atlanta Falcons,Baltimore Ravens,"{""version"":""nfl-projection-trace-1"",""family"":""receive"",""current_sample"":[{""season"":2026,""week"":1,""opponent_team"":""PIT"",""targets"":10,""receptions"":8,""receiving_yards"":90},{""season"":2026,""week"":2,""opponent_team"":""CAR"",""targets"":4,""receptions"":3,""receiving_yards"":9},{""season"":2026,""week"":3,""opponent_team"":""GB"",""targets"":2,""receptions"":2,""receiving_yards"":19},{""season"":2026,""week"":4,""opponent_team"":""NO"",""targets"":2,""receptions"":1,""receiving_yards"":2}],""recent_mean_weight"":0.5,""targets"":3.171895,""catch_rate"":0.659606,""yards_per_reception"":6.147844,""mean_stages"":{""before_adjustments"":2.092201,""after_defense"":2.067758,""after_venue"":2.082233,""final"":2.082233},""sigma"":1.423357,""opponent"":{""team"":""BAL"",""kind"":""pass"",""rating"":1.038943,""rank"":17,""of"":32,""allowed"":229.0,""league"":234.585938,""games"":4,""season"":2026},""home"":true,""versus"":null}",RB
86457f91112732f21ad4bb7d37bd291c,Baltimore Ravens @ Atlanta Falcons,Jahan Dotson,fanduel,FanDuel,receptions,Receptions,under,1.5,122,1.8548395091,0.4524271845,0.0,0.4504504505,0.4214658001,0.4266558175,1.5,4,19.7673401557,0.4388349515,Calibration fitted; not prospectively validated,2026-10-07T16:51:51Z,2026-10-12T00:20:00Z,Sun 8:20 PM ET,Atlanta Falcons,Baltimore Ravens,"{""version"":""nfl-projection-trace-1"",""family"":""receive"",""current_sample"":[{""season"":2026,""week"":1,""opponent_team"":""PIT"",""targets"":3,""receptions"":1,""receiving_yards"":19},{""season"":2026,""week"":2,""opponent_team"":""CAR"",""targets"":4,""receptions"":2,""receiving_yards"":11},{""season"":2026,""week"":3,""opponent_team"":""GB"",""targets"":3,""receptions"":1,""receiving_yards"":11},{""season"":2026,""week"":4,""opponent_team"":""NO"",""targets"":3,""receptions"":2,""receiving_yards"":54}],""recent_mean_weight"":0.5,""targets"":3.358003,""catch_rate"":0.555008,""yards_per_reception"":16.761993,""mean_stages"":{""before_adjustments"":1.863719,""after_defense"":1.841946,""after_venue"":1.85484,""final"":1.85484},""sigma"":1.169328,""opponent"":{""team"":""BAL"",""kind"":""pass"",""rating"":1.038943,""rank"":17,""of"":32,""allowed"":229.0,""league"":234.585938,""games"":4,""season"":2026},""home"":true,""versus"":{""team"":""BAL"",""values"":[1.0],""home"":[false],""since"":""2024 Wk 13"",""note"":""History only, not a model input. In our backtests, results against one opponent did not predict the next meeting beyond a player\u2019s overall form.""}}",WR
86457f91112732f21ad4bb7d37bd291c,Baltimore Ravens @ Atlanta Falcons,Drake London,fanduel,FanDuel,receptions,Receptions,over,6.5,130,5.6109956874,0.4524271845,0.0,0.4347826087,0.4064075942,0.4064075942,5.5,1,176.4457577037,4.0582524272,Calibration fitted; not prospectively validated,2026-10-07T16:51:51Z,2026-10-12T00:20:00Z,Sun 8:20 PM ET,Atlanta Falcons,Baltimore Ravens,"{""version"":""nfl-projection-trace-1"",""family"":""receive"",""current_sample"":[{""season"":2026,""week"":1,""opponent_team"":""PIT"",""targets"":4,""receptions"":2,""receiving_yards"":29},{""season"":2026,""week"":2,""opponent_team"":""CAR"",""targets"":5,""receptions"":4,""receiving_yards"":51},{""season"":2026,""week"":3,""opponent_team"":""GB"",""targets"":10,""receptions"":9,""receiving_yards"":194},{""season"":2026,""week"":4,""opponent_team"":""NO"",""targets"":6,""receptions"":5,""receiving_yards"":96}],""recent_mean_weight"":0.5,""targets"":6.765429,""catch_rate"":0.833333,""yards_per_reception"":15.747281,""mean_stages"":{""before_adjustments"":5.637858,""after_defense"":5.571992,""after_venue"":5.610996,""final"":5.610996},""sigma"":2.630508,""opponent"":{""team"":""BAL"",""kind"":""pass"",""rating"":1.038943,""rank"":17,""of"":32,""allowed"":229.0,""league"":234.585938,""games"":4,""season"":2026},""home"":true,""versus"":{""team"":""BAL"",""values"":[7.0],""home"":[false],""since"":""2022 Wk 16"",""note"":""History only, not a model input. In our backtests, results against one opponent did not predict the next meeting beyond a player\u2019s overall form.""}}",WR
86457f91112732f21ad4bb7d37bd291c,Baltimore Ravens @ Atlanta Falcons,Rashod Bateman,fanduel,FanDuel,receptions,Receptions,under,1.5,152,3.1971598647,0.4524271845,0.0,0.3968253968,0.3712268744,0.3805513417,1.5,3,556.0178764062,14.0116504854,Calibration fitted; not prospectively validated,2026-10-07T16:51:51Z,2026-10-12T00:20:00Z,Sun 8:20 PM ET,Atlanta Falcons,Baltimore Ravens,"{""version"":""nfl-projection-trace-1"",""family"":""receive"",""current_sample"":[{""season"":2026,""week"":1,""opponent_team"":""IND"",""targets"":1,""receptions"":0,""receiving_yards"":0},{""season"":2026,""week"":2,""opponent_team"":""NO"",""targets"":9,""receptions"":7,""receiving_yards"":88},{""season"":2026,""week"":3,""opponent_team"":""DAL"",""targets"":3,""receptions"":2,""receiving_yards"":37},{""season"":2026,""week"":4,""opponent_team"":""TEN"",""targets"":2,""receptions"":2,""receiving_yards"":46}],""recent_mean_weight"":0.5,""targets"":3.455775,""catch_rate"":0.856596,""yards_per_reception"":16.569082,""mean_stages"":{""before_adjustments"":2.960202,""after_defense"":3.219698,""after_venue"":3.19716,""final"":3.19716},""sigma"":2.072463,""opponent"":{""team"":""ATL"",""kind"":""pass"",""rating"":0.707794,""rank"":29,""of"":32,""allowed"":276.5,""league"":234.585938,""games"":4,""season"":2026},""home"":false,""versus"":null}",WR
86457f91112732f21ad4bb7d37bd291c,Baltimore Ravens @ Atlanta Falcons,Zay Flowers,fanduel,FanDuel,receptions,Receptions,over,5.5,100,6.0733985088,0.5475728155,0.0,0.5,0.4677419355,0.4511568921,5.5,4,475.7281553398,9.5145631068,Calibration fitted; not prospectively validated,2026-10-07T16:51:51Z,2026-10-12T00:20:00Z,Sun 8:20 PM ET,Atlanta Falcons,Baltimore Ravens,"{""version"":""nfl-projection-trace-1"",""family"":""receive"",""current_sample"":[{""season"":2026,""week"":1,""opponent_team"":""IND"",""targets"":6,""receptions"":5,""receiving_yards"":150},{""season"":2026,""week"":3,""opponent_team"":""DAL"",""targets"":6,""receptions"":5,""receiving_yards"":84},{""season"":2026,""week"":4,""opponent_team"":""TEN"",""targets"":10,""receptions"":8,""receiving_yards"":118}],""recent_mean_weight"":0.428571,""targets"":6.925497,""catch_rate"":0.811966,""yards_per_reception"":14.863325,""mean_stages"":{""before_adjustments"":5.623267,""after_defense"":6.116212,""after_venue"":6.073399,""final"":6.073399},""sigma"":2.308223,""opponent"":{""team"":""ATL"",""kind"":""pass"",""rating"":0.707794,""rank"":29,""of"":32,""allowed"":276.5,""league"":234.585938,""games"":4,""season"":2026},""home"":false,""versus"":null}",WR
86457f91112732f21ad4bb7d37bd291c,Baltimore Ravens @ Atlanta Falcons,Derrick Henry,fanduel,FanDuel,rush_yds,Rushing yards,under,86.5,-114,62.2920818969,0.5647668394,0.0,0.5327102804,0.5,0.5,86.5,4,320.5655900441,6.0176347605,Calibration fitted; not prospectively validated,2026-10-07T16:51:51Z,2026-10-12T00:20:00Z,Sun 8:20 PM ET,Atlanta Falcons,Baltimore Ravens,"{""version"":""nfl-projection-trace-1"",""family"":""rush"",""current_sample"":[{""season"":2026,""week"":1,""opponent_team"":""IND"",""carries"":24,""rushing_yards"":144},{""season"":2026,""week"":2,""opponent_team"":""NO"",""carries"":16,""rushing_yards"":68},{""season"":2026,""week"":3,""opponent_team"":""DAL"",""carries"":26,""rushing_yards"":89},{""season"":2026,""week"":4,""opponent_team"":""TEN"",""carries"":23,""rushing_yards"":73}],""recent_mean_weight"":0.5,""carries"":19.50511,""yards_per_carry"":4.099539,""mean_stages"":{""before_adjustments"":79.961969,""after_defense"":63.823854,""after_venue"":62.292082,""final"":62.292082},""sigma"":38.64376,""opponent"":{""team"":""ATL"",""kind"":""rush"",""rating"":1.672741,""rank"":1,""of"":32,""allowed"":48.25,""league"":111.390625,""games"":4,""season"":2026},""home"":false,""versus"":{""team"":""ATL"",""values"":[101.0],""home"":[true],""since"":""2023 Wk 8"",""note"":""History only, not a model input. In our backtests, results against one opponent did not predict the next meeting beyond a player\u2019s overall form.""}}",RB
86457f91112732f21ad4bb7d37bd291c,Baltimore Ravens @ Atlanta Falcons,Kyle Pitts,betonlineag,BetOnline.ag,receptions,Receptions,over,2.5,100,2.9095574463,0.5475728155,0.0,0.5,0.4693877551,0.4539763022,2.5,4,475.7281553398,9.5145631068,Calibration fitted; not prospectively validated,2026-10-07T16:51:42Z,2026-10-12T00:20:00Z,Sun 8:20 PM ET,Atlanta Falcons,Baltimore Ravens,"{""version"":""nfl-projection-trace-1"",""family"":""receive"",""current_sample"":[{""season"":2026,""week"":1,""opponent_team"":""PIT"",""targets"":1,""receptions"":0,""receiving_yards"":0},{""season"":2026,""week"":2,""opponent_team"":""CAR"",""targets"":3,""receptions"":1,""receiving_yards"":15},{""season"":2026,""week"":3,""opponent_team"":""GB"",""targets"":2,""receptions"":1,""receiving_yards"":5},{""season"":2026,""week"":4,""opponent_team"":""NO"",""targets"":3,""receptions"":3,""receiving_yards"":47}],""recent_mean_weight"":0.5,""targets"":3.788092,""catch_rate"":0.771757,""yards_per_reception"":12.080819,""mean_stages"":{""before_adjustments"":2.923487,""after_defense"":2.889332,""after_venue"":2.909557,""final"":2.909557},""sigma"":1.475896,""opponent"":{""team"":""BAL"",""kind"":""pass"",""rating"":1.038943,""rank"":17,""of"":32,""allowed"":229.0,""league"":234.585938,""games"":4,""season"":2026},""home"":true,""versus"":null}",TE
86457f91112732f21ad4bb7d37bd291c,Baltimore Ravens @ Atlanta Falcons,Bijan Robinson,betonlineag,BetOnline.ag,receptions,Receptions,under,3.5,100,2.0822325098,0.5789473684,0.0,0.5,0.4693877551,0.4693877551,3.5,4,789.4736842105,15.7894736842,Calibration fitted; not prospectively validated,2026-10-07T16:51:42Z,2026-10-12T00:20:00Z,Sun 8:20 PM ET,Atlanta Falcons,Baltimore Ravens,"{""version"":""nfl-projection-trace-1"",""family"":""receive"",""current_sample"":[{""season"":2026,""week"":1,""opponent_team"":""PIT"",""targets"":10,""receptions"":8,""receiving_yards"":90},{""season"":2026,""week"":2,""opponent_team"":""CAR"",""targets"":4,""receptions"":3,""receiving_yards"":9},{""season"":2026,""week"":3,""opponent_team"":""GB"",""targets"":2,""receptions"":2,""receiving_yards"":19},{""season"":2026,""week"":4,""opponent_team"":""NO"",""targets"":2,""receptions"":1,""receiving_yards"":2}],""recent_mean_weight"":0.5,""targets"":3.171895,""catch_rate"":0.659606,""yards_per_reception"":6.147844,""mean_stages"":{""before_adjustments"":2.092201,""after_defense"":2.067758,""after_venue"":2.082233,""final"":2.082233},""sigma"":1.423357,""opponent"":{""team"":""BAL"",""kind"":""pass"",""rating"":1.038943,""rank"":17,""of"":32,""allowed"":229.0,""league"":234.585938,""games"":4,""season"":2026},""home"":true,""versus"":null}",RB
86457f91112732f21ad4bb7d37bd291c,Baltimore Ravens @ Atlanta Falcons,Zay Flowers,betonlineag,BetOnline.ag,receptions,Receptions,over,5.5,106,6.0733985088,0.5475728155,0.0,0.4854368932,0.4564539116,0.4511568921,5.5,4,621.359223301,12.8,Calibration fitted; not prospectively validated,2026-10-07T16:51:42Z,2026-10-12T00:20:00Z,Sun 8:20 PM ET,Atlanta Falcons,Baltimore Ravens,"{""version"":""nfl-projection-trace-1"",""family"":""receive"",""current_sample"":[{""season"":2026,""week"":1,""opponent_team"":""IND"",""targets"":6,""receptions"":5,""receiving_yards"":150},{""season"":2026,""week"":3,""opponent_team"":""DAL"",""targets"":6,""receptions"":5,""receiving_yards"":84},{""season"":2026,""week"":4,""opponent_team"":""TEN"",""targets"":10,""receptions"":8,""receiving_yards"":118}],""recent_mean_weight"":0.428571,""targets"":6.925497,""catch_rate"":0.811966,""yards_per_reception"":14.863325,""mean_stages"":{""before_adjustments"":5.623267,""after_defense"":6.116212,""after_venue"":6.073399,""final"":6.073399},""sigma"":2.308223,""opponent"":{""team"":""ATL"",""kind"":""pass"",""rating"":0.707794,""rank"":29,""of"":32,""allowed"":276.5,""league"":234.585938,""games"":4,""season"":2026},""home"":false,""versus"":null}",WR
86457f91112732f21ad4bb7d37bd291c,Baltimore Ravens @ Atlanta Falcons,Rashod Bateman,betonlineag,BetOnline.ag,receptions,Receptions,under,1.5,142,3.1971598647,0.4524271845,0.0,0.4132231405,0.3889722943,0.3805513417,1.5,3,392.0404397015,9.4873786408,Calibration fitted; not prospectively validated,2026-10-07T16:51:42Z,2026-10-12T00:20:00Z,Sun 8:20 PM ET,Atlanta Falcons,Baltimore Ravens,"{""version"":""nfl-projection-trace-1"",""family"":""receive"",""current_sample"":[{""season"":2026,""week"":1,""opponent_team"":""IND"",""targets"":1,""receptions"":0,""receiving_yards"":0},{""season"":2026,""week"":2,""opponent_team"":""NO"",""targets"":9,""receptions"":7,""receiving_yards"":88},{""season"":2026,""week"":3,""opponent_team"":""DAL"",""targets"":3,""receptions"":2,""receiving_yards"":37},{""season"":2026,""week"":4,""opponent_team"":""TEN"",""targets"":2,""receptions"":2,""receiving_yards"":46}],""recent_mean_weight"":0.5,""targets"":3.455775,""catch_rate"":0.856596,""yards_per_reception"":16.569082,""mean_stages"":{""before_adjustments"":2.960202,""after_defense"":3.219698,""after_venue"":3.19716,""final"":3.19716},""sigma"":2.072463,""opponent"":{""team"":""ATL"",""kind"":""pass"",""rating"":0.707794,""rank"":29,""of"":32,""allowed"":276.5,""league"":234.585938,""games"":4,""season"":2026},""home"":false,""versus"":null}",WR
86457f91112732f21ad4bb7d37bd291c,Baltimore Ravens @ Atlanta Falcons,Bijan Robinson,betonlineag,BetOnline.ag,rush_attempts,Rushing attempts,under,18.5,110,16.4951313927,0.506993007,0.0,0.4761904762,0.4472667035,0.4581251496,18.5,2,308.0253080253,6.4685314685,Calibration fitted; not prospectively validated,2026-10-07T16:51:42Z,2026-10-12T00:20:00Z,Sun 8:20 PM ET,Atlanta Falcons,Baltimore Ravens,"{""version"":""nfl-projection-trace-1"",""family"":""rush"",""current_sample"":[{""season"":2026,""week"":1,""opponent_team"":""PIT"",""carries"":21,""rushing_yards"":83},{""season"":2026,""week"":2,""opponent_team"":""CAR"",""carries"":16,""rushing_yards"":72},{""season"":2026,""week"":3,""opponent_team"":""GB"",""carries"":29,""rushing_yards"":194},{""season"":2026,""week"":4,""opponent_team"":""NO"",""carries"":19,""rushing_yards"":145}],""recent_mean_weight"":0.5,""carries"":16.832246,""yards_per_carry"":5.689561,""mean_stages"":{""before_adjustments"":16.832246,""after_defense"":16.219402,""after_venue"":16.495131,""final"":16.495131},""sigma"":5.472866,""opponent"":{""team"":""BAL"",""kind"":""rush"",""rating"":1.121363,""rank"":10,""of"":32,""allowed"":100.0,""league"":111.390625,""games"":4,""season"":2026},""home"":true,""versus"":null}",RB
86457f91112732f21ad4bb7d37bd291c,Baltimore Ravens @ Atlanta Falcons,Derrick Henry,betonlineag,BetOnline.ag,rush_attempts,Rushing attempts,under,20.5,-120,15.30387743,0.5945945946,0.0,0.5454545455,0.5123152709,0.5134432308,20.5,2,491.4004914005,9.009009009,Calibration fitted; not prospectively validated,2026-10-07T16:51:42Z,2026-10-12T00:20:00Z,Sun 8:20 PM ET,Atlanta Falcons,Baltimore Ravens,"{""version"":""nfl-projection-trace-1"",""family"":""rush"",""current_sample"":[{""season"":2026,""week"":1,""opponent_team"":""IND"",""carries"":24,""rushing_yards"":144},{""season"":2026,""week"":2,""opponent_team"":""NO"",""carries"":16,""rushing_yards"":68},{""season"":2026,""week"":3,""opponent_team"":""DAL"",""carries"":26,""rushing_yards"":89},{""season"":2026,""week"":4,""opponent_team"":""TEN"",""carries"":23,""rushing_yards"":73}],""recent_mean_weight"":0.5,""carries"":19.50511,""yards_per_carry"":4.099539,""mean_stages"":{""before_adjustments"":19.50511,""after_defense"":15.568543,""after_venue"":15.303877,""final"":15.303877},""sigma"":5.172438,""opponent"":{""team"":""ATL"",""kind"":""rush"",""rating"":1.672741,""rank"":1,""of"":32,""allowed"":48.25,""league"":111.390625,""games"":4,""season"":2026},""home"":false,""versus"":{""team"":""ATL"",""values"":[22.0],""home"":[true],""since"":""2023 Wk 8"",""note"":""History only, not a model input. In our backtests, results against one opponent did not predict the next meeting beyond a player\u2019s overall form.""}}",RB
86457f91112732f21ad4bb7d37bd291c,Baltimore Ravens @ Atlanta Falcons,Derrick Henry,betonlineag,BetOnline.ag,rush_yds,Rushing yards,under,86.5,-115,62.2920818969,0.5647668394,0.0,0.5348837209,0.5030953364,0.5,86.5,4,298.8311844801,5.5868438838,Calibration fitted; not prospectively validated,2026-10-07T16:51:42Z,2026-10-12T00:20:00Z,Sun 8:20 PM ET,Atlanta Falcons,Baltimore Ravens,"{""version"":""nfl-projection-trace-1"",""family"":""rush"",""current_sample"":[{""season"":2026,""week"":1,""opponent_team"":""IND"",""carries"":24,""rushing_yards"":144},{""season"":2026,""week"":2,""opponent_team"":""NO"",""carries"":16,""rushing_yards"":68},{""season"":2026,""week"":3,""opponent_team"":""DAL"",""carries"":26,""rushing_yards"":89},{""season"":2026,""week"":4,""opponent_team"":""TEN"",""carries"":23,""rushing_yards"":73}],""recent_mean_weight"":0.5,""carries"":19.50511,""yards_per_carry"":4.099539,""mean_stages"":{""before_adjustments"":79.961969,""after_defense"":63.823854,""after_venue"":62.292082,""final"":62.292082},""sigma"":38.64376,""opponent"":{""team"":""ATL"",""kind"":""rush"",""rating"":1.672741,""rank"":1,""of"":32,""allowed"":48.25,""league"":111.390625,""games"":4,""season"":2026},""home"":false,""versus"":{""team"":""ATL"",""values"":[101.0],""home"":[true],""since"":""2023 Wk 8"",""note"":""History only, not a model input. In our backtests, results against one opponent did not predict the next meeting beyond a player\u2019s overall form.""}}",RB
86457f91112732f21ad4bb7d37bd291c,Baltimore Ravens @ Atlanta Falcons,Kyle Pitts,betrivers,BetRivers,receptions,Receptions,over,2.5,116,2.9095574463,0.5475728155,0.0,0.462962963,,0.4539763022,2.5,4,846.0985257102,18.2757281553,Calibration fitted; not prospectively validated,2026-10-07T16:51:01Z,2026-10-12T00:20:00Z,Sun 8:20 PM ET,Atlanta Falcons,Baltimore Ravens,"{""version"":""nfl-projection-trace-1"",""family"":""receive"",""current_sample"":[{""season"":2026,""week"":1,""opponent_team"":""PIT"",""targets"":1,""receptions"":0,""receiving_yards"":0},{""season"":2026,""week"":2,""opponent_team"":""CAR"",""targets"":3,""receptions"":1,""receiving_yards"":15},{""season"":2026,""week"":3,""opponent_team"":""GB"",""targets"":2,""receptions"":1,""receiving_yards"":5},{""season"":2026,""week"":4,""opponent_team"":""NO"",""targets"":3,""receptions"":3,""receiving_yards"":47}],""recent_mean_weight"":0.5,""targets"":3.788092,""catch_rate"":0.771757,""yards_per_reception"":12.080819,""mean_stages"":{""before_adjustments"":2.923487,""after_defense"":2.889332,""after_venue"":2.909557,""final"":2.909557},""sigma"":1.475896,""opponent"":{""team"":""BAL"",""kind"":""pass"",""rating"":1.038943,""rank"":17,""of"":32,""allowed"":229.0,""league"":234.585938,""games"":4,""season"":2026},""home"":true,""versus"":null}",TE
86457f91112732f21ad4bb7d37bd291c,Baltimore Ravens @ Atlanta Falcons,Zay Flowers,betrivers,BetRivers,receptions,Receptions,over,5.5,107,6.0733985088,0.5475728155,0.0,0.4830917874,,0.4511568921,5.5,4,644.8102809437,13.3475728155,Calibration fitted; not prospectively validated,2026-10-07T16:51:01Z,2026-10-12T00:20:00Z,Sun 8:20 PM ET,Atlanta Falcons,Baltimore Ravens,"{""version"":""nfl-projection-trace-1"",""family"":""receive"",""current_sample"":[{""season"":2026,""week"":1,""opponent_team"":""IND"",""targets"":6,""receptions"":5,""receiving_yards"":150},{""season"":2026,""week"":3,""opponent_team"":""DAL"",""targets"":6,""receptions"":5,""receiving_yards"":84},{""season"":2026,""week"":4,""opponent_team"":""TEN"",""targets"":10,""receptions"":8,""receiving_yards"":118}],""recent_mean_weight"":0.428571,""targets"":6.925497,""catch_rate"":0.811966,""yards_per_reception"":14.863325,""mean_stages"":{""before_adjustments"":5.623267,""after_defense"":6.116212,""after_venue"":6.073399,""final"":6.073399},""sigma"":2.308223,""opponent"":{""team"":""ATL"",""kind"":""pass"",""rating"":0.707794,""rank"":29,""of"":32,""allowed"":276.5,""league"":234.585938,""games"":4,""season"":2026},""home"":false,""versus"":null}",WR
86457f91112732f21ad4bb7d37bd291c,Baltimore Ravens @ Atlanta Falcons,Derrick Henry,betrivers,BetRivers,rush_yds,Rushing yards,under,87.5,-113,62.2920818969,0.5647668394,0.0,0.5305164319,0.4959548562,0.4959548562,86.5,1,342.5040745336,6.4560502545,Calibration fitted; not prospectively validated,2026-10-07T16:51:01Z,2026-10-12T00:20:00Z,Sun 8:20 PM ET,Atlanta Falcons,Baltimore Ravens,"{""version"":""nfl-projection-trace-1"",""family"":""rush"",""current_sample"":[{""season"":2026,""week"":1,""opponent_team"":""IND"",""carries"":24,""rushing_yards"":144},{""season"":2026,""week"":2,""opponent_team"":""NO"",""carries"":16,""rushing_yards"":68},{""season"":2026,""week"":3,""opponent_team"":""DAL"",""carries"":26,""rushing_yards"":89},{""season"":2026,""week"":4,""opponent_team"":""TEN"",""carries"":23,""rushing_yards"":73}],""recent_mean_weight"":0.5,""carries"":19.50511,""yards_per_carry"":4.099539,""mean_stages"":{""before_adjustments"":79.961969,""after_defense"":63.823854,""after_venue"":62.292082,""final"":62.292082},""sigma"":38.64376,""opponent"":{""team"":""ATL"",""kind"":""rush"",""rating"":1.672741,""rank"":1,""of"":32,""allowed"":48.25,""league"":111.390625,""games"":4,""season"":2026},""home"":false,""versus"":{""team"":""ATL"",""values"":[101.0],""home"":[true],""since"":""2023 Wk 8"",""note"":""History only, not a model input. In our backtests, results against one opponent did not predict the next meeting beyond a player\u2019s overall form.""}}",RB
86457f91112732f21ad4bb7d37bd291c,Baltimore Ravens @ Atlanta Falcons,Bijan Robinson,bovada,Bovada,receptions,Receptions,under,3.5,100,2.0822325098,0.5789473684,0.0,0.5,0.4693877551,0.4693877551,3.5,4,789.4736842105,15.7894736842,Calibration fitted; not prospectively validated,2026-10-07T16:50:56Z,2026-10-12T00:20:00Z,Sun 8:20 PM ET,Atlanta Falcons,Baltimore Ravens,"{""version"":""nfl-projection-trace-1"",""family"":""receive"",""current_sample"":[{""season"":2026,""week"":1,""opponent_team"":""PIT"",""targets"":10,""receptions"":8,""receiving_yards"":90},{""season"":2026,""week"":2,""opponent_team"":""CAR"",""targets"":4,""receptions"":3,""receiving_yards"":9},{""season"":2026,""week"":3,""opponent_team"":""GB"",""targets"":2,""receptions"":2,""receiving_yards"":19},{""season"":2026,""week"":4,""opponent_team"":""NO"",""targets"":2,""receptions"":1,""receiving_yards"":2}],""recent_mean_weight"":0.5,""targets"":3.171895,""catch_rate"":0.659606,""yards_per_reception"":6.147844,""mean_stages"":{""before_adjustments"":2.092201,""after_defense"":2.067758,""after_venue"":2.082233,""final"":2.082233},""sigma"":1.423357,""opponent"":{""team"":""BAL"",""kind"":""pass"",""rating"":1.038943,""rank"":17,""of"":32,""allowed"":229.0,""league"":234.585938,""games"":4,""season"":2026},""home"":true,""versus"":null}",RB
86457f91112732f21ad4bb7d37bd291c,Baltimore Ravens @ Atlanta Falcons,Kyle Pitts,bovada,Bovada,receptions,Receptions,over,2.5,110,2.9095574463,0.5475728155,0.0,0.4761904762,0.4458598726,0.4539763022,2.5,4,713.823393435,14.9902912621,Calibration fitted; not prospectively validated,2026-10-07T16:50:56Z,2026-10-12T00:20:00Z,Sun 8:20 PM ET,Atlanta Falcons,Baltimore Ravens,"{""version"":""nfl-projection-trace-1"",""family"":""receive"",""current_sample"":[{""season"":2026,""week"":1,""opponent_team"":""PIT"",""targets"":1,""receptions"":0,""receiving_yards"":0},{""season"":2026,""week"":2,""opponent_team"":""CAR"",""targets"":3,""receptions"":1,""receiving_yards"":15},{""season"":2026,""week"":3,""opponent_team"":""GB"",""targets"":2,""receptions"":1,""receiving_yards"":5},{""season"":2026,""week"":4,""opponent_team"":""NO"",""targets"":3,""receptions"":3,""receiving_yards"":47}],""recent_mean_weight"":0.5,""targets"":3.788092,""catch_rate"":0.771757,""yards_per_reception"":12.080819,""mean_stages"":{""before_adjustments"":2.923487,""after_defense"":2.889332,""after_venue"":2.909557,""final"":2.909557},""sigma"":1.475896,""opponent"":{""team"":""BAL"",""kind"":""pass"",""rating"":1.038943,""rank"":17,""of"":32,""allowed"":229.0,""league"":234.585938,""games"":4,""season"":2026},""home"":true,""versus"":null}",TE
86457f91112732f21ad4bb7d37bd291c,Baltimore Ravens @ Atlanta Falcons,Zay Flowers,bovada,Bovada,receptions,Receptions,over,5.5,110,6.0733985088,0.5475728155,0.0,0.4761904762,0.4458598726,0.4511568921,5.5,4,713.823393435,14.9902912621,Calibration fitted; not prospectively validated,2026-10-07T16:50:56Z,2026-10-12T00:20:00Z,Sun 8:20 PM ET,Atlanta Falcons,Baltimore Ravens,"{""version"":""nfl-projection-trace-1"",""family"":""receive"",""current_sample"":[{""season"":2026,""week"":1,""opponent_team"":""IND"",""targets"":6,""receptions"":5,""receiving_yards"":150},{""season"":2026,""week"":3,""opponent_team"":""DAL"",""targets"":6,""receptions"":5,""receiving_yards"":84},{""season"":2026,""week"":4,""opponent_team"":""TEN"",""targets"":10,""receptions"":8,""receiving_yards"":118}],""recent_mean_weight"":0.428571,""targets"":6.925497,""catch_rate"":0.811966,""yards_per_reception"":14.863325,""mean_stages"":{""before_adjustments"":5.623267,""after_defense"":6.116212,""after_venue"":6.073399,""final"":6.073399},""sigma"":2.308223,""opponent"":{""team"":""ATL"",""kind"":""pass"",""rating"":0.707794,""rank"":29,""of"":32,""allowed"":276.5,""league"":234.585938,""games"":4,""season"":2026},""home"":false,""versus"":null}",WR
86457f91112732f21ad4bb7d37bd291c,Baltimore Ravens @ Atlanta Falcons,Derrick Henry,bovada,Bovada,rush_yds,Rushing yards,under,86.5,-115,62.2920818969,0.5647668394,0.0,0.5348837209,0.5,0.5,86.5,4,298.8311844801,5.5868438838,Calibration fitted; not prospectively validated,2026-10-07T16:50:56Z,2026-10-12T00:20:00Z,Sun 8:20 PM ET,Atlanta Falcons,Baltimore Ravens,"{""version"":""nfl-projection-trace-1"",""family"":""rush"",""current_sample"":[{""season"":2026,""week"":1,""opponent_team"":""IND"",""carries"":24,""rushing_yards"":144},{""season"":2026,""week"":2,""opponent_team"":""NO"",""carries"":16,""rushing_yards"":68},{""season"":2026,""week"":3,""opponent_team"":""DAL"",""carries"":26,""rushing_yards"":89},{""season"":2026,""week"":4,""opponent_team"":""TEN"",""carries"":23,""rushing_yards"":73}],""recent_mean_weight"":0.5,""carries"":19.50511,""yards_per_carry"":4.099539,""mean_stages"":{""before_adjustments"":79.961969,""after_defense"":63.823854,""after_venue"":62.292082,""final"":62.292082},""sigma"":38.64376,""opponent"":{""team"":""ATL"",""kind"":""rush"",""rating"":1.672741,""rank"":1,""of"":32,""allowed"":48.25,""league"":111.390625,""games"":4,""season"":2026},""home"":false,""versus"":{""team"":""ATL"",""values"":[101.0],""home"":[true],""since"":""2023 Wk 8"",""note"":""History only, not a model input. In our backtests, results against one opponent did not predict the next meeting beyond a player\u2019s overall form.""}}",RB
e6d00eedd87d367e510314bd8cab8f6f,Buffalo Bills @ Los Angeles Rams,Matthew Stafford,draftkings,DraftKings,pass_attempts,Passing attempts,over,37.5,-114,44.159001593,0.6363636364,0.0,0.5327102804,0.5020774472,0.5,37.5,3,1036.533559898,19.4577352472,Calibration fitted; not prospectively validated,2026-10-07T16:50:49Z,2026-10-13T00:15:00Z,Mon 8:15 PM ET,Los Angeles Rams,Buffalo Bills,"{""version"":""nfl-projection-trace-1"",""current_sample"":[{""season"":2026,""week"":1,""opponent_team"":""SF"",""attempts"":25,""completions"":15,""passing_yards"":155},{""season"":2026,""week"":2,""opponent_team"":""NYG"",""attempts"":31,""completions"":22,""passing_yards"":327},{""season"":2026,""week"":3,""opponent_team"":""DEN"",""attempts"":55,""completions"":30,""passing_yards"":390},{""season"":2026,""week"":4,""opponent_team"":""PHI"",""attempts"":51,""completions"":32,""passing_yards"":317}],""recent_mean_weight"":0.5,""yards_per_completion_recent_weight"":0.5,""career_baselines"":{""attempts"":{""mean"":32.601972,""games"":100,""position_pool_mean"":27.838228},""yards_per_completion"":{""mean"":11.68486,""games"":100,""position_pool_mean"":10.96096}},""attempts"":40.79606,""completion_rate"":0.614274,""yards_per_completion"":11.42918,""limitations"":[""Appearance totals do not distinguish partial games from normal starter workloads."",""Completion rate uses recent games without career shrinkage."",""Variance omits completion-rate uncertainty and dependence among components.""],""mean_stages"":{""before_adjustments"":40.79606,""after_defense"":44.159002,""after_venue"":44.159002,""final"":44.159002},""sigma"":8.889919,""opponent"":{""team"":""BUF"",""kind"":""pass"",""rating"":0.725223,""rank"":27,""of"":32,""allowed"":274.0,""league"":234.585938,""games"":4,""season"":2026},""home"":true,""versus"":{""team"":""BUF"",""values"":[41.0,30.0],""home"":[true,true],""since"":""2022 Wk 1"",""note"":""History only, not a model input. In our backtests, results against one opponent did not predict the next meeting beyond a player\u2019s overall form.""}}",QB
e6d00eedd87d367e510314bd8cab8f6f,Buffalo Bills @ Los Angeles Rams,Josh Allen,draftkings,DraftKings,pass_attempts,Passing attempts,under,32.5,-119,25.8381059259,0.98,0.0,0.5433789954,0.5124828361,0.5113021468,32.5,2,4366.2100456621,80.3529411765,Calibration fitted; not prospectively validated,2026-10-07T16:50:49Z,2026-10-13T00:15:00Z,Mon 8:15 PM ET,Los Angeles Rams,Buffalo Bills,"{""version"":""nfl-projection-trace-1"",""current_sample"":[{""season"":2026,""week"":1,""opponent_team"":""HOU"",""attempts"":29,""completions"":20,""passing_yards"":334},{""season"":2026,""week"":2,""opponent_team"":""DET"",""attempts"":31,""completions"":20,""passing_yards"":248},{""season"":2026,""week"":3,""opponent_team"":""LAC"",""attempts"":26,""completions"":16,""passing_yards"":204},{""season"":2026,""week"":4,""opponent_team"":""NE"",""attempts"":33,""completions"":23,""passing_yards"":253}],""recent_mean_weight"":0.5,""yards_per_completion_recent_weight"":0.5,""career_baselines"":{""attempts"":{""mean"":31.269275,""games"":112,""position_pool_mean"":27.838228},""yards_per_completion"":{""mean"":11.43435,""games"":112,""position_pool_mean"":10.96096}},""attempts"":31.095229,""completion_rate"":0.671482,""yards_per_completion"":11.613973,""limitations"":[""Appearance totals do not distinguish partial games from normal starter workloads."",""Completion rate uses recent games without career shrinkage."",""Variance omits completion-rate uncertainty and dependence among components.""],""mean_stages"":{""before_adjustments"":31.095229,""after_defense"":25.838106,""after_venue"":25.838106,""final"":25.838106},""sigma"":7.41692,""opponent"":{""team"":""LA"",""kind"":""pass"",""rating"":1.563551,""rank"":1,""of"":32,""allowed"":153.75,""league"":234.585938,""games"":4,""season"":2026},""home"":false,""versus"":{""team"":""LA"",""values"":[33.0,31.0,37.0],""home"":[true,false,false],""since"":""2020 Wk 3"",""note"":""History only, not a model input. In our backtests, results against one opponent did not predict the next meeting beyond a player\u2019s overall form.""}}",QB
e6d00eedd87d367e510314bd8cab8f6f,Buffalo Bills @ Los Angeles Rams,Matthew Stafford,draftkings,DraftKings,pass_completions,Passing completions,over,23.5,-107,27.1257322458,0.5416666667,0.0,0.5169082126,0.4875171639,0.4886978532,22.5,2,247.5845410628,4.7897196262,Calibration fitted; not prospectively validated,2026-10-07T16:50:49Z,2026-10-13T00:15:00Z,Mon 8:15 PM ET,Los Angeles Rams,Buffalo Bills,"{""version"":""nfl-projection-trace-1"",""current_sample"":[{""season"":2026,""week"":1,""opponent_team"":""SF"",""attempts"":25,""completions"":15,""passing_yards"":155},{""season"":2026,""week"":2,""opponent_team"":""NYG"",""attempts"":31,""completions"":22,""passing_yards"":327},{""season"":2026,""week"":3,""opponent_team"":""DEN"",""attempts"":55,""completions"":30,""passing_yards"":390},{""season"":2026,""week"":4,""opponent_team"":""PHI"",""attempts"":51,""completions"":32,""passing_yards"":317}],""recent_mean_weight"":0.5,""yards_per_completion_recent_weight"":0.5,""career_baselines"":{""attempts"":{""mean"":32.601972,""games"":100,""position_pool_mean"":27.838228},""yards_per_completion"":{""mean"":11.68486,""games"":100,""position_pool_mean"":10.96096}},""attempts"":40.79606,""completion_rate"":0.614274,""yards_per_completion"":11.42918,""limitations"":[""Appearance totals do not distinguish partial games from normal starter workloads."",""Completion rate uses recent games without career shrinkage."",""Variance omits completion-rate uncertainty and dependence among components.""],""mean_stages"":{""before_adjustments"":25.059964,""after_defense"":27.125732,""after_venue"":27.125732,""final"":27.125732},""sigma"":5.460847,""opponent"":{""team"":""BUF"",""kind"":""pass"",""rating"":0.725223,""rank"":27,""of"":32,""allowed"":274.0,""league"":234.585938,""games"":4,""season"":2026},""home"":true,""versus"":{""team"":""BUF"",""values"":[29.0,23.0],""home"":[true,true],""since"":""2022 Wk 1"",""note"":""History only, not a model input. In our backtests, results against one opponent did not predict the next meeting beyond a player\u2019s overall form.""}}",QB
e6d00eedd87d367e510314bd8cab8f6f,Buffalo Bills @ Los Angeles Rams,Matthew Stafford,draftkings,DraftKings,pass_tds,Passing touchdowns,over,2.5,147,1.569,0.4666666667,0.0,0.4048582996,0.3827954703,0.3772080903,2.5,6,618.0836707152,15.2666666667,Calibration fitted; not prospectively validated,2026-10-07T16:50:49Z,2026-10-13T00:15:00Z,Mon 8:15 PM ET,Los Angeles Rams,Buffalo Bills,,QB
e6d00eedd87d367e510314bd8cab8f6f,Buffalo Bills @ Los Angeles Rams,Matthew Stafford,fanduel,FanDuel,pass_tds,Passing touchdowns,over,2.5,148,1.569,0.4666666667,0.0,0.4032258065,0.3768844221,0.3772080903,2.5,6,634.4086021505,15.7333333333,Calibration fitted; not prospectively validated,2026-10-07T16:51:28Z,2026-10-13T00:15:00Z,Mon 8:15 PM ET,Los Angeles Rams,Buffalo Bills,,QB
e6d00eedd87d367e510314bd8cab8f6f,Buffalo Bills @ Los Angeles Rams,Matthew Stafford,betonlineag,BetOnline.ag,pass_attempts,Passing attempts,over,37.5,-110,44.159001593,0.6363636364,0.0,0.5238095238,0.4917965546,0.5,37.5,3,1125.5411255411,21.4876033058,Calibration fitted; not prospectively validated,2026-10-07T16:50:51Z,2026-10-13T00:15:00Z,Mon 8:15 PM ET,Los Angeles Rams,Buffalo Bills,"{""version"":""nfl-projection-trace-1"",""current_sample"":[{""season"":2026,""week"":1,""opponent_team"":""SF"",""attempts"":25,""completions"":15,""passing_yards"":155},{""season"":2026,""week"":2,""opponent_team"":""NYG"",""attempts"":31,""completions"":22,""passing_yards"":327},{""season"":2026,""week"":3,""opponent_team"":""DEN"",""attempts"":55,""completions"":30,""passing_yards"":390},{""season"":2026,""week"":4,""opponent_team"":""PHI"",""attempts"":51,""completions"":32,""passing_yards"":317}],""recent_mean_weight"":0.5,""yards_per_completion_recent_weight"":0.5,""career_baselines"":{""attempts"":{""mean"":32.601972,""games"":100,""position_pool_mean"":27.838228},""yards_per_completion"":{""mean"":11.68486,""games"":100,""position_pool_mean"":10.96096}},""attempts"":40.79606,""completion_rate"":0.614274,""yards_per_completion"":11.42918,""limitations"":[""Appearance totals do not distinguish partial games from normal starter workloads."",""Completion rate uses recent games without career shrinkage."",""Variance omits completion-rate uncertainty and dependence among components.""],""mean_stages"":{""before_adjustments"":40.79606,""after_defense"":44.159002,""after_venue"":44.159002,""final"":44.159002},""sigma"":8.889919,""opponent"":{""team"":""BUF"",""kind"":""pass"",""rating"":0.725223,""rank"":27,""of"":32,""allowed"":274.0,""league"":234.585938,""games"":4,""season"":2026},""home"":true,""versus"":{""team"":""BUF"",""values"":[41.0,30.0],""home"":[true,true],""since"":""2022 Wk 1"",""note"":""History only, not a model input. In our backtests, results against one opponent did not predict the next meeting beyond a player\u2019s overall form.""}}",QB
e6d00eedd87d367e510314bd8cab8f6f,Buffalo Bills @ Los Angeles Rams,Josh Allen,betonlineag,BetOnline.ag,pass_attempts,Passing attempts,under,31.5,-112,25.8381059259,0.6363636364,0.0,0.5283018868,0.4969046636,0.4969046636,32.5,1,1080.6174957118,20.4545454545,Calibration fitted; not prospectively validated,2026-10-07T16:50:51Z,2026-10-13T00:15:00Z,Mon 8:15 PM ET,Los Angeles Rams,Buffalo Bills,"{""version"":""nfl-projection-trace-1"",""current_sample"":[{""season"":2026,""week"":1,""opponent_team"":""HOU"",""attempts"":29,""completions"":20,""passing_yards"":334},{""season"":2026,""week"":2,""opponent_team"":""DET"",""attempts"":31,""completions"":20,""passing_yards"":248},{""season"":2026,""week"":3,""opponent_team"":""LAC"",""attempts"":26,""completions"":16,""passing_yards"":204},{""season"":2026,""week"":4,""opponent_team"":""NE"",""attempts"":33,""completions"":23,""passing_yards"":253}],""recent_mean_weight"":0.5,""yards_per_completion_recent_weight"":0.5,""career_baselines"":{""attempts"":{""mean"":31.269275,""games"":112,""position_pool_mean"":27.838228},""yards_per_completion"":{""mean"":11.43435,""games"":112,""position_pool_mean"":10.96096}},""attempts"":31.095229,""completion_rate"":0.671482,""yards_per_completion"":11.613973,""limitations"":[""Appearance totals do not distinguish partial games from normal starter workloads."",""Completion rate uses recent games without career shrinkage."",""Variance omits completion-rate uncertainty and dependence among components.""],""mean_stages"":{""before_adjustments"":31.095229,""after_defense"":25.838106,""after_venue"":25.838106,""final"":25.838106},""sigma"":7.41692,""opponent"":{""team"":""LA"",""kind"":""pass"",""rating"":1.563551,""rank"":1,""of"":32,""allowed"":153.75,""league"":234.585938,""games"":4,""season"":2026},""home"":false,""versus"":{""team"":""LA"",""values"":[33.0,31.0,37.0],""home"":[true,false,false],""since"":""2020 Wk 3"",""note"":""History only, not a model input. In our backtests, results against one opponent did not predict the next meeting beyond a player\u2019s overall form.""}}",QB
e6d00eedd87d367e510314bd8cab8f6f,Buffalo Bills @ Los Angeles Rams,Matthew Stafford,betonlineag,BetOnline.ag,pass_tds,Passing touchdowns,over,2.5,149,1.569,0.4666666667,0.0,0.4016064257,0.3775317586,0.3772080903,2.5,6,650.6024096386,16.2,Calibration fitted; not prospectively validated,2026-10-07T16:50:51Z,2026-10-13T00:15:00Z,Mon 8:15 PM ET,Los Angeles Rams,Buffalo Bills,,QB
e6d00eedd87d367e510314bd8cab8f6f,Buffalo Bills @ Los Angeles Rams,Matthew Stafford,betrivers,BetRivers,pass_tds,Passing touchdowns,over,2.5,155,1.569,0.4666666667,0.0,0.3921568627,0.3666469545,0.3772080903,2.5,6,745.0980392157,19.0,Calibration fitted; not prospectively validated,2026-10-07T16:50:53Z,2026-10-13T00:15:00Z,Mon 8:15 PM ET,Los Angeles Rams,Buffalo Bills,,QB
e6d00eedd87d367e510314bd8cab8f6f,Buffalo Bills @ Los Angeles Rams,Matthew Stafford,betmgm,BetMGM,pass_attempts,Passing attempts,over,35.5,-185,44.159001593,0.98,0.0,0.649122807,0.6040291768,0.6040291768,37.5,1,3308.7719298246,50.972972973,Calibration fitted; not prospectively validated,2026-10-07T16:51:07Z,2026-10-13T00:15:00Z,Mon 8:15 PM ET,Los Angeles Rams,Buffalo Bills,"{""version"":""nfl-projection-trace-1"",""current_sample"":[{""season"":2026,""week"":1,""opponent_team"":""SF"",""attempts"":25,""completions"":15,""passing_yards"":155},{""season"":2026,""week"":2,""opponent_team"":""NYG"",""attempts"":31,""completions"":22,""passing_yards"":327},{""season"":2026,""week"":3,""opponent_team"":""DEN"",""attempts"":55,""completions"":30,""passing_yards"":390},{""season"":2026,""week"":4,""opponent_team"":""PHI"",""attempts"":51,""completions"":32,""passing_yards"":317}],""recent_mean_weight"":0.5,""yards_per_completion_recent_weight"":0.5,""career_baselines"":{""attempts"":{""mean"":32.601972,""games"":100,""position_pool_mean"":27.838228},""yards_per_completion"":{""mean"":11.68486,""games"":100,""position_pool_mean"":10.96096}},""attempts"":40.79606,""completion_rate"":0.614274,""yards_per_completion"":11.42918,""limitations"":[""Appearance totals do not distinguish partial games from normal starter workloads."",""Completion rate uses recent games without career shrinkage."",""Variance omits completion-rate uncertainty and dependence among components.""],""mean_stages"":{""before_adjustments"":40.79606,""after_defense"":44.159002,""after_venue"":44.159002,""final"":44.159002},""sigma"":8.889919,""opponent"":{""team"":""BUF"",""kind"":""pass"",""rating"":0.725223,""rank"":27,""of"":32,""allowed"":274.0,""league"":234.585938,""games"":4,""season"":2026},""home"":true,""versus"":{""team"":""BUF"",""values"":[41.0,30.0],""home"":[true,true],""since"":""2022 Wk 1"",""note"":""History only, not a model input. In our backtests, results against one opponent did not predict the next meeting beyond a player\u2019s overall form.""}}",QB
e6d00eedd87d367e510314bd8cab8f6f,Buffalo Bills @ Los Angeles Rams,Matthew Stafford,betmgm,BetMGM,pass_tds,Passing touchdowns,over,2.5,150,1.569,0.4666666667,0.0,0.4,0.375,0.3772080903,2.5,6,666.6666666667,16.6666666667,Calibration fitted; not prospectively validated,2026-10-07T16:51:07Z,2026-10-13T00:15:00Z,Mon 8:15 PM ET,Los Angeles Rams,Buffalo Bills,,QB
e6d00eedd87d367e510314bd8cab8f6f,Buffalo Bills @ Los Angeles Rams,Josh Allen,bovada,Bovada,pass_attempts,Passing attempts,under,32.5,-120,25.8381059259,0.98,0.0,0.5454545455,0.5101214575,0.5113021468,32.5,2,4345.4545454545,79.6666666667,Calibration fitted; not prospectively validated,2026-10-07T16:51:06Z,2026-10-13T00:15:00Z,Mon 8:15 PM ET,Los Angeles Rams,Buffalo Bills,"{""version"":""nfl-projection-trace-1"",""current_sample"":[{""season"":2026,""week"":1,""opponent_team"":""HOU"",""attempts"":29,""completions"":20,""passing_yards"":334},{""season"":2026,""week"":2,""opponent_team"":""DET"",""attempts"":31,""completions"":20,""passing_yards"":248},{""season"":2026,""week"":3,""opponent_team"":""LAC"",""attempts"":26,""completions"":16,""passing_yards"":204},{""season"":2026,""week"":4,""opponent_team"":""NE"",""attempts"":33,""completions"":23,""passing_yards"":253}],""recent_mean_weight"":0.5,""yards_per_completion_recent_weight"":0.5,""career_baselines"":{""attempts"":{""mean"":31.269275,""games"":112,""position_pool_mean"":27.838228},""yards_per_completion"":{""mean"":11.43435,""games"":112,""position_pool_mean"":10.96096}},""attempts"":31.095229,""completion_rate"":0.671482,""yards_per_completion"":11.613973,""limitations"":[""Appearance totals do not distinguish partial games from normal starter workloads."",""Completion rate uses recent games without career shrinkage."",""Variance omits completion-rate uncertainty and dependence among components.""],""mean_stages"":{""before_adjustments"":31.095229,""after_defense"":25.838106,""after_venue"":25.838106,""final"":25.838106},""sigma"":7.41692,""opponent"":{""team"":""LA"",""kind"":""pass"",""rating"":1.563551,""rank"":1,""of"":32,""allowed"":153.75,""league"":234.585938,""games"":4,""season"":2026},""home"":false,""versus"":{""team"":""LA"",""values"":[33.0,31.0,37.0],""home"":[true,false,false],""since"":""2020 Wk 3"",""note"":""History only, not a model input. In our backtests, results against one opponent did not predict the next meeting beyond a player\u2019s overall form.""}}",QB
e6d00eedd87d367e510314bd8cab8f6f,Buffalo Bills @ Los Angeles Rams,Matthew Stafford,bovada,Bovada,pass_attempts,Passing attempts,over,37.5,-115,44.159001593,0.6363636364,0.0,0.5348837209,0.5,0.5,37.5,3,1014.799154334,18.9723320158,Calibration fitted; not prospectively validated,2026-10-07T16:51:06Z,2026-10-13T00:15:00Z,Mon 8:15 PM ET,Los Angeles Rams,Buffalo Bills,"{""version"":""nfl-projection-trace-1"",""current_sample"":[{""season"":2026,""week"":1,""opponent_team"":""SF"",""attempts"":25,""completions"":15,""passing_yards"":155},{""season"":2026,""week"":2,""opponent_team"":""NYG"",""attempts"":31,""completions"":22,""passing_yards"":327},{""season"":2026,""week"":3,""opponent_team"":""DEN"",""attempts"":55,""completions"":30,""passing_yards"":390},{""season"":2026,""week"":4,""opponent_team"":""PHI"",""attempts"":51,""completions"":32,""passing_yards"":317}],""recent_mean_weight"":0.5,""yards_per_completion_recent_weight"":0.5,""career_baselines"":{""attempts"":{""mean"":32.601972,""games"":100,""position_pool_mean"":27.838228},""yards_per_completion"":{""mean"":11.68486,""games"":100,""position_pool_mean"":10.96096}},""attempts"":40.79606,""completion_rate"":0.614274,""yards_per_completion"":11.42918,""limitations"":[""Appearance totals do not distinguish partial games from normal starter workloads."",""Completion rate uses recent games without career shrinkage."",""Variance omits completion-rate uncertainty and dependence among components.""],""mean_stages"":{""before_adjustments"":40.79606,""after_defense"":44.159002,""after_venue"":44.159002,""final"":44.159002},""sigma"":8.889919,""opponent"":{""team"":""BUF"",""kind"":""pass"",""rating"":0.725223,""rank"":27,""of"":32,""allowed"":274.0,""league"":234.585938,""games"":4,""season"":2026},""home"":true,""versus"":{""team"":""BUF"",""values"":[41.0,30.0],""home"":[true,true],""since"":""2022 Wk 1"",""note"":""History only, not a model input. In our backtests, results against one opponent did not predict the next meeting beyond a player\u2019s overall form.""}}",QB
e6d00eedd87d367e510314bd8cab8f6f,Buffalo Bills @ Los Angeles Rams,Matthew Stafford,bovada,Bovada,pass_completions,Passing completions,over,23.5,-110,27.1257322458,0.5416666667,0.0,0.5238095238,0.4898785425,0.4886978532,22.5,2,178.5714285714,3.4090909091,Calibration fitted; not prospectively validated,2026-10-07T16:51:06Z,2026-10-13T00:15:00Z,Mon 8:15 PM ET,Los Angeles Rams,Buffalo Bills,"{""version"":""nfl-projection-trace-1"",""current_sample"":[{""season"":2026,""week"":1,""opponent_team"":""SF"",""attempts"":25,""completions"":15,""passing_yards"":155},{""season"":2026,""week"":2,""opponent_team"":""NYG"",""attempts"":31,""completions"":22,""passing_yards"":327},{""season"":2026,""week"":3,""opponent_team"":""DEN"",""attempts"":55,""completions"":30,""passing_yards"":390},{""season"":2026,""week"":4,""opponent_team"":""PHI"",""attempts"":51,""completions"":32,""passing_yards"":317}],""recent_mean_weight"":0.5,""yards_per_completion_recent_weight"":0.5,""career_baselines"":{""attempts"":{""mean"":32.601972,""games"":100,""position_pool_mean"":27.838228},""yards_per_completion"":{""mean"":11.68486,""games"":100,""position_pool_mean"":10.96096}},""attempts"":40.79606,""completion_rate"":0.614274,""yards_per_completion"":11.42918,""limitations"":[""Appearance totals do not distinguish partial games from normal starter workloads."",""Completion rate uses recent games without career shrinkage."",""Variance omits completion-rate uncertainty and dependence among components.""],""mean_stages"":{""before_adjustments"":25.059964,""after_defense"":27.125732,""after_venue"":27.125732,""final"":27.125732},""sigma"":5.460847,""opponent"":{""team"":""BUF"",""kind"":""pass"",""rating"":0.725223,""rank"":27,""of"":32,""allowed"":274.0,""league"":234.585938,""games"":4,""season"":2026},""home"":true,""versus"":{""team"":""BUF"",""values"":[29.0,23.0],""home"":[true,true],""since"":""2022 Wk 1"",""note"":""History only, not a model input. In our backtests, results against one opponent did not predict the next meeting beyond a player\u2019s overall form.""}}",QB
e6d00eedd87d367e510314bd8cab8f6f,Buffalo Bills @ Los Angeles Rams,Matthew Stafford,bovada,Bovada,pass_tds,Passing touchdowns,over,2.5,145,1.569,0.4666666667,0.0,0.4081632653,0.3838517538,0.3772080903,2.5,6,585.0340136054,14.3333333333,Calibration fitted; not prospectively validated,2026-10-07T16:51:06Z,2026-10-13T00:15:00Z,Mon 8:15 PM ET,Los Angeles Rams,Buffalo Bills,,QB
e6d00eedd87d367e510314bd8cab8f6f,Buffalo Bills @ Los Angeles Rams,Davante Adams,draftkings,DraftKings,receptions,Receptions,over,4.5,-105,4.9693398054,0.5475728155,0.0,0.512195122,0.4824089404,0.4653465347,4.5,5,353.7769358276,6.907073509,Calibration fitted; not prospectively validated,2026-10-07T16:50:49Z,2026-10-13T00:15:00Z,Mon 8:15 PM ET,Los Angeles Rams,Buffalo Bills,"{""version"":""nfl-projection-trace-1"",""family"":""receive"",""current_sample"":[{""season"":2026,""week"":1,""opponent_team"":""SF"",""targets"":6,""receptions"":3,""receiving_yards"":26},{""season"":2026,""week"":2,""opponent_team"":""NYG"",""targets"":10,""receptions"":8,""receiving_yards"":195},{""season"":2026,""week"":3,""opponent_team"":""DEN"",""targets"":13,""receptions"":7,""receiving_yards"":137},{""season"":2026,""week"":4,""opponent_team"":""PHI"",""targets"":9,""receptions"":4,""receiving_yards"":32}],""recent_mean_weight"":0.5,""targets"":9.030898,""catch_rate"":0.504821,""yards_per_reception"":12.530314,""mean_stages"":{""before_adjustments"":4.558985,""after_defense"":4.934796,""after_venue"":4.96934,""final"":4.96934},""sigma"":1.467958,""opponent"":{""team"":""BUF"",""kind"":""pass"",""rating"":0.725223,""rank"":27,""of"":32,""allowed"":274.0,""league"":234.585938,""games"":4,""season"":2026},""home"":true,""versus"":{""team"":""BUF"",""values"":[6.0,5.0],""home"":[false,false],""since"":""2023 Wk 2"",""note"":""History only, not a model input. In our backtests, results against one opponent did not predict the next meeting beyond a player\u2019s overall form.""}}",WR
e6d00eedd87d367e510314bd8cab8f6f,Buffalo Bills @ Los Angeles Rams,Dalton Kincaid,draftkings,DraftKings,receptions,Receptions,under,3.5,108,1.7430661446,0.5789473684,0.0,0.4807692308,0.4532987963,0.4502827499,3.5,4,981.7813765182,20.4210526316,Calibration fitted; not prospectively validated,2026-10-07T16:50:49Z,2026-10-13T00:15:00Z,Mon 8:15 PM ET,Los Angeles Rams,Buffalo Bills,"{""version"":""nfl-projection-trace-1"",""family"":""receive"",""current_sample"":[{""season"":2026,""week"":1,""opponent_team"":""HOU"",""targets"":6,""receptions"":5,""receiving_yards"":130},{""season"":2026,""week"":2,""opponent_team"":""DET"",""targets"":8,""receptions"":7,""receiving_yards"":95},{""season"":2026,""week"":3,""opponent_team"":""LAC"",""targets"":3,""receptions"":2,""receiving_yards"":38},{""season"":2026,""week"":4,""opponent_team"":""NE"",""targets"":2,""receptions"":1,""receiving_yards"":7}],""recent_mean_weight"":0.5,""targets"":3.573654,""catch_rate"":0.591133,""yards_per_reception"":11.316907,""mean_stages"":{""before_adjustments"":2.112505,""after_defense"":1.755354,""after_venue"":1.743066,""final"":1.743066},""sigma"":1.334243,""opponent"":{""team"":""LA"",""kind"":""pass"",""rating"":1.563551,""rank"":1,""of"":32,""allowed"":153.75,""league"":234.585938,""games"":4,""season"":2026},""home"":false,""versus"":null}",TE
e6d00eedd87d367e510314bd8cab8f6f,Buffalo Bills @ Los Angeles Rams,Josh Allen,draftkings,DraftKings,rush_yds,Rushing yards,under,36.5,-110,22.5162432598,0.5647668394,0.0,0.5238095238,0.4957877001,0.5,36.5,5,409.5731556871,7.8191238813,Calibration fitted; not prospectively validated,2026-10-07T16:50:49Z,2026-10-13T00:15:00Z,Mon 8:15 PM ET,Los Angeles Rams,Buffalo Bills,"{""version"":""nfl-projection-trace-1"",""family"":""rush"",""current_sample"":[{""season"":2026,""week"":1,""opponent_team"":""HOU"",""carries"":6,""rushing_yards"":23},{""season"":2026,""week"":2,""opponent_team"":""DET"",""carries"":14,""rushing_yards"":69},{""season"":2026,""week"":3,""opponent_team"":""LAC"",""carries"":8,""rushing_yards"":22},{""season"":2026,""week"":4,""opponent_team"":""NE"",""carries"":5,""rushing_yards"":4}],""recent_mean_weight"":0.5,""carries"":6.984123,""yards_per_carry"":3.405413,""mean_stages"":{""before_adjustments"":23.78382,""after_defense"":23.069921,""after_venue"":22.516243,""final"":22.516243},""sigma"":18.771735,""opponent"":{""team"":""LA"",""kind"":""rush"",""rating"":1.100054,""rank"":11,""of"":32,""allowed"":102.0,""league"":111.390625,""games"":4,""season"":2026},""home"":false,""versus"":{""team"":""LA"",""values"":[8.0,56.0,82.0],""home"":[true,false,false],""since"":""2020 Wk 3"",""note"":""History only, not a model input. In our backtests, results against one opponent did not predict the next meeting beyond a player\u2019s overall form.""}}",QB
e6d00eedd87d367e510314bd8cab8f6f,Buffalo Bills @ Los Angeles Rams,Puka Nacua,fanduel,FanDuel,receptions,Receptions,under,6.5,120,6.6408092754,0.4591194969,0.0,0.4545454545,0.4248366013,0.4248366013,7.5,1,45.7404230989,1.0062893082,Calibration fitted; not prospectively validated,2026-10-07T16:51:28Z,2026-10-13T00:15:00Z,Mon 8:15 PM ET,Los Angeles Rams,Buffalo Bills,"{""version"":""nfl-projection-trace-1"",""family"":""receive"",""current_sample"":[{""season"":2026,""week"":1,""opponent_team"":""SF"",""targets"":9,""receptions"":5,""receiving_yards"":74},{""season"":2026,""week"":4,""opponent_team"":""PHI"",""targets"":12,""receptions"":9,""receiving_yards"":125}],""recent_mean_weight"":0.333333,""targets"":8.773099,""catch_rate"":0.694444,""yards_per_reception"":13.429379,""mean_stages"":{""before_adjustments"":6.09243,""after_defense"":6.594647,""after_venue"":6.640809,""final"":6.640809},""sigma"":2.16504,""opponent"":{""team"":""BUF"",""kind"":""pass"",""rating"":0.725223,""rank"":27,""of"":32,""allowed"":274.0,""league"":234.585938,""games"":4,""season"":2026},""home"":true,""versus"":{""team"":""BUF"",""values"":[12.0],""home"":[true],""since"":""2024 Wk 14"",""note"":""History only, not a model input. In our backtests, results against one opponent did not predict the next meeting beyond a player\u2019s overall form.""}}",WR
e6d00eedd87d367e510314bd8cab8f6f,Buffalo Bills @ Los Angeles Rams,Dalton Kincaid,fanduel,FanDuel,receptions,Receptions,under,3.5,104,1.7430661446,0.5789473684,0.0,0.4901960784,0.4581151832,0.4502827499,3.5,4,887.5128998968,18.1052631579,Calibration fitted; not prospectively validated,2026-10-07T16:51:28Z,2026-10-13T00:15:00Z,Mon 8:15 PM ET,Los Angeles Rams,Buffalo Bills,"{""version"":""nfl-projection-trace-1"",""family"":""receive"",""current_sample"":[{""season"":2026,""week"":1,""opponent_team"":""HOU"",""targets"":6,""receptions"":5,""receiving_yards"":130},{""season"":2026,""week"":2,""opponent_team"":""DET"",""targets"":8,""receptions"":7,""receiving_yards"":95},{""season"":2026,""week"":3,""opponent_team"":""LAC"",""targets"":3,""receptions"":2,""receiving_yards"":38},{""season"":2026,""week"":4,""opponent_team"":""NE"",""targets"":2,""receptions"":1,""receiving_yards"":7}],""recent_mean_weight"":0.5,""targets"":3.573654,""catch_rate"":0.591133,""yards_per_reception"":11.316907,""mean_stages"":{""before_adjustments"":2.112505,""after_defense"":1.755354,""after_venue"":1.743066,""final"":1.743066},""sigma"":1.334243,""opponent"":{""team"":""LA"",""kind"":""pass"",""rating"":1.563551,""rank"":1,""of"":32,""allowed"":153.75,""league"":234.585938,""games"":4,""season"":2026},""home"":false,""versus"":null}",TE
e6d00eedd87d367e510314bd8cab8f6f,Buffalo Bills @ Los Angeles Rams,Davante Adams,fanduel,FanDuel,receptions,Receptions,over,4.5,108,4.9693398054,0.5475728155,0.0,0.4807692308,0.4489255225,0.4653465347,4.5,5,668.0358476475,13.8951456311,Calibration fitted; not prospectively validated,2026-10-07T16:51:28Z,2026-10-13T00:15:00Z,Mon 8:15 PM ET,Los Angeles Rams,Buffalo Bills,"{""version"":""nfl-projection-trace-1"",""family"":""receive"",""current_sample"":[{""season"":2026,""week"":1,""opponent_team"":""SF"",""targets"":6,""receptions"":3,""receiving_yards"":26},{""season"":2026,""week"":2,""opponent_team"":""NYG"",""targets"":10,""receptions"":8,""receiving_yards"":195},{""season"":2026,""week"":3,""opponent_team"":""DEN"",""targets"":13,""receptions"":7,""receiving_yards"":137},{""season"":2026,""week"":4,""opponent_team"":""PHI"",""targets"":9,""receptions"":4,""receiving_yards"":32}],""recent_mean_weight"":0.5,""targets"":9.030898,""catch_rate"":0.504821,""yards_per_reception"":12.530314,""mean_stages"":{""before_adjustments"":4.558985,""after_defense"":4.934796,""after_venue"":4.96934,""final"":4.96934},""sigma"":1.467958,""opponent"":{""team"":""BUF"",""kind"":""pass"",""rating"":0.725223,""rank"":27,""of"":32,""allowed"":274.0,""league"":234.585938,""games"":4,""season"":2026},""home"":true,""versus"":{""team"":""BUF"",""values"":[6.0,5.0],""home"":[false,false],""since"":""2023 Wk 2"",""note"":""History only, not a model input. In our backtests, results against one opponent did not predict the next meeting beyond a player\u2019s overall form.""}}",WR
e6d00eedd87d367e510314bd8cab8f6f,Buffalo Bills @ Los Angeles Rams,Josh Allen,fanduel,FanDuel,rush_yds,Rushing yards,under,36.5,-114,22.5162432598,0.5647668394,0.0,0.5327102804,0.5,0.5,36.5,5,320.5655900441,6.0176347605,Calibration fitted; not prospectively validated,2026-10-07T16:51:28Z,2026-10-13T00:15:00Z,Mon 8:15 PM ET,Los Angeles Rams,Buffalo Bills,"{""version"":""nfl-projection-trace-1"",""family"":""rush"",""current_sample"":[{""season"":2026,""week"":1,""opponent_team"":""HOU"",""carries"":6,""rushing_yards"":23},{""season"":2026,""week"":2,""opponent_team"":""DET"",""carries"":14,""rushing_yards"":69},{""season"":2026,""week"":3,""opponent_team"":""LAC"",""carries"":8,""rushing_yards"":22},{""season"":2026,""week"":4,""opponent_team"":""NE"",""carries"":5,""rushing_yards"":4}],""recent_mean_weight"":0.5,""carries"":6.984123,""yards_per_carry"":3.405413,""mean_stages"":{""before_adjustments"":23.78382,""after_defense"":23.069921,""after_venue"":22.516243,""final"":22.516243},""sigma"":18.771735,""opponent"":{""team"":""LA"",""kind"":""rush"",""rating"":1.100054,""rank"":11,""of"":32,""allowed"":102.0,""league"":111.390625,""games"":4,""season"":2026},""home"":false,""versus"":{""team"":""LA"",""values"":[8.0,56.0,82.0],""home"":[true,false,false],""since"":""2020 Wk 3"",""note"":""History only, not a model input. In our backtests, results against one opponent did not predict the next meeting beyond a player\u2019s overall form.""}}",QB
e6d00eedd87d367e510314bd8cab8f6f,Buffalo Bills @ Los Angeles Rams,Dalton Kincaid,betonlineag,BetOnline.ag,recv_yds,Receiving yards,under,48.5,-106,19.5870615632,0.5163043478,0.0,0.5145631068,0.4835607431,0.4917803715,49.5,2,17.4124102997,0.3383921247,Calibration fitted; not prospectively validated,2026-10-07T16:50:51Z,2026-10-13T00:15:00Z,Mon 8:15 PM ET,Los Angeles Rams,Buffalo Bills,"{""version"":""nfl-projection-trace-1"",""family"":""receive"",""current_sample"":[{""season"":2026,""week"":1,""opponent_team"":""HOU"",""targets"":6,""receptions"":5,""receiving_yards"":130},{""season"":2026,""week"":2,""opponent_team"":""DET"",""targets"":8,""receptions"":7,""receiving_yards"":95},{""season"":2026,""week"":3,""opponent_team"":""LAC"",""targets"":3,""receptions"":2,""receiving_yards"":38},{""season"":2026,""week"":4,""opponent_team"":""NE"",""targets"":2,""receptions"":1,""receiving_yards"":7}],""recent_mean_weight"":0.5,""targets"":3.573654,""catch_rate"":0.591133,""yards_per_reception"":11.316907,""mean_stages"":{""before_adjustments"":23.907021,""after_defense"":19.865174,""after_venue"":19.587062,""final"":19.587062},""sigma"":19.412662,""opponent"":{""team"":""LA"",""kind"":""pass"",""rating"":1.563551,""rank"":1,""of"":32,""allowed"":153.75,""league"":234.585938,""games"":4,""season"":2026},""home"":false,""versus"":null}",TE
e6d00eedd87d367e510314bd8cab8f6f,Buffalo Bills @ Los Angeles Rams,Davante Adams,betonlineag,BetOnline.ag,receptions,Receptions,over,4.5,102,4.9693398054,0.5475728155,0.0,0.495049505,0.4652655222,0.4653465347,4.5,5,525.2331058349,10.6097087379,Calibration fitted; not prospectively validated,2026-10-07T16:50:51Z,2026-10-13T00:15:00Z,Mon 8:15 PM ET,Los Angeles Rams,Buffalo Bills,"{""version"":""nfl-projection-trace-1"",""family"":""receive"",""current_sample"":[{""season"":2026,""week"":1,""opponent_team"":""SF"",""targets"":6,""receptions"":3,""receiving_yards"":26},{""season"":2026,""week"":2,""opponent_team"":""NYG"",""targets"":10,""receptions"":8,""receiving_yards"":195},{""season"":2026,""week"":3,""opponent_team"":""DEN"",""targets"":13,""receptions"":7,""receiving_yards"":137},{""season"":2026,""week"":4,""opponent_team"":""PHI"",""targets"":9,""receptions"":4,""receiving_yards"":32}],""recent_mean_weight"":0.5,""targets"":9.030898,""catch_rate"":0.504821,""yards_per_reception"":12.530314,""mean_stages"":{""before_adjustments"":4.558985,""after_defense"":4.934796,""after_venue"":4.96934,""final"":4.96934},""sigma"":1.467958,""opponent"":{""team"":""BUF"",""kind"":""pass"",""rating"":0.725223,""rank"":27,""of"":32,""allowed"":274.0,""league"":234.585938,""games"":4,""season"":2026},""home"":true,""versus"":{""team"":""BUF"",""values"":[6.0,5.0],""home"":[false,false],""since"":""2023 Wk 2"",""note"":""History only, not a model input. In our backtests, results against one opponent did not predict the next meeting beyond a player\u2019s overall form.""}}",WR
e6d00eedd87d367e510314bd8cab8f6f,Buffalo Bills @ Los Angeles Rams,Dalton Kincaid,betonlineag,BetOnline.ag,receptions,Receptions,under,3.5,110,1.7430661446,0.5789473684,0.0,0.4761904762,0.4472667035,0.4502827499,3.5,4,1027.5689223058,21.5789473684,Calibration fitted; not prospectively validated,2026-10-07T16:50:51Z,2026-10-13T00:15:00Z,Mon 8:15 PM ET,Los Angeles Rams,Buffalo Bills,"{""version"":""nfl-projection-trace-1"",""family"":""receive"",""current_sample"":[{""season"":2026,""week"":1,""opponent_team"":""HOU"",""targets"":6,""receptions"":5,""receiving_yards"":130},{""season"":2026,""week"":2,""opponent_team"":""DET"",""targets"":8,""receptions"":7,""receiving_yards"":95},{""season"":2026,""week"":3,""opponent_team"":""LAC"",""targets"":3,""receptions"":2,""receiving_yards"":38},{""season"":2026,""week"":4,""opponent_team"":""NE"",""targets"":2,""receptions"":1,""receiving_yards"":7}],""recent_mean_weight"":0.5,""targets"":3.573654,""catch_rate"":0.591133,""yards_per_reception"":11.316907,""mean_stages"":{""before_adjustments"":2.112505,""after_defense"":1.755354,""after_venue"":1.743066,""final"":1.743066},""sigma"":1.334243,""opponent"":{""team"":""LA"",""kind"":""pass"",""rating"":1.563551,""rank"":1,""of"":32,""allowed"":153.75,""league"":234.585938,""games"":4,""season"":2026},""home"":false,""versus"":null}",TE
e6d00eedd87d367e510314bd8cab8f6f,Buffalo Bills @ Los Angeles Rams,Josh Allen,betonlineag,BetOnline.ag,rush_yds,Rushing yards,under,36.5,-114,22.5162432598,0.5647668394,0.0,0.5327102804,0.5,0.5,36.5,5,320.5655900441,6.0176347605,Calibration fitted; not prospectively validated,2026-10-07T16:50:51Z,2026-10-13T00:15:00Z,Mon 8:15 PM ET,Los Angeles Rams,Buffalo Bills,"{""version"":""nfl-projection-trace-1"",""family"":""rush"",""current_sample"":[{""season"":2026,""week"":1,""opponent_team"":""HOU"",""carries"":6,""rushing_yards"":23},{""season"":2026,""week"":2,""opponent_team"":""DET"",""carries"":14,""rushing_yards"":69},{""season"":2026,""week"":3,""opponent_team"":""LAC"",""carries"":8,""rushing_yards"":22},{""season"":2026,""week"":4,""opponent_team"":""NE"",""carries"":5,""rushing_yards"":4}],""recent_mean_weight"":0.5,""carries"":6.984123,""yards_per_carry"":3.405413,""mean_stages"":{""before_adjustments"":23.78382,""after_defense"":23.069921,""after_venue"":22.516243,""final"":22.516243},""sigma"":18.771735,""opponent"":{""team"":""LA"",""kind"":""rush"",""rating"":1.100054,""rank"":11,""of"":32,""allowed"":102.0,""league"":111.390625,""games"":4,""season"":2026},""home"":false,""versus"":{""team"":""LA"",""values"":[8.0,56.0,82.0],""home"":[true,false,false],""since"":""2020 Wk 3"",""note"":""History only, not a model input. In our backtests, results against one opponent did not predict the next meeting beyond a player\u2019s overall form.""}}",QB
e6d00eedd87d367e510314bd8cab8f6f,Buffalo Bills @ Los Angeles Rams,Davante Adams,betrivers,BetRivers,receptions,Receptions,over,4.5,112,4.9693398054,0.5475728155,0.0,0.4716981132,,0.4653465347,4.5,5,758.7470232643,16.0854368932,Calibration fitted; not prospectively validated,2026-10-07T16:50:53Z,2026-10-13T00:15:00Z,Mon 8:15 PM ET,Los Angeles Rams,Buffalo Bills,"{""version"":""nfl-projection-trace-1"",""family"":""receive"",""current_sample"":[{""season"":2026,""week"":1,""opponent_team"":""SF"",""targets"":6,""receptions"":3,""receiving_yards"":26},{""season"":2026,""week"":2,""opponent_team"":""NYG"",""targets"":10,""receptions"":8,""receiving_yards"":195},{""season"":2026,""week"":3,""opponent_team"":""DEN"",""targets"":13,""receptions"":7,""receiving_yards"":137},{""season"":2026,""week"":4,""opponent_team"":""PHI"",""targets"":9,""receptions"":4,""receiving_yards"":32}],""recent_mean_weight"":0.5,""targets"":9.030898,""catch_rate"":0.504821,""yards_per_reception"":12.530314,""mean_stages"":{""before_adjustments"":4.558985,""after_defense"":4.934796,""after_venue"":4.96934,""final"":4.96934},""sigma"":1.467958,""opponent"":{""team"":""BUF"",""kind"":""pass"",""rating"":0.725223,""rank"":27,""of"":32,""allowed"":274.0,""league"":234.585938,""games"":4,""season"":2026},""home"":true,""versus"":{""team"":""BUF"",""values"":[6.0,5.0],""home"":[false,false],""since"":""2023 Wk 2"",""note"":""History only, not a model input. In our backtests, results against one opponent did not predict the next meeting beyond a player\u2019s overall form.""}}",WR
e6d00eedd87d367e510314bd8cab8f6f,Buffalo Bills @ Los Angeles Rams,Josh Allen,betrivers,BetRivers,rush_yds,Rushing yards,under,36.5,-112,22.5162432598,0.5647668394,0.0,0.5283018868,0.4920127796,0.5,36.5,5,364.6495258579,6.9022945966,Calibration fitted; not prospectively validated,2026-10-07T16:50:53Z,2026-10-13T00:15:00Z,Mon 8:15 PM ET,Los Angeles Rams,Buffalo Bills,"{""version"":""nfl-projection-trace-1"",""family"":""rush"",""current_sample"":[{""season"":2026,""week"":1,""opponent_team"":""HOU"",""carries"":6,""rushing_yards"":23},{""season"":2026,""week"":2,""opponent_team"":""DET"",""carries"":14,""rushing_yards"":69},{""season"":2026,""week"":3,""opponent_team"":""LAC"",""carries"":8,""rushing_yards"":22},{""season"":2026,""week"":4,""opponent_team"":""NE"",""carries"":5,""rushing_yards"":4}],""recent_mean_weight"":0.5,""carries"":6.984123,""yards_per_carry"":3.405413,""mean_stages"":{""before_adjustments"":23.78382,""after_defense"":23.069921,""after_venue"":22.516243,""final"":22.516243},""sigma"":18.771735,""opponent"":{""team"":""LA"",""kind"":""rush"",""rating"":1.100054,""rank"":11,""of"":32,""allowed"":102.0,""league"":111.390625,""games"":4,""season"":2026},""home"":false,""versus"":{""team"":""LA"",""values"":[8.0,56.0,82.0],""home"":[true,false,false],""since"":""2020 Wk 3"",""note"":""History only, not a model input. In our backtests, results against one opponent did not predict the next meeting beyond a player\u2019s overall form.""}}",QB
e6d00eedd87d367e510314bd8cab8f6f,Buffalo Bills @ Los Angeles Rams,Davante Adams,betmgm,BetMGM,receptions,Receptions,over,4.5,100,4.9693398054,0.5475728155,0.0,0.5,0.4653465347,0.4653465347,4.5,5,475.7281553398,9.5145631068,Calibration fitted; not prospectively validated,2026-10-07T16:51:07Z,2026-10-13T00:15:00Z,Mon 8:15 PM ET,Los Angeles Rams,Buffalo Bills,"{""version"":""nfl-projection-trace-1"",""family"":""receive"",""current_sample"":[{""season"":2026,""week"":1,""opponent_team"":""SF"",""targets"":6,""receptions"":3,""receiving_yards"":26},{""season"":2026,""week"":2,""opponent_team"":""NYG"",""targets"":10,""receptions"":8,""receiving_yards"":195},{""season"":2026,""week"":3,""opponent_team"":""DEN"",""targets"":13,""receptions"":7,""receiving_yards"":137},{""season"":2026,""week"":4,""opponent_team"":""PHI"",""targets"":9,""receptions"":4,""receiving_yards"":32}],""recent_mean_weight"":0.5,""targets"":9.030898,""catch_rate"":0.504821,""yards_per_reception"":12.530314,""mean_stages"":{""before_adjustments"":4.558985,""after_defense"":4.934796,""after_venue"":4.96934,""final"":4.96934},""sigma"":1.467958,""opponent"":{""team"":""BUF"",""kind"":""pass"",""rating"":0.725223,""rank"":27,""of"":32,""allowed"":274.0,""league"":234.585938,""games"":4,""season"":2026},""home"":true,""versus"":{""team"":""BUF"",""values"":[6.0,5.0],""home"":[false,false],""since"":""2023 Wk 2"",""note"":""History only, not a model input. In our backtests, results against one opponent did not predict the next meeting beyond a player\u2019s overall form.""}}",WR
e6d00eedd87d367e510314bd8cab8f6f,Buffalo Bills @ Los Angeles Rams,Dalton Kincaid,betmgm,BetMGM,receptions,Receptions,under,4.5,-200,1.7430661446,0.8333333333,0.0,0.6666666667,0.6202531646,0.6202531646,3.5,1,1666.6666666667,25.0,Calibration fitted; not prospectively validated,2026-10-07T16:51:07Z,2026-10-13T00:15:00Z,Mon 8:15 PM ET,Los Angeles Rams,Buffalo Bills,"{""version"":""nfl-projection-trace-1"",""family"":""receive"",""current_sample"":[{""season"":2026,""week"":1,""opponent_team"":""HOU"",""targets"":6,""receptions"":5,""receiving_yards"":130},{""season"":2026,""week"":2,""opponent_team"":""DET"",""targets"":8,""receptions"":7,""receiving_yards"":95},{""season"":2026,""week"":3,""opponent_team"":""LAC"",""targets"":3,""receptions"":2,""receiving_yards"":38},{""season"":2026,""week"":4,""opponent_team"":""NE"",""targets"":2,""receptions"":1,""receiving_yards"":7}],""recent_mean_weight"":0.5,""targets"":3.573654,""catch_rate"":0.591133,""yards_per_reception"":11.316907,""mean_stages"":{""before_adjustments"":2.112505,""after_defense"":1.755354,""after_venue"":1.743066,""final"":1.743066},""sigma"":1.334243,""opponent"":{""team"":""LA"",""kind"":""pass"",""rating"":1.563551,""rank"":1,""of"":32,""allowed"":153.75,""league"":234.585938,""games"":4,""season"":2026},""home"":false,""versus"":null}",TE
e6d00eedd87d367e510314bd8cab8f6f,Buffalo Bills @ Los Angeles Rams,Josh Allen,betmgm,BetMGM,rush_yds,Rushing yards,under,34.5,-115,22.5162432598,0.5647668394,0.0,0.5348837209,0.5,0.5,36.5,1,298.8311844801,5.5868438838,Calibration fitted; not prospectively validated,2026-10-07T16:51:07Z,2026-10-13T00:15:00Z,Mon 8:15 PM ET,Los Angeles Rams,Buffalo Bills,"{""version"":""nfl-projection-trace-1"",""family"":""rush"",""current_sample"":[{""season"":2026,""week"":1,""opponent_team"":""HOU"",""carries"":6,""rushing_yards"":23},{""season"":2026,""week"":2,""opponent_team"":""DET"",""carries"":14,""rushing_yards"":69},{""season"":2026,""week"":3,""opponent_team"":""LAC"",""carries"":8,""rushing_yards"":22},{""season"":2026,""week"":4,""opponent_team"":""NE"",""carries"":5,""rushing_yards"":4}],""recent_mean_weight"":0.5,""carries"":6.984123,""yards_per_carry"":3.405413,""mean_stages"":{""before_adjustments"":23.78382,""after_defense"":23.069921,""after_venue"":22.516243,""final"":22.516243},""sigma"":18.771735,""opponent"":{""team"":""LA"",""kind"":""rush"",""rating"":1.100054,""rank"":11,""of"":32,""allowed"":102.0,""league"":111.390625,""games"":4,""season"":2026},""home"":false,""versus"":{""team"":""LA"",""values"":[8.0,56.0,82.0],""home"":[true,false,false],""since"":""2020 Wk 3"",""note"":""History only, not a model input. In our backtests, results against one opponent did not predict the next meeting beyond a player\u2019s overall form.""}}",QB
e6d00eedd87d367e510314bd8cab8f6f,Buffalo Bills @ Los Angeles Rams,Dalton Kincaid,bovada,Bovada,receptions,Receptions,under,3.5,110,1.7430661446,0.5789473684,0.0,0.4761904762,0.4458598726,0.4502827499,3.5,4,1027.5689223058,21.5789473684,Calibration fitted; not prospectively validated,2026-10-07T16:51:06Z,2026-10-13T00:15:00Z,Mon 8:15 PM ET,Los Angeles Rams,Buffalo Bills,"{""version"":""nfl-projection-trace-1"",""family"":""receive"",""current_sample"":[{""season"":2026,""week"":1,""opponent_team"":""HOU"",""targets"":6,""receptions"":5,""receiving_yards"":130},{""season"":2026,""week"":2,""opponent_team"":""DET"",""targets"":8,""receptions"":7,""receiving_yards"":95},{""season"":2026,""week"":3,""opponent_team"":""LAC"",""targets"":3,""receptions"":2,""receiving_yards"":38},{""season"":2026,""week"":4,""opponent_team"":""NE"",""targets"":2,""receptions"":1,""receiving_yards"":7}],""recent_mean_weight"":0.5,""targets"":3.573654,""catch_rate"":0.591133,""yards_per_reception"":11.316907,""mean_stages"":{""before_adjustments"":2.112505,""after_defense"":1.755354,""after_venue"":1.743066,""final"":1.743066},""sigma"":1.334243,""opponent"":{""team"":""LA"",""kind"":""pass"",""rating"":1.563551,""rank"":1,""of"":32,""allowed"":153.75,""league"":234.585938,""games"":4,""season"":2026},""home"":false,""versus"":null}",TE
e6d00eedd87d367e510314bd8cab8f6f,Buffalo Bills @ Los Angeles Rams,Davante Adams,bovada,Bovada,receptions,Receptions,over,4.5,-105,4.9693398054,0.5475728155,0.0,0.512195122,0.4796954315,0.4653465347,4.5,5,353.7769358276,6.907073509,Calibration fitted; not prospectively validated,2026-10-07T16:51:06Z,2026-10-13T00:15:00Z,Mon 8:15 PM ET,Los Angeles Rams,Buffalo Bills,"{""version"":""nfl-projection-trace-1"",""family"":""receive"",""current_sample"":[{""season"":2026,""week"":1,""opponent_team"":""SF"",""targets"":6,""receptions"":3,""receiving_yards"":26},{""season"":2026,""week"":2,""opponent_team"":""NYG"",""targets"":10,""receptions"":8,""receiving_yards"":195},{""season"":2026,""week"":3,""opponent_team"":""DEN"",""targets"":13,""receptions"":7,""receiving_yards"":137},{""season"":2026,""week"":4,""opponent_team"":""PHI"",""targets"":9,""receptions"":4,""receiving_yards"":32}],""recent_mean_weight"":0.5,""targets"":9.030898,""catch_rate"":0.504821,""yards_per_reception"":12.530314,""mean_stages"":{""before_adjustments"":4.558985,""after_defense"":4.934796,""after_venue"":4.96934,""final"":4.96934},""sigma"":1.467958,""opponent"":{""team"":""BUF"",""kind"":""pass"",""rating"":0.725223,""rank"":27,""of"":32,""allowed"":274.0,""league"":234.585938,""games"":4,""season"":2026},""home"":true,""versus"":{""team"":""BUF"",""values"":[6.0,5.0],""home"":[false,false],""since"":""2023 Wk 2"",""note"":""History only, not a model input. In our backtests, results against one opponent did not predict the next meeting beyond a player\u2019s overall form.""}}",WR
e6d00eedd87d367e510314bd8cab8f6f,Buffalo Bills @ Los Angeles Rams,Josh Allen,bovada,Bovada,rush_yds,Rushing yards,under,36.5,-115,22.5162432598,0.5647668394,0.0,0.5348837209,0.5,0.5,36.5,5,298.8311844801,5.5868438838,Calibration fitted; not prospectively validated,2026-10-07T16:51:06Z,2026-10-13T00:15:00Z,Mon 8:15 PM ET,Los Angeles Rams,Buffalo Bills,"{""version"":""nfl-projection-trace-1"",""family"":""rush"",""current_sample"":[{""season"":2026,""week"":1,""opponent_team"":""HOU"",""carries"":6,""rushing_yards"":23},{""season"":2026,""week"":2,""opponent_team"":""DET"",""carries"":14,""rushing_yards"":69},{""season"":2026,""week"":3,""opponent_team"":""LAC"",""carries"":8,""rushing_yards"":22},{""season"":2026,""week"":4,""opponent_team"":""NE"",""carries"":5,""rushing_yards"":4}],""recent_mean_weight"":0.5,""carries"":6.984123,""yards_per_carry"":3.405413,""mean_stages"":{""before_adjustments"":23.78382,""after_defense"":23.069921,""after_venue"":22.516243,""final"":22.516243},""sigma"":18.771735,""opponent"":{""team"":""LA"",""kind"":""rush"",""rating"":1.100054,""rank"":11,""of"":32,""allowed"":102.0,""league"":111.390625,""games"":4,""season"":2026},""home"":false,""versus"":{""team"":""LA"",""values"":[8.0,56.0,82.0],""home"":[true,false,false],""since"":""2020 Wk 3"",""note"":""History only, not a model input. In our backtests, results against one opponent did not predict the next meeting beyond a player\u2019s overall form.""}}",QB
