game_id,game,player,bookmaker,book_label,market_std,market_label,name,point,price,mu,model_prob,push_prob,mkt_prob,prob_devig,consensus_prob,consensus_line,book_count,edge_bps,ev_per_100,model_status,last_update,commence_time,kick_et,home_team,away_team
b225458a282e140c44c45651255f2f6c,Los Angeles Chargers @ Buffalo Bills,Justin Herbert,draftkings,DraftKings,pass_attempts,Passing attempts,over,30.5,-118,33.9650986908,0.6363636364,0.0,0.5412844037,0.5103976044,0.5101214575,30.5,3,950.7923269391,17.5654853621,Calibration fitted; not prospectively validated,2026-09-26T13:05:14Z,2026-09-27T17:00:00Z,Sun 1:00 PM ET,Buffalo Bills,Los Angeles Chargers
b225458a282e140c44c45651255f2f6c,Los Angeles Chargers @ Buffalo Bills,Josh Allen,draftkings,DraftKings,pass_attempts,Passing attempts,over,30.5,-107,34.3357292913,0.6363636364,0.0,0.5169082126,0.4865646962,0.4865646962,30.5,3,1194.5542380325,23.1096006797,Calibration fitted; not prospectively validated,2026-09-26T13:05:14Z,2026-09-27T17:00:00Z,Sun 1:00 PM ET,Buffalo Bills,Los Angeles Chargers
b225458a282e140c44c45651255f2f6c,Los Angeles Chargers @ Buffalo Bills,Justin Herbert,draftkings,DraftKings,pass_completions,Passing completions,under,19.5,102,19.5883373402,0.5,0.0,0.495049505,0.466910272,0.4681490136,19.5,4,49.5049504951,1.0,Calibration fitted; not prospectively validated,2026-09-26T13:05:14Z,2026-09-27T17:00:00Z,Sun 1:00 PM ET,Buffalo Bills,Los Angeles Chargers
b225458a282e140c44c45651255f2f6c,Los Angeles Chargers @ Buffalo Bills,Josh Allen,draftkings,DraftKings,pass_tds,Passing touchdowns,under,1.5,124,2.65,0.4821981424,0.0,0.4464285714,0.4216237417,0.4248366013,1.5,7,357.6957098629,8.0123839009,Calibration fitted; not prospectively validated,2026-09-26T13:05:14Z,2026-09-27T17:00:00Z,Sun 1:00 PM ET,Buffalo Bills,Los Angeles Chargers
b225458a282e140c44c45651255f2f6c,Los Angeles Chargers @ Buffalo Bills,Justin Herbert,draftkings,DraftKings,pass_tds,Passing touchdowns,over,1.5,135,0.94,0.4666666667,0.0,0.4255319149,0.4017364432,0.4038202511,1.5,6,411.3475177305,9.6666666667,Calibration fitted; not prospectively validated,2026-09-26T13:05:14Z,2026-09-27T17:00:00Z,Sun 1:00 PM ET,Buffalo Bills,Los Angeles Chargers
b225458a282e140c44c45651255f2f6c,Los Angeles Chargers @ Buffalo Bills,Justin Herbert,fanduel,FanDuel,pass_tds,Passing touchdowns,over,1.5,130,0.94,0.4666666667,0.0,0.4347826087,0.4064075942,0.4038202511,1.5,6,318.8405797101,7.3333333333,Calibration fitted; not prospectively validated,2026-09-26T13:05:50Z,2026-09-27T17:00:00Z,Sun 1:00 PM ET,Buffalo Bills,Los Angeles Chargers
b225458a282e140c44c45651255f2f6c,Los Angeles Chargers @ Buffalo Bills,Josh Allen,fanduel,FanDuel,pass_tds,Passing touchdowns,under,1.5,114,2.65,0.4821981424,0.0,0.4672897196,0.4365299335,0.4248366013,1.5,7,149.0842278869,3.1904024768,Calibration fitted; not prospectively validated,2026-09-26T13:05:50Z,2026-09-27T17:00:00Z,Sun 1:00 PM ET,Buffalo Bills,Los Angeles Chargers
b225458a282e140c44c45651255f2f6c,Los Angeles Chargers @ Buffalo Bills,Josh Allen,betrivers,BetRivers,pass_tds,Passing touchdowns,under,1.5,116,2.65,0.4821981424,0.0,0.462962963,0.4323499491,0.4248366013,1.5,7,192.351794519,4.1547987616,Calibration fitted; not prospectively validated,2026-09-26T13:05:47Z,2026-09-27T17:00:00Z,Sun 1:00 PM ET,Buffalo Bills,Los Angeles Chargers
b225458a282e140c44c45651255f2f6c,Los Angeles Chargers @ Buffalo Bills,Justin Herbert,betrivers,BetRivers,pass_tds,Passing touchdowns,over,1.5,135,0.94,0.4666666667,0.0,0.4255319149,0.3982930299,0.4038202511,1.5,6,411.3475177305,9.6666666667,Calibration fitted; not prospectively validated,2026-09-26T13:05:47Z,2026-09-27T17:00:00Z,Sun 1:00 PM ET,Buffalo Bills,Los Angeles Chargers
b225458a282e140c44c45651255f2f6c,Los Angeles Chargers @ Buffalo Bills,Josh Allen,betonlineag,BetOnline.ag,pass_attempts,Passing attempts,over,29.5,-114,34.3357292913,0.6363636364,0.0,0.5327102804,0.5,0.5101522843,30.5,2,1036.533559898,19.4577352472,Calibration fitted; not prospectively validated,2026-09-26T13:05:16Z,2026-09-27T17:00:00Z,Sun 1:00 PM ET,Buffalo Bills,Los Angeles Chargers
b225458a282e140c44c45651255f2f6c,Los Angeles Chargers @ Buffalo Bills,Justin Herbert,betonlineag,BetOnline.ag,pass_attempts,Passing attempts,over,30.5,-115,33.9650986908,0.6363636364,0.0,0.5348837209,0.5030953364,0.5101214575,30.5,3,1014.799154334,18.9723320158,Calibration fitted; not prospectively validated,2026-09-26T13:05:16Z,2026-09-27T17:00:00Z,Sun 1:00 PM ET,Buffalo Bills,Los Angeles Chargers
b225458a282e140c44c45651255f2f6c,Los Angeles Chargers @ Buffalo Bills,Josh Allen,betonlineag,BetOnline.ag,pass_tds,Passing touchdowns,under,1.5,115,2.65,0.4821981424,0.0,0.4651162791,0.4373408273,0.4248366013,1.5,7,170.8186334509,3.6726006192,Calibration fitted; not prospectively validated,2026-09-26T13:05:16Z,2026-09-27T17:00:00Z,Sun 1:00 PM ET,Buffalo Bills,Los Angeles Chargers
b225458a282e140c44c45651255f2f6c,Los Angeles Chargers @ Buffalo Bills,Justin Herbert,betonlineag,BetOnline.ag,pass_tds,Passing touchdowns,over,1.5,130,0.94,0.4666666667,0.0,0.4347826087,0.4090010643,0.4038202511,1.5,6,318.8405797101,7.3333333333,Calibration fitted; not prospectively validated,2026-09-26T13:05:16Z,2026-09-27T17:00:00Z,Sun 1:00 PM ET,Buffalo Bills,Los Angeles Chargers
b225458a282e140c44c45651255f2f6c,Los Angeles Chargers @ Buffalo Bills,Justin Herbert,betmgm,BetMGM,pass_attempts,Passing attempts,over,31.5,-115,33.9650986908,0.5625,0.0,0.5348837209,0.5,0.5,30.5,1,276.1627906977,5.1630434783,Calibration fitted; not prospectively validated,2026-09-26T13:04:23Z,2026-09-27T17:00:00Z,Sun 1:00 PM ET,Buffalo Bills,Los Angeles Chargers
b225458a282e140c44c45651255f2f6c,Los Angeles Chargers @ Buffalo Bills,Josh Allen,betmgm,BetMGM,pass_attempts,Passing attempts,over,30.5,-105,34.3357292913,0.6363636364,0.0,0.512195122,0.4753937008,0.4865646962,30.5,3,1241.6851441242,24.2424242424,Calibration fitted; not prospectively validated,2026-09-26T13:04:23Z,2026-09-27T17:00:00Z,Sun 1:00 PM ET,Buffalo Bills,Los Angeles Chargers
b225458a282e140c44c45651255f2f6c,Los Angeles Chargers @ Buffalo Bills,Josh Allen,betmgm,BetMGM,pass_tds,Passing touchdowns,under,1.5,120,2.65,0.4821981424,0.0,0.4545454545,0.4248366013,0.4248366013,1.5,7,276.5268786941,6.0835913313,Calibration fitted; not prospectively validated,2026-09-26T13:04:23Z,2026-09-27T17:00:00Z,Sun 1:00 PM ET,Buffalo Bills,Los Angeles Chargers
b225458a282e140c44c45651255f2f6c,Los Angeles Chargers @ Buffalo Bills,Justin Herbert,betmgm,BetMGM,pass_tds,Passing touchdowns,over,1.5,130,0.94,0.4666666667,0.0,0.4347826087,0.405904059,0.4038202511,1.5,6,318.8405797101,7.3333333333,Calibration fitted; not prospectively validated,2026-09-26T13:04:23Z,2026-09-27T17:00:00Z,Sun 1:00 PM ET,Buffalo Bills,Los Angeles Chargers
b225458a282e140c44c45651255f2f6c,Los Angeles Chargers @ Buffalo Bills,Josh Allen,bovada,Bovada,pass_attempts,Passing attempts,over,30.5,-110,34.3357292913,0.6363636364,0.0,0.5238095238,0.4898785425,0.4865646962,30.5,3,1125.5411255411,21.4876033058,Calibration fitted; not prospectively validated,2026-09-26T13:05:35Z,2026-09-27T17:00:00Z,Sun 1:00 PM ET,Buffalo Bills,Los Angeles Chargers
b225458a282e140c44c45651255f2f6c,Los Angeles Chargers @ Buffalo Bills,Justin Herbert,bovada,Bovada,pass_attempts,Passing attempts,over,30.5,-120,33.9650986908,0.6363636364,0.0,0.5454545455,0.5101214575,0.5101214575,30.5,3,909.0909090909,16.6666666667,Calibration fitted; not prospectively validated,2026-09-26T13:05:35Z,2026-09-27T17:00:00Z,Sun 1:00 PM ET,Buffalo Bills,Los Angeles Chargers
b225458a282e140c44c45651255f2f6c,Los Angeles Chargers @ Buffalo Bills,Josh Allen,bovada,Bovada,pass_tds,Passing touchdowns,under,1.5,120,2.65,0.4821981424,0.0,0.4545454545,0.4248366013,0.4248366013,1.5,7,276.5268786941,6.0835913313,Calibration fitted; not prospectively validated,2026-09-26T13:05:35Z,2026-09-27T17:00:00Z,Sun 1:00 PM ET,Buffalo Bills,Los Angeles Chargers
b225458a282e140c44c45651255f2f6c,Los Angeles Chargers @ Buffalo Bills,Justin Herbert,bovada,Bovada,pass_tds,Passing touchdowns,over,1.5,135,0.94,0.4666666667,0.0,0.4255319149,0.3982930299,0.4038202511,1.5,6,411.3475177305,9.6666666667,Calibration fitted; not prospectively validated,2026-09-26T13:05:35Z,2026-09-27T17:00:00Z,Sun 1:00 PM ET,Buffalo Bills,Los Angeles Chargers
b225458a282e140c44c45651255f2f6c,Los Angeles Chargers @ Buffalo Bills,Josh Allen,fanatics,Fanatics,pass_attempts,Passing attempts,over,29.5,-125,34.3357292913,0.6363636364,0.0,0.5555555556,0.5203045685,0.5101522843,30.5,2,808.0808080808,14.5454545455,Calibration fitted; not prospectively validated,2026-09-26T13:04:50Z,2026-09-27T17:00:00Z,Sun 1:00 PM ET,Buffalo Bills,Los Angeles Chargers
b225458a282e140c44c45651255f2f6c,Los Angeles Chargers @ Buffalo Bills,Josh Allen,fanatics,Fanatics,pass_tds,Passing touchdowns,under,1.5,130,2.65,0.4821981424,0.0,0.4347826087,0.4084720121,0.4248366013,1.5,7,474.1553371921,10.9055727554,Calibration fitted; not prospectively validated,2026-09-26T13:04:50Z,2026-09-27T17:00:00Z,Sun 1:00 PM ET,Buffalo Bills,Los Angeles Chargers
b225458a282e140c44c45651255f2f6c,Los Angeles Chargers @ Buffalo Bills,Dalton Kincaid,draftkings,DraftKings,receptions,Receptions,over,4.5,-101,5.1676702672,0.5475728155,0.0,0.5024875622,0.4731704297,0.4632298853,4.5,5,450.8525334493,8.9724118043,Calibration fitted; not prospectively validated,2026-09-26T13:05:14Z,2026-09-27T17:00:00Z,Sun 1:00 PM ET,Buffalo Bills,Los Angeles Chargers
b225458a282e140c44c45651255f2f6c,Los Angeles Chargers @ Buffalo Bills,Khalil Shakir,draftkings,DraftKings,receptions,Receptions,under,3.5,129,3.2981462538,0.5408805031,0.0,0.4366812227,0.4122268025,0.4108833362,3.5,4,1041.9928043723,23.8616352201,Calibration fitted; not prospectively validated,2026-09-26T13:05:14Z,2026-09-27T17:00:00Z,Sun 1:00 PM ET,Buffalo Bills,Los Angeles Chargers
b225458a282e140c44c45651255f2f6c,Los Angeles Chargers @ Buffalo Bills,Quentin Johnston,draftkings,DraftKings,receptions,Receptions,under,2.5,136,2.7269847862,0.4579439252,0.0,0.4237288136,0.4002103295,0.3992516797,3.5,2,342.1511167432,8.0747663551,Calibration fitted; not prospectively validated,2026-09-26T13:05:14Z,2026-09-27T17:00:00Z,Sun 1:00 PM ET,Buffalo Bills,Los Angeles Chargers
b225458a282e140c44c45651255f2f6c,Los Angeles Chargers @ Buffalo Bills,Tre Harris,draftkings,DraftKings,receptions,Receptions,under,2.5,-105,2.0377066303,0.5475728155,0.0,0.512195122,0.4824089404,0.4592085979,2.5,5,353.7769358276,6.907073509,Calibration fitted; not prospectively validated,2026-09-26T13:05:14Z,2026-09-27T17:00:00Z,Sun 1:00 PM ET,Buffalo Bills,Los Angeles Chargers
b225458a282e140c44c45651255f2f6c,Los Angeles Chargers @ Buffalo Bills,Omarion Hampton,draftkings,DraftKings,receptions,Receptions,under,1.5,123,2.0831946579,0.4524271845,0.0,0.4484304933,0.4233170266,0.4419737714,1.5,6,39.9669119248,0.8912621359,Calibration fitted; not prospectively validated,2026-09-26T13:05:14Z,2026-09-27T17:00:00Z,Sun 1:00 PM ET,Buffalo Bills,Los Angeles Chargers
b225458a282e140c44c45651255f2f6c,Los Angeles Chargers @ Buffalo Bills,James Cook,draftkings,DraftKings,receptions,Receptions,under,1.5,121,1.5135277234,0.5,0.0,0.4524886878,0.427364808,0.427364808,1.5,5,475.1131221719,10.5,Calibration fitted; not prospectively validated,2026-09-26T13:05:14Z,2026-09-27T17:00:00Z,Sun 1:00 PM ET,Buffalo Bills,Los Angeles Chargers
b225458a282e140c44c45651255f2f6c,Los Angeles Chargers @ Buffalo Bills,Dawson Knox,draftkings,DraftKings,receptions,Receptions,over,1.5,125,3.0045473613,0.5789473684,0.0,0.4444444444,0.4193548387,0.4053409633,1.5,5,1345.0292397661,30.2631578947,Calibration fitted; not prospectively validated,2026-09-26T13:05:14Z,2026-09-27T17:00:00Z,Sun 1:00 PM ET,Buffalo Bills,Los Angeles Chargers
b225458a282e140c44c45651255f2f6c,Los Angeles Chargers @ Buffalo Bills,Omarion Hampton,draftkings,DraftKings,rush_attempts,Rushing attempts,under,15.5,-119,11.6548633893,0.5526315789,0.0,0.5433789954,0.5124828361,0.5203045685,15.5,4,92.5258351358,1.7027863777,Calibration fitted; not prospectively validated,2026-09-26T13:05:14Z,2026-09-27T17:00:00Z,Sun 1:00 PM ET,Buffalo Bills,Los Angeles Chargers
b225458a282e140c44c45651255f2f6c,Los Angeles Chargers @ Buffalo Bills,Josh Allen,draftkings,DraftKings,rush_attempts,Rushing attempts,under,7.5,108,8.6095013693,0.4915254237,0.0,0.4807692308,0.4540577822,0.4796954315,7.5,3,107.5619295958,2.2372881356,Calibration fitted; not prospectively validated,2026-09-26T13:05:14Z,2026-09-27T17:00:00Z,Sun 1:00 PM ET,Buffalo Bills,Los Angeles Chargers
b225458a282e140c44c45651255f2f6c,Los Angeles Chargers @ Buffalo Bills,Justin Herbert,draftkings,DraftKings,rush_attempts,Rushing attempts,under,3.5,122,4.4123613189,0.4915254237,0.0,0.4504504505,0.4256384577,0.4256384577,3.5,1,410.7497327836,9.1186440678,Calibration fitted; not prospectively validated,2026-09-26T13:05:14Z,2026-09-27T17:00:00Z,Sun 1:00 PM ET,Buffalo Bills,Los Angeles Chargers
b225458a282e140c44c45651255f2f6c,Los Angeles Chargers @ Buffalo Bills,Keaton Mitchell,draftkings,DraftKings,rush_yds,Rushing yards,over,13.5,-117,24.7479658111,0.5647668394,0.0,0.5391705069,0.5105400734,0.5103307654,14.5,2,255.963324658,4.7473539702,Calibration fitted; not prospectively validated,2026-09-26T13:05:14Z,2026-09-27T17:00:00Z,Sun 1:00 PM ET,Buffalo Bills,Los Angeles Chargers
b225458a282e140c44c45651255f2f6c,Los Angeles Chargers @ Buffalo Bills,Quentin Johnston,fanduel,FanDuel,receptions,Receptions,over,3.5,132,2.7269847862,0.4524271845,0.0,0.4310344828,0.402338775,0.3959708232,3.5,3,213.927017074,4.9631067961,Calibration fitted; not prospectively validated,2026-09-26T13:05:50Z,2026-09-27T17:00:00Z,Sun 1:00 PM ET,Buffalo Bills,Los Angeles Chargers
b225458a282e140c44c45651255f2f6c,Los Angeles Chargers @ Buffalo Bills,Tre Harris,fanduel,FanDuel,receptions,Receptions,under,2.5,108,2.0377066303,0.5475728155,0.0,0.4807692308,0.4489255225,0.4592085979,2.5,5,668.0358476475,13.8951456311,Calibration fitted; not prospectively validated,2026-09-26T13:05:50Z,2026-09-27T17:00:00Z,Sun 1:00 PM ET,Buffalo Bills,Los Angeles Chargers
b225458a282e140c44c45651255f2f6c,Los Angeles Chargers @ Buffalo Bills,Dalton Kincaid,fanduel,FanDuel,receptions,Receptions,over,4.5,106,5.1676702672,0.5475728155,0.0,0.4854368932,0.4542013626,0.4632298853,4.5,5,621.359223301,12.8,Calibration fitted; not prospectively validated,2026-09-26T13:05:50Z,2026-09-27T17:00:00Z,Sun 1:00 PM ET,Buffalo Bills,Los Angeles Chargers
b225458a282e140c44c45651255f2f6c,Los Angeles Chargers @ Buffalo Bills,James Cook,fanduel,FanDuel,receptions,Receptions,under,1.5,116,1.5135277234,0.5,0.0,0.462962963,0.4329742261,0.427364808,1.5,5,370.3703703704,8.0,Calibration fitted; not prospectively validated,2026-09-26T13:05:50Z,2026-09-27T17:00:00Z,Sun 1:00 PM ET,Buffalo Bills,Los Angeles Chargers
b225458a282e140c44c45651255f2f6c,Los Angeles Chargers @ Buffalo Bills,Dawson Knox,fanduel,FanDuel,receptions,Receptions,over,1.5,134,3.0045473613,0.5789473684,0.0,0.4273504274,0.3993154592,0.4053409633,1.5,5,1515.9694107063,35.4736842105,Calibration fitted; not prospectively validated,2026-09-26T13:05:50Z,2026-09-27T17:00:00Z,Sun 1:00 PM ET,Buffalo Bills,Los Angeles Chargers
b225458a282e140c44c45651255f2f6c,Los Angeles Chargers @ Buffalo Bills,Khalil Shakir,fanduel,FanDuel,receptions,Receptions,under,3.5,128,3.2981462538,0.5408805031,0.0,0.4385964912,0.4095398699,0.4108833362,3.5,4,1022.8401191658,23.320754717,Calibration fitted; not prospectively validated,2026-09-26T13:05:50Z,2026-09-27T17:00:00Z,Sun 1:00 PM ET,Buffalo Bills,Los Angeles Chargers
b225458a282e140c44c45651255f2f6c,Los Angeles Chargers @ Buffalo Bills,Keaton Mitchell,fanduel,FanDuel,rush_yds,Rushing yards,over,14.5,-114,24.7479658111,0.5647668394,0.0,0.5327102804,0.5,0.5,14.5,3,320.5655900441,6.0176347605,Calibration fitted; not prospectively validated,2026-09-26T13:05:50Z,2026-09-27T17:00:00Z,Sun 1:00 PM ET,Buffalo Bills,Los Angeles Chargers
b225458a282e140c44c45651255f2f6c,Los Angeles Chargers @ Buffalo Bills,Dalton Kincaid,betrivers,BetRivers,receptions,Receptions,over,4.5,123,5.1676702672,0.5475728155,0.0,0.4484304933,,0.4632298853,4.5,5,991.4232226044,22.1087378641,Calibration fitted; not prospectively validated,2026-09-26T13:05:47Z,2026-09-27T17:00:00Z,Sun 1:00 PM ET,Buffalo Bills,Los Angeles Chargers
b225458a282e140c44c45651255f2f6c,Los Angeles Chargers @ Buffalo Bills,Quentin Johnston,betrivers,BetRivers,receptions,Receptions,over,3.5,128,2.7269847862,0.4524271845,0.0,0.4385964912,,0.3959708232,3.5,3,138.3069323795,3.1533980583,Calibration fitted; not prospectively validated,2026-09-26T13:05:47Z,2026-09-27T17:00:00Z,Sun 1:00 PM ET,Buffalo Bills,Los Angeles Chargers
b225458a282e140c44c45651255f2f6c,Los Angeles Chargers @ Buffalo Bills,Ladd McConkey,betrivers,BetRivers,receptions,Receptions,over,4.5,-114,4.9383179661,0.5420560748,0.0,0.5327102804,,0.5481788843,4.5,5,93.4579439252,1.7543859649,Calibration fitted; not prospectively validated,2026-09-26T13:05:47Z,2026-09-27T17:00:00Z,Sun 1:00 PM ET,Buffalo Bills,Los Angeles Chargers
b225458a282e140c44c45651255f2f6c,Los Angeles Chargers @ Buffalo Bills,Keaton Mitchell,betrivers,BetRivers,rush_yds,Rushing yards,over,14.5,-114,24.7479658111,0.5647668394,0.0,0.5327102804,0.4989820847,0.5,14.5,3,320.5655900441,6.0176347605,Calibration fitted; not prospectively validated,2026-09-26T13:05:47Z,2026-09-27T17:00:00Z,Sun 1:00 PM ET,Buffalo Bills,Los Angeles Chargers
b225458a282e140c44c45651255f2f6c,Los Angeles Chargers @ Buffalo Bills,Quentin Johnston,betonlineag,BetOnline.ag,receptions,Receptions,over,3.5,146,2.7269847862,0.4524271845,0.0,0.406504065,0.3820389366,0.3959708232,3.5,3,459.2311942537,11.2970873786,Calibration fitted; not prospectively validated,2026-09-26T13:05:16Z,2026-09-27T17:00:00Z,Sun 1:00 PM ET,Buffalo Bills,Los Angeles Chargers
b225458a282e140c44c45651255f2f6c,Los Angeles Chargers @ Buffalo Bills,Tre Harris,betonlineag,BetOnline.ag,receptions,Receptions,under,2.5,105,2.0377066303,0.5475728155,0.0,0.487804878,0.4592085979,0.4592085979,2.5,5,597.679374852,12.2524271845,Calibration fitted; not prospectively validated,2026-09-26T13:05:16Z,2026-09-27T17:00:00Z,Sun 1:00 PM ET,Buffalo Bills,Los Angeles Chargers
b225458a282e140c44c45651255f2f6c,Los Angeles Chargers @ Buffalo Bills,Khalil Shakir,betonlineag,BetOnline.ag,receptions,Receptions,under,3.5,124,3.2981462538,0.5408805031,0.0,0.4464285714,0.419857152,0.4108833362,3.5,4,944.5193171608,21.1572327044,Calibration fitted; not prospectively validated,2026-09-26T13:05:16Z,2026-09-27T17:00:00Z,Sun 1:00 PM ET,Buffalo Bills,Los Angeles Chargers
b225458a282e140c44c45651255f2f6c,Los Angeles Chargers @ Buffalo Bills,Dalton Kincaid,betonlineag,BetOnline.ag,receptions,Receptions,over,4.5,103,5.1676702672,0.5475728155,0.0,0.4926108374,0.4632298853,0.4632298853,4.5,5,549.6197809556,11.1572815534,Calibration fitted; not prospectively validated,2026-09-26T13:05:16Z,2026-09-27T17:00:00Z,Sun 1:00 PM ET,Buffalo Bills,Los Angeles Chargers
b225458a282e140c44c45651255f2f6c,Los Angeles Chargers @ Buffalo Bills,James Cook,betonlineag,BetOnline.ag,receptions,Receptions,under,1.5,122,1.5135277234,0.5,0.0,0.4504504505,0.423216445,0.427364808,1.5,5,495.4954954955,11.0,Calibration fitted; not prospectively validated,2026-09-26T13:05:16Z,2026-09-27T17:00:00Z,Sun 1:00 PM ET,Buffalo Bills,Los Angeles Chargers
b225458a282e140c44c45651255f2f6c,Los Angeles Chargers @ Buffalo Bills,Dawson Knox,betonlineag,BetOnline.ag,receptions,Receptions,over,1.5,132,3.0045473613,0.5789473684,0.0,0.4310344828,0.4053409633,0.4053409633,1.5,5,1479.1288566243,34.3157894737,Calibration fitted; not prospectively validated,2026-09-26T13:05:16Z,2026-09-27T17:00:00Z,Sun 1:00 PM ET,Buffalo Bills,Los Angeles Chargers
b225458a282e140c44c45651255f2f6c,Los Angeles Chargers @ Buffalo Bills,James Cook,betonlineag,BetOnline.ag,rush_attempts,Rushing attempts,under,17.5,-120,13.9985707305,0.55,0.0,0.5454545455,0.5123152709,0.5203045685,17.5,5,45.4545454545,0.8333333333,Calibration fitted; not prospectively validated,2026-09-26T13:05:16Z,2026-09-27T17:00:00Z,Sun 1:00 PM ET,Buffalo Bills,Los Angeles Chargers
b225458a282e140c44c45651255f2f6c,Los Angeles Chargers @ Buffalo Bills,Keaton Mitchell,betonlineag,BetOnline.ag,rush_yds,Rushing yards,over,14.5,-116,24.7479658111,0.5647668394,0.0,0.537037037,0.5051597457,0.5,14.5,3,277.298023412,5.1634804359,Calibration fitted; not prospectively validated,2026-09-26T13:05:16Z,2026-09-27T17:00:00Z,Sun 1:00 PM ET,Buffalo Bills,Los Angeles Chargers
b225458a282e140c44c45651255f2f6c,Los Angeles Chargers @ Buffalo Bills,Quentin Johnston,betmgm,BetMGM,receptions,Receptions,over,3.5,135,2.7269847862,0.4524271845,0.0,0.4255319149,0.3959708232,0.3959708232,3.5,3,268.952695724,6.3203883495,Calibration fitted; not prospectively validated,2026-09-26T13:04:23Z,2026-09-27T17:00:00Z,Sun 1:00 PM ET,Buffalo Bills,Los Angeles Chargers
b225458a282e140c44c45651255f2f6c,Los Angeles Chargers @ Buffalo Bills,Dalton Kincaid,betmgm,BetMGM,receptions,Receptions,over,4.5,105,5.1676702672,0.5475728155,0.0,0.487804878,0.4554079696,0.4632298853,4.5,5,597.679374852,12.2524271845,Calibration fitted; not prospectively validated,2026-09-26T13:04:23Z,2026-09-27T17:00:00Z,Sun 1:00 PM ET,Buffalo Bills,Los Angeles Chargers
b225458a282e140c44c45651255f2f6c,Los Angeles Chargers @ Buffalo Bills,Tre Harris,betmgm,BetMGM,receptions,Receptions,under,2.5,105,2.0377066303,0.5475728155,0.0,0.487804878,0.4518211157,0.4592085979,2.5,5,597.679374852,12.2524271845,Calibration fitted; not prospectively validated,2026-09-26T13:04:23Z,2026-09-27T17:00:00Z,Sun 1:00 PM ET,Buffalo Bills,Los Angeles Chargers
b225458a282e140c44c45651255f2f6c,Los Angeles Chargers @ Buffalo Bills,Dawson Knox,betmgm,BetMGM,receptions,Receptions,over,1.5,138,3.0045473613,0.5789473684,0.0,0.4201680672,0.3907302614,0.4053409633,1.5,5,1587.7930119416,37.7894736842,Calibration fitted; not prospectively validated,2026-09-26T13:04:23Z,2026-09-27T17:00:00Z,Sun 1:00 PM ET,Buffalo Bills,Los Angeles Chargers
b225458a282e140c44c45651255f2f6c,Los Angeles Chargers @ Buffalo Bills,James Cook,betmgm,BetMGM,receptions,Receptions,under,1.5,115,1.5135277234,0.5,0.0,0.4651162791,0.4334891628,0.427364808,1.5,5,348.8372093023,7.5,Calibration fitted; not prospectively validated,2026-09-26T13:04:23Z,2026-09-27T17:00:00Z,Sun 1:00 PM ET,Buffalo Bills,Los Angeles Chargers
b225458a282e140c44c45651255f2f6c,Los Angeles Chargers @ Buffalo Bills,Dalton Kincaid,bovada,Bovada,receptions,Receptions,over,4.5,100,5.1676702672,0.5475728155,0.0,0.5,0.4693877551,0.4632298853,4.5,5,475.7281553398,9.5145631068,Calibration fitted; not prospectively validated,2026-09-26T13:05:35Z,2026-09-27T17:00:00Z,Sun 1:00 PM ET,Buffalo Bills,Los Angeles Chargers
b225458a282e140c44c45651255f2f6c,Los Angeles Chargers @ Buffalo Bills,Dawson Knox,bovada,Bovada,receptions,Receptions,over,1.5,125,3.0045473613,0.5789473684,0.0,0.4444444444,0.416502947,0.4053409633,1.5,5,1345.0292397661,30.2631578947,Calibration fitted; not prospectively validated,2026-09-26T13:05:35Z,2026-09-27T17:00:00Z,Sun 1:00 PM ET,Buffalo Bills,Los Angeles Chargers
b225458a282e140c44c45651255f2f6c,Los Angeles Chargers @ Buffalo Bills,James Cook,bovada,Bovada,receptions,Receptions,under,1.5,120,1.5135277234,0.5,0.0,0.4545454545,0.4248366013,0.427364808,1.5,5,454.5454545455,10.0,Calibration fitted; not prospectively validated,2026-09-26T13:05:35Z,2026-09-27T17:00:00Z,Sun 1:00 PM ET,Buffalo Bills,Los Angeles Chargers
b225458a282e140c44c45651255f2f6c,Los Angeles Chargers @ Buffalo Bills,Khalil Shakir,bovada,Bovada,receptions,Receptions,under,3.5,130,3.2981462538,0.5408805031,0.0,0.4347826087,0.4084720121,0.4108833362,3.5,4,1060.97894449,24.4025157233,Calibration fitted; not prospectively validated,2026-09-26T13:05:35Z,2026-09-27T17:00:00Z,Sun 1:00 PM ET,Buffalo Bills,Los Angeles Chargers
b225458a282e140c44c45651255f2f6c,Los Angeles Chargers @ Buffalo Bills,Quentin Johnston,bovada,Bovada,receptions,Receptions,under,2.5,135,2.7269847862,0.4579439252,0.0,0.4255319149,0.3982930299,0.3992516797,3.5,2,324.1201034003,7.6168224299,Calibration fitted; not prospectively validated,2026-09-26T13:05:35Z,2026-09-27T17:00:00Z,Sun 1:00 PM ET,Buffalo Bills,Los Angeles Chargers
b225458a282e140c44c45651255f2f6c,Los Angeles Chargers @ Buffalo Bills,Tre Harris,bovada,Bovada,receptions,Receptions,under,2.5,-105,2.0377066303,0.5475728155,0.0,0.512195122,0.4796954315,0.4592085979,2.5,5,353.7769358276,6.907073509,Calibration fitted; not prospectively validated,2026-09-26T13:05:35Z,2026-09-27T17:00:00Z,Sun 1:00 PM ET,Buffalo Bills,Los Angeles Chargers
b225458a282e140c44c45651255f2f6c,Los Angeles Chargers @ Buffalo Bills,Keaton Mitchell,bovada,Bovada,rush_yds,Rushing yards,over,13.5,-120,24.7479658111,0.5647668394,0.0,0.5454545455,0.5101214575,0.5103307654,14.5,2,193.1229392369,3.5405872193,Calibration fitted; not prospectively validated,2026-09-26T13:05:35Z,2026-09-27T17:00:00Z,Sun 1:00 PM ET,Buffalo Bills,Los Angeles Chargers
613b8cd3a5fab58f7be4e3fd6f76223e,Carolina Panthers @ Cleveland Browns,Bryce Young,draftkings,DraftKings,pass_tds,Passing touchdowns,over,1.5,127,2.82,0.5333333333,0.0,0.4405286344,0.415475269,0.4248366013,1.5,7,928.046989721,21.0666666667,Calibration fitted; not prospectively validated,2026-09-26T13:05:34Z,2026-09-27T17:00:00Z,Sun 1:00 PM ET,Cleveland Browns,Carolina Panthers
613b8cd3a5fab58f7be4e3fd6f76223e,Carolina Panthers @ Cleveland Browns,Deshaun Watson,draftkings,DraftKings,pass_tds,Passing touchdowns,over,1.5,173,1.59,0.5,0.0,0.3663003663,0.346331452,0.3467012875,1.5,4,1336.9963369963,36.5,Calibration fitted; not prospectively validated,2026-09-26T13:05:34Z,2026-09-27T17:00:00Z,Sun 1:00 PM ET,Cleveland Browns,Carolina Panthers
613b8cd3a5fab58f7be4e3fd6f76223e,Carolina Panthers @ Cleveland Browns,Bryce Young,fanduel,FanDuel,pass_tds,Passing touchdowns,over,1.5,114,2.82,0.5333333333,0.0,0.4672897196,0.4365299335,0.4248366013,1.5,7,660.4361370717,14.1333333333,Calibration fitted; not prospectively validated,2026-09-26T13:05:52Z,2026-09-27T17:00:00Z,Sun 1:00 PM ET,Cleveland Browns,Carolina Panthers
613b8cd3a5fab58f7be4e3fd6f76223e,Carolina Panthers @ Cleveland Browns,Deshaun Watson,fanduel,FanDuel,pass_tds,Passing touchdowns,over,1.5,168,1.59,0.5,0.0,0.3731343284,0.3486897718,0.3467012875,1.5,4,1268.6567164179,34.0,Calibration fitted; not prospectively validated,2026-09-26T13:05:52Z,2026-09-27T17:00:00Z,Sun 1:00 PM ET,Cleveland Browns,Carolina Panthers
613b8cd3a5fab58f7be4e3fd6f76223e,Carolina Panthers @ Cleveland Browns,Bryce Young,betrivers,BetRivers,pass_tds,Passing touchdowns,over,1.5,133,2.82,0.5333333333,0.0,0.4291845494,0.4003431513,0.4248366013,1.5,7,1041.4878397711,24.2666666667,Calibration fitted; not prospectively validated,2026-09-26T13:04:56Z,2026-09-27T17:00:00Z,Sun 1:00 PM ET,Cleveland Browns,Carolina Panthers
613b8cd3a5fab58f7be4e3fd6f76223e,Carolina Panthers @ Cleveland Browns,Deshaun Watson,betrivers,BetRivers,pass_tds,Passing touchdowns,over,1.5,170,1.59,0.5,0.0,0.3703703704,0.3455389376,0.3467012875,1.5,4,1296.2962962963,35.0,Calibration fitted; not prospectively validated,2026-09-26T13:04:56Z,2026-09-27T17:00:00Z,Sun 1:00 PM ET,Cleveland Browns,Carolina Panthers
613b8cd3a5fab58f7be4e3fd6f76223e,Carolina Panthers @ Cleveland Browns,Bryce Young,betonlineag,BetOnline.ag,pass_tds,Passing touchdowns,over,1.5,113,2.82,0.5333333333,0.0,0.4694835681,0.4409848066,0.4248366013,1.5,7,638.4976525822,13.6,Calibration fitted; not prospectively validated,2026-09-26T13:05:34Z,2026-09-27T17:00:00Z,Sun 1:00 PM ET,Cleveland Browns,Carolina Panthers
613b8cd3a5fab58f7be4e3fd6f76223e,Carolina Panthers @ Cleveland Browns,Deshaun Watson,betonlineag,BetOnline.ag,pass_tds,Passing touchdowns,over,1.5,171,1.59,0.5,0.0,0.36900369,0.347071123,0.3467012875,1.5,4,1309.963099631,35.5,Calibration fitted; not prospectively validated,2026-09-26T13:05:34Z,2026-09-27T17:00:00Z,Sun 1:00 PM ET,Cleveland Browns,Carolina Panthers
613b8cd3a5fab58f7be4e3fd6f76223e,Carolina Panthers @ Cleveland Browns,Bryce Young,betmgm,BetMGM,pass_tds,Passing touchdowns,over,1.5,120,2.82,0.5333333333,0.0,0.4545454545,0.4248366013,0.4248366013,1.5,7,787.8787878788,17.3333333333,Calibration fitted; not prospectively validated,2026-09-26T13:04:55Z,2026-09-27T17:00:00Z,Sun 1:00 PM ET,Cleveland Browns,Carolina Panthers
613b8cd3a5fab58f7be4e3fd6f76223e,Carolina Panthers @ Cleveland Browns,Deshaun Watson,betmgm,BetMGM,pass_tds,Passing touchdowns,under,0.5,200,1.59,0.4666666667,0.0,0.3333333333,0.3125,0.3125,1.5,1,1333.3333333333,40.0,Calibration fitted; not prospectively validated,2026-09-26T13:04:55Z,2026-09-27T17:00:00Z,Sun 1:00 PM ET,Cleveland Browns,Carolina Panthers
613b8cd3a5fab58f7be4e3fd6f76223e,Carolina Panthers @ Cleveland Browns,Bryce Young,bovada,Bovada,pass_tds,Passing touchdowns,over,1.5,125,2.82,0.5333333333,0.0,0.4444444444,0.416502947,0.4248366013,1.5,7,888.8888888889,20.0,Calibration fitted; not prospectively validated,2026-09-26T13:04:27Z,2026-09-27T17:00:00Z,Sun 1:00 PM ET,Cleveland Browns,Carolina Panthers
613b8cd3a5fab58f7be4e3fd6f76223e,Carolina Panthers @ Cleveland Browns,Bryce Young,fanatics,Fanatics,pass_tds,Passing touchdowns,over,1.5,110,2.82,0.5333333333,0.0,0.4761904762,0.4458598726,0.4248366013,1.5,7,571.4285714286,12.0,Calibration fitted; not prospectively validated,2026-09-26T13:04:48Z,2026-09-27T17:00:00Z,Sun 1:00 PM ET,Cleveland Browns,Carolina Panthers
613b8cd3a5fab58f7be4e3fd6f76223e,Carolina Panthers @ Cleveland Browns,Jalen Coker,draftkings,DraftKings,receptions,Receptions,under,4.5,119,4.9464224431,0.4579439252,0.0,0.4566210046,0.4308576118,0.4308576118,4.5,3,13.2292066743,0.2897196262,Calibration fitted; not prospectively validated,2026-09-26T13:05:34Z,2026-09-27T17:00:00Z,Sun 1:00 PM ET,Cleveland Browns,Carolina Panthers
613b8cd3a5fab58f7be4e3fd6f76223e,Carolina Panthers @ Cleveland Browns,Tetairoa McMillan,draftkings,DraftKings,receptions,Receptions,under,4.5,100,3.3391842684,0.5475728155,0.0,0.5,0.4719334719,0.4693877551,4.5,5,475.7281553398,9.5145631068,Calibration fitted; not prospectively validated,2026-09-26T13:05:34Z,2026-09-27T17:00:00Z,Sun 1:00 PM ET,Cleveland Browns,Carolina Panthers
613b8cd3a5fab58f7be4e3fd6f76223e,Carolina Panthers @ Cleveland Browns,Denzel Boston,draftkings,DraftKings,receptions,Receptions,under,3.5,-114,3.1966768629,0.5408805031,0.0,0.5327102804,0.5031375502,0.5031375502,3.5,5,81.7022277082,1.533708485,Calibration fitted; not prospectively validated,2026-09-26T13:05:34Z,2026-09-27T17:00:00Z,Sun 1:00 PM ET,Cleveland Browns,Carolina Panthers
613b8cd3a5fab58f7be4e3fd6f76223e,Carolina Panthers @ Cleveland Browns,Quinshon Judkins,draftkings,DraftKings,receptions,Receptions,over,2.5,-108,2.7235874825,0.5408805031,0.0,0.5192307692,0.4896023956,0.4896023956,2.5,5,216.4973391388,4.1695783834,Calibration fitted; not prospectively validated,2026-09-26T13:05:34Z,2026-09-27T17:00:00Z,Sun 1:00 PM ET,Cleveland Browns,Carolina Panthers
613b8cd3a5fab58f7be4e3fd6f76223e,Carolina Panthers @ Cleveland Browns,Darren Waller,draftkings,DraftKings,receptions,Receptions,over,2.5,113,3.7337842259,0.5475728155,0.0,0.4694835681,0.4423580392,0.4395196309,2.5,6,780.8924745886,16.6330097087,Calibration fitted; not prospectively validated,2026-09-26T13:05:34Z,2026-09-27T17:00:00Z,Sun 1:00 PM ET,Cleveland Browns,Carolina Panthers
613b8cd3a5fab58f7be4e3fd6f76223e,Carolina Panthers @ Cleveland Browns,Tommy Tremble,draftkings,DraftKings,receptions,Receptions,under,1.5,-107,1.3886230389,0.5408805031,0.0,0.5169082126,0.4875171639,0.4875171639,1.5,5,239.7229058427,4.6376300476,Calibration fitted; not prospectively validated,2026-09-26T13:05:34Z,2026-09-27T17:00:00Z,Sun 1:00 PM ET,Cleveland Browns,Carolina Panthers
613b8cd3a5fab58f7be4e3fd6f76223e,Carolina Panthers @ Cleveland Browns,Xavier Legette,draftkings,DraftKings,receptions,Receptions,over,1.5,112,1.9583658235,0.5475728155,0.0,0.4716981132,0.4456393636,0.4458598726,1.5,3,758.7470232643,16.0854368932,Calibration fitted; not prospectively validated,2026-09-26T13:05:34Z,2026-09-27T17:00:00Z,Sun 1:00 PM ET,Cleveland Browns,Carolina Panthers
613b8cd3a5fab58f7be4e3fd6f76223e,Carolina Panthers @ Cleveland Browns,Chuba Hubbard,draftkings,DraftKings,rush_attempts,Rushing attempts,under,17.5,-123,10.9371632246,0.5945945946,0.0,0.5515695067,0.5196752547,0.5196752547,17.5,3,430.2508786814,7.8004834102,Calibration fitted; not prospectively validated,2026-09-26T13:05:34Z,2026-09-27T17:00:00Z,Sun 1:00 PM ET,Cleveland Browns,Carolina Panthers
613b8cd3a5fab58f7be4e3fd6f76223e,Carolina Panthers @ Cleveland Browns,Quinshon Judkins,draftkings,DraftKings,rush_attempts,Rushing attempts,under,16.5,-126,11.2617417982,0.5945945946,0.0,0.5575221239,0.5259594617,0.5259594617,16.5,3,370.7247070079,6.6495066495,Calibration fitted; not prospectively validated,2026-09-26T13:05:34Z,2026-09-27T17:00:00Z,Sun 1:00 PM ET,Cleveland Browns,Carolina Panthers
613b8cd3a5fab58f7be4e3fd6f76223e,Carolina Panthers @ Cleveland Browns,Chuba Hubbard,draftkings,DraftKings,rush_yds,Rushing yards,under,69.5,-110,45.4667181571,0.5647668394,0.0,0.5238095238,0.4957877001,0.49789385,70.5,2,409.5731556871,7.8191238813,Calibration fitted; not prospectively validated,2026-09-26T13:05:34Z,2026-09-27T17:00:00Z,Sun 1:00 PM ET,Cleveland Browns,Carolina Panthers
613b8cd3a5fab58f7be4e3fd6f76223e,Carolina Panthers @ Cleveland Browns,Quinshon Judkins,draftkings,DraftKings,rush_yds,Rushing yards,under,61.5,-115,37.9777528652,0.5647668394,0.0,0.5348837209,0.5063197809,0.5063197809,61.0,3,298.8311844801,5.5868438838,Calibration fitted; not prospectively validated,2026-09-26T13:05:34Z,2026-09-27T17:00:00Z,Sun 1:00 PM ET,Cleveland Browns,Carolina Panthers
613b8cd3a5fab58f7be4e3fd6f76223e,Carolina Panthers @ Cleveland Browns,Raheim Sanders,draftkings,DraftKings,rush_yds,Rushing yards,over,7.5,-119,19.748294167,0.5647668394,0.0,0.5433789954,0.5136188401,0.5051597457,7.5,5,213.8784394445,3.9360822049,Calibration fitted; not prospectively validated,2026-09-26T13:05:34Z,2026-09-27T17:00:00Z,Sun 1:00 PM ET,Cleveland Browns,Carolina Panthers
613b8cd3a5fab58f7be4e3fd6f76223e,Carolina Panthers @ Cleveland Browns,KC Concepcion,draftkings,DraftKings,rush_yds,Rushing yards,over,5.5,-116,15.1952454653,0.5647668394,0.0,0.537037037,0.5073240144,0.4969864995,5.5,5,277.298023412,5.1634804359,Calibration fitted; not prospectively validated,2026-09-26T13:05:34Z,2026-09-27T17:00:00Z,Sun 1:00 PM ET,Cleveland Browns,Carolina Panthers
613b8cd3a5fab58f7be4e3fd6f76223e,Carolina Panthers @ Cleveland Browns,Quinshon Judkins,fanduel,FanDuel,receptions,Receptions,over,2.5,106,2.7235874825,0.5408805031,0.0,0.4854368932,0.4542013626,0.4896023956,2.5,5,554.4360994077,11.4213836478,Calibration fitted; not prospectively validated,2026-09-26T13:05:52Z,2026-09-27T17:00:00Z,Sun 1:00 PM ET,Cleveland Browns,Carolina Panthers
613b8cd3a5fab58f7be4e3fd6f76223e,Carolina Panthers @ Cleveland Browns,Tommy Tremble,fanduel,FanDuel,receptions,Receptions,under,1.5,104,1.3886230389,0.5408805031,0.0,0.4901960784,0.4581151832,0.4875171639,1.5,5,506.8442471328,10.3396226415,Calibration fitted; not prospectively validated,2026-09-26T13:05:52Z,2026-09-27T17:00:00Z,Sun 1:00 PM ET,Cleveland Browns,Carolina Panthers
613b8cd3a5fab58f7be4e3fd6f76223e,Carolina Panthers @ Cleveland Browns,Tetairoa McMillan,fanduel,FanDuel,receptions,Receptions,under,4.5,-102,3.3391842684,0.5475728155,0.0,0.504950495,0.471842317,0.4693877551,4.5,5,426.2232048448,8.4408909195,Calibration fitted; not prospectively validated,2026-09-26T13:05:52Z,2026-09-27T17:00:00Z,Sun 1:00 PM ET,Cleveland Browns,Carolina Panthers
613b8cd3a5fab58f7be4e3fd6f76223e,Carolina Panthers @ Cleveland Browns,Denzel Boston,fanduel,FanDuel,receptions,Receptions,under,3.5,-114,3.1966768629,0.5408805031,0.0,0.5327102804,0.5,0.5031375502,3.5,5,81.7022277082,1.533708485,Calibration fitted; not prospectively validated,2026-09-26T13:05:52Z,2026-09-27T17:00:00Z,Sun 1:00 PM ET,Cleveland Browns,Carolina Panthers
613b8cd3a5fab58f7be4e3fd6f76223e,Carolina Panthers @ Cleveland Browns,Jalen Coker,fanduel,FanDuel,receptions,Receptions,over,5.5,130,4.9464224431,0.4524271845,0.0,0.4347826087,0.4064075942,0.4077043293,4.5,2,176.4457577037,4.0582524272,Calibration fitted; not prospectively validated,2026-09-26T13:05:52Z,2026-09-27T17:00:00Z,Sun 1:00 PM ET,Cleveland Browns,Carolina Panthers
613b8cd3a5fab58f7be4e3fd6f76223e,Carolina Panthers @ Cleveland Browns,Darren Waller,fanduel,FanDuel,receptions,Receptions,over,2.5,110,3.7337842259,0.5475728155,0.0,0.4761904762,0.4451682953,0.4395196309,2.5,6,713.823393435,14.9902912621,Calibration fitted; not prospectively validated,2026-09-26T13:05:52Z,2026-09-27T17:00:00Z,Sun 1:00 PM ET,Cleveland Browns,Carolina Panthers
613b8cd3a5fab58f7be4e3fd6f76223e,Carolina Panthers @ Cleveland Browns,Quinshon Judkins,fanduel,FanDuel,rush_yds,Rushing yards,under,59.5,-114,37.9777528652,0.5647668394,0.0,0.5327102804,0.5,0.5051290468,61.0,2,320.5655900441,6.0176347605,Calibration fitted; not prospectively validated,2026-09-26T13:05:52Z,2026-09-27T17:00:00Z,Sun 1:00 PM ET,Cleveland Browns,Carolina Panthers
613b8cd3a5fab58f7be4e3fd6f76223e,Carolina Panthers @ Cleveland Browns,Raheim Sanders,fanduel,FanDuel,rush_yds,Rushing yards,over,7.5,-114,19.748294167,0.5647668394,0.0,0.5327102804,0.5,0.5051597457,7.5,5,320.5655900441,6.0176347605,Calibration fitted; not prospectively validated,2026-09-26T13:05:52Z,2026-09-27T17:00:00Z,Sun 1:00 PM ET,Cleveland Browns,Carolina Panthers
613b8cd3a5fab58f7be4e3fd6f76223e,Carolina Panthers @ Cleveland Browns,Chuba Hubbard,fanduel,FanDuel,rush_yds,Rushing yards,under,71.5,-114,45.4667181571,0.5647668394,0.0,0.5327102804,0.5,0.5061576355,70.5,2,320.5655900441,6.0176347605,Calibration fitted; not prospectively validated,2026-09-26T13:05:52Z,2026-09-27T17:00:00Z,Sun 1:00 PM ET,Cleveland Browns,Carolina Panthers
613b8cd3a5fab58f7be4e3fd6f76223e,Carolina Panthers @ Cleveland Browns,KC Concepcion,fanduel,FanDuel,rush_yds,Rushing yards,over,5.5,-102,15.1952454653,0.5647668394,0.0,0.504950495,0.4735298909,0.4969864995,5.5,5,598.1634432873,11.8459819161,Calibration fitted; not prospectively validated,2026-09-26T13:05:52Z,2026-09-27T17:00:00Z,Sun 1:00 PM ET,Cleveland Browns,Carolina Panthers
613b8cd3a5fab58f7be4e3fd6f76223e,Carolina Panthers @ Cleveland Browns,Darren Waller,betrivers,BetRivers,receptions,Receptions,over,2.5,-105,3.7337842259,0.5475728155,0.0,0.512195122,,0.4395196309,2.5,6,353.7769358276,6.907073509,Calibration fitted; not prospectively validated,2026-09-26T13:04:56Z,2026-09-27T17:00:00Z,Sun 1:00 PM ET,Cleveland Browns,Carolina Panthers
613b8cd3a5fab58f7be4e3fd6f76223e,Carolina Panthers @ Cleveland Browns,Quinshon Judkins,betrivers,BetRivers,receptions,Receptions,over,2.5,-112,2.7235874825,0.5408805031,0.0,0.5283018868,,0.4896023956,2.5,5,125.786163522,2.380952381,Calibration fitted; not prospectively validated,2026-09-26T13:04:56Z,2026-09-27T17:00:00Z,Sun 1:00 PM ET,Cleveland Browns,Carolina Panthers
613b8cd3a5fab58f7be4e3fd6f76223e,Carolina Panthers @ Cleveland Browns,Xavier Legette,betrivers,BetRivers,receptions,Receptions,over,1.5,-108,1.9583658235,0.5475728155,0.0,0.5192307692,,0.4458598726,1.5,3,283.4204630321,5.4584681769,Calibration fitted; not prospectively validated,2026-09-26T13:04:56Z,2026-09-27T17:00:00Z,Sun 1:00 PM ET,Cleveland Browns,Carolina Panthers
613b8cd3a5fab58f7be4e3fd6f76223e,Carolina Panthers @ Cleveland Browns,Raheim Sanders,betrivers,BetRivers,rush_yds,Rushing yards,over,7.5,-114,19.748294167,0.5647668394,0.0,0.5327102804,0.4969864995,0.5051597457,7.5,5,320.5655900441,6.0176347605,Calibration fitted; not prospectively validated,2026-09-26T13:04:56Z,2026-09-27T17:00:00Z,Sun 1:00 PM ET,Cleveland Browns,Carolina Panthers
613b8cd3a5fab58f7be4e3fd6f76223e,Carolina Panthers @ Cleveland Browns,Chuba Hubbard,betrivers,BetRivers,rush_yds,Rushing yards,under,70.5,-118,45.4667181571,0.5647668394,0.0,0.5412844037,0.5050233081,0.5025116541,70.5,2,234.8243570851,4.3382804953,Calibration fitted; not prospectively validated,2026-09-26T13:04:56Z,2026-09-27T17:00:00Z,Sun 1:00 PM ET,Cleveland Browns,Carolina Panthers
613b8cd3a5fab58f7be4e3fd6f76223e,Carolina Panthers @ Cleveland Browns,Quinshon Judkins,betrivers,BetRivers,rush_yds,Rushing yards,under,60.5,-117,37.9777528652,0.5647668394,0.0,0.5391705069,0.5030135005,0.5030135005,61.0,1,255.963324658,4.7473539702,Calibration fitted; not prospectively validated,2026-09-26T13:04:56Z,2026-09-27T17:00:00Z,Sun 1:00 PM ET,Cleveland Browns,Carolina Panthers
613b8cd3a5fab58f7be4e3fd6f76223e,Carolina Panthers @ Cleveland Browns,KC Concepcion,betrivers,BetRivers,rush_yds,Rushing yards,over,5.5,-114,15.1952454653,0.5647668394,0.0,0.5327102804,0.4969864995,0.4969864995,5.5,5,320.5655900441,6.0176347605,Calibration fitted; not prospectively validated,2026-09-26T13:04:56Z,2026-09-27T17:00:00Z,Sun 1:00 PM ET,Cleveland Browns,Carolina Panthers
613b8cd3a5fab58f7be4e3fd6f76223e,Carolina Panthers @ Cleveland Browns,Darren Waller,betonlineag,BetOnline.ag,receptions,Receptions,over,2.5,117,3.7337842259,0.5475728155,0.0,0.4608294931,0.4331087584,0.4395196309,2.5,6,867.4332244642,18.8233009709,Calibration fitted; not prospectively validated,2026-09-26T13:05:34Z,2026-09-27T17:00:00Z,Sun 1:00 PM ET,Cleveland Browns,Carolina Panthers
613b8cd3a5fab58f7be4e3fd6f76223e,Carolina Panthers @ Cleveland Browns,Jalen Coker,betonlineag,BetOnline.ag,receptions,Receptions,over,5.5,130,4.9464224431,0.4524271845,0.0,0.4347826087,0.4090010643,0.4077043293,4.5,2,176.4457577037,4.0582524272,Calibration fitted; not prospectively validated,2026-09-26T13:05:34Z,2026-09-27T17:00:00Z,Sun 1:00 PM ET,Cleveland Browns,Carolina Panthers
613b8cd3a5fab58f7be4e3fd6f76223e,Carolina Panthers @ Cleveland Browns,Tetairoa McMillan,betonlineag,BetOnline.ag,receptions,Receptions,under,4.5,100,3.3391842684,0.5475728155,0.0,0.5,0.4693877551,0.4693877551,4.5,5,475.7281553398,9.5145631068,Calibration fitted; not prospectively validated,2026-09-26T13:05:34Z,2026-09-27T17:00:00Z,Sun 1:00 PM ET,Cleveland Browns,Carolina Panthers
613b8cd3a5fab58f7be4e3fd6f76223e,Carolina Panthers @ Cleveland Browns,Quinshon Judkins,betonlineag,BetOnline.ag,receptions,Receptions,over,2.5,-101,2.7235874825,0.5408805031,0.0,0.5024875622,0.4723111002,0.4896023956,2.5,5,383.929409556,7.6405753783,Calibration fitted; not prospectively validated,2026-09-26T13:05:34Z,2026-09-27T17:00:00Z,Sun 1:00 PM ET,Cleveland Browns,Carolina Panthers
613b8cd3a5fab58f7be4e3fd6f76223e,Carolina Panthers @ Cleveland Browns,Tommy Tremble,betonlineag,BetOnline.ag,receptions,Receptions,under,1.5,-102,1.3886230389,0.5408805031,0.0,0.504950495,0.4743894444,0.4875171639,1.5,5,359.3000809515,7.1155506228,Calibration fitted; not prospectively validated,2026-09-26T13:05:34Z,2026-09-27T17:00:00Z,Sun 1:00 PM ET,Cleveland Browns,Carolina Panthers
613b8cd3a5fab58f7be4e3fd6f76223e,Carolina Panthers @ Cleveland Browns,Xavier Legette,betonlineag,BetOnline.ag,receptions,Receptions,over,1.5,100,1.9583658235,0.5475728155,0.0,0.5,0.4693877551,0.4458598726,1.5,3,475.7281553398,9.5145631068,Calibration fitted; not prospectively validated,2026-09-26T13:05:34Z,2026-09-27T17:00:00Z,Sun 1:00 PM ET,Cleveland Browns,Carolina Panthers
613b8cd3a5fab58f7be4e3fd6f76223e,Carolina Panthers @ Cleveland Browns,Chuba Hubbard,betonlineag,BetOnline.ag,rush_attempts,Rushing attempts,under,17.5,-135,10.9371632246,0.5945945946,0.0,0.5744680851,0.5395768025,0.5196752547,17.5,3,201.2650948821,3.5035035035,Calibration fitted; not prospectively validated,2026-09-26T13:05:34Z,2026-09-27T17:00:00Z,Sun 1:00 PM ET,Cleveland Browns,Carolina Panthers
613b8cd3a5fab58f7be4e3fd6f76223e,Carolina Panthers @ Cleveland Browns,Quinshon Judkins,betonlineag,BetOnline.ag,rush_attempts,Rushing attempts,under,16.5,-130,11.2617417982,0.5945945946,0.0,0.5652173913,0.5306122449,0.5259594617,16.5,3,293.7720329025,5.1975051975,Calibration fitted; not prospectively validated,2026-09-26T13:05:34Z,2026-09-27T17:00:00Z,Sun 1:00 PM ET,Cleveland Browns,Carolina Panthers
613b8cd3a5fab58f7be4e3fd6f76223e,Carolina Panthers @ Cleveland Browns,Chuba Hubbard,betonlineag,BetOnline.ag,rush_yds,Rushing yards,under,71.5,-120,45.4667181571,0.5647668394,0.0,0.5454545455,0.5123152709,0.5061576355,70.5,2,193.1229392369,3.5405872193,Calibration fitted; not prospectively validated,2026-09-26T13:05:34Z,2026-09-27T17:00:00Z,Sun 1:00 PM ET,Cleveland Browns,Carolina Panthers
613b8cd3a5fab58f7be4e3fd6f76223e,Carolina Panthers @ Cleveland Browns,Quinshon Judkins,betonlineag,BetOnline.ag,rush_yds,Rushing yards,under,59.5,-119,37.9777528652,0.5647668394,0.0,0.5433789954,0.5102580936,0.5051290468,61.0,2,213.8784394445,3.9360822049,Calibration fitted; not prospectively validated,2026-09-26T13:05:34Z,2026-09-27T17:00:00Z,Sun 1:00 PM ET,Cleveland Browns,Carolina Panthers
613b8cd3a5fab58f7be4e3fd6f76223e,Carolina Panthers @ Cleveland Browns,KC Concepcion,betonlineag,BetOnline.ag,rush_yds,Rushing yards,over,5.5,-108,15.1952454653,0.5647668394,0.0,0.5192307692,0.4876847291,0.4969864995,5.5,5,455.3607014747,8.7699098062,Calibration fitted; not prospectively validated,2026-09-26T13:05:34Z,2026-09-27T17:00:00Z,Sun 1:00 PM ET,Cleveland Browns,Carolina Panthers
613b8cd3a5fab58f7be4e3fd6f76223e,Carolina Panthers @ Cleveland Browns,Raheim Sanders,betonlineag,BetOnline.ag,rush_yds,Rushing yards,over,7.5,-116,19.748294167,0.5647668394,0.0,0.537037037,0.5051597457,0.5051597457,7.5,5,277.298023412,5.1634804359,Calibration fitted; not prospectively validated,2026-09-26T13:05:34Z,2026-09-27T17:00:00Z,Sun 1:00 PM ET,Cleveland Browns,Carolina Panthers
613b8cd3a5fab58f7be4e3fd6f76223e,Carolina Panthers @ Cleveland Browns,Quinshon Judkins,betmgm,BetMGM,recv_yds,Receiving yards,over,14.5,100,20.6813435007,0.5010141988,0.0,0.5,0.4653465347,0.4653465347,12.5,1,10.1419878296,0.2028397566,Calibration fitted; not prospectively validated,2026-09-26T13:04:55Z,2026-09-27T17:00:00Z,Sun 1:00 PM ET,Cleveland Browns,Carolina Panthers
613b8cd3a5fab58f7be4e3fd6f76223e,Carolina Panthers @ Cleveland Browns,Darren Waller,betmgm,BetMGM,receptions,Receptions,over,2.5,130,3.7337842259,0.5475728155,0.0,0.4347826087,0.405904059,0.4395196309,2.5,6,1127.9020683833,25.9417475728,Calibration fitted; not prospectively validated,2026-09-26T13:04:55Z,2026-09-27T17:00:00Z,Sun 1:00 PM ET,Cleveland Browns,Carolina Panthers
613b8cd3a5fab58f7be4e3fd6f76223e,Carolina Panthers @ Cleveland Browns,Quinshon Judkins,betmgm,BetMGM,receptions,Receptions,over,2.5,-115,2.7235874825,0.5408805031,0.0,0.5348837209,0.5,0.4896023956,2.5,5,59.9678221442,1.1211375444,Calibration fitted; not prospectively validated,2026-09-26T13:04:55Z,2026-09-27T17:00:00Z,Sun 1:00 PM ET,Cleveland Browns,Carolina Panthers
613b8cd3a5fab58f7be4e3fd6f76223e,Carolina Panthers @ Cleveland Browns,Tetairoa McMillan,betmgm,BetMGM,receptions,Receptions,under,4.5,100,3.3391842684,0.5475728155,0.0,0.5,0.4653465347,0.4693877551,4.5,5,475.7281553398,9.5145631068,Calibration fitted; not prospectively validated,2026-09-26T13:04:55Z,2026-09-27T17:00:00Z,Sun 1:00 PM ET,Cleveland Browns,Carolina Panthers
613b8cd3a5fab58f7be4e3fd6f76223e,Carolina Panthers @ Cleveland Browns,Quinshon Judkins,betmgm,BetMGM,rush_attempts,Rushing attempts,under,16.5,-125,11.2617417982,0.5945945946,0.0,0.5555555556,0.5203045685,0.5259594617,16.5,3,390.3903903904,7.027027027,Calibration fitted; not prospectively validated,2026-09-26T13:04:55Z,2026-09-27T17:00:00Z,Sun 1:00 PM ET,Cleveland Browns,Carolina Panthers
613b8cd3a5fab58f7be4e3fd6f76223e,Carolina Panthers @ Cleveland Browns,Chuba Hubbard,betmgm,BetMGM,rush_attempts,Rushing attempts,under,17.5,-110,10.9371632246,0.5945945946,0.0,0.5238095238,0.4898785425,0.5196752547,17.5,3,707.8507078507,13.5135135135,Calibration fitted; not prospectively validated,2026-09-26T13:04:55Z,2026-09-27T17:00:00Z,Sun 1:00 PM ET,Cleveland Browns,Carolina Panthers
613b8cd3a5fab58f7be4e3fd6f76223e,Carolina Panthers @ Cleveland Browns,Quinshon Judkins,betmgm,BetMGM,rush_yds,Rushing yards,under,61.5,-115,37.9777528652,0.5647668394,0.0,0.5348837209,0.5,0.5063197809,61.0,3,298.8311844801,5.5868438838,Calibration fitted; not prospectively validated,2026-09-26T13:04:55Z,2026-09-27T17:00:00Z,Sun 1:00 PM ET,Cleveland Browns,Carolina Panthers
613b8cd3a5fab58f7be4e3fd6f76223e,Carolina Panthers @ Cleveland Browns,Chuba Hubbard,betmgm,BetMGM,rush_yds,Rushing yards,under,70.5,-115,45.4667181571,0.5647668394,0.0,0.5348837209,0.5,0.5025116541,70.5,2,298.8311844801,5.5868438838,Calibration fitted; not prospectively validated,2026-09-26T13:04:55Z,2026-09-27T17:00:00Z,Sun 1:00 PM ET,Cleveland Browns,Carolina Panthers
613b8cd3a5fab58f7be4e3fd6f76223e,Carolina Panthers @ Cleveland Browns,Darren Waller,bovada,Bovada,receptions,Receptions,over,2.5,115,3.7337842259,0.5475728155,0.0,0.4651162791,0.4366812227,0.4395196309,2.5,6,824.5653646421,17.7281553398,Calibration fitted; not prospectively validated,2026-09-26T13:04:27Z,2026-09-27T17:00:00Z,Sun 1:00 PM ET,Cleveland Browns,Carolina Panthers
613b8cd3a5fab58f7be4e3fd6f76223e,Carolina Panthers @ Cleveland Browns,Denzel Boston,bovada,Bovada,receptions,Receptions,under,3.5,-115,3.1966768629,0.5408805031,0.0,0.5348837209,0.5,0.5031375502,3.5,5,59.9678221442,1.1211375444,Calibration fitted; not prospectively validated,2026-09-26T13:04:27Z,2026-09-27T17:00:00Z,Sun 1:00 PM ET,Cleveland Browns,Carolina Panthers
613b8cd3a5fab58f7be4e3fd6f76223e,Carolina Panthers @ Cleveland Browns,Jalen Coker,bovada,Bovada,receptions,Receptions,under,4.5,120,4.9464224431,0.4579439252,0.0,0.4545454545,0.4248366013,0.4308576118,4.5,3,33.9847068819,0.7476635514,Calibration fitted; not prospectively validated,2026-09-26T13:04:27Z,2026-09-27T17:00:00Z,Sun 1:00 PM ET,Cleveland Browns,Carolina Panthers
613b8cd3a5fab58f7be4e3fd6f76223e,Carolina Panthers @ Cleveland Browns,Quinshon Judkins,bovada,Bovada,receptions,Receptions,over,2.5,-110,2.7235874825,0.5408805031,0.0,0.5238095238,0.4898785425,0.4896023956,2.5,5,170.7097933513,3.2590051458,Calibration fitted; not prospectively validated,2026-09-26T13:04:27Z,2026-09-27T17:00:00Z,Sun 1:00 PM ET,Cleveland Browns,Carolina Panthers
613b8cd3a5fab58f7be4e3fd6f76223e,Carolina Panthers @ Cleveland Browns,Tetairoa McMillan,bovada,Bovada,receptions,Receptions,under,4.5,110,3.3391842684,0.5475728155,0.0,0.4761904762,0.4458598726,0.4693877551,4.5,5,713.823393435,14.9902912621,Calibration fitted; not prospectively validated,2026-09-26T13:04:27Z,2026-09-27T17:00:00Z,Sun 1:00 PM ET,Cleveland Browns,Carolina Panthers
613b8cd3a5fab58f7be4e3fd6f76223e,Carolina Panthers @ Cleveland Browns,Tommy Tremble,bovada,Bovada,receptions,Receptions,under,1.5,-110,1.3886230389,0.5408805031,0.0,0.5238095238,0.4898785425,0.4875171639,1.5,5,170.7097933513,3.2590051458,Calibration fitted; not prospectively validated,2026-09-26T13:04:27Z,2026-09-27T17:00:00Z,Sun 1:00 PM ET,Cleveland Browns,Carolina Panthers
613b8cd3a5fab58f7be4e3fd6f76223e,Carolina Panthers @ Cleveland Browns,Xavier Legette,bovada,Bovada,receptions,Receptions,over,1.5,110,1.9583658235,0.5475728155,0.0,0.4761904762,0.4458598726,0.4458598726,1.5,3,713.823393435,14.9902912621,Calibration fitted; not prospectively validated,2026-09-26T13:04:27Z,2026-09-27T17:00:00Z,Sun 1:00 PM ET,Cleveland Browns,Carolina Panthers
613b8cd3a5fab58f7be4e3fd6f76223e,Carolina Panthers @ Cleveland Browns,Chuba Hubbard,bovada,Bovada,rush_yds,Rushing yards,under,69.5,-115,45.4667181571,0.5647668394,0.0,0.5348837209,0.5,0.49789385,70.5,2,298.8311844801,5.5868438838,Calibration fitted; not prospectively validated,2026-09-26T13:04:27Z,2026-09-27T17:00:00Z,Sun 1:00 PM ET,Cleveland Browns,Carolina Panthers
613b8cd3a5fab58f7be4e3fd6f76223e,Carolina Panthers @ Cleveland Browns,KC Concepcion,bovada,Bovada,rush_yds,Rushing yards,over,5.5,-120,15.1952454653,0.5647668394,0.0,0.5454545455,0.5101214575,0.4969864995,5.5,5,193.1229392369,3.5405872193,Calibration fitted; not prospectively validated,2026-09-26T13:04:27Z,2026-09-27T17:00:00Z,Sun 1:00 PM ET,Cleveland Browns,Carolina Panthers
613b8cd3a5fab58f7be4e3fd6f76223e,Carolina Panthers @ Cleveland Browns,Quinshon Judkins,bovada,Bovada,rush_yds,Rushing yards,under,61.5,-120,37.9777528652,0.5647668394,0.0,0.5454545455,0.5101214575,0.5063197809,61.0,3,193.1229392369,3.5405872193,Calibration fitted; not prospectively validated,2026-09-26T13:04:27Z,2026-09-27T17:00:00Z,Sun 1:00 PM ET,Cleveland Browns,Carolina Panthers
613b8cd3a5fab58f7be4e3fd6f76223e,Carolina Panthers @ Cleveland Browns,Raheim Sanders,bovada,Bovada,rush_yds,Rushing yards,over,7.5,-120,19.748294167,0.5647668394,0.0,0.5454545455,0.5101214575,0.5051597457,7.5,5,193.1229392369,3.5405872193,Calibration fitted; not prospectively validated,2026-09-26T13:04:27Z,2026-09-27T17:00:00Z,Sun 1:00 PM ET,Cleveland Browns,Carolina Panthers
613b8cd3a5fab58f7be4e3fd6f76223e,Carolina Panthers @ Cleveland Browns,Darren Waller,fanatics,Fanatics,receptions,Receptions,over,2.5,110,3.7337842259,0.5475728155,0.0,0.4761904762,0.4424778761,0.4395196309,2.5,6,713.823393435,14.9902912621,Calibration fitted; not prospectively validated,2026-09-26T13:04:48Z,2026-09-27T17:00:00Z,Sun 1:00 PM ET,Cleveland Browns,Carolina Panthers
613b8cd3a5fab58f7be4e3fd6f76223e,Carolina Panthers @ Cleveland Browns,Bryce Young,fanatics,Fanatics,rush_yds,Rushing yards,over,15.5,105,19.0661154912,0.5,0.0,0.487804878,0.4554079696,0.4554079696,14.5,1,121.9512195122,2.5,Calibration fitted; not prospectively validated,2026-09-26T13:04:48Z,2026-09-27T17:00:00Z,Sun 1:00 PM ET,Cleveland Browns,Carolina Panthers
71123be049587b6facce3a20c53e5d09,Cincinnati Bengals @ Pittsburgh Steelers,Aaron Rodgers,draftkings,DraftKings,pass_attempts,Passing attempts,under,35.5,-113,31.0852403104,0.6363636364,0.0,0.5305164319,0.5,0.5,35.5,3,1058.4720443875,19.9517296862,Calibration fitted; not prospectively validated,2026-09-26T13:05:14Z,2026-09-27T17:00:00Z,Sun 1:00 PM ET,Pittsburgh Steelers,Cincinnati Bengals
71123be049587b6facce3a20c53e5d09,Cincinnati Bengals @ Pittsburgh Steelers,Joe Burrow,draftkings,DraftKings,pass_attempts,Passing attempts,under,35.5,-121,30.5157129698,0.6363636364,0.0,0.5475113122,0.5166631952,0.5185070944,35.5,3,888.5232414644,16.2283996995,Calibration fitted; not prospectively validated,2026-09-26T13:05:14Z,2026-09-27T17:00:00Z,Sun 1:00 PM ET,Pittsburgh Steelers,Cincinnati Bengals
71123be049587b6facce3a20c53e5d09,Cincinnati Bengals @ Pittsburgh Steelers,Aaron Rodgers,draftkings,DraftKings,pass_tds,Passing touchdowns,over,1.5,168,0.53,0.4615384615,0.0,0.3731343284,0.3527866809,0.3556788987,1.5,6,884.0413318025,23.6923076923,Calibration fitted; not prospectively validated,2026-09-26T13:05:14Z,2026-09-27T17:00:00Z,Sun 1:00 PM ET,Pittsburgh Steelers,Cincinnati Bengals
71123be049587b6facce3a20c53e5d09,Cincinnati Bengals @ Pittsburgh Steelers,Aaron Rodgers,fanduel,FanDuel,pass_tds,Passing touchdowns,over,1.5,162,0.53,0.4615384615,0.0,0.3816793893,0.3569834895,0.3556788987,1.5,6,798.5907222548,20.9230769231,Calibration fitted; not prospectively validated,2026-09-26T13:05:49Z,2026-09-27T17:00:00Z,Sun 1:00 PM ET,Pittsburgh Steelers,Cincinnati Bengals
71123be049587b6facce3a20c53e5d09,Cincinnati Bengals @ Pittsburgh Steelers,Aaron Rodgers,betrivers,BetRivers,pass_tds,Passing touchdowns,over,1.5,180,0.53,0.4615384615,0.0,0.3571428571,0.3346265761,0.3556788987,1.5,6,1043.956043956,29.2307692308,Calibration fitted; not prospectively validated,2026-09-26T13:04:55Z,2026-09-27T17:00:00Z,Sun 1:00 PM ET,Pittsburgh Steelers,Cincinnati Bengals
71123be049587b6facce3a20c53e5d09,Cincinnati Bengals @ Pittsburgh Steelers,Joe Burrow,betonlineag,BetOnline.ag,pass_attempts,Passing attempts,under,35.5,-123,30.5157129698,0.6363636364,0.0,0.5515695067,0.5185070944,0.5185070944,35.5,3,847.9412963718,15.3732446415,Calibration fitted; not prospectively validated,2026-09-26T13:05:48Z,2026-09-27T17:00:00Z,Sun 1:00 PM ET,Pittsburgh Steelers,Cincinnati Bengals
71123be049587b6facce3a20c53e5d09,Cincinnati Bengals @ Pittsburgh Steelers,Aaron Rodgers,betonlineag,BetOnline.ag,pass_attempts,Passing attempts,under,35.5,-118,31.0852403104,0.6363636364,0.0,0.5412844037,0.5082034454,0.5,35.5,3,950.7923269391,17.5654853621,Calibration fitted; not prospectively validated,2026-09-26T13:05:48Z,2026-09-27T17:00:00Z,Sun 1:00 PM ET,Pittsburgh Steelers,Cincinnati Bengals
71123be049587b6facce3a20c53e5d09,Cincinnati Bengals @ Pittsburgh Steelers,Joe Burrow,betonlineag,BetOnline.ag,pass_completions,Passing completions,under,23.5,-114,20.2902370635,0.5416666667,0.0,0.5327102804,0.5,0.5289256198,23.5,5,89.5638629283,1.6812865497,Calibration fitted; not prospectively validated,2026-09-26T13:05:48Z,2026-09-27T17:00:00Z,Sun 1:00 PM ET,Pittsburgh Steelers,Cincinnati Bengals
71123be049587b6facce3a20c53e5d09,Cincinnati Bengals @ Pittsburgh Steelers,Aaron Rodgers,betonlineag,BetOnline.ag,pass_tds,Passing touchdowns,over,1.5,161,0.53,0.4615384615,0.0,0.3831417625,0.3602131357,0.3556788987,1.5,6,783.9669908635,20.4615384615,Calibration fitted; not prospectively validated,2026-09-26T13:05:48Z,2026-09-27T17:00:00Z,Sun 1:00 PM ET,Pittsburgh Steelers,Cincinnati Bengals
71123be049587b6facce3a20c53e5d09,Cincinnati Bengals @ Pittsburgh Steelers,Joe Burrow,betmgm,BetMGM,pass_attempts,Passing attempts,under,34.5,-125,30.5157129698,0.6363636364,0.0,0.5555555556,0.5203045685,0.5203045685,35.5,1,808.0808080808,14.5454545455,Calibration fitted; not prospectively validated,2026-09-26T13:04:56Z,2026-09-27T17:00:00Z,Sun 1:00 PM ET,Pittsburgh Steelers,Cincinnati Bengals
71123be049587b6facce3a20c53e5d09,Cincinnati Bengals @ Pittsburgh Steelers,Aaron Rodgers,betmgm,BetMGM,pass_attempts,Passing attempts,under,34.5,-120,31.0852403104,0.6363636364,0.0,0.5454545455,0.5090470446,0.4943712381,35.5,2,909.0909090909,16.6666666667,Calibration fitted; not prospectively validated,2026-09-26T13:04:56Z,2026-09-27T17:00:00Z,Sun 1:00 PM ET,Pittsburgh Steelers,Cincinnati Bengals
71123be049587b6facce3a20c53e5d09,Cincinnati Bengals @ Pittsburgh Steelers,Joe Burrow,betmgm,BetMGM,pass_completions,Passing completions,under,23.5,-110,20.2902370635,0.5416666667,0.0,0.5238095238,0.4898785425,0.5289256198,23.5,5,178.5714285714,3.4090909091,Calibration fitted; not prospectively validated,2026-09-26T13:04:56Z,2026-09-27T17:00:00Z,Sun 1:00 PM ET,Pittsburgh Steelers,Cincinnati Bengals
71123be049587b6facce3a20c53e5d09,Cincinnati Bengals @ Pittsburgh Steelers,Aaron Rodgers,betmgm,BetMGM,pass_completions,Passing completions,under,21.5,-115,18.423413488,0.5416666667,0.0,0.5348837209,0.5,0.5,22.5,1,67.8294573643,1.268115942,Calibration fitted; not prospectively validated,2026-09-26T13:04:56Z,2026-09-27T17:00:00Z,Sun 1:00 PM ET,Pittsburgh Steelers,Cincinnati Bengals
71123be049587b6facce3a20c53e5d09,Cincinnati Bengals @ Pittsburgh Steelers,Aaron Rodgers,betmgm,BetMGM,pass_tds,Passing touchdowns,over,1.5,155,0.53,0.4615384615,0.0,0.3921568627,0.3666469545,0.3556788987,1.5,6,693.8159879336,17.6923076923,Calibration fitted; not prospectively validated,2026-09-26T13:04:56Z,2026-09-27T17:00:00Z,Sun 1:00 PM ET,Pittsburgh Steelers,Cincinnati Bengals
71123be049587b6facce3a20c53e5d09,Cincinnati Bengals @ Pittsburgh Steelers,Aaron Rodgers,bovada,Bovada,pass_attempts,Passing attempts,under,35.5,-115,31.0852403104,0.6363636364,0.0,0.5348837209,0.5,0.5,35.5,3,1014.799154334,18.9723320158,Calibration fitted; not prospectively validated,2026-09-26T13:05:18Z,2026-09-27T17:00:00Z,Sun 1:00 PM ET,Pittsburgh Steelers,Cincinnati Bengals
71123be049587b6facce3a20c53e5d09,Cincinnati Bengals @ Pittsburgh Steelers,Joe Burrow,bovada,Bovada,pass_attempts,Passing attempts,under,35.5,-125,30.5157129698,0.6363636364,0.0,0.5555555556,0.5203045685,0.5185070944,35.5,3,808.0808080808,14.5454545455,Calibration fitted; not prospectively validated,2026-09-26T13:05:18Z,2026-09-27T17:00:00Z,Sun 1:00 PM ET,Pittsburgh Steelers,Cincinnati Bengals
71123be049587b6facce3a20c53e5d09,Cincinnati Bengals @ Pittsburgh Steelers,Aaron Rodgers,bovada,Bovada,pass_tds,Passing touchdowns,over,1.5,165,0.53,0.4615384615,0.0,0.3773584906,0.3543743079,0.3556788987,1.5,6,841.7997097242,22.3076923077,Calibration fitted; not prospectively validated,2026-09-26T13:05:18Z,2026-09-27T17:00:00Z,Sun 1:00 PM ET,Pittsburgh Steelers,Cincinnati Bengals
71123be049587b6facce3a20c53e5d09,Cincinnati Bengals @ Pittsburgh Steelers,Aaron Rodgers,fanatics,Fanatics,pass_attempts,Passing attempts,under,34.5,-105,31.0852403104,0.6363636364,0.0,0.512195122,0.4796954315,0.4943712381,35.5,2,1241.6851441242,24.2424242424,Calibration fitted; not prospectively validated,2026-09-26T13:02:35Z,2026-09-27T17:00:00Z,Sun 1:00 PM ET,Pittsburgh Steelers,Cincinnati Bengals
71123be049587b6facce3a20c53e5d09,Cincinnati Bengals @ Pittsburgh Steelers,Ja'Marr Chase,draftkings,DraftKings,receptions,Receptions,under,6.5,106,5.0355754425,0.5475728155,0.0,0.4854368932,0.4580003898,0.4796954315,6.5,5,621.359223301,12.8,Calibration fitted; not prospectively validated,2026-09-26T13:05:14Z,2026-09-27T17:00:00Z,Sun 1:00 PM ET,Pittsburgh Steelers,Cincinnati Bengals
71123be049587b6facce3a20c53e5d09,Cincinnati Bengals @ Pittsburgh Steelers,Tee Higgins,draftkings,DraftKings,receptions,Receptions,under,4.5,-127,3.2284027198,0.5789473684,0.0,0.5594713656,0.5280665281,0.5457986374,4.5,5,194.7600278229,3.4811438044,Calibration fitted; not prospectively validated,2026-09-26T13:05:14Z,2026-09-27T17:00:00Z,Sun 1:00 PM ET,Pittsburgh Steelers,Cincinnati Bengals
71123be049587b6facce3a20c53e5d09,Cincinnati Bengals @ Pittsburgh Steelers,Jaylen Warren,draftkings,DraftKings,receptions,Receptions,under,3.5,128,1.8830514431,0.5789473684,0.0,0.4385964912,0.4138449962,0.4193407988,3.5,4,1403.5087719298,32.0,Calibration fitted; not prospectively validated,2026-09-26T13:05:14Z,2026-09-27T17:00:00Z,Sun 1:00 PM ET,Pittsburgh Steelers,Cincinnati Bengals
71123be049587b6facce3a20c53e5d09,Cincinnati Bengals @ Pittsburgh Steelers,Chase Brown,draftkings,DraftKings,receptions,Receptions,under,3.5,-130,2.293715091,0.5789473684,0.0,0.5652173913,0.533089728,0.533089728,3.5,5,137.299771167,2.4291497976,Calibration fitted; not prospectively validated,2026-09-26T13:05:14Z,2026-09-27T17:00:00Z,Sun 1:00 PM ET,Pittsburgh Steelers,Cincinnati Bengals
71123be049587b6facce3a20c53e5d09,Cincinnati Bengals @ Pittsburgh Steelers,Mike Gesicki,draftkings,DraftKings,receptions,Receptions,over,2.5,-115,2.912428733,0.5420560748,0.0,0.5348837209,0.5041554124,0.5051597457,2.5,5,71.7235383612,1.3409183259,Calibration fitted; not prospectively validated,2026-09-26T13:05:14Z,2026-09-27T17:00:00Z,Sun 1:00 PM ET,Pittsburgh Steelers,Cincinnati Bengals
71123be049587b6facce3a20c53e5d09,Cincinnati Bengals @ Pittsburgh Steelers,Roman Wilson,draftkings,DraftKings,receptions,Receptions,over,2.5,114,3.2114730853,0.5475728155,0.0,0.4672897196,0.4412029534,0.4412029534,2.5,3,802.8309590781,17.1805825243,Calibration fitted; not prospectively validated,2026-09-26T13:05:14Z,2026-09-27T17:00:00Z,Sun 1:00 PM ET,Pittsburgh Steelers,Cincinnati Bengals
71123be049587b6facce3a20c53e5d09,Cincinnati Bengals @ Pittsburgh Steelers,Samaje Perine,draftkings,DraftKings,receptions,Receptions,over,1.5,-105,1.6526623017,0.5408805031,0.0,0.512195122,0.4833368048,0.4796954315,1.5,5,286.8538119343,5.6004791854,Calibration fitted; not prospectively validated,2026-09-26T13:05:14Z,2026-09-27T17:00:00Z,Sun 1:00 PM ET,Pittsburgh Steelers,Cincinnati Bengals
71123be049587b6facce3a20c53e5d09,Cincinnati Bengals @ Pittsburgh Steelers,Erick All,draftkings,DraftKings,receptions,Receptions,under,0.5,183,1.8292219489,0.4524271845,0.0,0.3533568905,0.3341439785,0.3346265761,0.5,3,990.7029400666,28.0368932039,Calibration fitted; not prospectively validated,2026-09-26T13:05:14Z,2026-09-27T17:00:00Z,Sun 1:00 PM ET,Pittsburgh Steelers,Cincinnati Bengals
71123be049587b6facce3a20c53e5d09,Cincinnati Bengals @ Pittsburgh Steelers,Jaylen Warren,draftkings,DraftKings,rush_attempts,Rushing attempts,under,15.5,-130,9.9416111486,0.5945945946,0.0,0.5652173913,0.533089728,0.5229575621,15.5,4,293.7720329025,5.1975051975,Calibration fitted; not prospectively validated,2026-09-26T13:05:14Z,2026-09-27T17:00:00Z,Sun 1:00 PM ET,Pittsburgh Steelers,Cincinnati Bengals
71123be049587b6facce3a20c53e5d09,Cincinnati Bengals @ Pittsburgh Steelers,Jaylen Warren,draftkings,DraftKings,rush_yds,Rushing yards,under,56.5,-113,42.911954722,0.5647668394,0.0,0.5305164319,0.5021058838,0.5010529419,57.0,2,342.5040745336,6.4560502545,Calibration fitted; not prospectively validated,2026-09-26T13:05:14Z,2026-09-27T17:00:00Z,Sun 1:00 PM ET,Pittsburgh Steelers,Cincinnati Bengals
71123be049587b6facce3a20c53e5d09,Cincinnati Bengals @ Pittsburgh Steelers,Aaron Rodgers,draftkings,DraftKings,rush_yds,Rushing yards,over,0.5,-112,10.8797134954,0.5647668394,0.0,0.5283018868,0.5,0.5,0.5,3,364.6495258579,6.9022945966,Calibration fitted; not prospectively validated,2026-09-26T13:05:14Z,2026-09-27T17:00:00Z,Sun 1:00 PM ET,Pittsburgh Steelers,Cincinnati Bengals
71123be049587b6facce3a20c53e5d09,Cincinnati Bengals @ Pittsburgh Steelers,Roman Wilson,fanduel,FanDuel,receptions,Receptions,over,2.5,106,3.2114730853,0.5475728155,0.0,0.4854368932,0.4542013626,0.4412029534,2.5,3,621.359223301,12.8,Calibration fitted; not prospectively validated,2026-09-26T13:05:49Z,2026-09-27T17:00:00Z,Sun 1:00 PM ET,Pittsburgh Steelers,Cincinnati Bengals
71123be049587b6facce3a20c53e5d09,Cincinnati Bengals @ Pittsburgh Steelers,Samaje Perine,fanduel,FanDuel,receptions,Receptions,over,1.5,-106,1.6526623017,0.5408805031,0.0,0.5145631068,0.4808467742,0.4796954315,1.5,5,263.1739634854,5.1145128753,Calibration fitted; not prospectively validated,2026-09-26T13:05:49Z,2026-09-27T17:00:00Z,Sun 1:00 PM ET,Pittsburgh Steelers,Cincinnati Bengals
71123be049587b6facce3a20c53e5d09,Cincinnati Bengals @ Pittsburgh Steelers,Erick All,fanduel,FanDuel,receptions,Receptions,under,0.5,164,1.8292219489,0.4524271845,0.0,0.3787878788,0.3536452666,0.3346265761,0.5,3,736.3930567814,19.440776699,Calibration fitted; not prospectively validated,2026-09-26T13:05:49Z,2026-09-27T17:00:00Z,Sun 1:00 PM ET,Pittsburgh Steelers,Cincinnati Bengals
71123be049587b6facce3a20c53e5d09,Cincinnati Bengals @ Pittsburgh Steelers,Ja'Marr Chase,fanduel,FanDuel,receptions,Receptions,under,6.5,-108,5.0355754425,0.5475728155,0.0,0.5192307692,0.4858161777,0.4796954315,6.5,5,283.4204630321,5.4584681769,Calibration fitted; not prospectively validated,2026-09-26T13:05:49Z,2026-09-27T17:00:00Z,Sun 1:00 PM ET,Pittsburgh Steelers,Cincinnati Bengals
71123be049587b6facce3a20c53e5d09,Cincinnati Bengals @ Pittsburgh Steelers,Jaylen Warren,fanduel,FanDuel,receptions,Receptions,under,3.5,118,1.8830514431,0.5789473684,0.0,0.4587155963,0.4282584158,0.4193407988,3.5,4,1202.3177209078,26.2105263158,Calibration fitted; not prospectively validated,2026-09-26T13:05:49Z,2026-09-27T17:00:00Z,Sun 1:00 PM ET,Pittsburgh Steelers,Cincinnati Bengals
71123be049587b6facce3a20c53e5d09,Cincinnati Bengals @ Pittsburgh Steelers,Jaylen Warren,fanduel,FanDuel,rush_yds,Rushing yards,under,57.5,-114,42.911954722,0.5647668394,0.0,0.5327102804,0.5,0.5,57.0,2,320.5655900441,6.0176347605,Calibration fitted; not prospectively validated,2026-09-26T13:05:49Z,2026-09-27T17:00:00Z,Sun 1:00 PM ET,Pittsburgh Steelers,Cincinnati Bengals
71123be049587b6facce3a20c53e5d09,Cincinnati Bengals @ Pittsburgh Steelers,Aaron Rodgers,fanduel,FanDuel,rush_yds,Rushing yards,over,0.5,-115,10.8797134954,0.5647668394,0.0,0.5348837209,0.5020496003,0.5,0.5,3,298.8311844801,5.5868438838,Calibration fitted; not prospectively validated,2026-09-26T13:05:49Z,2026-09-27T17:00:00Z,Sun 1:00 PM ET,Pittsburgh Steelers,Cincinnati Bengals
71123be049587b6facce3a20c53e5d09,Cincinnati Bengals @ Pittsburgh Steelers,Samaje Perine,betrivers,BetRivers,receptions,Receptions,over,1.5,-115,1.6526623017,0.5408805031,0.0,0.5348837209,,0.4796954315,1.5,5,59.9678221442,1.1211375444,Calibration fitted; not prospectively validated,2026-09-26T13:04:55Z,2026-09-27T17:00:00Z,Sun 1:00 PM ET,Pittsburgh Steelers,Cincinnati Bengals
71123be049587b6facce3a20c53e5d09,Cincinnati Bengals @ Pittsburgh Steelers,Jaylen Warren,betrivers,BetRivers,rush_yds,Rushing yards,under,57.5,-115,42.911954722,0.5647668394,0.0,0.5348837209,0.5,0.5,57.0,2,298.8311844801,5.5868438838,Calibration fitted; not prospectively validated,2026-09-26T13:04:55Z,2026-09-27T17:00:00Z,Sun 1:00 PM ET,Pittsburgh Steelers,Cincinnati Bengals
71123be049587b6facce3a20c53e5d09,Cincinnati Bengals @ Pittsburgh Steelers,Chase Brown,betonlineag,BetOnline.ag,receptions,Receptions,under,3.5,-132,2.293715091,0.5789473684,0.0,0.5689655172,0.5347344778,0.533089728,3.5,5,99.8185117967,1.7543859649,Calibration fitted; not prospectively validated,2026-09-26T13:05:48Z,2026-09-27T17:00:00Z,Sun 1:00 PM ET,Pittsburgh Steelers,Cincinnati Bengals
71123be049587b6facce3a20c53e5d09,Cincinnati Bengals @ Pittsburgh Steelers,Ja'Marr Chase,betonlineag,BetOnline.ag,receptions,Receptions,under,6.5,-105,5.0355754425,0.5475728155,0.0,0.512195122,0.4814929056,0.4796954315,6.5,5,353.7769358276,6.907073509,Calibration fitted; not prospectively validated,2026-09-26T13:05:48Z,2026-09-27T17:00:00Z,Sun 1:00 PM ET,Pittsburgh Steelers,Cincinnati Bengals
71123be049587b6facce3a20c53e5d09,Cincinnati Bengals @ Pittsburgh Steelers,Mike Gesicki,betonlineag,BetOnline.ag,receptions,Receptions,over,2.5,-116,2.912428733,0.5420560748,0.0,0.537037037,0.5051597457,0.5051597457,2.5,5,50.1903772932,0.9345794393,Calibration fitted; not prospectively validated,2026-09-26T13:05:48Z,2026-09-27T17:00:00Z,Sun 1:00 PM ET,Pittsburgh Steelers,Cincinnati Bengals
71123be049587b6facce3a20c53e5d09,Cincinnati Bengals @ Pittsburgh Steelers,Samaje Perine,betonlineag,BetOnline.ag,receptions,Receptions,over,1.5,100,1.6526623017,0.5408805031,0.0,0.5,0.4693877551,0.4796954315,1.5,5,408.8050314465,8.1761006289,Calibration fitted; not prospectively validated,2026-09-26T13:05:48Z,2026-09-27T17:00:00Z,Sun 1:00 PM ET,Pittsburgh Steelers,Cincinnati Bengals
71123be049587b6facce3a20c53e5d09,Cincinnati Bengals @ Pittsburgh Steelers,Jaylen Warren,betonlineag,BetOnline.ag,receptions,Receptions,under,4.5,-154,1.8830514431,0.8333333333,0.0,0.6062992126,0.5692871193,0.5692871193,3.5,1,2270.3412073491,37.4458874459,Calibration fitted; not prospectively validated,2026-09-26T13:05:48Z,2026-09-27T17:00:00Z,Sun 1:00 PM ET,Pittsburgh Steelers,Cincinnati Bengals
71123be049587b6facce3a20c53e5d09,Cincinnati Bengals @ Pittsburgh Steelers,Jaylen Warren,betonlineag,BetOnline.ag,rush_attempts,Rushing attempts,under,15.5,-127,9.9416111486,0.5945945946,0.0,0.5594713656,0.5256105556,0.5229575621,15.5,4,351.2322895583,6.2779314748,Calibration fitted; not prospectively validated,2026-09-26T13:05:48Z,2026-09-27T17:00:00Z,Sun 1:00 PM ET,Pittsburgh Steelers,Cincinnati Bengals
71123be049587b6facce3a20c53e5d09,Cincinnati Bengals @ Pittsburgh Steelers,Jaylen Warren,betonlineag,BetOnline.ag,rush_yds,Rushing yards,under,55.5,-114,42.911954722,0.5647668394,0.0,0.5327102804,0.5,0.5,57.0,1,320.5655900441,6.0176347605,Calibration fitted; not prospectively validated,2026-09-26T13:05:48Z,2026-09-27T17:00:00Z,Sun 1:00 PM ET,Pittsburgh Steelers,Cincinnati Bengals
71123be049587b6facce3a20c53e5d09,Cincinnati Bengals @ Pittsburgh Steelers,Chase Brown,betmgm,BetMGM,receptions,Receptions,under,3.5,-130,2.293715091,0.5789473684,0.0,0.5652173913,0.5246062992,0.533089728,3.5,5,137.299771167,2.4291497976,Calibration fitted; not prospectively validated,2026-09-26T13:04:56Z,2026-09-27T17:00:00Z,Sun 1:00 PM ET,Pittsburgh Steelers,Cincinnati Bengals
71123be049587b6facce3a20c53e5d09,Cincinnati Bengals @ Pittsburgh Steelers,Ja'Marr Chase,betmgm,BetMGM,receptions,Receptions,under,6.5,-105,5.0355754425,0.5475728155,0.0,0.512195122,0.4796954315,0.4796954315,6.5,5,353.7769358276,6.907073509,Calibration fitted; not prospectively validated,2026-09-26T13:04:56Z,2026-09-27T17:00:00Z,Sun 1:00 PM ET,Pittsburgh Steelers,Cincinnati Bengals
71123be049587b6facce3a20c53e5d09,Cincinnati Bengals @ Pittsburgh Steelers,Mike Gesicki,betmgm,BetMGM,receptions,Receptions,over,2.5,100,2.912428733,0.5420560748,0.0,0.5,0.4653465347,0.5051597457,2.5,5,420.5607476636,8.4112149533,Calibration fitted; not prospectively validated,2026-09-26T13:04:56Z,2026-09-27T17:00:00Z,Sun 1:00 PM ET,Pittsburgh Steelers,Cincinnati Bengals
71123be049587b6facce3a20c53e5d09,Cincinnati Bengals @ Pittsburgh Steelers,Jaylen Warren,betmgm,BetMGM,receptions,Receptions,under,3.5,120,1.8830514431,0.5789473684,0.0,0.4545454545,0.4248366013,0.4193407988,3.5,4,1244.019138756,27.3684210526,Calibration fitted; not prospectively validated,2026-09-26T13:04:56Z,2026-09-27T17:00:00Z,Sun 1:00 PM ET,Pittsburgh Steelers,Cincinnati Bengals
71123be049587b6facce3a20c53e5d09,Cincinnati Bengals @ Pittsburgh Steelers,Samaje Perine,betmgm,BetMGM,receptions,Receptions,over,1.5,105,1.6526623017,0.5408805031,0.0,0.487804878,0.4554079696,0.4796954315,1.5,5,530.7562509587,10.8805031447,Calibration fitted; not prospectively validated,2026-09-26T13:04:56Z,2026-09-27T17:00:00Z,Sun 1:00 PM ET,Pittsburgh Steelers,Cincinnati Bengals
71123be049587b6facce3a20c53e5d09,Cincinnati Bengals @ Pittsburgh Steelers,Chase Brown,betmgm,BetMGM,rush_attempts,Rushing attempts,under,15.5,100,13.0705876071,0.506993007,0.0,0.5,0.4653465347,0.4653465347,16.5,1,69.9300699301,1.3986013986,Calibration fitted; not prospectively validated,2026-09-26T13:04:56Z,2026-09-27T17:00:00Z,Sun 1:00 PM ET,Pittsburgh Steelers,Cincinnati Bengals
71123be049587b6facce3a20c53e5d09,Cincinnati Bengals @ Pittsburgh Steelers,Jaylen Warren,betmgm,BetMGM,rush_attempts,Rushing attempts,under,15.5,-125,9.9416111486,0.5945945946,0.0,0.5555555556,0.5203045685,0.5229575621,15.5,4,390.3903903904,7.027027027,Calibration fitted; not prospectively validated,2026-09-26T13:04:56Z,2026-09-27T17:00:00Z,Sun 1:00 PM ET,Pittsburgh Steelers,Cincinnati Bengals
71123be049587b6facce3a20c53e5d09,Cincinnati Bengals @ Pittsburgh Steelers,Jaylen Warren,betmgm,BetMGM,rush_yds,Rushing yards,under,58.5,-115,42.911954722,0.5647668394,0.0,0.5348837209,0.5,0.5,57.0,1,298.8311844801,5.5868438838,Calibration fitted; not prospectively validated,2026-09-26T13:04:56Z,2026-09-27T17:00:00Z,Sun 1:00 PM ET,Pittsburgh Steelers,Cincinnati Bengals
71123be049587b6facce3a20c53e5d09,Cincinnati Bengals @ Pittsburgh Steelers,Chase Brown,bovada,Bovada,receptions,Receptions,under,3.5,-130,2.293715091,0.5789473684,0.0,0.5652173913,0.5306122449,0.533089728,3.5,5,137.299771167,2.4291497976,Calibration fitted; not prospectively validated,2026-09-26T13:05:18Z,2026-09-27T17:00:00Z,Sun 1:00 PM ET,Pittsburgh Steelers,Cincinnati Bengals
71123be049587b6facce3a20c53e5d09,Cincinnati Bengals @ Pittsburgh Steelers,Erick All,bovada,Bovada,receptions,Receptions,under,0.5,180,1.8292219489,0.4524271845,0.0,0.3571428571,0.3346265761,0.3346265761,0.5,3,952.8432732316,26.6796116505,Calibration fitted; not prospectively validated,2026-09-26T13:05:18Z,2026-09-27T17:00:00Z,Sun 1:00 PM ET,Pittsburgh Steelers,Cincinnati Bengals
71123be049587b6facce3a20c53e5d09,Cincinnati Bengals @ Pittsburgh Steelers,Ja'Marr Chase,bovada,Bovada,receptions,Receptions,under,6.5,105,5.0355754425,0.5475728155,0.0,0.487804878,0.4592085979,0.4796954315,6.5,5,597.679374852,12.2524271845,Calibration fitted; not prospectively validated,2026-09-26T13:05:18Z,2026-09-27T17:00:00Z,Sun 1:00 PM ET,Pittsburgh Steelers,Cincinnati Bengals
71123be049587b6facce3a20c53e5d09,Cincinnati Bengals @ Pittsburgh Steelers,Jaylen Warren,bovada,Bovada,receptions,Receptions,under,3.5,130,1.8830514431,0.5789473684,0.0,0.4347826087,0.4084720121,0.4193407988,3.5,4,1441.647597254,33.1578947368,Calibration fitted; not prospectively validated,2026-09-26T13:05:18Z,2026-09-27T17:00:00Z,Sun 1:00 PM ET,Pittsburgh Steelers,Cincinnati Bengals
71123be049587b6facce3a20c53e5d09,Cincinnati Bengals @ Pittsburgh Steelers,Roman Wilson,bovada,Bovada,receptions,Receptions,over,2.5,115,3.2114730853,0.5475728155,0.0,0.4651162791,0.4366812227,0.4412029534,2.5,3,824.5653646421,17.7281553398,Calibration fitted; not prospectively validated,2026-09-26T13:05:18Z,2026-09-27T17:00:00Z,Sun 1:00 PM ET,Pittsburgh Steelers,Cincinnati Bengals
71123be049587b6facce3a20c53e5d09,Cincinnati Bengals @ Pittsburgh Steelers,Samaje Perine,bovada,Bovada,receptions,Receptions,over,1.5,-105,1.6526623017,0.5408805031,0.0,0.512195122,0.4796954315,0.4796954315,1.5,5,286.8538119343,5.6004791854,Calibration fitted; not prospectively validated,2026-09-26T13:05:18Z,2026-09-27T17:00:00Z,Sun 1:00 PM ET,Pittsburgh Steelers,Cincinnati Bengals
71123be049587b6facce3a20c53e5d09,Cincinnati Bengals @ Pittsburgh Steelers,Tee Higgins,bovada,Bovada,receptions,Receptions,under,4.5,-130,3.2284027198,0.5789473684,0.0,0.5652173913,0.5306122449,0.5457986374,4.5,5,137.299771167,2.4291497976,Calibration fitted; not prospectively validated,2026-09-26T13:05:18Z,2026-09-27T17:00:00Z,Sun 1:00 PM ET,Pittsburgh Steelers,Cincinnati Bengals
71123be049587b6facce3a20c53e5d09,Cincinnati Bengals @ Pittsburgh Steelers,Aaron Rodgers,bovada,Bovada,rush_yds,Rushing yards,over,0.5,-115,10.8797134954,0.5647668394,0.0,0.5348837209,0.5,0.5,0.5,3,298.8311844801,5.5868438838,Calibration fitted; not prospectively validated,2026-09-26T13:05:18Z,2026-09-27T17:00:00Z,Sun 1:00 PM ET,Pittsburgh Steelers,Cincinnati Bengals
71123be049587b6facce3a20c53e5d09,Cincinnati Bengals @ Pittsburgh Steelers,Jaylen Warren,bovada,Bovada,rush_yds,Rushing yards,under,56.5,-115,42.911954722,0.5647668394,0.0,0.5348837209,0.5,0.5010529419,57.0,2,298.8311844801,5.5868438838,Calibration fitted; not prospectively validated,2026-09-26T13:05:18Z,2026-09-27T17:00:00Z,Sun 1:00 PM ET,Pittsburgh Steelers,Cincinnati Bengals
71123be049587b6facce3a20c53e5d09,Cincinnati Bengals @ Pittsburgh Steelers,Jaylen Warren,fanatics,Fanatics,rush_attempts,Rushing attempts,under,15.5,-125,9.9416111486,0.5945945946,0.0,0.5555555556,0.5203045685,0.5229575621,15.5,4,390.3903903904,7.027027027,Calibration fitted; not prospectively validated,2026-09-26T13:03:47Z,2026-09-27T17:00:00Z,Sun 1:00 PM ET,Pittsburgh Steelers,Cincinnati Bengals
07f552badfa8a565d1be22123713e4da,New York Jets @ Detroit Lions,Jared Goff,draftkings,DraftKings,pass_attempts,Passing attempts,over,33.5,-102,39.5022322725,0.6363636364,0.0,0.504950495,0.4761410788,0.4796954315,33.5,3,1314.1314131413,26.0249554367,Calibration fitted; not prospectively validated,2026-09-26T13:05:32Z,2026-09-27T17:00:00Z,Sun 1:00 PM ET,Detroit Lions,New York Jets
07f552badfa8a565d1be22123713e4da,New York Jets @ Detroit Lions,Geno Smith,draftkings,DraftKings,pass_attempts,Passing attempts,over,32.5,-113,37.2155281791,0.6363636364,0.0,0.5305164319,0.5,0.4909529554,32.5,5,1058.4720443875,19.9517296862,Calibration fitted; not prospectively validated,2026-09-26T13:05:32Z,2026-09-27T17:00:00Z,Sun 1:00 PM ET,Detroit Lions,New York Jets
07f552badfa8a565d1be22123713e4da,New York Jets @ Detroit Lions,Jared Goff,draftkings,DraftKings,pass_completions,Passing completions,over,23.5,-114,26.829836957,0.5416666667,0.0,0.5327102804,0.5020774472,0.5010387236,23.5,4,89.5638629283,1.6812865497,Calibration fitted; not prospectively validated,2026-09-26T13:05:32Z,2026-09-27T17:00:00Z,Sun 1:00 PM ET,Detroit Lions,New York Jets
07f552badfa8a565d1be22123713e4da,New York Jets @ Detroit Lions,Geno Smith,draftkings,DraftKings,pass_completions,Passing completions,over,21.5,-106,25.923360076,0.5416666667,0.0,0.5145631068,0.4854288093,0.4876536759,20.5,2,271.0355987055,5.2672955975,Calibration fitted; not prospectively validated,2026-09-26T13:05:32Z,2026-09-27T17:00:00Z,Sun 1:00 PM ET,Detroit Lions,New York Jets
07f552badfa8a565d1be22123713e4da,New York Jets @ Detroit Lions,Jared Goff,draftkings,DraftKings,pass_tds,Passing touchdowns,over,2.5,169,3.18,0.5,0.0,0.3717472119,0.3512790301,0.3512790301,1.5,3,1282.5278810409,34.5,Calibration fitted; not prospectively validated,2026-09-26T13:05:32Z,2026-09-27T17:00:00Z,Sun 1:00 PM ET,Detroit Lions,New York Jets
07f552badfa8a565d1be22123713e4da,New York Jets @ Detroit Lions,Geno Smith,draftkings,DraftKings,pass_tds,Passing touchdowns,over,1.5,130,0.47,0.4421052632,0.0,0.4347826087,0.4100752573,0.389175168,1.5,6,73.2265446224,1.6842105263,Calibration fitted; not prospectively validated,2026-09-26T13:05:32Z,2026-09-27T17:00:00Z,Sun 1:00 PM ET,Detroit Lions,New York Jets
07f552badfa8a565d1be22123713e4da,New York Jets @ Detroit Lions,Jared Goff,fanduel,FanDuel,pass_tds,Passing touchdowns,under,1.5,146,3.18,0.4666666667,0.0,0.406504065,0.3795791512,0.3841595488,1.5,4,601.6260162602,14.8,Calibration fitted; not prospectively validated,2026-09-26T13:05:00Z,2026-09-27T17:00:00Z,Sun 1:00 PM ET,Detroit Lions,New York Jets
07f552badfa8a565d1be22123713e4da,New York Jets @ Detroit Lions,Geno Smith,fanduel,FanDuel,pass_tds,Passing touchdowns,over,1.5,140,0.47,0.4421052632,0.0,0.4166666667,0.3896103896,0.389175168,1.5,6,254.3859649123,6.1052631579,Calibration fitted; not prospectively validated,2026-09-26T13:05:00Z,2026-09-27T17:00:00Z,Sun 1:00 PM ET,Detroit Lions,New York Jets
07f552badfa8a565d1be22123713e4da,New York Jets @ Detroit Lions,Jared Goff,betrivers,BetRivers,pass_completions,Passing completions,over,23.5,100,26.829836957,0.5416666667,0.0,0.5,,0.5010387236,23.5,4,416.6666666667,8.3333333333,Calibration fitted; not prospectively validated,2026-09-26T13:05:13Z,2026-09-27T17:00:00Z,Sun 1:00 PM ET,Detroit Lions,New York Jets
07f552badfa8a565d1be22123713e4da,New York Jets @ Detroit Lions,Jared Goff,betrivers,BetRivers,pass_tds,Passing touchdowns,under,1.5,140,3.18,0.4666666667,0.0,0.4166666667,0.3887399464,0.3841595488,1.5,4,500.0,12.0,Calibration fitted; not prospectively validated,2026-09-26T13:05:13Z,2026-09-27T17:00:00Z,Sun 1:00 PM ET,Detroit Lions,New York Jets
07f552badfa8a565d1be22123713e4da,New York Jets @ Detroit Lions,Geno Smith,betrivers,BetRivers,pass_tds,Passing touchdowns,over,1.5,145,0.47,0.4421052632,0.0,0.4081632653,0.3817534778,0.389175168,1.5,6,339.4199785177,8.3157894737,Calibration fitted; not prospectively validated,2026-09-26T13:05:13Z,2026-09-27T17:00:00Z,Sun 1:00 PM ET,Detroit Lions,New York Jets
07f552badfa8a565d1be22123713e4da,New York Jets @ Detroit Lions,Jared Goff,betonlineag,BetOnline.ag,pass_attempts,Passing attempts,over,32.5,-123,39.5022322725,0.9304884107,0.0,0.5515695067,0.5185070944,0.5185070944,33.5,1,3789.1890393682,68.6983053479,Calibration fitted; not prospectively validated,2026-09-26T13:05:06Z,2026-09-27T17:00:00Z,Sun 1:00 PM ET,Detroit Lions,New York Jets
07f552badfa8a565d1be22123713e4da,New York Jets @ Detroit Lions,Geno Smith,betonlineag,BetOnline.ag,pass_attempts,Passing attempts,over,32.5,-108,37.2155281791,0.6363636364,0.0,0.5192307692,0.4876847291,0.4909529554,32.5,5,1171.3286713287,22.5589225589,Calibration fitted; not prospectively validated,2026-09-26T13:05:06Z,2026-09-27T17:00:00Z,Sun 1:00 PM ET,Detroit Lions,New York Jets
07f552badfa8a565d1be22123713e4da,New York Jets @ Detroit Lions,Geno Smith,betonlineag,BetOnline.ag,pass_tds,Passing touchdowns,over,1.5,146,0.47,0.4421052632,0.0,0.406504065,0.3820389366,0.389175168,1.5,6,356.0119811724,8.7578947368,Calibration fitted; not prospectively validated,2026-09-26T13:05:06Z,2026-09-27T17:00:00Z,Sun 1:00 PM ET,Detroit Lions,New York Jets
07f552badfa8a565d1be22123713e4da,New York Jets @ Detroit Lions,Jared Goff,betonlineag,BetOnline.ag,pass_tds,Passing touchdowns,over,2.5,167,3.18,0.5,0.0,0.3745318352,0.3520125937,0.3512790301,1.5,3,1254.6816479401,33.5,Calibration fitted; not prospectively validated,2026-09-26T13:05:06Z,2026-09-27T17:00:00Z,Sun 1:00 PM ET,Detroit Lions,New York Jets
07f552badfa8a565d1be22123713e4da,New York Jets @ Detroit Lions,Geno Smith,betmgm,BetMGM,pass_attempts,Passing attempts,over,32.5,-111,37.2155281791,0.6363636364,0.0,0.5260663507,0.4909529554,0.4909529554,32.5,5,1102.9728565274,20.9664209664,Calibration fitted; not prospectively validated,2026-09-26T13:05:29Z,2026-09-27T17:00:00Z,Sun 1:00 PM ET,Detroit Lions,New York Jets
07f552badfa8a565d1be22123713e4da,New York Jets @ Detroit Lions,Jared Goff,betmgm,BetMGM,pass_attempts,Passing attempts,over,33.5,-105,39.5022322725,0.6363636364,0.0,0.512195122,0.4796954315,0.4796954315,33.5,3,1241.6851441242,24.2424242424,Calibration fitted; not prospectively validated,2026-09-26T13:05:29Z,2026-09-27T17:00:00Z,Sun 1:00 PM ET,Detroit Lions,New York Jets
07f552badfa8a565d1be22123713e4da,New York Jets @ Detroit Lions,Jared Goff,betmgm,BetMGM,pass_tds,Passing touchdowns,under,1.5,130,3.18,0.4666666667,0.0,0.4347826087,0.405904059,0.3841595488,1.5,4,318.8405797101,7.3333333333,Calibration fitted; not prospectively validated,2026-09-26T13:05:29Z,2026-09-27T17:00:00Z,Sun 1:00 PM ET,Detroit Lions,New York Jets
07f552badfa8a565d1be22123713e4da,New York Jets @ Detroit Lions,Geno Smith,betmgm,BetMGM,pass_tds,Passing touchdowns,over,1.5,140,0.47,0.4421052632,0.0,0.4166666667,0.3887399464,0.389175168,1.5,6,254.3859649123,6.1052631579,Calibration fitted; not prospectively validated,2026-09-26T13:05:29Z,2026-09-27T17:00:00Z,Sun 1:00 PM ET,Detroit Lions,New York Jets
07f552badfa8a565d1be22123713e4da,New York Jets @ Detroit Lions,Geno Smith,betmgm,BetMGM,pass_yds,Passing yards,under,221.5,105,253.0072338406,0.5,0.0,0.487804878,0.4554079696,0.4554079696,226.5,1,121.9512195122,2.5,Calibration fitted; not prospectively validated,2026-09-26T13:05:29Z,2026-09-27T17:00:00Z,Sun 1:00 PM ET,Detroit Lions,New York Jets
07f552badfa8a565d1be22123713e4da,New York Jets @ Detroit Lions,Geno Smith,bovada,Bovada,pass_attempts,Passing attempts,over,32.5,-115,37.2155281791,0.6363636364,0.0,0.5348837209,0.5,0.4909529554,32.5,5,1014.799154334,18.9723320158,Calibration fitted; not prospectively validated,2026-09-26T13:05:34Z,2026-09-27T17:00:00Z,Sun 1:00 PM ET,Detroit Lions,New York Jets
07f552badfa8a565d1be22123713e4da,New York Jets @ Detroit Lions,Jared Goff,bovada,Bovada,pass_attempts,Passing attempts,over,33.5,-105,39.5022322725,0.6363636364,0.0,0.512195122,0.4796954315,0.4796954315,33.5,3,1241.6851441242,24.2424242424,Calibration fitted; not prospectively validated,2026-09-26T13:05:34Z,2026-09-27T17:00:00Z,Sun 1:00 PM ET,Detroit Lions,New York Jets
07f552badfa8a565d1be22123713e4da,New York Jets @ Detroit Lions,Geno Smith,bovada,Bovada,pass_completions,Passing completions,over,21.5,-110,25.923360076,0.5416666667,0.0,0.5238095238,0.4898785425,0.4876536759,20.5,2,178.5714285714,3.4090909091,Calibration fitted; not prospectively validated,2026-09-26T13:05:34Z,2026-09-27T17:00:00Z,Sun 1:00 PM ET,Detroit Lions,New York Jets
07f552badfa8a565d1be22123713e4da,New York Jets @ Detroit Lions,Jared Goff,bovada,Bovada,pass_completions,Passing completions,over,23.5,-115,26.829836957,0.5416666667,0.0,0.5348837209,0.5,0.5010387236,23.5,4,67.8294573643,1.268115942,Calibration fitted; not prospectively validated,2026-09-26T13:05:34Z,2026-09-27T17:00:00Z,Sun 1:00 PM ET,Detroit Lions,New York Jets
07f552badfa8a565d1be22123713e4da,New York Jets @ Detroit Lions,Geno Smith,bovada,Bovada,pass_tds,Passing touchdowns,over,1.5,130,0.47,0.4421052632,0.0,0.4347826087,0.4084720121,0.389175168,1.5,6,73.2265446224,1.6842105263,Calibration fitted; not prospectively validated,2026-09-26T13:05:34Z,2026-09-27T17:00:00Z,Sun 1:00 PM ET,Detroit Lions,New York Jets
07f552badfa8a565d1be22123713e4da,New York Jets @ Detroit Lions,Jared Goff,bovada,Bovada,pass_tds,Passing touchdowns,over,2.5,170,3.18,0.5,0.0,0.3703703704,0.3470031546,0.3512790301,1.5,3,1296.2962962963,35.0,Calibration fitted; not prospectively validated,2026-09-26T13:05:34Z,2026-09-27T17:00:00Z,Sun 1:00 PM ET,Detroit Lions,New York Jets
07f552badfa8a565d1be22123713e4da,New York Jets @ Detroit Lions,Geno Smith,fanatics,Fanatics,pass_attempts,Passing attempts,over,32.5,-110,37.2155281791,0.6363636364,0.0,0.5238095238,0.4898785425,0.4909529554,32.5,5,1125.5411255411,21.4876033058,Calibration fitted; not prospectively validated,2026-09-26T13:05:07Z,2026-09-27T17:00:00Z,Sun 1:00 PM ET,Detroit Lions,New York Jets
07f552badfa8a565d1be22123713e4da,New York Jets @ Detroit Lions,Jared Goff,fanatics,Fanatics,pass_completions,Passing completions,over,23.5,-115,26.829836957,0.5416666667,0.0,0.5348837209,0.5,0.5010387236,23.5,4,67.8294573643,1.268115942,Calibration fitted; not prospectively validated,2026-09-26T13:05:07Z,2026-09-27T17:00:00Z,Sun 1:00 PM ET,Detroit Lions,New York Jets
07f552badfa8a565d1be22123713e4da,New York Jets @ Detroit Lions,Jared Goff,fanatics,Fanatics,pass_tds,Passing touchdowns,under,1.5,155,3.18,0.4666666667,0.0,0.3921568627,0.3684687406,0.3841595488,1.5,4,745.0980392157,19.0,Calibration fitted; not prospectively validated,2026-09-26T13:05:07Z,2026-09-27T17:00:00Z,Sun 1:00 PM ET,Detroit Lions,New York Jets
07f552badfa8a565d1be22123713e4da,New York Jets @ Detroit Lions,Sam LaPorta,draftkings,DraftKings,receptions,Receptions,over,4.5,-114,5.2042773483,0.5475728155,0.0,0.5327102804,0.5020774472,0.5,4.5,6,148.6253516015,2.7899846704,Calibration fitted; not prospectively validated,2026-09-26T13:05:32Z,2026-09-27T17:00:00Z,Sun 1:00 PM ET,Detroit Lions,New York Jets
07f552badfa8a565d1be22123713e4da,New York Jets @ Detroit Lions,Jahmyr Gibbs,draftkings,DraftKings,receptions,Receptions,over,4.5,-101,4.6857745155,0.5408805031,0.0,0.5024875622,0.4740405383,0.4693877551,4.5,5,383.929409556,7.6405753783,Calibration fitted; not prospectively validated,2026-09-26T13:05:32Z,2026-09-27T17:00:00Z,Sun 1:00 PM ET,Detroit Lions,New York Jets
07f552badfa8a565d1be22123713e4da,New York Jets @ Detroit Lions,Jameson Williams,draftkings,DraftKings,receptions,Receptions,under,3.5,108,2.9455965238,0.5475728155,0.0,0.4807692308,0.4532987963,0.4458598726,3.5,5,668.0358476475,13.8951456311,Calibration fitted; not prospectively validated,2026-09-26T13:05:32Z,2026-09-27T17:00:00Z,Sun 1:00 PM ET,Detroit Lions,New York Jets
07f552badfa8a565d1be22123713e4da,New York Jets @ Detroit Lions,Breece Hall,draftkings,DraftKings,receptions,Receptions,over,3.5,118,3.8133902322,0.5408805031,0.0,0.4587155963,0.432624358,0.4287304796,3.5,4,821.6490681438,17.9119496855,Calibration fitted; not prospectively validated,2026-09-26T13:05:32Z,2026-09-27T17:00:00Z,Sun 1:00 PM ET,Detroit Lions,New York Jets
07f552badfa8a565d1be22123713e4da,New York Jets @ Detroit Lions,Kenyon Sadiq,draftkings,DraftKings,receptions,Receptions,under,2.5,126,3.2320727607,0.4524271845,0.0,0.4424778761,0.4176935634,0.4109219551,2.5,4,99.4930835982,2.2485436893,Calibration fitted; not prospectively validated,2026-09-26T13:05:32Z,2026-09-27T17:00:00Z,Sun 1:00 PM ET,Detroit Lions,New York Jets
07f552badfa8a565d1be22123713e4da,New York Jets @ Detroit Lions,Isaac TeSlaa,draftkings,DraftKings,receptions,Receptions,over,1.5,120,2.188508048,0.5475728155,0.0,0.4545454545,0.4291044776,0.4064075942,1.5,5,930.2736098853,20.4660194175,Calibration fitted; not prospectively validated,2026-09-26T13:05:32Z,2026-09-27T17:00:00Z,Sun 1:00 PM ET,Detroit Lions,New York Jets
07f552badfa8a565d1be22123713e4da,New York Jets @ Detroit Lions,Jahmyr Gibbs,draftkings,DraftKings,rush_attempts,Rushing attempts,under,18.5,-107,15.3267058796,0.55,0.0,0.5169082126,0.4875171639,0.4911787091,18.5,4,330.9178743961,6.4018691589,Calibration fitted; not prospectively validated,2026-09-26T13:05:32Z,2026-09-27T17:00:00Z,Sun 1:00 PM ET,Detroit Lions,New York Jets
07f552badfa8a565d1be22123713e4da,New York Jets @ Detroit Lions,Jahmyr Gibbs,draftkings,DraftKings,rush_yds,Rushing yards,under,89.5,-113,69.9047625361,0.5647668394,0.0,0.5305164319,0.5021058838,0.5010529419,89.5,4,342.5040745336,6.4560502545,Calibration fitted; not prospectively validated,2026-09-26T13:05:32Z,2026-09-27T17:00:00Z,Sun 1:00 PM ET,Detroit Lions,New York Jets
07f552badfa8a565d1be22123713e4da,New York Jets @ Detroit Lions,Geno Smith,draftkings,DraftKings,rush_yds,Rushing yards,over,11.5,-112,18.1441940565,0.5647668394,0.0,0.5283018868,0.5,0.5,11.5,5,364.6495258579,6.9022945966,Calibration fitted; not prospectively validated,2026-09-26T13:05:32Z,2026-09-27T17:00:00Z,Sun 1:00 PM ET,Detroit Lions,New York Jets
07f552badfa8a565d1be22123713e4da,New York Jets @ Detroit Lions,Sione Vaki,draftkings,DraftKings,rush_yds,Rushing yards,over,10.5,-105,21.4735241544,0.5647668394,0.0,0.512195122,0.4842767296,0.4923593984,10.5,4,525.7171742702,10.2640019738,Calibration fitted; not prospectively validated,2026-09-26T13:05:32Z,2026-09-27T17:00:00Z,Sun 1:00 PM ET,Detroit Lions,New York Jets
07f552badfa8a565d1be22123713e4da,New York Jets @ Detroit Lions,Jared Goff,draftkings,DraftKings,rush_yds,Rushing yards,over,0.5,-105,9.1523732119,0.5647668394,0.0,0.512195122,0.4852289513,0.4852289513,0.5,3,525.7171742702,10.2640019738,Calibration fitted; not prospectively validated,2026-09-26T13:05:32Z,2026-09-27T17:00:00Z,Sun 1:00 PM ET,Detroit Lions,New York Jets
07f552badfa8a565d1be22123713e4da,New York Jets @ Detroit Lions,Isaac TeSlaa,fanduel,FanDuel,receptions,Receptions,over,1.5,130,2.188508048,0.5475728155,0.0,0.4347826087,0.4064075942,0.4064075942,1.5,5,1127.9020683833,25.9417475728,Calibration fitted; not prospectively validated,2026-09-26T13:05:00Z,2026-09-27T17:00:00Z,Sun 1:00 PM ET,Detroit Lions,New York Jets
07f552badfa8a565d1be22123713e4da,New York Jets @ Detroit Lions,Jahmyr Gibbs,fanduel,FanDuel,receptions,Receptions,over,4.5,-102,4.6857745155,0.5408805031,0.0,0.504950495,0.471842317,0.4693877551,4.5,5,359.3000809515,7.1155506228,Calibration fitted; not prospectively validated,2026-09-26T13:05:00Z,2026-09-27T17:00:00Z,Sun 1:00 PM ET,Detroit Lions,New York Jets
07f552badfa8a565d1be22123713e4da,New York Jets @ Detroit Lions,Isaiah Williams,fanduel,FanDuel,receptions,Receptions,over,2.5,-118,3.946625779,0.5475728155,0.0,0.5412844037,0.5060689432,0.5163099197,2.5,4,62.8841186426,1.1617574461,Calibration fitted; not prospectively validated,2026-09-26T13:05:00Z,2026-09-27T17:00:00Z,Sun 1:00 PM ET,Detroit Lions,New York Jets
07f552badfa8a565d1be22123713e4da,New York Jets @ Detroit Lions,Sam LaPorta,fanduel,FanDuel,receptions,Receptions,over,4.5,-114,5.2042773483,0.5475728155,0.0,0.5327102804,0.5,0.5,4.5,6,148.6253516015,2.7899846704,Calibration fitted; not prospectively validated,2026-09-26T13:05:00Z,2026-09-27T17:00:00Z,Sun 1:00 PM ET,Detroit Lions,New York Jets
07f552badfa8a565d1be22123713e4da,New York Jets @ Detroit Lions,Adonai Mitchell,fanduel,FanDuel,receptions,Receptions,over,3.5,-102,4.2214472821,0.5475728155,0.0,0.504950495,0.471842317,0.5181349868,3.5,4,426.2232048448,8.4408909195,Calibration fitted; not prospectively validated,2026-09-26T13:05:00Z,2026-09-27T17:00:00Z,Sun 1:00 PM ET,Detroit Lions,New York Jets
07f552badfa8a565d1be22123713e4da,New York Jets @ Detroit Lions,Jameson Williams,fanduel,FanDuel,receptions,Receptions,under,3.5,112,2.9455965238,0.5475728155,0.0,0.4716981132,0.4414696668,0.4458598726,3.5,5,758.7470232643,16.0854368932,Calibration fitted; not prospectively validated,2026-09-26T13:05:00Z,2026-09-27T17:00:00Z,Sun 1:00 PM ET,Detroit Lions,New York Jets
07f552badfa8a565d1be22123713e4da,New York Jets @ Detroit Lions,Kenyon Sadiq,fanduel,FanDuel,receptions,Receptions,under,2.5,132,3.2320727607,0.4524271845,0.0,0.4310344828,0.402338775,0.4109219551,2.5,4,213.927017074,4.9631067961,Calibration fitted; not prospectively validated,2026-09-26T13:05:00Z,2026-09-27T17:00:00Z,Sun 1:00 PM ET,Detroit Lions,New York Jets
07f552badfa8a565d1be22123713e4da,New York Jets @ Detroit Lions,Amon-Ra St. Brown,fanduel,FanDuel,receptions,Receptions,over,7.5,130,7.9236032082,0.5420560748,0.0,0.4347826087,0.4064075942,0.4111957295,7.0,2,1072.734660707,24.6728971963,Calibration fitted; not prospectively validated,2026-09-26T13:05:00Z,2026-09-27T17:00:00Z,Sun 1:00 PM ET,Detroit Lions,New York Jets
07f552badfa8a565d1be22123713e4da,New York Jets @ Detroit Lions,Breece Hall,fanduel,FanDuel,receptions,Receptions,over,3.5,120,3.8133902322,0.5408805031,0.0,0.4545454545,0.4248366013,0.4287304796,3.5,4,863.350485992,18.9937106918,Calibration fitted; not prospectively validated,2026-09-26T13:05:00Z,2026-09-27T17:00:00Z,Sun 1:00 PM ET,Detroit Lions,New York Jets
07f552badfa8a565d1be22123713e4da,New York Jets @ Detroit Lions,Sione Vaki,fanduel,FanDuel,rush_yds,Rushing yards,over,10.5,-114,21.4735241544,0.5647668394,0.0,0.5327102804,0.5,0.4923593984,10.5,4,320.5655900441,6.0176347605,Calibration fitted; not prospectively validated,2026-09-26T13:05:00Z,2026-09-27T17:00:00Z,Sun 1:00 PM ET,Detroit Lions,New York Jets
07f552badfa8a565d1be22123713e4da,New York Jets @ Detroit Lions,Geno Smith,fanduel,FanDuel,rush_yds,Rushing yards,over,11.5,-114,18.1441940565,0.5647668394,0.0,0.5327102804,0.5,0.5,11.5,5,320.5655900441,6.0176347605,Calibration fitted; not prospectively validated,2026-09-26T13:05:00Z,2026-09-27T17:00:00Z,Sun 1:00 PM ET,Detroit Lions,New York Jets
07f552badfa8a565d1be22123713e4da,New York Jets @ Detroit Lions,Jared Goff,fanduel,FanDuel,rush_yds,Rushing yards,over,0.5,108,9.1523732119,0.5647668394,0.0,0.4807692308,0.4518072289,0.4852289513,0.5,3,839.9760860901,17.4715025907,Calibration fitted; not prospectively validated,2026-09-26T13:05:00Z,2026-09-27T17:00:00Z,Sun 1:00 PM ET,Detroit Lions,New York Jets
07f552badfa8a565d1be22123713e4da,New York Jets @ Detroit Lions,Jahmyr Gibbs,fanduel,FanDuel,rush_yds,Rushing yards,under,87.5,-114,69.9047625361,0.5647668394,0.0,0.5327102804,0.5,0.5,89.5,1,320.5655900441,6.0176347605,Calibration fitted; not prospectively validated,2026-09-26T13:05:00Z,2026-09-27T17:00:00Z,Sun 1:00 PM ET,Detroit Lions,New York Jets
07f552badfa8a565d1be22123713e4da,New York Jets @ Detroit Lions,Garrett Wilson,betrivers,BetRivers,receptions,Receptions,over,5.5,-115,5.9443155679,0.5420560748,0.0,0.5348837209,,0.5365247333,5.5,4,71.7235383612,1.3409183259,Calibration fitted; not prospectively validated,2026-09-26T13:05:13Z,2026-09-27T17:00:00Z,Sun 1:00 PM ET,Detroit Lions,New York Jets
07f552badfa8a565d1be22123713e4da,New York Jets @ Detroit Lions,Isaac TeSlaa,betrivers,BetRivers,receptions,Receptions,over,1.5,125,2.188508048,0.5475728155,0.0,0.4444444444,,0.4064075942,1.5,5,1031.2837108954,23.2038834951,Calibration fitted; not prospectively validated,2026-09-26T13:05:13Z,2026-09-27T17:00:00Z,Sun 1:00 PM ET,Detroit Lions,New York Jets
07f552badfa8a565d1be22123713e4da,New York Jets @ Detroit Lions,Adonai Mitchell,betrivers,BetRivers,receptions,Receptions,over,3.5,-121,4.2214472821,0.5475728155,0.0,0.5475113122,,0.5181349868,3.5,4,0.6150331679,0.0112332504,Calibration fitted; not prospectively validated,2026-09-26T13:05:13Z,2026-09-27T17:00:00Z,Sun 1:00 PM ET,Detroit Lions,New York Jets
07f552badfa8a565d1be22123713e4da,New York Jets @ Detroit Lions,Breece Hall,betrivers,BetRivers,receptions,Receptions,over,3.5,120,3.8133902322,0.5408805031,0.0,0.4545454545,,0.4287304796,3.5,4,863.350485992,18.9937106918,Calibration fitted; not prospectively validated,2026-09-26T13:05:13Z,2026-09-27T17:00:00Z,Sun 1:00 PM ET,Detroit Lions,New York Jets
07f552badfa8a565d1be22123713e4da,New York Jets @ Detroit Lions,Jahmyr Gibbs,betrivers,BetRivers,receptions,Receptions,over,4.5,-112,4.6857745155,0.5408805031,0.0,0.5283018868,,0.4693877551,4.5,5,125.786163522,2.380952381,Calibration fitted; not prospectively validated,2026-09-26T13:05:13Z,2026-09-27T17:00:00Z,Sun 1:00 PM ET,Detroit Lions,New York Jets
07f552badfa8a565d1be22123713e4da,New York Jets @ Detroit Lions,Amon-Ra St. Brown,betrivers,BetRivers,receptions,Receptions,over,7.5,115,7.9236032082,0.5420560748,0.0,0.4651162791,,0.4111957295,7.0,2,769.3979569659,16.5420560748,Calibration fitted; not prospectively validated,2026-09-26T13:05:13Z,2026-09-27T17:00:00Z,Sun 1:00 PM ET,Detroit Lions,New York Jets
07f552badfa8a565d1be22123713e4da,New York Jets @ Detroit Lions,Isaiah Williams,betrivers,BetRivers,receptions,Receptions,over,2.5,-112,3.946625779,0.5475728155,0.0,0.5283018868,,0.5163099197,2.5,4,192.7092874153,3.6477115118,Calibration fitted; not prospectively validated,2026-09-26T13:05:13Z,2026-09-27T17:00:00Z,Sun 1:00 PM ET,Detroit Lions,New York Jets
07f552badfa8a565d1be22123713e4da,New York Jets @ Detroit Lions,Jahmyr Gibbs,betrivers,BetRivers,rush_yds,Rushing yards,under,89.5,-117,69.9047625361,0.5647668394,0.0,0.5391705069,0.5030135005,0.5010529419,89.5,4,255.963324658,4.7473539702,Calibration fitted; not prospectively validated,2026-09-26T13:05:13Z,2026-09-27T17:00:00Z,Sun 1:00 PM ET,Detroit Lions,New York Jets
07f552badfa8a565d1be22123713e4da,New York Jets @ Detroit Lions,Geno Smith,betrivers,BetRivers,rush_yds,Rushing yards,over,11.5,-115,18.1441940565,0.5647668394,0.0,0.5348837209,0.5,0.5,11.5,5,298.8311844801,5.5868438838,Calibration fitted; not prospectively validated,2026-09-26T13:05:13Z,2026-09-27T17:00:00Z,Sun 1:00 PM ET,Detroit Lions,New York Jets
07f552badfa8a565d1be22123713e4da,New York Jets @ Detroit Lions,Sam LaPorta,betonlineag,BetOnline.ag,receptions,Receptions,over,4.5,-105,5.2042773483,0.5475728155,0.0,0.512195122,0.4814929056,0.5,4.5,6,353.7769358276,6.907073509,Calibration fitted; not prospectively validated,2026-09-26T13:05:06Z,2026-09-27T17:00:00Z,Sun 1:00 PM ET,Detroit Lions,New York Jets
07f552badfa8a565d1be22123713e4da,New York Jets @ Detroit Lions,Breece Hall,betonlineag,BetOnline.ag,receptions,Receptions,over,3.5,125,3.8133902322,0.5408805031,0.0,0.4444444444,0.4170616114,0.4287304796,3.5,4,964.3605870021,21.6981132075,Calibration fitted; not prospectively validated,2026-09-26T13:05:06Z,2026-09-27T17:00:00Z,Sun 1:00 PM ET,Detroit Lions,New York Jets
07f552badfa8a565d1be22123713e4da,New York Jets @ Detroit Lions,Jameson Williams,betonlineag,BetOnline.ag,receptions,Receptions,under,3.5,115,2.9455965238,0.5475728155,0.0,0.4651162791,0.4373408273,0.4458598726,3.5,5,824.5653646421,17.7281553398,Calibration fitted; not prospectively validated,2026-09-26T13:05:06Z,2026-09-27T17:00:00Z,Sun 1:00 PM ET,Detroit Lions,New York Jets
07f552badfa8a565d1be22123713e4da,New York Jets @ Detroit Lions,Amon-Ra St. Brown,betonlineag,BetOnline.ag,receptions,Receptions,over,7.5,126,7.9236032082,0.5420560748,0.0,0.4424778761,0.4159838649,0.4111957295,7.0,2,995.7819866016,22.5046728972,Calibration fitted; not prospectively validated,2026-09-26T13:05:06Z,2026-09-27T17:00:00Z,Sun 1:00 PM ET,Detroit Lions,New York Jets
07f552badfa8a565d1be22123713e4da,New York Jets @ Detroit Lions,Adonai Mitchell,betonlineag,BetOnline.ag,receptions,Receptions,over,3.5,-118,4.2214472821,0.5475728155,0.0,0.5412844037,0.5082034454,0.5181349868,3.5,4,62.8841186426,1.1617574461,Calibration fitted; not prospectively validated,2026-09-26T13:05:06Z,2026-09-27T17:00:00Z,Sun 1:00 PM ET,Detroit Lions,New York Jets
07f552badfa8a565d1be22123713e4da,New York Jets @ Detroit Lions,Jahmyr Gibbs,betonlineag,BetOnline.ag,receptions,Receptions,over,4.5,100,4.6857745155,0.5408805031,0.0,0.5,0.4693877551,0.4693877551,4.5,5,408.8050314465,8.1761006289,Calibration fitted; not prospectively validated,2026-09-26T13:05:06Z,2026-09-27T17:00:00Z,Sun 1:00 PM ET,Detroit Lions,New York Jets
07f552badfa8a565d1be22123713e4da,New York Jets @ Detroit Lions,Isaac TeSlaa,betonlineag,BetOnline.ag,receptions,Receptions,over,1.5,132,2.188508048,0.5475728155,0.0,0.4310344828,0.4053409633,0.4064075942,1.5,5,1165.3833277536,27.0368932039,Calibration fitted; not prospectively validated,2026-09-26T13:05:06Z,2026-09-27T17:00:00Z,Sun 1:00 PM ET,Detroit Lions,New York Jets
07f552badfa8a565d1be22123713e4da,New York Jets @ Detroit Lions,Kenyon Sadiq,betonlineag,BetOnline.ag,receptions,Receptions,under,2.5,132,3.2320727607,0.4524271845,0.0,0.4310344828,0.4053409633,0.4109219551,2.5,4,213.927017074,4.9631067961,Calibration fitted; not prospectively validated,2026-09-26T13:05:06Z,2026-09-27T17:00:00Z,Sun 1:00 PM ET,Detroit Lions,New York Jets
07f552badfa8a565d1be22123713e4da,New York Jets @ Detroit Lions,Isaiah Williams,betonlineag,BetOnline.ag,receptions,Receptions,over,2.5,-120,3.946625779,0.5475728155,0.0,0.5454545455,0.5123152709,0.5163099197,2.5,4,21.1827007944,0.3883495146,Calibration fitted; not prospectively validated,2026-09-26T13:05:06Z,2026-09-27T17:00:00Z,Sun 1:00 PM ET,Detroit Lions,New York Jets
07f552badfa8a565d1be22123713e4da,New York Jets @ Detroit Lions,Jahmyr Gibbs,betonlineag,BetOnline.ag,rush_attempts,Rushing attempts,under,18.5,-111,15.3267058796,0.55,0.0,0.5260663507,0.4948402543,0.4911787091,18.5,4,239.336492891,4.5495495495,Calibration fitted; not prospectively validated,2026-09-26T13:05:06Z,2026-09-27T17:00:00Z,Sun 1:00 PM ET,Detroit Lions,New York Jets
07f552badfa8a565d1be22123713e4da,New York Jets @ Detroit Lions,Breece Hall,betonlineag,BetOnline.ag,rush_attempts,Rushing attempts,under,14.5,106,14.0897557733,0.506993007,0.0,0.4854368932,0.4564539116,0.4876536759,14.5,4,215.5611378912,4.4405594406,Calibration fitted; not prospectively validated,2026-09-26T13:05:06Z,2026-09-27T17:00:00Z,Sun 1:00 PM ET,Detroit Lions,New York Jets
07f552badfa8a565d1be22123713e4da,New York Jets @ Detroit Lions,Jahmyr Gibbs,betonlineag,BetOnline.ag,rush_yds,Rushing yards,under,89.5,-114,69.9047625361,0.5647668394,0.0,0.5327102804,0.5,0.5010529419,89.5,4,320.5655900441,6.0176347605,Calibration fitted; not prospectively validated,2026-09-26T13:05:06Z,2026-09-27T17:00:00Z,Sun 1:00 PM ET,Detroit Lions,New York Jets
07f552badfa8a565d1be22123713e4da,New York Jets @ Detroit Lions,Geno Smith,betonlineag,BetOnline.ag,rush_yds,Rushing yards,over,11.5,-114,18.1441940565,0.5647668394,0.0,0.5327102804,0.5,0.5,11.5,5,320.5655900441,6.0176347605,Calibration fitted; not prospectively validated,2026-09-26T13:05:06Z,2026-09-27T17:00:00Z,Sun 1:00 PM ET,Detroit Lions,New York Jets
07f552badfa8a565d1be22123713e4da,New York Jets @ Detroit Lions,Sione Vaki,betonlineag,BetOnline.ag,rush_yds,Rushing yards,over,10.5,-111,21.4735241544,0.5647668394,0.0,0.5260663507,0.4948402543,0.4923593984,10.5,4,387.0048866734,7.3565793773,Calibration fitted; not prospectively validated,2026-09-26T13:05:06Z,2026-09-27T17:00:00Z,Sun 1:00 PM ET,Detroit Lions,New York Jets
07f552badfa8a565d1be22123713e4da,New York Jets @ Detroit Lions,Jahmyr Gibbs,betmgm,BetMGM,receptions,Receptions,over,4.5,105,4.6857745155,0.5408805031,0.0,0.487804878,0.4554079696,0.4693877551,4.5,5,530.7562509587,10.8805031447,Calibration fitted; not prospectively validated,2026-09-26T13:05:29Z,2026-09-27T17:00:00Z,Sun 1:00 PM ET,Detroit Lions,New York Jets
07f552badfa8a565d1be22123713e4da,New York Jets @ Detroit Lions,Sam LaPorta,betmgm,BetMGM,receptions,Receptions,over,4.5,-115,5.2042773483,0.5475728155,0.0,0.5348837209,0.5,0.5,4.5,6,126.8909460375,2.3723089911,Calibration fitted; not prospectively validated,2026-09-26T13:05:29Z,2026-09-27T17:00:00Z,Sun 1:00 PM ET,Detroit Lions,New York Jets
07f552badfa8a565d1be22123713e4da,New York Jets @ Detroit Lions,Jameson Williams,betmgm,BetMGM,receptions,Receptions,under,3.5,105,2.9455965238,0.5475728155,0.0,0.487804878,0.4518211157,0.4458598726,3.5,5,597.679374852,12.2524271845,Calibration fitted; not prospectively validated,2026-09-26T13:05:29Z,2026-09-27T17:00:00Z,Sun 1:00 PM ET,Detroit Lions,New York Jets
07f552badfa8a565d1be22123713e4da,New York Jets @ Detroit Lions,Isaac TeSlaa,betmgm,BetMGM,receptions,Receptions,over,1.5,140,2.188508048,0.5475728155,0.0,0.4166666667,0.3887399464,0.4064075942,1.5,5,1309.0614886731,31.4174757282,Calibration fitted; not prospectively validated,2026-09-26T13:05:29Z,2026-09-27T17:00:00Z,Sun 1:00 PM ET,Detroit Lions,New York Jets
07f552badfa8a565d1be22123713e4da,New York Jets @ Detroit Lions,Jahmyr Gibbs,betmgm,BetMGM,rush_yds,Rushing yards,under,91.5,-115,69.9047625361,0.5647668394,0.0,0.5348837209,0.5,0.5,89.5,1,298.8311844801,5.5868438838,Calibration fitted; not prospectively validated,2026-09-26T13:05:29Z,2026-09-27T17:00:00Z,Sun 1:00 PM ET,Detroit Lions,New York Jets
07f552badfa8a565d1be22123713e4da,New York Jets @ Detroit Lions,Breece Hall,bovada,Bovada,receptions,Receptions,over,3.5,115,3.8133902322,0.5408805031,0.0,0.4651162791,0.4366812227,0.4287304796,3.5,4,757.6422407489,16.2893081761,Calibration fitted; not prospectively validated,2026-09-26T13:05:34Z,2026-09-27T17:00:00Z,Sun 1:00 PM ET,Detroit Lions,New York Jets
07f552badfa8a565d1be22123713e4da,New York Jets @ Detroit Lions,Isaac TeSlaa,bovada,Bovada,receptions,Receptions,over,1.5,120,2.188508048,0.5475728155,0.0,0.4545454545,0.4248366013,0.4064075942,1.5,5,930.2736098853,20.4660194175,Calibration fitted; not prospectively validated,2026-09-26T13:05:34Z,2026-09-27T17:00:00Z,Sun 1:00 PM ET,Detroit Lions,New York Jets
07f552badfa8a565d1be22123713e4da,New York Jets @ Detroit Lions,Jahmyr Gibbs,bovada,Bovada,receptions,Receptions,over,4.5,100,4.6857745155,0.5408805031,0.0,0.5,0.4693877551,0.4693877551,4.5,5,408.8050314465,8.1761006289,Calibration fitted; not prospectively validated,2026-09-26T13:05:34Z,2026-09-27T17:00:00Z,Sun 1:00 PM ET,Detroit Lions,New York Jets
07f552badfa8a565d1be22123713e4da,New York Jets @ Detroit Lions,Jameson Williams,bovada,Bovada,receptions,Receptions,under,3.5,110,2.9455965238,0.5475728155,0.0,0.4761904762,0.4458598726,0.4458598726,3.5,5,713.823393435,14.9902912621,Calibration fitted; not prospectively validated,2026-09-26T13:05:34Z,2026-09-27T17:00:00Z,Sun 1:00 PM ET,Detroit Lions,New York Jets
07f552badfa8a565d1be22123713e4da,New York Jets @ Detroit Lions,Kenyon Sadiq,bovada,Bovada,receptions,Receptions,under,2.5,125,3.2320727607,0.4524271845,0.0,0.4444444444,0.416502947,0.4109219551,2.5,4,79.8274002158,1.7961165049,Calibration fitted; not prospectively validated,2026-09-26T13:05:34Z,2026-09-27T17:00:00Z,Sun 1:00 PM ET,Detroit Lions,New York Jets
07f552badfa8a565d1be22123713e4da,New York Jets @ Detroit Lions,Sam LaPorta,bovada,Bovada,receptions,Receptions,over,4.5,-115,5.2042773483,0.5475728155,0.0,0.5348837209,0.5,0.5,4.5,6,126.8909460375,2.3723089911,Calibration fitted; not prospectively validated,2026-09-26T13:05:34Z,2026-09-27T17:00:00Z,Sun 1:00 PM ET,Detroit Lions,New York Jets
07f552badfa8a565d1be22123713e4da,New York Jets @ Detroit Lions,Jahmyr Gibbs,bovada,Bovada,rush_attempts,Rushing attempts,under,18.5,-115,15.3267058796,0.55,0.0,0.5348837209,0.5,0.4911787091,18.5,4,151.1627906977,2.8260869565,Calibration fitted; not prospectively validated,2026-09-26T13:05:34Z,2026-09-27T17:00:00Z,Sun 1:00 PM ET,Detroit Lions,New York Jets
07f552badfa8a565d1be22123713e4da,New York Jets @ Detroit Lions,Geno Smith,bovada,Bovada,rush_yds,Rushing yards,over,11.5,-115,18.1441940565,0.5647668394,0.0,0.5348837209,0.5,0.5,11.5,5,298.8311844801,5.5868438838,Calibration fitted; not prospectively validated,2026-09-26T13:05:34Z,2026-09-27T17:00:00Z,Sun 1:00 PM ET,Detroit Lions,New York Jets
07f552badfa8a565d1be22123713e4da,New York Jets @ Detroit Lions,Jahmyr Gibbs,bovada,Bovada,rush_yds,Rushing yards,under,89.5,-105,69.9047625361,0.5647668394,0.0,0.512195122,0.4796954315,0.5010529419,89.5,4,525.7171742702,10.2640019738,Calibration fitted; not prospectively validated,2026-09-26T13:05:34Z,2026-09-27T17:00:00Z,Sun 1:00 PM ET,Detroit Lions,New York Jets
07f552badfa8a565d1be22123713e4da,New York Jets @ Detroit Lions,Jared Goff,bovada,Bovada,rush_yds,Rushing yards,over,0.5,-110,9.1523732119,0.5647668394,0.0,0.5238095238,0.4898785425,0.4852289513,0.5,3,409.5731556871,7.8191238813,Calibration fitted; not prospectively validated,2026-09-26T13:05:34Z,2026-09-27T17:00:00Z,Sun 1:00 PM ET,Detroit Lions,New York Jets
07f552badfa8a565d1be22123713e4da,New York Jets @ Detroit Lions,Sione Vaki,bovada,Bovada,rush_yds,Rushing yards,over,10.5,-110,21.4735241544,0.5647668394,0.0,0.5238095238,0.4898785425,0.4923593984,10.5,4,409.5731556871,7.8191238813,Calibration fitted; not prospectively validated,2026-09-26T13:05:34Z,2026-09-27T17:00:00Z,Sun 1:00 PM ET,Detroit Lions,New York Jets
07f552badfa8a565d1be22123713e4da,New York Jets @ Detroit Lions,Jahmyr Gibbs,fanatics,Fanatics,rush_attempts,Rushing attempts,under,18.5,-105,15.3267058796,0.55,0.0,0.512195122,0.4796954315,0.4911787091,18.5,4,378.0487804878,7.380952381,Calibration fitted; not prospectively validated,2026-09-26T13:05:07Z,2026-09-27T17:00:00Z,Sun 1:00 PM ET,Detroit Lions,New York Jets
17a730b7d399feeab6a78c30767c29d2,Houston Texans @ Indianapolis Colts,C.J. Stroud,draftkings,DraftKings,pass_attempts,Passing attempts,over,32.5,-118,42.1712175429,0.98,0.0,0.5412844037,0.5103976044,0.5101214575,32.5,5,4387.1559633028,81.0508474576,Calibration fitted; not prospectively validated,2026-09-26T13:05:33Z,2026-09-27T17:00:00Z,Sun 1:00 PM ET,Indianapolis Colts,Houston Texans
17a730b7d399feeab6a78c30767c29d2,Houston Texans @ Indianapolis Colts,Daniel Jones,draftkings,DraftKings,pass_attempts,Passing attempts,over,31.5,-126,34.6280484223,0.6363636364,0.0,0.5575221239,0.5259594617,0.5282858533,32.0,2,788.4151246983,14.1414141414,Calibration fitted; not prospectively validated,2026-09-26T13:05:33Z,2026-09-27T17:00:00Z,Sun 1:00 PM ET,Indianapolis Colts,Houston Texans
17a730b7d399feeab6a78c30767c29d2,Houston Texans @ Indianapolis Colts,C.J. Stroud,draftkings,DraftKings,pass_tds,Passing touchdowns,over,1.5,131,0.94,0.4666666667,0.0,0.4329004329,0.4084867699,0.4154025671,1.5,7,337.6623376623,7.8,Calibration fitted; not prospectively validated,2026-09-26T13:05:33Z,2026-09-27T17:00:00Z,Sun 1:00 PM ET,Indianapolis Colts,Houston Texans
17a730b7d399feeab6a78c30767c29d2,Houston Texans @ Indianapolis Colts,Daniel Jones,draftkings,DraftKings,pass_tds,Passing touchdowns,over,1.5,159,1.06,0.4821981424,0.0,0.3861003861,0.3648543573,0.3585983126,1.5,6,960.9775631447,24.8893188854,Calibration fitted; not prospectively validated,2026-09-26T13:05:33Z,2026-09-27T17:00:00Z,Sun 1:00 PM ET,Indianapolis Colts,Houston Texans
17a730b7d399feeab6a78c30767c29d2,Houston Texans @ Indianapolis Colts,C.J. Stroud,fanduel,FanDuel,pass_tds,Passing touchdowns,over,1.5,130,0.94,0.4666666667,0.0,0.4347826087,0.4064075942,0.4154025671,1.5,7,318.8405797101,7.3333333333,Calibration fitted; not prospectively validated,2026-09-26T13:05:50Z,2026-09-27T17:00:00Z,Sun 1:00 PM ET,Indianapolis Colts,Houston Texans
17a730b7d399feeab6a78c30767c29d2,Houston Texans @ Indianapolis Colts,Daniel Jones,fanduel,FanDuel,pass_tds,Passing touchdowns,over,1.5,162,1.06,0.4821981424,0.0,0.3816793893,0.3569834895,0.3585983126,1.5,6,1005.1875310188,26.3359133127,Calibration fitted; not prospectively validated,2026-09-26T13:05:50Z,2026-09-27T17:00:00Z,Sun 1:00 PM ET,Indianapolis Colts,Houston Texans
17a730b7d399feeab6a78c30767c29d2,Houston Texans @ Indianapolis Colts,C.J. Stroud,betrivers,BetRivers,pass_tds,Passing touchdowns,over,1.5,125,0.94,0.4666666667,0.0,0.4444444444,0.4154025671,0.4154025671,1.5,7,222.2222222222,5.0,Calibration fitted; not prospectively validated,2026-09-26T13:05:34Z,2026-09-27T17:00:00Z,Sun 1:00 PM ET,Indianapolis Colts,Houston Texans
17a730b7d399feeab6a78c30767c29d2,Houston Texans @ Indianapolis Colts,Daniel Jones,betrivers,BetRivers,pass_tds,Passing touchdowns,over,1.5,185,1.06,0.4821981424,0.0,0.350877193,0.3258201294,0.3585983126,1.5,6,1313.209494324,37.4264705882,Calibration fitted; not prospectively validated,2026-09-26T13:05:34Z,2026-09-27T17:00:00Z,Sun 1:00 PM ET,Indianapolis Colts,Houston Texans
17a730b7d399feeab6a78c30767c29d2,Houston Texans @ Indianapolis Colts,C.J. Stroud,betonlineag,BetOnline.ag,pass_attempts,Passing attempts,over,32.5,-118,42.1712175429,0.98,0.0,0.5412844037,0.5082034454,0.5101214575,32.5,5,4387.1559633028,81.0508474576,Calibration fitted; not prospectively validated,2026-09-26T13:04:57Z,2026-09-27T17:00:00Z,Sun 1:00 PM ET,Indianapolis Colts,Houston Texans
17a730b7d399feeab6a78c30767c29d2,Houston Texans @ Indianapolis Colts,Daniel Jones,betonlineag,BetOnline.ag,pass_attempts,Passing attempts,over,32.5,110,34.6280484223,0.5,0.0,0.4761904762,0.4472667035,0.4634810675,32.0,2,238.0952380952,5.0,Calibration fitted; not prospectively validated,2026-09-26T13:04:57Z,2026-09-27T17:00:00Z,Sun 1:00 PM ET,Indianapolis Colts,Houston Texans
17a730b7d399feeab6a78c30767c29d2,Houston Texans @ Indianapolis Colts,C.J. Stroud,betonlineag,BetOnline.ag,pass_tds,Passing touchdowns,over,1.5,126,0.94,0.4666666667,0.0,0.4424778761,0.4159838649,0.4154025671,1.5,7,241.8879056047,5.4666666667,Calibration fitted; not prospectively validated,2026-09-26T13:04:57Z,2026-09-27T17:00:00Z,Sun 1:00 PM ET,Indianapolis Colts,Houston Texans
17a730b7d399feeab6a78c30767c29d2,Houston Texans @ Indianapolis Colts,Daniel Jones,betonlineag,BetOnline.ag,pass_tds,Passing touchdowns,over,1.5,161,1.06,0.4821981424,0.0,0.3831417625,0.3602131357,0.3585983126,1.5,6,990.5637996275,25.8537151703,Calibration fitted; not prospectively validated,2026-09-26T13:04:57Z,2026-09-27T17:00:00Z,Sun 1:00 PM ET,Indianapolis Colts,Houston Texans
17a730b7d399feeab6a78c30767c29d2,Houston Texans @ Indianapolis Colts,C.J. Stroud,betmgm,BetMGM,pass_attempts,Passing attempts,over,32.5,-120,42.1712175429,0.98,0.0,0.5454545455,0.5101214575,0.5101214575,32.5,5,4345.4545454545,79.6666666667,Calibration fitted; not prospectively validated,2026-09-26T13:05:46Z,2026-09-27T17:00:00Z,Sun 1:00 PM ET,Indianapolis Colts,Houston Texans
17a730b7d399feeab6a78c30767c29d2,Houston Texans @ Indianapolis Colts,C.J. Stroud,betmgm,BetMGM,pass_completions,Passing completions,over,20.5,-111,24.6743419116,0.5426988864,0.0,0.5260663507,0.4909529554,0.5102580936,20.5,5,166.3253570561,3.1616802107,Calibration fitted; not prospectively validated,2026-09-26T13:05:46Z,2026-09-27T17:00:00Z,Sun 1:00 PM ET,Indianapolis Colts,Houston Texans
17a730b7d399feeab6a78c30767c29d2,Houston Texans @ Indianapolis Colts,Daniel Jones,betmgm,BetMGM,pass_tds,Passing touchdowns,over,1.5,180,1.06,0.4821981424,0.0,0.3571428571,0.3333333333,0.3585983126,1.5,6,1250.55285272,35.0154798762,Calibration fitted; not prospectively validated,2026-09-26T13:05:46Z,2026-09-27T17:00:00Z,Sun 1:00 PM ET,Indianapolis Colts,Houston Texans
17a730b7d399feeab6a78c30767c29d2,Houston Texans @ Indianapolis Colts,C.J. Stroud,betmgm,BetMGM,pass_tds,Passing touchdowns,over,1.5,115,0.94,0.4666666667,0.0,0.4651162791,0.4334891628,0.4154025671,1.5,7,15.503875969,0.3333333333,Calibration fitted; not prospectively validated,2026-09-26T13:05:46Z,2026-09-27T17:00:00Z,Sun 1:00 PM ET,Indianapolis Colts,Houston Texans
17a730b7d399feeab6a78c30767c29d2,Houston Texans @ Indianapolis Colts,C.J. Stroud,bovada,Bovada,pass_attempts,Passing attempts,over,32.5,-120,42.1712175429,0.98,0.0,0.5454545455,0.5101214575,0.5101214575,32.5,5,4345.4545454545,79.6666666667,Calibration fitted; not prospectively validated,2026-09-26T13:04:10Z,2026-09-27T17:00:00Z,Sun 1:00 PM ET,Indianapolis Colts,Houston Texans
17a730b7d399feeab6a78c30767c29d2,Houston Texans @ Indianapolis Colts,Daniel Jones,bovada,Bovada,pass_attempts,Passing attempts,over,31.5,-130,34.6280484223,0.6363636364,0.0,0.5652173913,0.5306122449,0.5282858533,32.0,2,711.4624505929,12.5874125874,Calibration fitted; not prospectively validated,2026-09-26T13:04:10Z,2026-09-27T17:00:00Z,Sun 1:00 PM ET,Indianapolis Colts,Houston Texans
17a730b7d399feeab6a78c30767c29d2,Houston Texans @ Indianapolis Colts,C.J. Stroud,bovada,Bovada,pass_tds,Passing touchdowns,over,1.5,130,0.94,0.4666666667,0.0,0.4347826087,0.4084720121,0.4154025671,1.5,7,318.8405797101,7.3333333333,Calibration fitted; not prospectively validated,2026-09-26T13:04:10Z,2026-09-27T17:00:00Z,Sun 1:00 PM ET,Indianapolis Colts,Houston Texans
17a730b7d399feeab6a78c30767c29d2,Houston Texans @ Indianapolis Colts,Daniel Jones,bovada,Bovada,pass_tds,Passing touchdowns,over,1.5,155,1.06,0.4821981424,0.0,0.3921568627,0.3666469545,0.3585983126,1.5,6,900.4127966976,22.9605263158,Calibration fitted; not prospectively validated,2026-09-26T13:04:10Z,2026-09-27T17:00:00Z,Sun 1:00 PM ET,Indianapolis Colts,Houston Texans
17a730b7d399feeab6a78c30767c29d2,Houston Texans @ Indianapolis Colts,C.J. Stroud,fanatics,Fanatics,pass_attempts,Passing attempts,over,32.5,-115,42.1712175429,0.98,0.0,0.5348837209,0.5,0.5101214575,32.5,5,4451.1627906977,83.2173913043,Calibration fitted; not prospectively validated,2026-09-26T13:04:48Z,2026-09-27T17:00:00Z,Sun 1:00 PM ET,Indianapolis Colts,Houston Texans
17a730b7d399feeab6a78c30767c29d2,Houston Texans @ Indianapolis Colts,C.J. Stroud,fanatics,Fanatics,pass_tds,Passing touchdowns,over,1.5,125,0.94,0.4666666667,0.0,0.4444444444,0.416502947,0.4154025671,1.5,7,222.2222222222,5.0,Calibration fitted; not prospectively validated,2026-09-26T13:04:48Z,2026-09-27T17:00:00Z,Sun 1:00 PM ET,Indianapolis Colts,Houston Texans
17a730b7d399feeab6a78c30767c29d2,Houston Texans @ Indianapolis Colts,Dalton Schultz,draftkings,DraftKings,receptions,Receptions,over,5.5,107,6.2501686621,0.5475728155,0.0,0.4830917874,0.4560210233,0.4582221104,5.5,4,644.8102809437,13.3475728155,Calibration fitted; not prospectively validated,2026-09-26T13:05:33Z,2026-09-27T17:00:00Z,Sun 1:00 PM ET,Indianapolis Colts,Houston Texans
17a730b7d399feeab6a78c30767c29d2,Houston Texans @ Indianapolis Colts,Keenan Allen,draftkings,DraftKings,receptions,Receptions,over,3.5,-106,3.9265633734,0.5475728155,0.0,0.5145631068,0.4854288093,0.4898785425,3.5,5,330.0970873786,6.4150943396,Calibration fitted; not prospectively validated,2026-09-26T13:05:33Z,2026-09-27T17:00:00Z,Sun 1:00 PM ET,Indianapolis Colts,Houston Texans
17a730b7d399feeab6a78c30767c29d2,Houston Texans @ Indianapolis Colts,Jonathan Taylor,draftkings,DraftKings,receptions,Receptions,over,3.5,127,3.3767007035,0.4591194969,0.0,0.4405286344,0.415475269,0.4248058527,3.5,4,185.9086249411,4.2201257862,Calibration fitted; not prospectively validated,2026-09-26T13:05:33Z,2026-09-27T17:00:00Z,Sun 1:00 PM ET,Indianapolis Colts,Houston Texans
17a730b7d399feeab6a78c30767c29d2,Houston Texans @ Indianapolis Colts,Jaylin Noel,draftkings,DraftKings,receptions,Receptions,over,2.5,123,2.0632726871,0.4524271845,0.0,0.4484304933,0.4233170266,0.4448722898,2.5,6,39.9669119248,0.8912621359,Calibration fitted; not prospectively validated,2026-09-26T13:05:33Z,2026-09-27T17:00:00Z,Sun 1:00 PM ET,Indianapolis Colts,Houston Texans
17a730b7d399feeab6a78c30767c29d2,Houston Texans @ Indianapolis Colts,Woody Marks,draftkings,DraftKings,receptions,Receptions,under,1.5,136,2.8783944383,0.4524271845,0.0,0.4237288136,0.4002103295,0.4282584158,1.5,5,286.983709067,6.772815534,Calibration fitted; not prospectively validated,2026-09-26T13:05:33Z,2026-09-27T17:00:00Z,Sun 1:00 PM ET,Indianapolis Colts,Houston Texans
17a730b7d399feeab6a78c30767c29d2,Houston Texans @ Indianapolis Colts,Jared Wayne,draftkings,DraftKings,receptions,Receptions,over,1.5,-101,2.5069700786,0.5475728155,0.0,0.5024875622,0.4731704297,0.4693877551,1.5,5,450.8525334493,8.9724118043,Calibration fitted; not prospectively validated,2026-09-26T13:05:33Z,2026-09-27T17:00:00Z,Sun 1:00 PM ET,Indianapolis Colts,Houston Texans
17a730b7d399feeab6a78c30767c29d2,Houston Texans @ Indianapolis Colts,David Montgomery,draftkings,DraftKings,receptions,Receptions,over,1.5,103,2.415295001,0.5475728155,0.0,0.4926108374,0.464037123,0.464037123,1.5,5,549.6197809556,11.1572815534,Calibration fitted; not prospectively validated,2026-09-26T13:05:33Z,2026-09-27T17:00:00Z,Sun 1:00 PM ET,Indianapolis Colts,Houston Texans
17a730b7d399feeab6a78c30767c29d2,Houston Texans @ Indianapolis Colts,Laquon Treadwell,draftkings,DraftKings,receptions,Receptions,over,1.5,120,2.4817465526,0.5475728155,0.0,0.4545454545,0.4291044776,0.4248366013,1.5,5,930.2736098853,20.4660194175,Calibration fitted; not prospectively validated,2026-09-26T13:05:33Z,2026-09-27T17:00:00Z,Sun 1:00 PM ET,Indianapolis Colts,Houston Texans
17a730b7d399feeab6a78c30767c29d2,Houston Texans @ Indianapolis Colts,Darius Slayton,draftkings,DraftKings,receptions,Receptions,over,1.5,142,3.0941210992,0.5789473684,0.0,0.4132231405,0.3898823465,0.3898823465,1.5,3,1657.2422792518,40.1052631579,Calibration fitted; not prospectively validated,2026-09-26T13:05:33Z,2026-09-27T17:00:00Z,Sun 1:00 PM ET,Indianapolis Colts,Houston Texans
17a730b7d399feeab6a78c30767c29d2,Houston Texans @ Indianapolis Colts,Jonathan Taylor,draftkings,DraftKings,rush_attempts,Rushing attempts,over,19.5,101,20.6151785938,0.506993007,0.0,0.4975124378,0.4689835958,0.4689835958,19.0,1,94.8056918206,1.9055944056,Calibration fitted; not prospectively validated,2026-09-26T13:05:33Z,2026-09-27T17:00:00Z,Sun 1:00 PM ET,Indianapolis Colts,Houston Texans
17a730b7d399feeab6a78c30767c29d2,Houston Texans @ Indianapolis Colts,Daniel Jones,draftkings,DraftKings,rush_yds,Rushing yards,over,10.5,-113,23.5466345436,0.5647668394,0.0,0.5305164319,0.5021058838,0.5010529419,9.5,2,342.5040745336,6.4560502545,Calibration fitted; not prospectively validated,2026-09-26T13:05:33Z,2026-09-27T17:00:00Z,Sun 1:00 PM ET,Indianapolis Colts,Houston Texans
17a730b7d399feeab6a78c30767c29d2,Houston Texans @ Indianapolis Colts,C.J. Stroud,draftkings,DraftKings,rush_yds,Rushing yards,over,10.5,-111,27.7486833354,0.5647668394,0.0,0.5260663507,0.4978941162,0.5,10.5,5,387.0048866734,7.3565793773,Calibration fitted; not prospectively validated,2026-09-26T13:05:33Z,2026-09-27T17:00:00Z,Sun 1:00 PM ET,Indianapolis Colts,Houston Texans
17a730b7d399feeab6a78c30767c29d2,Houston Texans @ Indianapolis Colts,Laquon Treadwell,fanduel,FanDuel,receptions,Receptions,over,1.5,124,2.4817465526,0.5475728155,0.0,0.4464285714,0.4170324846,0.4248366013,1.5,5,1011.4424410541,22.6563106796,Calibration fitted; not prospectively validated,2026-09-26T13:05:50Z,2026-09-27T17:00:00Z,Sun 1:00 PM ET,Indianapolis Colts,Houston Texans
17a730b7d399feeab6a78c30767c29d2,Houston Texans @ Indianapolis Colts,Darius Slayton,fanduel,FanDuel,receptions,Receptions,over,1.5,154,3.0941210992,0.5789473684,0.0,0.3937007874,0.3675598767,0.3898823465,1.5,3,1852.4658101948,47.0526315789,Calibration fitted; not prospectively validated,2026-09-26T13:05:50Z,2026-09-27T17:00:00Z,Sun 1:00 PM ET,Indianapolis Colts,Houston Texans
17a730b7d399feeab6a78c30767c29d2,Houston Texans @ Indianapolis Colts,Jared Wayne,fanduel,FanDuel,receptions,Receptions,over,1.5,-106,2.5069700786,0.5475728155,0.0,0.5145631068,0.4808467742,0.4693877551,1.5,5,330.0970873786,6.4150943396,Calibration fitted; not prospectively validated,2026-09-26T13:05:50Z,2026-09-27T17:00:00Z,Sun 1:00 PM ET,Indianapolis Colts,Houston Texans
17a730b7d399feeab6a78c30767c29d2,Houston Texans @ Indianapolis Colts,David Montgomery,fanduel,FanDuel,receptions,Receptions,over,1.5,106,2.415295001,0.5475728155,0.0,0.4854368932,0.4542013626,0.464037123,1.5,5,621.359223301,12.8,Calibration fitted; not prospectively validated,2026-09-26T13:05:50Z,2026-09-27T17:00:00Z,Sun 1:00 PM ET,Indianapolis Colts,Houston Texans
17a730b7d399feeab6a78c30767c29d2,Houston Texans @ Indianapolis Colts,Jonathan Taylor,fanduel,FanDuel,receptions,Receptions,under,2.5,128,3.3767007035,0.4524271845,0.0,0.4385964912,0.4095398699,0.4095398699,3.5,1,138.3069323795,3.1533980583,Calibration fitted; not prospectively validated,2026-09-26T13:05:50Z,2026-09-27T17:00:00Z,Sun 1:00 PM ET,Indianapolis Colts,Houston Texans
17a730b7d399feeab6a78c30767c29d2,Houston Texans @ Indianapolis Colts,Dalton Schultz,fanduel,FanDuel,receptions,Receptions,over,5.5,-102,6.2501686621,0.5475728155,0.0,0.504950495,0.471842317,0.4582221104,5.5,4,426.2232048448,8.4408909195,Calibration fitted; not prospectively validated,2026-09-26T13:05:50Z,2026-09-27T17:00:00Z,Sun 1:00 PM ET,Indianapolis Colts,Houston Texans
17a730b7d399feeab6a78c30767c29d2,Houston Texans @ Indianapolis Colts,Daniel Jones,fanduel,FanDuel,rush_yds,Rushing yards,over,8.5,-114,23.5466345436,0.5647668394,0.0,0.5327102804,0.5,0.5,9.5,1,320.5655900441,6.0176347605,Calibration fitted; not prospectively validated,2026-09-26T13:05:50Z,2026-09-27T17:00:00Z,Sun 1:00 PM ET,Indianapolis Colts,Houston Texans
17a730b7d399feeab6a78c30767c29d2,Houston Texans @ Indianapolis Colts,C.J. Stroud,fanduel,FanDuel,rush_yds,Rushing yards,over,10.5,-114,27.7486833354,0.5647668394,0.0,0.5327102804,0.5,0.5,10.5,5,320.5655900441,6.0176347605,Calibration fitted; not prospectively validated,2026-09-26T13:05:50Z,2026-09-27T17:00:00Z,Sun 1:00 PM ET,Indianapolis Colts,Houston Texans
17a730b7d399feeab6a78c30767c29d2,Houston Texans @ Indianapolis Colts,Keenan Allen,betrivers,BetRivers,receptions,Receptions,over,3.5,-110,3.9265633734,0.5475728155,0.0,0.5238095238,,0.4898785425,3.5,5,237.6329172446,4.5366284201,Calibration fitted; not prospectively validated,2026-09-26T13:05:34Z,2026-09-27T17:00:00Z,Sun 1:00 PM ET,Indianapolis Colts,Houston Texans
17a730b7d399feeab6a78c30767c29d2,Houston Texans @ Indianapolis Colts,David Montgomery,betrivers,BetRivers,receptions,Receptions,over,1.5,108,2.415295001,0.5475728155,0.0,0.4807692308,,0.464037123,1.5,5,668.0358476475,13.8951456311,Calibration fitted; not prospectively validated,2026-09-26T13:05:34Z,2026-09-27T17:00:00Z,Sun 1:00 PM ET,Indianapolis Colts,Houston Texans
17a730b7d399feeab6a78c30767c29d2,Houston Texans @ Indianapolis Colts,Laquon Treadwell,betrivers,BetRivers,receptions,Receptions,over,1.5,125,2.4817465526,0.5475728155,0.0,0.4444444444,,0.4248366013,1.5,5,1031.2837108954,23.2038834951,Calibration fitted; not prospectively validated,2026-09-26T13:05:34Z,2026-09-27T17:00:00Z,Sun 1:00 PM ET,Indianapolis Colts,Houston Texans
17a730b7d399feeab6a78c30767c29d2,Houston Texans @ Indianapolis Colts,Jared Wayne,betrivers,BetRivers,receptions,Receptions,over,1.5,123,2.5069700786,0.5475728155,0.0,0.4484304933,,0.4693877551,1.5,5,991.4232226044,22.1087378641,Calibration fitted; not prospectively validated,2026-09-26T13:05:34Z,2026-09-27T17:00:00Z,Sun 1:00 PM ET,Indianapolis Colts,Houston Texans
17a730b7d399feeab6a78c30767c29d2,Houston Texans @ Indianapolis Colts,Darius Slayton,betrivers,BetRivers,receptions,Receptions,over,1.5,145,3.0941210992,0.5789473684,0.0,0.4081632653,,0.3898823465,1.5,3,1707.8410311493,41.8421052632,Calibration fitted; not prospectively validated,2026-09-26T13:05:34Z,2026-09-27T17:00:00Z,Sun 1:00 PM ET,Indianapolis Colts,Houston Texans
17a730b7d399feeab6a78c30767c29d2,Houston Texans @ Indianapolis Colts,Dalton Schultz,betrivers,BetRivers,receptions,Receptions,over,5.5,112,6.2501686621,0.5475728155,0.0,0.4716981132,,0.4582221104,5.5,4,758.7470232643,16.0854368932,Calibration fitted; not prospectively validated,2026-09-26T13:05:34Z,2026-09-27T17:00:00Z,Sun 1:00 PM ET,Indianapolis Colts,Houston Texans
17a730b7d399feeab6a78c30767c29d2,Houston Texans @ Indianapolis Colts,Kayshon Boutte,betrivers,BetRivers,receptions,Receptions,over,2.5,-113,2.6074615241,0.5408805031,0.0,0.5305164319,,0.5217643645,2.5,5,103.6407121977,1.9535815662,Calibration fitted; not prospectively validated,2026-09-26T13:05:34Z,2026-09-27T17:00:00Z,Sun 1:00 PM ET,Indianapolis Colts,Houston Texans
17a730b7d399feeab6a78c30767c29d2,Houston Texans @ Indianapolis Colts,C.J. Stroud,betrivers,BetRivers,rush_yds,Rushing yards,over,9.5,-109,27.7486833354,0.5647668394,0.0,0.5215311005,0.4869204765,0.4869204765,10.5,1,432.3573889977,8.2901554404,Calibration fitted; not prospectively validated,2026-09-26T13:05:34Z,2026-09-27T17:00:00Z,Sun 1:00 PM ET,Indianapolis Colts,Houston Texans
17a730b7d399feeab6a78c30767c29d2,Houston Texans @ Indianapolis Colts,Daniel Jones,betrivers,BetRivers,rush_yds,Rushing yards,over,9.5,-110,23.5466345436,0.5647668394,0.0,0.5238095238,0.4898785425,0.5101214575,9.5,3,409.5731556871,7.8191238813,Calibration fitted; not prospectively validated,2026-09-26T13:05:34Z,2026-09-27T17:00:00Z,Sun 1:00 PM ET,Indianapolis Colts,Houston Texans
17a730b7d399feeab6a78c30767c29d2,Houston Texans @ Indianapolis Colts,Keenan Allen,betonlineag,BetOnline.ag,receptions,Receptions,over,3.5,-118,3.9265633734,0.5475728155,0.0,0.5412844037,0.5082034454,0.4898785425,3.5,5,62.8841186426,1.1617574461,Calibration fitted; not prospectively validated,2026-09-26T13:04:57Z,2026-09-27T17:00:00Z,Sun 1:00 PM ET,Indianapolis Colts,Houston Texans
17a730b7d399feeab6a78c30767c29d2,Houston Texans @ Indianapolis Colts,Dalton Schultz,betonlineag,BetOnline.ag,receptions,Receptions,over,5.5,104,6.2501686621,0.5475728155,0.0,0.4901960784,0.4604231975,0.4582221104,5.5,4,573.7673710261,11.7048543689,Calibration fitted; not prospectively validated,2026-09-26T13:04:57Z,2026-09-27T17:00:00Z,Sun 1:00 PM ET,Indianapolis Colts,Houston Texans
17a730b7d399feeab6a78c30767c29d2,Houston Texans @ Indianapolis Colts,Laquon Treadwell,betonlineag,BetOnline.ag,receptions,Receptions,over,1.5,115,2.4817465526,0.5475728155,0.0,0.4651162791,0.4373408273,0.4248366013,1.5,5,824.5653646421,17.7281553398,Calibration fitted; not prospectively validated,2026-09-26T13:04:57Z,2026-09-27T17:00:00Z,Sun 1:00 PM ET,Indianapolis Colts,Houston Texans
17a730b7d399feeab6a78c30767c29d2,Houston Texans @ Indianapolis Colts,Jared Wayne,betonlineag,BetOnline.ag,receptions,Receptions,over,1.5,109,2.5069700786,0.5475728155,0.0,0.4784688995,0.4498870615,0.4693877551,1.5,5,691.0391601245,14.4427184466,Calibration fitted; not prospectively validated,2026-09-26T13:04:57Z,2026-09-27T17:00:00Z,Sun 1:00 PM ET,Indianapolis Colts,Houston Texans
17a730b7d399feeab6a78c30767c29d2,Houston Texans @ Indianapolis Colts,David Montgomery,betonlineag,BetOnline.ag,receptions,Receptions,over,1.5,102,2.415295001,0.5475728155,0.0,0.495049505,0.4652655222,0.464037123,1.5,5,525.2331058349,10.6097087379,Calibration fitted; not prospectively validated,2026-09-26T13:04:57Z,2026-09-27T17:00:00Z,Sun 1:00 PM ET,Indianapolis Colts,Houston Texans
17a730b7d399feeab6a78c30767c29d2,Houston Texans @ Indianapolis Colts,Darius Slayton,betonlineag,BetOnline.ag,receptions,Receptions,over,1.5,139,3.0941210992,0.5789473684,0.0,0.4184100418,0.3933164105,0.3898823465,1.5,3,1605.3732658005,38.3684210526,Calibration fitted; not prospectively validated,2026-09-26T13:04:57Z,2026-09-27T17:00:00Z,Sun 1:00 PM ET,Indianapolis Colts,Houston Texans
17a730b7d399feeab6a78c30767c29d2,Houston Texans @ Indianapolis Colts,Daniel Jones,betonlineag,BetOnline.ag,rush_yds,Rushing yards,over,9.5,-119,23.5466345436,0.5647668394,0.0,0.5433789954,0.5102580936,0.5101214575,9.5,3,213.8784394445,3.9360822049,Calibration fitted; not prospectively validated,2026-09-26T13:04:57Z,2026-09-27T17:00:00Z,Sun 1:00 PM ET,Indianapolis Colts,Houston Texans
17a730b7d399feeab6a78c30767c29d2,Houston Texans @ Indianapolis Colts,C.J. Stroud,betonlineag,BetOnline.ag,rush_yds,Rushing yards,over,10.5,-114,27.7486833354,0.5647668394,0.0,0.5327102804,0.5,0.5,10.5,5,320.5655900441,6.0176347605,Calibration fitted; not prospectively validated,2026-09-26T13:04:57Z,2026-09-27T17:00:00Z,Sun 1:00 PM ET,Indianapolis Colts,Houston Texans
17a730b7d399feeab6a78c30767c29d2,Houston Texans @ Indianapolis Colts,David Montgomery,betmgm,BetMGM,receptions,Receptions,over,1.5,-105,2.415295001,0.5475728155,0.0,0.512195122,0.4796954315,0.464037123,1.5,5,353.7769358276,6.907073509,Calibration fitted; not prospectively validated,2026-09-26T13:05:46Z,2026-09-27T17:00:00Z,Sun 1:00 PM ET,Indianapolis Colts,Houston Texans
17a730b7d399feeab6a78c30767c29d2,Houston Texans @ Indianapolis Colts,Laquon Treadwell,betmgm,BetMGM,receptions,Receptions,over,1.5,120,2.4817465526,0.5475728155,0.0,0.4545454545,0.4248366013,0.4248366013,1.5,5,930.2736098853,20.4660194175,Calibration fitted; not prospectively validated,2026-09-26T13:05:46Z,2026-09-27T17:00:00Z,Sun 1:00 PM ET,Indianapolis Colts,Houston Texans
17a730b7d399feeab6a78c30767c29d2,Houston Texans @ Indianapolis Colts,Keenan Allen,betmgm,BetMGM,receptions,Receptions,over,3.5,-110,3.9265633734,0.5475728155,0.0,0.5238095238,0.4898785425,0.4898785425,3.5,5,237.6329172446,4.5366284201,Calibration fitted; not prospectively validated,2026-09-26T13:05:46Z,2026-09-27T17:00:00Z,Sun 1:00 PM ET,Indianapolis Colts,Houston Texans
17a730b7d399feeab6a78c30767c29d2,Houston Texans @ Indianapolis Colts,Jared Wayne,betmgm,BetMGM,receptions,Receptions,over,1.5,120,2.5069700786,0.5475728155,0.0,0.4545454545,0.4248366013,0.4693877551,1.5,5,930.2736098853,20.4660194175,Calibration fitted; not prospectively validated,2026-09-26T13:05:46Z,2026-09-27T17:00:00Z,Sun 1:00 PM ET,Indianapolis Colts,Houston Texans
17a730b7d399feeab6a78c30767c29d2,Houston Texans @ Indianapolis Colts,Daniel Jones,betmgm,BetMGM,rush_yds,Rushing yards,over,9.5,-120,23.5466345436,0.5647668394,0.0,0.5454545455,0.5101214575,0.5101214575,9.5,3,193.1229392369,3.5405872193,Calibration fitted; not prospectively validated,2026-09-26T13:05:46Z,2026-09-27T17:00:00Z,Sun 1:00 PM ET,Indianapolis Colts,Houston Texans
17a730b7d399feeab6a78c30767c29d2,Houston Texans @ Indianapolis Colts,C.J. Stroud,betmgm,BetMGM,rush_yds,Rushing yards,over,10.5,-115,27.7486833354,0.5647668394,0.0,0.5348837209,0.5,0.5,10.5,5,298.8311844801,5.5868438838,Calibration fitted; not prospectively validated,2026-09-26T13:05:46Z,2026-09-27T17:00:00Z,Sun 1:00 PM ET,Indianapolis Colts,Houston Texans
17a730b7d399feeab6a78c30767c29d2,Houston Texans @ Indianapolis Colts,Dalton Schultz,bovada,Bovada,receptions,Receptions,over,5.5,125,6.2501686621,0.5475728155,0.0,0.4444444444,0.416502947,0.4582221104,5.5,4,1031.2837108954,23.2038834951,Calibration fitted; not prospectively validated,2026-09-26T13:04:10Z,2026-09-27T17:00:00Z,Sun 1:00 PM ET,Indianapolis Colts,Houston Texans
17a730b7d399feeab6a78c30767c29d2,Houston Texans @ Indianapolis Colts,David Montgomery,bovada,Bovada,receptions,Receptions,over,1.5,105,2.415295001,0.5475728155,0.0,0.487804878,0.4592085979,0.464037123,1.5,5,597.679374852,12.2524271845,Calibration fitted; not prospectively validated,2026-09-26T13:04:10Z,2026-09-27T17:00:00Z,Sun 1:00 PM ET,Indianapolis Colts,Houston Texans
17a730b7d399feeab6a78c30767c29d2,Houston Texans @ Indianapolis Colts,Jared Wayne,bovada,Bovada,receptions,Receptions,over,1.5,100,2.5069700786,0.5475728155,0.0,0.5,0.4693877551,0.4693877551,1.5,5,475.7281553398,9.5145631068,Calibration fitted; not prospectively validated,2026-09-26T13:04:10Z,2026-09-27T17:00:00Z,Sun 1:00 PM ET,Indianapolis Colts,Houston Texans
17a730b7d399feeab6a78c30767c29d2,Houston Texans @ Indianapolis Colts,Jonathan Taylor,bovada,Bovada,receptions,Receptions,over,3.5,125,3.3767007035,0.4591194969,0.0,0.4444444444,0.416502947,0.4248058527,3.5,4,146.750524109,3.3018867925,Calibration fitted; not prospectively validated,2026-09-26T13:04:10Z,2026-09-27T17:00:00Z,Sun 1:00 PM ET,Indianapolis Colts,Houston Texans
17a730b7d399feeab6a78c30767c29d2,Houston Texans @ Indianapolis Colts,Keenan Allen,bovada,Bovada,receptions,Receptions,over,3.5,-110,3.9265633734,0.5475728155,0.0,0.5238095238,0.4898785425,0.4898785425,3.5,5,237.6329172446,4.5366284201,Calibration fitted; not prospectively validated,2026-09-26T13:04:10Z,2026-09-27T17:00:00Z,Sun 1:00 PM ET,Indianapolis Colts,Houston Texans
17a730b7d399feeab6a78c30767c29d2,Houston Texans @ Indianapolis Colts,Laquon Treadwell,bovada,Bovada,receptions,Receptions,over,1.5,120,2.4817465526,0.5475728155,0.0,0.4545454545,0.4248366013,0.4248366013,1.5,5,930.2736098853,20.4660194175,Calibration fitted; not prospectively validated,2026-09-26T13:04:10Z,2026-09-27T17:00:00Z,Sun 1:00 PM ET,Indianapolis Colts,Houston Texans
17a730b7d399feeab6a78c30767c29d2,Houston Texans @ Indianapolis Colts,Woody Marks,bovada,Bovada,receptions,Receptions,under,1.5,135,2.8783944383,0.4524271845,0.0,0.4255319149,0.3982930299,0.4282584158,1.5,5,268.952695724,6.3203883495,Calibration fitted; not prospectively validated,2026-09-26T13:04:10Z,2026-09-27T17:00:00Z,Sun 1:00 PM ET,Indianapolis Colts,Houston Texans
17a730b7d399feeab6a78c30767c29d2,Houston Texans @ Indianapolis Colts,C.J. Stroud,bovada,Bovada,rush_yds,Rushing yards,over,10.5,-115,27.7486833354,0.5647668394,0.0,0.5348837209,0.5,0.5,10.5,5,298.8311844801,5.5868438838,Calibration fitted; not prospectively validated,2026-09-26T13:04:10Z,2026-09-27T17:00:00Z,Sun 1:00 PM ET,Indianapolis Colts,Houston Texans
17a730b7d399feeab6a78c30767c29d2,Houston Texans @ Indianapolis Colts,Daniel Jones,bovada,Bovada,rush_yds,Rushing yards,over,10.5,-115,23.5466345436,0.5647668394,0.0,0.5348837209,0.5,0.5010529419,9.5,2,298.8311844801,5.5868438838,Calibration fitted; not prospectively validated,2026-09-26T13:04:10Z,2026-09-27T17:00:00Z,Sun 1:00 PM ET,Indianapolis Colts,Houston Texans
1f3cfd315a24d1a7dd5859a8e6b88e18,New England Patriots @ Jacksonville Jaguars,Drake Maye,draftkings,DraftKings,pass_completions,Passing completions,over,20.5,104,18.1615685485,0.5,0.0,0.4901960784,0.4620082487,0.4606084233,19.5,2,98.0392156863,2.0,Calibration fitted; not prospectively validated,2026-09-26T13:05:48Z,2026-09-27T17:00:00Z,Sun 1:00 PM ET,Jacksonville Jaguars,New England Patriots
1f3cfd315a24d1a7dd5859a8e6b88e18,New England Patriots @ Jacksonville Jaguars,Drake Maye,draftkings,DraftKings,pass_tds,Passing touchdowns,over,1.5,130,0.47,0.4421052632,0.0,0.4347826087,0.4106205619,0.4069064877,1.5,6,73.2265446224,1.6842105263,Calibration fitted; not prospectively validated,2026-09-26T13:05:48Z,2026-09-27T17:00:00Z,Sun 1:00 PM ET,Jacksonville Jaguars,New England Patriots
1f3cfd315a24d1a7dd5859a8e6b88e18,New England Patriots @ Jacksonville Jaguars,Drake Maye,fanduel,FanDuel,pass_tds,Passing touchdowns,over,1.5,140,0.47,0.4421052632,0.0,0.4166666667,0.3896103896,0.4069064877,1.5,6,254.3859649123,6.1052631579,Calibration fitted; not prospectively validated,2026-09-26T13:05:35Z,2026-09-27T17:00:00Z,Sun 1:00 PM ET,Jacksonville Jaguars,New England Patriots
1f3cfd315a24d1a7dd5859a8e6b88e18,New England Patriots @ Jacksonville Jaguars,Drake Maye,betrivers,BetRivers,pass_tds,Passing touchdowns,over,1.5,150,0.47,0.4421052632,0.0,0.4,0.375,0.4069064877,1.5,6,421.0526315789,10.5263157895,Calibration fitted; not prospectively validated,2026-09-26T13:05:13Z,2026-09-27T17:00:00Z,Sun 1:00 PM ET,Jacksonville Jaguars,New England Patriots
1f3cfd315a24d1a7dd5859a8e6b88e18,New England Patriots @ Jacksonville Jaguars,Drake Maye,betonlineag,BetOnline.ag,pass_tds,Passing touchdowns,over,1.5,132,0.47,0.4421052632,0.0,0.4310344828,0.4053409633,0.4069064877,1.5,6,110.7078039927,2.5684210526,Calibration fitted; not prospectively validated,2026-09-26T13:05:32Z,2026-09-27T17:00:00Z,Sun 1:00 PM ET,Jacksonville Jaguars,New England Patriots
1f3cfd315a24d1a7dd5859a8e6b88e18,New England Patriots @ Jacksonville Jaguars,Drake Maye,bovada,Bovada,pass_completions,Passing completions,over,20.5,105,18.1615685485,0.5,0.0,0.487804878,0.4592085979,0.4606084233,19.5,2,121.9512195122,2.5,Calibration fitted; not prospectively validated,2026-09-26T13:05:00Z,2026-09-27T17:00:00Z,Sun 1:00 PM ET,Jacksonville Jaguars,New England Patriots
1f3cfd315a24d1a7dd5859a8e6b88e18,New England Patriots @ Jacksonville Jaguars,Drake Maye,bovada,Bovada,pass_tds,Passing touchdowns,over,1.5,130,0.47,0.4421052632,0.0,0.4347826087,0.4084720121,0.4069064877,1.5,6,73.2265446224,1.6842105263,Calibration fitted; not prospectively validated,2026-09-26T13:05:00Z,2026-09-27T17:00:00Z,Sun 1:00 PM ET,Jacksonville Jaguars,New England Patriots
1f3cfd315a24d1a7dd5859a8e6b88e18,New England Patriots @ Jacksonville Jaguars,Hunter Henry,draftkings,DraftKings,receptions,Receptions,over,4.5,124,3.1832753012,0.4524271845,0.0,0.4464285714,0.4216237417,0.4232301715,3.5,2,59.9861303745,1.3436893204,Calibration fitted; not prospectively validated,2026-09-26T13:05:48Z,2026-09-27T17:00:00Z,Sun 1:00 PM ET,Jacksonville Jaguars,New England Patriots
1f3cfd315a24d1a7dd5859a8e6b88e18,New England Patriots @ Jacksonville Jaguars,Jakobi Meyers,draftkings,DraftKings,receptions,Receptions,over,3.5,103,4.6743800375,0.5475728155,0.0,0.4926108374,0.4648542048,0.4648542048,3.5,5,549.6197809556,11.1572815534,Calibration fitted; not prospectively validated,2026-09-26T13:05:48Z,2026-09-27T17:00:00Z,Sun 1:00 PM ET,Jacksonville Jaguars,New England Patriots
1f3cfd315a24d1a7dd5859a8e6b88e18,New England Patriots @ Jacksonville Jaguars,Brian Thomas,draftkings,DraftKings,receptions,Receptions,over,3.5,132,3.4047790933,0.4591194969,0.0,0.4310344828,0.406909905,0.4023315492,3.5,4,280.8501409673,6.5157232704,Calibration fitted; not prospectively validated,2026-09-26T13:05:48Z,2026-09-27T17:00:00Z,Sun 1:00 PM ET,Jacksonville Jaguars,New England Patriots
1f3cfd315a24d1a7dd5859a8e6b88e18,New England Patriots @ Jacksonville Jaguars,Brenton Strange,draftkings,DraftKings,receptions,Receptions,over,3.5,136,2.9913372815,0.4524271845,0.0,0.4237288136,0.4002103295,0.3992516797,2.5,2,286.983709067,6.772815534,Calibration fitted; not prospectively validated,2026-09-26T13:05:48Z,2026-09-27T17:00:00Z,Sun 1:00 PM ET,Jacksonville Jaguars,New England Patriots
1f3cfd315a24d1a7dd5859a8e6b88e18,New England Patriots @ Jacksonville Jaguars,DeMario Douglas,draftkings,DraftKings,receptions,Receptions,over,3.5,137,2.2095393575,0.4524271845,0.0,0.4219409283,0.398199446,0.3982462379,2.5,2,304.8625619598,7.2252427184,Calibration fitted; not prospectively validated,2026-09-26T13:05:48Z,2026-09-27T17:00:00Z,Sun 1:00 PM ET,Jacksonville Jaguars,New England Patriots
1f3cfd315a24d1a7dd5859a8e6b88e18,New England Patriots @ Jacksonville Jaguars,Mack Hollins,draftkings,DraftKings,receptions,Receptions,under,2.5,126,3.2827472387,0.4524271845,0.0,0.4424778761,0.4171177482,0.416502947,2.5,5,99.4930835982,2.2485436893,Calibration fitted; not prospectively validated,2026-09-26T13:05:48Z,2026-09-27T17:00:00Z,Sun 1:00 PM ET,Jacksonville Jaguars,New England Patriots
1f3cfd315a24d1a7dd5859a8e6b88e18,New England Patriots @ Jacksonville Jaguars,TreVeyon Henderson,draftkings,DraftKings,receptions,Receptions,under,1.5,-120,1.1078234081,0.5475728155,0.0,0.5454545455,0.5145711907,0.5,1.5,5,21.1827007944,0.3883495146,Calibration fitted; not prospectively validated,2026-09-26T13:05:48Z,2026-09-27T17:00:00Z,Sun 1:00 PM ET,Jacksonville Jaguars,New England Patriots
1f3cfd315a24d1a7dd5859a8e6b88e18,New England Patriots @ Jacksonville Jaguars,Bhayshul Tuten,draftkings,DraftKings,rush_attempts,Rushing attempts,under,12.5,101,9.0367275007,0.5526315789,0.0,0.4975124378,0.4689835958,0.4691856755,12.5,2,551.1914113642,11.0789473684,Calibration fitted; not prospectively validated,2026-09-26T13:05:48Z,2026-09-27T17:00:00Z,Sun 1:00 PM ET,Jacksonville Jaguars,New England Patriots
1f3cfd315a24d1a7dd5859a8e6b88e18,New England Patriots @ Jacksonville Jaguars,Rhamondre Stevenson,draftkings,DraftKings,rush_attempts,Rushing attempts,under,8.5,105,9.5361096244,0.4927536232,0.0,0.487804878,0.4599960684,0.4686695069,8.5,2,49.4874513963,1.0144927536,Calibration fitted; not prospectively validated,2026-09-26T13:05:48Z,2026-09-27T17:00:00Z,Sun 1:00 PM ET,Jacksonville Jaguars,New England Patriots
1f3cfd315a24d1a7dd5859a8e6b88e18,New England Patriots @ Jacksonville Jaguars,Drake Maye,draftkings,DraftKings,rush_attempts,Rushing attempts,under,5.5,107,5.7493333296,0.5,0.0,0.4830917874,0.4552526941,0.4558533028,5.5,2,169.0821256039,3.5,Calibration fitted; not prospectively validated,2026-09-26T13:05:48Z,2026-09-27T17:00:00Z,Sun 1:00 PM ET,Jacksonville Jaguars,New England Patriots
1f3cfd315a24d1a7dd5859a8e6b88e18,New England Patriots @ Jacksonville Jaguars,Bhayshul Tuten,draftkings,DraftKings,rush_yds,Rushing yards,under,53.5,-114,40.4920674897,0.5647668394,0.0,0.5327102804,0.5042122999,0.5,53.0,3,320.5655900441,6.0176347605,Calibration fitted; not prospectively validated,2026-09-26T13:05:48Z,2026-09-27T17:00:00Z,Sun 1:00 PM ET,Jacksonville Jaguars,New England Patriots
1f3cfd315a24d1a7dd5859a8e6b88e18,New England Patriots @ Jacksonville Jaguars,Brian Thomas,fanduel,FanDuel,receptions,Receptions,over,3.5,140,3.4047790933,0.4591194969,0.0,0.4166666667,0.3896103896,0.4023315492,3.5,4,424.5283018868,10.1886792453,Calibration fitted; not prospectively validated,2026-09-26T13:05:35Z,2026-09-27T17:00:00Z,Sun 1:00 PM ET,Jacksonville Jaguars,New England Patriots
1f3cfd315a24d1a7dd5859a8e6b88e18,New England Patriots @ Jacksonville Jaguars,Jakobi Meyers,fanduel,FanDuel,receptions,Receptions,over,3.5,-102,4.6743800375,0.5475728155,0.0,0.504950495,0.471842317,0.4648542048,3.5,5,426.2232048448,8.4408909195,Calibration fitted; not prospectively validated,2026-09-26T13:05:35Z,2026-09-27T17:00:00Z,Sun 1:00 PM ET,Jacksonville Jaguars,New England Patriots
1f3cfd315a24d1a7dd5859a8e6b88e18,New England Patriots @ Jacksonville Jaguars,DeMario Douglas,fanduel,FanDuel,receptions,Receptions,under,2.5,128,2.2095393575,0.5420560748,0.0,0.4385964912,0.4095398699,0.4209473735,2.5,3,1034.5958353828,23.5887850467,Calibration fitted; not prospectively validated,2026-09-26T13:05:35Z,2026-09-27T17:00:00Z,Sun 1:00 PM ET,Jacksonville Jaguars,New England Patriots
1f3cfd315a24d1a7dd5859a8e6b88e18,New England Patriots @ Jacksonville Jaguars,Brenton Strange,fanduel,FanDuel,receptions,Receptions,under,2.5,134,2.9913372815,0.4524271845,0.0,0.4273504274,0.3993154592,0.3993154592,2.5,3,250.7675711559,5.867961165,Calibration fitted; not prospectively validated,2026-09-26T13:05:35Z,2026-09-27T17:00:00Z,Sun 1:00 PM ET,Jacksonville Jaguars,New England Patriots
1f3cfd315a24d1a7dd5859a8e6b88e18,New England Patriots @ Jacksonville Jaguars,Parker Washington,fanduel,FanDuel,receptions,Receptions,under,4.5,118,4.4831828836,0.5,0.0,0.4587155963,0.4282584158,0.4090010643,4.5,3,412.8440366972,9.0,Calibration fitted; not prospectively validated,2026-09-26T13:05:35Z,2026-09-27T17:00:00Z,Sun 1:00 PM ET,Jacksonville Jaguars,New England Patriots
1f3cfd315a24d1a7dd5859a8e6b88e18,New England Patriots @ Jacksonville Jaguars,TreVeyon Henderson,fanduel,FanDuel,receptions,Receptions,under,1.5,-114,1.1078234081,0.5475728155,0.0,0.5327102804,0.5,0.5,1.5,5,148.6253516015,2.7899846704,Calibration fitted; not prospectively validated,2026-09-26T13:05:35Z,2026-09-27T17:00:00Z,Sun 1:00 PM ET,Jacksonville Jaguars,New England Patriots
1f3cfd315a24d1a7dd5859a8e6b88e18,New England Patriots @ Jacksonville Jaguars,Mack Hollins,fanduel,FanDuel,receptions,Receptions,under,2.5,128,3.2827472387,0.4524271845,0.0,0.4385964912,0.4095398699,0.416502947,2.5,5,138.3069323795,3.1533980583,Calibration fitted; not prospectively validated,2026-09-26T13:05:35Z,2026-09-27T17:00:00Z,Sun 1:00 PM ET,Jacksonville Jaguars,New England Patriots
1f3cfd315a24d1a7dd5859a8e6b88e18,New England Patriots @ Jacksonville Jaguars,Hunter Henry,fanduel,FanDuel,receptions,Receptions,under,3.5,124,3.1832753012,0.5420560748,0.0,0.4464285714,0.4170324846,0.4170324846,3.5,3,956.2750333778,21.4205607477,Calibration fitted; not prospectively validated,2026-09-26T13:05:35Z,2026-09-27T17:00:00Z,Sun 1:00 PM ET,Jacksonville Jaguars,New England Patriots
1f3cfd315a24d1a7dd5859a8e6b88e18,New England Patriots @ Jacksonville Jaguars,Brian Thomas,betrivers,BetRivers,receptions,Receptions,over,3.5,132,3.4047790933,0.4591194969,0.0,0.4310344828,,0.4023315492,3.5,4,280.8501409673,6.5157232704,Calibration fitted; not prospectively validated,2026-09-26T13:05:13Z,2026-09-27T17:00:00Z,Sun 1:00 PM ET,Jacksonville Jaguars,New England Patriots
1f3cfd315a24d1a7dd5859a8e6b88e18,New England Patriots @ Jacksonville Jaguars,Jakobi Meyers,betrivers,BetRivers,receptions,Receptions,over,3.5,100,4.6743800375,0.5475728155,0.0,0.5,,0.4648542048,3.5,5,475.7281553398,9.5145631068,Calibration fitted; not prospectively validated,2026-09-26T13:05:13Z,2026-09-27T17:00:00Z,Sun 1:00 PM ET,Jacksonville Jaguars,New England Patriots
1f3cfd315a24d1a7dd5859a8e6b88e18,New England Patriots @ Jacksonville Jaguars,Bhayshul Tuten,betrivers,BetRivers,rush_yds,Rushing yards,under,53.5,-113,40.4920674897,0.5647668394,0.0,0.5305164319,0.4949766919,0.5,53.0,3,342.5040745336,6.4560502545,Calibration fitted; not prospectively validated,2026-09-26T13:05:13Z,2026-09-27T17:00:00Z,Sun 1:00 PM ET,Jacksonville Jaguars,New England Patriots
1f3cfd315a24d1a7dd5859a8e6b88e18,New England Patriots @ Jacksonville Jaguars,Jakobi Meyers,betonlineag,BetOnline.ag,receptions,Receptions,over,3.5,103,4.6743800375,0.5475728155,0.0,0.4926108374,0.4632298853,0.4648542048,3.5,5,549.6197809556,11.1572815534,Calibration fitted; not prospectively validated,2026-09-26T13:05:32Z,2026-09-27T17:00:00Z,Sun 1:00 PM ET,Jacksonville Jaguars,New England Patriots
1f3cfd315a24d1a7dd5859a8e6b88e18,New England Patriots @ Jacksonville Jaguars,Bhayshul Tuten,betonlineag,BetOnline.ag,receptions,Receptions,over,1.5,-118,1.7283939001,0.5420560748,0.0,0.5412844037,0.5082034454,0.5141838223,1.5,5,7.7167109663,0.1425629653,Calibration fitted; not prospectively validated,2026-09-26T13:05:32Z,2026-09-27T17:00:00Z,Sun 1:00 PM ET,Jacksonville Jaguars,New England Patriots
1f3cfd315a24d1a7dd5859a8e6b88e18,New England Patriots @ Jacksonville Jaguars,Parker Washington,betonlineag,BetOnline.ag,receptions,Receptions,under,4.5,130,4.4831828836,0.5,0.0,0.4347826087,0.4090010643,0.4090010643,4.5,3,652.1739130435,15.0,Calibration fitted; not prospectively validated,2026-09-26T13:05:32Z,2026-09-27T17:00:00Z,Sun 1:00 PM ET,Jacksonville Jaguars,New England Patriots
1f3cfd315a24d1a7dd5859a8e6b88e18,New England Patriots @ Jacksonville Jaguars,TreVeyon Henderson,betonlineag,BetOnline.ag,receptions,Receptions,under,1.5,-112,1.1078234081,0.5475728155,0.0,0.5283018868,0.4969046636,0.5,1.5,5,192.7092874153,3.6477115118,Calibration fitted; not prospectively validated,2026-09-26T13:05:32Z,2026-09-27T17:00:00Z,Sun 1:00 PM ET,Jacksonville Jaguars,New England Patriots
1f3cfd315a24d1a7dd5859a8e6b88e18,New England Patriots @ Jacksonville Jaguars,Mack Hollins,betonlineag,BetOnline.ag,receptions,Receptions,under,2.5,128,3.2827472387,0.4524271845,0.0,0.4385964912,0.4121896999,0.416502947,2.5,5,138.3069323795,3.1533980583,Calibration fitted; not prospectively validated,2026-09-26T13:05:32Z,2026-09-27T17:00:00Z,Sun 1:00 PM ET,Jacksonville Jaguars,New England Patriots
1f3cfd315a24d1a7dd5859a8e6b88e18,New England Patriots @ Jacksonville Jaguars,Hunter Henry,betonlineag,BetOnline.ag,receptions,Receptions,under,3.5,110,3.1832753012,0.5420560748,0.0,0.4761904762,0.4472667035,0.4170324846,3.5,3,658.6559857588,13.8317757009,Calibration fitted; not prospectively validated,2026-09-26T13:05:32Z,2026-09-27T17:00:00Z,Sun 1:00 PM ET,Jacksonville Jaguars,New England Patriots
1f3cfd315a24d1a7dd5859a8e6b88e18,New England Patriots @ Jacksonville Jaguars,DeMario Douglas,betonlineag,BetOnline.ag,receptions,Receptions,under,2.5,123,2.2095393575,0.5420560748,0.0,0.4484304933,0.4209473735,0.4209473735,2.5,3,936.2558149281,20.8785046729,Calibration fitted; not prospectively validated,2026-09-26T13:05:32Z,2026-09-27T17:00:00Z,Sun 1:00 PM ET,Jacksonville Jaguars,New England Patriots
1f3cfd315a24d1a7dd5859a8e6b88e18,New England Patriots @ Jacksonville Jaguars,Brenton Strange,betonlineag,BetOnline.ag,receptions,Receptions,under,2.5,135,2.9913372815,0.4524271845,0.0,0.4255319149,0.4007285974,0.3993154592,2.5,3,268.952695724,6.3203883495,Calibration fitted; not prospectively validated,2026-09-26T13:05:32Z,2026-09-27T17:00:00Z,Sun 1:00 PM ET,Jacksonville Jaguars,New England Patriots
1f3cfd315a24d1a7dd5859a8e6b88e18,New England Patriots @ Jacksonville Jaguars,Brian Thomas,betonlineag,BetOnline.ag,receptions,Receptions,over,3.5,136,3.4047790933,0.4591194969,0.0,0.4237288136,0.3977531934,0.4023315492,3.5,4,353.9068329602,8.3522012579,Calibration fitted; not prospectively validated,2026-09-26T13:05:32Z,2026-09-27T17:00:00Z,Sun 1:00 PM ET,Jacksonville Jaguars,New England Patriots
1f3cfd315a24d1a7dd5859a8e6b88e18,New England Patriots @ Jacksonville Jaguars,Drake Maye,betonlineag,BetOnline.ag,rush_attempts,Rushing attempts,under,5.5,106,5.7493333296,0.5,0.0,0.4854368932,0.4564539116,0.4558533028,5.5,2,145.6310679612,3.0,Calibration fitted; not prospectively validated,2026-09-26T13:05:32Z,2026-09-27T17:00:00Z,Sun 1:00 PM ET,Jacksonville Jaguars,New England Patriots
1f3cfd315a24d1a7dd5859a8e6b88e18,New England Patriots @ Jacksonville Jaguars,Bhayshul Tuten,betonlineag,BetOnline.ag,rush_attempts,Rushing attempts,under,12.5,100,9.0367275007,0.5526315789,0.0,0.5,0.4693877551,0.4691856755,12.5,2,526.3157894737,10.5263157895,Calibration fitted; not prospectively validated,2026-09-26T13:05:32Z,2026-09-27T17:00:00Z,Sun 1:00 PM ET,Jacksonville Jaguars,New England Patriots
1f3cfd315a24d1a7dd5859a8e6b88e18,New England Patriots @ Jacksonville Jaguars,Jakobi Meyers,betmgm,BetMGM,receptions,Receptions,over,3.5,100,4.6743800375,0.5475728155,0.0,0.5,0.4653465347,0.4648542048,3.5,5,475.7281553398,9.5145631068,Calibration fitted; not prospectively validated,2026-09-26T13:04:58Z,2026-09-27T17:00:00Z,Sun 1:00 PM ET,Jacksonville Jaguars,New England Patriots
1f3cfd315a24d1a7dd5859a8e6b88e18,New England Patriots @ Jacksonville Jaguars,Brian Thomas,betmgm,BetMGM,receptions,Receptions,under,2.5,135,3.4047790933,0.4524271845,0.0,0.4255319149,0.3959708232,0.3959708232,3.5,1,268.952695724,6.3203883495,Calibration fitted; not prospectively validated,2026-09-26T13:04:58Z,2026-09-27T17:00:00Z,Sun 1:00 PM ET,Jacksonville Jaguars,New England Patriots
1f3cfd315a24d1a7dd5859a8e6b88e18,New England Patriots @ Jacksonville Jaguars,TreVeyon Henderson,betmgm,BetMGM,receptions,Receptions,under,1.5,-110,1.1078234081,0.5475728155,0.0,0.5238095238,0.4898785425,0.5,1.5,5,237.6329172446,4.5366284201,Calibration fitted; not prospectively validated,2026-09-26T13:04:58Z,2026-09-27T17:00:00Z,Sun 1:00 PM ET,Jacksonville Jaguars,New England Patriots
1f3cfd315a24d1a7dd5859a8e6b88e18,New England Patriots @ Jacksonville Jaguars,Hunter Henry,betmgm,BetMGM,receptions,Receptions,under,3.5,125,3.1832753012,0.5420560748,0.0,0.4444444444,0.416502947,0.4170324846,3.5,3,976.1163032191,21.9626168224,Calibration fitted; not prospectively validated,2026-09-26T13:04:58Z,2026-09-27T17:00:00Z,Sun 1:00 PM ET,Jacksonville Jaguars,New England Patriots
1f3cfd315a24d1a7dd5859a8e6b88e18,New England Patriots @ Jacksonville Jaguars,Mack Hollins,betmgm,BetMGM,receptions,Receptions,under,2.5,125,3.2827472387,0.4524271845,0.0,0.4444444444,0.416502947,0.416502947,2.5,5,79.8274002158,1.7961165049,Calibration fitted; not prospectively validated,2026-09-26T13:04:58Z,2026-09-27T17:00:00Z,Sun 1:00 PM ET,Jacksonville Jaguars,New England Patriots
1f3cfd315a24d1a7dd5859a8e6b88e18,New England Patriots @ Jacksonville Jaguars,DeMario Douglas,betmgm,BetMGM,receptions,Receptions,under,2.5,120,2.2095393575,0.5420560748,0.0,0.4545454545,0.4248366013,0.4209473735,2.5,3,875.106202209,19.2523364486,Calibration fitted; not prospectively validated,2026-09-26T13:04:58Z,2026-09-27T17:00:00Z,Sun 1:00 PM ET,Jacksonville Jaguars,New England Patriots
1f3cfd315a24d1a7dd5859a8e6b88e18,New England Patriots @ Jacksonville Jaguars,Brenton Strange,betmgm,BetMGM,receptions,Receptions,under,2.5,135,2.9913372815,0.4524271845,0.0,0.4255319149,0.3959708232,0.3993154592,2.5,3,268.952695724,6.3203883495,Calibration fitted; not prospectively validated,2026-09-26T13:04:58Z,2026-09-27T17:00:00Z,Sun 1:00 PM ET,Jacksonville Jaguars,New England Patriots
1f3cfd315a24d1a7dd5859a8e6b88e18,New England Patriots @ Jacksonville Jaguars,Brenton Strange,bovada,Bovada,receptions,Receptions,over,3.5,135,2.9913372815,0.4524271845,0.0,0.4255319149,0.3982930299,0.3992516797,2.5,2,268.952695724,6.3203883495,Calibration fitted; not prospectively validated,2026-09-26T13:05:00Z,2026-09-27T17:00:00Z,Sun 1:00 PM ET,Jacksonville Jaguars,New England Patriots
1f3cfd315a24d1a7dd5859a8e6b88e18,New England Patriots @ Jacksonville Jaguars,Brian Thomas,bovada,Bovada,receptions,Receptions,over,3.5,130,3.4047790933,0.4591194969,0.0,0.4347826087,0.4084720121,0.4023315492,3.5,4,243.3688815969,5.5974842767,Calibration fitted; not prospectively validated,2026-09-26T13:05:00Z,2026-09-27T17:00:00Z,Sun 1:00 PM ET,Jacksonville Jaguars,New England Patriots
1f3cfd315a24d1a7dd5859a8e6b88e18,New England Patriots @ Jacksonville Jaguars,DeMario Douglas,bovada,Bovada,receptions,Receptions,over,3.5,135,2.2095393575,0.4524271845,0.0,0.4255319149,0.3982930299,0.3982462379,2.5,2,268.952695724,6.3203883495,Calibration fitted; not prospectively validated,2026-09-26T13:05:00Z,2026-09-27T17:00:00Z,Sun 1:00 PM ET,Jacksonville Jaguars,New England Patriots
1f3cfd315a24d1a7dd5859a8e6b88e18,New England Patriots @ Jacksonville Jaguars,Jakobi Meyers,bovada,Bovada,receptions,Receptions,over,3.5,105,4.6743800375,0.5475728155,0.0,0.487804878,0.4592085979,0.4648542048,3.5,5,597.679374852,12.2524271845,Calibration fitted; not prospectively validated,2026-09-26T13:05:00Z,2026-09-27T17:00:00Z,Sun 1:00 PM ET,Jacksonville Jaguars,New England Patriots
1f3cfd315a24d1a7dd5859a8e6b88e18,New England Patriots @ Jacksonville Jaguars,Mack Hollins,bovada,Bovada,receptions,Receptions,under,2.5,125,3.2827472387,0.4524271845,0.0,0.4444444444,0.416502947,0.416502947,2.5,5,79.8274002158,1.7961165049,Calibration fitted; not prospectively validated,2026-09-26T13:05:00Z,2026-09-27T17:00:00Z,Sun 1:00 PM ET,Jacksonville Jaguars,New England Patriots
1f3cfd315a24d1a7dd5859a8e6b88e18,New England Patriots @ Jacksonville Jaguars,TreVeyon Henderson,bovada,Bovada,receptions,Receptions,under,1.5,-120,1.1078234081,0.5475728155,0.0,0.5454545455,0.5101214575,0.5,1.5,5,21.1827007944,0.3883495146,Calibration fitted; not prospectively validated,2026-09-26T13:05:00Z,2026-09-27T17:00:00Z,Sun 1:00 PM ET,Jacksonville Jaguars,New England Patriots
1f3cfd315a24d1a7dd5859a8e6b88e18,New England Patriots @ Jacksonville Jaguars,Bhayshul Tuten,bovada,Bovada,rush_yds,Rushing yards,under,53.5,-115,40.4920674897,0.5647668394,0.0,0.5348837209,0.5,0.5,53.0,3,298.8311844801,5.5868438838,Calibration fitted; not prospectively validated,2026-09-26T13:05:00Z,2026-09-27T17:00:00Z,Sun 1:00 PM ET,Jacksonville Jaguars,New England Patriots
1f3cfd315a24d1a7dd5859a8e6b88e18,New England Patriots @ Jacksonville Jaguars,Brenton Strange,fanatics,Fanatics,recv_yds,Receiving yards,under,25.5,105,31.9757289714,0.4989858012,0.0,0.487804878,0.4554079696,0.4554079696,27.5,1,111.8092316826,2.2920892495,Calibration fitted; not prospectively validated,2026-09-26T13:05:22Z,2026-09-27T17:00:00Z,Sun 1:00 PM ET,Jacksonville Jaguars,New England Patriots
1f3cfd315a24d1a7dd5859a8e6b88e18,New England Patriots @ Jacksonville Jaguars,Parker Washington,fanatics,Fanatics,receptions,Receptions,under,4.5,130,4.4831828836,0.5,0.0,0.4347826087,0.4034582133,0.4090010643,4.5,3,652.1739130435,15.0,Calibration fitted; not prospectively validated,2026-09-26T13:05:22Z,2026-09-27T17:00:00Z,Sun 1:00 PM ET,Jacksonville Jaguars,New England Patriots
1f3cfd315a24d1a7dd5859a8e6b88e18,New England Patriots @ Jacksonville Jaguars,Drake Maye,fanatics,Fanatics,rush_attempts,Rushing attempts,over,6.5,125,5.7493333296,0.4927536232,0.0,0.4444444444,0.4137931034,0.4137931034,5.5,1,483.0917874396,10.8695652174,Calibration fitted; not prospectively validated,2026-09-26T13:05:22Z,2026-09-27T17:00:00Z,Sun 1:00 PM ET,Jacksonville Jaguars,New England Patriots
0339a0e41bcee12820eb3e64bb5fadb4,Kansas City Chiefs @ Miami Dolphins,Patrick Mahomes,draftkings,DraftKings,pass_attempts,Passing attempts,over,30.5,-123,36.4612299212,0.6363636364,0.0,0.5515695067,0.5208602779,0.5203045685,30.5,4,847.9412963718,15.3732446415,Calibration fitted; not prospectively validated,2026-09-26T13:05:14Z,2026-09-27T17:00:00Z,Sun 1:00 PM ET,Miami Dolphins,Kansas City Chiefs
0339a0e41bcee12820eb3e64bb5fadb4,Kansas City Chiefs @ Miami Dolphins,Malik Willis,draftkings,DraftKings,pass_attempts,Passing attempts,under,27.5,-105,22.2565532545,0.6363636364,0.0,0.512195122,0.4833368048,0.4833368048,27.5,3,1241.6851441242,24.2424242424,Calibration fitted; not prospectively validated,2026-09-26T13:05:14Z,2026-09-27T17:00:00Z,Sun 1:00 PM ET,Miami Dolphins,Kansas City Chiefs
0339a0e41bcee12820eb3e64bb5fadb4,Kansas City Chiefs @ Miami Dolphins,Malik Willis,draftkings,DraftKings,pass_completions,Passing completions,under,16.5,-105,13.2095485154,0.5416666667,0.0,0.512195122,0.4824089404,0.4824089404,16.5,3,294.7154471545,5.753968254,Calibration fitted; not prospectively validated,2026-09-26T13:05:14Z,2026-09-27T17:00:00Z,Sun 1:00 PM ET,Miami Dolphins,Kansas City Chiefs
0339a0e41bcee12820eb3e64bb5fadb4,Kansas City Chiefs @ Miami Dolphins,Patrick Mahomes,draftkings,DraftKings,pass_tds,Passing touchdowns,under,1.5,148,2.35,0.4821981424,0.0,0.4032258065,0.3809774041,0.3809774041,1.5,5,789.7233596325,19.5851393189,Calibration fitted; not prospectively validated,2026-09-26T13:05:14Z,2026-09-27T17:00:00Z,Sun 1:00 PM ET,Miami Dolphins,Kansas City Chiefs
0339a0e41bcee12820eb3e64bb5fadb4,Kansas City Chiefs @ Miami Dolphins,Malik Willis,draftkings,DraftKings,pass_tds,Passing touchdowns,under,0.5,169,0.53,0.5,0.0,0.3717472119,0.3516065545,0.3572937218,0.5,6,1282.5278810409,34.5,Calibration fitted; not prospectively validated,2026-09-26T13:05:14Z,2026-09-27T17:00:00Z,Sun 1:00 PM ET,Miami Dolphins,Kansas City Chiefs
0339a0e41bcee12820eb3e64bb5fadb4,Kansas City Chiefs @ Miami Dolphins,Patrick Mahomes,fanduel,FanDuel,pass_tds,Passing touchdowns,under,1.5,152,2.35,0.4821981424,0.0,0.3968253968,0.3712268744,0.3809774041,1.5,5,853.7274558946,21.5139318885,Calibration fitted; not prospectively validated,2026-09-26T13:05:18Z,2026-09-27T17:00:00Z,Sun 1:00 PM ET,Miami Dolphins,Kansas City Chiefs
0339a0e41bcee12820eb3e64bb5fadb4,Kansas City Chiefs @ Miami Dolphins,Malik Willis,fanduel,FanDuel,pass_tds,Passing touchdowns,under,0.5,154,0.53,0.5,0.0,0.3937007874,0.3675598767,0.3572937218,0.5,6,1062.9921259843,27.0,Calibration fitted; not prospectively validated,2026-09-26T13:05:18Z,2026-09-27T17:00:00Z,Sun 1:00 PM ET,Miami Dolphins,Kansas City Chiefs
0339a0e41bcee12820eb3e64bb5fadb4,Kansas City Chiefs @ Miami Dolphins,Patrick Mahomes,betrivers,BetRivers,pass_tds,Passing touchdowns,under,1.5,160,2.35,0.4821981424,0.0,0.3846153846,0.3587443946,0.3809774041,1.5,5,975.8275779948,25.3715170279,Calibration fitted; not prospectively validated,2026-09-26T13:05:14Z,2026-09-27T17:00:00Z,Sun 1:00 PM ET,Miami Dolphins,Kansas City Chiefs
0339a0e41bcee12820eb3e64bb5fadb4,Kansas City Chiefs @ Miami Dolphins,Malik Willis,betrivers,BetRivers,pass_tds,Passing touchdowns,under,0.5,150,0.53,0.5,0.0,0.4,0.373088685,0.3572937218,0.5,6,1000.0,25.0,Calibration fitted; not prospectively validated,2026-09-26T13:05:14Z,2026-09-27T17:00:00Z,Sun 1:00 PM ET,Miami Dolphins,Kansas City Chiefs
0339a0e41bcee12820eb3e64bb5fadb4,Kansas City Chiefs @ Miami Dolphins,Patrick Mahomes,betonlineag,BetOnline.ag,pass_attempts,Passing attempts,over,30.5,-115,36.4612299212,0.6363636364,0.0,0.5348837209,0.5030953364,0.5203045685,30.5,4,1014.799154334,18.9723320158,Calibration fitted; not prospectively validated,2026-09-26T13:05:18Z,2026-09-27T17:00:00Z,Sun 1:00 PM ET,Miami Dolphins,Kansas City Chiefs
0339a0e41bcee12820eb3e64bb5fadb4,Kansas City Chiefs @ Miami Dolphins,Malik Willis,betonlineag,BetOnline.ag,pass_attempts,Passing attempts,under,27.5,-106,22.2565532545,0.6363636364,0.0,0.5145631068,0.4835607431,0.4833368048,27.5,3,1218.0052956752,23.6706689537,Calibration fitted; not prospectively validated,2026-09-26T13:05:18Z,2026-09-27T17:00:00Z,Sun 1:00 PM ET,Miami Dolphins,Kansas City Chiefs
0339a0e41bcee12820eb3e64bb5fadb4,Kansas City Chiefs @ Miami Dolphins,Malik Willis,betonlineag,BetOnline.ag,pass_completions,Passing completions,under,16.5,-109,13.2095485154,0.5416666667,0.0,0.5215311005,0.4897419064,0.4824089404,16.5,3,201.355661882,3.8608562691,Calibration fitted; not prospectively validated,2026-09-26T13:05:18Z,2026-09-27T17:00:00Z,Sun 1:00 PM ET,Miami Dolphins,Kansas City Chiefs
0339a0e41bcee12820eb3e64bb5fadb4,Kansas City Chiefs @ Miami Dolphins,Patrick Mahomes,betonlineag,BetOnline.ag,pass_tds,Passing touchdowns,under,1.5,147,2.35,0.4821981424,0.0,0.4048582996,0.3810816454,0.3809774041,1.5,5,773.3984281972,19.1029411765,Calibration fitted; not prospectively validated,2026-09-26T13:05:18Z,2026-09-27T17:00:00Z,Sun 1:00 PM ET,Miami Dolphins,Kansas City Chiefs
0339a0e41bcee12820eb3e64bb5fadb4,Kansas City Chiefs @ Miami Dolphins,Malik Willis,betonlineag,BetOnline.ag,pass_tds,Passing touchdowns,under,0.5,161,0.53,0.5,0.0,0.3831417625,0.3602131357,0.3572937218,0.5,6,1168.5823754789,30.5,Calibration fitted; not prospectively validated,2026-09-26T13:05:18Z,2026-09-27T17:00:00Z,Sun 1:00 PM ET,Miami Dolphins,Kansas City Chiefs
0339a0e41bcee12820eb3e64bb5fadb4,Kansas City Chiefs @ Miami Dolphins,Malik Willis,bovada,Bovada,pass_attempts,Passing attempts,under,27.5,-105,22.2565532545,0.6363636364,0.0,0.512195122,0.4796954315,0.4833368048,27.5,3,1241.6851441242,24.2424242424,Calibration fitted; not prospectively validated,2026-09-26T13:04:27Z,2026-09-27T17:00:00Z,Sun 1:00 PM ET,Miami Dolphins,Kansas City Chiefs
0339a0e41bcee12820eb3e64bb5fadb4,Kansas City Chiefs @ Miami Dolphins,Patrick Mahomes,bovada,Bovada,pass_attempts,Passing attempts,over,30.5,-125,36.4612299212,0.6363636364,0.0,0.5555555556,0.5203045685,0.5203045685,30.5,4,808.0808080808,14.5454545455,Calibration fitted; not prospectively validated,2026-09-26T13:04:27Z,2026-09-27T17:00:00Z,Sun 1:00 PM ET,Miami Dolphins,Kansas City Chiefs
0339a0e41bcee12820eb3e64bb5fadb4,Kansas City Chiefs @ Miami Dolphins,Malik Willis,bovada,Bovada,pass_completions,Passing completions,under,16.5,-105,13.2095485154,0.5416666667,0.0,0.512195122,0.4796954315,0.4824089404,16.5,3,294.7154471545,5.753968254,Calibration fitted; not prospectively validated,2026-09-26T13:04:27Z,2026-09-27T17:00:00Z,Sun 1:00 PM ET,Miami Dolphins,Kansas City Chiefs
0339a0e41bcee12820eb3e64bb5fadb4,Kansas City Chiefs @ Miami Dolphins,Malik Willis,bovada,Bovada,pass_tds,Passing touchdowns,under,0.5,170,0.53,0.5,0.0,0.3703703704,0.3470031546,0.3572937218,0.5,6,1296.2962962963,35.0,Calibration fitted; not prospectively validated,2026-09-26T13:04:27Z,2026-09-27T17:00:00Z,Sun 1:00 PM ET,Miami Dolphins,Kansas City Chiefs
0339a0e41bcee12820eb3e64bb5fadb4,Kansas City Chiefs @ Miami Dolphins,Patrick Mahomes,bovada,Bovada,pass_tds,Passing touchdowns,under,1.5,145,2.35,0.4821981424,0.0,0.4081632653,0.3838517538,0.3809774041,1.5,5,740.3487710874,18.1385448916,Calibration fitted; not prospectively validated,2026-09-26T13:04:27Z,2026-09-27T17:00:00Z,Sun 1:00 PM ET,Miami Dolphins,Kansas City Chiefs
0339a0e41bcee12820eb3e64bb5fadb4,Kansas City Chiefs @ Miami Dolphins,Patrick Mahomes,fanatics,Fanatics,pass_attempts,Passing attempts,over,30.5,-125,36.4612299212,0.6363636364,0.0,0.5555555556,0.5203045685,0.5203045685,30.5,4,808.0808080808,14.5454545455,Calibration fitted; not prospectively validated,2026-09-26T13:05:10Z,2026-09-27T17:00:00Z,Sun 1:00 PM ET,Miami Dolphins,Kansas City Chiefs
0339a0e41bcee12820eb3e64bb5fadb4,Kansas City Chiefs @ Miami Dolphins,Malik Willis,fanatics,Fanatics,pass_tds,Passing touchdowns,under,0.5,165,0.53,0.5,0.0,0.3773584906,0.3543743079,0.3572937218,0.5,6,1226.4150943396,32.5,Calibration fitted; not prospectively validated,2026-09-26T13:05:10Z,2026-09-27T17:00:00Z,Sun 1:00 PM ET,Miami Dolphins,Kansas City Chiefs
0339a0e41bcee12820eb3e64bb5fadb4,Kansas City Chiefs @ Miami Dolphins,Travis Kelce,draftkings,DraftKings,receptions,Receptions,over,4.5,-105,5.5064101672,0.5475728155,0.0,0.512195122,0.4833368048,0.4757688742,4.5,4,353.7769358276,6.907073509,Calibration fitted; not prospectively validated,2026-09-26T13:05:14Z,2026-09-27T17:00:00Z,Sun 1:00 PM ET,Miami Dolphins,Kansas City Chiefs
0339a0e41bcee12820eb3e64bb5fadb4,Kansas City Chiefs @ Miami Dolphins,Malik Washington,draftkings,DraftKings,receptions,Receptions,under,3.5,-105,3.1316861427,0.5420560748,0.0,0.512195122,0.4833368048,0.4855107669,3.5,4,298.6095281514,5.8299955496,Calibration fitted; not prospectively validated,2026-09-26T13:05:14Z,2026-09-27T17:00:00Z,Sun 1:00 PM ET,Miami Dolphins,Kansas City Chiefs
0339a0e41bcee12820eb3e64bb5fadb4,Kansas City Chiefs @ Miami Dolphins,De'Von Achane,draftkings,DraftKings,receptions,Receptions,under,3.5,-107,2.5704910079,0.5475728155,0.0,0.5169082126,0.4875171639,0.4886978532,3.5,4,306.6460297359,5.9323110426,Calibration fitted; not prospectively validated,2026-09-26T13:05:14Z,2026-09-27T17:00:00Z,Sun 1:00 PM ET,Miami Dolphins,Kansas City Chiefs
0339a0e41bcee12820eb3e64bb5fadb4,Kansas City Chiefs @ Miami Dolphins,Kenneth Walker,draftkings,DraftKings,receptions,Receptions,under,3.5,-131,2.5551886538,0.5789473684,0.0,0.5670995671,0.5351457952,0.5575221239,3.5,5,118.4780132149,2.0891924468,Calibration fitted; not prospectively validated,2026-09-26T13:05:14Z,2026-09-27T17:00:00Z,Sun 1:00 PM ET,Miami Dolphins,Kansas City Chiefs
0339a0e41bcee12820eb3e64bb5fadb4,Kansas City Chiefs @ Miami Dolphins,Greg Dulcich,draftkings,DraftKings,receptions,Receptions,over,2.5,113,2.4911962909,0.5,0.0,0.4694835681,0.4430563626,0.4368846216,2.5,4,305.1643192488,6.5,Calibration fitted; not prospectively validated,2026-09-26T13:05:14Z,2026-09-27T17:00:00Z,Sun 1:00 PM ET,Miami Dolphins,Kansas City Chiefs
0339a0e41bcee12820eb3e64bb5fadb4,Kansas City Chiefs @ Miami Dolphins,Chris Bell,draftkings,DraftKings,receptions,Receptions,over,1.5,-112,1.6551179982,0.5408805031,0.0,0.5283018868,0.4979225528,0.5,1.5,4,125.786163522,2.380952381,Calibration fitted; not prospectively validated,2026-09-26T13:05:14Z,2026-09-27T17:00:00Z,Sun 1:00 PM ET,Miami Dolphins,Kansas City Chiefs
0339a0e41bcee12820eb3e64bb5fadb4,Kansas City Chiefs @ Miami Dolphins,Kevin Coleman,draftkings,DraftKings,receptions,Receptions,over,1.5,-109,1.9276052879,0.5420560748,0.0,0.5215311005,0.4916850289,0.4775720324,1.5,4,205.2497428789,3.9355225928,Calibration fitted; not prospectively validated,2026-09-26T13:05:14Z,2026-09-27T17:00:00Z,Sun 1:00 PM ET,Miami Dolphins,Kansas City Chiefs
0339a0e41bcee12820eb3e64bb5fadb4,Kansas City Chiefs @ Miami Dolphins,Emmett Johnson,draftkings,DraftKings,receptions,Receptions,over,1.5,108,3.1797451557,0.5475728155,0.0,0.4807692308,0.4532987963,0.4625705566,1.5,4,668.0358476475,13.8951456311,Calibration fitted; not prospectively validated,2026-09-26T13:05:14Z,2026-09-27T17:00:00Z,Sun 1:00 PM ET,Miami Dolphins,Kansas City Chiefs
0339a0e41bcee12820eb3e64bb5fadb4,Kansas City Chiefs @ Miami Dolphins,Tyquan Thornton,draftkings,DraftKings,receptions,Receptions,over,1.5,114,2.3834697925,0.5475728155,0.0,0.4672897196,0.4412029534,0.4348277244,1.5,4,802.8309590781,17.1805825243,Calibration fitted; not prospectively validated,2026-09-26T13:05:14Z,2026-09-27T17:00:00Z,Sun 1:00 PM ET,Miami Dolphins,Kansas City Chiefs
0339a0e41bcee12820eb3e64bb5fadb4,Kansas City Chiefs @ Miami Dolphins,Patrick Mahomes,draftkings,DraftKings,rush_attempts,Rushing attempts,under,3.5,107,4.5141119559,0.4915254237,0.0,0.4830917874,0.4552526941,0.4552526941,3.5,1,84.336362892,1.7457627119,Calibration fitted; not prospectively validated,2026-09-26T13:05:14Z,2026-09-27T17:00:00Z,Sun 1:00 PM ET,Miami Dolphins,Kansas City Chiefs
0339a0e41bcee12820eb3e64bb5fadb4,Kansas City Chiefs @ Miami Dolphins,Ollie Gordon,draftkings,DraftKings,rush_yds,Rushing yards,over,8.5,-116,20.1670074863,0.5647668394,0.0,0.537037037,0.5084288604,0.5067943031,8.5,4,277.298023412,5.1634804359,Calibration fitted; not prospectively validated,2026-09-26T13:05:14Z,2026-09-27T17:00:00Z,Sun 1:00 PM ET,Miami Dolphins,Kansas City Chiefs
0339a0e41bcee12820eb3e64bb5fadb4,Kansas City Chiefs @ Miami Dolphins,Malik Washington,fanduel,FanDuel,receptions,Receptions,under,3.5,-114,3.1316861427,0.5420560748,0.0,0.5327102804,0.5,0.4855107669,3.5,4,93.4579439252,1.7543859649,Calibration fitted; not prospectively validated,2026-09-26T13:05:18Z,2026-09-27T17:00:00Z,Sun 1:00 PM ET,Miami Dolphins,Kansas City Chiefs
0339a0e41bcee12820eb3e64bb5fadb4,Kansas City Chiefs @ Miami Dolphins,Chris Bell,fanduel,FanDuel,receptions,Receptions,over,1.5,-114,1.6551179982,0.5408805031,0.0,0.5327102804,0.5,0.5,1.5,4,81.7022277082,1.533708485,Calibration fitted; not prospectively validated,2026-09-26T13:05:18Z,2026-09-27T17:00:00Z,Sun 1:00 PM ET,Miami Dolphins,Kansas City Chiefs
0339a0e41bcee12820eb3e64bb5fadb4,Kansas City Chiefs @ Miami Dolphins,Travis Kelce,fanduel,FanDuel,receptions,Receptions,over,4.5,-102,5.5064101672,0.5475728155,0.0,0.504950495,0.471842317,0.4757688742,4.5,4,426.2232048448,8.4408909195,Calibration fitted; not prospectively validated,2026-09-26T13:05:18Z,2026-09-27T17:00:00Z,Sun 1:00 PM ET,Miami Dolphins,Kansas City Chiefs
0339a0e41bcee12820eb3e64bb5fadb4,Kansas City Chiefs @ Miami Dolphins,Kevin Coleman,fanduel,FanDuel,receptions,Receptions,over,1.5,106,1.9276052879,0.5420560748,0.0,0.4854368932,0.4542013626,0.4775720324,1.5,4,566.1918156247,11.6635514019,Calibration fitted; not prospectively validated,2026-09-26T13:05:18Z,2026-09-27T17:00:00Z,Sun 1:00 PM ET,Miami Dolphins,Kansas City Chiefs
0339a0e41bcee12820eb3e64bb5fadb4,Kansas City Chiefs @ Miami Dolphins,Emmett Johnson,fanduel,FanDuel,receptions,Receptions,over,1.5,-102,3.1797451557,0.5475728155,0.0,0.504950495,0.471842317,0.4625705566,1.5,4,426.2232048448,8.4408909195,Calibration fitted; not prospectively validated,2026-09-26T13:05:18Z,2026-09-27T17:00:00Z,Sun 1:00 PM ET,Miami Dolphins,Kansas City Chiefs
0339a0e41bcee12820eb3e64bb5fadb4,Kansas City Chiefs @ Miami Dolphins,Greg Dulcich,fanduel,FanDuel,receptions,Receptions,over,2.5,122,2.4911962909,0.5,0.0,0.4504504505,0.4214658001,0.4368846216,2.5,4,495.4954954955,11.0,Calibration fitted; not prospectively validated,2026-09-26T13:05:18Z,2026-09-27T17:00:00Z,Sun 1:00 PM ET,Miami Dolphins,Kansas City Chiefs
0339a0e41bcee12820eb3e64bb5fadb4,Kansas City Chiefs @ Miami Dolphins,De'Von Achane,fanduel,FanDuel,receptions,Receptions,under,3.5,-106,2.5704910079,0.5475728155,0.0,0.5145631068,0.4835607431,0.4886978532,3.5,4,330.0970873786,6.4150943396,Calibration fitted; not prospectively validated,2026-09-26T13:05:18Z,2026-09-27T17:00:00Z,Sun 1:00 PM ET,Miami Dolphins,Kansas City Chiefs
0339a0e41bcee12820eb3e64bb5fadb4,Kansas City Chiefs @ Miami Dolphins,Tyquan Thornton,fanduel,FanDuel,receptions,Receptions,over,1.5,116,2.3834697925,0.5475728155,0.0,0.462962963,0.4329742261,0.4348277244,1.5,4,846.0985257102,18.2757281553,Calibration fitted; not prospectively validated,2026-09-26T13:05:18Z,2026-09-27T17:00:00Z,Sun 1:00 PM ET,Miami Dolphins,Kansas City Chiefs
0339a0e41bcee12820eb3e64bb5fadb4,Kansas City Chiefs @ Miami Dolphins,Ollie Gordon,fanduel,FanDuel,rush_yds,Rushing yards,over,8.5,-114,20.1670074863,0.5647668394,0.0,0.5327102804,0.5,0.5067943031,8.5,4,320.5655900441,6.0176347605,Calibration fitted; not prospectively validated,2026-09-26T13:05:18Z,2026-09-27T17:00:00Z,Sun 1:00 PM ET,Miami Dolphins,Kansas City Chiefs
0339a0e41bcee12820eb3e64bb5fadb4,Kansas City Chiefs @ Miami Dolphins,Patrick Mahomes,fanduel,FanDuel,rush_yds,Rushing yards,over,16.5,-114,25.9398931042,0.5647668394,0.0,0.5327102804,0.5,0.5050233081,16.5,3,320.5655900441,6.0176347605,Calibration fitted; not prospectively validated,2026-09-26T13:05:18Z,2026-09-27T17:00:00Z,Sun 1:00 PM ET,Miami Dolphins,Kansas City Chiefs
0339a0e41bcee12820eb3e64bb5fadb4,Kansas City Chiefs @ Miami Dolphins,Greg Dulcich,betrivers,BetRivers,receptions,Receptions,over,2.5,118,2.4911962909,0.5,0.0,0.4587155963,,0.4368846216,2.5,4,412.8440366972,9.0,Calibration fitted; not prospectively validated,2026-09-26T13:05:14Z,2026-09-27T17:00:00Z,Sun 1:00 PM ET,Miami Dolphins,Kansas City Chiefs
0339a0e41bcee12820eb3e64bb5fadb4,Kansas City Chiefs @ Miami Dolphins,Tyquan Thornton,betrivers,BetRivers,receptions,Receptions,over,1.5,114,2.3834697925,0.5475728155,0.0,0.4672897196,,0.4348277244,1.5,4,802.8309590781,17.1805825243,Calibration fitted; not prospectively validated,2026-09-26T13:05:14Z,2026-09-27T17:00:00Z,Sun 1:00 PM ET,Miami Dolphins,Kansas City Chiefs
0339a0e41bcee12820eb3e64bb5fadb4,Kansas City Chiefs @ Miami Dolphins,Chris Bell,betrivers,BetRivers,receptions,Receptions,over,1.5,-117,1.6551179982,0.5408805031,0.0,0.5391705069,,0.5,1.5,4,17.0999623221,0.3171531473,Calibration fitted; not prospectively validated,2026-09-26T13:05:14Z,2026-09-27T17:00:00Z,Sun 1:00 PM ET,Miami Dolphins,Kansas City Chiefs
0339a0e41bcee12820eb3e64bb5fadb4,Kansas City Chiefs @ Miami Dolphins,Emmett Johnson,betrivers,BetRivers,receptions,Receptions,over,1.5,-103,3.1797451557,0.5475728155,0.0,0.5073891626,,0.4625705566,1.5,4,401.836529724,7.9196908285,Calibration fitted; not prospectively validated,2026-09-26T13:05:14Z,2026-09-27T17:00:00Z,Sun 1:00 PM ET,Miami Dolphins,Kansas City Chiefs
0339a0e41bcee12820eb3e64bb5fadb4,Kansas City Chiefs @ Miami Dolphins,Rashee Rice,betrivers,BetRivers,receptions,Receptions,over,4.5,125,4.0541960749,0.4579439252,0.0,0.4444444444,,0.4336970517,4.5,4,134.994807892,3.0373831776,Calibration fitted; not prospectively validated,2026-09-26T13:05:14Z,2026-09-27T17:00:00Z,Sun 1:00 PM ET,Miami Dolphins,Kansas City Chiefs
0339a0e41bcee12820eb3e64bb5fadb4,Kansas City Chiefs @ Miami Dolphins,Travis Kelce,betrivers,BetRivers,receptions,Receptions,over,4.5,-107,5.5064101672,0.5475728155,0.0,0.5169082126,,0.4757688742,4.5,4,306.6460297359,5.9323110426,Calibration fitted; not prospectively validated,2026-09-26T13:05:14Z,2026-09-27T17:00:00Z,Sun 1:00 PM ET,Miami Dolphins,Kansas City Chiefs
0339a0e41bcee12820eb3e64bb5fadb4,Kansas City Chiefs @ Miami Dolphins,Patrick Mahomes,betrivers,BetRivers,rush_yds,Rushing yards,over,16.5,-118,25.9398931042,0.5647668394,0.0,0.5412844037,0.5050233081,0.5050233081,16.5,3,234.8243570851,4.3382804953,Calibration fitted; not prospectively validated,2026-09-26T13:05:14Z,2026-09-27T17:00:00Z,Sun 1:00 PM ET,Miami Dolphins,Kansas City Chiefs
0339a0e41bcee12820eb3e64bb5fadb4,Kansas City Chiefs @ Miami Dolphins,Emmett Johnson,betonlineag,BetOnline.ag,receptions,Receptions,over,1.5,-105,3.1797451557,0.5475728155,0.0,0.512195122,0.4814929056,0.4625705566,1.5,4,353.7769358276,6.907073509,Calibration fitted; not prospectively validated,2026-09-26T13:05:18Z,2026-09-27T17:00:00Z,Sun 1:00 PM ET,Miami Dolphins,Kansas City Chiefs
0339a0e41bcee12820eb3e64bb5fadb4,Kansas City Chiefs @ Miami Dolphins,Travis Kelce,betonlineag,BetOnline.ag,receptions,Receptions,over,4.5,105,5.5064101672,0.5475728155,0.0,0.487804878,0.4592085979,0.4757688742,4.5,4,597.679374852,12.2524271845,Calibration fitted; not prospectively validated,2026-09-26T13:05:18Z,2026-09-27T17:00:00Z,Sun 1:00 PM ET,Miami Dolphins,Kansas City Chiefs
0339a0e41bcee12820eb3e64bb5fadb4,Kansas City Chiefs @ Miami Dolphins,De'Von Achane,betonlineag,BetOnline.ag,receptions,Receptions,under,3.5,-111,2.5704910079,0.5475728155,0.0,0.5260663507,0.4948402543,0.4886978532,3.5,4,215.0646482308,4.0881658357,Calibration fitted; not prospectively validated,2026-09-26T13:05:18Z,2026-09-27T17:00:00Z,Sun 1:00 PM ET,Miami Dolphins,Kansas City Chiefs
0339a0e41bcee12820eb3e64bb5fadb4,Kansas City Chiefs @ Miami Dolphins,Tyquan Thornton,betonlineag,BetOnline.ag,receptions,Receptions,over,1.5,118,2.3834697925,0.5475728155,0.0,0.4587155963,0.4307128807,0.4348277244,1.5,4,888.5721920371,19.3708737864,Calibration fitted; not prospectively validated,2026-09-26T13:05:18Z,2026-09-27T17:00:00Z,Sun 1:00 PM ET,Miami Dolphins,Kansas City Chiefs
0339a0e41bcee12820eb3e64bb5fadb4,Kansas City Chiefs @ Miami Dolphins,Malik Washington,betonlineag,BetOnline.ag,receptions,Receptions,under,3.5,-108,3.1316861427,0.5420560748,0.0,0.5192307692,0.4876847291,0.4855107669,3.5,4,228.2530553559,4.3959847698,Calibration fitted; not prospectively validated,2026-09-26T13:05:18Z,2026-09-27T17:00:00Z,Sun 1:00 PM ET,Miami Dolphins,Kansas City Chiefs
0339a0e41bcee12820eb3e64bb5fadb4,Kansas City Chiefs @ Miami Dolphins,Greg Dulcich,betonlineag,BetOnline.ag,receptions,Receptions,over,2.5,118,2.4911962909,0.5,0.0,0.4587155963,0.4307128807,0.4368846216,2.5,4,412.8440366972,9.0,Calibration fitted; not prospectively validated,2026-09-26T13:05:18Z,2026-09-27T17:00:00Z,Sun 1:00 PM ET,Miami Dolphins,Kansas City Chiefs
0339a0e41bcee12820eb3e64bb5fadb4,Kansas City Chiefs @ Miami Dolphins,Chris Bell,betonlineag,BetOnline.ag,receptions,Receptions,over,1.5,-116,1.6551179982,0.5408805031,0.0,0.537037037,0.5051597457,0.5,1.5,4,38.4346610762,0.7156798959,Calibration fitted; not prospectively validated,2026-09-26T13:05:18Z,2026-09-27T17:00:00Z,Sun 1:00 PM ET,Miami Dolphins,Kansas City Chiefs
0339a0e41bcee12820eb3e64bb5fadb4,Kansas City Chiefs @ Miami Dolphins,Kevin Coleman,betonlineag,BetOnline.ag,receptions,Receptions,over,1.5,102,1.9276052879,0.5420560748,0.0,0.495049505,0.4652655222,0.4775720324,1.5,4,470.0656981586,9.4953271028,Calibration fitted; not prospectively validated,2026-09-26T13:05:18Z,2026-09-27T17:00:00Z,Sun 1:00 PM ET,Miami Dolphins,Kansas City Chiefs
0339a0e41bcee12820eb3e64bb5fadb4,Kansas City Chiefs @ Miami Dolphins,Emmett Johnson,betonlineag,BetOnline.ag,rush_attempts,Rushing attempts,under,5.5,122,6.2030336723,0.4927536232,0.0,0.4504504505,0.423216445,0.423216445,5.5,1,423.0317273796,9.3913043478,Calibration fitted; not prospectively validated,2026-09-26T13:05:18Z,2026-09-27T17:00:00Z,Sun 1:00 PM ET,Miami Dolphins,Kansas City Chiefs
0339a0e41bcee12820eb3e64bb5fadb4,Kansas City Chiefs @ Miami Dolphins,Ollie Gordon,betonlineag,BetOnline.ag,rush_yds,Rushing yards,over,8.5,-116,20.1670074863,0.5647668394,0.0,0.537037037,0.5051597457,0.5067943031,8.5,4,277.298023412,5.1634804359,Calibration fitted; not prospectively validated,2026-09-26T13:05:18Z,2026-09-27T17:00:00Z,Sun 1:00 PM ET,Miami Dolphins,Kansas City Chiefs
0339a0e41bcee12820eb3e64bb5fadb4,Kansas City Chiefs @ Miami Dolphins,Patrick Mahomes,betonlineag,BetOnline.ag,rush_yds,Rushing yards,over,16.5,-128,25.9398931042,0.5647668394,0.0,0.5614035088,0.5276888998,0.5050233081,16.5,3,33.6333060631,0.5990932642,Calibration fitted; not prospectively validated,2026-09-26T13:05:18Z,2026-09-27T17:00:00Z,Sun 1:00 PM ET,Miami Dolphins,Kansas City Chiefs
0339a0e41bcee12820eb3e64bb5fadb4,Kansas City Chiefs @ Miami Dolphins,Chris Bell,bovada,Bovada,receptions,Receptions,over,1.5,-115,1.6551179982,0.5408805031,0.0,0.5348837209,0.5,0.5,1.5,4,59.9678221442,1.1211375444,Calibration fitted; not prospectively validated,2026-09-26T13:04:27Z,2026-09-27T17:00:00Z,Sun 1:00 PM ET,Miami Dolphins,Kansas City Chiefs
0339a0e41bcee12820eb3e64bb5fadb4,Kansas City Chiefs @ Miami Dolphins,De'Von Achane,bovada,Bovada,receptions,Receptions,under,3.5,-110,2.5704910079,0.5475728155,0.0,0.5238095238,0.4898785425,0.4886978532,3.5,4,237.6329172446,4.5366284201,Calibration fitted; not prospectively validated,2026-09-26T13:04:27Z,2026-09-27T17:00:00Z,Sun 1:00 PM ET,Miami Dolphins,Kansas City Chiefs
0339a0e41bcee12820eb3e64bb5fadb4,Kansas City Chiefs @ Miami Dolphins,Emmett Johnson,bovada,Bovada,receptions,Receptions,over,1.5,110,3.1797451557,0.5475728155,0.0,0.4761904762,0.4458598726,0.4625705566,1.5,4,713.823393435,14.9902912621,Calibration fitted; not prospectively validated,2026-09-26T13:04:27Z,2026-09-27T17:00:00Z,Sun 1:00 PM ET,Miami Dolphins,Kansas City Chiefs
0339a0e41bcee12820eb3e64bb5fadb4,Kansas City Chiefs @ Miami Dolphins,Greg Dulcich,bovada,Bovada,receptions,Receptions,over,2.5,110,2.4911962909,0.5,0.0,0.4761904762,0.4458598726,0.4368846216,2.5,4,238.0952380952,5.0,Calibration fitted; not prospectively validated,2026-09-26T13:04:27Z,2026-09-27T17:00:00Z,Sun 1:00 PM ET,Miami Dolphins,Kansas City Chiefs
0339a0e41bcee12820eb3e64bb5fadb4,Kansas City Chiefs @ Miami Dolphins,Kenneth Walker,bovada,Bovada,receptions,Receptions,under,3.5,-135,2.5551886538,0.5789473684,0.0,0.5744680851,0.5407914021,0.5575221239,3.5,5,44.7928331467,0.7797270955,Calibration fitted; not prospectively validated,2026-09-26T13:04:27Z,2026-09-27T17:00:00Z,Sun 1:00 PM ET,Miami Dolphins,Kansas City Chiefs
0339a0e41bcee12820eb3e64bb5fadb4,Kansas City Chiefs @ Miami Dolphins,Kevin Coleman,bovada,Bovada,receptions,Receptions,over,1.5,-110,1.9276052879,0.5420560748,0.0,0.5238095238,0.4898785425,0.4775720324,1.5,4,182.4655095683,3.4834324554,Calibration fitted; not prospectively validated,2026-09-26T13:04:27Z,2026-09-27T17:00:00Z,Sun 1:00 PM ET,Miami Dolphins,Kansas City Chiefs
0339a0e41bcee12820eb3e64bb5fadb4,Kansas City Chiefs @ Miami Dolphins,Malik Washington,bovada,Bovada,receptions,Receptions,under,3.5,-105,3.1316861427,0.5420560748,0.0,0.512195122,0.4796954315,0.4855107669,3.5,4,298.6095281514,5.8299955496,Calibration fitted; not prospectively validated,2026-09-26T13:04:27Z,2026-09-27T17:00:00Z,Sun 1:00 PM ET,Miami Dolphins,Kansas City Chiefs
0339a0e41bcee12820eb3e64bb5fadb4,Kansas City Chiefs @ Miami Dolphins,Travis Kelce,bovada,Bovada,receptions,Receptions,over,4.5,-105,5.5064101672,0.5475728155,0.0,0.512195122,0.4796954315,0.4757688742,4.5,4,353.7769358276,6.907073509,Calibration fitted; not prospectively validated,2026-09-26T13:04:27Z,2026-09-27T17:00:00Z,Sun 1:00 PM ET,Miami Dolphins,Kansas City Chiefs
0339a0e41bcee12820eb3e64bb5fadb4,Kansas City Chiefs @ Miami Dolphins,Tyquan Thornton,bovada,Bovada,receptions,Receptions,over,1.5,115,2.3834697925,0.5475728155,0.0,0.4651162791,0.4366812227,0.4348277244,1.5,4,824.5653646421,17.7281553398,Calibration fitted; not prospectively validated,2026-09-26T13:04:27Z,2026-09-27T17:00:00Z,Sun 1:00 PM ET,Miami Dolphins,Kansas City Chiefs
0339a0e41bcee12820eb3e64bb5fadb4,Kansas City Chiefs @ Miami Dolphins,Ollie Gordon,bovada,Bovada,rush_yds,Rushing yards,over,8.5,-120,20.1670074863,0.5647668394,0.0,0.5454545455,0.5101214575,0.5067943031,8.5,4,193.1229392369,3.5405872193,Calibration fitted; not prospectively validated,2026-09-26T13:04:27Z,2026-09-27T17:00:00Z,Sun 1:00 PM ET,Miami Dolphins,Kansas City Chiefs
555afd4a27aaa392662881cffa8f2eef,Tennessee Titans @ New York Giants,Cam Ward,draftkings,DraftKings,pass_attempts,Passing attempts,under,31.5,-124,28.0755158449,0.5625,0.0,0.5535714286,0.5217643645,0.5203045685,31.5,3,89.2857142857,1.6129032258,Calibration fitted; not prospectively validated,2026-09-26T13:04:57Z,2026-09-27T17:00:00Z,Sun 1:00 PM ET,New York Giants,Tennessee Titans
555afd4a27aaa392662881cffa8f2eef,Tennessee Titans @ New York Giants,Jameis Winston,draftkings,DraftKings,pass_attempts,Passing attempts,under,30.5,-124,26.3469956008,0.5625,0.0,0.5535714286,0.5217643645,0.5210344665,30.5,4,89.2857142857,1.6129032258,Calibration fitted; not prospectively validated,2026-09-26T13:04:57Z,2026-09-27T17:00:00Z,Sun 1:00 PM ET,New York Giants,Tennessee Titans
555afd4a27aaa392662881cffa8f2eef,Tennessee Titans @ New York Giants,Jameis Winston,draftkings,DraftKings,pass_completions,Passing completions,under,17.5,-112,13.1734978004,0.5416666667,0.0,0.5283018868,0.4979225528,0.5,17.5,3,133.6477987421,2.5297619048,Calibration fitted; not prospectively validated,2026-09-26T13:04:57Z,2026-09-27T17:00:00Z,Sun 1:00 PM ET,New York Giants,Tennessee Titans
555afd4a27aaa392662881cffa8f2eef,Tennessee Titans @ New York Giants,Jameis Winston,draftkings,DraftKings,pass_tds,Passing touchdowns,under,0.5,203,0.0106,0.5578947368,0.0,0.3300330033,0.3127362705,0.3220114689,0.5,5,2278.6173354178,69.0421052632,Calibration fitted; not prospectively validated,2026-09-26T13:04:57Z,2026-09-27T17:00:00Z,Sun 1:00 PM ET,New York Giants,Tennessee Titans
555afd4a27aaa392662881cffa8f2eef,Tennessee Titans @ New York Giants,Cam Ward,draftkings,DraftKings,pass_tds,Passing touchdowns,under,0.5,156,0.47,0.5,0.0,0.390625,0.3694581281,0.3666469545,0.5,7,1093.75,28.0,Calibration fitted; not prospectively validated,2026-09-26T13:04:57Z,2026-09-27T17:00:00Z,Sun 1:00 PM ET,New York Giants,Tennessee Titans
555afd4a27aaa392662881cffa8f2eef,Tennessee Titans @ New York Giants,Jameis Winston,fanduel,FanDuel,pass_tds,Passing touchdowns,under,0.5,188,0.0106,0.5578947368,0.0,0.3472222222,0.3246753247,0.3220114689,0.5,5,2106.7251461988,60.6736842105,Calibration fitted; not prospectively validated,2026-09-26T13:05:52Z,2026-09-27T17:00:00Z,Sun 1:00 PM ET,New York Giants,Tennessee Titans
555afd4a27aaa392662881cffa8f2eef,Tennessee Titans @ New York Giants,Cam Ward,fanduel,FanDuel,pass_tds,Passing touchdowns,under,0.5,152,0.47,0.5,0.0,0.3968253968,0.3712268744,0.3666469545,0.5,7,1031.746031746,26.0,Calibration fitted; not prospectively validated,2026-09-26T13:05:52Z,2026-09-27T17:00:00Z,Sun 1:00 PM ET,New York Giants,Tennessee Titans
555afd4a27aaa392662881cffa8f2eef,Tennessee Titans @ New York Giants,Cam Ward,betrivers,BetRivers,pass_tds,Passing touchdowns,under,0.5,155,0.47,0.5,0.0,0.3921568627,0.3666469545,0.3666469545,0.5,7,1078.431372549,27.5,Calibration fitted; not prospectively validated,2026-09-26T13:05:13Z,2026-09-27T17:00:00Z,Sun 1:00 PM ET,New York Giants,Tennessee Titans
555afd4a27aaa392662881cffa8f2eef,Tennessee Titans @ New York Giants,Jameis Winston,betrivers,BetRivers,pass_tds,Passing touchdowns,under,0.5,190,0.0106,0.5578947368,0.0,0.3448275862,0.3220114689,0.3220114689,0.5,5,2130.6715063521,61.7894736842,Calibration fitted; not prospectively validated,2026-09-26T13:05:13Z,2026-09-27T17:00:00Z,Sun 1:00 PM ET,New York Giants,Tennessee Titans
555afd4a27aaa392662881cffa8f2eef,Tennessee Titans @ New York Giants,Jameis Winston,betonlineag,BetOnline.ag,pass_completions,Passing completions,under,17.5,-118,13.1734978004,0.5416666667,0.0,0.5412844037,0.5082034454,0.5,17.5,3,3.8226299694,0.0706214689,Calibration fitted; not prospectively validated,2026-09-26T13:04:59Z,2026-09-27T17:00:00Z,Sun 1:00 PM ET,New York Giants,Tennessee Titans
555afd4a27aaa392662881cffa8f2eef,Tennessee Titans @ New York Giants,Cam Ward,betonlineag,BetOnline.ag,pass_tds,Passing touchdowns,under,0.5,155,0.47,0.5,0.0,0.3921568627,0.368842514,0.3666469545,0.5,7,1078.431372549,27.5,Calibration fitted; not prospectively validated,2026-09-26T13:04:59Z,2026-09-27T17:00:00Z,Sun 1:00 PM ET,New York Giants,Tennessee Titans
555afd4a27aaa392662881cffa8f2eef,Tennessee Titans @ New York Giants,Jameis Winston,betonlineag,BetOnline.ag,pass_tds,Passing touchdowns,under,0.5,192,0.0106,0.5578947368,0.0,0.3424657534,0.3226040307,0.3220114689,0.5,5,2154.2898341745,62.9052631579,Calibration fitted; not prospectively validated,2026-09-26T13:04:59Z,2026-09-27T17:00:00Z,Sun 1:00 PM ET,New York Giants,Tennessee Titans
555afd4a27aaa392662881cffa8f2eef,Tennessee Titans @ New York Giants,Jameis Winston,betmgm,BetMGM,pass_attempts,Passing attempts,under,30.5,-115,26.3469956008,0.5625,0.0,0.5348837209,0.5,0.5210344665,30.5,4,276.1627906977,5.1630434783,Calibration fitted; not prospectively validated,2026-09-26T13:03:50Z,2026-09-27T17:00:00Z,Sun 1:00 PM ET,New York Giants,Tennessee Titans
555afd4a27aaa392662881cffa8f2eef,Tennessee Titans @ New York Giants,Jameis Winston,betmgm,BetMGM,pass_tds,Passing touchdowns,under,1.5,-250,0.0106,0.75,0.0,0.7142857143,0.6666666667,0.6666666667,0.5,1,357.1428571429,5.0,Calibration fitted; not prospectively validated,2026-09-26T13:03:50Z,2026-09-27T17:00:00Z,Sun 1:00 PM ET,New York Giants,Tennessee Titans
555afd4a27aaa392662881cffa8f2eef,Tennessee Titans @ New York Giants,Cam Ward,betmgm,BetMGM,pass_tds,Passing touchdowns,under,0.5,165,0.47,0.5,0.0,0.3773584906,0.3527815468,0.3666469545,0.5,7,1226.4150943396,32.5,Calibration fitted; not prospectively validated,2026-09-26T13:03:50Z,2026-09-27T17:00:00Z,Sun 1:00 PM ET,New York Giants,Tennessee Titans
555afd4a27aaa392662881cffa8f2eef,Tennessee Titans @ New York Giants,Cam Ward,bovada,Bovada,pass_attempts,Passing attempts,under,31.5,-125,28.0755158449,0.5625,0.0,0.5555555556,0.5203045685,0.5203045685,31.5,3,69.4444444444,1.25,Calibration fitted; not prospectively validated,2026-09-26T13:04:27Z,2026-09-27T17:00:00Z,Sun 1:00 PM ET,New York Giants,Tennessee Titans
555afd4a27aaa392662881cffa8f2eef,Tennessee Titans @ New York Giants,Jameis Winston,bovada,Bovada,pass_attempts,Passing attempts,under,30.5,-125,26.3469956008,0.5625,0.0,0.5555555556,0.5203045685,0.5210344665,30.5,4,69.4444444444,1.25,Calibration fitted; not prospectively validated,2026-09-26T13:04:27Z,2026-09-27T17:00:00Z,Sun 1:00 PM ET,New York Giants,Tennessee Titans
555afd4a27aaa392662881cffa8f2eef,Tennessee Titans @ New York Giants,Jameis Winston,bovada,Bovada,pass_completions,Passing completions,under,17.5,-115,13.1734978004,0.5416666667,0.0,0.5348837209,0.5,0.5,17.5,3,67.8294573643,1.268115942,Calibration fitted; not prospectively validated,2026-09-26T13:04:27Z,2026-09-27T17:00:00Z,Sun 1:00 PM ET,New York Giants,Tennessee Titans
555afd4a27aaa392662881cffa8f2eef,Tennessee Titans @ New York Giants,Cam Ward,bovada,Bovada,pass_tds,Passing touchdowns,under,0.5,155,0.47,0.5,0.0,0.3921568627,0.3666469545,0.3666469545,0.5,7,1078.431372549,27.5,Calibration fitted; not prospectively validated,2026-09-26T13:04:27Z,2026-09-27T17:00:00Z,Sun 1:00 PM ET,New York Giants,Tennessee Titans
555afd4a27aaa392662881cffa8f2eef,Tennessee Titans @ New York Giants,Jameis Winston,bovada,Bovada,pass_tds,Passing touchdowns,under,0.5,200,0.0106,0.5578947368,0.0,0.3333333333,0.3125,0.3220114689,0.5,5,2245.6140350877,67.3684210526,Calibration fitted; not prospectively validated,2026-09-26T13:04:27Z,2026-09-27T17:00:00Z,Sun 1:00 PM ET,New York Giants,Tennessee Titans
555afd4a27aaa392662881cffa8f2eef,Tennessee Titans @ New York Giants,Cam Ward,fanatics,Fanatics,pass_attempts,Passing attempts,under,31.5,-125,28.0755158449,0.5625,0.0,0.5555555556,0.5203045685,0.5203045685,31.5,3,69.4444444444,1.25,Calibration fitted; not prospectively validated,2026-09-26T13:05:38Z,2026-09-27T17:00:00Z,Sun 1:00 PM ET,New York Giants,Tennessee Titans
555afd4a27aaa392662881cffa8f2eef,Tennessee Titans @ New York Giants,Cam Ward,fanatics,Fanatics,pass_tds,Passing touchdowns,under,0.5,160,0.47,0.5,0.0,0.3846153846,0.3604118993,0.3666469545,0.5,7,1153.8461538462,30.0,Calibration fitted; not prospectively validated,2026-09-26T13:05:38Z,2026-09-27T17:00:00Z,Sun 1:00 PM ET,New York Giants,Tennessee Titans
555afd4a27aaa392662881cffa8f2eef,Tennessee Titans @ New York Giants,Wan'Dale Robinson,draftkings,DraftKings,receptions,Receptions,over,3.5,104,4.6874052266,0.5475728155,0.0,0.4901960784,0.4620082487,0.4688288174,3.5,6,573.7673710261,11.7048543689,Calibration fitted; not prospectively validated,2026-09-26T13:04:57Z,2026-09-27T17:00:00Z,Sun 1:00 PM ET,New York Giants,Tennessee Titans
555afd4a27aaa392662881cffa8f2eef,Tennessee Titans @ New York Giants,Cam Skattebo,draftkings,DraftKings,receptions,Receptions,over,2.5,145,2.5721495465,0.5408805031,0.0,0.4081632653,0.3856006472,0.3747994066,2.5,4,1327.1723783853,32.5157232704,Calibration fitted; not prospectively validated,2026-09-26T13:04:57Z,2026-09-27T17:00:00Z,Sun 1:00 PM ET,New York Giants,Tennessee Titans
555afd4a27aaa392662881cffa8f2eef,Tennessee Titans @ New York Giants,Malachi Fields,draftkings,DraftKings,receptions,Receptions,under,1.5,150,2.4589953775,0.4524271845,0.0,0.4,0.3778207608,0.3764103804,2.5,2,524.2718446602,13.1067961165,Calibration fitted; not prospectively validated,2026-09-26T13:04:57Z,2026-09-27T17:00:00Z,Sun 1:00 PM ET,New York Giants,Tennessee Titans
555afd4a27aaa392662881cffa8f2eef,Tennessee Titans @ New York Giants,Darnell Mooney,draftkings,DraftKings,receptions,Receptions,over,1.5,-105,3.582862997,0.5789473684,0.0,0.512195122,0.4833368048,0.4833368048,1.5,5,667.5224646983,13.0325814536,Calibration fitted; not prospectively validated,2026-09-26T13:04:57Z,2026-09-27T17:00:00Z,Sun 1:00 PM ET,New York Giants,Tennessee Titans
555afd4a27aaa392662881cffa8f2eef,Tennessee Titans @ New York Giants,Calvin Ridley,draftkings,DraftKings,receptions,Receptions,over,1.5,126,5.0352964882,0.5789473684,0.0,0.4424778761,0.4176935634,0.424203222,1.5,4,1364.6949231486,30.8421052632,Calibration fitted; not prospectively validated,2026-09-26T13:04:57Z,2026-09-27T17:00:00Z,Sun 1:00 PM ET,New York Giants,Tennessee Titans
555afd4a27aaa392662881cffa8f2eef,Tennessee Titans @ New York Giants,Elic Ayomanor,draftkings,DraftKings,receptions,Receptions,over,1.5,126,2.3305167767,0.5475728155,0.0,0.4424778761,0.4176935634,0.4224649392,1.5,4,1050.9493942779,23.7514563107,Calibration fitted; not prospectively validated,2026-09-26T13:04:57Z,2026-09-27T17:00:00Z,Sun 1:00 PM ET,New York Giants,Tennessee Titans
555afd4a27aaa392662881cffa8f2eef,Tennessee Titans @ New York Giants,Tony Pollard,draftkings,DraftKings,receptions,Receptions,over,1.5,135,2.0119473387,0.5475728155,0.0,0.4255319149,0.4022478557,0.3980231117,1.5,4,1220.4090064036,28.6796116505,Calibration fitted; not prospectively validated,2026-09-26T13:04:57Z,2026-09-27T17:00:00Z,Sun 1:00 PM ET,New York Giants,Tennessee Titans
555afd4a27aaa392662881cffa8f2eef,Tennessee Titans @ New York Giants,Cam Skattebo,draftkings,DraftKings,rush_attempts,Rushing attempts,under,15.5,-109,10.4978118126,0.5945945946,0.0,0.5215311005,0.4916850289,0.4916850289,15.5,1,730.6349411613,14.0094222663,Calibration fitted; not prospectively validated,2026-09-26T13:04:57Z,2026-09-27T17:00:00Z,Sun 1:00 PM ET,New York Giants,Tennessee Titans
555afd4a27aaa392662881cffa8f2eef,Tennessee Titans @ New York Giants,Cam Skattebo,draftkings,DraftKings,rush_yds,Rushing yards,under,57.5,-115,40.9122937758,0.5647668394,0.0,0.5348837209,0.5063197809,0.5050233081,57.5,5,298.8311844801,5.5868438838,Calibration fitted; not prospectively validated,2026-09-26T13:04:57Z,2026-09-27T17:00:00Z,Sun 1:00 PM ET,New York Giants,Tennessee Titans
555afd4a27aaa392662881cffa8f2eef,Tennessee Titans @ New York Giants,Gunnar Helm,fanduel,FanDuel,receptions,Receptions,over,2.5,-114,2.9390559663,0.5420560748,0.0,0.5327102804,0.5,0.5145711907,2.5,5,93.4579439252,1.7543859649,Calibration fitted; not prospectively validated,2026-09-26T13:05:52Z,2026-09-27T17:00:00Z,Sun 1:00 PM ET,New York Giants,Tennessee Titans
555afd4a27aaa392662881cffa8f2eef,Tennessee Titans @ New York Giants,Elic Ayomanor,fanduel,FanDuel,receptions,Receptions,over,1.5,112,2.3305167767,0.5475728155,0.0,0.4716981132,0.4414696668,0.4224649392,1.5,4,758.7470232643,16.0854368932,Calibration fitted; not prospectively validated,2026-09-26T13:05:52Z,2026-09-27T17:00:00Z,Sun 1:00 PM ET,New York Giants,Tennessee Titans
555afd4a27aaa392662881cffa8f2eef,Tennessee Titans @ New York Giants,Malik Nabers,fanduel,FanDuel,receptions,Receptions,under,4.5,-114,3.1974076068,0.5475728155,0.0,0.5327102804,0.5,0.5203045685,4.5,5,148.6253516015,2.7899846704,Calibration fitted; not prospectively validated,2026-09-26T13:05:52Z,2026-09-27T17:00:00Z,Sun 1:00 PM ET,New York Giants,Tennessee Titans
555afd4a27aaa392662881cffa8f2eef,Tennessee Titans @ New York Giants,Tony Pollard,fanduel,FanDuel,receptions,Receptions,over,1.5,144,2.0119473387,0.5475728155,0.0,0.4098360656,0.3831317765,0.3980231117,1.5,4,1377.3674996021,33.6077669903,Calibration fitted; not prospectively validated,2026-09-26T13:05:52Z,2026-09-27T17:00:00Z,Sun 1:00 PM ET,New York Giants,Tennessee Titans
555afd4a27aaa392662881cffa8f2eef,Tennessee Titans @ New York Giants,Malachi Fields,fanduel,FanDuel,receptions,Receptions,over,2.5,144,2.4589953775,0.4591194969,0.0,0.4098360656,0.3831317765,0.3933164105,2.5,3,492.8343128158,12.0251572327,Calibration fitted; not prospectively validated,2026-09-26T13:05:52Z,2026-09-27T17:00:00Z,Sun 1:00 PM ET,New York Giants,Tennessee Titans
555afd4a27aaa392662881cffa8f2eef,Tennessee Titans @ New York Giants,Cam Skattebo,fanduel,FanDuel,receptions,Receptions,over,2.5,154,2.5721495465,0.5408805031,0.0,0.3937007874,0.3675598767,0.3747994066,2.5,4,1471.7971574308,37.3836477987,Calibration fitted; not prospectively validated,2026-09-26T13:05:52Z,2026-09-27T17:00:00Z,Sun 1:00 PM ET,New York Giants,Tennessee Titans
555afd4a27aaa392662881cffa8f2eef,Tennessee Titans @ New York Giants,Darnell Mooney,fanduel,FanDuel,receptions,Receptions,over,1.5,100,3.582862997,0.5789473684,0.0,0.5,0.4677419355,0.4833368048,1.5,5,789.4736842105,15.7894736842,Calibration fitted; not prospectively validated,2026-09-26T13:05:52Z,2026-09-27T17:00:00Z,Sun 1:00 PM ET,New York Giants,Tennessee Titans
555afd4a27aaa392662881cffa8f2eef,Tennessee Titans @ New York Giants,Calvin Ridley,fanduel,FanDuel,receptions,Receptions,over,1.5,112,5.0352964882,0.5789473684,0.0,0.4716981132,0.4414696668,0.424203222,1.5,4,1072.4925521351,22.7368421053,Calibration fitted; not prospectively validated,2026-09-26T13:05:52Z,2026-09-27T17:00:00Z,Sun 1:00 PM ET,New York Giants,Tennessee Titans
555afd4a27aaa392662881cffa8f2eef,Tennessee Titans @ New York Giants,Wan'Dale Robinson,fanduel,FanDuel,receptions,Receptions,over,3.5,-106,4.6874052266,0.5475728155,0.0,0.5145631068,0.4808467742,0.4688288174,3.5,6,330.0970873786,6.4150943396,Calibration fitted; not prospectively validated,2026-09-26T13:05:52Z,2026-09-27T17:00:00Z,Sun 1:00 PM ET,New York Giants,Tennessee Titans
555afd4a27aaa392662881cffa8f2eef,Tennessee Titans @ New York Giants,Cam Skattebo,fanduel,FanDuel,rush_yds,Rushing yards,under,57.5,-114,40.9122937758,0.5647668394,0.0,0.5327102804,0.5,0.5050233081,57.5,5,320.5655900441,6.0176347605,Calibration fitted; not prospectively validated,2026-09-26T13:05:52Z,2026-09-27T17:00:00Z,Sun 1:00 PM ET,New York Giants,Tennessee Titans
555afd4a27aaa392662881cffa8f2eef,Tennessee Titans @ New York Giants,Jameis Winston,fanduel,FanDuel,rush_yds,Rushing yards,over,5.5,-114,13.860067144,0.5647668394,0.0,0.5327102804,0.5,0.5041017227,5.5,4,320.5655900441,6.0176347605,Calibration fitted; not prospectively validated,2026-09-26T13:05:52Z,2026-09-27T17:00:00Z,Sun 1:00 PM ET,New York Giants,Tennessee Titans
555afd4a27aaa392662881cffa8f2eef,Tennessee Titans @ New York Giants,Wan'Dale Robinson,betrivers,BetRivers,receptions,Receptions,over,3.5,-112,4.6874052266,0.5475728155,0.0,0.5283018868,,0.4688288174,3.5,6,192.7092874153,3.6477115118,Calibration fitted; not prospectively validated,2026-09-26T13:05:13Z,2026-09-27T17:00:00Z,Sun 1:00 PM ET,New York Giants,Tennessee Titans
555afd4a27aaa392662881cffa8f2eef,Tennessee Titans @ New York Giants,Malachi Fields,betrivers,BetRivers,receptions,Receptions,over,2.5,145,2.4589953775,0.4591194969,0.0,0.4081632653,,0.3933164105,2.5,3,509.5623154922,12.4842767296,Calibration fitted; not prospectively validated,2026-09-26T13:05:13Z,2026-09-27T17:00:00Z,Sun 1:00 PM ET,New York Giants,Tennessee Titans
555afd4a27aaa392662881cffa8f2eef,Tennessee Titans @ New York Giants,Darnell Mooney,betrivers,BetRivers,receptions,Receptions,over,1.5,112,3.582862997,0.5789473684,0.0,0.4716981132,,0.4833368048,1.5,5,1072.4925521351,22.7368421053,Calibration fitted; not prospectively validated,2026-09-26T13:05:13Z,2026-09-27T17:00:00Z,Sun 1:00 PM ET,New York Giants,Tennessee Titans
555afd4a27aaa392662881cffa8f2eef,Tennessee Titans @ New York Giants,Cam Skattebo,betrivers,BetRivers,receptions,Receptions,over,2.5,145,2.5721495465,0.5408805031,0.0,0.4081632653,,0.3747994066,2.5,4,1327.1723783853,32.5157232704,Calibration fitted; not prospectively validated,2026-09-26T13:05:13Z,2026-09-27T17:00:00Z,Sun 1:00 PM ET,New York Giants,Tennessee Titans
555afd4a27aaa392662881cffa8f2eef,Tennessee Titans @ New York Giants,Elic Ayomanor,betrivers,BetRivers,receptions,Receptions,over,1.5,116,2.3305167767,0.5475728155,0.0,0.462962963,,0.4224649392,1.5,4,846.0985257102,18.2757281553,Calibration fitted; not prospectively validated,2026-09-26T13:05:13Z,2026-09-27T17:00:00Z,Sun 1:00 PM ET,New York Giants,Tennessee Titans
555afd4a27aaa392662881cffa8f2eef,Tennessee Titans @ New York Giants,Gunnar Helm,betrivers,BetRivers,receptions,Receptions,over,2.5,-114,2.9390559663,0.5420560748,0.0,0.5327102804,,0.5145711907,2.5,5,93.4579439252,1.7543859649,Calibration fitted; not prospectively validated,2026-09-26T13:05:13Z,2026-09-27T17:00:00Z,Sun 1:00 PM ET,New York Giants,Tennessee Titans
555afd4a27aaa392662881cffa8f2eef,Tennessee Titans @ New York Giants,Calvin Ridley,betrivers,BetRivers,receptions,Receptions,over,1.5,123,5.0352964882,0.5789473684,0.0,0.4484304933,,0.424203222,1.5,4,1305.1687514751,29.1052631579,Calibration fitted; not prospectively validated,2026-09-26T13:05:13Z,2026-09-27T17:00:00Z,Sun 1:00 PM ET,New York Giants,Tennessee Titans
555afd4a27aaa392662881cffa8f2eef,Tennessee Titans @ New York Giants,Cam Skattebo,betrivers,BetRivers,rush_yds,Rushing yards,under,57.5,-118,40.9122937758,0.5647668394,0.0,0.5412844037,0.5050233081,0.5050233081,57.5,5,234.8243570851,4.3382804953,Calibration fitted; not prospectively validated,2026-09-26T13:05:13Z,2026-09-27T17:00:00Z,Sun 1:00 PM ET,New York Giants,Tennessee Titans
555afd4a27aaa392662881cffa8f2eef,Tennessee Titans @ New York Giants,Jameis Winston,betrivers,BetRivers,rush_yds,Rushing yards,over,5.5,-112,13.860067144,0.5647668394,0.0,0.5283018868,0.4920127796,0.5041017227,5.5,4,364.6495258579,6.9022945966,Calibration fitted; not prospectively validated,2026-09-26T13:05:13Z,2026-09-27T17:00:00Z,Sun 1:00 PM ET,New York Giants,Tennessee Titans
555afd4a27aaa392662881cffa8f2eef,Tennessee Titans @ New York Giants,Calvin Ridley,betonlineag,BetOnline.ag,receptions,Receptions,over,1.5,118,5.0352964882,0.5789473684,0.0,0.4587155963,0.4307128807,0.424203222,1.5,4,1202.3177209078,26.2105263158,Calibration fitted; not prospectively validated,2026-09-26T13:04:59Z,2026-09-27T17:00:00Z,Sun 1:00 PM ET,New York Giants,Tennessee Titans
555afd4a27aaa392662881cffa8f2eef,Tennessee Titans @ New York Giants,Malachi Fields,betonlineag,BetOnline.ag,receptions,Receptions,over,2.5,139,2.4589953775,0.4591194969,0.0,0.4184100418,0.3933164105,0.3933164105,2.5,3,407.0945501434,9.7295597484,Calibration fitted; not prospectively validated,2026-09-26T13:04:59Z,2026-09-27T17:00:00Z,Sun 1:00 PM ET,New York Giants,Tennessee Titans
555afd4a27aaa392662881cffa8f2eef,Tennessee Titans @ New York Giants,Wan'Dale Robinson,betonlineag,BetOnline.ag,receptions,Receptions,over,3.5,-101,4.6874052266,0.5475728155,0.0,0.5024875622,0.4723111002,0.4688288174,3.5,6,450.8525334493,8.9724118043,Calibration fitted; not prospectively validated,2026-09-26T13:04:59Z,2026-09-27T17:00:00Z,Sun 1:00 PM ET,New York Giants,Tennessee Titans
555afd4a27aaa392662881cffa8f2eef,Tennessee Titans @ New York Giants,Darnell Mooney,betonlineag,BetOnline.ag,receptions,Receptions,over,1.5,-102,3.582862997,0.5789473684,0.0,0.504950495,0.4743894444,0.4833368048,1.5,5,739.9687337155,14.6542827657,Calibration fitted; not prospectively validated,2026-09-26T13:04:59Z,2026-09-27T17:00:00Z,Sun 1:00 PM ET,New York Giants,Tennessee Titans
555afd4a27aaa392662881cffa8f2eef,Tennessee Titans @ New York Giants,Cam Skattebo,betonlineag,BetOnline.ag,receptions,Receptions,over,2.5,146,2.5721495465,0.5408805031,0.0,0.406504065,0.3820389366,0.3747994066,2.5,4,1343.76438104,33.0566037736,Calibration fitted; not prospectively validated,2026-09-26T13:04:59Z,2026-09-27T17:00:00Z,Sun 1:00 PM ET,New York Giants,Tennessee Titans
555afd4a27aaa392662881cffa8f2eef,Tennessee Titans @ New York Giants,Elic Ayomanor,betonlineag,BetOnline.ag,receptions,Receptions,over,1.5,120,2.3305167767,0.5475728155,0.0,0.4545454545,0.4272363151,0.4224649392,1.5,4,930.2736098853,20.4660194175,Calibration fitted; not prospectively validated,2026-09-26T13:04:59Z,2026-09-27T17:00:00Z,Sun 1:00 PM ET,New York Giants,Tennessee Titans
555afd4a27aaa392662881cffa8f2eef,Tennessee Titans @ New York Giants,Tony Pollard,betonlineag,BetOnline.ag,receptions,Receptions,over,1.5,136,2.0119473387,0.5475728155,0.0,0.4237288136,0.3977531934,0.3980231117,1.5,4,1238.4400197466,29.227184466,Calibration fitted; not prospectively validated,2026-09-26T13:04:59Z,2026-09-27T17:00:00Z,Sun 1:00 PM ET,New York Giants,Tennessee Titans
555afd4a27aaa392662881cffa8f2eef,Tennessee Titans @ New York Giants,Cam Skattebo,betonlineag,BetOnline.ag,rush_yds,Rushing yards,under,57.5,-111,40.9122937758,0.5647668394,0.0,0.5260663507,0.4948402543,0.5050233081,57.5,5,387.0048866734,7.3565793773,Calibration fitted; not prospectively validated,2026-09-26T13:04:59Z,2026-09-27T17:00:00Z,Sun 1:00 PM ET,New York Giants,Tennessee Titans
555afd4a27aaa392662881cffa8f2eef,Tennessee Titans @ New York Giants,Jameis Winston,betonlineag,BetOnline.ag,rush_yds,Rushing yards,over,5.5,-118,13.860067144,0.5647668394,0.0,0.5412844037,0.5082034454,0.5041017227,5.5,4,234.8243570851,4.3382804953,Calibration fitted; not prospectively validated,2026-09-26T13:04:59Z,2026-09-27T17:00:00Z,Sun 1:00 PM ET,New York Giants,Tennessee Titans
555afd4a27aaa392662881cffa8f2eef,Tennessee Titans @ New York Giants,Carnell Tate,betmgm,BetMGM,receptions,Receptions,under,3.5,-115,2.8375220328,0.5475728155,0.0,0.5348837209,0.5,0.5306122449,3.5,5,126.8909460375,2.3723089911,Calibration fitted; not prospectively validated,2026-09-26T13:03:50Z,2026-09-27T17:00:00Z,Sun 1:00 PM ET,New York Giants,Tennessee Titans
555afd4a27aaa392662881cffa8f2eef,Tennessee Titans @ New York Giants,Malachi Fields,betmgm,BetMGM,receptions,Receptions,over,2.5,120,2.4589953775,0.4591194969,0.0,0.4545454545,0.4248366013,0.3933164105,2.5,3,45.7404230989,1.0062893082,Calibration fitted; not prospectively validated,2026-09-26T13:03:50Z,2026-09-27T17:00:00Z,Sun 1:00 PM ET,New York Giants,Tennessee Titans
555afd4a27aaa392662881cffa8f2eef,Tennessee Titans @ New York Giants,Darnell Mooney,betmgm,BetMGM,receptions,Receptions,over,1.5,-118,3.582862997,0.5789473684,0.0,0.5412844037,0.5071288903,0.4833368048,1.5,5,376.6296475133,6.958073149,Calibration fitted; not prospectively validated,2026-09-26T13:03:50Z,2026-09-27T17:00:00Z,Sun 1:00 PM ET,New York Giants,Tennessee Titans
555afd4a27aaa392662881cffa8f2eef,Tennessee Titans @ New York Giants,Wan'Dale Robinson,betmgm,BetMGM,receptions,Receptions,over,3.5,-120,4.6874052266,0.5475728155,0.0,0.5454545455,0.5101214575,0.4688288174,3.5,6,21.1827007944,0.3883495146,Calibration fitted; not prospectively validated,2026-09-26T13:03:50Z,2026-09-27T17:00:00Z,Sun 1:00 PM ET,New York Giants,Tennessee Titans
555afd4a27aaa392662881cffa8f2eef,Tennessee Titans @ New York Giants,Cam Skattebo,betmgm,BetMGM,receptions,Receptions,under,1.5,135,2.5721495465,0.4524271845,0.0,0.4255319149,0.3959708232,0.3959708232,2.5,1,268.952695724,6.3203883495,Calibration fitted; not prospectively validated,2026-09-26T13:03:50Z,2026-09-27T17:00:00Z,Sun 1:00 PM ET,New York Giants,Tennessee Titans
555afd4a27aaa392662881cffa8f2eef,Tennessee Titans @ New York Giants,Jameis Winston,betmgm,BetMGM,rush_yds,Rushing yards,over,5.5,-120,13.860067144,0.5647668394,0.0,0.5454545455,0.5101214575,0.5041017227,5.5,4,193.1229392369,3.5405872193,Calibration fitted; not prospectively validated,2026-09-26T13:03:50Z,2026-09-27T17:00:00Z,Sun 1:00 PM ET,New York Giants,Tennessee Titans
555afd4a27aaa392662881cffa8f2eef,Tennessee Titans @ New York Giants,Cam Skattebo,betmgm,BetMGM,rush_yds,Rushing yards,under,58.5,-115,40.9122937758,0.5647668394,0.0,0.5348837209,0.5,0.5,57.5,1,298.8311844801,5.5868438838,Calibration fitted; not prospectively validated,2026-09-26T13:03:50Z,2026-09-27T17:00:00Z,Sun 1:00 PM ET,New York Giants,Tennessee Titans
555afd4a27aaa392662881cffa8f2eef,Tennessee Titans @ New York Giants,Calvin Ridley,bovada,Bovada,receptions,Receptions,over,1.5,125,5.0352964882,0.5789473684,0.0,0.4444444444,0.416502947,0.424203222,1.5,4,1345.0292397661,30.2631578947,Calibration fitted; not prospectively validated,2026-09-26T13:04:27Z,2026-09-27T17:00:00Z,Sun 1:00 PM ET,New York Giants,Tennessee Titans
555afd4a27aaa392662881cffa8f2eef,Tennessee Titans @ New York Giants,Cam Skattebo,bovada,Bovada,receptions,Receptions,over,2.5,155,2.5721495465,0.5408805031,0.0,0.3921568627,0.3666469545,0.3747994066,2.5,4,1487.2364039956,37.9245283019,Calibration fitted; not prospectively validated,2026-09-26T13:04:27Z,2026-09-27T17:00:00Z,Sun 1:00 PM ET,New York Giants,Tennessee Titans
555afd4a27aaa392662881cffa8f2eef,Tennessee Titans @ New York Giants,Darnell Mooney,bovada,Bovada,receptions,Receptions,over,1.5,-115,3.582862997,0.5789473684,0.0,0.5348837209,0.5,0.4833368048,1.5,5,440.6364749082,8.23798627,Calibration fitted; not prospectively validated,2026-09-26T13:04:27Z,2026-09-27T17:00:00Z,Sun 1:00 PM ET,New York Giants,Tennessee Titans
555afd4a27aaa392662881cffa8f2eef,Tennessee Titans @ New York Giants,Elic Ayomanor,bovada,Bovada,receptions,Receptions,over,1.5,125,2.3305167767,0.5475728155,0.0,0.4444444444,0.416502947,0.4224649392,1.5,4,1031.2837108954,23.2038834951,Calibration fitted; not prospectively validated,2026-09-26T13:04:27Z,2026-09-27T17:00:00Z,Sun 1:00 PM ET,New York Giants,Tennessee Titans
555afd4a27aaa392662881cffa8f2eef,Tennessee Titans @ New York Giants,Gunnar Helm,bovada,Bovada,receptions,Receptions,over,2.5,-110,2.9390559663,0.5420560748,0.0,0.5238095238,0.4898785425,0.5145711907,2.5,5,182.4655095683,3.4834324554,Calibration fitted; not prospectively validated,2026-09-26T13:04:27Z,2026-09-27T17:00:00Z,Sun 1:00 PM ET,New York Giants,Tennessee Titans
555afd4a27aaa392662881cffa8f2eef,Tennessee Titans @ New York Giants,Malachi Fields,bovada,Bovada,receptions,Receptions,under,1.5,150,2.4589953775,0.4524271845,0.0,0.4,0.375,0.3764103804,2.5,2,524.2718446602,13.1067961165,Calibration fitted; not prospectively validated,2026-09-26T13:04:27Z,2026-09-27T17:00:00Z,Sun 1:00 PM ET,New York Giants,Tennessee Titans
555afd4a27aaa392662881cffa8f2eef,Tennessee Titans @ New York Giants,Tony Pollard,bovada,Bovada,receptions,Receptions,over,1.5,135,2.0119473387,0.5475728155,0.0,0.4255319149,0.3982930299,0.3980231117,1.5,4,1220.4090064036,28.6796116505,Calibration fitted; not prospectively validated,2026-09-26T13:04:27Z,2026-09-27T17:00:00Z,Sun 1:00 PM ET,New York Giants,Tennessee Titans
555afd4a27aaa392662881cffa8f2eef,Tennessee Titans @ New York Giants,Wan'Dale Robinson,bovada,Bovada,receptions,Receptions,over,3.5,105,4.6874052266,0.5475728155,0.0,0.487804878,0.4592085979,0.4688288174,3.5,6,597.679374852,12.2524271845,Calibration fitted; not prospectively validated,2026-09-26T13:04:27Z,2026-09-27T17:00:00Z,Sun 1:00 PM ET,New York Giants,Tennessee Titans
555afd4a27aaa392662881cffa8f2eef,Tennessee Titans @ New York Giants,Cam Skattebo,bovada,Bovada,rush_yds,Rushing yards,under,57.5,-120,40.9122937758,0.5647668394,0.0,0.5454545455,0.5101214575,0.5050233081,57.5,5,193.1229392369,3.5405872193,Calibration fitted; not prospectively validated,2026-09-26T13:04:27Z,2026-09-27T17:00:00Z,Sun 1:00 PM ET,New York Giants,Tennessee Titans
555afd4a27aaa392662881cffa8f2eef,Tennessee Titans @ New York Giants,Elic Ayomanor,fanatics,Fanatics,recv_yds,Receiving yards,over,15.5,-105,39.9147419563,0.5163043478,0.0,0.512195122,0.4796954315,0.4796954315,14.5,1,41.0922587487,0.8022774327,Calibration fitted; not prospectively validated,2026-09-26T13:05:38Z,2026-09-27T17:00:00Z,Sun 1:00 PM ET,New York Giants,Tennessee Titans
555afd4a27aaa392662881cffa8f2eef,Tennessee Titans @ New York Giants,Wan'Dale Robinson,fanatics,Fanatics,receptions,Receptions,over,3.5,100,4.6874052266,0.5475728155,0.0,0.5,0.4653465347,0.4688288174,3.5,6,475.7281553398,9.5145631068,Calibration fitted; not prospectively validated,2026-09-26T13:05:38Z,2026-09-27T17:00:00Z,Sun 1:00 PM ET,New York Giants,Tennessee Titans
2a529c108305ffa049d8b6cfdbaa4d36,Seattle Seahawks @ Washington Commanders,Marcus Mariota,draftkings,DraftKings,pass_attempts,Passing attempts,under,29.5,-113,21.9859572342,0.6363636364,0.0,0.5305164319,0.5010457626,0.5,29.5,4,1058.4720443875,19.9517296862,Calibration fitted; not prospectively validated,2026-09-26T13:05:31Z,2026-09-27T17:00:00Z,Sun 1:00 PM ET,Washington Commanders,Seattle Seahawks
2a529c108305ffa049d8b6cfdbaa4d36,Seattle Seahawks @ Washington Commanders,Sam Darnold,draftkings,DraftKings,pass_attempts,Passing attempts,under,28.5,-120,22.6913594072,0.6363636364,0.0,0.5454545455,0.5145711907,0.5066083969,28.5,4,909.0909090909,16.6666666667,Calibration fitted; not prospectively validated,2026-09-26T13:05:31Z,2026-09-27T17:00:00Z,Sun 1:00 PM ET,Washington Commanders,Seattle Seahawks
2a529c108305ffa049d8b6cfdbaa4d36,Seattle Seahawks @ Washington Commanders,Sam Darnold,draftkings,DraftKings,pass_tds,Passing touchdowns,under,1.5,-130,0.0094,0.75,0.0,0.5652173913,0.533089728,0.5339121029,1.5,6,1847.8260869565,32.6923076923,Calibration fitted; not prospectively validated,2026-09-26T13:05:31Z,2026-09-27T17:00:00Z,Sun 1:00 PM ET,Washington Commanders,Seattle Seahawks
2a529c108305ffa049d8b6cfdbaa4d36,Seattle Seahawks @ Washington Commanders,Marcus Mariota,draftkings,DraftKings,pass_tds,Passing touchdowns,under,0.5,137,1.06,0.5,0.0,0.4219409283,0.3986951794,0.3838517538,0.5,7,780.5907172996,18.5,Calibration fitted; not prospectively validated,2026-09-26T13:05:31Z,2026-09-27T17:00:00Z,Sun 1:00 PM ET,Washington Commanders,Seattle Seahawks
2a529c108305ffa049d8b6cfdbaa4d36,Seattle Seahawks @ Washington Commanders,Sam Darnold,draftkings,DraftKings,pass_yds,Passing yards,under,222.5,-113,125.9678506421,0.917327376,0.0,0.5305164319,0.5021058838,0.5010529419,222.0,2,3868.1094406095,72.9121514026,Calibration fitted; not prospectively validated,2026-09-26T13:05:31Z,2026-09-27T17:00:00Z,Sun 1:00 PM ET,Washington Commanders,Seattle Seahawks
2a529c108305ffa049d8b6cfdbaa4d36,Seattle Seahawks @ Washington Commanders,Marcus Mariota,fanduel,FanDuel,pass_tds,Passing touchdowns,under,0.5,146,1.06,0.5,0.0,0.406504065,0.3795791512,0.3838517538,0.5,7,934.9593495935,23.0,Calibration fitted; not prospectively validated,2026-09-26T13:05:33Z,2026-09-27T17:00:00Z,Sun 1:00 PM ET,Washington Commanders,Seattle Seahawks
2a529c108305ffa049d8b6cfdbaa4d36,Seattle Seahawks @ Washington Commanders,Sam Darnold,fanduel,FanDuel,pass_tds,Passing touchdowns,under,1.5,-140,0.0094,0.75,0.0,0.5833333333,0.5457986374,0.5339121029,1.5,6,1666.6666666667,28.5714285714,Calibration fitted; not prospectively validated,2026-09-26T13:05:33Z,2026-09-27T17:00:00Z,Sun 1:00 PM ET,Washington Commanders,Seattle Seahawks
2a529c108305ffa049d8b6cfdbaa4d36,Seattle Seahawks @ Washington Commanders,Sam Darnold,fanduel,FanDuel,pass_yds,Passing yards,under,221.5,-114,125.9678506421,0.8740459586,0.0,0.5327102804,0.5,0.5,222.0,2,3413.3567826821,64.0752939907,Calibration fitted; not prospectively validated,2026-09-26T13:05:33Z,2026-09-27T17:00:00Z,Sun 1:00 PM ET,Washington Commanders,Seattle Seahawks
2a529c108305ffa049d8b6cfdbaa4d36,Seattle Seahawks @ Washington Commanders,Marcus Mariota,betrivers,BetRivers,pass_tds,Passing touchdowns,under,0.5,150,1.06,0.5,0.0,0.4,0.375,0.3838517538,0.5,7,1000.0,25.0,Calibration fitted; not prospectively validated,2026-09-26T13:05:46Z,2026-09-27T17:00:00Z,Sun 1:00 PM ET,Washington Commanders,Seattle Seahawks
2a529c108305ffa049d8b6cfdbaa4d36,Seattle Seahawks @ Washington Commanders,Sam Darnold,betrivers,BetRivers,pass_tds,Passing touchdowns,under,1.5,-127,0.0094,0.75,0.0,0.5594713656,0.5220573491,0.5339121029,1.5,6,1905.2863436123,34.0551181102,Calibration fitted; not prospectively validated,2026-09-26T13:05:46Z,2026-09-27T17:00:00Z,Sun 1:00 PM ET,Washington Commanders,Seattle Seahawks
2a529c108305ffa049d8b6cfdbaa4d36,Seattle Seahawks @ Washington Commanders,Sam Darnold,betrivers,BetRivers,pass_yds,Passing yards,under,214.5,-115,125.9678506421,0.5512645452,0.0,0.5348837209,0.5,0.5,222.0,1,163.8082423184,3.0625019216,Calibration fitted; not prospectively validated,2026-09-26T13:05:46Z,2026-09-27T17:00:00Z,Sun 1:00 PM ET,Washington Commanders,Seattle Seahawks
2a529c108305ffa049d8b6cfdbaa4d36,Seattle Seahawks @ Washington Commanders,Sam Darnold,betonlineag,BetOnline.ag,pass_attempts,Passing attempts,under,28.5,-115,22.6913594072,0.6363636364,0.0,0.5348837209,0.5030953364,0.5066083969,28.5,4,1014.799154334,18.9723320158,Calibration fitted; not prospectively validated,2026-09-26T13:05:38Z,2026-09-27T17:00:00Z,Sun 1:00 PM ET,Washington Commanders,Seattle Seahawks
2a529c108305ffa049d8b6cfdbaa4d36,Seattle Seahawks @ Washington Commanders,Marcus Mariota,betonlineag,BetOnline.ag,pass_attempts,Passing attempts,under,29.5,-114,21.9859572342,0.6363636364,0.0,0.5327102804,0.5,0.5,29.5,4,1036.533559898,19.4577352472,Calibration fitted; not prospectively validated,2026-09-26T13:05:38Z,2026-09-27T17:00:00Z,Sun 1:00 PM ET,Washington Commanders,Seattle Seahawks
2a529c108305ffa049d8b6cfdbaa4d36,Seattle Seahawks @ Washington Commanders,Marcus Mariota,betonlineag,BetOnline.ag,pass_completions,Passing completions,over,17.5,104,15.1153455985,0.5,0.0,0.4901960784,0.4604231975,0.4717141467,17.5,4,98.0392156863,2.0,Calibration fitted; not prospectively validated,2026-09-26T13:05:38Z,2026-09-27T17:00:00Z,Sun 1:00 PM ET,Washington Commanders,Seattle Seahawks
2a529c108305ffa049d8b6cfdbaa4d36,Seattle Seahawks @ Washington Commanders,Marcus Mariota,betonlineag,BetOnline.ag,pass_tds,Passing touchdowns,under,0.5,148,1.06,0.5,0.0,0.4032258065,0.3784779051,0.3838517538,0.5,7,967.7419354839,24.0,Calibration fitted; not prospectively validated,2026-09-26T13:05:38Z,2026-09-27T17:00:00Z,Sun 1:00 PM ET,Washington Commanders,Seattle Seahawks
2a529c108305ffa049d8b6cfdbaa4d36,Seattle Seahawks @ Washington Commanders,Sam Darnold,betonlineag,BetOnline.ag,pass_tds,Passing touchdowns,under,1.5,-132,0.0094,0.75,0.0,0.5689655172,0.5347344778,0.5339121029,1.5,6,1810.3448275862,31.8181818182,Calibration fitted; not prospectively validated,2026-09-26T13:05:38Z,2026-09-27T17:00:00Z,Sun 1:00 PM ET,Washington Commanders,Seattle Seahawks
2a529c108305ffa049d8b6cfdbaa4d36,Seattle Seahawks @ Washington Commanders,Sam Darnold,betonlineag,BetOnline.ag,pass_yds,Passing yards,under,221.5,-114,125.9678506421,0.8740459586,0.0,0.5327102804,0.5,0.5,222.0,2,3413.3567826821,64.0752939907,Calibration fitted; not prospectively validated,2026-09-26T13:05:38Z,2026-09-27T17:00:00Z,Sun 1:00 PM ET,Washington Commanders,Seattle Seahawks
2a529c108305ffa049d8b6cfdbaa4d36,Seattle Seahawks @ Washington Commanders,Marcus Mariota,betmgm,BetMGM,pass_attempts,Passing attempts,under,28.5,-111,21.9859572342,0.6363636364,0.0,0.5260663507,0.4909529554,0.4909529554,29.5,1,1102.9728565274,20.9664209664,Calibration fitted; not prospectively validated,2026-09-26T13:05:30Z,2026-09-27T17:00:00Z,Sun 1:00 PM ET,Washington Commanders,Seattle Seahawks
2a529c108305ffa049d8b6cfdbaa4d36,Seattle Seahawks @ Washington Commanders,Sam Darnold,betmgm,BetMGM,pass_attempts,Passing attempts,under,28.5,-111,22.6913594072,0.6363636364,0.0,0.5260663507,0.4928711097,0.5066083969,28.5,4,1102.9728565274,20.9664209664,Calibration fitted; not prospectively validated,2026-09-26T13:05:30Z,2026-09-27T17:00:00Z,Sun 1:00 PM ET,Washington Commanders,Seattle Seahawks
2a529c108305ffa049d8b6cfdbaa4d36,Seattle Seahawks @ Washington Commanders,Sam Darnold,betmgm,BetMGM,pass_completions,Passing completions,under,18.5,-110,11.3456797036,0.5428571429,0.0,0.5238095238,0.4898785425,0.4898785425,19.5,1,190.4761904762,3.6363636364,Calibration fitted; not prospectively validated,2026-09-26T13:05:30Z,2026-09-27T17:00:00Z,Sun 1:00 PM ET,Washington Commanders,Seattle Seahawks
2a529c108305ffa049d8b6cfdbaa4d36,Seattle Seahawks @ Washington Commanders,Marcus Mariota,betmgm,BetMGM,pass_tds,Passing touchdowns,under,0.5,130,1.06,0.5,0.0,0.4347826087,0.405904059,0.3838517538,0.5,7,652.1739130435,15.0,Calibration fitted; not prospectively validated,2026-09-26T13:05:30Z,2026-09-27T17:00:00Z,Sun 1:00 PM ET,Washington Commanders,Seattle Seahawks
2a529c108305ffa049d8b6cfdbaa4d36,Seattle Seahawks @ Washington Commanders,Sam Darnold,betmgm,BetMGM,pass_tds,Passing touchdowns,under,1.5,-150,0.0094,0.75,0.0,0.6,0.5575221239,0.5339121029,1.5,6,1500.0,25.0,Calibration fitted; not prospectively validated,2026-09-26T13:05:30Z,2026-09-27T17:00:00Z,Sun 1:00 PM ET,Washington Commanders,Seattle Seahawks
2a529c108305ffa049d8b6cfdbaa4d36,Seattle Seahawks @ Washington Commanders,Sam Darnold,betmgm,BetMGM,pass_yds,Passing yards,under,224.5,-115,125.9678506421,0.98,0.0,0.5348837209,0.5,0.5,222.0,1,4451.1627906977,83.2173913043,Calibration fitted; not prospectively validated,2026-09-26T13:05:30Z,2026-09-27T17:00:00Z,Sun 1:00 PM ET,Washington Commanders,Seattle Seahawks
2a529c108305ffa049d8b6cfdbaa4d36,Seattle Seahawks @ Washington Commanders,Marcus Mariota,bovada,Bovada,pass_attempts,Passing attempts,under,29.5,-115,21.9859572342,0.6363636364,0.0,0.5348837209,0.5,0.5,29.5,4,1014.799154334,18.9723320158,Calibration fitted; not prospectively validated,2026-09-26T13:04:59Z,2026-09-27T17:00:00Z,Sun 1:00 PM ET,Washington Commanders,Seattle Seahawks
2a529c108305ffa049d8b6cfdbaa4d36,Seattle Seahawks @ Washington Commanders,Sam Darnold,bovada,Bovada,pass_attempts,Passing attempts,under,28.5,-120,22.6913594072,0.6363636364,0.0,0.5454545455,0.5101214575,0.5066083969,28.5,4,909.0909090909,16.6666666667,Calibration fitted; not prospectively validated,2026-09-26T13:04:59Z,2026-09-27T17:00:00Z,Sun 1:00 PM ET,Washington Commanders,Seattle Seahawks
2a529c108305ffa049d8b6cfdbaa4d36,Seattle Seahawks @ Washington Commanders,Marcus Mariota,bovada,Bovada,pass_tds,Passing touchdowns,under,0.5,135,1.06,0.5,0.0,0.4255319149,0.3982930299,0.3838517538,0.5,7,744.6808510638,17.5,Calibration fitted; not prospectively validated,2026-09-26T13:04:59Z,2026-09-27T17:00:00Z,Sun 1:00 PM ET,Washington Commanders,Seattle Seahawks
2a529c108305ffa049d8b6cfdbaa4d36,Seattle Seahawks @ Washington Commanders,Sam Darnold,bovada,Bovada,pass_tds,Passing touchdowns,under,1.5,-130,0.0094,0.75,0.0,0.5652173913,0.5306122449,0.5339121029,1.5,6,1847.8260869565,32.6923076923,Calibration fitted; not prospectively validated,2026-09-26T13:04:59Z,2026-09-27T17:00:00Z,Sun 1:00 PM ET,Washington Commanders,Seattle Seahawks
2a529c108305ffa049d8b6cfdbaa4d36,Seattle Seahawks @ Washington Commanders,Sam Darnold,bovada,Bovada,pass_yds,Passing yards,under,222.5,-115,125.9678506421,0.917327376,0.0,0.5348837209,0.5,0.5010529419,222.0,2,3824.436550556,71.5003355104,Calibration fitted; not prospectively validated,2026-09-26T13:04:59Z,2026-09-27T17:00:00Z,Sun 1:00 PM ET,Washington Commanders,Seattle Seahawks
2a529c108305ffa049d8b6cfdbaa4d36,Seattle Seahawks @ Washington Commanders,Marcus Mariota,fanatics,Fanatics,pass_attempts,Passing attempts,under,29.5,-115,21.9859572342,0.6363636364,0.0,0.5348837209,0.5,0.5,29.5,4,1014.799154334,18.9723320158,Calibration fitted; not prospectively validated,2026-09-26T13:05:06Z,2026-09-27T17:00:00Z,Sun 1:00 PM ET,Washington Commanders,Seattle Seahawks
2a529c108305ffa049d8b6cfdbaa4d36,Seattle Seahawks @ Washington Commanders,Marcus Mariota,fanatics,Fanatics,pass_tds,Passing touchdowns,under,0.5,145,1.06,0.5,0.0,0.4081632653,0.3838517538,0.3838517538,0.5,7,918.3673469388,22.5,Calibration fitted; not prospectively validated,2026-09-26T13:05:06Z,2026-09-27T17:00:00Z,Sun 1:00 PM ET,Washington Commanders,Seattle Seahawks
2a529c108305ffa049d8b6cfdbaa4d36,Seattle Seahawks @ Washington Commanders,Jaxon Smith-Njigba,draftkings,DraftKings,receptions,Receptions,under,6.5,-113,6.2523161273,0.5408805031,0.0,0.5305164319,0.5,0.5,6.5,6,103.6407121977,1.9535815662,Calibration fitted; not prospectively validated,2026-09-26T13:05:31Z,2026-09-27T17:00:00Z,Sun 1:00 PM ET,Washington Commanders,Seattle Seahawks
2a529c108305ffa049d8b6cfdbaa4d36,Seattle Seahawks @ Washington Commanders,Stefon Diggs,draftkings,DraftKings,receptions,Receptions,under,3.5,124,5.2363733904,0.4524271845,0.0,0.4464285714,0.4216237417,0.4331087584,3.5,5,59.9861303745,1.3436893204,Calibration fitted; not prospectively validated,2026-09-26T13:05:31Z,2026-09-27T17:00:00Z,Sun 1:00 PM ET,Washington Commanders,Seattle Seahawks
2a529c108305ffa049d8b6cfdbaa4d36,Seattle Seahawks @ Washington Commanders,Terry McLaurin,draftkings,DraftKings,receptions,Receptions,over,3.5,100,3.5321835494,0.5408805031,0.0,0.5,0.4710743802,0.4693877551,3.5,5,408.8050314465,8.1761006289,Calibration fitted; not prospectively validated,2026-09-26T13:05:31Z,2026-09-27T17:00:00Z,Sun 1:00 PM ET,Washington Commanders,Seattle Seahawks
2a529c108305ffa049d8b6cfdbaa4d36,Seattle Seahawks @ Washington Commanders,AJ Barner,draftkings,DraftKings,receptions,Receptions,under,2.5,-113,2.4230604985,0.5408805031,0.0,0.5305164319,0.5,0.5,2.5,5,103.6407121977,1.9535815662,Calibration fitted; not prospectively validated,2026-09-26T13:05:31Z,2026-09-27T17:00:00Z,Sun 1:00 PM ET,Washington Commanders,Seattle Seahawks
2a529c108305ffa049d8b6cfdbaa4d36,Seattle Seahawks @ Washington Commanders,Cooper Kupp,draftkings,DraftKings,receptions,Receptions,over,2.5,126,4.5331698853,0.5475728155,0.0,0.4424778761,0.4176935634,0.4167677158,2.5,4,1050.9493942779,23.7514563107,Calibration fitted; not prospectively validated,2026-09-26T13:05:31Z,2026-09-27T17:00:00Z,Sun 1:00 PM ET,Washington Commanders,Seattle Seahawks
2a529c108305ffa049d8b6cfdbaa4d36,Seattle Seahawks @ Washington Commanders,Antonio Williams,draftkings,DraftKings,receptions,Receptions,under,1.5,131,2.4452832217,0.4524271845,0.0,0.4329004329,0.4090261501,0.4130293174,1.5,4,195.2675156559,4.5106796117,Calibration fitted; not prospectively validated,2026-09-26T13:05:31Z,2026-09-27T17:00:00Z,Sun 1:00 PM ET,Washington Commanders,Seattle Seahawks
2a529c108305ffa049d8b6cfdbaa4d36,Seattle Seahawks @ Washington Commanders,Jadarian Price,draftkings,DraftKings,rush_attempts,Rushing attempts,under,13.5,-119,8.7345841198,0.5945945946,0.0,0.5433789954,0.5124828361,0.4980217896,13.5,2,512.155991608,9.4253917783,Calibration fitted; not prospectively validated,2026-09-26T13:05:31Z,2026-09-27T17:00:00Z,Sun 1:00 PM ET,Washington Commanders,Seattle Seahawks
2a529c108305ffa049d8b6cfdbaa4d36,Seattle Seahawks @ Washington Commanders,Jadarian Price,draftkings,DraftKings,rush_yds,Rushing yards,under,51.5,-109,35.8200743967,0.5647668394,0.0,0.5215311005,0.4936802191,0.5,51.5,5,432.3573889977,8.2901554404,Calibration fitted; not prospectively validated,2026-09-26T13:05:31Z,2026-09-27T17:00:00Z,Sun 1:00 PM ET,Washington Commanders,Seattle Seahawks
2a529c108305ffa049d8b6cfdbaa4d36,Seattle Seahawks @ Washington Commanders,Rachaad White,draftkings,DraftKings,rush_yds,Rushing yards,over,18.5,-106,39.3202524001,0.5647668394,0.0,0.5145631068,0.4873460435,0.4969046636,18.5,5,502.0373258212,9.7565744452,Calibration fitted; not prospectively validated,2026-09-26T13:05:31Z,2026-09-27T17:00:00Z,Sun 1:00 PM ET,Washington Commanders,Seattle Seahawks
2a529c108305ffa049d8b6cfdbaa4d36,Seattle Seahawks @ Washington Commanders,Terry McLaurin,fanduel,FanDuel,receptions,Receptions,over,3.5,100,3.5321835494,0.5408805031,0.0,0.5,0.4677419355,0.4693877551,3.5,5,408.8050314465,8.1761006289,Calibration fitted; not prospectively validated,2026-09-26T13:05:33Z,2026-09-27T17:00:00Z,Sun 1:00 PM ET,Washington Commanders,Seattle Seahawks
2a529c108305ffa049d8b6cfdbaa4d36,Seattle Seahawks @ Washington Commanders,Antonio Williams,fanduel,FanDuel,receptions,Receptions,under,1.5,124,2.4452832217,0.4524271845,0.0,0.4464285714,0.4170324846,0.4130293174,1.5,4,59.9861303745,1.3436893204,Calibration fitted; not prospectively validated,2026-09-26T13:05:33Z,2026-09-27T17:00:00Z,Sun 1:00 PM ET,Washington Commanders,Seattle Seahawks
2a529c108305ffa049d8b6cfdbaa4d36,Seattle Seahawks @ Washington Commanders,Cooper Kupp,fanduel,FanDuel,receptions,Receptions,over,2.5,124,4.5331698853,0.5475728155,0.0,0.4464285714,0.4170324846,0.4167677158,2.5,4,1011.4424410541,22.6563106796,Calibration fitted; not prospectively validated,2026-09-26T13:05:33Z,2026-09-27T17:00:00Z,Sun 1:00 PM ET,Washington Commanders,Seattle Seahawks
2a529c108305ffa049d8b6cfdbaa4d36,Seattle Seahawks @ Washington Commanders,AJ Barner,fanduel,FanDuel,receptions,Receptions,under,2.5,-104,2.4230604985,0.5408805031,0.0,0.5098039216,0.4759152216,0.5,2.5,5,310.7658157603,6.0957910015,Calibration fitted; not prospectively validated,2026-09-26T13:05:33Z,2026-09-27T17:00:00Z,Sun 1:00 PM ET,Washington Commanders,Seattle Seahawks
2a529c108305ffa049d8b6cfdbaa4d36,Seattle Seahawks @ Washington Commanders,Rachaad White,fanduel,FanDuel,rush_yds,Rushing yards,over,18.5,-114,39.3202524001,0.5647668394,0.0,0.5327102804,0.5,0.4969046636,18.5,5,320.5655900441,6.0176347605,Calibration fitted; not prospectively validated,2026-09-26T13:05:33Z,2026-09-27T17:00:00Z,Sun 1:00 PM ET,Washington Commanders,Seattle Seahawks
2a529c108305ffa049d8b6cfdbaa4d36,Seattle Seahawks @ Washington Commanders,Jadarian Price,fanduel,FanDuel,rush_yds,Rushing yards,under,51.5,-114,35.8200743967,0.5647668394,0.0,0.5327102804,0.5,0.5,51.5,5,320.5655900441,6.0176347605,Calibration fitted; not prospectively validated,2026-09-26T13:05:33Z,2026-09-27T17:00:00Z,Sun 1:00 PM ET,Washington Commanders,Seattle Seahawks
2a529c108305ffa049d8b6cfdbaa4d36,Seattle Seahawks @ Washington Commanders,Cooper Kupp,betrivers,BetRivers,receptions,Receptions,over,2.5,130,4.5331698853,0.5475728155,0.0,0.4347826087,,0.4167677158,2.5,4,1127.9020683833,25.9417475728,Calibration fitted; not prospectively validated,2026-09-26T13:05:46Z,2026-09-27T17:00:00Z,Sun 1:00 PM ET,Washington Commanders,Seattle Seahawks
2a529c108305ffa049d8b6cfdbaa4d36,Seattle Seahawks @ Washington Commanders,Terry McLaurin,betrivers,BetRivers,receptions,Receptions,over,3.5,108,3.5321835494,0.5408805031,0.0,0.4807692308,,0.4693877551,3.5,5,601.1127237542,12.5031446541,Calibration fitted; not prospectively validated,2026-09-26T13:05:46Z,2026-09-27T17:00:00Z,Sun 1:00 PM ET,Washington Commanders,Seattle Seahawks
2a529c108305ffa049d8b6cfdbaa4d36,Seattle Seahawks @ Washington Commanders,Rachaad White,betrivers,BetRivers,rush_yds,Rushing yards,over,18.5,-118,39.3202524001,0.5647668394,0.0,0.5412844037,0.5050233081,0.4969046636,18.5,5,234.8243570851,4.3382804953,Calibration fitted; not prospectively validated,2026-09-26T13:05:46Z,2026-09-27T17:00:00Z,Sun 1:00 PM ET,Washington Commanders,Seattle Seahawks
2a529c108305ffa049d8b6cfdbaa4d36,Seattle Seahawks @ Washington Commanders,Jadarian Price,betrivers,BetRivers,rush_yds,Rushing yards,under,51.5,-115,35.8200743967,0.5647668394,0.0,0.5348837209,0.5,0.5,51.5,5,298.8311844801,5.5868438838,Calibration fitted; not prospectively validated,2026-09-26T13:05:46Z,2026-09-27T17:00:00Z,Sun 1:00 PM ET,Washington Commanders,Seattle Seahawks
2a529c108305ffa049d8b6cfdbaa4d36,Seattle Seahawks @ Washington Commanders,Jaxon Smith-Njigba,betonlineag,BetOnline.ag,receptions,Receptions,under,6.5,-111,6.2523161273,0.5408805031,0.0,0.5260663507,0.4948402543,0.5,6.5,6,148.1415243375,2.8160235707,Calibration fitted; not prospectively validated,2026-09-26T13:05:38Z,2026-09-27T17:00:00Z,Sun 1:00 PM ET,Washington Commanders,Seattle Seahawks
2a529c108305ffa049d8b6cfdbaa4d36,Seattle Seahawks @ Washington Commanders,Cooper Kupp,betonlineag,BetOnline.ag,receptions,Receptions,over,2.5,134,4.5331698853,0.5475728155,0.0,0.4273504274,0.4017531045,0.4167677158,2.5,4,1202.2238818355,28.132038835,Calibration fitted; not prospectively validated,2026-09-26T13:05:38Z,2026-09-27T17:00:00Z,Sun 1:00 PM ET,Washington Commanders,Seattle Seahawks
2a529c108305ffa049d8b6cfdbaa4d36,Seattle Seahawks @ Washington Commanders,Terry McLaurin,betonlineag,BetOnline.ag,receptions,Receptions,over,3.5,102,3.5321835494,0.5408805031,0.0,0.495049505,0.4652655222,0.4693877551,3.5,5,458.3099819416,9.2578616352,Calibration fitted; not prospectively validated,2026-09-26T13:05:38Z,2026-09-27T17:00:00Z,Sun 1:00 PM ET,Washington Commanders,Seattle Seahawks
2a529c108305ffa049d8b6cfdbaa4d36,Seattle Seahawks @ Washington Commanders,Jadarian Price,betonlineag,BetOnline.ag,rush_attempts,Rushing attempts,under,13.5,-106,8.7345841198,0.5945945946,0.0,0.5145631068,0.4835607431,0.4980217896,13.5,2,800.3148779848,15.5532891382,Calibration fitted; not prospectively validated,2026-09-26T13:05:38Z,2026-09-27T17:00:00Z,Sun 1:00 PM ET,Washington Commanders,Seattle Seahawks
2a529c108305ffa049d8b6cfdbaa4d36,Seattle Seahawks @ Washington Commanders,Rachaad White,betonlineag,BetOnline.ag,rush_yds,Rushing yards,over,18.5,-112,39.3202524001,0.5647668394,0.0,0.5283018868,0.4969046636,0.4969046636,18.5,5,364.6495258579,6.9022945966,Calibration fitted; not prospectively validated,2026-09-26T13:05:38Z,2026-09-27T17:00:00Z,Sun 1:00 PM ET,Washington Commanders,Seattle Seahawks
2a529c108305ffa049d8b6cfdbaa4d36,Seattle Seahawks @ Washington Commanders,Jadarian Price,betonlineag,BetOnline.ag,rush_yds,Rushing yards,under,51.5,-116,35.8200743967,0.5647668394,0.0,0.537037037,0.5051597457,0.5,51.5,5,277.298023412,5.1634804359,Calibration fitted; not prospectively validated,2026-09-26T13:05:38Z,2026-09-27T17:00:00Z,Sun 1:00 PM ET,Washington Commanders,Seattle Seahawks
2a529c108305ffa049d8b6cfdbaa4d36,Seattle Seahawks @ Washington Commanders,Terry McLaurin,betmgm,BetMGM,receptions,Receptions,over,3.5,-110,3.5321835494,0.5408805031,0.0,0.5238095238,0.4898785425,0.4693877551,3.5,5,170.7097933513,3.2590051458,Calibration fitted; not prospectively validated,2026-09-26T13:05:30Z,2026-09-27T17:00:00Z,Sun 1:00 PM ET,Washington Commanders,Seattle Seahawks
2a529c108305ffa049d8b6cfdbaa4d36,Seattle Seahawks @ Washington Commanders,Jaxon Smith-Njigba,betmgm,BetMGM,receptions,Receptions,under,6.5,-105,6.2523161273,0.5408805031,0.0,0.512195122,0.4796954315,0.5,6.5,6,286.8538119343,5.6004791854,Calibration fitted; not prospectively validated,2026-09-26T13:05:30Z,2026-09-27T17:00:00Z,Sun 1:00 PM ET,Washington Commanders,Seattle Seahawks
2a529c108305ffa049d8b6cfdbaa4d36,Seattle Seahawks @ Washington Commanders,Rachaad White,betmgm,BetMGM,rush_yds,Rushing yards,over,20.5,-111,39.3202524001,0.5647668394,0.0,0.5260663507,0.4928711097,0.4928711097,18.5,1,387.0048866734,7.3565793773,Calibration fitted; not prospectively validated,2026-09-26T13:05:30Z,2026-09-27T17:00:00Z,Sun 1:00 PM ET,Washington Commanders,Seattle Seahawks
2a529c108305ffa049d8b6cfdbaa4d36,Seattle Seahawks @ Washington Commanders,Jadarian Price,betmgm,BetMGM,rush_yds,Rushing yards,under,55.5,-118,35.8200743967,0.5647668394,0.0,0.5412844037,0.5071288903,0.5071288903,51.5,1,234.8243570851,4.3382804953,Calibration fitted; not prospectively validated,2026-09-26T13:05:30Z,2026-09-27T17:00:00Z,Sun 1:00 PM ET,Washington Commanders,Seattle Seahawks
2a529c108305ffa049d8b6cfdbaa4d36,Seattle Seahawks @ Washington Commanders,AJ Barner,bovada,Bovada,receptions,Receptions,under,2.5,-115,2.4230604985,0.5408805031,0.0,0.5348837209,0.5,0.5,2.5,5,59.9678221442,1.1211375444,Calibration fitted; not prospectively validated,2026-09-26T13:04:59Z,2026-09-27T17:00:00Z,Sun 1:00 PM ET,Washington Commanders,Seattle Seahawks
2a529c108305ffa049d8b6cfdbaa4d36,Seattle Seahawks @ Washington Commanders,Antonio Williams,bovada,Bovada,receptions,Receptions,under,1.5,130,2.4452832217,0.4524271845,0.0,0.4347826087,0.4084720121,0.4130293174,1.5,4,176.4457577037,4.0582524272,Calibration fitted; not prospectively validated,2026-09-26T13:04:59Z,2026-09-27T17:00:00Z,Sun 1:00 PM ET,Washington Commanders,Seattle Seahawks
2a529c108305ffa049d8b6cfdbaa4d36,Seattle Seahawks @ Washington Commanders,Cooper Kupp,bovada,Bovada,receptions,Receptions,over,2.5,125,4.5331698853,0.5475728155,0.0,0.4444444444,0.416502947,0.4167677158,2.5,4,1031.2837108954,23.2038834951,Calibration fitted; not prospectively validated,2026-09-26T13:04:59Z,2026-09-27T17:00:00Z,Sun 1:00 PM ET,Washington Commanders,Seattle Seahawks
2a529c108305ffa049d8b6cfdbaa4d36,Seattle Seahawks @ Washington Commanders,Jaxon Smith-Njigba,bovada,Bovada,receptions,Receptions,under,6.5,-115,6.2523161273,0.5408805031,0.0,0.5348837209,0.5,0.5,6.5,6,59.9678221442,1.1211375444,Calibration fitted; not prospectively validated,2026-09-26T13:04:59Z,2026-09-27T17:00:00Z,Sun 1:00 PM ET,Washington Commanders,Seattle Seahawks
2a529c108305ffa049d8b6cfdbaa4d36,Seattle Seahawks @ Washington Commanders,Terry McLaurin,bovada,Bovada,receptions,Receptions,over,3.5,100,3.5321835494,0.5408805031,0.0,0.5,0.4693877551,0.4693877551,3.5,5,408.8050314465,8.1761006289,Calibration fitted; not prospectively validated,2026-09-26T13:04:59Z,2026-09-27T17:00:00Z,Sun 1:00 PM ET,Washington Commanders,Seattle Seahawks
2a529c108305ffa049d8b6cfdbaa4d36,Seattle Seahawks @ Washington Commanders,Jadarian Price,bovada,Bovada,rush_yds,Rushing yards,under,51.5,-110,35.8200743967,0.5647668394,0.0,0.5238095238,0.4898785425,0.5,51.5,5,409.5731556871,7.8191238813,Calibration fitted; not prospectively validated,2026-09-26T13:04:59Z,2026-09-27T17:00:00Z,Sun 1:00 PM ET,Washington Commanders,Seattle Seahawks
2a529c108305ffa049d8b6cfdbaa4d36,Seattle Seahawks @ Washington Commanders,Rachaad White,bovada,Bovada,rush_yds,Rushing yards,over,18.5,-110,39.3202524001,0.5647668394,0.0,0.5238095238,0.4898785425,0.4969046636,18.5,5,409.5731556871,7.8191238813,Calibration fitted; not prospectively validated,2026-09-26T13:04:59Z,2026-09-27T17:00:00Z,Sun 1:00 PM ET,Washington Commanders,Seattle Seahawks
2a529c108305ffa049d8b6cfdbaa4d36,Seattle Seahawks @ Washington Commanders,Rashid Shaheed,fanatics,Fanatics,recv_yds,Receiving yards,under,25.5,105,28.7220773819,0.5,0.0,0.487804878,0.4554079696,0.4554079696,28.5,1,121.9512195122,2.5,Calibration fitted; not prospectively validated,2026-09-26T13:05:06Z,2026-09-27T17:00:00Z,Sun 1:00 PM ET,Washington Commanders,Seattle Seahawks
2a529c108305ffa049d8b6cfdbaa4d36,Seattle Seahawks @ Washington Commanders,Jaxon Smith-Njigba,fanatics,Fanatics,receptions,Receptions,under,6.5,-115,6.2523161273,0.5408805031,0.0,0.5348837209,0.5,0.5,6.5,6,59.9678221442,1.1211375444,Calibration fitted; not prospectively validated,2026-09-26T13:05:06Z,2026-09-27T17:00:00Z,Sun 1:00 PM ET,Washington Commanders,Seattle Seahawks
9d2b09e0f9b6dd5ce0d985894f4f98fa,Arizona Cardinals @ San Francisco 49ers,Jacoby Brissett,draftkings,DraftKings,pass_attempts,Passing attempts,under,32.5,-104,26.2428696542,0.6363636364,0.0,0.5098039216,0.4812406203,0.4804680259,32.5,4,1265.5971479501,24.8251748252,Calibration fitted; not prospectively validated,2026-09-26T13:05:31Z,2026-09-27T20:05:00Z,Sun 4:05 PM ET,San Francisco 49ers,Arizona Cardinals
9d2b09e0f9b6dd5ce0d985894f4f98fa,Arizona Cardinals @ San Francisco 49ers,Brock Purdy,draftkings,DraftKings,pass_attempts,Passing attempts,under,30.5,-107,25.5628467745,0.6363636364,0.0,0.5169082126,0.4875171639,0.4949392713,30.5,4,1194.5542380325,23.1096006797,Calibration fitted; not prospectively validated,2026-09-26T13:05:31Z,2026-09-27T20:05:00Z,Sun 4:05 PM ET,San Francisco 49ers,Arizona Cardinals
9d2b09e0f9b6dd5ce0d985894f4f98fa,Arizona Cardinals @ San Francisco 49ers,Jacoby Brissett,draftkings,DraftKings,pass_completions,Passing completions,under,21.5,-104,16.8523226668,0.5416666667,0.0,0.5098039216,0.4803247453,0.4819427442,21.5,4,318.6274509804,6.25,Calibration fitted; not prospectively validated,2026-09-26T13:05:31Z,2026-09-27T20:05:00Z,Sun 4:05 PM ET,San Francisco 49ers,Arizona Cardinals
9d2b09e0f9b6dd5ce0d985894f4f98fa,Arizona Cardinals @ San Francisco 49ers,Brock Purdy,draftkings,DraftKings,pass_tds,Passing touchdowns,under,1.5,123,2.65,0.4821981424,0.0,0.4484304933,0.4227152079,0.4227152079,1.5,7,337.6764914132,7.5301857585,Calibration fitted; not prospectively validated,2026-09-26T13:05:31Z,2026-09-27T20:05:00Z,Sun 4:05 PM ET,San Francisco 49ers,Arizona Cardinals
9d2b09e0f9b6dd5ce0d985894f4f98fa,Arizona Cardinals @ San Francisco 49ers,Jacoby Brissett,draftkings,DraftKings,pass_tds,Passing touchdowns,over,1.5,164,0.94,0.4666666667,0.0,0.3787878788,0.3579295154,0.3575361863,1.5,6,878.7878787879,23.2,Calibration fitted; not prospectively validated,2026-09-26T13:05:31Z,2026-09-27T20:05:00Z,Sun 4:05 PM ET,San Francisco 49ers,Arizona Cardinals
9d2b09e0f9b6dd5ce0d985894f4f98fa,Arizona Cardinals @ San Francisco 49ers,Brock Purdy,fanduel,FanDuel,pass_tds,Passing touchdowns,under,1.5,128,2.65,0.4821981424,0.0,0.4385964912,0.4095398699,0.4227152079,1.5,7,436.0165118679,9.9411764706,Calibration fitted; not prospectively validated,2026-09-26T13:05:51Z,2026-09-27T20:05:00Z,Sun 4:05 PM ET,San Francisco 49ers,Arizona Cardinals
9d2b09e0f9b6dd5ce0d985894f4f98fa,Arizona Cardinals @ San Francisco 49ers,Jacoby Brissett,fanduel,FanDuel,pass_tds,Passing touchdowns,over,1.5,178,0.94,0.4666666667,0.0,0.3597122302,0.3362245395,0.3575361863,1.5,6,1069.5443645084,29.7333333333,Calibration fitted; not prospectively validated,2026-09-26T13:05:51Z,2026-09-27T20:05:00Z,Sun 4:05 PM ET,San Francisco 49ers,Arizona Cardinals
9d2b09e0f9b6dd5ce0d985894f4f98fa,Arizona Cardinals @ San Francisco 49ers,Jacoby Brissett,betrivers,BetRivers,pass_tds,Passing touchdowns,over,1.5,160,0.94,0.4666666667,0.0,0.3846153846,0.3571428571,0.3575361863,1.5,6,820.5128205128,21.3333333333,Calibration fitted; not prospectively validated,2026-09-26T13:05:46Z,2026-09-27T20:05:00Z,Sun 4:05 PM ET,San Francisco 49ers,Arizona Cardinals
9d2b09e0f9b6dd5ce0d985894f4f98fa,Arizona Cardinals @ San Francisco 49ers,Brock Purdy,betrivers,BetRivers,pass_tds,Passing touchdowns,under,1.5,118,2.65,0.4821981424,0.0,0.4587155963,0.4288622635,0.4227152079,1.5,7,234.8254608459,5.1191950464,Calibration fitted; not prospectively validated,2026-09-26T13:05:46Z,2026-09-27T20:05:00Z,Sun 4:05 PM ET,San Francisco 49ers,Arizona Cardinals
9d2b09e0f9b6dd5ce0d985894f4f98fa,Arizona Cardinals @ San Francisco 49ers,Jacoby Brissett,betonlineag,BetOnline.ag,pass_attempts,Passing attempts,under,32.5,100,26.2428696542,0.6363636364,0.0,0.5,0.4693877551,0.4804680259,32.5,4,1363.6363636364,27.2727272727,Calibration fitted; not prospectively validated,2026-09-26T13:05:34Z,2026-09-27T20:05:00Z,Sun 4:05 PM ET,San Francisco 49ers,Arizona Cardinals
9d2b09e0f9b6dd5ce0d985894f4f98fa,Arizona Cardinals @ San Francisco 49ers,Brock Purdy,betonlineag,BetOnline.ag,pass_attempts,Passing attempts,under,30.5,-114,25.5628467745,0.6363636364,0.0,0.5327102804,0.5,0.4949392713,30.5,4,1036.533559898,19.4577352472,Calibration fitted; not prospectively validated,2026-09-26T13:05:34Z,2026-09-27T20:05:00Z,Sun 4:05 PM ET,San Francisco 49ers,Arizona Cardinals
9d2b09e0f9b6dd5ce0d985894f4f98fa,Arizona Cardinals @ San Francisco 49ers,Jacoby Brissett,betonlineag,BetOnline.ag,pass_completions,Passing completions,under,21.5,-106,16.8523226668,0.5416666667,0.0,0.5145631068,0.4835607431,0.4819427442,21.5,4,271.0355987055,5.2672955975,Calibration fitted; not prospectively validated,2026-09-26T13:05:34Z,2026-09-27T20:05:00Z,Sun 4:05 PM ET,San Francisco 49ers,Arizona Cardinals
9d2b09e0f9b6dd5ce0d985894f4f98fa,Arizona Cardinals @ San Francisco 49ers,Brock Purdy,betonlineag,BetOnline.ag,pass_tds,Passing touchdowns,under,1.5,125,2.65,0.4821981424,0.0,0.4444444444,0.4170616114,0.4227152079,1.5,7,377.5369797042,8.4945820433,Calibration fitted; not prospectively validated,2026-09-26T13:05:34Z,2026-09-27T20:05:00Z,Sun 4:05 PM ET,San Francisco 49ers,Arizona Cardinals
9d2b09e0f9b6dd5ce0d985894f4f98fa,Arizona Cardinals @ San Francisco 49ers,Jacoby Brissett,betonlineag,BetOnline.ag,pass_tds,Passing touchdowns,over,1.5,171,0.94,0.4666666667,0.0,0.36900369,0.347071123,0.3575361863,1.5,6,976.6297662977,26.4666666667,Calibration fitted; not prospectively validated,2026-09-26T13:05:34Z,2026-09-27T20:05:00Z,Sun 4:05 PM ET,San Francisco 49ers,Arizona Cardinals
9d2b09e0f9b6dd5ce0d985894f4f98fa,Arizona Cardinals @ San Francisco 49ers,Brock Purdy,betmgm,BetMGM,pass_attempts,Passing attempts,under,30.5,-120,25.5628467745,0.6363636364,0.0,0.5454545455,0.5090470446,0.4949392713,30.5,4,909.0909090909,16.6666666667,Calibration fitted; not prospectively validated,2026-09-26T13:05:29Z,2026-09-27T20:05:00Z,Sun 4:05 PM ET,San Francisco 49ers,Arizona Cardinals
9d2b09e0f9b6dd5ce0d985894f4f98fa,Arizona Cardinals @ San Francisco 49ers,Jacoby Brissett,betmgm,BetMGM,pass_attempts,Passing attempts,under,33.5,-105,26.2428696542,0.6363636364,0.0,0.512195122,0.4753937008,0.4753937008,32.5,1,1241.6851441242,24.2424242424,Calibration fitted; not prospectively validated,2026-09-26T13:05:29Z,2026-09-27T20:05:00Z,Sun 4:05 PM ET,San Francisco 49ers,Arizona Cardinals
9d2b09e0f9b6dd5ce0d985894f4f98fa,Arizona Cardinals @ San Francisco 49ers,Brock Purdy,betmgm,BetMGM,pass_tds,Passing touchdowns,under,1.5,120,2.65,0.4821981424,0.0,0.4545454545,0.4248366013,0.4227152079,1.5,7,276.5268786941,6.0835913313,Calibration fitted; not prospectively validated,2026-09-26T13:05:29Z,2026-09-27T20:05:00Z,Sun 4:05 PM ET,San Francisco 49ers,Arizona Cardinals
9d2b09e0f9b6dd5ce0d985894f4f98fa,Arizona Cardinals @ San Francisco 49ers,Jacoby Brissett,betmgm,BetMGM,pass_tds,Passing touchdowns,over,1.5,145,0.94,0.4666666667,0.0,0.4081632653,0.3797468354,0.3575361863,1.5,6,585.0340136054,14.3333333333,Calibration fitted; not prospectively validated,2026-09-26T13:05:29Z,2026-09-27T20:05:00Z,Sun 4:05 PM ET,San Francisco 49ers,Arizona Cardinals
9d2b09e0f9b6dd5ce0d985894f4f98fa,Arizona Cardinals @ San Francisco 49ers,Brock Purdy,bovada,Bovada,pass_attempts,Passing attempts,under,30.5,-110,25.5628467745,0.6363636364,0.0,0.5238095238,0.4898785425,0.4949392713,30.5,4,1125.5411255411,21.4876033058,Calibration fitted; not prospectively validated,2026-09-26T13:05:02Z,2026-09-27T20:05:00Z,Sun 4:05 PM ET,San Francisco 49ers,Arizona Cardinals
9d2b09e0f9b6dd5ce0d985894f4f98fa,Arizona Cardinals @ San Francisco 49ers,Jacoby Brissett,bovada,Bovada,pass_attempts,Passing attempts,under,32.5,-105,26.2428696542,0.6363636364,0.0,0.512195122,0.4796954315,0.4804680259,32.5,4,1241.6851441242,24.2424242424,Calibration fitted; not prospectively validated,2026-09-26T13:05:02Z,2026-09-27T20:05:00Z,Sun 4:05 PM ET,San Francisco 49ers,Arizona Cardinals
9d2b09e0f9b6dd5ce0d985894f4f98fa,Arizona Cardinals @ San Francisco 49ers,Jacoby Brissett,bovada,Bovada,pass_completions,Passing completions,under,21.5,-105,16.8523226668,0.5416666667,0.0,0.512195122,0.4796954315,0.4819427442,21.5,4,294.7154471545,5.753968254,Calibration fitted; not prospectively validated,2026-09-26T13:05:02Z,2026-09-27T20:05:00Z,Sun 4:05 PM ET,San Francisco 49ers,Arizona Cardinals
9d2b09e0f9b6dd5ce0d985894f4f98fa,Arizona Cardinals @ San Francisco 49ers,Brock Purdy,bovada,Bovada,pass_tds,Passing touchdowns,under,1.5,120,2.65,0.4821981424,0.0,0.4545454545,0.4248366013,0.4227152079,1.5,7,276.5268786941,6.0835913313,Calibration fitted; not prospectively validated,2026-09-26T13:05:02Z,2026-09-27T20:05:00Z,Sun 4:05 PM ET,San Francisco 49ers,Arizona Cardinals
9d2b09e0f9b6dd5ce0d985894f4f98fa,Arizona Cardinals @ San Francisco 49ers,Jacoby Brissett,bovada,Bovada,pass_tds,Passing touchdowns,over,1.5,160,0.94,0.4666666667,0.0,0.3846153846,0.3604118993,0.3575361863,1.5,6,820.5128205128,21.3333333333,Calibration fitted; not prospectively validated,2026-09-26T13:05:02Z,2026-09-27T20:05:00Z,Sun 4:05 PM ET,San Francisco 49ers,Arizona Cardinals
9d2b09e0f9b6dd5ce0d985894f4f98fa,Arizona Cardinals @ San Francisco 49ers,Jacoby Brissett,fanatics,Fanatics,pass_attempts,Passing attempts,under,32.5,-115,26.2428696542,0.6363636364,0.0,0.5348837209,0.5,0.4804680259,32.5,4,1014.799154334,18.9723320158,Calibration fitted; not prospectively validated,2026-09-26T13:04:48Z,2026-09-27T20:05:00Z,Sun 4:05 PM ET,San Francisco 49ers,Arizona Cardinals
9d2b09e0f9b6dd5ce0d985894f4f98fa,Arizona Cardinals @ San Francisco 49ers,Jacoby Brissett,fanatics,Fanatics,pass_completions,Passing completions,under,21.5,-115,16.8523226668,0.5416666667,0.0,0.5348837209,0.5,0.4819427442,21.5,4,67.8294573643,1.268115942,Calibration fitted; not prospectively validated,2026-09-26T13:04:48Z,2026-09-27T20:05:00Z,Sun 4:05 PM ET,San Francisco 49ers,Arizona Cardinals
9d2b09e0f9b6dd5ce0d985894f4f98fa,Arizona Cardinals @ San Francisco 49ers,Brock Purdy,fanatics,Fanatics,pass_tds,Passing touchdowns,under,1.5,130,2.65,0.4821981424,0.0,0.4347826087,0.4084720121,0.4227152079,1.5,7,474.1553371921,10.9055727554,Calibration fitted; not prospectively validated,2026-09-26T13:04:48Z,2026-09-27T20:05:00Z,Sun 4:05 PM ET,San Francisco 49ers,Arizona Cardinals
9d2b09e0f9b6dd5ce0d985894f4f98fa,Arizona Cardinals @ San Francisco 49ers,Christian McCaffrey,draftkings,DraftKings,receptions,Receptions,under,4.5,-112,4.2906762195,0.5408805031,0.0,0.5283018868,0.4979225528,0.4909529554,4.5,5,125.786163522,2.380952381,Calibration fitted; not prospectively validated,2026-09-26T13:05:31Z,2026-09-27T20:05:00Z,Sun 4:05 PM ET,San Francisco 49ers,Arizona Cardinals
9d2b09e0f9b6dd5ce0d985894f4f98fa,Arizona Cardinals @ San Francisco 49ers,Mike Evans,draftkings,DraftKings,receptions,Receptions,over,4.5,119,5.3965452892,0.5475728155,0.0,0.4566210046,0.4308576118,0.4278471066,4.5,4,909.5181096777,19.9184466019,Calibration fitted; not prospectively validated,2026-09-26T13:05:31Z,2026-09-27T20:05:00Z,Sun 4:05 PM ET,San Francisco 49ers,Arizona Cardinals
9d2b09e0f9b6dd5ce0d985894f4f98fa,Arizona Cardinals @ San Francisco 49ers,George Kittle,draftkings,DraftKings,receptions,Receptions,over,4.5,126,3.8309792907,0.4524271845,0.0,0.4424778761,0.4176935634,0.4275171953,4.5,2,99.4930835982,2.2485436893,Calibration fitted; not prospectively validated,2026-09-26T13:05:31Z,2026-09-27T20:05:00Z,Sun 4:05 PM ET,San Francisco 49ers,Arizona Cardinals
9d2b09e0f9b6dd5ce0d985894f4f98fa,Arizona Cardinals @ San Francisco 49ers,Deebo Samuel,draftkings,DraftKings,receptions,Receptions,under,3.5,122,4.0355446493,0.4524271845,0.0,0.4504504505,0.4250232435,0.4249299224,3.5,4,19.7673401557,0.4388349515,Calibration fitted; not prospectively validated,2026-09-26T13:05:31Z,2026-09-27T20:05:00Z,Sun 4:05 PM ET,San Francisco 49ers,Arizona Cardinals
9d2b09e0f9b6dd5ce0d985894f4f98fa,Arizona Cardinals @ San Francisco 49ers,Michael Wilson,draftkings,DraftKings,receptions,Receptions,under,3.5,122,2.5898539976,0.5475728155,0.0,0.4504504505,0.4250232435,0.4273071432,3.5,4,971.2236508353,21.5611650485,Calibration fitted; not prospectively validated,2026-09-26T13:05:31Z,2026-09-27T20:05:00Z,Sun 4:05 PM ET,San Francisco 49ers,Arizona Cardinals
9d2b09e0f9b6dd5ce0d985894f4f98fa,Arizona Cardinals @ San Francisco 49ers,Kendrick Bourne,draftkings,DraftKings,receptions,Receptions,over,2.5,-110,2.8821884258,0.5420560748,0.0,0.5238095238,0.493765586,0.4918220643,2.5,4,182.4655095683,3.4834324554,Calibration fitted; not prospectively validated,2026-09-26T13:05:31Z,2026-09-27T20:05:00Z,Sun 4:05 PM ET,San Francisco 49ers,Arizona Cardinals
9d2b09e0f9b6dd5ce0d985894f4f98fa,Arizona Cardinals @ San Francisco 49ers,Jeremiyah Love,draftkings,DraftKings,receptions,Receptions,over,2.5,-101,3.0268962386,0.5420560748,0.0,0.5024875622,0.4740405383,0.4897419064,2.5,5,395.685125773,7.8745257703,Calibration fitted; not prospectively validated,2026-09-26T13:05:31Z,2026-09-27T20:05:00Z,Sun 4:05 PM ET,San Francisco 49ers,Arizona Cardinals
9d2b09e0f9b6dd5ce0d985894f4f98fa,Arizona Cardinals @ San Francisco 49ers,Brock Purdy,draftkings,DraftKings,rush_yds,Rushing yards,over,17.5,-108,27.4430173098,0.5647668394,0.0,0.5192307692,0.4905802562,0.4902293994,17.5,2,455.3607014747,8.7699098062,Calibration fitted; not prospectively validated,2026-09-26T13:05:31Z,2026-09-27T20:05:00Z,Sun 4:05 PM ET,San Francisco 49ers,Arizona Cardinals
9d2b09e0f9b6dd5ce0d985894f4f98fa,Arizona Cardinals @ San Francisco 49ers,Jacoby Brissett,draftkings,DraftKings,rush_yds,Rushing yards,over,7.5,-111,17.3394077396,0.5647668394,0.0,0.5260663507,0.4978941162,0.5,7.5,4,387.0048866734,7.3565793773,Calibration fitted; not prospectively validated,2026-09-26T13:05:31Z,2026-09-27T20:05:00Z,Sun 4:05 PM ET,San Francisco 49ers,Arizona Cardinals
9d2b09e0f9b6dd5ce0d985894f4f98fa,Arizona Cardinals @ San Francisco 49ers,Michael Wilson,fanduel,FanDuel,receptions,Receptions,under,3.5,112,2.5898539976,0.5475728155,0.0,0.4716981132,0.4414696668,0.4273071432,3.5,4,758.7470232643,16.0854368932,Calibration fitted; not prospectively validated,2026-09-26T13:05:51Z,2026-09-27T20:05:00Z,Sun 4:05 PM ET,San Francisco 49ers,Arizona Cardinals
9d2b09e0f9b6dd5ce0d985894f4f98fa,Arizona Cardinals @ San Francisco 49ers,Deebo Samuel,fanduel,FanDuel,receptions,Receptions,under,3.5,124,4.0355446493,0.4524271845,0.0,0.4464285714,0.4170324846,0.4249299224,3.5,4,59.9861303745,1.3436893204,Calibration fitted; not prospectively validated,2026-09-26T13:05:51Z,2026-09-27T20:05:00Z,Sun 4:05 PM ET,San Francisco 49ers,Arizona Cardinals
9d2b09e0f9b6dd5ce0d985894f4f98fa,Arizona Cardinals @ San Francisco 49ers,Kendrick Bourne,fanduel,FanDuel,receptions,Receptions,over,2.5,-112,2.8821884258,0.5420560748,0.0,0.5283018868,0.4939310568,0.4918220643,2.5,4,137.541879739,2.6034712951,Calibration fitted; not prospectively validated,2026-09-26T13:05:51Z,2026-09-27T20:05:00Z,Sun 4:05 PM ET,San Francisco 49ers,Arizona Cardinals
9d2b09e0f9b6dd5ce0d985894f4f98fa,Arizona Cardinals @ San Francisco 49ers,Jeremiyah Love,fanduel,FanDuel,receptions,Receptions,over,2.5,-114,3.0268962386,0.5420560748,0.0,0.5327102804,0.5,0.4897419064,2.5,5,93.4579439252,1.7543859649,Calibration fitted; not prospectively validated,2026-09-26T13:05:51Z,2026-09-27T20:05:00Z,Sun 4:05 PM ET,San Francisco 49ers,Arizona Cardinals
9d2b09e0f9b6dd5ce0d985894f4f98fa,Arizona Cardinals @ San Francisco 49ers,George Kittle,fanduel,FanDuel,receptions,Receptions,under,3.5,140,3.8309792907,0.4579439252,0.0,0.4166666667,0.3896103896,0.3896103896,4.5,1,412.7725856698,9.9065420561,Calibration fitted; not prospectively validated,2026-09-26T13:05:51Z,2026-09-27T20:05:00Z,Sun 4:05 PM ET,San Francisco 49ers,Arizona Cardinals
9d2b09e0f9b6dd5ce0d985894f4f98fa,Arizona Cardinals @ San Francisco 49ers,Mike Evans,fanduel,FanDuel,receptions,Receptions,over,4.5,120,5.3965452892,0.5475728155,0.0,0.4545454545,0.4248366013,0.4278471066,4.5,4,930.2736098853,20.4660194175,Calibration fitted; not prospectively validated,2026-09-26T13:05:51Z,2026-09-27T20:05:00Z,Sun 4:05 PM ET,San Francisco 49ers,Arizona Cardinals
9d2b09e0f9b6dd5ce0d985894f4f98fa,Arizona Cardinals @ San Francisco 49ers,Christian McCaffrey,fanduel,FanDuel,receptions,Receptions,under,4.5,-102,4.2906762195,0.5408805031,0.0,0.504950495,0.471842317,0.4909529554,4.5,5,359.3000809515,7.1155506228,Calibration fitted; not prospectively validated,2026-09-26T13:05:51Z,2026-09-27T20:05:00Z,Sun 4:05 PM ET,San Francisco 49ers,Arizona Cardinals
9d2b09e0f9b6dd5ce0d985894f4f98fa,Arizona Cardinals @ San Francisco 49ers,Jacoby Brissett,fanduel,FanDuel,rush_yds,Rushing yards,over,7.5,-114,17.3394077396,0.5647668394,0.0,0.5327102804,0.5,0.5,7.5,4,320.5655900441,6.0176347605,Calibration fitted; not prospectively validated,2026-09-26T13:05:51Z,2026-09-27T20:05:00Z,Sun 4:05 PM ET,San Francisco 49ers,Arizona Cardinals
9d2b09e0f9b6dd5ce0d985894f4f98fa,Arizona Cardinals @ San Francisco 49ers,Brock Purdy,fanduel,FanDuel,rush_yds,Rushing yards,over,16.5,-114,27.4430173098,0.5647668394,0.0,0.5327102804,0.5,0.5,17.5,2,320.5655900441,6.0176347605,Calibration fitted; not prospectively validated,2026-09-26T13:05:51Z,2026-09-27T20:05:00Z,Sun 4:05 PM ET,San Francisco 49ers,Arizona Cardinals
9d2b09e0f9b6dd5ce0d985894f4f98fa,Arizona Cardinals @ San Francisco 49ers,George Kittle,betrivers,BetRivers,receptions,Receptions,over,4.5,123,3.8309792907,0.4524271845,0.0,0.4484304933,,0.4275171953,4.5,2,39.9669119248,0.8912621359,Calibration fitted; not prospectively validated,2026-09-26T13:05:46Z,2026-09-27T20:05:00Z,Sun 4:05 PM ET,San Francisco 49ers,Arizona Cardinals
9d2b09e0f9b6dd5ce0d985894f4f98fa,Arizona Cardinals @ San Francisco 49ers,Kendrick Bourne,betrivers,BetRivers,receptions,Receptions,over,2.5,104,2.8821884258,0.5420560748,0.0,0.4901960784,,0.4918220643,2.5,4,518.5999633498,10.5794392523,Calibration fitted; not prospectively validated,2026-09-26T13:05:46Z,2026-09-27T20:05:00Z,Sun 4:05 PM ET,San Francisco 49ers,Arizona Cardinals
9d2b09e0f9b6dd5ce0d985894f4f98fa,Arizona Cardinals @ San Francisco 49ers,Jeremiyah Love,betrivers,BetRivers,receptions,Receptions,over,2.5,-110,3.0268962386,0.5420560748,0.0,0.5238095238,,0.4897419064,2.5,5,182.4655095683,3.4834324554,Calibration fitted; not prospectively validated,2026-09-26T13:05:46Z,2026-09-27T20:05:00Z,Sun 4:05 PM ET,San Francisco 49ers,Arizona Cardinals
9d2b09e0f9b6dd5ce0d985894f4f98fa,Arizona Cardinals @ San Francisco 49ers,Mike Evans,betrivers,BetRivers,receptions,Receptions,over,4.5,120,5.3965452892,0.5475728155,0.0,0.4545454545,,0.4278471066,4.5,4,930.2736098853,20.4660194175,Calibration fitted; not prospectively validated,2026-09-26T13:05:46Z,2026-09-27T20:05:00Z,Sun 4:05 PM ET,San Francisco 49ers,Arizona Cardinals
9d2b09e0f9b6dd5ce0d985894f4f98fa,Arizona Cardinals @ San Francisco 49ers,Michael Wilson,betonlineag,BetOnline.ag,receptions,Receptions,under,3.5,119,2.5898539976,0.5475728155,0.0,0.4566210046,0.4295910429,0.4273071432,3.5,4,909.5181096777,19.9184466019,Calibration fitted; not prospectively validated,2026-09-26T13:05:34Z,2026-09-27T20:05:00Z,Sun 4:05 PM ET,San Francisco 49ers,Arizona Cardinals
9d2b09e0f9b6dd5ce0d985894f4f98fa,Arizona Cardinals @ San Francisco 49ers,Trey McBride,betonlineag,BetOnline.ag,receptions,Receptions,under,6.5,105,5.3948627303,0.5475728155,0.0,0.487804878,0.4592085979,0.4592085979,7.5,1,597.679374852,12.2524271845,Calibration fitted; not prospectively validated,2026-09-26T13:05:34Z,2026-09-27T20:05:00Z,Sun 4:05 PM ET,San Francisco 49ers,Arizona Cardinals
9d2b09e0f9b6dd5ce0d985894f4f98fa,Arizona Cardinals @ San Francisco 49ers,Kendrick Bourne,betonlineag,BetOnline.ag,receptions,Receptions,over,2.5,100,2.8821884258,0.5420560748,0.0,0.5,0.4693877551,0.4918220643,2.5,4,420.5607476636,8.4112149533,Calibration fitted; not prospectively validated,2026-09-26T13:05:34Z,2026-09-27T20:05:00Z,Sun 4:05 PM ET,San Francisco 49ers,Arizona Cardinals
9d2b09e0f9b6dd5ce0d985894f4f98fa,Arizona Cardinals @ San Francisco 49ers,Christian McCaffrey,betonlineag,BetOnline.ag,receptions,Receptions,under,4.5,-104,4.2906762195,0.5408805031,0.0,0.5098039216,0.4803247453,0.4909529554,4.5,5,310.7658157603,6.0957910015,Calibration fitted; not prospectively validated,2026-09-26T13:05:34Z,2026-09-27T20:05:00Z,Sun 4:05 PM ET,San Francisco 49ers,Arizona Cardinals
9d2b09e0f9b6dd5ce0d985894f4f98fa,Arizona Cardinals @ San Francisco 49ers,Jeremiyah Love,betonlineag,BetOnline.ag,receptions,Receptions,over,2.5,-109,3.0268962386,0.5420560748,0.0,0.5215311005,0.4897419064,0.4897419064,2.5,5,205.2497428789,3.9355225928,Calibration fitted; not prospectively validated,2026-09-26T13:05:34Z,2026-09-27T20:05:00Z,Sun 4:05 PM ET,San Francisco 49ers,Arizona Cardinals
9d2b09e0f9b6dd5ce0d985894f4f98fa,Arizona Cardinals @ San Francisco 49ers,Mike Evans,betonlineag,BetOnline.ag,receptions,Receptions,over,4.5,115,5.3965452892,0.5475728155,0.0,0.4651162791,0.4373408273,0.4278471066,4.5,4,824.5653646421,17.7281553398,Calibration fitted; not prospectively validated,2026-09-26T13:05:34Z,2026-09-27T20:05:00Z,Sun 4:05 PM ET,San Francisco 49ers,Arizona Cardinals
9d2b09e0f9b6dd5ce0d985894f4f98fa,Arizona Cardinals @ San Francisco 49ers,Jacoby Brissett,betonlineag,BetOnline.ag,rush_yds,Rushing yards,over,7.5,-114,17.3394077396,0.5647668394,0.0,0.5327102804,0.5,0.5,7.5,4,320.5655900441,6.0176347605,Calibration fitted; not prospectively validated,2026-09-26T13:05:34Z,2026-09-27T20:05:00Z,Sun 4:05 PM ET,San Francisco 49ers,Arizona Cardinals
9d2b09e0f9b6dd5ce0d985894f4f98fa,Arizona Cardinals @ San Francisco 49ers,Brock Purdy,betonlineag,BetOnline.ag,rush_yds,Rushing yards,over,16.5,-114,27.4430173098,0.5647668394,0.0,0.5327102804,0.5,0.5,17.5,2,320.5655900441,6.0176347605,Calibration fitted; not prospectively validated,2026-09-26T13:05:34Z,2026-09-27T20:05:00Z,Sun 4:05 PM ET,San Francisco 49ers,Arizona Cardinals
9d2b09e0f9b6dd5ce0d985894f4f98fa,Arizona Cardinals @ San Francisco 49ers,Christian McCaffrey,betmgm,BetMGM,receptions,Receptions,under,4.5,-111,4.2906762195,0.5408805031,0.0,0.5260663507,0.4909529554,0.4909529554,4.5,5,148.1415243375,2.8160235707,Calibration fitted; not prospectively validated,2026-09-26T13:05:29Z,2026-09-27T20:05:00Z,Sun 4:05 PM ET,San Francisco 49ers,Arizona Cardinals
9d2b09e0f9b6dd5ce0d985894f4f98fa,Arizona Cardinals @ San Francisco 49ers,Jeremiyah Love,betmgm,BetMGM,receptions,Receptions,over,2.5,-115,3.0268962386,0.5420560748,0.0,0.5348837209,0.5,0.4897419064,2.5,5,71.7235383612,1.3409183259,Calibration fitted; not prospectively validated,2026-09-26T13:05:29Z,2026-09-27T20:05:00Z,Sun 4:05 PM ET,San Francisco 49ers,Arizona Cardinals
9d2b09e0f9b6dd5ce0d985894f4f98fa,Arizona Cardinals @ San Francisco 49ers,Jacoby Brissett,betmgm,BetMGM,rush_yds,Rushing yards,over,8.5,-111,17.3394077396,0.5647668394,0.0,0.5260663507,0.4909529554,0.4909529554,7.5,1,387.0048866734,7.3565793773,Calibration fitted; not prospectively validated,2026-09-26T13:05:29Z,2026-09-27T20:05:00Z,Sun 4:05 PM ET,San Francisco 49ers,Arizona Cardinals
9d2b09e0f9b6dd5ce0d985894f4f98fa,Arizona Cardinals @ San Francisco 49ers,Christian McCaffrey,bovada,Bovada,receptions,Receptions,under,4.5,-115,4.2906762195,0.5408805031,0.0,0.5348837209,0.5,0.4909529554,4.5,5,59.9678221442,1.1211375444,Calibration fitted; not prospectively validated,2026-09-26T13:05:02Z,2026-09-27T20:05:00Z,Sun 4:05 PM ET,San Francisco 49ers,Arizona Cardinals
9d2b09e0f9b6dd5ce0d985894f4f98fa,Arizona Cardinals @ San Francisco 49ers,Jeremiyah Love,bovada,Bovada,receptions,Receptions,over,2.5,100,3.0268962386,0.5420560748,0.0,0.5,0.4693877551,0.4897419064,2.5,5,420.5607476636,8.4112149533,Calibration fitted; not prospectively validated,2026-09-26T13:05:02Z,2026-09-27T20:05:00Z,Sun 4:05 PM ET,San Francisco 49ers,Arizona Cardinals
9d2b09e0f9b6dd5ce0d985894f4f98fa,Arizona Cardinals @ San Francisco 49ers,Kendrick Bourne,bovada,Bovada,receptions,Receptions,over,2.5,-110,2.8821884258,0.5420560748,0.0,0.5238095238,0.4898785425,0.4918220643,2.5,4,182.4655095683,3.4834324554,Calibration fitted; not prospectively validated,2026-09-26T13:05:02Z,2026-09-27T20:05:00Z,Sun 4:05 PM ET,San Francisco 49ers,Arizona Cardinals
9d2b09e0f9b6dd5ce0d985894f4f98fa,Arizona Cardinals @ San Francisco 49ers,Michael Wilson,bovada,Bovada,receptions,Receptions,under,3.5,120,2.5898539976,0.5475728155,0.0,0.4545454545,0.4248366013,0.4273071432,3.5,4,930.2736098853,20.4660194175,Calibration fitted; not prospectively validated,2026-09-26T13:05:02Z,2026-09-27T20:05:00Z,Sun 4:05 PM ET,San Francisco 49ers,Arizona Cardinals
9d2b09e0f9b6dd5ce0d985894f4f98fa,Arizona Cardinals @ San Francisco 49ers,Mike Evans,bovada,Bovada,receptions,Receptions,over,4.5,120,5.3965452892,0.5475728155,0.0,0.4545454545,0.4248366013,0.4278471066,4.5,4,930.2736098853,20.4660194175,Calibration fitted; not prospectively validated,2026-09-26T13:05:02Z,2026-09-27T20:05:00Z,Sun 4:05 PM ET,San Francisco 49ers,Arizona Cardinals
9d2b09e0f9b6dd5ce0d985894f4f98fa,Arizona Cardinals @ San Francisco 49ers,Brock Purdy,bovada,Bovada,rush_yds,Rushing yards,over,17.5,-110,27.4430173098,0.5647668394,0.0,0.5238095238,0.4898785425,0.4902293994,17.5,2,409.5731556871,7.8191238813,Calibration fitted; not prospectively validated,2026-09-26T13:05:02Z,2026-09-27T20:05:00Z,Sun 4:05 PM ET,San Francisco 49ers,Arizona Cardinals
9d2b09e0f9b6dd5ce0d985894f4f98fa,Arizona Cardinals @ San Francisco 49ers,Jacoby Brissett,bovada,Bovada,rush_yds,Rushing yards,over,7.5,-115,17.3394077396,0.5647668394,0.0,0.5348837209,0.5,0.5,7.5,4,298.8311844801,5.5868438838,Calibration fitted; not prospectively validated,2026-09-26T13:05:02Z,2026-09-27T20:05:00Z,Sun 4:05 PM ET,San Francisco 49ers,Arizona Cardinals
9d2b09e0f9b6dd5ce0d985894f4f98fa,Arizona Cardinals @ San Francisco 49ers,Michael Wilson,fanatics,Fanatics,receptions,Receptions,over,4.5,145,2.5898539976,0.4210526316,0.0,0.4081632653,0.3778259523,0.4056575575,3.5,2,128.8936627282,3.1578947368,Calibration fitted; not prospectively validated,2026-09-26T13:04:48Z,2026-09-27T20:05:00Z,Sun 4:05 PM ET,San Francisco 49ers,Arizona Cardinals
f1724dead3eab61546033032fc782375,Minnesota Vikings @ Tampa Bay Buccaneers,Kyler Murray,draftkings,DraftKings,pass_attempts,Passing attempts,under,30.5,-114,26.7491250507,0.6363636364,0.0,0.5327102804,0.5020774472,0.5071963591,30.5,4,1036.533559898,19.4577352472,Calibration fitted; not prospectively validated,2026-09-26T13:05:14Z,2026-09-27T20:05:00Z,Sun 4:05 PM ET,Tampa Bay Buccaneers,Minnesota Vikings
f1724dead3eab61546033032fc782375,Minnesota Vikings @ Tampa Bay Buccaneers,Baker Mayfield,draftkings,DraftKings,pass_tds,Passing touchdowns,over,1.5,134,0.53,0.4615384615,0.0,0.4273504274,0.4037905653,0.3914634001,1.5,6,341.8803418803,8.0,Calibration fitted; not prospectively validated,2026-09-26T13:05:14Z,2026-09-27T20:05:00Z,Sun 4:05 PM ET,Tampa Bay Buccaneers,Minnesota Vikings
f1724dead3eab61546033032fc782375,Minnesota Vikings @ Tampa Bay Buccaneers,Kyler Murray,draftkings,DraftKings,pass_tds,Passing touchdowns,under,1.5,-178,0.0094,0.75,0.0,0.6402877698,0.6047880356,0.6017069701,1.5,7,1097.1223021583,17.1348314607,Calibration fitted; not prospectively validated,2026-09-26T13:05:14Z,2026-09-27T20:05:00Z,Sun 4:05 PM ET,Tampa Bay Buccaneers,Minnesota Vikings
f1724dead3eab61546033032fc782375,Minnesota Vikings @ Tampa Bay Buccaneers,Kyler Murray,fanduel,FanDuel,pass_tds,Passing touchdowns,under,1.5,-178,0.0094,0.75,0.0,0.6402877698,0.597661225,0.6017069701,1.5,7,1097.1223021583,17.1348314607,Calibration fitted; not prospectively validated,2026-09-26T13:05:52Z,2026-09-27T20:05:00Z,Sun 4:05 PM ET,Tampa Bay Buccaneers,Minnesota Vikings
f1724dead3eab61546033032fc782375,Minnesota Vikings @ Tampa Bay Buccaneers,Baker Mayfield,fanduel,FanDuel,pass_tds,Passing touchdowns,over,1.5,140,0.53,0.4615384615,0.0,0.4166666667,0.3896103896,0.3914634001,1.5,6,448.7179487179,10.7692307692,Calibration fitted; not prospectively validated,2026-09-26T13:05:52Z,2026-09-27T20:05:00Z,Sun 4:05 PM ET,Tampa Bay Buccaneers,Minnesota Vikings
f1724dead3eab61546033032fc782375,Minnesota Vikings @ Tampa Bay Buccaneers,Kyler Murray,betrivers,BetRivers,pass_tds,Passing touchdowns,under,1.5,-200,0.0094,0.75,0.0,0.6666666667,0.625,0.6017069701,1.5,7,833.3333333333,12.5,Calibration fitted; not prospectively validated,2026-09-26T13:05:47Z,2026-09-27T20:05:00Z,Sun 4:05 PM ET,Tampa Bay Buccaneers,Minnesota Vikings
f1724dead3eab61546033032fc782375,Minnesota Vikings @ Tampa Bay Buccaneers,Baker Mayfield,betrivers,BetRivers,pass_tds,Passing touchdowns,over,1.5,145,0.53,0.4615384615,0.0,0.4081632653,0.3817534778,0.3914634001,1.5,6,533.7519623234,13.0769230769,Calibration fitted; not prospectively validated,2026-09-26T13:05:47Z,2026-09-27T20:05:00Z,Sun 4:05 PM ET,Tampa Bay Buccaneers,Minnesota Vikings
f1724dead3eab61546033032fc782375,Minnesota Vikings @ Tampa Bay Buccaneers,Kyler Murray,betonlineag,BetOnline.ag,pass_attempts,Passing attempts,under,30.5,-120,26.7491250507,0.6363636364,0.0,0.5454545455,0.5123152709,0.5071963591,30.5,4,909.0909090909,16.6666666667,Calibration fitted; not prospectively validated,2026-09-26T13:05:20Z,2026-09-27T20:05:00Z,Sun 4:05 PM ET,Tampa Bay Buccaneers,Minnesota Vikings
f1724dead3eab61546033032fc782375,Minnesota Vikings @ Tampa Bay Buccaneers,Kyler Murray,betonlineag,BetOnline.ag,pass_completions,Passing completions,under,19.5,-112,16.0494750304,0.5416666667,0.0,0.5283018868,0.4969046636,0.5246150942,19.5,4,133.6477987421,2.5297619048,Calibration fitted; not prospectively validated,2026-09-26T13:05:20Z,2026-09-27T20:05:00Z,Sun 4:05 PM ET,Tampa Bay Buccaneers,Minnesota Vikings
f1724dead3eab61546033032fc782375,Minnesota Vikings @ Tampa Bay Buccaneers,Baker Mayfield,betonlineag,BetOnline.ag,pass_tds,Passing touchdowns,over,1.5,139,0.53,0.4615384615,0.0,0.4184100418,0.3933164105,0.3914634001,1.5,6,431.2841969746,10.3076923077,Calibration fitted; not prospectively validated,2026-09-26T13:05:20Z,2026-09-27T20:05:00Z,Sun 4:05 PM ET,Tampa Bay Buccaneers,Minnesota Vikings
f1724dead3eab61546033032fc782375,Minnesota Vikings @ Tampa Bay Buccaneers,Kyler Murray,betonlineag,BetOnline.ag,pass_tds,Passing touchdowns,under,1.5,-179,0.0094,0.75,0.0,0.6415770609,0.6022468066,0.6017069701,1.5,7,1084.229390681,16.8994413408,Calibration fitted; not prospectively validated,2026-09-26T13:05:20Z,2026-09-27T20:05:00Z,Sun 4:05 PM ET,Tampa Bay Buccaneers,Minnesota Vikings
f1724dead3eab61546033032fc782375,Minnesota Vikings @ Tampa Bay Buccaneers,Kyler Murray,betmgm,BetMGM,pass_attempts,Passing attempts,under,30.5,-125,26.7491250507,0.6363636364,0.0,0.5555555556,0.5203045685,0.5071963591,30.5,4,808.0808080808,14.5454545455,Calibration fitted; not prospectively validated,2026-09-26T13:05:09Z,2026-09-27T20:05:00Z,Sun 4:05 PM ET,Tampa Bay Buccaneers,Minnesota Vikings
f1724dead3eab61546033032fc782375,Minnesota Vikings @ Tampa Bay Buccaneers,Baker Mayfield,betmgm,BetMGM,pass_tds,Passing touchdowns,over,1.5,140,0.53,0.4615384615,0.0,0.4166666667,0.3887399464,0.3914634001,1.5,6,448.7179487179,10.7692307692,Calibration fitted; not prospectively validated,2026-09-26T13:05:09Z,2026-09-27T20:05:00Z,Sun 4:05 PM ET,Tampa Bay Buccaneers,Minnesota Vikings
f1724dead3eab61546033032fc782375,Minnesota Vikings @ Tampa Bay Buccaneers,Kyler Murray,betmgm,BetMGM,pass_tds,Passing touchdowns,under,1.5,-155,0.0094,0.75,0.0,0.6078431373,0.5665108372,0.6017069701,1.5,7,1421.568627451,23.3870967742,Calibration fitted; not prospectively validated,2026-09-26T13:05:09Z,2026-09-27T20:05:00Z,Sun 4:05 PM ET,Tampa Bay Buccaneers,Minnesota Vikings
f1724dead3eab61546033032fc782375,Minnesota Vikings @ Tampa Bay Buccaneers,Kyler Murray,bovada,Bovada,pass_attempts,Passing attempts,under,30.5,-115,26.7491250507,0.6363636364,0.0,0.5348837209,0.5,0.5071963591,30.5,4,1014.799154334,18.9723320158,Calibration fitted; not prospectively validated,2026-09-26T13:05:20Z,2026-09-27T20:05:00Z,Sun 4:05 PM ET,Tampa Bay Buccaneers,Minnesota Vikings
f1724dead3eab61546033032fc782375,Minnesota Vikings @ Tampa Bay Buccaneers,Baker Mayfield,bovada,Bovada,pass_tds,Passing touchdowns,over,1.5,130,0.53,0.4615384615,0.0,0.4347826087,0.4084720121,0.3914634001,1.5,6,267.5585284281,6.1538461538,Calibration fitted; not prospectively validated,2026-09-26T13:05:20Z,2026-09-27T20:05:00Z,Sun 4:05 PM ET,Tampa Bay Buccaneers,Minnesota Vikings
f1724dead3eab61546033032fc782375,Minnesota Vikings @ Tampa Bay Buccaneers,Kyler Murray,bovada,Bovada,pass_tds,Passing touchdowns,under,1.5,-180,0.0094,0.75,0.0,0.6428571429,0.6017069701,0.6017069701,1.5,7,1071.4285714286,16.6666666667,Calibration fitted; not prospectively validated,2026-09-26T13:05:20Z,2026-09-27T20:05:00Z,Sun 4:05 PM ET,Tampa Bay Buccaneers,Minnesota Vikings
f1724dead3eab61546033032fc782375,Minnesota Vikings @ Tampa Bay Buccaneers,Kyler Murray,fanatics,Fanatics,pass_tds,Passing touchdowns,under,1.5,-180,0.0094,0.75,0.0,0.6428571429,0.6017069701,0.6017069701,1.5,7,1071.4285714286,16.6666666667,Calibration fitted; not prospectively validated,2026-09-26T13:04:37Z,2026-09-27T20:05:00Z,Sun 4:05 PM ET,Tampa Bay Buccaneers,Minnesota Vikings
f1724dead3eab61546033032fc782375,Minnesota Vikings @ Tampa Bay Buccaneers,Justin Jefferson,draftkings,DraftKings,receptions,Receptions,under,5.5,113,4.5111712295,0.5475728155,0.0,0.4694835681,0.4430563626,0.4458598726,5.5,5,780.8924745886,16.6330097087,Calibration fitted; not prospectively validated,2026-09-26T13:05:14Z,2026-09-27T20:05:00Z,Sun 4:05 PM ET,Tampa Bay Buccaneers,Minnesota Vikings
f1724dead3eab61546033032fc782375,Minnesota Vikings @ Tampa Bay Buccaneers,Emeka Egbuka,draftkings,DraftKings,receptions,Receptions,over,4.5,128,3.6799924533,0.4524271845,0.0,0.4385964912,0.4138449962,0.4111585042,4.5,4,138.3069323795,3.1533980583,Calibration fitted; not prospectively validated,2026-09-26T13:05:14Z,2026-09-27T20:05:00Z,Sun 4:05 PM ET,Tampa Bay Buccaneers,Minnesota Vikings
f1724dead3eab61546033032fc782375,Minnesota Vikings @ Tampa Bay Buccaneers,T.J. Hockenson,draftkings,DraftKings,receptions,Receptions,over,3.5,-109,3.7986158487,0.5420560748,0.0,0.5215311005,0.4916850289,0.4969655284,3.5,6,205.2497428789,3.9355225928,Calibration fitted; not prospectively validated,2026-09-26T13:05:14Z,2026-09-27T20:05:00Z,Sun 4:05 PM ET,Tampa Bay Buccaneers,Minnesota Vikings
f1724dead3eab61546033032fc782375,Minnesota Vikings @ Tampa Bay Buccaneers,Chris Godwin,draftkings,DraftKings,receptions,Receptions,over,3.5,121,5.5309587431,0.5475728155,0.0,0.4524886878,0.426742532,0.426742532,3.5,5,950.8412775118,21.013592233,Calibration fitted; not prospectively validated,2026-09-26T13:05:14Z,2026-09-27T20:05:00Z,Sun 4:05 PM ET,Tampa Bay Buccaneers,Minnesota Vikings
f1724dead3eab61546033032fc782375,Minnesota Vikings @ Tampa Bay Buccaneers,Jordan Addison,draftkings,DraftKings,receptions,Receptions,over,3.5,128,2.4414124674,0.4524271845,0.0,0.4385964912,0.4144081684,0.416502947,3.5,3,138.3069323795,3.1533980583,Calibration fitted; not prospectively validated,2026-09-26T13:05:14Z,2026-09-27T20:05:00Z,Sun 4:05 PM ET,Tampa Bay Buccaneers,Minnesota Vikings
f1724dead3eab61546033032fc782375,Minnesota Vikings @ Tampa Bay Buccaneers,Cade Otton,draftkings,DraftKings,receptions,Receptions,under,2.5,137,3.9178971384,0.4524271845,0.0,0.4219409283,0.3986951794,0.3984941046,3.5,2,304.8625619598,7.2252427184,Calibration fitted; not prospectively validated,2026-09-26T13:05:14Z,2026-09-27T20:05:00Z,Sun 4:05 PM ET,Tampa Bay Buccaneers,Minnesota Vikings
f1724dead3eab61546033032fc782375,Minnesota Vikings @ Tampa Bay Buccaneers,Ted Hurst,draftkings,DraftKings,receptions,Receptions,over,2.5,124,2.5170557715,0.5,0.0,0.4464285714,0.4216237417,0.4240265231,2.5,4,535.7142857143,12.0,Calibration fitted; not prospectively validated,2026-09-26T13:05:14Z,2026-09-27T20:05:00Z,Sun 4:05 PM ET,Tampa Bay Buccaneers,Minnesota Vikings
f1724dead3eab61546033032fc782375,Minnesota Vikings @ Tampa Bay Buccaneers,Kenny Gainwell,draftkings,DraftKings,receptions,Receptions,under,1.5,145,2.4412318571,0.4524271845,0.0,0.4081632653,0.3856006472,0.4121896999,1.5,5,442.639191599,10.8446601942,Calibration fitted; not prospectively validated,2026-09-26T13:05:14Z,2026-09-27T20:05:00Z,Sun 4:05 PM ET,Tampa Bay Buccaneers,Minnesota Vikings
f1724dead3eab61546033032fc782375,Minnesota Vikings @ Tampa Bay Buccaneers,Aaron Jones,draftkings,DraftKings,receptions,Receptions,under,1.5,140,1.1606765671,0.5475728155,0.0,0.4166666667,0.3937341236,0.3972313605,1.5,4,1309.0614886731,31.4174757282,Calibration fitted; not prospectively validated,2026-09-26T13:05:14Z,2026-09-27T20:05:00Z,Sun 4:05 PM ET,Tampa Bay Buccaneers,Minnesota Vikings
f1724dead3eab61546033032fc782375,Minnesota Vikings @ Tampa Bay Buccaneers,Jauan Jennings,draftkings,DraftKings,receptions,Receptions,over,1.5,101,1.9925254511,0.5475728155,0.0,0.4975124378,0.4698318497,0.4698318497,1.5,5,500.6037772304,10.0621359223,Calibration fitted; not prospectively validated,2026-09-26T13:05:14Z,2026-09-27T20:05:00Z,Sun 4:05 PM ET,Tampa Bay Buccaneers,Minnesota Vikings
f1724dead3eab61546033032fc782375,Minnesota Vikings @ Tampa Bay Buccaneers,Josh Oliver,draftkings,DraftKings,receptions,Receptions,over,1.5,116,1.8928788964,0.5475728155,0.0,0.462962963,0.4368658399,0.4366812227,1.5,5,846.0985257102,18.2757281553,Calibration fitted; not prospectively validated,2026-09-26T13:05:14Z,2026-09-27T20:05:00Z,Sun 4:05 PM ET,Tampa Bay Buccaneers,Minnesota Vikings
f1724dead3eab61546033032fc782375,Minnesota Vikings @ Tampa Bay Buccaneers,Jalen McMillan,draftkings,DraftKings,receptions,Receptions,over,1.5,117,2.8575977015,0.5475728155,0.0,0.4608294931,0.4344048653,0.432558873,1.5,4,867.4332244642,18.8233009709,Calibration fitted; not prospectively validated,2026-09-26T13:05:14Z,2026-09-27T20:05:00Z,Sun 4:05 PM ET,Tampa Bay Buccaneers,Minnesota Vikings
f1724dead3eab61546033032fc782375,Minnesota Vikings @ Tampa Bay Buccaneers,Bucky Irving,draftkings,DraftKings,rush_attempts,Rushing attempts,under,14.5,-111,11.0542775906,0.55,0.0,0.5260663507,0.4958445876,0.4958445876,14.5,3,239.336492891,4.5495495495,Calibration fitted; not prospectively validated,2026-09-26T13:05:14Z,2026-09-27T20:05:00Z,Sun 4:05 PM ET,Tampa Bay Buccaneers,Minnesota Vikings
f1724dead3eab61546033032fc782375,Minnesota Vikings @ Tampa Bay Buccaneers,Ted Hurst,fanduel,FanDuel,receptions,Receptions,over,2.5,120,2.5170557715,0.5,0.0,0.4545454545,0.4248366013,0.4240265231,2.5,4,454.5454545455,10.0,Calibration fitted; not prospectively validated,2026-09-26T13:05:52Z,2026-09-27T20:05:00Z,Sun 4:05 PM ET,Tampa Bay Buccaneers,Minnesota Vikings
f1724dead3eab61546033032fc782375,Minnesota Vikings @ Tampa Bay Buccaneers,Jordan Addison,fanduel,FanDuel,receptions,Receptions,under,2.5,154,2.4414124674,0.5408805031,0.0,0.3937007874,0.3675598767,0.3792531894,3.5,2,1471.7971574308,37.3836477987,Calibration fitted; not prospectively validated,2026-09-26T13:05:52Z,2026-09-27T20:05:00Z,Sun 4:05 PM ET,Tampa Bay Buccaneers,Minnesota Vikings
f1724dead3eab61546033032fc782375,Minnesota Vikings @ Tampa Bay Buccaneers,T.J. Hockenson,fanduel,FanDuel,receptions,Receptions,over,3.5,-112,3.7986158487,0.5420560748,0.0,0.5283018868,0.4939310568,0.4969655284,3.5,6,137.541879739,2.6034712951,Calibration fitted; not prospectively validated,2026-09-26T13:05:52Z,2026-09-27T20:05:00Z,Sun 4:05 PM ET,Tampa Bay Buccaneers,Minnesota Vikings
f1724dead3eab61546033032fc782375,Minnesota Vikings @ Tampa Bay Buccaneers,Josh Oliver,fanduel,FanDuel,receptions,Receptions,over,1.5,114,1.8928788964,0.5475728155,0.0,0.4672897196,0.4391556878,0.4366812227,1.5,5,802.8309590781,17.1805825243,Calibration fitted; not prospectively validated,2026-09-26T13:05:52Z,2026-09-27T20:05:00Z,Sun 4:05 PM ET,Tampa Bay Buccaneers,Minnesota Vikings
f1724dead3eab61546033032fc782375,Minnesota Vikings @ Tampa Bay Buccaneers,Justin Jefferson,fanduel,FanDuel,receptions,Receptions,under,5.5,104,4.5111712295,0.5475728155,0.0,0.4901960784,0.4581151832,0.4458598726,5.5,5,573.7673710261,11.7048543689,Calibration fitted; not prospectively validated,2026-09-26T13:05:52Z,2026-09-27T20:05:00Z,Sun 4:05 PM ET,Tampa Bay Buccaneers,Minnesota Vikings
f1724dead3eab61546033032fc782375,Minnesota Vikings @ Tampa Bay Buccaneers,Jauan Jennings,fanduel,FanDuel,receptions,Receptions,over,1.5,-102,1.9925254511,0.5475728155,0.0,0.504950495,0.471842317,0.4698318497,1.5,5,426.2232048448,8.4408909195,Calibration fitted; not prospectively validated,2026-09-26T13:05:52Z,2026-09-27T20:05:00Z,Sun 4:05 PM ET,Tampa Bay Buccaneers,Minnesota Vikings
f1724dead3eab61546033032fc782375,Minnesota Vikings @ Tampa Bay Buccaneers,Aaron Jones,fanduel,FanDuel,receptions,Receptions,under,1.5,124,1.1606765671,0.5475728155,0.0,0.4464285714,0.4170324846,0.3972313605,1.5,4,1011.4424410541,22.6563106796,Calibration fitted; not prospectively validated,2026-09-26T13:05:52Z,2026-09-27T20:05:00Z,Sun 4:05 PM ET,Tampa Bay Buccaneers,Minnesota Vikings
f1724dead3eab61546033032fc782375,Minnesota Vikings @ Tampa Bay Buccaneers,Chris Godwin,fanduel,FanDuel,receptions,Receptions,over,3.5,120,5.5309587431,0.5475728155,0.0,0.4545454545,0.4248366013,0.426742532,3.5,5,930.2736098853,20.4660194175,Calibration fitted; not prospectively validated,2026-09-26T13:05:52Z,2026-09-27T20:05:00Z,Sun 4:05 PM ET,Tampa Bay Buccaneers,Minnesota Vikings
f1724dead3eab61546033032fc782375,Minnesota Vikings @ Tampa Bay Buccaneers,Jalen McMillan,fanduel,FanDuel,receptions,Receptions,over,1.5,120,2.8575977015,0.5475728155,0.0,0.4545454545,0.4248366013,0.432558873,1.5,4,930.2736098853,20.4660194175,Calibration fitted; not prospectively validated,2026-09-26T13:05:52Z,2026-09-27T20:05:00Z,Sun 4:05 PM ET,Tampa Bay Buccaneers,Minnesota Vikings
f1724dead3eab61546033032fc782375,Minnesota Vikings @ Tampa Bay Buccaneers,Cade Otton,fanduel,FanDuel,receptions,Receptions,over,3.5,134,3.9178971384,0.5420560748,0.0,0.4273504274,0.3993154592,0.3993154592,3.5,3,1147.0564741593,26.8411214953,Calibration fitted; not prospectively validated,2026-09-26T13:05:52Z,2026-09-27T20:05:00Z,Sun 4:05 PM ET,Tampa Bay Buccaneers,Minnesota Vikings
f1724dead3eab61546033032fc782375,Minnesota Vikings @ Tampa Bay Buccaneers,T.J. Hockenson,betrivers,BetRivers,receptions,Receptions,over,3.5,-107,3.7986158487,0.5420560748,0.0,0.5169082126,,0.4969655284,3.5,6,251.4786220597,4.8650537165,Calibration fitted; not prospectively validated,2026-09-26T13:05:47Z,2026-09-27T20:05:00Z,Sun 4:05 PM ET,Tampa Bay Buccaneers,Minnesota Vikings
f1724dead3eab61546033032fc782375,Minnesota Vikings @ Tampa Bay Buccaneers,Chris Godwin,betrivers,BetRivers,receptions,Receptions,over,3.5,120,5.5309587431,0.5475728155,0.0,0.4545454545,,0.426742532,3.5,5,930.2736098853,20.4660194175,Calibration fitted; not prospectively validated,2026-09-26T13:05:47Z,2026-09-27T20:05:00Z,Sun 4:05 PM ET,Tampa Bay Buccaneers,Minnesota Vikings
f1724dead3eab61546033032fc782375,Minnesota Vikings @ Tampa Bay Buccaneers,Cade Otton,betrivers,BetRivers,receptions,Receptions,over,3.5,133,3.9178971384,0.5420560748,0.0,0.4291845494,,0.3993154592,3.5,3,1128.7152541013,26.2990654206,Calibration fitted; not prospectively validated,2026-09-26T13:05:47Z,2026-09-27T20:05:00Z,Sun 4:05 PM ET,Tampa Bay Buccaneers,Minnesota Vikings
f1724dead3eab61546033032fc782375,Minnesota Vikings @ Tampa Bay Buccaneers,Jordan Addison,betrivers,BetRivers,receptions,Receptions,over,3.5,133,2.4414124674,0.4524271845,0.0,0.4291845494,,0.416502947,3.5,3,232.426351098,5.4155339806,Calibration fitted; not prospectively validated,2026-09-26T13:05:47Z,2026-09-27T20:05:00Z,Sun 4:05 PM ET,Tampa Bay Buccaneers,Minnesota Vikings
f1724dead3eab61546033032fc782375,Minnesota Vikings @ Tampa Bay Buccaneers,Emeka Egbuka,betrivers,BetRivers,receptions,Receptions,over,4.5,123,3.6799924533,0.4524271845,0.0,0.4484304933,,0.4111585042,4.5,4,39.9669119248,0.8912621359,Calibration fitted; not prospectively validated,2026-09-26T13:05:47Z,2026-09-27T20:05:00Z,Sun 4:05 PM ET,Tampa Bay Buccaneers,Minnesota Vikings
f1724dead3eab61546033032fc782375,Minnesota Vikings @ Tampa Bay Buccaneers,Josh Oliver,betrivers,BetRivers,receptions,Receptions,over,1.5,102,1.8928788964,0.5475728155,0.0,0.495049505,,0.4366812227,1.5,5,525.2331058349,10.6097087379,Calibration fitted; not prospectively validated,2026-09-26T13:05:47Z,2026-09-27T20:05:00Z,Sun 4:05 PM ET,Tampa Bay Buccaneers,Minnesota Vikings
f1724dead3eab61546033032fc782375,Minnesota Vikings @ Tampa Bay Buccaneers,Ted Hurst,betrivers,BetRivers,receptions,Receptions,over,2.5,135,2.5170557715,0.5,0.0,0.4255319149,,0.4240265231,2.5,4,744.6808510638,17.5,Calibration fitted; not prospectively validated,2026-09-26T13:05:47Z,2026-09-27T20:05:00Z,Sun 4:05 PM ET,Tampa Bay Buccaneers,Minnesota Vikings
f1724dead3eab61546033032fc782375,Minnesota Vikings @ Tampa Bay Buccaneers,Jalen McMillan,betrivers,BetRivers,receptions,Receptions,over,1.5,105,2.8575977015,0.5475728155,0.0,0.487804878,,0.432558873,1.5,4,597.679374852,12.2524271845,Calibration fitted; not prospectively validated,2026-09-26T13:05:47Z,2026-09-27T20:05:00Z,Sun 4:05 PM ET,Tampa Bay Buccaneers,Minnesota Vikings
f1724dead3eab61546033032fc782375,Minnesota Vikings @ Tampa Bay Buccaneers,Jauan Jennings,betrivers,BetRivers,receptions,Receptions,over,1.5,-103,1.9925254511,0.5475728155,0.0,0.5073891626,,0.4698318497,1.5,5,401.836529724,7.9196908285,Calibration fitted; not prospectively validated,2026-09-26T13:05:47Z,2026-09-27T20:05:00Z,Sun 4:05 PM ET,Tampa Bay Buccaneers,Minnesota Vikings
f1724dead3eab61546033032fc782375,Minnesota Vikings @ Tampa Bay Buccaneers,Justin Jefferson,betonlineag,BetOnline.ag,receptions,Receptions,under,5.5,110,4.5111712295,0.5475728155,0.0,0.4761904762,0.4472667035,0.4458598726,5.5,5,713.823393435,14.9902912621,Calibration fitted; not prospectively validated,2026-09-26T13:05:20Z,2026-09-27T20:05:00Z,Sun 4:05 PM ET,Tampa Bay Buccaneers,Minnesota Vikings
f1724dead3eab61546033032fc782375,Minnesota Vikings @ Tampa Bay Buccaneers,Jordan Addison,betonlineag,BetOnline.ag,receptions,Receptions,under,2.5,140,2.4414124674,0.5408805031,0.0,0.4166666667,0.3909465021,0.3792531894,3.5,2,1242.1383647799,29.8113207547,Calibration fitted; not prospectively validated,2026-09-26T13:05:20Z,2026-09-27T20:05:00Z,Sun 4:05 PM ET,Tampa Bay Buccaneers,Minnesota Vikings
f1724dead3eab61546033032fc782375,Minnesota Vikings @ Tampa Bay Buccaneers,T.J. Hockenson,betonlineag,BetOnline.ag,receptions,Receptions,over,3.5,-114,3.7986158487,0.5420560748,0.0,0.5327102804,0.5,0.4969655284,3.5,6,93.4579439252,1.7543859649,Calibration fitted; not prospectively validated,2026-09-26T13:05:20Z,2026-09-27T20:05:00Z,Sun 4:05 PM ET,Tampa Bay Buccaneers,Minnesota Vikings
f1724dead3eab61546033032fc782375,Minnesota Vikings @ Tampa Bay Buccaneers,Cade Otton,betonlineag,BetOnline.ag,receptions,Receptions,over,3.5,132,3.9178971384,0.5420560748,0.0,0.4310344828,0.4053409633,0.3993154592,3.5,3,1110.2159200773,25.7570093458,Calibration fitted; not prospectively validated,2026-09-26T13:05:20Z,2026-09-27T20:05:00Z,Sun 4:05 PM ET,Tampa Bay Buccaneers,Minnesota Vikings
f1724dead3eab61546033032fc782375,Minnesota Vikings @ Tampa Bay Buccaneers,Chris Godwin,betonlineag,BetOnline.ag,receptions,Receptions,over,3.5,112,5.5309587431,0.5475728155,0.0,0.4716981132,0.443519189,0.426742532,3.5,5,758.7470232643,16.0854368932,Calibration fitted; not prospectively validated,2026-09-26T13:05:20Z,2026-09-27T20:05:00Z,Sun 4:05 PM ET,Tampa Bay Buccaneers,Minnesota Vikings
f1724dead3eab61546033032fc782375,Minnesota Vikings @ Tampa Bay Buccaneers,Emeka Egbuka,betonlineag,BetOnline.ag,receptions,Receptions,under,3.5,120,3.6799924533,0.4591194969,0.0,0.4545454545,0.4272363151,0.4272363151,4.5,1,45.7404230989,1.0062893082,Calibration fitted; not prospectively validated,2026-09-26T13:05:20Z,2026-09-27T20:05:00Z,Sun 4:05 PM ET,Tampa Bay Buccaneers,Minnesota Vikings
f1724dead3eab61546033032fc782375,Minnesota Vikings @ Tampa Bay Buccaneers,Josh Oliver,betonlineag,BetOnline.ag,receptions,Receptions,over,1.5,120,1.8928788964,0.5475728155,0.0,0.4545454545,0.4272363151,0.4366812227,1.5,5,930.2736098853,20.4660194175,Calibration fitted; not prospectively validated,2026-09-26T13:05:20Z,2026-09-27T20:05:00Z,Sun 4:05 PM ET,Tampa Bay Buccaneers,Minnesota Vikings
f1724dead3eab61546033032fc782375,Minnesota Vikings @ Tampa Bay Buccaneers,Jauan Jennings,betonlineag,BetOnline.ag,receptions,Receptions,over,1.5,100,1.9925254511,0.5475728155,0.0,0.5,0.4693877551,0.4698318497,1.5,5,475.7281553398,9.5145631068,Calibration fitted; not prospectively validated,2026-09-26T13:05:20Z,2026-09-27T20:05:00Z,Sun 4:05 PM ET,Tampa Bay Buccaneers,Minnesota Vikings
f1724dead3eab61546033032fc782375,Minnesota Vikings @ Tampa Bay Buccaneers,Ted Hurst,betonlineag,BetOnline.ag,receptions,Receptions,over,2.5,122,2.5170557715,0.5,0.0,0.4504504505,0.423216445,0.4240265231,2.5,4,495.4954954955,11.0,Calibration fitted; not prospectively validated,2026-09-26T13:05:20Z,2026-09-27T20:05:00Z,Sun 4:05 PM ET,Tampa Bay Buccaneers,Minnesota Vikings
f1724dead3eab61546033032fc782375,Minnesota Vikings @ Tampa Bay Buccaneers,Kenny Gainwell,betonlineag,BetOnline.ag,receptions,Receptions,under,1.5,128,2.4412318571,0.4524271845,0.0,0.4385964912,0.4121896999,0.4121896999,1.5,5,138.3069323795,3.1533980583,Calibration fitted; not prospectively validated,2026-09-26T13:05:20Z,2026-09-27T20:05:00Z,Sun 4:05 PM ET,Tampa Bay Buccaneers,Minnesota Vikings
f1724dead3eab61546033032fc782375,Minnesota Vikings @ Tampa Bay Buccaneers,Jalen McMillan,betonlineag,BetOnline.ag,receptions,Receptions,over,1.5,118,2.8575977015,0.5475728155,0.0,0.4587155963,0.4307128807,0.432558873,1.5,4,888.5721920371,19.3708737864,Calibration fitted; not prospectively validated,2026-09-26T13:05:20Z,2026-09-27T20:05:00Z,Sun 4:05 PM ET,Tampa Bay Buccaneers,Minnesota Vikings
f1724dead3eab61546033032fc782375,Minnesota Vikings @ Tampa Bay Buccaneers,Aaron Jones,betonlineag,BetOnline.ag,receptions,Receptions,under,1.5,135,1.1606765671,0.5475728155,0.0,0.4255319149,0.4007285974,0.3972313605,1.5,4,1220.4090064036,28.6796116505,Calibration fitted; not prospectively validated,2026-09-26T13:05:20Z,2026-09-27T20:05:00Z,Sun 4:05 PM ET,Tampa Bay Buccaneers,Minnesota Vikings
f1724dead3eab61546033032fc782375,Minnesota Vikings @ Tampa Bay Buccaneers,Bucky Irving,betonlineag,BetOnline.ag,rush_attempts,Rushing attempts,under,13.5,115,11.0542775906,0.506993007,0.0,0.4651162791,0.4373408273,0.4373408273,14.5,1,418.7672792324,9.0034965035,Calibration fitted; not prospectively validated,2026-09-26T13:05:20Z,2026-09-27T20:05:00Z,Sun 4:05 PM ET,Tampa Bay Buccaneers,Minnesota Vikings
f1724dead3eab61546033032fc782375,Minnesota Vikings @ Tampa Bay Buccaneers,Cade Otton,betmgm,BetMGM,receptions,Receptions,over,3.5,135,3.9178971384,0.5420560748,0.0,0.4255319149,0.3959708232,0.3993154592,3.5,3,1165.2415987274,27.3831775701,Calibration fitted; not prospectively validated,2026-09-26T13:05:09Z,2026-09-27T20:05:00Z,Sun 4:05 PM ET,Tampa Bay Buccaneers,Minnesota Vikings
f1724dead3eab61546033032fc782375,Minnesota Vikings @ Tampa Bay Buccaneers,Jauan Jennings,betmgm,BetMGM,receptions,Receptions,over,1.5,-105,1.9925254511,0.5475728155,0.0,0.512195122,0.4796954315,0.4698318497,1.5,5,353.7769358276,6.907073509,Calibration fitted; not prospectively validated,2026-09-26T13:05:09Z,2026-09-27T20:05:00Z,Sun 4:05 PM ET,Tampa Bay Buccaneers,Minnesota Vikings
f1724dead3eab61546033032fc782375,Minnesota Vikings @ Tampa Bay Buccaneers,Justin Jefferson,betmgm,BetMGM,receptions,Receptions,under,5.5,115,4.5111712295,0.5475728155,0.0,0.4651162791,0.4334891628,0.4458598726,5.5,5,824.5653646421,17.7281553398,Calibration fitted; not prospectively validated,2026-09-26T13:05:09Z,2026-09-27T20:05:00Z,Sun 4:05 PM ET,Tampa Bay Buccaneers,Minnesota Vikings
f1724dead3eab61546033032fc782375,Minnesota Vikings @ Tampa Bay Buccaneers,Kenny Gainwell,betmgm,BetMGM,receptions,Receptions,under,1.5,125,2.4412318571,0.4524271845,0.0,0.4444444444,0.416502947,0.4121896999,1.5,5,79.8274002158,1.7961165049,Calibration fitted; not prospectively validated,2026-09-26T13:05:09Z,2026-09-27T20:05:00Z,Sun 4:05 PM ET,Tampa Bay Buccaneers,Minnesota Vikings
f1724dead3eab61546033032fc782375,Minnesota Vikings @ Tampa Bay Buccaneers,Emeka Egbuka,betmgm,BetMGM,receptions,Receptions,over,4.5,130,3.6799924533,0.4524271845,0.0,0.4347826087,0.405904059,0.4111585042,4.5,4,176.4457577037,4.0582524272,Calibration fitted; not prospectively validated,2026-09-26T13:05:09Z,2026-09-27T20:05:00Z,Sun 4:05 PM ET,Tampa Bay Buccaneers,Minnesota Vikings
f1724dead3eab61546033032fc782375,Minnesota Vikings @ Tampa Bay Buccaneers,Chris Godwin,betmgm,BetMGM,receptions,Receptions,over,3.5,100,5.5309587431,0.5475728155,0.0,0.5,0.4653465347,0.426742532,3.5,5,475.7281553398,9.5145631068,Calibration fitted; not prospectively validated,2026-09-26T13:05:09Z,2026-09-27T20:05:00Z,Sun 4:05 PM ET,Tampa Bay Buccaneers,Minnesota Vikings
f1724dead3eab61546033032fc782375,Minnesota Vikings @ Tampa Bay Buccaneers,Aaron Jones,betmgm,BetMGM,receptions,Receptions,over,2.5,150,1.1606765671,0.4210526316,0.0,0.4,0.375,0.375,1.5,1,210.5263157895,5.2631578947,Calibration fitted; not prospectively validated,2026-09-26T13:05:09Z,2026-09-27T20:05:00Z,Sun 4:05 PM ET,Tampa Bay Buccaneers,Minnesota Vikings
f1724dead3eab61546033032fc782375,Minnesota Vikings @ Tampa Bay Buccaneers,Josh Oliver,betmgm,BetMGM,receptions,Receptions,over,1.5,130,1.8928788964,0.5475728155,0.0,0.4347826087,0.405904059,0.4366812227,1.5,5,1127.9020683833,25.9417475728,Calibration fitted; not prospectively validated,2026-09-26T13:05:09Z,2026-09-27T20:05:00Z,Sun 4:05 PM ET,Tampa Bay Buccaneers,Minnesota Vikings
f1724dead3eab61546033032fc782375,Minnesota Vikings @ Tampa Bay Buccaneers,Bucky Irving,betmgm,BetMGM,rush_attempts,Rushing attempts,under,14.5,-115,11.0542775906,0.55,0.0,0.5348837209,0.5,0.4958445876,14.5,3,151.1627906977,2.8260869565,Calibration fitted; not prospectively validated,2026-09-26T13:05:09Z,2026-09-27T20:05:00Z,Sun 4:05 PM ET,Tampa Bay Buccaneers,Minnesota Vikings
f1724dead3eab61546033032fc782375,Minnesota Vikings @ Tampa Bay Buccaneers,Aaron Jones,bovada,Bovada,receptions,Receptions,under,1.5,140,1.1606765671,0.5475728155,0.0,0.4166666667,0.3909465021,0.3972313605,1.5,4,1309.0614886731,31.4174757282,Calibration fitted; not prospectively validated,2026-09-26T13:05:20Z,2026-09-27T20:05:00Z,Sun 4:05 PM ET,Tampa Bay Buccaneers,Minnesota Vikings
f1724dead3eab61546033032fc782375,Minnesota Vikings @ Tampa Bay Buccaneers,Cade Otton,bovada,Bovada,receptions,Receptions,under,2.5,135,3.9178971384,0.4524271845,0.0,0.4255319149,0.3982930299,0.3984941046,3.5,2,268.952695724,6.3203883495,Calibration fitted; not prospectively validated,2026-09-26T13:05:20Z,2026-09-27T20:05:00Z,Sun 4:05 PM ET,Tampa Bay Buccaneers,Minnesota Vikings
f1724dead3eab61546033032fc782375,Minnesota Vikings @ Tampa Bay Buccaneers,Chris Godwin,bovada,Bovada,receptions,Receptions,over,3.5,120,5.5309587431,0.5475728155,0.0,0.4545454545,0.4248366013,0.426742532,3.5,5,930.2736098853,20.4660194175,Calibration fitted; not prospectively validated,2026-09-26T13:05:20Z,2026-09-27T20:05:00Z,Sun 4:05 PM ET,Tampa Bay Buccaneers,Minnesota Vikings
f1724dead3eab61546033032fc782375,Minnesota Vikings @ Tampa Bay Buccaneers,Emeka Egbuka,bovada,Bovada,receptions,Receptions,over,4.5,130,3.6799924533,0.4524271845,0.0,0.4347826087,0.4084720121,0.4111585042,4.5,4,176.4457577037,4.0582524272,Calibration fitted; not prospectively validated,2026-09-26T13:05:20Z,2026-09-27T20:05:00Z,Sun 4:05 PM ET,Tampa Bay Buccaneers,Minnesota Vikings
f1724dead3eab61546033032fc782375,Minnesota Vikings @ Tampa Bay Buccaneers,Jalen McMillan,bovada,Bovada,receptions,Receptions,over,1.5,115,2.8575977015,0.5475728155,0.0,0.4651162791,0.4366812227,0.432558873,1.5,4,824.5653646421,17.7281553398,Calibration fitted; not prospectively validated,2026-09-26T13:05:20Z,2026-09-27T20:05:00Z,Sun 4:05 PM ET,Tampa Bay Buccaneers,Minnesota Vikings
f1724dead3eab61546033032fc782375,Minnesota Vikings @ Tampa Bay Buccaneers,Jauan Jennings,bovada,Bovada,receptions,Receptions,over,1.5,100,1.9925254511,0.5475728155,0.0,0.5,0.4693877551,0.4698318497,1.5,5,475.7281553398,9.5145631068,Calibration fitted; not prospectively validated,2026-09-26T13:05:20Z,2026-09-27T20:05:00Z,Sun 4:05 PM ET,Tampa Bay Buccaneers,Minnesota Vikings
f1724dead3eab61546033032fc782375,Minnesota Vikings @ Tampa Bay Buccaneers,Jordan Addison,bovada,Bovada,receptions,Receptions,over,3.5,125,2.4414124674,0.4524271845,0.0,0.4444444444,0.416502947,0.416502947,3.5,3,79.8274002158,1.7961165049,Calibration fitted; not prospectively validated,2026-09-26T13:05:20Z,2026-09-27T20:05:00Z,Sun 4:05 PM ET,Tampa Bay Buccaneers,Minnesota Vikings
f1724dead3eab61546033032fc782375,Minnesota Vikings @ Tampa Bay Buccaneers,Josh Oliver,bovada,Bovada,receptions,Receptions,over,1.5,115,1.8928788964,0.5475728155,0.0,0.4651162791,0.4366812227,0.4366812227,1.5,5,824.5653646421,17.7281553398,Calibration fitted; not prospectively validated,2026-09-26T13:05:20Z,2026-09-27T20:05:00Z,Sun 4:05 PM ET,Tampa Bay Buccaneers,Minnesota Vikings
f1724dead3eab61546033032fc782375,Minnesota Vikings @ Tampa Bay Buccaneers,Justin Jefferson,bovada,Bovada,receptions,Receptions,under,5.5,110,4.5111712295,0.5475728155,0.0,0.4761904762,0.4458598726,0.4458598726,5.5,5,713.823393435,14.9902912621,Calibration fitted; not prospectively validated,2026-09-26T13:05:20Z,2026-09-27T20:05:00Z,Sun 4:05 PM ET,Tampa Bay Buccaneers,Minnesota Vikings
f1724dead3eab61546033032fc782375,Minnesota Vikings @ Tampa Bay Buccaneers,Kenny Gainwell,bovada,Bovada,receptions,Receptions,under,1.5,145,2.4412318571,0.4524271845,0.0,0.4081632653,0.3838517538,0.4121896999,1.5,5,442.639191599,10.8446601942,Calibration fitted; not prospectively validated,2026-09-26T13:05:20Z,2026-09-27T20:05:00Z,Sun 4:05 PM ET,Tampa Bay Buccaneers,Minnesota Vikings
f1724dead3eab61546033032fc782375,Minnesota Vikings @ Tampa Bay Buccaneers,T.J. Hockenson,bovada,Bovada,receptions,Receptions,over,3.5,-110,3.7986158487,0.5420560748,0.0,0.5238095238,0.4898785425,0.4969655284,3.5,6,182.4655095683,3.4834324554,Calibration fitted; not prospectively validated,2026-09-26T13:05:20Z,2026-09-27T20:05:00Z,Sun 4:05 PM ET,Tampa Bay Buccaneers,Minnesota Vikings
f1724dead3eab61546033032fc782375,Minnesota Vikings @ Tampa Bay Buccaneers,Ted Hurst,bovada,Bovada,receptions,Receptions,over,2.5,120,2.5170557715,0.5,0.0,0.4545454545,0.4248366013,0.4240265231,2.5,4,454.5454545455,10.0,Calibration fitted; not prospectively validated,2026-09-26T13:05:20Z,2026-09-27T20:05:00Z,Sun 4:05 PM ET,Tampa Bay Buccaneers,Minnesota Vikings
f1724dead3eab61546033032fc782375,Minnesota Vikings @ Tampa Bay Buccaneers,T.J. Hockenson,fanatics,Fanatics,receptions,Receptions,over,3.5,-115,3.7986158487,0.5420560748,0.0,0.5348837209,0.5,0.4969655284,3.5,6,71.7235383612,1.3409183259,Calibration fitted; not prospectively validated,2026-09-26T13:04:37Z,2026-09-27T20:05:00Z,Sun 4:05 PM ET,Tampa Bay Buccaneers,Minnesota Vikings
f1724dead3eab61546033032fc782375,Minnesota Vikings @ Tampa Bay Buccaneers,Bucky Irving,fanatics,Fanatics,rush_attempts,Rushing attempts,under,14.5,-110,11.0542775906,0.55,0.0,0.5238095238,0.4898785425,0.4958445876,14.5,3,261.9047619048,5.0,Calibration fitted; not prospectively validated,2026-09-26T13:04:37Z,2026-09-27T20:05:00Z,Sun 4:05 PM ET,Tampa Bay Buccaneers,Minnesota Vikings
84cfca14efc21363fd605508404cf1ff,Baltimore Ravens @ Dallas Cowboys,Dak Prescott,draftkings,DraftKings,pass_attempts,Passing attempts,under,36.5,-111,32.2527328522,0.6363636364,0.0,0.5260663507,0.4958445876,0.4958445876,36.5,3,1102.9728565274,20.9664209664,Calibration fitted; not prospectively validated,2026-09-26T13:05:15Z,2026-09-27T20:25:00Z,Sun 4:25 PM ET,Dallas Cowboys,Baltimore Ravens
84cfca14efc21363fd605508404cf1ff,Baltimore Ravens @ Dallas Cowboys,Lamar Jackson,draftkings,DraftKings,pass_tds,Passing touchdowns,under,1.5,123,0.94,0.5333333333,0.0,0.4484304933,0.4227152079,0.4298080343,1.5,6,849.0284005979,18.9333333333,Calibration fitted; not prospectively validated,2026-09-26T13:05:15Z,2026-09-27T20:25:00Z,Sun 4:25 PM ET,Dallas Cowboys,Baltimore Ravens
84cfca14efc21363fd605508404cf1ff,Baltimore Ravens @ Dallas Cowboys,Dak Prescott,draftkings,DraftKings,pass_tds,Passing touchdowns,under,1.5,117,3.18,0.4666666667,0.0,0.4608294931,0.435063687,0.4366812227,1.5,7,58.3717357911,1.2666666667,Calibration fitted; not prospectively validated,2026-09-26T13:05:15Z,2026-09-27T20:25:00Z,Sun 4:25 PM ET,Dallas Cowboys,Baltimore Ravens
84cfca14efc21363fd605508404cf1ff,Baltimore Ravens @ Dallas Cowboys,Lamar Jackson,fanduel,FanDuel,pass_tds,Passing touchdowns,under,1.5,114,0.94,0.5333333333,0.0,0.4672897196,0.4365299335,0.4298080343,1.5,6,660.4361370717,14.1333333333,Calibration fitted; not prospectively validated,2026-09-26T13:05:35Z,2026-09-27T20:25:00Z,Sun 4:25 PM ET,Dallas Cowboys,Baltimore Ravens
84cfca14efc21363fd605508404cf1ff,Baltimore Ravens @ Dallas Cowboys,Dak Prescott,betmgm,BetMGM,pass_attempts,Passing attempts,under,36.5,-115,32.2527328522,0.6363636364,0.0,0.5348837209,0.5,0.4958445876,36.5,3,1014.799154334,18.9723320158,Calibration fitted; not prospectively validated,2026-09-26T13:04:55Z,2026-09-27T20:25:00Z,Sun 4:25 PM ET,Dallas Cowboys,Baltimore Ravens
84cfca14efc21363fd605508404cf1ff,Baltimore Ravens @ Dallas Cowboys,Lamar Jackson,betmgm,BetMGM,pass_tds,Passing touchdowns,under,1.5,115,0.94,0.5333333333,0.0,0.4651162791,0.4334891628,0.4298080343,1.5,6,682.1705426357,14.6666666667,Calibration fitted; not prospectively validated,2026-09-26T13:04:55Z,2026-09-27T20:25:00Z,Sun 4:25 PM ET,Dallas Cowboys,Baltimore Ravens
84cfca14efc21363fd605508404cf1ff,Baltimore Ravens @ Dallas Cowboys,Dak Prescott,betmgm,BetMGM,pass_tds,Passing touchdowns,under,1.5,120,3.18,0.4666666667,0.0,0.4545454545,0.4248366013,0.4366812227,1.5,7,121.2121212121,2.6666666667,Calibration fitted; not prospectively validated,2026-09-26T13:04:55Z,2026-09-27T20:25:00Z,Sun 4:25 PM ET,Dallas Cowboys,Baltimore Ravens
84cfca14efc21363fd605508404cf1ff,Baltimore Ravens @ Dallas Cowboys,Dak Prescott,bovada,Bovada,pass_attempts,Passing attempts,under,36.5,-110,32.2527328522,0.6363636364,0.0,0.5238095238,0.4898785425,0.4958445876,36.5,3,1125.5411255411,21.4876033058,Calibration fitted; not prospectively validated,2026-09-26T13:01:56Z,2026-09-27T20:25:00Z,Sun 4:25 PM ET,Dallas Cowboys,Baltimore Ravens
84cfca14efc21363fd605508404cf1ff,Baltimore Ravens @ Dallas Cowboys,Dak Prescott,bovada,Bovada,pass_tds,Passing touchdowns,under,1.5,115,3.18,0.4666666667,0.0,0.4651162791,0.4366812227,0.4366812227,1.5,7,15.503875969,0.3333333333,Calibration fitted; not prospectively validated,2026-09-26T13:01:56Z,2026-09-27T20:25:00Z,Sun 4:25 PM ET,Dallas Cowboys,Baltimore Ravens
84cfca14efc21363fd605508404cf1ff,Baltimore Ravens @ Dallas Cowboys,Lamar Jackson,bovada,Bovada,pass_tds,Passing touchdowns,under,1.5,120,0.94,0.5333333333,0.0,0.4545454545,0.4248366013,0.4298080343,1.5,6,787.8787878788,17.3333333333,Calibration fitted; not prospectively validated,2026-09-26T13:01:56Z,2026-09-27T20:25:00Z,Sun 4:25 PM ET,Dallas Cowboys,Baltimore Ravens
84cfca14efc21363fd605508404cf1ff,Baltimore Ravens @ Dallas Cowboys,Dak Prescott,bovada,Bovada,pass_yds,Passing yards,under,236.5,180,273.8017412938,0.5,0.0,0.3571428571,0.3346265761,0.3346265761,264.5,1,1428.5714285714,40.0,Calibration fitted; not prospectively validated,2026-09-26T13:01:56Z,2026-09-27T20:25:00Z,Sun 4:25 PM ET,Dallas Cowboys,Baltimore Ravens
84cfca14efc21363fd605508404cf1ff,Baltimore Ravens @ Dallas Cowboys,Dak Prescott,bovada,Bovada,pass_yds,Passing yards,under,246.5,145,273.8017412938,0.5,0.0,0.4081632653,0.3838517538,0.3838517538,264.5,1,918.3673469388,22.5,Calibration fitted; not prospectively validated,2026-09-26T13:01:56Z,2026-09-27T20:25:00Z,Sun 4:25 PM ET,Dallas Cowboys,Baltimore Ravens
84cfca14efc21363fd605508404cf1ff,Baltimore Ravens @ Dallas Cowboys,Dak Prescott,bovada,Bovada,pass_yds,Passing yards,under,256.5,110,273.8017412938,0.5,0.0,0.4761904762,0.4458598726,0.4458598726,264.5,1,238.0952380952,5.0,Calibration fitted; not prospectively validated,2026-09-26T13:01:56Z,2026-09-27T20:25:00Z,Sun 4:25 PM ET,Dallas Cowboys,Baltimore Ravens
84cfca14efc21363fd605508404cf1ff,Baltimore Ravens @ Dallas Cowboys,Dak Prescott,bovada,Bovada,pass_yds,Passing yards,over,276.5,110,273.8017412938,0.5,0.0,0.4761904762,0.4458598726,0.4458598726,264.5,1,238.0952380952,5.0,Calibration fitted; not prospectively validated,2026-09-26T13:01:56Z,2026-09-27T20:25:00Z,Sun 4:25 PM ET,Dallas Cowboys,Baltimore Ravens
84cfca14efc21363fd605508404cf1ff,Baltimore Ravens @ Dallas Cowboys,Dak Prescott,bovada,Bovada,pass_yds,Passing yards,over,286.5,140,273.8017412938,0.5,0.0,0.4166666667,0.3909465021,0.3909465021,264.5,1,833.3333333333,20.0,Calibration fitted; not prospectively validated,2026-09-26T13:01:56Z,2026-09-27T20:25:00Z,Sun 4:25 PM ET,Dallas Cowboys,Baltimore Ravens
84cfca14efc21363fd605508404cf1ff,Baltimore Ravens @ Dallas Cowboys,Dak Prescott,bovada,Bovada,pass_yds,Passing yards,over,296.5,170,273.8017412938,0.5,0.0,0.3703703704,0.3470031546,0.3470031546,264.5,1,1296.2962962963,35.0,Calibration fitted; not prospectively validated,2026-09-26T13:01:56Z,2026-09-27T20:25:00Z,Sun 4:25 PM ET,Dallas Cowboys,Baltimore Ravens
84cfca14efc21363fd605508404cf1ff,Baltimore Ravens @ Dallas Cowboys,Lamar Jackson,bovada,Bovada,pass_yds,Passing yards,under,209.5,185,203.4511369046,0.5,0.0,0.350877193,0.3294117647,0.3294117647,239.5,1,1491.2280701754,42.5,Calibration fitted; not prospectively validated,2026-09-26T13:01:56Z,2026-09-27T20:25:00Z,Sun 4:25 PM ET,Dallas Cowboys,Baltimore Ravens
84cfca14efc21363fd605508404cf1ff,Baltimore Ravens @ Dallas Cowboys,Lamar Jackson,bovada,Bovada,pass_yds,Passing yards,under,219.5,145,203.4511369046,0.5,0.0,0.4081632653,0.3838517538,0.3838517538,239.5,1,918.3673469388,22.5,Calibration fitted; not prospectively validated,2026-09-26T13:01:56Z,2026-09-27T20:25:00Z,Sun 4:25 PM ET,Dallas Cowboys,Baltimore Ravens
84cfca14efc21363fd605508404cf1ff,Baltimore Ravens @ Dallas Cowboys,Lamar Jackson,bovada,Bovada,pass_yds,Passing yards,under,229.5,110,203.4511369046,0.5,0.0,0.4761904762,0.4458598726,0.4458598726,239.5,1,238.0952380952,5.0,Calibration fitted; not prospectively validated,2026-09-26T13:01:56Z,2026-09-27T20:25:00Z,Sun 4:25 PM ET,Dallas Cowboys,Baltimore Ravens
84cfca14efc21363fd605508404cf1ff,Baltimore Ravens @ Dallas Cowboys,Lamar Jackson,bovada,Bovada,pass_yds,Passing yards,over,249.5,110,203.4511369046,0.5,0.0,0.4761904762,0.4458598726,0.4458598726,239.5,1,238.0952380952,5.0,Calibration fitted; not prospectively validated,2026-09-26T13:01:56Z,2026-09-27T20:25:00Z,Sun 4:25 PM ET,Dallas Cowboys,Baltimore Ravens
84cfca14efc21363fd605508404cf1ff,Baltimore Ravens @ Dallas Cowboys,Lamar Jackson,bovada,Bovada,pass_yds,Passing yards,over,259.5,140,203.4511369046,0.5,0.0,0.4166666667,0.3909465021,0.3909465021,239.5,1,833.3333333333,20.0,Calibration fitted; not prospectively validated,2026-09-26T13:01:56Z,2026-09-27T20:25:00Z,Sun 4:25 PM ET,Dallas Cowboys,Baltimore Ravens
84cfca14efc21363fd605508404cf1ff,Baltimore Ravens @ Dallas Cowboys,Lamar Jackson,bovada,Bovada,pass_yds,Passing yards,over,269.5,170,203.4511369046,0.5,0.0,0.3703703704,0.3470031546,0.3470031546,239.5,1,1296.2962962963,35.0,Calibration fitted; not prospectively validated,2026-09-26T13:01:56Z,2026-09-27T20:25:00Z,Sun 4:25 PM ET,Dallas Cowboys,Baltimore Ravens
84cfca14efc21363fd605508404cf1ff,Baltimore Ravens @ Dallas Cowboys,Lamar Jackson,betrivers,BetRivers,pass_completions,Passing completions,over,19.5,102,18.0364483071,0.5,0.0,0.495049505,,0.4876847291,19.5,5,49.5049504951,1.0,Calibration fitted; not prospectively validated,2026-09-26T13:04:56Z,2026-09-27T20:25:00Z,Sun 4:25 PM ET,Dallas Cowboys,Baltimore Ravens
84cfca14efc21363fd605508404cf1ff,Baltimore Ravens @ Dallas Cowboys,Dak Prescott,betrivers,BetRivers,pass_tds,Passing touchdowns,under,1.5,116,3.18,0.4666666667,0.0,0.462962963,0.4323499491,0.4366812227,1.5,7,37.037037037,0.8,Calibration fitted; not prospectively validated,2026-09-26T13:04:56Z,2026-09-27T20:25:00Z,Sun 4:25 PM ET,Dallas Cowboys,Baltimore Ravens
84cfca14efc21363fd605508404cf1ff,Baltimore Ravens @ Dallas Cowboys,Lamar Jackson,betrivers,BetRivers,pass_tds,Passing touchdowns,under,1.5,112,0.94,0.5333333333,0.0,0.4716981132,0.4414696668,0.4298080343,1.5,6,616.3522012579,13.0666666667,Calibration fitted; not prospectively validated,2026-09-26T13:04:56Z,2026-09-27T20:25:00Z,Sun 4:25 PM ET,Dallas Cowboys,Baltimore Ravens
84cfca14efc21363fd605508404cf1ff,Baltimore Ravens @ Dallas Cowboys,Dak Prescott,fanatics,Fanatics,pass_tds,Passing touchdowns,under,1.5,115,3.18,0.4666666667,0.0,0.4651162791,0.4366812227,0.4366812227,1.5,7,15.503875969,0.3333333333,Calibration fitted; not prospectively validated,2026-09-26T13:04:50Z,2026-09-27T20:25:00Z,Sun 4:25 PM ET,Dallas Cowboys,Baltimore Ravens
84cfca14efc21363fd605508404cf1ff,Baltimore Ravens @ Dallas Cowboys,Dak Prescott,betonlineag,BetOnline.ag,pass_attempts,Passing attempts,under,35.5,-114,32.2527328522,0.6363636364,0.0,0.5327102804,0.5,0.5,36.5,1,1036.533559898,19.4577352472,Calibration fitted; not prospectively validated,2026-09-26T13:05:34Z,2026-09-27T20:25:00Z,Sun 4:25 PM ET,Dallas Cowboys,Baltimore Ravens
84cfca14efc21363fd605508404cf1ff,Baltimore Ravens @ Dallas Cowboys,Lamar Jackson,betonlineag,BetOnline.ag,pass_tds,Passing touchdowns,under,1.5,121,0.94,0.5333333333,0.0,0.4524886878,0.4261269059,0.4298080343,1.5,6,808.4464555053,17.8666666667,Calibration fitted; not prospectively validated,2026-09-26T13:05:34Z,2026-09-27T20:25:00Z,Sun 4:25 PM ET,Dallas Cowboys,Baltimore Ravens
84cfca14efc21363fd605508404cf1ff,Baltimore Ravens @ Dallas Cowboys,CeeDee Lamb,draftkings,DraftKings,receptions,Receptions,over,6.5,-115,6.7356080734,0.5408805031,0.0,0.5348837209,0.5041554124,0.5,6.5,5,59.9678221442,1.1211375444,Calibration fitted; not prospectively validated,2026-09-26T13:05:15Z,2026-09-27T20:25:00Z,Sun 4:25 PM ET,Dallas Cowboys,Baltimore Ravens
84cfca14efc21363fd605508404cf1ff,Baltimore Ravens @ Dallas Cowboys,Mark Andrews,draftkings,DraftKings,receptions,Receptions,over,4.5,127,4.1592102788,0.4579439252,0.0,0.4405286344,0.415475269,0.415475269,4.5,3,174.1529087241,3.953271028,Calibration fitted; not prospectively validated,2026-09-26T13:05:15Z,2026-09-27T20:25:00Z,Sun 4:25 PM ET,Dallas Cowboys,Baltimore Ravens
84cfca14efc21363fd605508404cf1ff,Baltimore Ravens @ Dallas Cowboys,Jake Ferguson,draftkings,DraftKings,receptions,Receptions,over,3.5,-121,4.0953785924,0.5475728155,0.0,0.5475113122,0.5166631952,0.5166631952,3.5,5,0.6150331679,0.0112332504,Calibration fitted; not prospectively validated,2026-09-26T13:05:15Z,2026-09-27T20:25:00Z,Sun 4:25 PM ET,Dallas Cowboys,Baltimore Ravens
84cfca14efc21363fd605508404cf1ff,Baltimore Ravens @ Dallas Cowboys,Ryan Flournoy,draftkings,DraftKings,receptions,Receptions,over,3.5,130,3.2463157553,0.4591194969,0.0,0.4347826087,0.4106205619,0.4248366013,3.5,5,243.3688815969,5.5974842767,Calibration fitted; not prospectively validated,2026-09-26T13:05:15Z,2026-09-27T20:25:00Z,Sun 4:25 PM ET,Dallas Cowboys,Baltimore Ravens
84cfca14efc21363fd605508404cf1ff,Baltimore Ravens @ Dallas Cowboys,Javonte Williams,draftkings,DraftKings,receptions,Receptions,under,2.5,125,2.8850867068,0.4524271845,0.0,0.4444444444,0.4193548387,0.4329742261,2.5,5,79.8274002158,1.7961165049,Calibration fitted; not prospectively validated,2026-09-26T13:05:15Z,2026-09-27T20:25:00Z,Sun 4:25 PM ET,Dallas Cowboys,Baltimore Ravens
84cfca14efc21363fd605508404cf1ff,Baltimore Ravens @ Dallas Cowboys,Justice Hill,draftkings,DraftKings,receptions,Receptions,over,2.5,130,1.9213102115,0.4524271845,0.0,0.4347826087,0.4106205619,0.409546287,2.5,2,176.4457577037,4.0582524272,Calibration fitted; not prospectively validated,2026-09-26T13:05:15Z,2026-09-27T20:25:00Z,Sun 4:25 PM ET,Dallas Cowboys,Baltimore Ravens
84cfca14efc21363fd605508404cf1ff,Baltimore Ravens @ Dallas Cowboys,Derrick Henry,draftkings,DraftKings,receptions,Receptions,over,1.5,122,1.8187592545,0.5420560748,0.0,0.4504504505,0.4250232435,0.4249299224,1.5,2,916.056243159,20.3364485981,Calibration fitted; not prospectively validated,2026-09-26T13:05:15Z,2026-09-27T20:25:00Z,Sun 4:25 PM ET,Dallas Cowboys,Baltimore Ravens
84cfca14efc21363fd605508404cf1ff,Baltimore Ravens @ Dallas Cowboys,Lamar Jackson,draftkings,DraftKings,rush_attempts,Rushing attempts,over,6.5,111,7.4743457383,0.506993007,0.0,0.4739336493,0.446807725,0.4373408273,6.5,3,330.5935770391,6.9755244755,Calibration fitted; not prospectively validated,2026-09-26T13:05:15Z,2026-09-27T20:25:00Z,Sun 4:25 PM ET,Dallas Cowboys,Baltimore Ravens
84cfca14efc21363fd605508404cf1ff,Baltimore Ravens @ Dallas Cowboys,Dak Prescott,draftkings,DraftKings,rush_attempts,Rushing attempts,over,3.5,109,4.8743147458,0.506993007,0.0,0.4784688995,0.451360692,0.451360692,3.5,1,285.2410747148,5.9615384615,Calibration fitted; not prospectively validated,2026-09-26T13:05:15Z,2026-09-27T20:25:00Z,Sun 4:25 PM ET,Dallas Cowboys,Baltimore Ravens
84cfca14efc21363fd605508404cf1ff,Baltimore Ravens @ Dallas Cowboys,Javonte Williams,draftkings,DraftKings,rush_yds,Rushing yards,under,60.5,-114,47.7382539609,0.5647668394,0.0,0.5327102804,0.5042122999,0.5,59.5,3,320.5655900441,6.0176347605,Calibration fitted; not prospectively validated,2026-09-26T13:05:15Z,2026-09-27T20:25:00Z,Sun 4:25 PM ET,Dallas Cowboys,Baltimore Ravens
84cfca14efc21363fd605508404cf1ff,Baltimore Ravens @ Dallas Cowboys,Dak Prescott,draftkings,DraftKings,rush_yds,Rushing yards,over,12.5,-119,23.653119055,0.5647668394,0.0,0.5433789954,0.5147710487,0.5,12.5,5,213.8784394445,3.9360822049,Calibration fitted; not prospectively validated,2026-09-26T13:05:15Z,2026-09-27T20:25:00Z,Sun 4:25 PM ET,Dallas Cowboys,Baltimore Ravens
84cfca14efc21363fd605508404cf1ff,Baltimore Ravens @ Dallas Cowboys,Emari Demercado,draftkings,DraftKings,rush_yds,Rushing yards,over,8.5,-104,25.5460755121,0.5647668394,0.0,0.5098039216,0.4831081081,0.4831081081,8.5,3,549.6291780961,10.7811877242,Calibration fitted; not prospectively validated,2026-09-26T13:05:15Z,2026-09-27T20:25:00Z,Sun 4:25 PM ET,Dallas Cowboys,Baltimore Ravens
84cfca14efc21363fd605508404cf1ff,Baltimore Ravens @ Dallas Cowboys,Ryan Flournoy,fanduel,FanDuel,receptions,Receptions,over,3.5,118,3.2463157553,0.4591194969,0.0,0.4587155963,0.4282584158,0.4248366013,3.5,5,4.0390052507,0.0880503145,Calibration fitted; not prospectively validated,2026-09-26T13:05:35Z,2026-09-27T20:25:00Z,Sun 4:25 PM ET,Dallas Cowboys,Baltimore Ravens
84cfca14efc21363fd605508404cf1ff,Baltimore Ravens @ Dallas Cowboys,Mark Andrews,fanduel,FanDuel,receptions,Receptions,over,4.5,134,4.1592102788,0.4579439252,0.0,0.4273504274,0.3993154592,0.415475269,4.5,3,305.9349788322,7.1588785047,Calibration fitted; not prospectively validated,2026-09-26T13:05:35Z,2026-09-27T20:25:00Z,Sun 4:25 PM ET,Dallas Cowboys,Baltimore Ravens
84cfca14efc21363fd605508404cf1ff,Baltimore Ravens @ Dallas Cowboys,CeeDee Lamb,fanduel,FanDuel,receptions,Receptions,over,6.5,-114,6.7356080734,0.5408805031,0.0,0.5327102804,0.5,0.5,6.5,5,81.7022277082,1.533708485,Calibration fitted; not prospectively validated,2026-09-26T13:05:35Z,2026-09-27T20:25:00Z,Sun 4:25 PM ET,Dallas Cowboys,Baltimore Ravens
84cfca14efc21363fd605508404cf1ff,Baltimore Ravens @ Dallas Cowboys,Emari Demercado,fanduel,FanDuel,rush_yds,Rushing yards,over,7.5,-114,25.5460755121,0.5647668394,0.0,0.5327102804,0.5,0.5,8.5,1,320.5655900441,6.0176347605,Calibration fitted; not prospectively validated,2026-09-26T13:05:35Z,2026-09-27T20:25:00Z,Sun 4:25 PM ET,Dallas Cowboys,Baltimore Ravens
84cfca14efc21363fd605508404cf1ff,Baltimore Ravens @ Dallas Cowboys,Dak Prescott,fanduel,FanDuel,rush_yds,Rushing yards,over,12.5,-114,23.653119055,0.5647668394,0.0,0.5327102804,0.5,0.5,12.5,5,320.5655900441,6.0176347605,Calibration fitted; not prospectively validated,2026-09-26T13:05:35Z,2026-09-27T20:25:00Z,Sun 4:25 PM ET,Dallas Cowboys,Baltimore Ravens
84cfca14efc21363fd605508404cf1ff,Baltimore Ravens @ Dallas Cowboys,CeeDee Lamb,betmgm,BetMGM,receptions,Receptions,over,6.5,-105,6.7356080734,0.5408805031,0.0,0.512195122,0.4796954315,0.5,6.5,5,286.8538119343,5.6004791854,Calibration fitted; not prospectively validated,2026-09-26T13:04:55Z,2026-09-27T20:25:00Z,Sun 4:25 PM ET,Dallas Cowboys,Baltimore Ravens
84cfca14efc21363fd605508404cf1ff,Baltimore Ravens @ Dallas Cowboys,Jake Ferguson,betmgm,BetMGM,receptions,Receptions,over,3.5,-115,4.0953785924,0.5475728155,0.0,0.5348837209,0.5,0.5166631952,3.5,5,126.8909460375,2.3723089911,Calibration fitted; not prospectively validated,2026-09-26T13:04:55Z,2026-09-27T20:25:00Z,Sun 4:25 PM ET,Dallas Cowboys,Baltimore Ravens
84cfca14efc21363fd605508404cf1ff,Baltimore Ravens @ Dallas Cowboys,George Pickens,betmgm,BetMGM,receptions,Receptions,under,4.5,120,4.4501780205,0.5408805031,0.0,0.4545454545,0.4248366013,0.4248366013,5.5,1,863.350485992,18.9937106918,Calibration fitted; not prospectively validated,2026-09-26T13:04:55Z,2026-09-27T20:25:00Z,Sun 4:25 PM ET,Dallas Cowboys,Baltimore Ravens
84cfca14efc21363fd605508404cf1ff,Baltimore Ravens @ Dallas Cowboys,Ryan Flournoy,betmgm,BetMGM,receptions,Receptions,over,3.5,120,3.2463157553,0.4591194969,0.0,0.4545454545,0.4248366013,0.4248366013,3.5,5,45.7404230989,1.0062893082,Calibration fitted; not prospectively validated,2026-09-26T13:04:55Z,2026-09-27T20:25:00Z,Sun 4:25 PM ET,Dallas Cowboys,Baltimore Ravens
84cfca14efc21363fd605508404cf1ff,Baltimore Ravens @ Dallas Cowboys,Dak Prescott,betmgm,BetMGM,rush_yds,Rushing yards,over,12.5,-110,23.653119055,0.5647668394,0.0,0.5238095238,0.4898785425,0.5,12.5,5,409.5731556871,7.8191238813,Calibration fitted; not prospectively validated,2026-09-26T13:04:55Z,2026-09-27T20:25:00Z,Sun 4:25 PM ET,Dallas Cowboys,Baltimore Ravens
84cfca14efc21363fd605508404cf1ff,Baltimore Ravens @ Dallas Cowboys,Lamar Jackson,betmgm,BetMGM,rush_yds,Rushing yards,under,38.5,105,46.1082862934,0.5,0.0,0.487804878,0.4554079696,0.4777039848,40.5,2,121.9512195122,2.5,Calibration fitted; not prospectively validated,2026-09-26T13:04:55Z,2026-09-27T20:25:00Z,Sun 4:25 PM ET,Dallas Cowboys,Baltimore Ravens
84cfca14efc21363fd605508404cf1ff,Baltimore Ravens @ Dallas Cowboys,Emari Demercado,betmgm,BetMGM,rush_yds,Rushing yards,over,9.5,100,25.5460755121,0.5647668394,0.0,0.5,0.4653465347,0.4653465347,8.5,1,647.6683937824,12.9533678756,Calibration fitted; not prospectively validated,2026-09-26T13:04:55Z,2026-09-27T20:25:00Z,Sun 4:25 PM ET,Dallas Cowboys,Baltimore Ravens
84cfca14efc21363fd605508404cf1ff,Baltimore Ravens @ Dallas Cowboys,CeeDee Lamb,bovada,Bovada,recv_yds,Receiving yards,under,61.5,200,98.2775065868,0.4836956522,0.0,0.3333333333,0.3125,0.3125,81.5,1,1503.6231884058,45.1086956522,Calibration fitted; not prospectively validated,2026-09-26T13:01:56Z,2026-09-27T20:25:00Z,Sun 4:25 PM ET,Dallas Cowboys,Baltimore Ravens
84cfca14efc21363fd605508404cf1ff,Baltimore Ravens @ Dallas Cowboys,CeeDee Lamb,bovada,Bovada,recv_yds,Receiving yards,under,71.5,130,98.2775065868,0.4985632184,0.0,0.4347826087,0.4084720121,0.4084720121,81.5,1,637.8060969515,14.6695402299,Calibration fitted; not prospectively validated,2026-09-26T13:01:56Z,2026-09-27T20:25:00Z,Sun 4:25 PM ET,Dallas Cowboys,Baltimore Ravens
84cfca14efc21363fd605508404cf1ff,Baltimore Ravens @ Dallas Cowboys,CeeDee Lamb,bovada,Bovada,recv_yds,Receiving yards,over,91.5,125,98.2775065868,0.5,0.0,0.4444444444,0.416502947,0.416502947,81.5,1,555.5555555556,12.5,Calibration fitted; not prospectively validated,2026-09-26T13:01:56Z,2026-09-27T20:25:00Z,Sun 4:25 PM ET,Dallas Cowboys,Baltimore Ravens
84cfca14efc21363fd605508404cf1ff,Baltimore Ravens @ Dallas Cowboys,CeeDee Lamb,bovada,Bovada,recv_yds,Receiving yards,over,101.5,175,98.2775065868,0.5,0.0,0.3636363636,0.34,0.34,81.5,1,1363.6363636364,37.5,Calibration fitted; not prospectively validated,2026-09-26T13:01:56Z,2026-09-27T20:25:00Z,Sun 4:25 PM ET,Dallas Cowboys,Baltimore Ravens
84cfca14efc21363fd605508404cf1ff,Baltimore Ravens @ Dallas Cowboys,George Pickens,bovada,Bovada,recv_yds,Receiving yards,under,55.5,135,55.4911098187,0.5,0.0,0.4255319149,0.3982930299,0.3982930299,61.5,1,744.6808510638,17.5,Calibration fitted; not prospectively validated,2026-09-26T13:01:56Z,2026-09-27T20:25:00Z,Sun 4:25 PM ET,Dallas Cowboys,Baltimore Ravens
84cfca14efc21363fd605508404cf1ff,Baltimore Ravens @ Dallas Cowboys,George Pickens,bovada,Bovada,recv_yds,Receiving yards,under,60.5,110,55.4911098187,0.5,0.0,0.4761904762,0.4458598726,0.4729299363,61.5,2,238.0952380952,5.0,Calibration fitted; not prospectively validated,2026-09-26T13:01:56Z,2026-09-27T20:25:00Z,Sun 4:25 PM ET,Dallas Cowboys,Baltimore Ravens
84cfca14efc21363fd605508404cf1ff,Baltimore Ravens @ Dallas Cowboys,George Pickens,bovada,Bovada,recv_yds,Receiving yards,over,70.5,110,55.4911098187,0.4985632184,0.0,0.4761904762,0.4458598726,0.4458598726,61.5,1,223.7274220033,4.6982758621,Calibration fitted; not prospectively validated,2026-09-26T13:01:56Z,2026-09-27T20:25:00Z,Sun 4:25 PM ET,Dallas Cowboys,Baltimore Ravens
84cfca14efc21363fd605508404cf1ff,Baltimore Ravens @ Dallas Cowboys,George Pickens,bovada,Bovada,recv_yds,Receiving yards,over,75.5,130,55.4911098187,0.4985632184,0.0,0.4347826087,0.4084720121,0.4084720121,61.5,1,637.8060969515,14.6695402299,Calibration fitted; not prospectively validated,2026-09-26T13:01:56Z,2026-09-27T20:25:00Z,Sun 4:25 PM ET,Dallas Cowboys,Baltimore Ravens
84cfca14efc21363fd605508404cf1ff,Baltimore Ravens @ Dallas Cowboys,CeeDee Lamb,bovada,Bovada,receptions,Receptions,over,6.5,-105,6.7356080734,0.5408805031,0.0,0.512195122,0.4796954315,0.5,6.5,5,286.8538119343,5.6004791854,Calibration fitted; not prospectively validated,2026-09-26T13:01:56Z,2026-09-27T20:25:00Z,Sun 4:25 PM ET,Dallas Cowboys,Baltimore Ravens
84cfca14efc21363fd605508404cf1ff,Baltimore Ravens @ Dallas Cowboys,Derrick Henry,bovada,Bovada,receptions,Receptions,over,1.5,120,1.8187592545,0.5420560748,0.0,0.4545454545,0.4248366013,0.4249299224,1.5,2,875.106202209,19.2523364486,Calibration fitted; not prospectively validated,2026-09-26T13:01:56Z,2026-09-27T20:25:00Z,Sun 4:25 PM ET,Dallas Cowboys,Baltimore Ravens
84cfca14efc21363fd605508404cf1ff,Baltimore Ravens @ Dallas Cowboys,Javonte Williams,bovada,Bovada,receptions,Receptions,under,2.5,125,2.8850867068,0.4524271845,0.0,0.4444444444,0.416502947,0.4329742261,2.5,5,79.8274002158,1.7961165049,Calibration fitted; not prospectively validated,2026-09-26T13:01:56Z,2026-09-27T20:25:00Z,Sun 4:25 PM ET,Dallas Cowboys,Baltimore Ravens
84cfca14efc21363fd605508404cf1ff,Baltimore Ravens @ Dallas Cowboys,Justice Hill,bovada,Bovada,receptions,Receptions,over,2.5,130,1.9213102115,0.4524271845,0.0,0.4347826087,0.4084720121,0.409546287,2.5,2,176.4457577037,4.0582524272,Calibration fitted; not prospectively validated,2026-09-26T13:01:56Z,2026-09-27T20:25:00Z,Sun 4:25 PM ET,Dallas Cowboys,Baltimore Ravens
84cfca14efc21363fd605508404cf1ff,Baltimore Ravens @ Dallas Cowboys,Mark Andrews,bovada,Bovada,receptions,Receptions,over,4.5,125,4.1592102788,0.4579439252,0.0,0.4444444444,0.416502947,0.415475269,4.5,3,134.994807892,3.0373831776,Calibration fitted; not prospectively validated,2026-09-26T13:01:56Z,2026-09-27T20:25:00Z,Sun 4:25 PM ET,Dallas Cowboys,Baltimore Ravens
84cfca14efc21363fd605508404cf1ff,Baltimore Ravens @ Dallas Cowboys,Ryan Flournoy,bovada,Bovada,receptions,Receptions,over,3.5,130,3.2463157553,0.4591194969,0.0,0.4347826087,0.4084720121,0.4248366013,3.5,5,243.3688815969,5.5974842767,Calibration fitted; not prospectively validated,2026-09-26T13:01:56Z,2026-09-27T20:25:00Z,Sun 4:25 PM ET,Dallas Cowboys,Baltimore Ravens
84cfca14efc21363fd605508404cf1ff,Baltimore Ravens @ Dallas Cowboys,Lamar Jackson,bovada,Bovada,rush_attempts,Rushing attempts,over,6.5,120,7.4743457383,0.506993007,0.0,0.4545454545,0.4248366013,0.4373408273,6.5,3,524.4755244755,11.5384615385,Calibration fitted; not prospectively validated,2026-09-26T13:01:56Z,2026-09-27T20:25:00Z,Sun 4:25 PM ET,Dallas Cowboys,Baltimore Ravens
84cfca14efc21363fd605508404cf1ff,Baltimore Ravens @ Dallas Cowboys,Dak Prescott,bovada,Bovada,rush_yds,Rushing yards,over,12.5,-120,23.653119055,0.5647668394,0.0,0.5454545455,0.5101214575,0.5,12.5,5,193.1229392369,3.5405872193,Calibration fitted; not prospectively validated,2026-09-26T13:01:56Z,2026-09-27T20:25:00Z,Sun 4:25 PM ET,Dallas Cowboys,Baltimore Ravens
84cfca14efc21363fd605508404cf1ff,Baltimore Ravens @ Dallas Cowboys,Derrick Henry,bovada,Bovada,rush_yds,Rushing yards,under,70.5,225,86.0906409641,0.5,0.0,0.3076923077,0.2892416226,0.2892416226,90.5,1,1923.0769230769,62.5,Calibration fitted; not prospectively validated,2026-09-26T13:01:56Z,2026-09-27T20:25:00Z,Sun 4:25 PM ET,Dallas Cowboys,Baltimore Ravens
84cfca14efc21363fd605508404cf1ff,Baltimore Ravens @ Dallas Cowboys,Derrick Henry,bovada,Bovada,rush_yds,Rushing yards,under,80.5,140,86.0906409641,0.5,0.0,0.4166666667,0.3909465021,0.3909465021,90.5,1,833.3333333333,20.0,Calibration fitted; not prospectively validated,2026-09-26T13:01:56Z,2026-09-27T20:25:00Z,Sun 4:25 PM ET,Dallas Cowboys,Baltimore Ravens
84cfca14efc21363fd605508404cf1ff,Baltimore Ravens @ Dallas Cowboys,Derrick Henry,bovada,Bovada,rush_yds,Rushing yards,over,100.5,135,86.0906409641,0.5,0.0,0.4255319149,0.3982930299,0.3982930299,90.5,1,744.6808510638,17.5,Calibration fitted; not prospectively validated,2026-09-26T13:01:56Z,2026-09-27T20:25:00Z,Sun 4:25 PM ET,Dallas Cowboys,Baltimore Ravens
84cfca14efc21363fd605508404cf1ff,Baltimore Ravens @ Dallas Cowboys,Derrick Henry,bovada,Bovada,rush_yds,Rushing yards,over,110.5,200,86.0906409641,0.4352331606,0.0,0.3333333333,0.3125,0.3125,90.5,1,1018.9982728843,30.5699481865,Calibration fitted; not prospectively validated,2026-09-26T13:01:56Z,2026-09-27T20:25:00Z,Sun 4:25 PM ET,Dallas Cowboys,Baltimore Ravens
84cfca14efc21363fd605508404cf1ff,Baltimore Ravens @ Dallas Cowboys,Emari Demercado,bovada,Bovada,rush_yds,Rushing yards,over,8.5,-105,25.5460755121,0.5647668394,0.0,0.512195122,0.4796954315,0.4831081081,8.5,3,525.7171742702,10.2640019738,Calibration fitted; not prospectively validated,2026-09-26T13:01:56Z,2026-09-27T20:25:00Z,Sun 4:25 PM ET,Dallas Cowboys,Baltimore Ravens
84cfca14efc21363fd605508404cf1ff,Baltimore Ravens @ Dallas Cowboys,Javonte Williams,bovada,Bovada,rush_yds,Rushing yards,under,50.5,155,47.7382539609,0.5,0.0,0.3921568627,0.3666469545,0.3666469545,59.5,1,1078.431372549,27.5,Calibration fitted; not prospectively validated,2026-09-26T13:01:56Z,2026-09-27T20:25:00Z,Sun 4:25 PM ET,Dallas Cowboys,Baltimore Ravens
84cfca14efc21363fd605508404cf1ff,Baltimore Ravens @ Dallas Cowboys,Javonte Williams,bovada,Bovada,rush_yds,Rushing yards,under,55.5,115,47.7382539609,0.5,0.0,0.4651162791,0.4366812227,0.4366812227,59.5,1,348.8372093023,7.5,Calibration fitted; not prospectively validated,2026-09-26T13:01:56Z,2026-09-27T20:25:00Z,Sun 4:25 PM ET,Dallas Cowboys,Baltimore Ravens
84cfca14efc21363fd605508404cf1ff,Baltimore Ravens @ Dallas Cowboys,Javonte Williams,bovada,Bovada,rush_yds,Rushing yards,under,60.5,-115,47.7382539609,0.5647668394,0.0,0.5348837209,0.5,0.5,59.5,3,298.8311844801,5.5868438838,Calibration fitted; not prospectively validated,2026-09-26T13:01:56Z,2026-09-27T20:25:00Z,Sun 4:25 PM ET,Dallas Cowboys,Baltimore Ravens
84cfca14efc21363fd605508404cf1ff,Baltimore Ravens @ Dallas Cowboys,Javonte Williams,bovada,Bovada,rush_yds,Rushing yards,over,70.5,145,47.7382539609,0.4352331606,0.0,0.4081632653,0.3838517538,0.3838517538,59.5,1,270.6989531564,6.6321243523,Calibration fitted; not prospectively validated,2026-09-26T13:01:56Z,2026-09-27T20:25:00Z,Sun 4:25 PM ET,Dallas Cowboys,Baltimore Ravens
84cfca14efc21363fd605508404cf1ff,Baltimore Ravens @ Dallas Cowboys,Lamar Jackson,bovada,Bovada,rush_yds,Rushing yards,under,30.5,170,46.1082862934,0.4352331606,0.0,0.3703703704,0.3470031546,0.3470031546,40.5,1,648.6279025139,17.5129533679,Calibration fitted; not prospectively validated,2026-09-26T13:01:56Z,2026-09-27T20:25:00Z,Sun 4:25 PM ET,Dallas Cowboys,Baltimore Ravens
84cfca14efc21363fd605508404cf1ff,Baltimore Ravens @ Dallas Cowboys,Lamar Jackson,bovada,Bovada,rush_yds,Rushing yards,under,35.5,120,46.1082862934,0.5,0.0,0.4545454545,0.4248366013,0.4248366013,40.5,1,454.5454545455,10.0,Calibration fitted; not prospectively validated,2026-09-26T13:01:56Z,2026-09-27T20:25:00Z,Sun 4:25 PM ET,Dallas Cowboys,Baltimore Ravens
84cfca14efc21363fd605508404cf1ff,Baltimore Ravens @ Dallas Cowboys,Lamar Jackson,bovada,Bovada,rush_yds,Rushing yards,over,45.5,125,46.1082862934,0.5,0.0,0.4444444444,0.416502947,0.416502947,40.5,1,555.5555555556,12.5,Calibration fitted; not prospectively validated,2026-09-26T13:01:56Z,2026-09-27T20:25:00Z,Sun 4:25 PM ET,Dallas Cowboys,Baltimore Ravens
84cfca14efc21363fd605508404cf1ff,Baltimore Ravens @ Dallas Cowboys,Lamar Jackson,bovada,Bovada,rush_yds,Rushing yards,over,50.5,170,46.1082862934,0.5,0.0,0.3703703704,0.3470031546,0.3470031546,40.5,1,1296.2962962963,35.0,Calibration fitted; not prospectively validated,2026-09-26T13:01:56Z,2026-09-27T20:25:00Z,Sun 4:25 PM ET,Dallas Cowboys,Baltimore Ravens
84cfca14efc21363fd605508404cf1ff,Baltimore Ravens @ Dallas Cowboys,CeeDee Lamb,betrivers,BetRivers,receptions,Receptions,over,6.5,-114,6.7356080734,0.5408805031,0.0,0.5327102804,,0.5,6.5,5,81.7022277082,1.533708485,Calibration fitted; not prospectively validated,2026-09-26T13:04:56Z,2026-09-27T20:25:00Z,Sun 4:25 PM ET,Dallas Cowboys,Baltimore Ravens
84cfca14efc21363fd605508404cf1ff,Baltimore Ravens @ Dallas Cowboys,Jake Ferguson,betrivers,BetRivers,receptions,Receptions,over,3.5,-120,4.0953785924,0.5475728155,0.0,0.5454545455,,0.5166631952,3.5,5,21.1827007944,0.3883495146,Calibration fitted; not prospectively validated,2026-09-26T13:04:56Z,2026-09-27T20:25:00Z,Sun 4:25 PM ET,Dallas Cowboys,Baltimore Ravens
84cfca14efc21363fd605508404cf1ff,Baltimore Ravens @ Dallas Cowboys,Chris Moore,betrivers,BetRivers,receptions,Receptions,over,1.5,112,1.5302414593,0.5408805031,0.0,0.4716981132,,,1.5,0,691.8238993711,14.6666666667,Calibration fitted; not prospectively validated,2026-09-26T13:04:56Z,2026-09-27T20:25:00Z,Sun 4:25 PM ET,Dallas Cowboys,Baltimore Ravens
84cfca14efc21363fd605508404cf1ff,Baltimore Ravens @ Dallas Cowboys,Justice Hill,betrivers,BetRivers,receptions,Receptions,over,2.5,128,1.9213102115,0.4524271845,0.0,0.4385964912,,0.409546287,2.5,2,138.3069323795,3.1533980583,Calibration fitted; not prospectively validated,2026-09-26T13:04:56Z,2026-09-27T20:25:00Z,Sun 4:25 PM ET,Dallas Cowboys,Baltimore Ravens
84cfca14efc21363fd605508404cf1ff,Baltimore Ravens @ Dallas Cowboys,Derrick Henry,betrivers,BetRivers,receptions,Receptions,over,1.5,115,1.8187592545,0.5420560748,0.0,0.4651162791,,0.4249299224,1.5,2,769.3979569659,16.5420560748,Calibration fitted; not prospectively validated,2026-09-26T13:04:56Z,2026-09-27T20:25:00Z,Sun 4:25 PM ET,Dallas Cowboys,Baltimore Ravens
84cfca14efc21363fd605508404cf1ff,Baltimore Ravens @ Dallas Cowboys,Mark Andrews,betrivers,BetRivers,receptions,Receptions,over,4.5,130,4.1592102788,0.4579439252,0.0,0.4347826087,,0.415475269,4.5,3,231.6131653799,5.3271028037,Calibration fitted; not prospectively validated,2026-09-26T13:04:56Z,2026-09-27T20:25:00Z,Sun 4:25 PM ET,Dallas Cowboys,Baltimore Ravens
84cfca14efc21363fd605508404cf1ff,Baltimore Ravens @ Dallas Cowboys,Javonte Williams,betrivers,BetRivers,rush_yds,Rushing yards,under,60.5,-114,47.7382539609,0.5647668394,0.0,0.5327102804,0.4969864995,0.5,59.5,3,320.5655900441,6.0176347605,Calibration fitted; not prospectively validated,2026-09-26T13:04:56Z,2026-09-27T20:25:00Z,Sun 4:25 PM ET,Dallas Cowboys,Baltimore Ravens
84cfca14efc21363fd605508404cf1ff,Baltimore Ravens @ Dallas Cowboys,Dak Prescott,betrivers,BetRivers,rush_yds,Rushing yards,over,13.5,-109,23.653119055,0.5647668394,0.0,0.5215311005,0.4878488396,0.4878488396,12.5,1,432.3573889977,8.2901554404,Calibration fitted; not prospectively validated,2026-09-26T13:04:56Z,2026-09-27T20:25:00Z,Sun 4:25 PM ET,Dallas Cowboys,Baltimore Ravens
84cfca14efc21363fd605508404cf1ff,Baltimore Ravens @ Dallas Cowboys,Javonte Williams,fanatics,Fanatics,receptions,Receptions,over,3.5,145,2.8850867068,0.4524271845,0.0,0.4081632653,0.3778259523,0.3778259523,2.5,1,442.639191599,10.8446601942,Calibration fitted; not prospectively validated,2026-09-26T13:04:50Z,2026-09-27T20:25:00Z,Sun 4:25 PM ET,Dallas Cowboys,Baltimore Ravens
84cfca14efc21363fd605508404cf1ff,Baltimore Ravens @ Dallas Cowboys,CeeDee Lamb,betonlineag,BetOnline.ag,receptions,Receptions,over,6.5,-114,6.7356080734,0.5408805031,0.0,0.5327102804,0.5,0.5,6.5,5,81.7022277082,1.533708485,Calibration fitted; not prospectively validated,2026-09-26T13:05:34Z,2026-09-27T20:25:00Z,Sun 4:25 PM ET,Dallas Cowboys,Baltimore Ravens
84cfca14efc21363fd605508404cf1ff,Baltimore Ravens @ Dallas Cowboys,Lamar Jackson,betonlineag,BetOnline.ag,rush_attempts,Rushing attempts,over,6.5,115,7.4743457383,0.506993007,0.0,0.4651162791,0.4373408273,0.4373408273,6.5,3,418.7672792324,9.0034965035,Calibration fitted; not prospectively validated,2026-09-26T13:05:34Z,2026-09-27T20:25:00Z,Sun 4:25 PM ET,Dallas Cowboys,Baltimore Ravens
84cfca14efc21363fd605508404cf1ff,Baltimore Ravens @ Dallas Cowboys,Dak Prescott,betonlineag,BetOnline.ag,rush_yds,Rushing yards,over,12.5,-114,23.653119055,0.5647668394,0.0,0.5327102804,0.5,0.5,12.5,5,320.5655900441,6.0176347605,Calibration fitted; not prospectively validated,2026-09-26T13:05:34Z,2026-09-27T20:25:00Z,Sun 4:25 PM ET,Dallas Cowboys,Baltimore Ravens
84cfca14efc21363fd605508404cf1ff,Baltimore Ravens @ Dallas Cowboys,Emari Demercado,betonlineag,BetOnline.ag,rush_yds,Rushing yards,over,8.5,-110,25.5460755121,0.5647668394,0.0,0.5238095238,0.4917965546,0.4831081081,8.5,3,409.5731556871,7.8191238813,Calibration fitted; not prospectively validated,2026-09-26T13:05:34Z,2026-09-27T20:25:00Z,Sun 4:25 PM ET,Dallas Cowboys,Baltimore Ravens
2e523fcb0497aa689473e290eb2b97de,Las Vegas Raiders @ New Orleans Saints,Tyler Shough,draftkings,DraftKings,pass_tds,Passing touchdowns,over,1.5,104,2.12,0.5,0.0,0.4901960784,0.4620082487,0.4620082487,1.5,7,98.0392156863,2.0,Calibration fitted; not prospectively validated,2026-09-26T13:04:56Z,2026-09-27T20:25:00Z,Sun 4:25 PM ET,New Orleans Saints,Las Vegas Raiders
2e523fcb0497aa689473e290eb2b97de,Las Vegas Raiders @ New Orleans Saints,Kirk Cousins,draftkings,DraftKings,pass_tds,Passing touchdowns,over,1.5,135,2.82,0.5333333333,0.0,0.4255319149,0.4017364432,0.3806108425,1.5,6,1078.0141843972,25.3333333333,Calibration fitted; not prospectively validated,2026-09-26T13:04:56Z,2026-09-27T20:25:00Z,Sun 4:25 PM ET,New Orleans Saints,Las Vegas Raiders
2e523fcb0497aa689473e290eb2b97de,Las Vegas Raiders @ New Orleans Saints,Tyler Shough,fanduel,FanDuel,pass_tds,Passing touchdowns,over,1.5,108,2.12,0.5,0.0,0.4807692308,0.4489255225,0.4620082487,1.5,7,192.3076923077,4.0,Calibration fitted; not prospectively validated,2026-09-26T13:05:33Z,2026-09-27T20:25:00Z,Sun 4:25 PM ET,New Orleans Saints,Las Vegas Raiders
2e523fcb0497aa689473e290eb2b97de,Las Vegas Raiders @ New Orleans Saints,Kirk Cousins,fanduel,FanDuel,pass_tds,Passing touchdowns,over,1.5,152,2.82,0.5333333333,0.0,0.3968253968,0.3712268744,0.3806108425,1.5,6,1365.0793650794,34.4,Calibration fitted; not prospectively validated,2026-09-26T13:05:33Z,2026-09-27T20:25:00Z,Sun 4:25 PM ET,New Orleans Saints,Las Vegas Raiders
2e523fcb0497aa689473e290eb2b97de,Las Vegas Raiders @ New Orleans Saints,Tyler Shough,betrivers,BetRivers,pass_tds,Passing touchdowns,over,1.5,102,2.12,0.5,0.0,0.495049505,0.4613228481,0.4620082487,1.5,7,49.5049504951,1.0,Calibration fitted; not prospectively validated,2026-09-26T13:04:56Z,2026-09-27T20:25:00Z,Sun 4:25 PM ET,New Orleans Saints,Las Vegas Raiders
2e523fcb0497aa689473e290eb2b97de,Las Vegas Raiders @ New Orleans Saints,Kirk Cousins,betrivers,BetRivers,pass_tds,Passing touchdowns,over,1.5,143,2.82,0.5333333333,0.0,0.4115226337,0.3836899265,0.3806108425,1.5,6,1218.1069958848,29.6,Calibration fitted; not prospectively validated,2026-09-26T13:04:56Z,2026-09-27T20:25:00Z,Sun 4:25 PM ET,New Orleans Saints,Las Vegas Raiders
2e523fcb0497aa689473e290eb2b97de,Las Vegas Raiders @ New Orleans Saints,Kirk Cousins,betonlineag,BetOnline.ag,pass_tds,Passing touchdowns,over,1.5,149,2.82,0.5333333333,0.0,0.4016064257,0.3775317586,0.3806108425,1.5,6,1317.2690763052,32.8,Calibration fitted; not prospectively validated,2026-09-26T13:04:57Z,2026-09-27T20:25:00Z,Sun 4:25 PM ET,New Orleans Saints,Las Vegas Raiders
2e523fcb0497aa689473e290eb2b97de,Las Vegas Raiders @ New Orleans Saints,Tyler Shough,betonlineag,BetOnline.ag,pass_tds,Passing touchdowns,over,1.5,102,2.12,0.5,0.0,0.495049505,0.4652655222,0.4620082487,1.5,7,49.5049504951,1.0,Calibration fitted; not prospectively validated,2026-09-26T13:04:57Z,2026-09-27T20:25:00Z,Sun 4:25 PM ET,New Orleans Saints,Las Vegas Raiders
2e523fcb0497aa689473e290eb2b97de,Las Vegas Raiders @ New Orleans Saints,Tyler Shough,betmgm,BetMGM,pass_attempts,Passing attempts,over,34.5,105,31.9088990427,0.5,0.0,0.487804878,0.4554079696,0.4554079696,33.5,1,121.9512195122,2.5,Calibration fitted; not prospectively validated,2026-09-26T13:03:15Z,2026-09-27T20:25:00Z,Sun 4:25 PM ET,New Orleans Saints,Las Vegas Raiders
2e523fcb0497aa689473e290eb2b97de,Las Vegas Raiders @ New Orleans Saints,Kirk Cousins,betmgm,BetMGM,pass_attempts,Passing attempts,under,33.5,-140,30.3542186796,0.6363636364,0.0,0.5833333333,0.5445920304,0.5445920304,31.5,1,530.303030303,9.0909090909,Calibration fitted; not prospectively validated,2026-09-26T13:03:15Z,2026-09-27T20:25:00Z,Sun 4:25 PM ET,New Orleans Saints,Las Vegas Raiders
2e523fcb0497aa689473e290eb2b97de,Las Vegas Raiders @ New Orleans Saints,Kirk Cousins,betmgm,BetMGM,pass_tds,Passing touchdowns,over,1.5,160,2.82,0.5333333333,0.0,0.3846153846,0.3587443946,0.3806108425,1.5,6,1487.1794871795,38.6666666667,Calibration fitted; not prospectively validated,2026-09-26T13:03:15Z,2026-09-27T20:25:00Z,Sun 4:25 PM ET,New Orleans Saints,Las Vegas Raiders
2e523fcb0497aa689473e290eb2b97de,Las Vegas Raiders @ New Orleans Saints,Kirk Cousins,bovada,Bovada,pass_tds,Passing touchdowns,over,1.5,135,2.82,0.5333333333,0.0,0.4255319149,0.3982930299,0.3806108425,1.5,6,1078.0141843972,25.3333333333,Calibration fitted; not prospectively validated,2026-09-26T13:04:43Z,2026-09-27T20:25:00Z,Sun 4:25 PM ET,New Orleans Saints,Las Vegas Raiders
2e523fcb0497aa689473e290eb2b97de,Las Vegas Raiders @ New Orleans Saints,Tyler Shough,bovada,Bovada,pass_tds,Passing touchdowns,over,1.5,105,2.12,0.5,0.0,0.487804878,0.4592085979,0.4620082487,1.5,7,121.9512195122,2.5,Calibration fitted; not prospectively validated,2026-09-26T13:04:43Z,2026-09-27T20:25:00Z,Sun 4:25 PM ET,New Orleans Saints,Las Vegas Raiders
2e523fcb0497aa689473e290eb2b97de,Las Vegas Raiders @ New Orleans Saints,Devaughn Vele,draftkings,DraftKings,receptions,Receptions,over,4.5,128,3.9765331068,0.4524271845,0.0,0.4385964912,0.4138449962,0.4154387404,4.5,4,138.3069323795,3.1533980583,Calibration fitted; not prospectively validated,2026-09-26T13:04:56Z,2026-09-27T20:25:00Z,Sun 4:25 PM ET,New Orleans Saints,Las Vegas Raiders
2e523fcb0497aa689473e290eb2b97de,Las Vegas Raiders @ New Orleans Saints,Ashton Jeanty,draftkings,DraftKings,receptions,Receptions,under,3.5,122,2.7015921652,0.5475728155,0.0,0.4504504505,0.4250232435,0.4250232435,3.5,5,971.2236508353,21.5611650485,Calibration fitted; not prospectively validated,2026-09-26T13:04:56Z,2026-09-27T20:25:00Z,Sun 4:25 PM ET,New Orleans Saints,Las Vegas Raiders
2e523fcb0497aa689473e290eb2b97de,Las Vegas Raiders @ New Orleans Saints,Tre Tucker,draftkings,DraftKings,receptions,Receptions,under,3.5,-114,3.1400997454,0.5420560748,0.0,0.5327102804,0.5020774472,0.5,3.5,5,93.4579439252,1.7543859649,Calibration fitted; not prospectively validated,2026-09-26T13:04:56Z,2026-09-27T20:25:00Z,Sun 4:25 PM ET,New Orleans Saints,Las Vegas Raiders
2e523fcb0497aa689473e290eb2b97de,Las Vegas Raiders @ New Orleans Saints,Juwan Johnson,draftkings,DraftKings,receptions,Receptions,over,3.5,115,3.7392433777,0.5408805031,0.0,0.4651162791,0.4386821774,0.4462125409,3.5,4,757.6422407489,16.2893081761,Calibration fitted; not prospectively validated,2026-09-26T13:04:56Z,2026-09-27T20:25:00Z,Sun 4:25 PM ET,New Orleans Saints,Las Vegas Raiders
2e523fcb0497aa689473e290eb2b97de,Las Vegas Raiders @ New Orleans Saints,Alvin Kamara,draftkings,DraftKings,receptions,Receptions,over,3.5,134,3.9661332263,0.5420560748,0.0,0.4273504274,0.4037905653,0.4037905653,3.5,3,1147.0564741593,26.8411214953,Calibration fitted; not prospectively validated,2026-09-26T13:04:56Z,2026-09-27T20:25:00Z,Sun 4:25 PM ET,New Orleans Saints,Las Vegas Raiders
2e523fcb0497aa689473e290eb2b97de,Las Vegas Raiders @ New Orleans Saints,Jalen Nailor,draftkings,DraftKings,receptions,Receptions,over,2.5,122,1.6906745305,0.4524271845,0.0,0.4504504505,0.4256384577,0.4256384577,2.5,3,19.7673401557,0.4388349515,Calibration fitted; not prospectively validated,2026-09-26T13:04:56Z,2026-09-27T20:25:00Z,Sun 4:25 PM ET,New Orleans Saints,Las Vegas Raiders
2e523fcb0497aa689473e290eb2b97de,Las Vegas Raiders @ New Orleans Saints,Travis Etienne,draftkings,DraftKings,receptions,Receptions,over,1.5,-129,3.1115580328,0.5789473684,0.0,0.5633187773,0.5310164042,0.5310164042,1.5,3,156.2859112848,2.774377805,Calibration fitted; not prospectively validated,2026-09-26T13:04:56Z,2026-09-27T20:25:00Z,Sun 4:25 PM ET,New Orleans Saints,Las Vegas Raiders
2e523fcb0497aa689473e290eb2b97de,Las Vegas Raiders @ New Orleans Saints,Bryce Lance,draftkings,DraftKings,receptions,Receptions,over,1.5,104,3.2404602722,0.5475728155,0.0,0.4901960784,0.4620082487,0.4606084233,1.5,2,573.7673710261,11.7048543689,Calibration fitted; not prospectively validated,2026-09-26T13:04:56Z,2026-09-27T20:25:00Z,Sun 4:25 PM ET,New Orleans Saints,Las Vegas Raiders
2e523fcb0497aa689473e290eb2b97de,Las Vegas Raiders @ New Orleans Saints,Ashton Jeanty,draftkings,DraftKings,rush_attempts,Rushing attempts,under,17.5,102,14.2930632855,0.5526315789,0.0,0.495049505,0.466910272,0.4711519864,18.5,2,575.8207399687,11.6315789474,Calibration fitted; not prospectively validated,2026-09-26T13:04:56Z,2026-09-27T20:25:00Z,Sun 4:25 PM ET,New Orleans Saints,Las Vegas Raiders
2e523fcb0497aa689473e290eb2b97de,Las Vegas Raiders @ New Orleans Saints,Ashton Jeanty,draftkings,DraftKings,rush_yds,Rushing yards,under,69.5,-112,50.2056087813,0.5647668394,0.0,0.5283018868,0.5,0.5,69.5,5,364.6495258579,6.9022945966,Calibration fitted; not prospectively validated,2026-09-26T13:04:56Z,2026-09-27T20:25:00Z,Sun 4:25 PM ET,New Orleans Saints,Las Vegas Raiders
2e523fcb0497aa689473e290eb2b97de,Las Vegas Raiders @ New Orleans Saints,Alvin Kamara,draftkings,DraftKings,rush_yds,Rushing yards,over,27.5,-115,43.9990473864,0.5647668394,0.0,0.5348837209,0.5063197809,0.5,27.5,5,298.8311844801,5.5868438838,Calibration fitted; not prospectively validated,2026-09-26T13:04:56Z,2026-09-27T20:25:00Z,Sun 4:25 PM ET,New Orleans Saints,Las Vegas Raiders
2e523fcb0497aa689473e290eb2b97de,Las Vegas Raiders @ New Orleans Saints,Tyler Shough,draftkings,DraftKings,rush_yds,Rushing yards,over,15.5,-109,27.380830563,0.5647668394,0.0,0.5215311005,0.4936802191,0.4917793808,14.5,2,432.3573889977,8.2901554404,Calibration fitted; not prospectively validated,2026-09-26T13:04:56Z,2026-09-27T20:25:00Z,Sun 4:25 PM ET,New Orleans Saints,Las Vegas Raiders
2e523fcb0497aa689473e290eb2b97de,Las Vegas Raiders @ New Orleans Saints,Alvin Kamara,fanduel,FanDuel,receptions,Receptions,over,3.5,144,3.9661332263,0.5420560748,0.0,0.4098360656,0.3831317765,0.4037905653,3.5,3,1322.2000919258,32.261682243,Calibration fitted; not prospectively validated,2026-09-26T13:05:33Z,2026-09-27T20:25:00Z,Sun 4:25 PM ET,New Orleans Saints,Las Vegas Raiders
2e523fcb0497aa689473e290eb2b97de,Las Vegas Raiders @ New Orleans Saints,Juwan Johnson,fanduel,FanDuel,receptions,Receptions,over,3.5,-102,3.7392433777,0.5408805031,0.0,0.504950495,0.471842317,0.4462125409,3.5,4,359.3000809515,7.1155506228,Calibration fitted; not prospectively validated,2026-09-26T13:05:33Z,2026-09-27T20:25:00Z,Sun 4:25 PM ET,New Orleans Saints,Las Vegas Raiders
2e523fcb0497aa689473e290eb2b97de,Las Vegas Raiders @ New Orleans Saints,Chris Olave,fanduel,FanDuel,receptions,Receptions,under,5.5,128,6.5157365206,0.4524271845,0.0,0.4385964912,0.4095398699,0.4366812227,6.5,3,138.3069323795,3.1533980583,Calibration fitted; not prospectively validated,2026-09-26T13:05:33Z,2026-09-27T20:25:00Z,Sun 4:25 PM ET,New Orleans Saints,Las Vegas Raiders
2e523fcb0497aa689473e290eb2b97de,Las Vegas Raiders @ New Orleans Saints,Tre Tucker,fanduel,FanDuel,receptions,Receptions,under,3.5,-102,3.1400997454,0.5420560748,0.0,0.504950495,0.471842317,0.5,3.5,5,371.0557971685,7.3483599047,Calibration fitted; not prospectively validated,2026-09-26T13:05:33Z,2026-09-27T20:25:00Z,Sun 4:25 PM ET,New Orleans Saints,Las Vegas Raiders
2e523fcb0497aa689473e290eb2b97de,Las Vegas Raiders @ New Orleans Saints,Travis Etienne,fanduel,FanDuel,receptions,Receptions,over,1.5,-132,3.1115580328,0.5789473684,0.0,0.5689655172,0.5322580645,0.5310164042,1.5,3,99.8185117967,1.7543859649,Calibration fitted; not prospectively validated,2026-09-26T13:05:33Z,2026-09-27T20:25:00Z,Sun 4:25 PM ET,New Orleans Saints,Las Vegas Raiders
2e523fcb0497aa689473e290eb2b97de,Las Vegas Raiders @ New Orleans Saints,Devaughn Vele,fanduel,FanDuel,receptions,Receptions,over,4.5,124,3.9765331068,0.4524271845,0.0,0.4464285714,0.4170324846,0.4154387404,4.5,4,59.9861303745,1.3436893204,Calibration fitted; not prospectively validated,2026-09-26T13:05:33Z,2026-09-27T20:25:00Z,Sun 4:25 PM ET,New Orleans Saints,Las Vegas Raiders
2e523fcb0497aa689473e290eb2b97de,Las Vegas Raiders @ New Orleans Saints,Ashton Jeanty,fanduel,FanDuel,receptions,Receptions,under,3.5,108,2.7015921652,0.5475728155,0.0,0.4807692308,0.4489255225,0.4250232435,3.5,5,668.0358476475,13.8951456311,Calibration fitted; not prospectively validated,2026-09-26T13:05:33Z,2026-09-27T20:25:00Z,Sun 4:25 PM ET,New Orleans Saints,Las Vegas Raiders
2e523fcb0497aa689473e290eb2b97de,Las Vegas Raiders @ New Orleans Saints,Ashton Jeanty,fanduel,FanDuel,rush_yds,Rushing yards,under,68.5,-114,50.2056087813,0.5647668394,0.0,0.5327102804,0.5,0.5,69.5,1,320.5655900441,6.0176347605,Calibration fitted; not prospectively validated,2026-09-26T13:05:33Z,2026-09-27T20:25:00Z,Sun 4:25 PM ET,New Orleans Saints,Las Vegas Raiders
2e523fcb0497aa689473e290eb2b97de,Las Vegas Raiders @ New Orleans Saints,Alvin Kamara,fanduel,FanDuel,rush_yds,Rushing yards,over,27.5,-114,43.9990473864,0.5647668394,0.0,0.5327102804,0.5,0.5,27.5,5,320.5655900441,6.0176347605,Calibration fitted; not prospectively validated,2026-09-26T13:05:33Z,2026-09-27T20:25:00Z,Sun 4:25 PM ET,New Orleans Saints,Las Vegas Raiders
2e523fcb0497aa689473e290eb2b97de,Las Vegas Raiders @ New Orleans Saints,Tyler Shough,fanduel,FanDuel,rush_yds,Rushing yards,over,14.5,-114,27.380830563,0.5647668394,0.0,0.5327102804,0.5,0.5,14.5,4,320.5655900441,6.0176347605,Calibration fitted; not prospectively validated,2026-09-26T13:05:33Z,2026-09-27T20:25:00Z,Sun 4:25 PM ET,New Orleans Saints,Las Vegas Raiders
2e523fcb0497aa689473e290eb2b97de,Las Vegas Raiders @ New Orleans Saints,Juwan Johnson,betrivers,BetRivers,receptions,Receptions,over,3.5,-105,3.7392433777,0.5408805031,0.0,0.512195122,,0.4462125409,3.5,4,286.8538119343,5.6004791854,Calibration fitted; not prospectively validated,2026-09-26T13:04:56Z,2026-09-27T20:25:00Z,Sun 4:25 PM ET,New Orleans Saints,Las Vegas Raiders
2e523fcb0497aa689473e290eb2b97de,Las Vegas Raiders @ New Orleans Saints,Chris Olave,betrivers,BetRivers,receptions,Receptions,over,6.5,112,6.5157365206,0.5,0.0,0.4716981132,,0.4334891628,6.5,3,283.0188679245,6.0,Calibration fitted; not prospectively validated,2026-09-26T13:04:56Z,2026-09-27T20:25:00Z,Sun 4:25 PM ET,New Orleans Saints,Las Vegas Raiders
2e523fcb0497aa689473e290eb2b97de,Las Vegas Raiders @ New Orleans Saints,Alvin Kamara,betrivers,BetRivers,receptions,Receptions,over,3.5,128,3.9661332263,0.5420560748,0.0,0.4385964912,,0.4037905653,3.5,3,1034.5958353828,23.5887850467,Calibration fitted; not prospectively validated,2026-09-26T13:04:56Z,2026-09-27T20:25:00Z,Sun 4:25 PM ET,New Orleans Saints,Las Vegas Raiders
2e523fcb0497aa689473e290eb2b97de,Las Vegas Raiders @ New Orleans Saints,Travis Etienne,betrivers,BetRivers,receptions,Receptions,over,1.5,-129,3.1115580328,0.5789473684,0.0,0.5633187773,,0.5310164042,1.5,3,156.2859112848,2.774377805,Calibration fitted; not prospectively validated,2026-09-26T13:04:56Z,2026-09-27T20:25:00Z,Sun 4:25 PM ET,New Orleans Saints,Las Vegas Raiders
2e523fcb0497aa689473e290eb2b97de,Las Vegas Raiders @ New Orleans Saints,Alvin Kamara,betrivers,BetRivers,rush_yds,Rushing yards,over,27.5,-114,43.9990473864,0.5647668394,0.0,0.5327102804,0.4969864995,0.5,27.5,5,320.5655900441,6.0176347605,Calibration fitted; not prospectively validated,2026-09-26T13:04:56Z,2026-09-27T20:25:00Z,Sun 4:25 PM ET,New Orleans Saints,Las Vegas Raiders
2e523fcb0497aa689473e290eb2b97de,Las Vegas Raiders @ New Orleans Saints,Ashton Jeanty,betrivers,BetRivers,rush_yds,Rushing yards,under,69.5,-118,50.2056087813,0.5647668394,0.0,0.5412844037,0.5050233081,0.5,69.5,5,234.8243570851,4.3382804953,Calibration fitted; not prospectively validated,2026-09-26T13:04:56Z,2026-09-27T20:25:00Z,Sun 4:25 PM ET,New Orleans Saints,Las Vegas Raiders
2e523fcb0497aa689473e290eb2b97de,Las Vegas Raiders @ New Orleans Saints,Tyler Shough,betrivers,BetRivers,rush_yds,Rushing yards,over,14.5,-110,27.380830563,0.5647668394,0.0,0.5238095238,0.4889380531,0.5,14.5,4,409.5731556871,7.8191238813,Calibration fitted; not prospectively validated,2026-09-26T13:04:56Z,2026-09-27T20:25:00Z,Sun 4:25 PM ET,New Orleans Saints,Las Vegas Raiders
2e523fcb0497aa689473e290eb2b97de,Las Vegas Raiders @ New Orleans Saints,Tre Tucker,betonlineag,BetOnline.ag,receptions,Receptions,under,3.5,-116,3.1400997454,0.5420560748,0.0,0.537037037,0.5051597457,0.5,3.5,5,50.1903772932,0.9345794393,Calibration fitted; not prospectively validated,2026-09-26T13:04:57Z,2026-09-27T20:25:00Z,Sun 4:25 PM ET,New Orleans Saints,Las Vegas Raiders
2e523fcb0497aa689473e290eb2b97de,Las Vegas Raiders @ New Orleans Saints,Ashton Jeanty,betonlineag,BetOnline.ag,receptions,Receptions,under,3.5,116,2.7015921652,0.5475728155,0.0,0.462962963,0.4342431762,0.4250232435,3.5,5,846.0985257102,18.2757281553,Calibration fitted; not prospectively validated,2026-09-26T13:04:57Z,2026-09-27T20:25:00Z,Sun 4:25 PM ET,New Orleans Saints,Las Vegas Raiders
2e523fcb0497aa689473e290eb2b97de,Las Vegas Raiders @ New Orleans Saints,Chris Olave,betonlineag,BetOnline.ag,receptions,Receptions,over,6.5,125,6.5157365206,0.5,0.0,0.4444444444,0.4170616114,0.4334891628,6.5,3,555.5555555556,12.5,Calibration fitted; not prospectively validated,2026-09-26T13:04:57Z,2026-09-27T20:25:00Z,Sun 4:25 PM ET,New Orleans Saints,Las Vegas Raiders
2e523fcb0497aa689473e290eb2b97de,Las Vegas Raiders @ New Orleans Saints,Juwan Johnson,betonlineag,BetOnline.ag,receptions,Receptions,over,3.5,107,3.7392433777,0.5408805031,0.0,0.4830917874,0.4537429043,0.4462125409,3.5,4,577.8871570504,11.9622641509,Calibration fitted; not prospectively validated,2026-09-26T13:04:57Z,2026-09-27T20:25:00Z,Sun 4:25 PM ET,New Orleans Saints,Las Vegas Raiders
2e523fcb0497aa689473e290eb2b97de,Las Vegas Raiders @ New Orleans Saints,Devaughn Vele,betonlineag,BetOnline.ag,receptions,Receptions,under,3.5,125,3.9765331068,0.4524271845,0.0,0.4444444444,0.4170616114,0.4170616114,4.5,1,79.8274002158,1.7961165049,Calibration fitted; not prospectively validated,2026-09-26T13:04:57Z,2026-09-27T20:25:00Z,Sun 4:25 PM ET,New Orleans Saints,Las Vegas Raiders
2e523fcb0497aa689473e290eb2b97de,Las Vegas Raiders @ New Orleans Saints,Ashton Jeanty,betonlineag,BetOnline.ag,rush_attempts,Rushing attempts,under,18.5,-122,14.2930632855,0.5945945946,0.0,0.5495495495,0.5164392569,0.5164392569,18.5,3,450.4504504505,8.1967213115,Calibration fitted; not prospectively validated,2026-09-26T13:04:57Z,2026-09-27T20:25:00Z,Sun 4:25 PM ET,New Orleans Saints,Las Vegas Raiders
2e523fcb0497aa689473e290eb2b97de,Las Vegas Raiders @ New Orleans Saints,Tyler Shough,betonlineag,BetOnline.ag,rush_yds,Rushing yards,over,14.5,-115,27.380830563,0.5647668394,0.0,0.5348837209,0.5030953364,0.5,14.5,4,298.8311844801,5.5868438838,Calibration fitted; not prospectively validated,2026-09-26T13:04:57Z,2026-09-27T20:25:00Z,Sun 4:25 PM ET,New Orleans Saints,Las Vegas Raiders
2e523fcb0497aa689473e290eb2b97de,Las Vegas Raiders @ New Orleans Saints,Ashton Jeanty,betonlineag,BetOnline.ag,rush_yds,Rushing yards,under,69.5,-114,50.2056087813,0.5647668394,0.0,0.5327102804,0.5,0.5,69.5,5,320.5655900441,6.0176347605,Calibration fitted; not prospectively validated,2026-09-26T13:04:57Z,2026-09-27T20:25:00Z,Sun 4:25 PM ET,New Orleans Saints,Las Vegas Raiders
2e523fcb0497aa689473e290eb2b97de,Las Vegas Raiders @ New Orleans Saints,Alvin Kamara,betonlineag,BetOnline.ag,rush_yds,Rushing yards,over,27.5,-114,43.9990473864,0.5647668394,0.0,0.5327102804,0.5,0.5,27.5,5,320.5655900441,6.0176347605,Calibration fitted; not prospectively validated,2026-09-26T13:04:57Z,2026-09-27T20:25:00Z,Sun 4:25 PM ET,New Orleans Saints,Las Vegas Raiders
2e523fcb0497aa689473e290eb2b97de,Las Vegas Raiders @ New Orleans Saints,Chris Olave,betmgm,BetMGM,receptions,Receptions,over,6.5,105,6.5157365206,0.5,0.0,0.487804878,0.4554079696,0.4334891628,6.5,3,121.9512195122,2.5,Calibration fitted; not prospectively validated,2026-09-26T13:03:15Z,2026-09-27T20:25:00Z,Sun 4:25 PM ET,New Orleans Saints,Las Vegas Raiders
2e523fcb0497aa689473e290eb2b97de,Las Vegas Raiders @ New Orleans Saints,Ashton Jeanty,betmgm,BetMGM,receptions,Receptions,under,3.5,125,2.7015921652,0.5475728155,0.0,0.4444444444,0.416502947,0.4250232435,3.5,5,1031.2837108954,23.2038834951,Calibration fitted; not prospectively validated,2026-09-26T13:03:15Z,2026-09-27T20:25:00Z,Sun 4:25 PM ET,New Orleans Saints,Las Vegas Raiders
2e523fcb0497aa689473e290eb2b97de,Las Vegas Raiders @ New Orleans Saints,Tre Tucker,betmgm,BetMGM,receptions,Receptions,under,3.5,-115,3.1400997454,0.5420560748,0.0,0.5348837209,0.5,0.5,3.5,5,71.7235383612,1.3409183259,Calibration fitted; not prospectively validated,2026-09-26T13:03:15Z,2026-09-27T20:25:00Z,Sun 4:25 PM ET,New Orleans Saints,Las Vegas Raiders
2e523fcb0497aa689473e290eb2b97de,Las Vegas Raiders @ New Orleans Saints,Ashton Jeanty,betmgm,BetMGM,rush_attempts,Rushing attempts,under,17.5,-105,14.2930632855,0.5526315789,0.0,0.512195122,0.4753937008,0.4711519864,18.5,2,404.3645699615,7.8947368421,Calibration fitted; not prospectively validated,2026-09-26T13:03:15Z,2026-09-27T20:25:00Z,Sun 4:25 PM ET,New Orleans Saints,Las Vegas Raiders
2e523fcb0497aa689473e290eb2b97de,Las Vegas Raiders @ New Orleans Saints,Ashton Jeanty,betmgm,BetMGM,rush_yds,Rushing yards,under,69.5,-115,50.2056087813,0.5647668394,0.0,0.5348837209,0.5,0.5,69.5,5,298.8311844801,5.5868438838,Calibration fitted; not prospectively validated,2026-09-26T13:03:15Z,2026-09-27T20:25:00Z,Sun 4:25 PM ET,New Orleans Saints,Las Vegas Raiders
2e523fcb0497aa689473e290eb2b97de,Las Vegas Raiders @ New Orleans Saints,Tyler Shough,betmgm,BetMGM,rush_yds,Rushing yards,over,14.5,-115,27.380830563,0.5647668394,0.0,0.5348837209,0.5,0.5,14.5,4,298.8311844801,5.5868438838,Calibration fitted; not prospectively validated,2026-09-26T13:03:15Z,2026-09-27T20:25:00Z,Sun 4:25 PM ET,New Orleans Saints,Las Vegas Raiders
2e523fcb0497aa689473e290eb2b97de,Las Vegas Raiders @ New Orleans Saints,Alvin Kamara,bovada,Bovada,receptions,Receptions,over,3.5,130,3.9661332263,0.5420560748,0.0,0.4347826087,0.4084720121,0.4037905653,3.5,3,1072.734660707,24.6728971963,Calibration fitted; not prospectively validated,2026-09-26T13:04:43Z,2026-09-27T20:25:00Z,Sun 4:25 PM ET,New Orleans Saints,Las Vegas Raiders
2e523fcb0497aa689473e290eb2b97de,Las Vegas Raiders @ New Orleans Saints,Ashton Jeanty,bovada,Bovada,receptions,Receptions,under,3.5,120,2.7015921652,0.5475728155,0.0,0.4545454545,0.4248366013,0.4250232435,3.5,5,930.2736098853,20.4660194175,Calibration fitted; not prospectively validated,2026-09-26T13:04:43Z,2026-09-27T20:25:00Z,Sun 4:25 PM ET,New Orleans Saints,Las Vegas Raiders
2e523fcb0497aa689473e290eb2b97de,Las Vegas Raiders @ New Orleans Saints,Bryce Lance,bovada,Bovada,receptions,Receptions,over,1.5,105,3.2404602722,0.5475728155,0.0,0.487804878,0.4592085979,0.4606084233,1.5,2,597.679374852,12.2524271845,Calibration fitted; not prospectively validated,2026-09-26T13:04:43Z,2026-09-27T20:25:00Z,Sun 4:25 PM ET,New Orleans Saints,Las Vegas Raiders
2e523fcb0497aa689473e290eb2b97de,Las Vegas Raiders @ New Orleans Saints,Devaughn Vele,bovada,Bovada,receptions,Receptions,over,4.5,130,3.9765331068,0.4524271845,0.0,0.4347826087,0.4084720121,0.4154387404,4.5,4,176.4457577037,4.0582524272,Calibration fitted; not prospectively validated,2026-09-26T13:04:43Z,2026-09-27T20:25:00Z,Sun 4:25 PM ET,New Orleans Saints,Las Vegas Raiders
2e523fcb0497aa689473e290eb2b97de,Las Vegas Raiders @ New Orleans Saints,Juwan Johnson,bovada,Bovada,receptions,Receptions,over,3.5,115,3.7392433777,0.5408805031,0.0,0.4651162791,0.4366812227,0.4462125409,3.5,4,757.6422407489,16.2893081761,Calibration fitted; not prospectively validated,2026-09-26T13:04:43Z,2026-09-27T20:25:00Z,Sun 4:25 PM ET,New Orleans Saints,Las Vegas Raiders
2e523fcb0497aa689473e290eb2b97de,Las Vegas Raiders @ New Orleans Saints,Travis Etienne,bovada,Bovada,receptions,Receptions,over,1.5,-130,3.1115580328,0.5789473684,0.0,0.5652173913,0.5306122449,0.5310164042,1.5,3,137.299771167,2.4291497976,Calibration fitted; not prospectively validated,2026-09-26T13:04:43Z,2026-09-27T20:25:00Z,Sun 4:25 PM ET,New Orleans Saints,Las Vegas Raiders
2e523fcb0497aa689473e290eb2b97de,Las Vegas Raiders @ New Orleans Saints,Tre Tucker,bovada,Bovada,receptions,Receptions,under,3.5,-115,3.1400997454,0.5420560748,0.0,0.5348837209,0.5,0.5,3.5,5,71.7235383612,1.3409183259,Calibration fitted; not prospectively validated,2026-09-26T13:04:43Z,2026-09-27T20:25:00Z,Sun 4:25 PM ET,New Orleans Saints,Las Vegas Raiders
2e523fcb0497aa689473e290eb2b97de,Las Vegas Raiders @ New Orleans Saints,Ashton Jeanty,bovada,Bovada,rush_attempts,Rushing attempts,under,18.5,-115,14.2930632855,0.5945945946,0.0,0.5348837209,0.5,0.5164392569,18.5,3,597.1087366436,11.1633372503,Calibration fitted; not prospectively validated,2026-09-26T13:04:43Z,2026-09-27T20:25:00Z,Sun 4:25 PM ET,New Orleans Saints,Las Vegas Raiders
2e523fcb0497aa689473e290eb2b97de,Las Vegas Raiders @ New Orleans Saints,Alvin Kamara,bovada,Bovada,rush_yds,Rushing yards,over,27.5,-120,43.9990473864,0.5647668394,0.0,0.5454545455,0.5101214575,0.5,27.5,5,193.1229392369,3.5405872193,Calibration fitted; not prospectively validated,2026-09-26T13:04:43Z,2026-09-27T20:25:00Z,Sun 4:25 PM ET,New Orleans Saints,Las Vegas Raiders
2e523fcb0497aa689473e290eb2b97de,Las Vegas Raiders @ New Orleans Saints,Ashton Jeanty,bovada,Bovada,rush_yds,Rushing yards,under,69.5,-115,50.2056087813,0.5647668394,0.0,0.5348837209,0.5,0.5,69.5,5,298.8311844801,5.5868438838,Calibration fitted; not prospectively validated,2026-09-26T13:04:43Z,2026-09-27T20:25:00Z,Sun 4:25 PM ET,New Orleans Saints,Las Vegas Raiders
2e523fcb0497aa689473e290eb2b97de,Las Vegas Raiders @ New Orleans Saints,Tyler Shough,bovada,Bovada,rush_yds,Rushing yards,over,15.5,-110,27.380830563,0.5647668394,0.0,0.5238095238,0.4898785425,0.4917793808,14.5,2,409.5731556871,7.8191238813,Calibration fitted; not prospectively validated,2026-09-26T13:04:43Z,2026-09-27T20:25:00Z,Sun 4:25 PM ET,New Orleans Saints,Las Vegas Raiders
2e523fcb0497aa689473e290eb2b97de,Las Vegas Raiders @ New Orleans Saints,Chris Olave,fanatics,Fanatics,receptions,Receptions,over,6.5,115,6.5157365206,0.5,0.0,0.4651162791,0.4334891628,0.4334891628,6.5,3,348.8372093023,7.5,Calibration fitted; not prospectively validated,2026-09-26T13:05:26Z,2026-09-27T20:25:00Z,Sun 4:25 PM ET,New Orleans Saints,Las Vegas Raiders
2e523fcb0497aa689473e290eb2b97de,Las Vegas Raiders @ New Orleans Saints,Ashton Jeanty,fanatics,Fanatics,rush_attempts,Rushing attempts,under,18.5,-140,14.2930632855,0.5945945946,0.0,0.5833333333,0.5445920304,0.5164392569,18.5,3,112.6126126126,1.9305019305,Calibration fitted; not prospectively validated,2026-09-26T13:04:16Z,2026-09-27T20:25:00Z,Sun 4:25 PM ET,New Orleans Saints,Las Vegas Raiders
2e523fcb0497aa689473e290eb2b97de,Las Vegas Raiders @ New Orleans Saints,Ashton Jeanty,fanatics,Fanatics,rush_yds,Rushing yards,under,70.5,-115,50.2056087813,0.5647668394,0.0,0.5348837209,0.5,0.5,69.5,1,298.8311844801,5.5868438838,Calibration fitted; not prospectively validated,2026-09-26T13:05:26Z,2026-09-27T20:25:00Z,Sun 4:25 PM ET,New Orleans Saints,Las Vegas Raiders
3bfd8bfb4b8e9a365a0877879b73b16b,Los Angeles Rams @ Denver Broncos,Bo Nix,draftkings,DraftKings,pass_attempts,Passing attempts,under,33.5,-115,28.9656587026,0.6363636364,0.0,0.5348837209,0.5041554124,0.5020777062,33.5,4,1014.799154334,18.9723320158,Calibration fitted; not prospectively validated,2026-09-26T13:05:32Z,2026-09-28T00:20:00Z,Sun 8:20 PM ET,Denver Broncos,Los Angeles Rams
3bfd8bfb4b8e9a365a0877879b73b16b,Los Angeles Rams @ Denver Broncos,Matthew Stafford,draftkings,DraftKings,pass_attempts,Passing attempts,under,33.5,-120,29.591359183,0.6363636364,0.0,0.5454545455,0.5145711907,0.5101897756,33.5,4,909.0909090909,16.6666666667,Calibration fitted; not prospectively validated,2026-09-26T13:05:32Z,2026-09-28T00:20:00Z,Sun 8:20 PM ET,Denver Broncos,Los Angeles Rams
3bfd8bfb4b8e9a365a0877879b73b16b,Los Angeles Rams @ Denver Broncos,Bo Nix,draftkings,DraftKings,pass_tds,Passing touchdowns,over,1.5,129,1.06,0.4821981424,0.0,0.4366812227,0.4116754883,0.4100737502,1.5,6,455.1691970744,10.423374613,Calibration fitted; not prospectively validated,2026-09-26T13:05:32Z,2026-09-28T00:20:00Z,Sun 8:20 PM ET,Denver Broncos,Los Angeles Rams
3bfd8bfb4b8e9a365a0877879b73b16b,Los Angeles Rams @ Denver Broncos,Bo Nix,fanduel,FanDuel,pass_tds,Passing touchdowns,over,1.5,126,1.06,0.4821981424,0.0,0.4424778761,0.413784585,0.4100737502,1.5,6,397.2026630867,8.9767801858,Calibration fitted; not prospectively validated,2026-09-26T13:05:54Z,2026-09-28T00:20:00Z,Sun 8:20 PM ET,Denver Broncos,Los Angeles Rams
3bfd8bfb4b8e9a365a0877879b73b16b,Los Angeles Rams @ Denver Broncos,Bo Nix,betrivers,BetRivers,pass_tds,Passing touchdowns,over,1.5,125,1.06,0.4821981424,0.0,0.4444444444,0.4154025671,0.4100737502,1.5,6,377.5369797042,8.4945820433,Calibration fitted; not prospectively validated,2026-09-26T13:05:30Z,2026-09-28T00:20:00Z,Sun 8:20 PM ET,Denver Broncos,Los Angeles Rams
3bfd8bfb4b8e9a365a0877879b73b16b,Los Angeles Rams @ Denver Broncos,Bo Nix,betonlineag,BetOnline.ag,pass_attempts,Passing attempts,under,33.5,-114,28.9656587026,0.6363636364,0.0,0.5327102804,0.5,0.5020777062,33.5,4,1036.533559898,19.4577352472,Calibration fitted; not prospectively validated,2026-09-26T13:05:30Z,2026-09-28T00:20:00Z,Sun 8:20 PM ET,Denver Broncos,Los Angeles Rams
3bfd8bfb4b8e9a365a0877879b73b16b,Los Angeles Rams @ Denver Broncos,Matthew Stafford,betonlineag,BetOnline.ag,pass_attempts,Passing attempts,under,33.5,-119,29.591359183,0.6363636364,0.0,0.5433789954,0.5102580936,0.5101897756,33.5,4,929.8464092985,17.1122994652,Calibration fitted; not prospectively validated,2026-09-26T13:05:30Z,2026-09-28T00:20:00Z,Sun 8:20 PM ET,Denver Broncos,Los Angeles Rams
3bfd8bfb4b8e9a365a0877879b73b16b,Los Angeles Rams @ Denver Broncos,Bo Nix,betonlineag,BetOnline.ag,pass_tds,Passing touchdowns,over,1.5,132,1.06,0.4821981424,0.0,0.4310344828,0.4053409633,0.4100737502,1.5,6,511.6365965624,11.8699690402,Calibration fitted; not prospectively validated,2026-09-26T13:05:30Z,2026-09-28T00:20:00Z,Sun 8:20 PM ET,Denver Broncos,Los Angeles Rams
3bfd8bfb4b8e9a365a0877879b73b16b,Los Angeles Rams @ Denver Broncos,Bo Nix,betmgm,BetMGM,pass_attempts,Passing attempts,under,33.5,-115,28.9656587026,0.6363636364,0.0,0.5348837209,0.5,0.5020777062,33.5,4,1014.799154334,18.9723320158,Calibration fitted; not prospectively validated,2026-09-26T13:04:55Z,2026-09-28T00:20:00Z,Sun 8:20 PM ET,Denver Broncos,Los Angeles Rams
3bfd8bfb4b8e9a365a0877879b73b16b,Los Angeles Rams @ Denver Broncos,Matthew Stafford,betmgm,BetMGM,pass_attempts,Passing attempts,under,34.5,-120,29.591359183,0.6363636364,0.0,0.5454545455,0.5101214575,0.5101214575,33.5,1,909.0909090909,16.6666666667,Calibration fitted; not prospectively validated,2026-09-26T13:04:55Z,2026-09-28T00:20:00Z,Sun 8:20 PM ET,Denver Broncos,Los Angeles Rams
3bfd8bfb4b8e9a365a0877879b73b16b,Los Angeles Rams @ Denver Broncos,Bo Nix,betmgm,BetMGM,pass_tds,Passing touchdowns,over,1.5,135,1.06,0.4821981424,0.0,0.4255319149,0.3959708232,0.4100737502,1.5,6,566.6622752124,13.3165634675,Calibration fitted; not prospectively validated,2026-09-26T13:04:55Z,2026-09-28T00:20:00Z,Sun 8:20 PM ET,Denver Broncos,Los Angeles Rams
3bfd8bfb4b8e9a365a0877879b73b16b,Los Angeles Rams @ Denver Broncos,Bo Nix,bovada,Bovada,pass_attempts,Passing attempts,under,33.5,-120,28.9656587026,0.6363636364,0.0,0.5454545455,0.5101214575,0.5020777062,33.5,4,909.0909090909,16.6666666667,Calibration fitted; not prospectively validated,2026-09-26T13:05:33Z,2026-09-28T00:20:00Z,Sun 8:20 PM ET,Denver Broncos,Los Angeles Rams
3bfd8bfb4b8e9a365a0877879b73b16b,Los Angeles Rams @ Denver Broncos,Matthew Stafford,bovada,Bovada,pass_attempts,Passing attempts,under,33.5,-120,29.591359183,0.6363636364,0.0,0.5454545455,0.5101214575,0.5101897756,33.5,4,909.0909090909,16.6666666667,Calibration fitted; not prospectively validated,2026-09-26T13:05:33Z,2026-09-28T00:20:00Z,Sun 8:20 PM ET,Denver Broncos,Los Angeles Rams
3bfd8bfb4b8e9a365a0877879b73b16b,Los Angeles Rams @ Denver Broncos,Bo Nix,bovada,Bovada,pass_tds,Passing touchdowns,over,1.5,130,1.06,0.4821981424,0.0,0.4347826087,0.4084720121,0.4100737502,1.5,6,474.1553371921,10.9055727554,Calibration fitted; not prospectively validated,2026-09-26T13:05:33Z,2026-09-28T00:20:00Z,Sun 8:20 PM ET,Denver Broncos,Los Angeles Rams
3bfd8bfb4b8e9a365a0877879b73b16b,Los Angeles Rams @ Denver Broncos,Matthew Stafford,fanatics,Fanatics,pass_attempts,Passing attempts,under,33.5,-120,29.591359183,0.6363636364,0.0,0.5454545455,0.5101214575,0.5101897756,33.5,4,909.0909090909,16.6666666667,Calibration fitted; not prospectively validated,2026-09-26T13:05:25Z,2026-09-28T00:20:00Z,Sun 8:20 PM ET,Denver Broncos,Los Angeles Rams
3bfd8bfb4b8e9a365a0877879b73b16b,Los Angeles Rams @ Denver Broncos,Jaylen Waddle,draftkings,DraftKings,receptions,Receptions,under,4.5,115,4.2235538407,0.5408805031,0.0,0.4651162791,0.4386821774,0.4386821774,4.5,5,757.6422407489,16.2893081761,Calibration fitted; not prospectively validated,2026-09-26T13:05:32Z,2026-09-28T00:20:00Z,Sun 8:20 PM ET,Denver Broncos,Los Angeles Rams
3bfd8bfb4b8e9a365a0877879b73b16b,Los Angeles Rams @ Denver Broncos,Terrance Ferguson,draftkings,DraftKings,receptions,Receptions,under,3.5,123,1.978368024,0.5789473684,0.0,0.4484304933,0.4233170266,0.416502947,3.5,5,1305.1687514751,29.1052631579,Calibration fitted; not prospectively validated,2026-09-26T13:05:32Z,2026-09-28T00:20:00Z,Sun 8:20 PM ET,Denver Broncos,Los Angeles Rams
3bfd8bfb4b8e9a365a0877879b73b16b,Los Angeles Rams @ Denver Broncos,Courtland Sutton,draftkings,DraftKings,receptions,Receptions,over,3.5,104,3.4934927329,0.5,0.0,0.4901960784,0.4628151931,0.4592085979,3.5,5,98.0392156863,2.0,Calibration fitted; not prospectively validated,2026-09-26T13:05:32Z,2026-09-28T00:20:00Z,Sun 8:20 PM ET,Denver Broncos,Los Angeles Rams
3bfd8bfb4b8e9a365a0877879b73b16b,Los Angeles Rams @ Denver Broncos,Evan Engram,draftkings,DraftKings,receptions,Receptions,over,2.5,-120,3.8067072374,0.5475728155,0.0,0.5454545455,0.5134353038,0.5101214575,2.5,5,21.1827007944,0.3883495146,Calibration fitted; not prospectively validated,2026-09-26T13:05:32Z,2026-09-28T00:20:00Z,Sun 8:20 PM ET,Denver Broncos,Los Angeles Rams
3bfd8bfb4b8e9a365a0877879b73b16b,Los Angeles Rams @ Denver Broncos,Pat Bryant,draftkings,DraftKings,receptions,Receptions,under,2.5,-116,1.689437291,0.5475728155,0.0,0.537037037,0.506234414,0.506234414,2.5,5,105.3577849694,1.9618346167,Calibration fitted; not prospectively validated,2026-09-26T13:05:32Z,2026-09-28T00:20:00Z,Sun 8:20 PM ET,Denver Broncos,Los Angeles Rams
3bfd8bfb4b8e9a365a0877879b73b16b,Los Angeles Rams @ Denver Broncos,Kyren Williams,draftkings,DraftKings,receptions,Receptions,over,2.5,149,2.1813633784,0.4579439252,0.0,0.4016064257,0.3796031777,0.3886781856,2.5,4,563.3749953083,14.0280373832,Calibration fitted; not prospectively validated,2026-09-26T13:05:32Z,2026-09-28T00:20:00Z,Sun 8:20 PM ET,Denver Broncos,Los Angeles Rams
3bfd8bfb4b8e9a365a0877879b73b16b,Los Angeles Rams @ Denver Broncos,Kyren Williams,draftkings,DraftKings,rush_attempts,Rushing attempts,over,12.5,101,13.5976373379,0.506993007,0.0,0.4975124378,0.4698318497,0.4698318497,12.5,3,94.8056918206,1.9055944056,Calibration fitted; not prospectively validated,2026-09-26T13:05:32Z,2026-09-28T00:20:00Z,Sun 8:20 PM ET,Denver Broncos,Los Angeles Rams
3bfd8bfb4b8e9a365a0877879b73b16b,Los Angeles Rams @ Denver Broncos,Blake Corum,draftkings,DraftKings,rush_attempts,Rushing attempts,over,11.5,104,9.4937719578,0.4915254237,0.0,0.4901960784,0.4628151931,0.4628151931,11.5,3,13.2934529744,0.2711864407,Calibration fitted; not prospectively validated,2026-09-26T13:05:32Z,2026-09-28T00:20:00Z,Sun 8:20 PM ET,Denver Broncos,Los Angeles Rams
3bfd8bfb4b8e9a365a0877879b73b16b,Los Angeles Rams @ Denver Broncos,Kyren Williams,draftkings,DraftKings,rush_yds,Rushing yards,over,52.5,-112,68.0244457294,0.5647668394,0.0,0.5283018868,0.5,0.5,52.5,4,364.6495258579,6.9022945966,Calibration fitted; not prospectively validated,2026-09-26T13:05:32Z,2026-09-28T00:20:00Z,Sun 8:20 PM ET,Denver Broncos,Los Angeles Rams
3bfd8bfb4b8e9a365a0877879b73b16b,Los Angeles Rams @ Denver Broncos,RJ Harvey,draftkings,DraftKings,rush_yds,Rushing yards,over,19.5,-117,34.4300118377,0.5647668394,0.0,0.5391705069,0.5105400734,0.5051597457,19.5,5,255.963324658,4.7473539702,Calibration fitted; not prospectively validated,2026-09-26T13:05:32Z,2026-09-28T00:20:00Z,Sun 8:20 PM ET,Denver Broncos,Los Angeles Rams
3bfd8bfb4b8e9a365a0877879b73b16b,Los Angeles Rams @ Denver Broncos,Matthew Stafford,draftkings,DraftKings,rush_yds,Rushing yards,over,0.5,136,9.4078147542,0.5647668394,0.0,0.4237288136,0.4017433586,0.4017433586,0.5,3,1410.3802581892,33.2849740933,Calibration fitted; not prospectively validated,2026-09-26T13:05:32Z,2026-09-28T00:20:00Z,Sun 8:20 PM ET,Denver Broncos,Los Angeles Rams
3bfd8bfb4b8e9a365a0877879b73b16b,Los Angeles Rams @ Denver Broncos,Evan Engram,fanduel,FanDuel,receptions,Receptions,over,2.5,-112,3.8067072374,0.5475728155,0.0,0.5283018868,0.4939310568,0.5101214575,2.5,5,192.7092874153,3.6477115118,Calibration fitted; not prospectively validated,2026-09-26T13:05:54Z,2026-09-28T00:20:00Z,Sun 8:20 PM ET,Denver Broncos,Los Angeles Rams
3bfd8bfb4b8e9a365a0877879b73b16b,Los Angeles Rams @ Denver Broncos,Pat Bryant,fanduel,FanDuel,receptions,Receptions,under,2.5,-112,1.689437291,0.5475728155,0.0,0.5283018868,0.4939310568,0.506234414,2.5,5,192.7092874153,3.6477115118,Calibration fitted; not prospectively validated,2026-09-26T13:05:54Z,2026-09-28T00:20:00Z,Sun 8:20 PM ET,Denver Broncos,Los Angeles Rams
3bfd8bfb4b8e9a365a0877879b73b16b,Los Angeles Rams @ Denver Broncos,Terrance Ferguson,fanduel,FanDuel,receptions,Receptions,under,3.5,128,1.978368024,0.5789473684,0.0,0.4385964912,0.4095398699,0.416502947,3.5,5,1403.5087719298,32.0,Calibration fitted; not prospectively validated,2026-09-26T13:05:54Z,2026-09-28T00:20:00Z,Sun 8:20 PM ET,Denver Broncos,Los Angeles Rams
3bfd8bfb4b8e9a365a0877879b73b16b,Los Angeles Rams @ Denver Broncos,Jaylen Waddle,fanduel,FanDuel,receptions,Receptions,under,4.5,116,4.2235538407,0.5408805031,0.0,0.462962963,0.4329742261,0.4386821774,4.5,5,779.1754018169,16.8301886792,Calibration fitted; not prospectively validated,2026-09-26T13:05:54Z,2026-09-28T00:20:00Z,Sun 8:20 PM ET,Denver Broncos,Los Angeles Rams
3bfd8bfb4b8e9a365a0877879b73b16b,Los Angeles Rams @ Denver Broncos,RJ Harvey,fanduel,FanDuel,receptions,Receptions,over,2.5,-102,2.6343276098,0.5408805031,0.0,0.504950495,0.471842317,0.471842317,2.5,1,359.3000809515,7.1155506228,Calibration fitted; not prospectively validated,2026-09-26T13:05:54Z,2026-09-28T00:20:00Z,Sun 8:20 PM ET,Denver Broncos,Los Angeles Rams
3bfd8bfb4b8e9a365a0877879b73b16b,Los Angeles Rams @ Denver Broncos,Courtland Sutton,fanduel,FanDuel,receptions,Receptions,over,3.5,102,3.4934927329,0.5,0.0,0.495049505,0.4620927318,0.4592085979,3.5,5,49.504950495,1.0,Calibration fitted; not prospectively validated,2026-09-26T13:05:54Z,2026-09-28T00:20:00Z,Sun 8:20 PM ET,Denver Broncos,Los Angeles Rams
3bfd8bfb4b8e9a365a0877879b73b16b,Los Angeles Rams @ Denver Broncos,Kyren Williams,fanduel,FanDuel,receptions,Receptions,over,2.5,124,2.1813633784,0.4579439252,0.0,0.4464285714,0.4170324846,0.3886781856,2.5,4,115.1535380507,2.5794392523,Calibration fitted; not prospectively validated,2026-09-26T13:05:54Z,2026-09-28T00:20:00Z,Sun 8:20 PM ET,Denver Broncos,Los Angeles Rams
3bfd8bfb4b8e9a365a0877879b73b16b,Los Angeles Rams @ Denver Broncos,Matthew Stafford,fanduel,FanDuel,rush_yds,Rushing yards,over,0.5,108,9.4078147542,0.5647668394,0.0,0.4807692308,0.4518072289,0.4017433586,0.5,3,839.9760860901,17.4715025907,Calibration fitted; not prospectively validated,2026-09-26T13:05:54Z,2026-09-28T00:20:00Z,Sun 8:20 PM ET,Denver Broncos,Los Angeles Rams
3bfd8bfb4b8e9a365a0877879b73b16b,Los Angeles Rams @ Denver Broncos,RJ Harvey,fanduel,FanDuel,rush_yds,Rushing yards,over,19.5,-114,34.4300118377,0.5647668394,0.0,0.5327102804,0.5,0.5051597457,19.5,5,320.5655900441,6.0176347605,Calibration fitted; not prospectively validated,2026-09-26T13:05:54Z,2026-09-28T00:20:00Z,Sun 8:20 PM ET,Denver Broncos,Los Angeles Rams
3bfd8bfb4b8e9a365a0877879b73b16b,Los Angeles Rams @ Denver Broncos,Kyren Williams,betrivers,BetRivers,receptions,Receptions,over,2.5,135,2.1813633784,0.4579439252,0.0,0.4255319149,,0.3886781856,2.5,4,324.1201034003,7.6168224299,Calibration fitted; not prospectively validated,2026-09-26T13:05:30Z,2026-09-28T00:20:00Z,Sun 8:20 PM ET,Denver Broncos,Los Angeles Rams
3bfd8bfb4b8e9a365a0877879b73b16b,Los Angeles Rams @ Denver Broncos,RJ Harvey,betrivers,BetRivers,rush_yds,Rushing yards,over,19.5,-115,34.4300118377,0.5647668394,0.0,0.5348837209,0.5,0.5051597457,19.5,5,298.8311844801,5.5868438838,Calibration fitted; not prospectively validated,2026-09-26T13:05:30Z,2026-09-28T00:20:00Z,Sun 8:20 PM ET,Denver Broncos,Los Angeles Rams
3bfd8bfb4b8e9a365a0877879b73b16b,Los Angeles Rams @ Denver Broncos,Kyren Williams,betrivers,BetRivers,rush_yds,Rushing yards,over,51.5,-115,68.0244457294,0.5647668394,0.0,0.5348837209,0.5,0.5,52.5,1,298.8311844801,5.5868438838,Calibration fitted; not prospectively validated,2026-09-26T13:05:30Z,2026-09-28T00:20:00Z,Sun 8:20 PM ET,Denver Broncos,Los Angeles Rams
3bfd8bfb4b8e9a365a0877879b73b16b,Los Angeles Rams @ Denver Broncos,Jaylen Waddle,betonlineag,BetOnline.ag,receptions,Receptions,under,4.5,117,4.2235538407,0.5408805031,0.0,0.4608294931,0.4331087584,0.4386821774,4.5,5,800.510100571,17.3710691824,Calibration fitted; not prospectively validated,2026-09-26T13:05:30Z,2026-09-28T00:20:00Z,Sun 8:20 PM ET,Denver Broncos,Los Angeles Rams
3bfd8bfb4b8e9a365a0877879b73b16b,Los Angeles Rams @ Denver Broncos,Courtland Sutton,betonlineag,BetOnline.ag,receptions,Receptions,over,3.5,106,3.4934927329,0.5,0.0,0.4854368932,0.4564539116,0.4592085979,3.5,5,145.6310679612,3.0,Calibration fitted; not prospectively validated,2026-09-26T13:05:30Z,2026-09-28T00:20:00Z,Sun 8:20 PM ET,Denver Broncos,Los Angeles Rams
3bfd8bfb4b8e9a365a0877879b73b16b,Los Angeles Rams @ Denver Broncos,Pat Bryant,betonlineag,BetOnline.ag,receptions,Receptions,under,2.5,-116,1.689437291,0.5475728155,0.0,0.537037037,0.5051597457,0.506234414,2.5,5,105.3577849694,1.9618346167,Calibration fitted; not prospectively validated,2026-09-26T13:05:30Z,2026-09-28T00:20:00Z,Sun 8:20 PM ET,Denver Broncos,Los Angeles Rams
3bfd8bfb4b8e9a365a0877879b73b16b,Los Angeles Rams @ Denver Broncos,Kyren Williams,betonlineag,BetOnline.ag,receptions,Receptions,over,2.5,136,2.1813633784,0.4579439252,0.0,0.4237288136,0.3977531934,0.3886781856,2.5,4,342.1511167432,8.0747663551,Calibration fitted; not prospectively validated,2026-09-26T13:05:30Z,2026-09-28T00:20:00Z,Sun 8:20 PM ET,Denver Broncos,Los Angeles Rams
3bfd8bfb4b8e9a365a0877879b73b16b,Los Angeles Rams @ Denver Broncos,Terrance Ferguson,betonlineag,BetOnline.ag,receptions,Receptions,under,3.5,130,1.978368024,0.5789473684,0.0,0.4347826087,0.4090010643,0.416502947,3.5,5,1441.647597254,33.1578947368,Calibration fitted; not prospectively validated,2026-09-26T13:05:30Z,2026-09-28T00:20:00Z,Sun 8:20 PM ET,Denver Broncos,Los Angeles Rams
3bfd8bfb4b8e9a365a0877879b73b16b,Los Angeles Rams @ Denver Broncos,Kyren Williams,betonlineag,BetOnline.ag,rush_attempts,Rushing attempts,over,12.5,-101,13.5976373379,0.506993007,0.0,0.5024875622,0.4723111002,0.4698318497,12.5,3,45.0544480395,0.8966281244,Calibration fitted; not prospectively validated,2026-09-26T13:05:30Z,2026-09-28T00:20:00Z,Sun 8:20 PM ET,Denver Broncos,Los Angeles Rams
3bfd8bfb4b8e9a365a0877879b73b16b,Los Angeles Rams @ Denver Broncos,Kyren Williams,betonlineag,BetOnline.ag,rush_yds,Rushing yards,over,52.5,-114,68.0244457294,0.5647668394,0.0,0.5327102804,0.5,0.5,52.5,4,320.5655900441,6.0176347605,Calibration fitted; not prospectively validated,2026-09-26T13:05:30Z,2026-09-28T00:20:00Z,Sun 8:20 PM ET,Denver Broncos,Los Angeles Rams
3bfd8bfb4b8e9a365a0877879b73b16b,Los Angeles Rams @ Denver Broncos,RJ Harvey,betonlineag,BetOnline.ag,rush_yds,Rushing yards,over,19.5,-116,34.4300118377,0.5647668394,0.0,0.537037037,0.5051597457,0.5051597457,19.5,5,277.298023412,5.1634804359,Calibration fitted; not prospectively validated,2026-09-26T13:05:30Z,2026-09-28T00:20:00Z,Sun 8:20 PM ET,Denver Broncos,Los Angeles Rams
3bfd8bfb4b8e9a365a0877879b73b16b,Los Angeles Rams @ Denver Broncos,Jaylen Waddle,betmgm,BetMGM,receptions,Receptions,under,4.5,105,4.2235538407,0.5408805031,0.0,0.487804878,0.4554079696,0.4386821774,4.5,5,530.7562509587,10.8805031447,Calibration fitted; not prospectively validated,2026-09-26T13:04:55Z,2026-09-28T00:20:00Z,Sun 8:20 PM ET,Denver Broncos,Los Angeles Rams
3bfd8bfb4b8e9a365a0877879b73b16b,Los Angeles Rams @ Denver Broncos,Evan Engram,betmgm,BetMGM,receptions,Receptions,over,2.5,-120,3.8067072374,0.5475728155,0.0,0.5454545455,0.5101214575,0.5101214575,2.5,5,21.1827007944,0.3883495146,Calibration fitted; not prospectively validated,2026-09-26T13:04:55Z,2026-09-28T00:20:00Z,Sun 8:20 PM ET,Denver Broncos,Los Angeles Rams
3bfd8bfb4b8e9a365a0877879b73b16b,Los Angeles Rams @ Denver Broncos,Pat Bryant,betmgm,BetMGM,receptions,Receptions,under,2.5,-120,1.689437291,0.5475728155,0.0,0.5454545455,0.5101214575,0.506234414,2.5,5,21.1827007944,0.3883495146,Calibration fitted; not prospectively validated,2026-09-26T13:04:55Z,2026-09-28T00:20:00Z,Sun 8:20 PM ET,Denver Broncos,Los Angeles Rams
3bfd8bfb4b8e9a365a0877879b73b16b,Los Angeles Rams @ Denver Broncos,Courtland Sutton,betmgm,BetMGM,receptions,Receptions,over,3.5,120,3.4934927329,0.5,0.0,0.4545454545,0.4248366013,0.4592085979,3.5,5,454.5454545455,10.0,Calibration fitted; not prospectively validated,2026-09-26T13:04:55Z,2026-09-28T00:20:00Z,Sun 8:20 PM ET,Denver Broncos,Los Angeles Rams
3bfd8bfb4b8e9a365a0877879b73b16b,Los Angeles Rams @ Denver Broncos,Kyren Williams,betmgm,BetMGM,receptions,Receptions,under,1.5,155,2.1813633784,0.4524271845,0.0,0.3921568627,0.3666469545,0.3666469545,2.5,1,602.7032172092,15.3689320388,Calibration fitted; not prospectively validated,2026-09-26T13:04:55Z,2026-09-28T00:20:00Z,Sun 8:20 PM ET,Denver Broncos,Los Angeles Rams
3bfd8bfb4b8e9a365a0877879b73b16b,Los Angeles Rams @ Denver Broncos,Terrance Ferguson,betmgm,BetMGM,receptions,Receptions,under,3.5,125,1.978368024,0.5789473684,0.0,0.4444444444,0.416502947,0.416502947,3.5,5,1345.0292397661,30.2631578947,Calibration fitted; not prospectively validated,2026-09-26T13:04:55Z,2026-09-28T00:20:00Z,Sun 8:20 PM ET,Denver Broncos,Los Angeles Rams
3bfd8bfb4b8e9a365a0877879b73b16b,Los Angeles Rams @ Denver Broncos,Kyren Williams,betmgm,BetMGM,rush_attempts,Rushing attempts,over,12.5,105,13.5976373379,0.506993007,0.0,0.487804878,0.4554079696,0.4698318497,12.5,3,191.8812894423,3.9335664336,Calibration fitted; not prospectively validated,2026-09-26T13:04:55Z,2026-09-28T00:20:00Z,Sun 8:20 PM ET,Denver Broncos,Los Angeles Rams
3bfd8bfb4b8e9a365a0877879b73b16b,Los Angeles Rams @ Denver Broncos,Kyren Williams,betmgm,BetMGM,rush_yds,Rushing yards,over,52.5,-115,68.0244457294,0.5647668394,0.0,0.5348837209,0.5,0.5,52.5,4,298.8311844801,5.5868438838,Calibration fitted; not prospectively validated,2026-09-26T13:04:55Z,2026-09-28T00:20:00Z,Sun 8:20 PM ET,Denver Broncos,Los Angeles Rams
3bfd8bfb4b8e9a365a0877879b73b16b,Los Angeles Rams @ Denver Broncos,Courtland Sutton,bovada,Bovada,receptions,Receptions,over,3.5,105,3.4934927329,0.5,0.0,0.487804878,0.4592085979,0.4592085979,3.5,5,121.9512195122,2.5,Calibration fitted; not prospectively validated,2026-09-26T13:05:33Z,2026-09-28T00:20:00Z,Sun 8:20 PM ET,Denver Broncos,Los Angeles Rams
3bfd8bfb4b8e9a365a0877879b73b16b,Los Angeles Rams @ Denver Broncos,Evan Engram,bovada,Bovada,receptions,Receptions,over,2.5,-120,3.8067072374,0.5475728155,0.0,0.5454545455,0.5101214575,0.5101214575,2.5,5,21.1827007944,0.3883495146,Calibration fitted; not prospectively validated,2026-09-26T13:05:33Z,2026-09-28T00:20:00Z,Sun 8:20 PM ET,Denver Broncos,Los Angeles Rams
3bfd8bfb4b8e9a365a0877879b73b16b,Los Angeles Rams @ Denver Broncos,Jaylen Waddle,bovada,Bovada,receptions,Receptions,under,4.5,110,4.2235538407,0.5408805031,0.0,0.4761904762,0.4458598726,0.4386821774,4.5,5,646.9002695418,13.5849056604,Calibration fitted; not prospectively validated,2026-09-26T13:05:33Z,2026-09-28T00:20:00Z,Sun 8:20 PM ET,Denver Broncos,Los Angeles Rams
3bfd8bfb4b8e9a365a0877879b73b16b,Los Angeles Rams @ Denver Broncos,Kyren Williams,bovada,Bovada,receptions,Receptions,over,2.5,150,2.1813633784,0.4579439252,0.0,0.4,0.375,0.3886781856,2.5,4,579.4392523364,14.4859813084,Calibration fitted; not prospectively validated,2026-09-26T13:05:33Z,2026-09-28T00:20:00Z,Sun 8:20 PM ET,Denver Broncos,Los Angeles Rams
3bfd8bfb4b8e9a365a0877879b73b16b,Los Angeles Rams @ Denver Broncos,Pat Bryant,bovada,Bovada,receptions,Receptions,under,2.5,-120,1.689437291,0.5475728155,0.0,0.5454545455,0.5101214575,0.506234414,2.5,5,21.1827007944,0.3883495146,Calibration fitted; not prospectively validated,2026-09-26T13:05:33Z,2026-09-28T00:20:00Z,Sun 8:20 PM ET,Denver Broncos,Los Angeles Rams
3bfd8bfb4b8e9a365a0877879b73b16b,Los Angeles Rams @ Denver Broncos,Terrance Ferguson,bovada,Bovada,receptions,Receptions,under,3.5,120,1.978368024,0.5789473684,0.0,0.4545454545,0.4248366013,0.416502947,3.5,5,1244.019138756,27.3684210526,Calibration fitted; not prospectively validated,2026-09-26T13:05:33Z,2026-09-28T00:20:00Z,Sun 8:20 PM ET,Denver Broncos,Los Angeles Rams
3bfd8bfb4b8e9a365a0877879b73b16b,Los Angeles Rams @ Denver Broncos,Kyren Williams,bovada,Bovada,rush_yds,Rushing yards,over,52.5,-115,68.0244457294,0.5647668394,0.0,0.5348837209,0.5,0.5,52.5,4,298.8311844801,5.5868438838,Calibration fitted; not prospectively validated,2026-09-26T13:05:33Z,2026-09-28T00:20:00Z,Sun 8:20 PM ET,Denver Broncos,Los Angeles Rams
3bfd8bfb4b8e9a365a0877879b73b16b,Los Angeles Rams @ Denver Broncos,Matthew Stafford,bovada,Bovada,rush_yds,Rushing yards,over,0.5,135,9.4078147542,0.5647668394,0.0,0.4255319149,0.3982930299,0.4017433586,0.5,3,1392.3492448462,32.7202072539,Calibration fitted; not prospectively validated,2026-09-26T13:05:33Z,2026-09-28T00:20:00Z,Sun 8:20 PM ET,Denver Broncos,Los Angeles Rams
3bfd8bfb4b8e9a365a0877879b73b16b,Los Angeles Rams @ Denver Broncos,RJ Harvey,bovada,Bovada,rush_yds,Rushing yards,over,19.5,-120,34.4300118377,0.5647668394,0.0,0.5454545455,0.5101214575,0.5051597457,19.5,5,193.1229392369,3.5405872193,Calibration fitted; not prospectively validated,2026-09-26T13:05:33Z,2026-09-28T00:20:00Z,Sun 8:20 PM ET,Denver Broncos,Los Angeles Rams
3bfd8bfb4b8e9a365a0877879b73b16b,Los Angeles Rams @ Denver Broncos,Jaylen Waddle,fanatics,Fanatics,receptions,Receptions,over,5.5,125,4.2235538407,0.4524271845,0.0,0.4444444444,0.4137931034,0.4137931034,4.5,1,79.8274002158,1.7961165049,Calibration fitted; not prospectively validated,2026-09-26T13:05:25Z,2026-09-28T00:20:00Z,Sun 8:20 PM ET,Denver Broncos,Los Angeles Rams
3bfd8bfb4b8e9a365a0877879b73b16b,Los Angeles Rams @ Denver Broncos,Blake Corum,fanatics,Fanatics,rush_attempts,Rushing attempts,over,11.5,105,9.4937719578,0.4915254237,0.0,0.487804878,0.4554079696,0.4628151931,11.5,3,37.2054568003,0.7627118644,Calibration fitted; not prospectively validated,2026-09-26T13:05:25Z,2026-09-28T00:20:00Z,Sun 8:20 PM ET,Denver Broncos,Los Angeles Rams
47dc7baa254659f3beb2ed2b38c207b6,Philadelphia Eagles @ Chicago Bears,Jalen Hurts,draftkings,DraftKings,pass_attempts,Passing attempts,over,27.5,-121,30.5679530643,0.5625,0.0,0.5475113122,0.5166631952,0.5175851448,27.5,4,149.8868778281,2.7376033058,Calibration fitted; not prospectively validated,2026-09-26T13:05:13Z,2026-09-29T00:15:00Z,Mon 8:15 PM ET,Chicago Bears,Philadelphia Eagles
47dc7baa254659f3beb2ed2b38c207b6,Philadelphia Eagles @ Chicago Bears,Jalen Hurts,draftkings,DraftKings,pass_tds,Passing touchdowns,over,1.5,123,2.35,0.5178018576,0.0,0.4484304933,0.4233170266,0.4186744609,1.5,7,693.713643116,15.4698142415,Calibration fitted; not prospectively validated,2026-09-26T13:05:13Z,2026-09-29T00:15:00Z,Mon 8:15 PM ET,Chicago Bears,Philadelphia Eagles
47dc7baa254659f3beb2ed2b38c207b6,Philadelphia Eagles @ Chicago Bears,Jalen Hurts,fanduel,FanDuel,pass_tds,Passing touchdowns,over,1.5,130,2.35,0.5178018576,0.0,0.4347826087,0.4064075942,0.4186744609,1.5,7,830.1924888949,19.0944272446,Calibration fitted; not prospectively validated,2026-09-26T13:05:22Z,2026-09-29T00:15:00Z,Mon 8:15 PM ET,Chicago Bears,Philadelphia Eagles
47dc7baa254659f3beb2ed2b38c207b6,Philadelphia Eagles @ Chicago Bears,Jalen Hurts,betrivers,BetRivers,pass_completions,Passing completions,over,18.5,105,20.2338605148,0.5,0.0,0.487804878,,0.4653465347,17.5,1,121.9512195122,2.5,Calibration fitted; not prospectively validated,2026-09-26T13:05:12Z,2026-09-29T00:15:00Z,Mon 8:15 PM ET,Chicago Bears,Philadelphia Eagles
47dc7baa254659f3beb2ed2b38c207b6,Philadelphia Eagles @ Chicago Bears,Jalen Hurts,betrivers,BetRivers,pass_tds,Passing touchdowns,over,1.5,123,2.35,0.5178018576,0.0,0.4484304933,0.4186744609,0.4186744609,1.5,7,693.713643116,15.4698142415,Calibration fitted; not prospectively validated,2026-09-26T13:05:12Z,2026-09-29T00:15:00Z,Mon 8:15 PM ET,Chicago Bears,Philadelphia Eagles
47dc7baa254659f3beb2ed2b38c207b6,Philadelphia Eagles @ Chicago Bears,Jalen Hurts,betonlineag,BetOnline.ag,pass_attempts,Passing attempts,over,27.5,-123,30.5679530643,0.5625,0.0,0.5515695067,0.5185070944,0.5175851448,27.5,4,109.3049327354,1.9817073171,Calibration fitted; not prospectively validated,2026-09-26T13:05:52Z,2026-09-29T00:15:00Z,Mon 8:15 PM ET,Chicago Bears,Philadelphia Eagles
47dc7baa254659f3beb2ed2b38c207b6,Philadelphia Eagles @ Chicago Bears,Jalen Hurts,betonlineag,BetOnline.ag,pass_tds,Passing touchdowns,over,1.5,132,2.35,0.5178018576,0.0,0.4310344828,0.4053409633,0.4186744609,1.5,7,867.6737482652,20.1300309598,Calibration fitted; not prospectively validated,2026-09-26T13:05:52Z,2026-09-29T00:15:00Z,Mon 8:15 PM ET,Chicago Bears,Philadelphia Eagles
47dc7baa254659f3beb2ed2b38c207b6,Philadelphia Eagles @ Chicago Bears,Jalen Hurts,betmgm,BetMGM,pass_tds,Passing touchdowns,over,1.5,135,2.35,0.5178018576,0.0,0.4255319149,0.3959708232,0.4186744609,1.5,7,922.6994269152,21.6834365325,Calibration fitted; not prospectively validated,2026-09-26T13:05:12Z,2026-09-29T00:15:00Z,Mon 8:15 PM ET,Chicago Bears,Philadelphia Eagles
47dc7baa254659f3beb2ed2b38c207b6,Philadelphia Eagles @ Chicago Bears,Jalen Hurts,bovada,Bovada,pass_attempts,Passing attempts,over,27.5,-125,30.5679530643,0.5625,0.0,0.5555555556,0.5203045685,0.5175851448,27.5,4,69.4444444444,1.25,Calibration fitted; not prospectively validated,2026-09-26T13:05:54Z,2026-09-29T00:15:00Z,Mon 8:15 PM ET,Chicago Bears,Philadelphia Eagles
47dc7baa254659f3beb2ed2b38c207b6,Philadelphia Eagles @ Chicago Bears,Jalen Hurts,bovada,Bovada,pass_tds,Passing touchdowns,over,1.5,120,2.35,0.5178018576,0.0,0.4545454545,0.4248366013,0.4186744609,1.5,7,632.5640303968,13.9164086687,Calibration fitted; not prospectively validated,2026-09-26T13:05:54Z,2026-09-29T00:15:00Z,Mon 8:15 PM ET,Chicago Bears,Philadelphia Eagles
47dc7baa254659f3beb2ed2b38c207b6,Philadelphia Eagles @ Chicago Bears,Jalen Hurts,fanatics,Fanatics,pass_attempts,Passing attempts,over,27.5,-120,30.5679530643,0.5625,0.0,0.5454545455,0.5101214575,0.5175851448,27.5,4,170.4545454545,3.125,Calibration fitted; not prospectively validated,2026-09-26T13:05:22Z,2026-09-29T00:15:00Z,Mon 8:15 PM ET,Chicago Bears,Philadelphia Eagles
47dc7baa254659f3beb2ed2b38c207b6,Philadelphia Eagles @ Chicago Bears,Jalen Hurts,fanatics,Fanatics,pass_tds,Passing touchdowns,over,1.5,120,2.35,0.5178018576,0.0,0.4545454545,0.4248366013,0.4186744609,1.5,7,632.5640303968,13.9164086687,Calibration fitted; not prospectively validated,2026-09-26T13:05:22Z,2026-09-29T00:15:00Z,Mon 8:15 PM ET,Chicago Bears,Philadelphia Eagles
47dc7baa254659f3beb2ed2b38c207b6,Philadelphia Eagles @ Chicago Bears,Dontayvion Wicks,draftkings,DraftKings,receptions,Receptions,over,3.5,124,3.3542024255,0.4591194969,0.0,0.4464285714,0.4210286755,0.4162434059,3.5,6,126.9092542677,2.8427672956,Calibration fitted; not prospectively validated,2026-09-26T13:05:13Z,2026-09-29T00:15:00Z,Mon 8:15 PM ET,Chicago Bears,Philadelphia Eagles
47dc7baa254659f3beb2ed2b38c207b6,Philadelphia Eagles @ Chicago Bears,Kalif Raymond,draftkings,DraftKings,receptions,Receptions,over,3.5,129,4.1202831605,0.5475728155,0.0,0.4366812227,0.4122268025,0.4069064877,3.5,4,1108.9159282656,25.3941747573,Calibration fitted; not prospectively validated,2026-09-26T13:05:13Z,2026-09-29T00:15:00Z,Mon 8:15 PM ET,Chicago Bears,Philadelphia Eagles
47dc7baa254659f3beb2ed2b38c207b6,Philadelphia Eagles @ Chicago Bears,Makai Lemon,draftkings,DraftKings,receptions,Receptions,over,2.5,-112,3.1952162093,0.5420560748,0.0,0.5283018868,0.4989542374,0.5,2.5,5,137.541879739,2.6034712951,Calibration fitted; not prospectively validated,2026-09-26T13:05:13Z,2026-09-29T00:15:00Z,Mon 8:15 PM ET,Chicago Bears,Philadelphia Eagles
47dc7baa254659f3beb2ed2b38c207b6,Philadelphia Eagles @ Chicago Bears,Rome Odunze,draftkings,DraftKings,receptions,Receptions,over,2.5,105,3.6842568555,0.5475728155,0.0,0.487804878,0.4599960684,0.4652655222,2.5,5,597.679374852,12.2524271845,Calibration fitted; not prospectively validated,2026-09-26T13:05:13Z,2026-09-29T00:15:00Z,Mon 8:15 PM ET,Chicago Bears,Philadelphia Eagles
47dc7baa254659f3beb2ed2b38c207b6,Philadelphia Eagles @ Chicago Bears,D'Andre Swift,draftkings,DraftKings,receptions,Receptions,over,1.5,-128,3.3716836505,0.5789473684,0.0,0.5614035088,0.5289256198,0.5397689509,1.5,4,175.4385964912,3.125,Calibration fitted; not prospectively validated,2026-09-26T13:05:13Z,2026-09-29T00:15:00Z,Mon 8:15 PM ET,Chicago Bears,Philadelphia Eagles
47dc7baa254659f3beb2ed2b38c207b6,Philadelphia Eagles @ Chicago Bears,Saquon Barkley,draftkings,DraftKings,rush_attempts,Rushing attempts,under,17.5,-120,12.3452979528,0.5945945946,0.0,0.5454545455,0.5134353038,0.5051699837,17.5,2,491.4004914005,9.009009009,Calibration fitted; not prospectively validated,2026-09-26T13:05:13Z,2026-09-29T00:15:00Z,Mon 8:15 PM ET,Chicago Bears,Philadelphia Eagles
47dc7baa254659f3beb2ed2b38c207b6,Philadelphia Eagles @ Chicago Bears,Saquon Barkley,draftkings,DraftKings,rush_yds,Rushing yards,under,72.5,-109,48.9492500482,0.5647668394,0.0,0.5215311005,0.4936802191,0.4936802191,72.5,3,432.3573889977,8.2901554404,Calibration fitted; not prospectively validated,2026-09-26T13:05:13Z,2026-09-29T00:15:00Z,Mon 8:15 PM ET,Chicago Bears,Philadelphia Eagles
47dc7baa254659f3beb2ed2b38c207b6,Philadelphia Eagles @ Chicago Bears,DeVonta Smith,fanduel,FanDuel,receptions,Receptions,under,5.5,-108,5.3737076417,0.5408805031,0.0,0.5192307692,0.4858161777,0.5101214575,5.5,5,216.4973391388,4.1695783834,Calibration fitted; not prospectively validated,2026-09-26T13:05:22Z,2026-09-29T00:15:00Z,Mon 8:15 PM ET,Chicago Bears,Philadelphia Eagles
47dc7baa254659f3beb2ed2b38c207b6,Philadelphia Eagles @ Chicago Bears,Rome Odunze,fanduel,FanDuel,receptions,Receptions,over,2.5,-102,3.6842568555,0.5475728155,0.0,0.504950495,0.471842317,0.4652655222,2.5,5,426.2232048448,8.4408909195,Calibration fitted; not prospectively validated,2026-09-26T13:05:22Z,2026-09-29T00:15:00Z,Mon 8:15 PM ET,Chicago Bears,Philadelphia Eagles
47dc7baa254659f3beb2ed2b38c207b6,Philadelphia Eagles @ Chicago Bears,Kalif Raymond,fanduel,FanDuel,receptions,Receptions,over,3.5,134,4.1202831605,0.5475728155,0.0,0.4273504274,0.3993154592,0.4069064877,3.5,4,1202.2238818355,28.132038835,Calibration fitted; not prospectively validated,2026-09-26T13:05:22Z,2026-09-29T00:15:00Z,Mon 8:15 PM ET,Chicago Bears,Philadelphia Eagles
47dc7baa254659f3beb2ed2b38c207b6,Philadelphia Eagles @ Chicago Bears,Dontayvion Wicks,fanduel,FanDuel,receptions,Receptions,over,3.5,128,3.3542024255,0.4591194969,0.0,0.4385964912,0.4095398699,0.4162434059,3.5,6,205.2300562728,4.679245283,Calibration fitted; not prospectively validated,2026-09-26T13:05:22Z,2026-09-29T00:15:00Z,Mon 8:15 PM ET,Chicago Bears,Philadelphia Eagles
47dc7baa254659f3beb2ed2b38c207b6,Philadelphia Eagles @ Chicago Bears,Makai Lemon,fanduel,FanDuel,receptions,Receptions,over,2.5,-114,3.1952162093,0.5420560748,0.0,0.5327102804,0.5,0.5,2.5,5,93.4579439252,1.7543859649,Calibration fitted; not prospectively validated,2026-09-26T13:05:22Z,2026-09-29T00:15:00Z,Mon 8:15 PM ET,Chicago Bears,Philadelphia Eagles
47dc7baa254659f3beb2ed2b38c207b6,Philadelphia Eagles @ Chicago Bears,Saquon Barkley,fanduel,FanDuel,rush_yds,Rushing yards,under,71.5,-114,48.9492500482,0.5647668394,0.0,0.5327102804,0.5,0.4984523318,72.5,2,320.5655900441,6.0176347605,Calibration fitted; not prospectively validated,2026-09-26T13:05:22Z,2026-09-29T00:15:00Z,Mon 8:15 PM ET,Chicago Bears,Philadelphia Eagles
47dc7baa254659f3beb2ed2b38c207b6,Philadelphia Eagles @ Chicago Bears,Saquon Barkley,betrivers,BetRivers,receptions,Receptions,over,2.5,140,1.3831696246,0.4210526316,0.0,0.4166666667,,0.4162738319,2.5,4,43.8596491228,1.0526315789,Calibration fitted; not prospectively validated,2026-09-26T13:05:12Z,2026-09-29T00:15:00Z,Mon 8:15 PM ET,Chicago Bears,Philadelphia Eagles
47dc7baa254659f3beb2ed2b38c207b6,Philadelphia Eagles @ Chicago Bears,Dontayvion Wicks,betrivers,BetRivers,receptions,Receptions,over,3.5,132,3.3542024255,0.4591194969,0.0,0.4310344828,,0.4162434059,3.5,6,280.8501409673,6.5157232704,Calibration fitted; not prospectively validated,2026-09-26T13:05:12Z,2026-09-29T00:15:00Z,Mon 8:15 PM ET,Chicago Bears,Philadelphia Eagles
47dc7baa254659f3beb2ed2b38c207b6,Philadelphia Eagles @ Chicago Bears,Rome Odunze,betrivers,BetRivers,receptions,Receptions,over,2.5,105,3.6842568555,0.5475728155,0.0,0.487804878,,0.4652655222,2.5,5,597.679374852,12.2524271845,Calibration fitted; not prospectively validated,2026-09-26T13:05:12Z,2026-09-29T00:15:00Z,Mon 8:15 PM ET,Chicago Bears,Philadelphia Eagles
47dc7baa254659f3beb2ed2b38c207b6,Philadelphia Eagles @ Chicago Bears,Kalif Raymond,betrivers,BetRivers,receptions,Receptions,over,3.5,130,4.1202831605,0.5475728155,0.0,0.4347826087,,0.4069064877,3.5,4,1127.9020683833,25.9417475728,Calibration fitted; not prospectively validated,2026-09-26T13:05:12Z,2026-09-29T00:15:00Z,Mon 8:15 PM ET,Chicago Bears,Philadelphia Eagles
47dc7baa254659f3beb2ed2b38c207b6,Philadelphia Eagles @ Chicago Bears,Makai Lemon,betrivers,BetRivers,receptions,Receptions,over,2.5,-115,3.1952162093,0.5420560748,0.0,0.5348837209,,0.5,2.5,5,71.7235383612,1.3409183259,Calibration fitted; not prospectively validated,2026-09-26T13:05:12Z,2026-09-29T00:15:00Z,Mon 8:15 PM ET,Chicago Bears,Philadelphia Eagles
47dc7baa254659f3beb2ed2b38c207b6,Philadelphia Eagles @ Chicago Bears,Saquon Barkley,betrivers,BetRivers,rush_yds,Rushing yards,under,72.5,-114,48.9492500482,0.5647668394,0.0,0.5327102804,0.4989820847,0.4936802191,72.5,3,320.5655900441,6.0176347605,Calibration fitted; not prospectively validated,2026-09-26T13:05:12Z,2026-09-29T00:15:00Z,Mon 8:15 PM ET,Chicago Bears,Philadelphia Eagles
47dc7baa254659f3beb2ed2b38c207b6,Philadelphia Eagles @ Chicago Bears,DeVonta Smith,betonlineag,BetOnline.ag,receptions,Receptions,under,5.5,-108,5.3737076417,0.5408805031,0.0,0.5192307692,0.4876847291,0.5101214575,5.5,5,216.4973391388,4.1695783834,Calibration fitted; not prospectively validated,2026-09-26T13:05:52Z,2026-09-29T00:15:00Z,Mon 8:15 PM ET,Chicago Bears,Philadelphia Eagles
47dc7baa254659f3beb2ed2b38c207b6,Philadelphia Eagles @ Chicago Bears,Dontayvion Wicks,betonlineag,BetOnline.ag,receptions,Receptions,over,3.5,126,3.3542024255,0.4591194969,0.0,0.4424778761,0.4159838649,0.4162434059,3.5,6,166.4162074915,3.7610062893,Calibration fitted; not prospectively validated,2026-09-26T13:05:52Z,2026-09-29T00:15:00Z,Mon 8:15 PM ET,Chicago Bears,Philadelphia Eagles
47dc7baa254659f3beb2ed2b38c207b6,Philadelphia Eagles @ Chicago Bears,Kalif Raymond,betonlineag,BetOnline.ag,receptions,Receptions,over,3.5,132,4.1202831605,0.5475728155,0.0,0.4310344828,0.4053409633,0.4069064877,3.5,4,1165.3833277536,27.0368932039,Calibration fitted; not prospectively validated,2026-09-26T13:05:52Z,2026-09-29T00:15:00Z,Mon 8:15 PM ET,Chicago Bears,Philadelphia Eagles
47dc7baa254659f3beb2ed2b38c207b6,Philadelphia Eagles @ Chicago Bears,Makai Lemon,betonlineag,BetOnline.ag,receptions,Receptions,over,2.5,-116,3.1952162093,0.5420560748,0.0,0.537037037,0.5051597457,0.5,2.5,5,50.1903772932,0.9345794393,Calibration fitted; not prospectively validated,2026-09-26T13:05:52Z,2026-09-29T00:15:00Z,Mon 8:15 PM ET,Chicago Bears,Philadelphia Eagles
47dc7baa254659f3beb2ed2b38c207b6,Philadelphia Eagles @ Chicago Bears,Rome Odunze,betonlineag,BetOnline.ag,receptions,Receptions,over,2.5,102,3.6842568555,0.5475728155,0.0,0.495049505,0.4652655222,0.4652655222,2.5,5,525.2331058349,10.6097087379,Calibration fitted; not prospectively validated,2026-09-26T13:05:52Z,2026-09-29T00:15:00Z,Mon 8:15 PM ET,Chicago Bears,Philadelphia Eagles
47dc7baa254659f3beb2ed2b38c207b6,Philadelphia Eagles @ Chicago Bears,Saquon Barkley,betonlineag,BetOnline.ag,rush_attempts,Rushing attempts,under,17.5,-112,12.3452979528,0.5945945946,0.0,0.5283018868,0.4969046636,0.5051699837,17.5,2,662.9270780214,12.5482625483,Calibration fitted; not prospectively validated,2026-09-26T13:05:52Z,2026-09-29T00:15:00Z,Mon 8:15 PM ET,Chicago Bears,Philadelphia Eagles
47dc7baa254659f3beb2ed2b38c207b6,Philadelphia Eagles @ Chicago Bears,Saquon Barkley,betonlineag,BetOnline.ag,rush_yds,Rushing yards,under,71.5,-112,48.9492500482,0.5647668394,0.0,0.5283018868,0.4969046636,0.4984523318,72.5,2,364.6495258579,6.9022945966,Calibration fitted; not prospectively validated,2026-09-26T13:05:52Z,2026-09-29T00:15:00Z,Mon 8:15 PM ET,Chicago Bears,Philadelphia Eagles
47dc7baa254659f3beb2ed2b38c207b6,Philadelphia Eagles @ Chicago Bears,Dontayvion Wicks,betmgm,BetMGM,receptions,Receptions,over,3.5,120,3.3542024255,0.4591194969,0.0,0.4545454545,0.4248366013,0.4162434059,3.5,6,45.7404230989,1.0062893082,Calibration fitted; not prospectively validated,2026-09-26T13:05:12Z,2026-09-29T00:15:00Z,Mon 8:15 PM ET,Chicago Bears,Philadelphia Eagles
47dc7baa254659f3beb2ed2b38c207b6,Philadelphia Eagles @ Chicago Bears,Rome Odunze,betmgm,BetMGM,receptions,Receptions,over,2.5,-105,3.6842568555,0.5475728155,0.0,0.512195122,0.4796954315,0.4652655222,2.5,5,353.7769358276,6.907073509,Calibration fitted; not prospectively validated,2026-09-26T13:05:12Z,2026-09-29T00:15:00Z,Mon 8:15 PM ET,Chicago Bears,Philadelphia Eagles
47dc7baa254659f3beb2ed2b38c207b6,Philadelphia Eagles @ Chicago Bears,Kalif Raymond,betmgm,BetMGM,receptions,Receptions,under,2.5,125,4.1202831605,0.4524271845,0.0,0.4444444444,0.416502947,0.416502947,3.5,1,79.8274002158,1.7961165049,Calibration fitted; not prospectively validated,2026-09-26T13:05:12Z,2026-09-29T00:15:00Z,Mon 8:15 PM ET,Chicago Bears,Philadelphia Eagles
47dc7baa254659f3beb2ed2b38c207b6,Philadelphia Eagles @ Chicago Bears,D'Andre Swift,bovada,Bovada,receptions,Receptions,over,1.5,-130,3.3716836505,0.5789473684,0.0,0.5652173913,0.5306122449,0.5397689509,1.5,4,137.299771167,2.4291497976,Calibration fitted; not prospectively validated,2026-09-26T13:05:54Z,2026-09-29T00:15:00Z,Mon 8:15 PM ET,Chicago Bears,Philadelphia Eagles
47dc7baa254659f3beb2ed2b38c207b6,Philadelphia Eagles @ Chicago Bears,Dontayvion Wicks,bovada,Bovada,receptions,Receptions,over,3.5,125,3.3542024255,0.4591194969,0.0,0.4444444444,0.416502947,0.4162434059,3.5,6,146.750524109,3.3018867925,Calibration fitted; not prospectively validated,2026-09-26T13:05:54Z,2026-09-29T00:15:00Z,Mon 8:15 PM ET,Chicago Bears,Philadelphia Eagles
47dc7baa254659f3beb2ed2b38c207b6,Philadelphia Eagles @ Chicago Bears,Kalif Raymond,bovada,Bovada,receptions,Receptions,over,3.5,130,4.1202831605,0.5475728155,0.0,0.4347826087,0.4084720121,0.4069064877,3.5,4,1127.9020683833,25.9417475728,Calibration fitted; not prospectively validated,2026-09-26T13:05:54Z,2026-09-29T00:15:00Z,Mon 8:15 PM ET,Chicago Bears,Philadelphia Eagles
47dc7baa254659f3beb2ed2b38c207b6,Philadelphia Eagles @ Chicago Bears,Makai Lemon,bovada,Bovada,receptions,Receptions,over,2.5,-115,3.1952162093,0.5420560748,0.0,0.5348837209,0.5,0.5,2.5,5,71.7235383612,1.3409183259,Calibration fitted; not prospectively validated,2026-09-26T13:05:54Z,2026-09-29T00:15:00Z,Mon 8:15 PM ET,Chicago Bears,Philadelphia Eagles
47dc7baa254659f3beb2ed2b38c207b6,Philadelphia Eagles @ Chicago Bears,Rome Odunze,bovada,Bovada,receptions,Receptions,over,2.5,105,3.6842568555,0.5475728155,0.0,0.487804878,0.4592085979,0.4652655222,2.5,5,597.679374852,12.2524271845,Calibration fitted; not prospectively validated,2026-09-26T13:05:54Z,2026-09-29T00:15:00Z,Mon 8:15 PM ET,Chicago Bears,Philadelphia Eagles
47dc7baa254659f3beb2ed2b38c207b6,Philadelphia Eagles @ Chicago Bears,Saquon Barkley,bovada,Bovada,rush_attempts,Rushing attempts,under,16.5,-115,12.3452979528,0.5526315789,0.0,0.5348837209,0.5,0.5,17.5,1,177.4785801714,3.3180778032,Calibration fitted; not prospectively validated,2026-09-26T13:05:54Z,2026-09-29T00:15:00Z,Mon 8:15 PM ET,Chicago Bears,Philadelphia Eagles
47dc7baa254659f3beb2ed2b38c207b6,Philadelphia Eagles @ Chicago Bears,Saquon Barkley,bovada,Bovada,rush_yds,Rushing yards,under,72.5,-110,48.9492500482,0.5647668394,0.0,0.5238095238,0.4898785425,0.4936802191,72.5,3,409.5731556871,7.8191238813,Calibration fitted; not prospectively validated,2026-09-26T13:05:54Z,2026-09-29T00:15:00Z,Mon 8:15 PM ET,Chicago Bears,Philadelphia Eagles
47dc7baa254659f3beb2ed2b38c207b6,Philadelphia Eagles @ Chicago Bears,Dontayvion Wicks,fanatics,Fanatics,receptions,Receptions,over,3.5,135,3.3542024255,0.4591194969,0.0,0.4255319149,0.3959708232,0.4162434059,3.5,6,335.8758196173,7.893081761,Calibration fitted; not prospectively validated,2026-09-26T13:05:22Z,2026-09-29T00:15:00Z,Mon 8:15 PM ET,Chicago Bears,Philadelphia Eagles
